subject	relation	relation_category	object	article_number	confidence	concepts	created_at
이 법	도모하고	ACTION	보험업을 경영하는 자의 건전한 경영	제1조	0.95	건전한 경영|보험업 경영자	2026-04-27
이 법	보호함	ACTION	보험계약자, 피보험자, 그 밖의 이해관계인의 권익	제1조	0.95	권익 보호|보험계약자|피보험자|이해관계인	2026-04-27
이 법	기여함	ACTION	보험업의 건전한 육성	제1조	0.95	보험업 육성|건전한 육성	2026-04-27
이 법	기여함	ACTION	국민경제의 균형 있는 발전	제1조	0.95	국민경제 균형 발전	2026-04-27
목적	정의함	LOGICAL	보험업의 건전한 육성과 국민경제의 균형 발전에 기여함	제1조	0.95	목적|건전한 육성|균형 발전	2026-04-27
보험상품	정의함	LOGICAL	위험보장을 목적으로 우연한 사건 발생에 관하여 금전 및 그 밖의 급여를 지급할 것을 약정하고 대가를 수수하는 계약	제2조	0.98	보험상품|정의	2026-04-27
생명보험상품	정의함	LOGICAL	위험보장을 목적으로 사람의 생존 또는 사망에 관하여 약정한 금전 및 그 밖의 급여를 지급할 것을 약속하고 대가를 수수하는 계약	제2조	0.97	생명보험상품|정의	2026-04-27
손해보험상품	정의함	LOGICAL	위험보장을 목적으로 우연한 사건(다목에 따른 질병ㆍ상해 및 간병은 제외한다)으로 발생하는 손해에 관하여 금전 및 그 밖의 급여를 지급할 것을 약속하고 대가를 수수하는 계약	제2조	0.97	손해보험상품|정의	2026-04-27
제3보험상품	정의함	LOGICAL	위험보장을 목적으로 사람의 질병ㆍ상해 또는 이에 따른 간병에 관하여 금전 및 그 밖의 급여를 지급할 것을 약속하고 대가를 수수하는 계약	제2조	0.97	제3보험상품|정의	2026-04-27
보험업	정의함	LOGICAL	보험상품의 취급과 관련하여 발생하는 보험의 인수, 보험료 수수 및 보험금 지급 등을 영업으로 하는 것	제2조	0.96	보험업|정의	2026-04-27
생명보험업	정의함	LOGICAL	생명보험상품의 취급과 관련하여 발생하는 보험의 인수, 보험료 수수 및 보험금 지급 등을 영업으로 하는 것	제2조	0.96	생명보험업|정의	2026-04-27
손해보험업	정의함	LOGICAL	손해보험상품의 취급과 관련하여 발생하는 보험의 인수, 보험료 수수 및 보험금 지급 등을 영업으로 하는 것	제2조	0.96	손해보험업|정의	2026-04-27
제3보험업	정의함	LOGICAL	제3보험상품의 취급과 관련하여 발생하는 보험의 인수, 보험료 수수 및 보험금 지급 등을 영업으로 하는 것	제2조	0.96	제3보험업|정의	2026-04-27
보험업을 경영하는 자	정의함	LOGICAL	제4조에 따른 허가를 받아 보험업을 경영하는 자	Unknown	0.95	정의|보험업을 경영하는 자	2026-04-27
상호회사	정의함	LOGICAL	보험업을 경영할 목적으로 이 법에 따라 설립된 회사로서 보험계약자를 사원(社員)으로 하는 회사	Unknown	0.95	정의|상호회사	2026-04-27
외국보험회사	정의함	LOGICAL	대한민국 이외의 국가의 법령에 따라 설립되어 대한민국 이외의 국가에서 보험업을 경영하는 자	Unknown	0.95	정의|외국보험회사	2026-04-27
보험설계사	정의함	LOGICAL	보험회사ㆍ보험대리점 또는 보험중개사에 소속되어 보험계약의 체결을 중개하는 자[법인이 아닌 사단(社團)과 재단을 포함한다]	Unknown	0.95	정의|보험설계사	2026-04-27
보험대리점	정의함	LOGICAL	등록된 자	제84조	0.95	등록된 자|제84조에 따라 등록된 자	2026-04-27
보험대리점	정의함	LOGICAL	보험회사를 위하여 보험계약의 체결을 대리하는 자(법인이 아닌 사단과 재단을 포함한다)	제84조	0.95	보험회사를 위하여 보험계약의 체결을 대리하는 자|법인이 아닌 사단과 재단을 포함한다	2026-04-27
보험대리점	근거함	STRUCTURE	제84조	제84조	0.9	제84조에 따라 등록된 자	2026-04-27
보험중개사	참조함	STRUCTURE	제87조	제11조	0.95	제87조	2026-04-27
보험중개사	정의함	LOGICAL	등록된 자	제11조	0.9	등록된 자	2026-04-27
보험중개사	정의함	LOGICAL	독립적으로 보험계약의 체결을 중개하는 자(법인이 아닌 사단과 재단을 포함한다)	제11조	0.9	독립적으로 보험계약의 체결을 중개하는 자|법인이 아닌 사단과 재단	2026-04-27
등록된 자	정의함	LOGICAL	제89조에 따라 등록된 자	Unknown	0.95	정의|등록된 자|제89조	2026-04-27
모집	정의함	LOGICAL	보험계약의 체결을 중개하거나 대리하는 것	Unknown	0.95	정의|모집|보험계약|중개|대리	2026-04-27
신용공여	정의함	LOGICAL	대출 또는 유가증권의 매입(자금 지원적 성격인 것만 해당)이나 그 밖에 금융거래상의 신용위험이 따르는 보험회사의 직접적·간접적 거래	Unknown	0.9	정의|신용공여|대출|유가증권|신용위험	2026-04-27
총자산	정의함	LOGICAL	재무상태표에 표시된 자산에서 영업권 등 대통령령으로 정하는 자산을 제외한 것	Unknown	0.9	정의|총자산|재무상태표|영업권	2026-04-27
자기자본	정의함	LOGICAL	납입자본금·자본잉여금·이익잉여금 등(자본조정 제외)으로서 대통령령으로 정하는 항목의 합계액에서 영업권·그 밖에 대통령령으로 정하는 항목의 합계액을 뺀 것	Unknown	0.9	정의|자기자본|납입자본금|자본잉여금|이익잉여금	2026-04-27
동일차주	정의함	LOGICAL	동일한 개인 또는 법인 및 이와 신용위험을 공유하는 자	Unknown	0.9	정의|동일차주|개인|법인|신용위험	2026-04-27
대주주	정의함	LOGICAL	금융회사의 지배구조에 관한 법률에 정의된 대주주	Unknown	0.85	정의|대주주|금융회사의 지배구조에 관한 법률	2026-04-27
주주	정의함	LOGICAL	주주	제2조제6호	0.95	주주 정의	2026-04-27
주주	참조함	STRUCTURE	제2조제6호	제2조제6호	0.9	제2조제6호 참조	2026-04-27
인물	금지함	ACTION	보험계약 체결	제3조	0.95	보험계약 체결|금지	2026-04-27
인물	금지함	ACTION	보험계약 중개	제3조	0.95	보험계약 중개|금지	2026-04-27
인물	금지함	ACTION	보험계약 대리	제3조	0.95	보험계약 대리|금지	2026-04-27
대 통령령으로 정하는 경우	예외로함	LOGICAL	인물	제3조	0.9	대 통령령|예외	2026-04-27
보험업을 경영하려는 자	허가를 받아야 한다	ACTION	금융위원회의 허가	제4조	0.95	보험업을 경영하려는 자|금융위원회의 허가|보험종목별	2026-04-27
제1항에 따른 허가를 받은 자	간주함	LOGICAL	해당 보험종목의 재보험에 대한 허가	제4조	0.9	제1항에 따른 허가를 받은 자|재보험에 대한 허가|해당 보험종목	2026-04-27
제1항에 따른 허가를 받은 자	본다	LOGICAL	제3보험업에 해당하는 보험종목에 대한 허가를 받은 자	제9조제2항제 2호	0.9	허가|제3보험업|생명보험업|손해보험업	2026-04-27
제1항에 따른 허가를 받은 자	본다	LOGICAL	해당 생명보험업 또는 손해보험업의 종목으로 신설되는 보험종목에 대한 허가를 받은 자	제9조제2항제 2호	0.85	허가|신설되는 보험종목|생명보험업|손해보험업|경제질서의 건전성	2026-04-27
보험업자	허용함	ACTION	보험종목	제10조	0.9	제10조제3호|보험종목	2026-04-27
보험업의 허가를 받을 수 있는 자	제한함	ACTION	주식회사, 상호회사 및 외국보험회사	제10조	0.9	제10조제3호|허가를 받을 수 있는 자|주식회사|상호회사|외국보험회사	2026-04-27
외국보험회사의 국내지점	간주함	LOGICAL	보험회사	제10조	0.9	외국보험회사국내지점|보험회사	2026-04-27
금융위원회	조건을 붙일 수 있다	ACTION	제1항에 따른 허가	제10조	0.9	금융위원회|제1항에 따른 허가	2026-04-27
조건이 붙은 보험업 허가를 받은 자	신청할 수 있다	ACTION	금융위원회에 그 조건의 취소 또는 변경	제10조	0.9	조건이 붙은 보험업 허가를 받은 자|금융위원회|조건의 취소 또는 변경	2026-04-27
금융위원회	결정함	ACTION	조건의 취소 또는 변경 여부	제10조	0.9	금융위원회|조건의 취소 또는 변경 여부	2026-04-27
금융위원회	알려야 한다	ACTION	결과를 신청인에게 문서로	제10조	0.9	금융위원회|결과|신청인	2026-04-27
허가신청서 제출	요구함	ACTION	허가신청서	제5조	0.95	허가신청서 제출|허가신청서	2026-04-27
허가를 받으려는 자	제출하여야 한다	ACTION	서류	제4조제1항	0.95	허가 신청 서류|제출	2026-04-27
허가를 받으려는 자	제출하지 아니할 수 있다	ACTION	제1호의 서류	제4조제1항	0.9	제1호 서류|제출 예외	2026-04-27
허가를 받으려는 자	제4조제1항에 따라	STRUCTURE	제출해야 한다	제4조제1항	0.9	제4조제1항|제출	2026-04-27
보험업의 허가를 받으려는 자	갖추다	ACTION	요건	제6조	0.95	허가 요건|갖추다	2026-04-27
외국보험회사 및 제3항에 따라 보험종목을 추가하려는 보험회사	제외함	STRUCTURE	허가 요건 적용 대상	제6조	0.9	제외|허가 요건 적용 대상 제외	2026-04-27
보험업자	요구함	ACTION	자본금 또는 기금 보유	제9조제1항 및 제2항	0.95	자본금|기금	2026-04-27
보험업자	요구함	ACTION	전문 인력과 전산설비 등 물적 시설을 충분히 갖추고 있을 것	제9조제1항 및 제2항	0.9	전문 인력|전산설비|물적 시설	2026-04-27
보험업자	요구함	ACTION	사업계획이 타당하고 건전할 것	제9조제1항 및 제2항	0.9	사업계획|타당|건전	2026-04-27
위탁한 업무와 관련된 전문 인력과 물적 시설	정의함	LOGICAL	위탁한 업무와 관련된 전문 인력과 물적 시설을 갖춘 것으로 본다	제9조제1항 및 제2항	0.85	위탁|전문 인력|물적 시설	2026-04-27
자본금 또는 기금 보유	정의함	LOGICAL	보험업자가 보유해야 함	제9조제1항 및 제2항	0.9	자본금|기금	2026-04-27
외국보험회사	요구함	ACTION	충분한 출자능력	제5조제1항	0.95	허가 요건|출자능력	2026-04-27
외국보험회사	요구함	ACTION	건전한 재무상태	제5조제1항	0.95	허가 요건|재무상태	2026-04-27
외국보험회사	요구함	ACTION	건전한 경제질서를 해친 사실이 없을 것	제5조제1항	0.9	허가 요건|경제질서	2026-04-27
제5조제1항	정의함	LOGICAL	허가 요건	제5조제1항	0.9	허가 요건	2026-04-27
보험회사는	보유할 것	ACTION	제9조제3항에 따른 영업기금	Unknown	0.95	영업기금|제9조제3항	2026-04-27
보험회사는	경영하고 있을 것	ACTION	외국 법령에 따라 경영	Unknown	0.9	외국 법령|경영	2026-04-27
보험회사는	갖출 것	ACTION	자산상황ㆍ재무건전성 및 영업건전성	Unknown	0.9	자산상황|재무건전성|영업건전성	2026-04-27
보험회사는	갖출 것	ACTION	제1항제2호 및 제3호의 요건	Unknown	0.9	제1항제2호|제3호|요건	2026-04-27
보험종목을 추가하여 허가를 받으려는 보험회사는	갖추어야 한다	ACTION	각 호의 요건	Unknown	0.9	보험종목|허가|요건	2026-04-27
보험회사는	충족할 것	ACTION	제1항 또는 제2항의 요건	Unknown	0.9	제1항|제2항|요건	2026-04-27
보험회사는	갖출 것	ACTION	대통령령으로 정하는 건전한 재무상태와 사회적 신용	Unknown	0.9	대통령령|건전한 재무상태|사회적 신용	2026-04-27
보험회사는	유지하여야 한다	ACTION	제1항제2호의 요건	Unknown	0.9	제1항제2호|요건|유지	2026-04-27
보험회사는	예외로함	LOGICAL	대통령령으로 정하는 경우로서 금융위원회의 승인을 받은 경우	Unknown	0.85	대통령령|금융위원회 승인|예외	2026-04-27
필요한 사항	정한다	STRUCTURE	대통령령	Unknown	0.9	필요한 사항|대통령령	2026-04-28
예비허가	정의함	LOGICAL	예비허가	제7조	0.5	예비허가	2026-04-27
금융위원회	심사	ACTION	예비허가 여부	제4조	0.95	심사|예비허가 여부	2026-04-27
금융위원회	통지하여야 한다	ACTION	예비허가 여부	제4조	0.95	통지|예비허가 여부	2026-04-27
금융위원회	조건을 붙일 수 있다	ACTION	예비허가	제4조	0.95	조건을 붙일 수 있다|예비허가	2026-04-27
금융위원회	허가하여야 한다	ACTION	본허가	제4조	0.95	허가|본허가	2026-04-27
총리령	정한다	STRUCTURE	예비허가의 기준 및 필요한 사항	제4조	0.9	정한다|총리령|예비허가 기준	2026-04-27
총리령	연장할 수 있다	ACTION	심사 기간	제4조	0.9	연장|심사 기간	2026-04-27
신청자	신청할 수 있다	ACTION	예비허가	제4조	0.9	신청|예비허가	2026-04-27
보험회사	요구함	ACTION	주로 경영하는 보험업의 종류 표시	제8조	0.95	상호 또는 명칭|보험업 종류 표시	2026-04-27
보험회사가 아닌 자	금지함	ACTION	보험회사임을 표시하는 글자 포함	제8조	0.95	상호 또는 명칭|보험회사임을 표시하는 글자	2026-04-27
상호 또는 명칭	정의함	LOGICAL	보험업 종류 표시를 포함	제8조	0.9	상호 또는 명칭|보험업 종류 표시	2026-04-27
보험회사	요구함	ACTION	자본금 또는 기금	제9조	0.95	자본금 또는 기금|300억원 이상의	2026-04-27
보험회사	금지함	ACTION	생명보험업과 손해보험업을 겸영	제10조	0.99	보험업 겸영 제한|생명보험업|손해보험업	2026-04-27
보험회사	예외로함	LOGICAL	생명보험의 재보험 및 제3보험의 재보험	제10조	0.95	재보험|제3보험	2026-04-27
보험회사	예외로함	LOGICAL	대통령령으로 정하는 보험종목	제10조	0.95	대통령령|보험종목	2026-04-27
보험회사	예외로함	LOGICAL	대통령령으로 정하는 기준에 따라 제3보험의 보험종목에 부가되는 보험	제10조	0.95	대통령령|제3보험|부가보험	2026-04-27
경영건전성을 해치지 않는 금융업무	정의함	LOGICAL	대통령령으로 정하는 금융 관련 법령에서 정하고 있는 금융업무로서 해당 법령에서 보험회사가 할 수 있도록 한 업무	11	0.95	경영건전성을 해치지 않는 금융업무|제1호	2026-04-27
경영건전성을 해치지 않는 금융업무	정의함	LOGICAL	대통령령으로 정하는 금융업으로서 해당 법령에 따라 인가ㆍ허가ㆍ등록 등이 필요한 금융업무	11	0.95	경영건전성을 해치지 않는 금융업무|제2호	2026-04-27
경영건전성을 해치지 않는 금융업무	정의함	LOGICAL	그 밖에 보험회사의 경영건전성을 해치거나 보험계약자 보호 및 건전한 거래질서를 해칠 우려가 없다고 인정되는 금융업무로서 대통령령으로 정하는 금융업무	11	0.95	경영건전성을 해치지 않는 금융업무|제3호	2026-04-27
보험회사	허용함	ACTION	대통령령으로 정하는 금융 관련 법령에서 정하고 있는 금융업무로서 해당 법령에서 보험회사가 할 수 있도록 한 업무	11	0.95	보험회사|경영건전성을 해치지 않는 금융업무|제1호	2026-04-27
보험회사	허용함	ACTION	대통령령으로 정하는 금융업으로서 해당 법령에 따라 인가ㆍ허가ㆍ등록 등이 필요한 금융업무	11	0.95	보험회사|경영건전성을 해치지 않는 금융업무|제2호	2026-04-27
보험회사	허용함	ACTION	그 밖에 보험회사의 경영건전성을 해치거나 보험계약자 보호 및 건전한 거래질서를 해칠 우려가 없다고 인정되는 금융업무로서 대통령령으로 정하는 금융업무	11	0.95	보험회사|경영건전성을 해치지 않는 금융업무|제3호	2026-04-27
보험회사	요구함	ACTION	금융위원회에 신고	11	0.95	보험회사|제1호|제3호|금융위원회에 신고	2026-04-27
보험회사	요구함	ACTION	금융위원회에 부수업무를 7일 전까지 신고	11조의2	0.95	부수업무|신고|7일 전	2026-04-27
보험회사	허용함	ACTION	다른 보험회사의 부수업무와 같은 부수업무를 신고 없이 수행	11조의2	0.92	부수업무|신고|제5항|제3항 제한명령/시정명령 제외	2026-04-27
금융위원회	승인함	ACTION	제1항에 따른 신고를 수리	11조의2	0.94	신고|검토|수리	2026-04-27
금융위원회	제한하거나 시정할 것을 명할 수 있다	ACTION	부수업무	11조의2	0.93	경영건전성 해침|보험계약자 보호 지장|금융시장 안정성 해침	2026-04-27
제3항에 따른 제한명령 또는 시정명령	요구함	ACTION	문서로 구체적으로 적힌 내용 및 사유	11조의2	0.9	제3항|제한명령|시정명령|문서	2026-04-27
금융위원회	공고함	ACTION	제1항에 따라 신고받은 부수업무 및 제3항에 따라 제한명령/시정명령을 한 부수업무	11조의2	0.92	공고|인터넷 홈페이지|대통령령	2026-04-27
제11조의2	상위조항	STRUCTURE	제11조	11조의2	0.88	부수업무	2026-04-27
회계처리	정의함	LOGICAL	겸영업무 및 부수업무의 회계처리	제11조의3	0.85	회계처리|겸영업무|부수업무	2026-04-27
보험회사	허용함	ACTION	경영건전성 해치지 않는 금융업무	제11조	0.6	경영건전성|금융업무	2026-04-27
다른 금융업 또는 부수업무	요구함	ACTION	회계처리	제11조의2	0.95	다른 금융업 또는 부수업무|회계처리|보험업과 구분	2026-04-27
외국보험회사등	설치할 수 있다	ACTION	국내사무소	제12조	0.95	설치|국내사무소	2026-04-27
외국보험회사등	신고해야 한다	ACTION	금융위원회에 신고	제12조	0.95	신고|30일 이내	2026-04-27
국내사무소	할 수 없다	ACTION	보험업을 경영하는 행위	제12조	0.95	경영|보험업	2026-04-27
국내사무소	할 수 없다	ACTION	보험계약의 체결을 중개하거나 대리하는 행위	제12조	0.95	중개|대리|보험계약	2026-04-27
국내사무소	할 수 없다	ACTION	국내 관련 법령에 저촉되는 방법에 의하여 보험시장의 조사 및 정보의 수집을 하는 행위	제12조	0.95	조사|정보수집|법령저촉	2026-04-27
국내사무소	할 수 없다	ACTION	그 밖에 국내사무소의 설치 목적에 위반되는 행위	제12조	0.95	위반|설치목적	2026-04-27
제13조	삭제함	STRUCTURE	삭제됨	13	1.0	삭제	2026-04-27
삭제	정의함	LOGICAL	제14조	제14조	0.9	삭제|제14조	2026-04-27
제15조	삭제함	STRUCTURE	삭제됨	제15조	0.95	삭제|제15조	2026-04-27
삭제	정의함	LOGICAL	제16조가 삭제되었다	제16조	0.95	삭제|제16조 삭제	2026-04-27
삭제	정의함	LOGICAL	제17조	제17조	0.9	삭제|제17조	2026-04-27
보험회사인 주식회사	공고해야 한다	ACTION	결의의 요지와 재무상태표	제18조	0.95	자본감소|공고|2주 이내	2026-04-27
보험회사인 주식회사	승인을 받아야 한다	ACTION	금융위원회	제18조	0.95	자본감소|승인|대통령령	2026-04-27
자본감소	정의함	LOGICAL	자본감소 절차 및 요건	제18조	0.85	자본감소|정의	2026-04-27
제141조제2항ㆍ제3항	참조함	STRUCTURE	제141조	141조제2항ㆍ제3항	0.6	제141조제2항ㆍ제3항|제141조	2026-04-27
Unknown	참조함	STRUCTURE	제149조	Unknown	0.5	제149조	2026-04-27
제151조제3항	준용함	ACTION	제151조제3항	제151조제3항	0.9	준용	2026-04-27
삭제	정의함	LOGICAL	제19조	제19조	0.95	삭제|제19조	2026-04-27
주식회사	허용함	ACTION	상호회사	제20조	0.95	조직 변경|주식회사의 조직 변경|상호회사	2026-04-27
조직 변경	정의함	LOGICAL	주식회사는 그 조직을 변경하여 상호회사로 할 수 있다.	제20조	0.9	조직 변경|주식회사의 조직 변경|상호회사	2026-04-27
기금의 총액	예외로함	LOGICAL	300억원 미만	제9조	0.9	총액|300억원 미만	2026-04-27
기금의 총액	예외로함	LOGICAL	설정하지 않음	제9조	0.9	총액|설정하지 않음	2026-04-27
금융위원회	요구함	ACTION	준비금에 적립	제9조	0.95	적립|손실 보전	2026-04-27
금융위원회	권한을가짐	ACTION	손실 보전 충당을 위한 금액 결정	제9조	0.85	권한|손실 보전|금액 결정	2026-04-27
손실 보전	간주함	LOGICAL	필요 금액	제9조	0.8	손실 보전|필요 금액	2026-04-27
주식회사의 조직 변경	요구함	ACTION	주주총회의 결의	제21조	0.95	조직 변경|주주총회 결의	2026-04-27
제1항의 결의	준용함	STRUCTURE	상법	제21조	0.9	제1항 결의|상법	2026-04-27
제434조	참조함	STRUCTURE	제434조	제434조	0.9	제434조에 따른다|참조	2026-04-27
주식회사가 조직 변경을 결의한 경우	요구함	ACTION	결의 의 요지와 재무상태표를 공고	제22조	0.95	주식회사|조직 변경|결의|공고	2026-04-27
주식회사가 조직 변경을 결의한 경우	요구함	ACTION	질권자에게 개별적으로 알려야 한다	제22조	0.95	주식회사|조직 변경|결의|통지|질권자	2026-04-27
제141조제2항ㆍ제3항	참조함	STRUCTURE	상법	제141조제2항ㆍ제3항	0.95	제141조제2항ㆍ제3항|상법	2026-04-27
준용	준용함	ACTION	제232조	232	0.95	준용|제232조	2026-04-27
보험계약	정의함	LOGICAL	조직 변경 결의 공고 후의 보험계약	제23조	0.7	조직 변경 결의 공고 후의 보험계약	2026-04-27
보험계약자가 될 자	알리다	ACTION	조직 변경 절차가 진행 중임을 알림	제22조제1항	0.95	조직 변경 절차	2026-04-27
보험계약자가 될 자	요구함	ACTION	승낙을 받는다	제22조제1항	0.95	승낙	2026-04-27
제1항에 따른 승낙을 한 보험계약자	간주함	LOGICAL	조직 변경 절차를 진행하는 중에는 보험계약자가 아닌 자	제22조제1항	0.95	승낙|조직 변경 절차|보험계약자	2026-04-27
보험계약자	소집함	ACTION	총회	24	0.6	소집|총회	2026-04-27
공고	참조함	STRUCTURE	제22조제1항	22	0.9	공고|제22조제1항	2026-04-27
보험계약자	제출	ACTION	이의	제141조제2항	0.95	보험계약자 수와 보험금|제141조제2항에서 규정하는 기간	2026-04-27
보험계약자 수와 보험금	정의함	LOGICAL	제141조제2항에서 규정하는 기간에 이의를 제출한 보험계약자 수와 그 보험금	제141조제2항	0.85	보험계약자 수와 보험금|제141조제2항	2026-04-27
비율	정의함	LOGICAL	제141조제3항	제141조제3항	0.95	비율	2026-04-27
이사	준용함	STRUCTURE	상법	제141조제3항	0.9	비율|초과하지 않다	2026-04-27
보험계약자	요구함	ACTION	총회	232	0.95	보험계약자 총회 소집|7일 이내|소집	2026-04-27
제1항	준용함	STRUCTURE	상법	232	0.9	제1항|상법	2026-04-27
제353조 준용	준용함	ACTION	제353조	제353조	0.95	제353조 준용	2026-04-27
주식회사는	정할 수 있다	ACTION	보험계약자 총회를 갈음하는 기관에 관한 사항	제25조	0.95	조직 변경|정할 수 있다	2026-04-27
제1항에 따른 기관	준용한다	STRUCTURE	보험계약자 총회에 관한 규정	제25조	0.95	제1항에 따른 기관|준용	2026-04-27
제1항에 따른 기관	정한 경우에는 그 기관의 구성방법을 정한다	ACTION	그 기관의 구성방법	제25조	0.85	정한 경우|구성방법	2026-04-27
공고의 내용	포함 하여야 한다	ACTION	제22조제1항에 따른 내용	제22조제1항	0.9	공고의 내용|제22조제1항에 따른 내용	2026-04-27
공고의 내용	참조함	STRUCTURE	제22조제1항	제22조제1항	0.95	공고의 내용|제22조제1항	2026-04-27
보험계약자 총회	요구함	ACTION	결의방법	제26조	0.95	결의방법|과반수|4분의 3 이상의 찬성	2026-04-27
결의방법	정의함	LOGICAL	보험계약자 과반수의 출석과 그 의결권의 4분의 3 이상의 찬성으로	제26조	0.9	결의방법|과반수|4분의 3 이상의 찬성	2026-04-27
제55조	참조함	STRUCTURE	상법	제55조	0.95	제55조|상법	2026-04-27
제363조	참조함	STRUCTURE	제2조	제363조제1항ㆍ제2항	0.4	제2조 정의|보험상품	2026-04-27
제368조제3항ㆍ제4항	참조함	STRUCTURE	제368조	제368조제3항ㆍ제4항	0.6	제368조제3항ㆍ제4항|제368조	2026-04-27
제371조제2항	상위조항	STRUCTURE	제371조	제371조제2항	0.9	제371조제2항|제371조	2026-04-28
제372조	상위조항	STRUCTURE	제371조	제372조	0.4	제371조	2026-04-27
제373조	참조함	STRUCTURE	제373조 및	373	0.0	제373조|제373조 및	2026-04-27
Unknown	정의함	LOGICAL	제376조	376	0.6	정의|제376조	2026-04-27
법령	준용함	LOGICAL	제381조까지의 규정	381	0.95	규정 준용|제381조까지의 규정	2026-04-27
이사	요구함	ACTION	보험계약자 총회에 보고	제27조	0.95	보고|조직 변경에 관한 사항	2026-04-27
보험계약자 총회	결의하여야 한다	ACTION	정관의 변경이나 그 밖에 상호회사의 조직에 필요한 사항	제28조	0.95	결의|정관의 변경|조직에 필요한 사항	2026-04-27
주식회사	요구함	ACTION	주주총회의 동의	21	0.95	결의 변경|주주총회의 동의	2026-04-27
결의	정의함	LOGICAL	제1항의 결의	21	0.85	결의 변경|제1항의 결의	2026-04-27
준용	준용함	ACTION	제21조 제2항	제21조	0.95	준용|제21조 제2항	2026-04-27
제1항의 결의	참조함	STRUCTURE	상법	제21조	0.9	제1항의 결의|상법	2026-04-27
준용	준용함	ACTION	제316조제2항	제316조제2항	0.95	준용|제316조제2항	2026-04-27
주식회사	요구함	ACTION	해산의 등기	29	0.95	등기|해산|2주일 이내|주된 사무소 소재지	2026-04-27
등기	요구함	ACTION	제40조제2항에 따른 등기	제40조제2항	0.95	등기|제40조제2항에 따른 등기	2026-04-27
등기의 신청서	요구함	ACTION	정관과 다음 각 호의 사항이 적힌 서류	제40조제2항	0.9	등기의 신청서|정관|서류	2026-04-27
제21조제1항	참조함	STRUCTURE	결의 2	제21조제1항	0.95	제21조제1항|결의 2	2026-04-27
공고	참조함	STRUCTURE	제22조제1항의 3	제22조제1항의 공고 3.	0.95	공고|제22조제1항의 3	2026-04-27
법제처	요구함	ACTION	보험업법	제28조의	0.95	결의 및 동의|법제처|보험업법	2026-04-27
상법	참조함	STRUCTURE	제141조제3항의 이의(異義) 5	141	0.95	상법|제141조제3항의 이의(異義) 5	2026-04-27
증명	요구함	ACTION	절차	제232조	0.95	증명|절차	2026-04-27
제232조에 따른 절차	참조함	STRUCTURE	제232조	제232조	0.9	제232조에 따른 절차|제232조	2026-04-27
주식회사의 보험계약자	되다	ACTION	상호회사의 사원	제30조	0.95	입사|조직 변경	2026-04-27
조직 변경	준용함	STRUCTURE	상법	31	0.95	조직 변경|상법 준용	2026-04-27
제145조	참조함	STRUCTURE	상법	제145조	0.9	제145조|상법	2026-04-27
제339조	정의함	LOGICAL	없음	339	0.0	제339조	2026-04-27
Unknown	정의함	LOGICAL	제340조	Unknown	0.2	Unknown	2026-04-27
제439조제1항	정의함	LOGICAL	제439조제1항	제439조제1항	0.5	제439조제1항	2026-04-27
Unknown	참조함	STRUCTURE	제445조	Unknown	0.6	제445조	2026-04-27
제446조	준용함	STRUCTURE	상법	446	0.95	준용|상법	2026-04-27
제446조	준용함	STRUCTURE	제446조	제446조	0.5	준용	2026-04-27
제192조	정의함	LOGICAL	미수범	192	0.9	정의|미수범	2026-04-27
제238조	정의함	LOGICAL	로 본다.	238	0.5	정의	2026-04-27
우선취득권	정의함	LOGICAL	보험계약자나 보험금을 취득할 자는 피보험자를 위하여 적립한 금액을 주식회사의 자산에서 우선하여 취득한다	제32조	0.95	우선취득권|보험계약자|주식회사의 자산	2026-04-27
보험계약자나 보험금을 취득할 자	요구함	ACTION	주식회사의 자산에서 우선하여 취득한다	제32조	0.9	보험계약자|주식회사의 자산	2026-04-27
우선취득권	예외로함	LOGICAL	다른 법률에 특별한 규정이 있는 경우 우선취득권이 적용되지 않는다	제32조	0.9	우선취득권|특별한 규정	2026-04-27
제1항	구분하여 적용한다	ACTION	특별계정과 그 밖의 계정	제108조	0.95	특별계정|계정	2026-04-27
보험계약자나 보험금을 취득할 자	가진다	ACTION	우선변제권	33	0.95	우선변제권|보험계약자|보험금취득자	2026-04-27
제32조제2항	준용함	ACTION	제32조제2항의 내용	제32조제2항	0.95	제32조제2항|준용	2026-04-27
발기인	요구함	ACTION	정관	34	0.95	정관기재사항|작성|기명날인	2026-04-27
발기인	요구함	ACTION	정관에 취급하려는 보험종목과 사업의 범위	34	0.95	정관기재사항|작성	2026-04-27
발기인	요구함	ACTION	정관에 명칭	34	0.95	정관기재사항|작성	2026-04-27
발기인	요구함	ACTION	정관에 사무소 소재지	34	0.95	정관기재사항|작성	2026-04-27
발기인	요구함	ACTION	정관에 기금의 총액	34	0.95	정관기재사항|작성	2026-04-27
발기인	요구함	ACTION	정관에 기금의 갹출자가 가질 권리	34	0.95	정관기재사항|작성	2026-04-27
발기인	요구함	ACTION	정관에 기금과 설립비용의 상각 방법	34	0.95	정관기재사항|작성	2026-04-27
발기인	요구함	ACTION	정관에 잉여금의 분배 방법	34	0.95	정관기재사항|작성	2026-04-27
발기인	요구함	ACTION	정관에 회사의 공고 방법	34	0.95	정관기재사항|작성	2026-04-27
발기인	요구함	ACTION	정관에 회사 성립 후 양수할 것을 약정한 자산이 있는 경우 그 자산의 가격과 양도인의 성명	34	0.95	정관기재사항|작성	2026-04-27
발기인	요구함	ACTION	정관에 존립시기 또는 해산사유를 정한 경우 그 시기 또는 사유	34	0.95	정관기재사항|작성	2026-04-27
발기인	요구함	ACTION	정관에 기명날인	34	0.95	정관기재사항|기명날인	2026-04-27
상호회사	요구함	ACTION	상호회사라는 글자	제35조	0.95	상호회사|포함	2026-04-27
상호회사	정의함	LOGICAL	그 명칭 중에 상호회사라는 글자를 포함하는 회사	제35조	0.9	상호회사|정의	2026-04-27
상호회사의 기금	금지함	ACTION	금전 이외의 자산	제36조	0.97	기금의 납입|금전 이외의 자산	2026-04-27
상호회사의 기금	준용함	STRUCTURE	상법	제36조	0.92	기금의 납입|상법	2026-04-27
기금의 납입	정의함	LOGICAL	상호회사의 기금은 금전 이외의 자산으로 납입하지 못한다.	제36조	0.9	기금의 납입|금전 이외의 자산	2026-04-27
제295조제1항	참조함	STRUCTURE	제295조	제295조제1항	0.5	조항	2026-04-27
제305조	참조함	STRUCTURE	제305조제1항 및 제305조제2항	305	0.6	제305조|제305조제1항 및 제305조제2항	2026-04-27
제318조	준용함	STRUCTURE	제318조	제318조	0.95	준용	2026-04-27
발기인이 아닌 자	요구함	ACTION	입사청약서 2부	38	0.95	입사청약서|2부|작성	2026-04-27
발기인	요구함	ACTION	입사청약서	38	0.95	입사청약서|작성|항목 포함	2026-04-27
상호회사가 성립한 후 사원이 되려는 자	예외로함	LOGICAL	입사청약서 작성	38	0.95	입사청약서|작성|예외	2026-04-27
상호회사	요구함	ACTION	필수 항목	34	0.95	필수 항목|제공	2026-04-27
필수 항목	정의함	LOGICAL	기금 갹출자의 이름ㆍ주소와 그 각자가 갹출하는 금액, 발기인의 이름과 주소, 발기인이 보수를 받는 경우에는 그 보수액, 설립 시 모집하려는 사원의 수, 일정한 시기까지 창립총회가 끝나지 아니하면 입사청약을 취소할 수 있다는 뜻	34	0.9	필수 항목|구성	2026-04-27
상호회사	준용함	STRUCTURE	민법	34	0.9	민법|준용	2026-04-27
상호회사	요구함	ACTION	입사청약서	34	0.85	입사청약서|제공	2026-04-27
단서	예외로함	LOGICAL	적용	제107조제1항	0.95	단서|적용	2026-04-27
발기인	요구함	ACTION	창립총회	제39조	0.95	소집|창립총회	2026-04-27
창립총회	요구함	ACTION	사원 과반수의 출석과 그 의결권의 4분의 3 이상의 찬성	제39조	0.95	결의|창립총회	2026-04-27
창립총회	정의함	LOGICAL	발기인이 기금 납입이 끝나고 사원 수가 예정된 수가 되면 그 날부터 7일 이내에 소집	제39조	0.9	창립총회|소집	2026-04-27
제363조	상위조항	STRUCTURE	제362조	제363조제1항ㆍ제2항	0.0	제363조	2026-04-27
제364조	정의함	LOGICAL	내용 없음	제364조	0.0	내용 없음	2026-04-27
제371조제2항	참조함	STRUCTURE	제371조	371	0.6	제371조제2항	2026-04-27
제372조	정의함	LOGICAL	제2조	제372조	0.1	제372조|제2조	2026-04-27
Unknown	정의함	LOGICAL	Unknown	Unknown	0.5	핵심 개념	2026-04-27
규정	준용함	ACTION	제381조까지의 규정	제381조	0.95	규정 준용	2026-04-27
상호회사	요구함	ACTION	설립등기	제40조	0.95	설립등기|2주 이내	2026-04-27
설립등기	정의함	LOGICAL	각 호의 사항	제40조	0.9	설립등기|포함사항	2026-04-27
이사 및 감사	요구함	ACTION	설립등기	34	0.95	공동신청|설립등기	2026-04-27
관할 등기소	요구함	ACTION	상호회사 등기부	제41조	0.95	비치|관할 등기소|상호회사 등기부	2026-04-27
이사	금지함	ACTION	배상책임 면제	제42조	0.95	배상책임|면제|사원총회 동의	2026-04-27
배상책임	예외로함	LOGICAL	사원총회 동의	제42조	0.9	배상책임|사원총회 동의|면제	2026-04-27
발기인	정의함	LOGICAL	금융회사의 지배구조에 관한 법률	제43조	0.95	발기인|금융회사의 지배구조에 관한 법률	2026-04-27
제33조	참조함	STRUCTURE	상법	33	0.95	제33조|상법	2026-04-27
상법	참조함	STRUCTURE	제33조	33	0.9	제33조|상법	2026-04-27
준용	준용	ACTION	제 400조	제 400조	0.95	준용	2026-04-27
상호회사	준용	ACTION	상법	제44조	0.95	상법 준용|상법	2026-04-27
제10조	정의함	LOGICAL	Unknown	Unknown	0.3	제10조|정의	2026-04-27
Unknown	참조함	STRUCTURE	제15조	Unknown	0.6	제15조	2026-04-27
제17조	정의함	LOGICAL	보험상품	제17조	0.3	제2조 정의	2026-04-27
제22조	참조함	STRUCTURE	제2조	제22조	0.6	제2조의 규정에 따라	2026-04-27
제23조	정의함	LOGICAL	정의 없음	제23조	0.3	제23조|정의 없음	2026-04-27
제26조	상위조항	STRUCTURE	제2조	제26조	0.2	제2조	2026-04-27
제27조	상위조항	STRUCTURE	제26조	27	0.4	제27조|제26조	2026-04-27
제29조	정의함	LOGICAL	Unknown	제29조	0.1	Unknown	2026-04-27
Unknown	상위조항	STRUCTURE	제33조	Unknown	0.5	제33조까지	2026-04-27
제39조	참조함	STRUCTURE	제2조	39	0.3	제2조|보험상품 정의	2026-04-27
제40조	정의함	LOGICAL	내용 없음	제40조	0.5	제40조|내용 없음	2026-04-27
제87조	정의함	LOGICAL	제87조	제87조	0.5	제87조	2026-04-27
제91조	참조함	STRUCTURE	제2조	91	0.4	제2조의 규정에 따라	2026-04-27
제92조	참조함	STRUCTURE	제2조	92	0.0		2026-04-27
제173조	상위조항	STRUCTURE	제172조	173	0.1	제173조|제172조	2026-04-27
개인정보이용자	정의함	LOGICAL	개인정보이용자	제177조	0.8	개인정보이용자 정의	2026-04-27
보험계약	허용함	ACTION	해지	제59조	0.9	보험계약 해지|계약 기간 만료|사유 발생	2026-04-28
제183조	참조함	STRUCTURE	제2조	183	0.4	제2조의 규정에 따라	2026-04-27
제288조	상위조항	STRUCTURE	제287조	제288조	0.0	상위조항	2026-04-27
제289조제3항	상위조항	STRUCTURE	제289조	제289조제3항	0.6	제289조	2026-04-27
Unknown	정의함	LOGICAL	제292조	제292조	0.2	Unknown	2026-04-27
Unknown	정의함	LOGICAL	제310조	Unknown	0.6	핵심 개념|정의	2026-04-27
제316조	참조함	STRUCTURE	제316조까지 및	316	0.3	제316조	2026-04-27
제322조	정의함	LOGICAL	없음	제322조	0.0	제322조	2026-04-27
규정 준용	준용한다	ACTION	제327조까지의 규정	제327조까지	0.95	규정 준용|제327조까지의 규정	2026-04-27
상호회사	준용함	ACTION	비송사건절차법	제45조	0.99	비송사건절차법 준용|상호회사	2026-04-27
제72조	구조	STRUCTURE	제72조제1항	제72조	0.7	제72조|제72조제1항	2026-04-27
제72조	구조	STRUCTURE	제72조제2항	제72조	0.7	제72조|제72조제2항	2026-04-27
제73조	정의함	LOGICAL	없음	73	0.1	No content	2026-04-27
제78조	정의함	LOGICAL	제78조	78	0.2	제78조	2026-04-27
제80조	참조함	STRUCTURE	제80조	80	0.0	제80조	2026-04-27
제81조	정의함	LOGICAL	보험계약의 해지	81	0.1	정의	2026-04-27
제81조	참조함	STRUCTURE	제80조	81	0.2	참조	2026-04-27
Unknown	참조함	STRUCTURE	제84조	Unknown	0.5	Unknown|제84조	2026-04-27
제85조	정의함	LOGICAL	없음	85	0.0		2026-04-27
제100조까지	상위조항	STRUCTURE	제100조	제100조까지	0.6	제100조까지|제100조	2026-04-27
Unknown	참조함	STRUCTURE	제121조	Unknown	0.55	제121조까지 및	2026-04-27
제123조	참조함	STRUCTURE	제2조	제123조	0.2	제2조 정의|보험상품	2026-04-27
법령	준용함	ACTION	제127조까지의 규정	127	0.95	규정 준용	2026-04-27
상호회사	준용함	ACTION	상업등기법	제45조의2	0.95	상업등기법 준용|상호회사	2026-04-27
제3조	구조	STRUCTURE	내용 없음	제3조	0.1	없음	2026-04-27
제5조제2항ㆍ제3항	정의함	LOGICAL	제5조제2항ㆍ제3항	제5조제2항ㆍ제3항	0.1	제5조제2항ㆍ제3항	2026-04-27
제6조	참조함	STRUCTURE	제2조	제6조	0.3	제6조|제2조	2026-04-27
제11조	정의함	LOGICAL	제11조의 내용	11	0.6	불완전	2026-04-27
제14조	참조함	STRUCTURE	제2조	제14조	0.1	제14조|제2조	2026-04-27
제30조	상위조항	STRUCTURE	제2조	30	0.0		2026-04-27
제53조	정의함	LOGICAL	Unknown	Unknown	0.5	제53조 정의	2026-04-27
제55조	정의함	LOGICAL	내용 없음	55	0.5	제55조|내용 없음	2026-04-27
제61조제2항	상위조항	STRUCTURE	제61조	제61조제2항	0.8	제61조	2026-04-27
제66조	참조함	STRUCTURE	제66조	66	0.0	제66조	2026-04-27
제67조	참조함	STRUCTURE	제2조	제67조	0.0	제2조 정의	2026-04-27
제94조	정의함	LOGICAL	없음	94	0.05	제94조|내용 없음	2026-04-27
Unknown	정의함	LOGICAL	제102조	102	0.5	Unknown	2026-04-27
제114조	구조	STRUCTURE	제114조	제114조	0.1	제114조	2026-04-27
제128조	정의함	LOGICAL	보험상품	128	0.3	제128조 정의|보험상품 정의	2026-04-27
준용	참조함	STRUCTURE	제131조	제131조	0.9	준용|제131조	2026-04-27
간접책임	정의함	LOGICAL	사원은 회사의 채권자에 대하여 직접적인 의무를 지지 아니한다.	제46조	0.95	간접책임|직접적 의무	2026-04-27
사원	금지함	ACTION	직접적 의무를 지지	제46조	0.95	직접적 의무|사원	2026-04-27
사원	한도로 한다	ACTION	보험료	제47조	0.95	유한책임|보험료	2026-04-27
유한책임	정의함	LOGICAL	사원의 책임은 보험료를 한도로 한다	제47조	0.9	유한책임|한도	2026-04-27
사원	금지함	ACTION	회사	48	0.95	상계의 금지	2026-04-27
상계의 금지	정의함	LOGICAL	사원은 회사에 대항하지 못한다	48	0.9	상계의 금지	2026-04-27
상호회사	정한다	ACTION	보험금액의 삭감에 관한 사항	49	0.95	보험금액의 삭감	2026-04-27
상호회사	정관으로	STRUCTURE	보험금액의 삭감에 관한 사항	49	0.9	정관	2026-04-27
상호회사의 사원	승인을요구함	ACTION	회사	제50조	0.95	회사 승낙|승인	2026-04-27
상호회사의 사원	허용함	ACTION	타인으로 하여금 그 권리와 의무를 승계하게 할 수 있다	제50조	0.9	승계|권리와 의무|타인	2026-04-27
사원	양도함	ACTION	보험의 목적	51	0.9	양도|보험의 목적	2026-04-27
양수인	승계할 수 있다	ACTION	양도인의 권리와 의무	51	0.9	승계|양도인의 권리와 의무	2026-04-27
양수인	요구함	ACTION	회사 승낙	51	0.8	회사 승낙|양수인	2026-04-27
상호회사의 사원명부	적어야 한다	ACTION	사원의 이름과 주소, 각 사원의 보험계약의 종류, 보험금액 및 보험료	제52조	0.95	사원명부|보험계약|보험금액|보험료	2026-04-27
상호회사	준용함	ACTION	상법	제64조	0.95	상법 준용|계산에 관하여	2026-04-27
보험관계에 속하는 사항	예외로함	LOGICAL	통지 및 최고	353	0.95	보험관계에 속하는 사항|통지 및 최고	2026-04-27
본 조항	준용함	STRUCTURE	제353조	353	0.9	본 조항|제353조	2026-04-27
상호회사	정할 수 있다	ACTION	사원총회 대행기관	54	0.95	사원총회 대행기관	2026-04-27
제1항에 따른 기관	준용함	STRUCTURE	사원총회에 관한 규정	54	0.9	사원총회에 관한 규정	2026-04-27
사원	가진다	ACTION	의결권	55	0.95	의결권|사원총회	2026-04-27
정관	예외로함	LOGICAL	사원 의결권	55	0.9	정관|특별규정	2026-04-27
사원	청구	ACTION	사원총회	제56조	0.95	총회소집청구권|100분의 5 이상의 사원	2026-04-27
정관	허용함	ACTION	다른 기준을 정할 수 있다	제56조	0.9	정관|다른 기준	2026-04-27
상법	준용함	STRUCTURE	제1항	제56조	0.9	상법|제1항	2026-04-27
총회소집청구권	정의함	LOGICAL	사원은 회의의 목적과 그 소집의 이유를 적은 서면을 이사에 게 제출하여 사원총회의 소집을 청구할 수 있다	제56조	0.9	총회소집청구권|사원|서면|이사|사원총회	2026-04-27
준용	준용함	STRUCTURE	제366조제2항 및 제3항	제366조제2항 및 제3항	0.95	준용|제366조제2항 및 제3항	2026-04-27
상호회사의 이사	비치하여야 한다	ACTION	정관과 사원총회 및 이사회의 의사록	57	0.98	비치|정관|사원총회|이사회 의사록	2026-04-27
상호회사의 이사	비치하여야 한다	ACTION	사원명부	57	0.98	비치|사원명부	2026-04-27
상호회사의 사원과 채권자	열람하거나 복사할 수 있다	ACTION	제1항의 서류	57	0.97	열람|복사|서류	2026-04-27
상호회사의 사원과 채권자	청구할 수 있다	ACTION	등본 또는 초본	57	0.96	청구|등본|초본	2026-04-27
제57조	정의함	LOGICAL	서류의 비치와 열람	57	0.95	정의|서류의 비치와 열람	2026-04-27
상호회사	참조함	STRUCTURE	금융회사의 지배구조에 관한 법률	제58조	0.95	소수사원권의 행사|금융회사의 지배구조에 관한 법률	2026-04-27
발행주식 총수	정의함	LOGICAL	사원 총수	33	0.95	정의|본다	2026-04-27
주식을 대통령령으로 정하는 바에 따라 보유한 자	정의함	LOGICAL	사원	33	0.95	정의|본다	2026-04-27
상호회사의 사원총회	준용함	STRUCTURE	상법	59	0.95	상법 준용|사원총회	2026-04-27
상법 준용	정의함	LOGICAL	상호회사의 사원총회에 관하여는 상법이 적용된다	59	0.9	상법 준용|사원총회	2026-04-27
제363조제1항ㆍ제2항	정의함	LOGICAL	내용 없음	제363조	0.6	제363조제1항ㆍ제2항|내용 없음	2026-04-27
제365조	참조함	STRUCTURE	제364조	제365조	0.3	제365조|제364조	2026-04-27
제368조제1항ㆍ제3항ㆍ제4항	참조함	STRUCTURE	제368조	368	0.6	제368조제1항ㆍ제3항ㆍ제4항	2026-04-27
제372조	참조함	STRUCTURE	제367조	제372조	0.5	제372조|제367조	2026-04-27
제373조	참조함	STRUCTURE	제372조	373	0.3	제372조	2026-04-27
제375조	정의함	LOGICAL	Unknown	Unknown	0.5	정의|Unknown	2026-04-27
제 381조	준용함	STRUCTURE	제 381조까지의 규정	381	0.92	규정 준용|제 381조	2026-04-27
상호회사의 이사	준용함	STRUCTURE	상법	381	0.9	상호회사의 이사|상법	2026-04-27
제382조	참조함	STRUCTURE	제381조	382	0.3	제381조	2026-04-27
제383조	상위조항	구조	제383조제2항ㆍ제3항	제383조	0.9	제383조|제383조제2항ㆍ제3항	2026-04-27
제385조	상위조항	STRUCTURE	제384조	385	0.3	제384조	2026-04-27
제386조	정의함	LOGICAL	Unknown	386	0.5	정의|Unknown	2026-04-27
제389조	정의함	LOGICAL	제389조	389	0.0	제389조	2026-04-27
제393조	참조함	STRUCTURE	제388조	393	0.2	참조	2026-04-27
Unknown	정의함	LOGICAL	제395조	제395조	0.5	Unknown|제395조	2026-04-27
제398조	상위조항	STRUCTURE	제397조	398	0.2	상위조항	2026-04-27
제399조제1항	상위조항	STRUCTURE	제399조	제399조제1항	0.5	제399조제1항	2026-04-27
제401조제1항	정의함	LOGICAL	제401조제1항	제401조제1항	0.5	제401조제1항	2026-04-27
상호회사	준용함	STRUCTURE	제408조	제408조	0.95	감사|준용	2026-04-27
상호회사의 감사	준용함	STRUCTURE	금융회사의 지배구조에 관한 법률	제408조	0.9	감사|금융회사의 지배구조에 관한 법률	2026-04-27
제382조	정의함	LOGICAL	내용 없음	382	0.5	제382조	2026-04-27
제385조	상위조항	STRUCTURE	제386조	385	0.3	제386조	2026-04-27
제386조	STRUCTURE	STRUCTURE	제386조	386	0.0	제386조	2026-04-27
제388조	정의함	LOGICAL	보험상품	제388조	0.1	제388조|보험상품	2026-04-27
제394조	구조	STRUCTURE	제394조	394	0.0	제394조	2026-04-27
보험계약	해지된다	ACTION	해지	제399조제1항	0.9	보험계약|해지	2026-04-27
제407조	정의함	LOGICAL	법률조항	407	0.1	조항|법률조항	2026-04-27
보험계약 해지	정의함	LOGICAL	제410조	제410조	0.8	보험계약 해지	2026-04-27
Unknown	참조함	STRUCTURE	제412조	Unknown	0.5	제412조	2026-04-27
제412조의2	참조함	STRUCTURE	제412조	제412조의2	0.6	제412조의2|제412조	2026-04-27
제412조의 4	참조함	STRUCTURE	제412조	제412조의 4	0.5	제412조의 4|제412조	2026-04-27
보험계약서에 정한 기간이 만료되거나, 보험계약서에 정한 사유가 발생한 경우	해지된다	LOGICAL	보험계약	제413조	0.9	보험계약서에 정한 기간|보험계약서에 정한 사유	2026-04-27
제413조의2	참조함	STRUCTURE	제413조	제413조의2	0.6	제413조의2|제413조	2026-04-27
제414조제3항	준용함	ACTION	제414조제3항	제414조제3항	0.95	준용|제414조제3항	2026-04-27
상호회사	요구함	ACTION	준비금	제60조	0.95	손실보전준비금|적립	2026-04-27
정관	정한다	ACTION	준비금 총액 및 매년 적립할 최저액	제60조	0.9	손실보전준비금|정관	2026-04-27
손실보전준비금	정의함	LOGICAL	상호회사의 잉여금 중에서 준비금을 적립하여야 한다	제60조	0.85	손실보전준비금|정의	2026-04-27
상호회사	금지함	ACTION	기금이자	61	0.95	손실 보전|기금이자 지급 제한	2026-04-27
상호회사	요구함	ACTION	설립비용과 사업비의 전액을 상각	61	0.9	설립비용 상각|사업비 상각	2026-04-27
상호회사	금지함	ACTION	기금의 상각 또는 잉여금의 분배	제60조제1항	0.95	준비금 공제 전|상각/분배 금지	2026-04-27
회사(채권자)	요구할 수 있다	ACTION	반환	제60조제1항	0.9	위반|반환 요구	2026-04-27
상호회사	적립	ACTION	금액	제62조	0.95	기금상각적립금|상각하는 금액과 같은 금액	2026-04-27
기금상각적립금	정의함	LOGICAL	상각하는 금액과 같은 금액을 적립하는 금액	제62조	0.9	기금상각적립금|상각하는 금액과 같은 금액	2026-04-27
잉여금의 분배	정의함	LOGICAL	상호회사의 잉여금은 사원에게 분배된다	제63조	0.95	잉여금의 분배|정관에 특별한 규정이 없으면	2026-04-27
제447조	참조함	STRUCTURE	제2조	447	0.2	참조	2026-04-27
제447조의2	참조함	STRUCTURE	제447조	제447조의2	0.7	제447조의2|제447조	2026-04-27
제447조의4	참조함	STRUCTURE	제447조	Unknown	0.6	제447조의4|제447조	2026-04-27
제448조	상위조항	STRUCTURE	제447조	제448조	0.4	제447조	2026-04-27
제450조까지	정의함	LOGICAL	제450조까지	제450조	0.3	제450조까지	2026-04-27
제452조	정의함	LOGICAL	내용이 제공되지 않음	제452조	0.2	제452조|불완전	2026-04-27
준용	준용함	STRUCTURE	제468조	제468조	0.9	준용|제468조	2026-04-27
사원총회	결의	ACTION	정관	65	0.95	정관 변경|사원총회 결의	2026-04-27
정관 변경	요구함	ACTION	사원총회 결의	65	0.95	정관 변경|사원총회 결의	2026-04-27
제363조	참조함	STRUCTURE	제363조제1항ㆍ제2항	363	0.6	제363조|제363조제1항ㆍ제2항	2026-04-27
제368조제3항ㆍ제4항	구조	STRUCTURE	제368조제3항	제368조제3항ㆍ제4항	0.5	제368조제3항	2026-04-27
제368조제3항ㆍ제4항	구조	STRUCTURE	제368조제4항	제368조제3항ㆍ제4항	0.5	제368조제4항	2026-04-27
Unknown	참조함	STRUCTURE	제371조제2항	Unknown	0.8	제371조제2항	2026-04-27
제372조	참조함	STRUCTURE	제364조	제372조	0.4	제372조|제364조	2026-04-27
제373조	상위조항	STRUCTURE	제368조제3항ㆍ제4항	제373조	0.4	제373조	2026-04-27
Unknown	참조함	STRUCTURE	제381조	Unknown	0.4	제381조	2026-04-27
제433조제2항 준용	준용함	ACTION	제433조제2항	제433조제2항	0.95	준용|제433조제2항	2026-04-27
제433조제2항 준용	참조함	STRUCTURE	제433조제2항	제433조제2항	0.9	참조|제433조제2항	2026-04-27
상호회사의 사원	요구함	ACTION	퇴사	66	0.95	퇴사이유	2026-04-27
퇴사이유	정의함	LOGICAL	정관으로 정하는 사유의 발생	66	0.9	퇴사이유|정관	2026-04-27
퇴사이유	정의함	LOGICAL	보험관계의 소멸	66	0.9	퇴사이유|보험관계	2026-04-27
사망한 상호회사의 사원	준용함	STRUCTURE	상법	66	0.9	상법	2026-04-27
준용	준용함	ACTION	제283조	제283조	0.95	준용	2026-04-27
사원	허용함	ACTION	환급청구권	제67조	0.95	환급청구권	2026-04-27
정관	정의함	LOGICAL	환급청구권의 금액	제67조	0.95	정관|환급청구권	2026-04-27
보험약관	정의함	LOGICAL	환급청구권의 금액	제67조	0.95	보험약관|환급청구권	2026-04-27
회사	허용함	ACTION	환급금액에서 채무액 공제	제67조	0.95	회사|채무|환급금액	2026-04-27
상호회사	요구함	ACTION	금액 환급	68	0.98	환급기한 및 시효|3개월 이내	2026-04-27
퇴사원	예외로함	LOGICAL	환급청구권	68	0.95	환급기한 및 시효|시효	2026-04-27
상호회사	결의함	ACTION	해산	69	0.9	해산의 공고|해산	2026-04-27
인증	요구함	ACTION	결의의 요지와 재무상태표	Unknown	0.95	공고|2주 이내|인가	2026-04-27
인증	근거함	STRUCTURE	제139조	Unknown	0.85	제139조|근거	2026-04-27
제139조	준용함	STRUCTURE	현재 조항	Unknown	0.8	제139조|준용	2026-04-27
제141조	정의함	LOGICAL	미수범	141	0.3	제141조|미수범|정의	2026-04-27
제145조	참조함	STRUCTURE	제2조	145	0.2	제145조|제2조|보험상품	2026-04-27
법령	준용함	LOGICAL	제149조	제149조	0.95	준용	2026-04-27
제174조제3항	상위조항	STRUCTURE	제174조	제174조제3항	0.6	제174조제3항	2026-04-27
제175조제1항	근거함	STRUCTURE	제175조	제175조제1항	0.6	조문|제175조	2026-04-27
제228조	내용없음	LOGICAL	없음	228	0.0		2026-04-27
제232조	정의함	LOGICAL	없음	232	0.0	정의 없음	2026-04-27
제234조	상위조항	STRUCTURE	제233조	234	0.2	제234조	2026-04-27
제522조제1항ㆍ제2항	참조함	STRUCTURE	제522조	522	0.3	제522조	2026-04-27
제526조제1항	정의함	LOGICAL	내용 없음	제526조제1항	0.0	내용 없음	2026-04-27
제527조	상위조항	STRUCTURE	제527조제1항ㆍ제2항	527	0.7	제527조	2026-04-27
제528조제1항	정의함	LOGICAL	제528조제1항	제528조제1항	0.1	정의	2026-04-27
준용	준용함	LOGICAL	제529조	제529조	0.9	준용|제529조	2026-04-27
제529조	참조함	STRUCTURE	상법	제529조	0.8	제529조|상법	2026-04-27
Unknown	참조함	STRUCTURE	제528조제1항	제528조제1항	0.6	Unknown|제528조제1항	2026-04-27
보험업법	정의함	LOGICAL	보험업법	제317조	0.95	정의	2026-04-27
상법	정의함	LOGICAL	제40조	제40조	0.9	정의|상법	2026-04-27
선임	참조함	STRUCTURE	제175조제1항	제175조제1항	0.95	선임|제175조제1항에 따른	2026-04-27
법령	준용함	STRUCTURE	제39조제2항	제39조제2항	1.0	준용	2026-04-27
상호회사	요구함	ACTION	청산	제71조	0.95	상호회사|청산|해산|합병|파산	2026-04-27
청산	정의함	LOGICAL	해산한 경우에 합병·파산이 아니면 청산을 해야 한다	제71조	0.9	청산|해산|합병|파산	2026-04-27
청산	예외로함	LOGICAL	합병	제71조	0.85	청산|합병	2026-04-27
청산	예외로함	LOGICAL	파산	제71조	0.85	청산|파산	2026-04-27
청산인	처분하여야 한다	ACTION	회사자산	72	0.95	자산 처분의 순위|청산인|회사자산	2026-04-27
청산인	순위에 따라	STRUCTURE	자산 처분의 순위	72	0.9	자산 처분의 순위|청산인	2026-04-27
자산 분배	분배하여야 한다	ACTION	사원	제158조제2항	0.95	남은 자산|잉여금 분배 비율	2026-04-27
상호회사의 청산	준용함	STRUCTURE	상법	73	0.9	상호회사의 청산|상법	2026-04-27
제56조	정의함	LOGICAL	보험상품	56	0.2	제2조|보험상품	2026-04-27
지배구조	정의함	LOGICAL	금융회사의 지배구조에 관한 법률	제57조	0.95	지배구조|금융회사	2026-04-27
제253조	정의함	LOGICAL	내용 없음	253	0.6	제253조	2026-04-27
제255조	정의함	LOGICAL	제255조	255	0.0	제255조	2026-04-27
제259조	상위조항	STRUCTURE	제258조	259	0.0		2026-04-27
단서	정의함	LOGICAL	제260조	260	0.6	정의|단서	2026-04-27
제264조	정의함	LOGICAL	제264조	264	0.0	제264조	2026-04-27
제328조	정의함	LOGICAL	제328조	제328조	0.0	제328조	2026-04-27
제367조	정의함	LOGICAL	보험상품	제367조	0.0	제367조|보험상품	2026-04-27
제373조 제2항	상위조항	STRUCTURE	제373조	제373조 제2항	0.6	제373조 제2항	2026-04-27
제376조	정의함	LOGICAL	보험계약의 해지	376	0.2	제376조|보험계약의 해지	2026-04-27
제376조	참조함	STRUCTURE	제367조	376	0.1	제376조|제367조	2026-04-27
제377조	상위조항	STRUCTURE	제376조	377	0.2	제376조	2026-04-27
제382조제2항	참조함	STRUCTURE	제382조	제382조제2항	0.6	제382조제2항|제382조	2026-04-27
제386조	상위조항	STRUCTURE	제385조	386	0.3	제386조|제385조	2026-04-27
제388조	정의함	LOGICAL	보험계약 해지	388	0.2	제388조|보험계약 해지	2026-04-27
제389조	상위조항	STRUCTURE	제388조	389	0.3	전제	2026-04-27
제394조	정의함	LOGICAL	없음	제394조	0.0	제394조	2026-04-27
제398조	구조	STRUCTURE	제398조	398	0.0		2026-04-27
제401조제1항	참조함	STRUCTURE	제401조	제401조제1항	0.5	제401조제1항	2026-04-27
제407조	구조	STRUCTURE	제??	407	0.0	제407조	2026-04-27
제408조	상위조항	STRUCTURE	제407조	408	0.4	제407조	2026-04-27
제412조	참조함	STRUCTURE	제412조의2	제412조	0.7	제412조|제412조의2	2026-04-27
제412조의2	상위조항	STRUCTURE	제412조	제412조의2	0.6	하위조항|구조	2026-04-27
제412조의4	근거함	STRUCTURE	제412조	제412조의4	0.6	하위조항|상위조항	2026-04-27
제413조	정의함	LOGICAL	없음	제413조	0.0	없음	2026-04-27
제414조제3항	참조함	STRUCTURE	제414조	제414조제3항	0.6	제414조제3항|제414조	2026-04-27
제448조	정의함	LOGICAL	제448조의 내용	제448조	0.3	제448조	2026-04-27
Unknown	참조함	STRUCTURE	제450조	Unknown	0.8	제450조까지	2026-04-27
제539조제1항	구조	STRUCTURE	제539조	제539조제1항	0.5	제539조제1항	2026-04-27
법령	준용함	STRUCTURE	제541조	제541조	1.0	준용	2026-04-27
금융위원회	권한을가짐	ACTION	보험업의 허가 취소	제74조	0.95	허가취소|외국보험회사국내지점	2026-04-27
외국보험회사의 본점	간주함	LOGICAL	해당 사유	제74조	0.9	합병|영업양도|위법행위|불건전한 영업행위	2026-04-27
외국보험회사국내지점	요구함	ACTION	국내자산 보유의무	75	0.9	국내자산 보유의무|보험계약	2026-04-27
국내자산 보유의무	정의함	LOGICAL	외국보험회사국내지점이 대한민국에서 체결한 보험계약에 관하여 국내자산을 보유해야 함	75	0.85	국내자산 보유의무|보험계약	2026-04-27
자산 보유	요구함	ACTION	대한민국에서 보유해야 하는 자산	120	0.95	자산 보유|책임준비금|비상위험준비금	2026-04-27
자산 보유	정의함	LOGICAL	책임준비금 및 비상위험준비금에 상당하는 자산	120	0.95	자산 보유|책임준비금|비상위험준비금	2026-04-27
자산 보유	준용함	STRUCTURE	대통령령	120	0.9	자산 보유|대통령령	2026-04-27
외국보험회사국내지점	참조함	STRUCTURE	상법	76	0.95	정의|상법 참조	2026-04-27
대표자	준용함	STRUCTURE	제209조	제209조	0.9	대표자|제209조 준용	2026-04-27
외국보험회사국내지점의 대표자	요구함	ACTION	후임 대표자의 이름 및 주소	제209조	0.85	퇴임 후|후임 대표자 정보 제공|상법	2026-04-27
제209조	준용함	STRUCTURE	상법	제209조	0.8	제209조|상법	2026-04-27
대표자	가진다	ACTION	권리와 의무	제614조제3항	0.95	계속하여|등기가 있을 때까지	2026-04-27
외국보험회사국내지점의 대표자	본다	LOGICAL	보험회사의 임원	제614조제3항	0.9	이 법에 따른	2026-04-27
제614조제3항	참조함	STRUCTURE	대표자	제614조제3항	0.85	에 따른	2026-04-27
잔무처리자	정의함	LOGICAL	잔무처리자	제77조	0.8	잔무처리자 정의	2026-04-27
금융위원회	허용함	ACTION	잔무처리자	제4조	0.95	필요하다고 인정하면|잔무처리자	2026-04-27
제76조제1항	상위조항	STRUCTURE	제76조	제76조제1항	0.6	제76조	2026-04-27
제157조	준용함	ACTION	제157조	제157조	0.95	제157조	2026-04-27
제160조	준용함	STRUCTURE	제160조	제160조	1.0	준용	2026-04-27
외국상호회사	정의함	LOGICAL	외국보험회사	제78조	0.95	외국상호회사|외국보험회사	2026-04-27
외국상호회사	참조함	STRUCTURE	국내지점	제78조	0.85	외국상호회사|국내지점	2026-04-27
대표자	첨부	ACTION	서류	제41조	0.95	서류 첨부|대표자 의무	2026-04-27
외국상호회사 국내지점	등기 신청	ACTION	등기	제41조	0.9	등기 신청|외국상호회사 국내지점	2026-04-27
대표자	적다	ACTION	신청서	제41조	0.9	신청서 작성|대표자 의무	2026-04-27
서류	증명받음	ACTION	외국상호회사 본국의 관할 관청	제41조	0.9	증명|관할 관청	2026-04-27
외국상호회사 국내지점	준용	ACTION	상법 제1편제3장	제79조	0.95	상법 준용	2026-04-27
제79조	참조함	STRUCTURE	상법 제1편제3장	제79조	0.9	상법 제1편제3장 참조	2026-04-27
제16조	제외한다	ACTION	제외	제16조	0.85	제외	2026-04-27
제22조	상위조항	STRUCTURE	제2조	제22조	0.2	제22조|제2조	2026-04-27
제23조	정의함	LOGICAL	보험계약의 효력	제23조	0.4	보험계약의 효력	2026-04-27
제24조	정의함	LOGICAL	없음	제24조	0.0	내용 없음	2026-04-27
제90조	예외로함	LOGICAL	해당 조항	90	0.8	제90조|제외	2026-04-27
제619조	정의함	LOGICAL	제619조	619	0.5	제619조	2026-04-28
준용	준용함	ACTION	제620조제1항ㆍ제2항	제620조제1항ㆍ제2항	0.95	준용|제620조제1항ㆍ제2항	2026-04-27
외국상호회사의 국내지점	준용	STRUCTURE	비송사건절차법	제80조	0.95	비송사건절차법|준용	2026-04-27
제72조제3항	상위조항	STRUCTURE	제72조	제72조제3항	0.7	제72조|제72조제3항	2026-04-27
제101조제 2항	상위조항	STRUCTURE	제101조	제101조 제2항	0.95	제101조제 2항|제101조	2026-04-27
준용	준용함	ACTION	제128조	제128조	0.95	준용|제128조	2026-04-27
준용	참조함	STRUCTURE	제128조	제128조	0.9	준용|제128조	2026-04-27
외국상호회사의 국내지점	준용함	ACTION	상업등기법	제80조의2	0.95	상업등기법 준용|외국상호회사의 국내지점	2026-04-27
제3조	정의함	LOGICAL	조항	제3조	0.6	조항 정의	2026-04-27
제5조제2항	참조함	STRUCTURE	제5조	제5조제2항	0.9	제5조제2항|제5조	2026-04-27
Unknown	정의함	LOGICAL	제11조까지	Unknown	0.5	Unknown|제11조까지	2026-04-27
제14조	정의함	LOGICAL	내용 없음	제14조	0.6	내용 없음	2026-04-27
제19조	정의함	LOGICAL	보험계약의 해지	제19조	0.5	보험계약의 해지	2026-04-27
Unknown	참조함	STRUCTURE	제24조	Unknown	0.2	제24조	2026-04-27
Unknown	참조함	STRUCTURE	제26조	Unknown	0.4	제26조	2026-04-27
제30조	정의함	LOGICAL	제30조까지	제30조	0.3	제30조|제30조까지	2026-04-27
제53조	정의함	LOGICAL	보험계약	53	0.4	보험계약|제53조	2026-04-27
보험계약	정의함	LOGICAL	해지	55	0.8	보험계약|해지	2026-04-27
제61조제2항	참조함	STRUCTURE	제61조	제61조제2항	0.7	제61조제2항|제61조	2026-04-27
제113조	참조함	STRUCTURE	제2조	113	0.3	제2조의 규정에 따라	2026-04-27
Unknown	참조함	STRUCTURE	제119조까지	Unknown	0.7	제119조까지	2026-04-27
제121조	정의함	LOGICAL	Unknown	제121조	0.5	정의	2026-04-27
제128조	참조함	STRUCTURE	제128조의3	제128조	0.6	제128조의3	2026-04-27
본조	준용함	STRUCTURE	제131조	제131조	1.0	준용	2026-04-27
총회 결의의 의제	정의함	LOGICAL	총회 결의의 의제	81	0.5	총회 결의의 의제 정의	2026-04-27
보험계약의 해지	정의함	LOGICAL	제141조	제141조	0.6	보험계약의 해지	2026-04-27
제142조	정의함	LOGICAL	제142조	142	0.5	제142조	2026-04-27
제144조제1항	참조함	STRUCTURE	제144조제1항	제144조제1항	0.5	제144조제1항	2026-04-27
외국보험회사국내지점	적용함	ACTION	제146조제2항	제146조제2항	0.95	제146조제2항 적용	2026-04-27
제141조제1항	참조함	STRUCTURE	제141조	제141조제1항	0.6	제141조제1항|제141조	2026-04-27
제138조에 따른 결의	정의함	LOGICAL	이전계약서를 작성한 날	138	0.95	제138조에 따른 결의|이전계약서 작성	2026-04-27
개인정보이용자	정의함	LOGICAL	개인정보를 이용할 수 있는 자	제142조	0.6	개인정보이용자 정의	2026-04-27
주주 총회등의 결의가 있었던 때	정의함	LOGICAL	이전계약서를 작성한 때	제144조제1항	1.0	정의함|대체	2026-04-27
보험계약 이전의 결의	정의함	LOGICAL	이전계약서를 작성한 후	제146조제2항	0.95	보험계약 이전의 결의|이전계약서 작성	2026-04-27
외국보험회사국내지점	정의함	LOGICAL	정의된 개념	제82조	0.95	외국보험회사국내지점	2026-04-27
제8조	정의함	LOGICAL	없음	제8조	0.0	없음	2026-04-27
제138조	상위조항	STRUCTURE	제137조	138	0.0	제138조	2026-04-27
해산 및 합병	정의함	LOGICAL	제139조에 규정된 해산 및 합병 절차	139	0.9	해산|합병	2026-04-27
제141조제4항	상위조항	STRUCTURE	제141조	제141조제4항	0.95	제141조제4항 상위조항	2026-04-27
미수범	정의함	LOGICAL	제141조	제141조제4항	0.9	미수범 정의	2026-04-27
제148조	정의함	LOGICAL	조항	148	0.3	제148조|조항	2026-04-27
제149조	상위조항	STRUCTURE	제148조	149	0.2	제149조	2026-04-27
제151조	참조함	STRUCTURE	제151조제1항ㆍ제2항	제151조	0.7	제151조|제151조제1항ㆍ제2항	2026-04-27
제154조	정의함	LOGICAL	제154조	154	0.0	제154조	2026-04-27
제157조	정의함	LOGICAL	Unknown	157	0.0	제157조	2026-04-27
Unknown	정의함	LOGICAL	제159조	Unknown	0.5	Unknown|제159조	2026-04-27
규정 적용 금지	금지함	ACTION	제161조까지의 규정	제161조	0.95	규정 적용 금지|적용 금지	2026-04-27
규정 적용 금지	금지함	ACTION	제8장 중 총회의 결의에 관한 규정	제161조	0.95	규정 적용 금지|적용 금지	2026-04-27
모집할 수 있는 자	정의함	LOGICAL	보험설계사, 보험대리점, 보험중개사, 보험회사의 임원(대표이사ㆍ사외이사ㆍ감사 및 감사위원은 제외) 또는 직원	제83조	0.95	모집할 수 있는 자 정의	2026-04-27
보험회사의 임원	예외로함	LOGICAL	대표이사, 사외이사, 감사, 감사위원	제83조	0.9	임원 예외 제외	2026-04-27
금융기관보험대리점등	금지함	ACTION	비임직원에 대한 모집·상담·소개·지급	91	0.95	금융기관보험대리점등|비임직원|모집·상담·소개·지급	2026-04-27
금융기관보험대리점등	참조함	STRUCTURE	제91조	91	0.9	제91조	2026-04-27
보험회사등	등록하여야 한다	ACTION	소속 보험설계사가 되려는 자	84	0.95	보험설계사 등록|등록	2026-04-27
보험설계사 등록	정의함	LOGICAL	보험회사등이 소속 보험설계사가 되려는 자를 금융위원회에 등록하는 행위	84	0.9	보험설계사 등록|등록	2026-04-27
보험설계사	정의함	LOGICAL	소속 보험설계사가 되려는 자	84	0.9	보험설계사|소속	2026-04-27
피성년후견인 또는 피한정후견인	보험설계사가 되지 못한다	ACTION	해당자	84	0.9	제1호	2026-04-27
파산선고를 받은 자로서 복권되지 아니한 자	보험설계사가 되지 못한다	ACTION	해당자	84	0.9	제2호	2026-04-27
벌금 이상의 형을 선고받고 그 집행이 끝난 자	보험설계사가 되지 못한다	ACTION	해당자	84	0.9	제3호	2026-04-27
보험회사등	금지함	ACTION	다른 보험회사등에 소속된 보험설계사에게 모집을 위탁	85	0.95	모집 제한|위탁 금지	2026-04-27
보험설계사	금지함	ACTION	자기가 소속된 보험회사등 이외의 자를 위하여 모집	85	0.95	모집 제한|소속 이외 모집 금지	2026-04-27
특정 상황	예외로함	LOGICAL	제1항 및 제2항 적용 제외	85	0.9	예외|제1항/제2항 적용 제외	2026-04-27
생명보험회사 또는 제3보험업을 전업으로 하는 보험회사에 소속된 보험설계사	예외로함	LOGICAL	제1항 및 제2항 적용 제외	85	0.9	예외|특정 소속 보험설계사	2026-04-27
손해보험회사 또는 제3보험업을 전업으로 하는 보험회사에 소속된 보험설계사	예외로함	LOGICAL	제1항 및 제2항 적용 제외	85	0.9	예외|특정 소속 보험설계사	2026-04-27
제3항을 적용받는 보험회사 및 보험설계사	준용함	STRUCTURE	대통령령	85	0.9	규정|대통령령	2026-04-27
보험회사등	요구함	ACTION	소속 보험설계사	제85조의2	0.95	보험설계사 교육|보험계약 모집 교육	2026-04-27
법인이 아닌 보험대리점 및 보험중개사	요구함	ACTION	제1항에 따른 교육	제85조의2	0.95	보험설계사 교육|제1항에 따른 교육	2026-04-27
보험회사등	금지함	ACTION	보험모집 위탁계약서를 교부하지 아니하는 행위	제85조의3	0.95	불공정 행위|위탁계약서	2026-04-27
보험회사등	금지함	ACTION	위탁계약서상 계약사항을 이행하지 아니하는 행위	제85조의3	0.95	불공정 행위|위탁계약서	2026-04-27
보험회사등	금지함	ACTION	위탁계약서에서 정한 해지요건 외의 사유로 위탁계약을 해지하는 행위	제85조의3	0.95	불공정 행위|위탁계약서|해지요건	2026-04-27
보험회사등	금지함	ACTION	정당한 사유 없이 보험설계사가 요청한 위탁계약 해지를 거부하는 행위	제85조의3	0.95	불공정 행위|위탁계약 해지	2026-04-27
보험회사등	금지함	ACTION	위탁계약서에서 정한 위탁업무 외의 업무를 강요하는 행위	제85조의3	0.95	불공정 행위|위탁업무	2026-04-27
보험회사등	금지함	ACTION	정당한 사유 없이 보험설계사에게 지급되어야 할 수수료의 전부 또는 일부를 지급하지 아니하거나 지연하여 지급하는 행위	제85조의3	0.95	불공정 행위|수수료|지급 지연	2026-04-27
보험회사등	금지함	ACTION	정당한 사유 없이 보험설계사에게 지급한 수수료를 환수하는 행위	제85조의3	0.95	불공정 행위|수수료 환수	2026-04-27
보험회사등	금지함	ACTION	보험설계사에게 보험료 대납(代納)을 강요하는 행위	제85조의3	0.95	불공정 행위|보험료 대납	2026-04-27
보험회사등	금지함	ACTION	그 밖에 대통령령으로 정하는 불공정한 행위	제85조의3	0.95	불공정 행위|대통령령	2026-04-27
보험회사등	금지함	ACTION	다음 각 호의 행위	제85조의3	0.95	불공정 행위|위탁계약서|수수료|보험료 대납	2026-04-27
보험협회	정할 수 있다	ACTION	규약	Unknown	0.95	정할 수 있다|규약	2026-04-27
보험협회	막기 위하여	ACTION	불공정한 모집위탁행위	Unknown	0.9	막기 위하여|불공정한 모집위탁행위	2026-04-27
보험협회	제정ㆍ개정 또는 폐지할 때에는	ACTION	규약	Unknown	0.9	제정|개정|폐지|규약	2026-04-27
보험협회	거쳐야 한다	ACTION	절차	Unknown	0.9	거쳐야 한다|절차	2026-04-27
절차	수렴해야 한다	ACTION	보험설계사 등 이해관계자 의견	Unknown	0.85	수렴|보험설계사|이해관계자	2026-04-27
보험협회	제175조에 따른	STRUCTURE	Article 175	Unknown	0.9	제175조에 따른|Article 175	2026-04-27
규약	제2항에 따른	STRUCTURE	Article 2	Unknown	0.9	제2항에 따른|Article 2	2026-04-27
보험회사등	지켜야 할	ACTION	규약	Unknown	0.9	지켜야 할|규약	2026-04-27
보험회사	요구함	ACTION	직원 분리 및 업무담당자 교체	제85조의4	0.95	보호 조치|직원 분리|업무담당자 교체	2026-04-27
보험회사	요구함	ACTION	직원 치료 및 상담 지원	제85조의4	0.95	보호 조치|치료|상담 지원	2026-04-27
보험회사	요구함	ACTION	고충처리 기구 마련	제85조의4	0.95	보호 조치|고충처리 기구	2026-04-27
보호 조치	정의함	LOGICAL	고객응대직원에 대한 보호 조치 의무	제85조의4	0.9	보호 조치|고객응대직원|보호 조치 의무	2026-04-27
보호 조치	예외로함	LOGICAL	근로자참여 및 협력증진에 관한 법률	제85조의4	0.9	보호 조치|근로자참여 및 협력증진에 관한 법률	2026-04-27
보험회사	선임	ACTION	고충처리위원	26	0.95	고충처리위원|선임	2026-04-27
보험회사	위촉	ACTION	고충처리위원	26	0.9	고충처리위원|위촉	2026-04-27
고충처리위원을 두는 경우	정의함	LOGICAL	전담 고충처리위원의 선임 또는 위촉	26	0.85	고충처리위원을 두는 경우|전담 고충처리위원 선임 또는 위촉	2026-04-27
금융위원회	취소하여야 한다	ACTION	등록	제86조	0.95	등록 취소|의무	2026-04-27
보험설계사	해당	LOGICAL	등록 취소 대상 조건	제86조	0.9	등록 취소 대상|조건	2026-04-27
등록	근거함	STRUCTURE	등록 당시	제84조제2항	0.85	등록|등록 당시	2026-04-27
자	금지함	ACTION	거짓이나 그 밖의 부정한 방법으로	제84조제2항	0.9	부정한 방법|거짓	2026-04-27
금융위원회	정할 수 있다	ACTION	업무정지	제84조	0.95	업무정지|정할 수 있다	2026-04-27
금융위원회	취소할 수 있다	ACTION	등록	제84조	0.95	등록|취소할 수 있다	2026-04-27
보험설계사	간주함	LOGICAL	업무정지	제84조	0.9	업무정지|간주함	2026-04-27
보험설계사	간주함	LOGICAL	등록 취소	제84조	0.9	등록 취소|간주함	2026-04-27
제102조의2	위반	ACTION	3.	102조의2	0.9	위반|제102조의2	2026-04-27
제102조의3	위반함	ACTION	이 법	제102조의3	0.9	위반|제102조의3	2026-04-27
이 법에 따른 명령이나 처분	위반함	ACTION	이 법	제102조의3	0.85	위반|명령이나 처분	2026-04-27
과태료 처분을 2회 이상 받은 경우	위반함	ACTION	이 법	제102조의3	0.8	과태료 처분|2회 이상	2026-04-27
이 법	참조함	STRUCTURE	금융소비자 보호에 관한 법률	제102조의3	0.95	이 법|금융소비자 보호에 관한 법률	2026-04-27
제51조제1항제3호부터 제5호까지의 어느 하나	참조함	STRUCTURE	금융소비자 보호에 관한 법률	제51조제1항제3호	0.95	제51조제1항제3호부터 제5호까지|금융소비자 보호에 관한 법률	2026-04-27
금융위원회	청문을 하여야 한다	ACTION	보험설계사	제51조제2항	0.95	보험설계사 등록 취소 및 업무 정지|청문	2026-04-27
금융위원회	통보를 하여야 한다	ACTION	보험설계사 및 해당 보험설계사가 소속된 보험회사 등	제51조제2항	0.95	보험설계사 등록 취소 및 업무 정지|통보	2026-04-27
금융위원회	등록 취소 또는 업무 정지 명령	ACTION	보험설계사	제51조제2항	0.9	보험설계사 등록 취소 및 업무 정지	2026-04-27
보험대리점이 되려는 자	요구함	ACTION	금융위원회	87	0.95	보험대리점이 되려는 자|등록|금융위원회	2026-04-27
다음 각 호의 어느 하나에 해당하는 자	금지함	ACTION	보험대리점	87	0.9	다음 각 호의 어느 하나에 해당하는 자|보험대리점	2026-04-27
보험대리점이 되려는 자	준용함	STRUCTURE	대통령령	87	0.85	보험대리점이 되려는 자|대통령령	2026-04-27
금융위원회	허용함	ACTION	보험대리점이 영업보증금을 예탁하도록 요구	제84조제2항	0.95	영업보증금|예탁|보험대리점	2026-04-27
다음 각 호의 어느 하나에 해당하는 자	금지함	ACTION	법인보험대리점의 임원	제87조의2	0.95	법인보험대리점 임원 자격|임원|금지	2026-04-27
자	정의함	LOGICAL	제5조제1항제1호ㆍ제2호 및 제4호에 해당하는 자	제5조제1항	0.95	정의|자	2026-04-27
자	정의함	LOGICAL	금고 이상의 실형을 선고받고 그 집행이 끝나거나 집행이 면제된 날 부터 3년이 지나지 아니한 자	제84조제2항제5호부터 제7호까지	0.95	금고 이상의 실형|집행이 끝나거나 면제된 날|3년이 지나지 아니한	2026-04-27
자	정의함	LOGICAL	벌금 이상의 형을 선고받고 그 집행이 끝나거나 집행이 면제된 날부터 3년이 지나지 아니한 자	제84조제2항제5호부터 제7호까지	0.95	벌금 이상의 형|집행이 끝나거나 면제된 날|3년이 지나지 아니한	2026-04-27
구체적인 사항	준용함	LOGICAL	대통령령으로 정한다	제84조제2항제5호부터 제7호까지	0.9	대통령령|정한다	2026-04-27
법인보험대리점	금지함	ACTION	보험계약의 모집 업무 이외의 업무	제87조의3	0.95	업무범위|제한	2026-04-27
법인보험대리점	공시하고 알려야 함	ACTION	경영현황 등 대통령령으로 정하는 업무상 주요 사항	제87조의3	0.95	업무상 주요 사항|공시	2026-04-27
업무범위	정의함	LOGICAL	법인보험대리점이 수행할 수 있는 업무의 범위	제87조의3	0.9	업무범위|정의	2026-04-27
금융위원회	요구함	ACTION	등록취소	제88조	0.95	등록취소	2026-04-27
등록	정의함	LOGICAL	등록 당시	제87조제2항	0.85	등록|등록 당시	2026-04-27
자	금지함	ACTION	거짓	제87조제2항	0.8	거짓|부정한 방법	2026-04-27
등록	정의함	LOGICAL	제87조에 따른 등록	제87조	0.85	등록|제87조에 따른 등록	2026-04-27
등록	참조함	STRUCTURE	제87조	제87조	0.9	등록|제87조	2026-04-27
제87조의3제1항 위반	위반함	ACTION	제87조의3제1항	제87조의3제1항	0.95	위반|제87조의3제1항	2026-04-27
제87조의3제1항 위반	처벌대상임	SANCTION	5	제87조의3제1항	0.95	처벌|제87조의3제1항 위반	2026-04-27
금융위원회	허용함	ACTION	업무 정지	제101조	0.95	업무 정지	2026-04-27
금융위원회	허용함	ACTION	등록 취소	제101조	0.95	등록 취소	2026-04-27
제102조의2	위반함	ACTION	제102조의2	102조의2	0.9	위반	2026-04-27
제102조의3	위반	ACTION	이 법에 따른 명령이나 처분	제102조의3	0.9	위반|명령|처분	2026-04-27
이 법에 따른 명령이나 처분	위반	ACTION	금융소비자 보호에 관한 법률	제102조의3	0.8	위반|명령|처분|법률	2026-04-27
제102조의3	참조함	STRUCTURE	금융소비자 보호에 관한 법률	제102조의3	0.9	참조|법률	2026-04-27
제51조제1항제3호부터 제5호까지의 어느 하나에 해당하는 경우	참조함	STRUCTURE	금융소비자 보호에 관한 법률	제51조제1항제3호	0.92	제51조제1항제3호부터 제5호까지의 어느 하나에 해당하는 경우|금융소비자 보호에 관한 법률	2026-04-27
보험설계사	간주함	LOGICAL	보험대리점	제51조제2항	0.8	해당|보험대리점	2026-04-27
준용	준용함	LOGICAL	제86조제3항 및 제4항	제86조제3항 및 제4항	0.95	준용|제86조제3항 및 제4항	2026-04-27
자	요구함	ACTION	금융위원회에 등록	89	0.95	보험중개사 등록|대통령령에 따른 구분	2026-04-27
다음 각 호의 어느 하나에 해당하는 자	금지함	ACTION	보험중개사가 되다	89	0.9	보험중개사 등록|제한 대상	2026-04-27
자	정의함	LOGICAL	보험설계사 또는 보험대리점으로 등록된 자	제84조제2항	0.95	자|보험설계사|보험대리점	2026-04-27
자	정의함	LOGICAL	다른 보험회사등의 임직원	제84조제2항	0.95	자|다른 보험회사등의 임직원	2026-04-27
보험중개사	예탁함	ACTION	영업보증금	제87조제2항제4호 및 제5호	0.95	영업보증금|예탁	2026-04-27
금융위원회	요구함	ACTION	보험중개사가 영업보증금을 예탁하도록 하다	제87조제2항제4호 및 제5호	0.9	금융위원회|보험중개사|영업보증금|예탁	2026-04-27
대통령령	정한다	STRUCTURE	보험중개사의 구분, 등록요건, 영업기준 및 영업보증금 한도액	제87조제2항제4호 및 제5호	0.85	대통령령|보험중개사|영업보증금|한도액	2026-04-27
자	금지함	ACTION	법인보험중개사의 임원이 되다	제89조의2	0.95	법인보험중개사 임원|금융회사의 지배구조에 관한 법률	2026-04-27
법인보험중개사 임원	참조함	STRUCTURE	금융회사의 지배구조에 관한 법률	제89조의2	0.9	법인보험중개사 임원|금융회사의 지배구조에 관한 법률	2026-04-27
자	정의함	LOGICAL	제5조제1항제1호ㆍ제2호 및 제4호에 해당하는 자 2.	제5조	0.95	자|제5조제1항제1호ㆍ제2호 및 제4호에 해당하는 자 2.	2026-04-27
임원	정한다	ACTION	대통령령	제84조제2항제5호부터 제7호까지	0.95	임원 자격요건|대통령령	2026-04-28
제84조제2항제5호부터 제7호까지	정의함	LOGICAL	임원 자격요건	제84조제2항제5호부터 제7호까지	0.9	임원 자격요건	2026-04-28
법인보험중개사	금지함	ACTION	대 통령령으로 정하는 업무 또는 보험계약의 모집 업무 이외의 업무	제89조의3	0.95	업무제한|법인보험중개사|대 통령령|보험계약자 보호	2026-04-28
법인보험중개사	요구함	ACTION	공시하고 금융위원회에 알려야 한다	제89조의3	0.95	공시|알려야 한다|금융위원회|경영현황|대통령령	2026-04-28
법인	해당함	ACTION	각 호	제89조제2항	0.9	부채가 자산을 초과|각 호	2026-04-28
법인	예외로함	LOGICAL	제5호	제89조제2항	0.9	부채가 자산을 초과|제5호|대통령령으로 정하는 법인	2026-04-28
자	예외로함	LOGICAL	제89조제2항 각 호의 어느 하나에 해당하는 자이었음이 밝혀진 경우	제89조제2항	0.6	부정한 방법|제89조제2항	2026-04-28
자	가중함	SANCTION	거짓이나 그 밖의 부정한 방법으로	제89조제2항	0.7	부정한 방법|제89조제2항	2026-04-28
등록	한	ACTION	제89조에 따른 등록을 한 경우 3의2.	제89조	0.9	등록|제89조에 따른 등록	2026-04-28
등록	참조함	STRUCTURE	제89조	제89조	0.95	등록|제89조에 따른 등록	2026-04-28
위반	위반한 경우	SANCTION	4	제89조의3제1항	0.95	위반|제89조의3제1항	2026-04-28
금융위원회	허용함	ACTION	업무의 정지	제101조	0.95	위반|정지	2026-04-28
위반	정의함	LOGICAL	제101조	제101조	0.9	위반|제101조	2026-04-28
위반	위반	ACTION	제102조의2	102조의2	0.95	위반|제102조의2	2026-04-28
위반	위반함	ACTION	제102조의3	제102조의3	0.95	위반|제102조의3	2026-04-28
위반	위반함	ACTION	이 법에 따른 명령이나 처분	제102조의3	0.9	위반|이 법에 따른 명령이나 처분	2026-04-28
금융소비자 보호에 관한 법률	참조함	STRUCTURE	제51조제1항	51	0.95	금융소비자 보호에 관한 법률|제51조제1항	2026-04-28
보험중개사	정의함	LOGICAL	제1호, 제4호부터 제6호까지에 해당하는 경우	제51조제2항	0.9	보험중개사|제1호|제4호|제5호|제6호	2026-04-28
보험중개사	근거함	STRUCTURE	대통령령으로 정하는 경우(업무의 정지를 명하는 경우로 한정한다)	제51조제2항	0.7	대통령령|업무의 정지	2026-04-28
금융기관	정의함	LOGICAL	다음 각 호의 어느 하나에 해당하는 기관	91	0.95	영업기준|금융기관 정의	2026-04-28
제87조	준용함	STRUCTURE	제86조제3항 및 제4항	제87조	0.3	준용	2026-04-28
보험대리점·보험중개사	허용함	ACTION	등록	제89조	0.95	등록	2026-04-28
금융기관보험대리점등	허용함	ACTION	모집	제89조	0.95	모집	2026-04-28
금융기관보험대리점등	허용함	ACTION	보험상품	제89조	0.9	보험상품	2026-04-28
금융기관보험대리점등	근거함	STRUCTURE	대통령령	제89조	0.9	대통령령	2026-04-28
보험대리점·보험중개사	요구함	ACTION	등록·모집	제89조	0.85	등록|모집	2026-04-28
특례	예외로함	LOGICAL	금융기관보험대리점등	제91조의2	0.9	특례|금융기관보험대리점등	2026-04-28
제87조의2제1항	참조함	STRUCTURE	제87조	제87조의2제1항	0.9	제87조의2제1항|제87조	2026-04-28
제87조의3	예외로함	LOGICAL	적용	제87조의3	0.95	제87조의3|적용하지 않음	2026-04-28
보험중개사	요구함	ACTION	장부에 적고 보험계약자에게 알려야 하며 수수료에 관한 사항을 비치하여 열람할 수 있도록 하여야 한다	제92조	0.95	장부에 적는다|알려야 한다|비치하여 열람할 수 있도록 하여야 한다	2026-04-28
보험중개사	금지함	ACTION	보험회사의 임직원이 된다	제92조	0.95	임직원이 될 수 없다	2026-04-28
보험중개사	금지함	ACTION	보험회사·보험설계사·보험 대리점·보험계리사·손해사정사의 업무를 겸한다	제92조	0.95	업무를 겸할 수 없다	2026-04-28
보험설계사ㆍ보험대리점 또는 보험중개사	요구함	ACTION	금융위원회	제93조	0.95	신고|의무	2026-04-28
제84조	정의함	LOGICAL	N/A	84	0.0		2026-04-28
제87조	참조함	STRUCTURE	제87조	Unknown	0.6	제87조	2026-04-28
등록 신청 서류 변경	정의함	LOGICAL	서류에 적힌 사항이 변경된 경우	89	0.9	등록 신청 서류 변경|서류에 적힌 사항이 변경된 경우	2026-04-28
해지 사유	정의함	LOGICAL	모집업무를 폐지한 경우	제84조제2항	0.95	해지 사유|모집업무 폐지	2026-04-28
해지 사유	정의함	LOGICAL	개인의 사망	제84조제2항	0.95	해지 사유|개인 사망	2026-04-28
해지 사유	정의함	LOGICAL	법인의 해산	제84조제2항	0.95	해지 사유|법인 해산	2026-04-28
해지 사유	정의함	LOGICAL	사단·재단의 소멸	제84조제2항	0.95	해지 사유|사단·재단 소멸	2026-04-28
해지 사유	정의함	LOGICAL	보험대리점·보험중개사의 위탁 해지	제84조제2항	0.95	해지 사유|위탁 해지	2026-04-28
신고	요구함	ACTION	상속인, 청산인·업무집행임원, 파산관재인, 관리인	제85조제3항	0.9	신고|제1항	2026-04-28
보험회사는	신고를 하여야 한다	ACTION	금융위원회	제85조제3항	0.95	보험회사|신고|금융위원회	2026-04-28
보험대리점 및 보험중개사	준용한다	STRUCTURE	제3항	제85조제3항	0.9	보험대리점|보험중개사|제3항	2026-04-28
보험설계사 또는 보험대리점	간주함	LOGICAL	보험설계사	제85조제3항	0.9	보험설계사|보험대리점	2026-04-28
신고	제1항에 따라	STRUCTURE	제1항	제85조제3항	0.8	신고|제1항	2026-04-28
등록수수료	정의함	LOGICAL	등록수수료	제94조	0.9	등록수수료 정의	2026-04-28
제84조제2항	정의함	LOGICAL	해지 사유	제84조	0.9	해지 사유 정의	2026-04-28
제87조	정의함	LOGICAL	정의 없음	제87조	0.2	제87조	2026-04-28
보험설계사ㆍ보험대리점 또는 보험중개사가 되려는 자	요구함	ACTION	수수료	89	0.95	수수료|등록	2026-04-28
보험안내자료	정의함	LOGICAL	모집을 위하여 사용하는 보험안내자료	제95조	0.99	보험안내자료|정의	2026-04-28
보험안내자료	적어야 한다	ACTION	보험회사의 상호나 명칭 또는 보험설계사ㆍ보험대리점 또는 보험중개사의 이름ㆍ상호나 명칭	제95조	0.95	명백하고 알기 쉽게|상호나 명칭	2026-04-28
보험안내자료	적어야 한다	ACTION	보험 가입에 따른 권리ㆍ의무에 관한 주요 사항	제95조	0.95	권리ㆍ의무|주요 사항	2026-04-28
보험안내자료	적어야 한다	ACTION	보험약관으로 정하는 보장에 관한 사항	제95조	0.95	보장|보험약관	2026-04-28
보험안내자료	적어야 한다	ACTION	보험금 지급제한 조건에 관한 사항	제95조	0.95	보험금 지급제한|조건	2026-04-28
보험안내자료	적어야 한다	ACTION	해약환급금에 관한 사항	제95조	0.95	해약환급금	2026-04-28
보험안내자료	적어야 한다	ACTION	「예금자보호법」에 따른 예금자보호와 관련된 사항	제95조	0.95	예금자보호법|예금자보호	2026-04-28
보험안내자료	적어야 한다	ACTION	그 밖에 보험계약자를 보호하기 위하여 대통령령으로 정하는 사항	제95조	0.95	대통령령|보험계약자 보호	2026-04-28
보험안내자료	금지함	ACTION	금융위원회에 제출한 서류에 적힌 사항과 다른 내용	118	0.95	금융위원회 제출 서류|다른 내용	2026-04-28
보험안내자료	금지함	ACTION	보험회사의 장래의 이익 배당 또는 잉여금 분배에 대한 예상에 관한 사항	118	0.95	이익 배당 예상|잉여금 분배 예상	2026-04-28
보험안내자료	예외로함	LOGICAL	금융위원회가 필요하다고 인정하여 정하는 경우	118	0.9	금융위원회 인정|정하는 경우	2026-04-28
방송ㆍ인터넷 홈페이지 등 그 밖의 방법으로 모집을 위하여 보험회사의 자산 및 부채에 관한 사항과 장래의 이익 배당 또는 잉여금 분배에 대한 예상에 관한 사항을 불특정다수인에게 알리는 경우	준용함	STRUCTURE	제2항 및 제3항	118	0.9	방송 모집|제2항|제3항	2026-04-28
보험회사	요구함	ACTION	일반보험계약자	제95조의2	0.95	설명의무|보험계약 체결|보험금 지급	2026-04-28
일반보험계약자	예외로함	LOGICAL	보험회사의 설명의무	제95조의2	0.9	설명 거부|예외	2026-04-28
보험회사	정의함	STRUCTURE	설명의무	제95조의2	0.85	설명의무	2026-04-28
삭제	정의함	LOGICAL	제95조의3	제95조의3	0.95	삭제	2026-04-28
삭제	정의함	LOGICAL	제95조의4	제95조의4	0.7	삭제	2026-04-28
보험회사 또는 보험의 모집에 종사하는 자	요구함	ACTION	중복계약 여부 확인	제95조의5	0.95	중복계약 체결 확인|보험계약자 동의	2026-04-28
보험회사 또는 보험의 모집에 종사하는 자	요구함	ACTION	확인한 내용 즉시 통보	제95조의5	0.95	확인한 내용|즉시 통보	2026-04-28
대통령령	정한다	STRUCTURE	중복계약 체결 확인 절차 및 필요한 사항	제95조의5	0.9	대통령령|정의	2026-04-28
모집자	이용하여 모집	ACTION	통신수단	96	0.85	통신수단을 이용한 모집	2026-04-28
모집을 할 수 있는 자	정의함	LOGICAL	모집을 할 수 있는 자	제83조	0.9	모집을 할 수 있는 자	2026-04-28
모집을 할 수 있는 자	금지함	ACTION	다른 사람의 평온한 생활을 침해하는 방법으로 모집	제83조	0.95	다른 사람의 평온한 생활을 침해하는 방법으로 모집	2026-04-28
보험회사	허용함	ACTION	통신수단을 이용할 수 있도록 하여야 한다	Unknown	0.9	통신수단을 이용할 수 있도록 하여야 한다	2026-04-28
보험계약의 체결 또는 모집에 종사하는 자	금지함	ACTION	부당하게 기존 보험계약을 소멸시켜 새로운 보험계약을 청약하게 하거나 권유하는 행위	제97조	0.95	금지행위|보험계약의 체결 또는 모집에 종사하는 자	2026-04-28
보험계약의 체결 또는 모집에 종사하는 자	금지함	ACTION	실제 명의인이 아닌 자의 보험계약을 모집하거나 실제 명의인의 동의가 없는 보험계약을 모집하는 행위	제97조	0.95	금지행위|보험계약의 체결 또는 모집에 종사하는 자	2026-04-28
보험계약의 체결 또는 모집에 종사하는 자	금지함	ACTION	보험계약자 또는 피보험자의 자필서명이 필요한 경우에 자필서명을 받지 아니하고 서명을 대신하거나 다른 사람으로 하여금 서명하게 하는 행위	제97조	0.95	금지행위|보험계약의 체결 또는 모집에 종사하는 자	2026-04-28
보험계약의 체결 또는 모집에 종사하는 자	금지함	ACTION	다른 모집 종사자의 명의를 이용하여 보험계약을 모집하는 행위	제97조	0.95	금지행위|보험계약의 체결 또는 모집에 종사하는 자	2026-04-28
보험계약의 체결 또는 모집에 종사하는 자	금지함	ACTION	보험계약자 또는 피보험자와의 금전대차의 관계를 이용하여 보험계약자 또는 피보험자로 하여금 보험계약을 청약하게 하거나 이러한 것을 요구하는 행위	제97조	0.95	금지행위|보험계약의 체결 또는 모집에 종사하는 자	2026-04-28
보험계약의 체결 또는 모집에 종사하는 자	금지함	ACTION	정당한 이유 없이 '장애인차별금지 및 권리구제 등에 관한 법률'을 적용하거나 그에 따른 행위를 하는 것	제97조	0.9	금지행위|보험계약의 체결 또는 모집에 종사하는 자	2026-04-28
보험계약자	청구할 수 있다	ACTION	부활 청구	제2조	0.95	부활 청구|보험계약자|제2조	2026-04-28
보험계약자	취소할 수 있다	ACTION	새로운 보험계약	제2조	0.95	새로운 보험계약|취소|보험계약자	2026-04-28
보험계약의 체결 또는 모집에 종사하는 자	금지함	ACTION	기존보험계약을 부당하게 소멸시키거나 소멸하게 하는 행위	제2조	0.95	부당 소멸|보험계약자|체결|모집	2026-04-28
보험계약의 체결 또는 모집에 종사하는 자	금지함	ACTION	알리지 않는 행위	제2조	0.9	알리지 않는 행위|보험계약자|체결|모집	2026-04-28
보험중개사	제외함	STRUCTURE	체결 또는 모집에 종사하는 자	제2조	0.9	보험중개사|체결|모집|제외	2026-04-28
보험회사는	승낙해야 한다	ACTION	부활	제2조	0.95	부활|승낙|보험회사	2026-04-28
보험회사는	청구받음	ACTION	부활 청구	제2조	0.9	부활 청구|보험회사	2026-04-28
대통령령	정한다	STRUCTURE	부활 청구 절차 및 방법	제2조	0.9	부활 청구 절차|대통령령	2026-04-28
보험계약자	예외로함	LOGICAL	손해가 발생할 가능성이 있다는 사실을 알고 있음을 자필로 서명하는 등 대통령령으로 정하는 바에 따라 본인의 의사에 따른 행위임이 명백히 증명되는 경우	제2조	0.85	예외|자필 서명|보험계약자	2026-04-28
보험계약자	부활 청구	ACTION	부활	제2조	0.95	부활|보험계약자	2026-04-28
보험계약의 체결 또는 모집에 종사하는 자	금지함	ACTION	특별이익	98	0.99	특별이익 제공 금지|제공|약속	2026-04-28
보험계약의 체결 또는 모집에 종사하는 자	금지함	ACTION	금품	98	0.99	특별이익 제공 금지|금품	2026-04-28
보험계약의 체결 또는 모집에 종사하는 자	금지함	ACTION	보험료 할인 또는 수수료 지급	98	0.99	특별이익 제공 금지|보험료 할인|수수료 지급	2026-04-28
보험계약의 체결 또는 모집에 종사하는 자	금지함	ACTION	보험금액 약속	98	0.99	특별이익 제공 금지|보험금액 약속	2026-04-28
보험계약의 체결 또는 모집에 종사하는 자	금지함	ACTION	보험료 대납	98	0.99	특별이익 제공 금지|보험료 대납	2026-04-28
보험계약의 체결 또는 모집에 종사하는 자	금지함	ACTION	이자 대납	98	0.99	특별이익 제공 금지|이자 대납	2026-04-28
보험계약의 체결 또는 모집에 종사하는 자	금지함	ACTION	수표 또는 어음 이자 대납	98	0.99	특별이익 제공 금지|수표 이자 대납|어음 이자 대납	2026-04-28
보험계약의 체결 또는 모집에 종사하는 자	금지함	ACTION	상법에 따른 특별이익	98	0.99	특별이익 제공 금지|상법	2026-04-28
제3자	포기	ACTION	청구권 대위행사	682	0.95	포기|청구권 대위행사	2026-04-28
제3자	제682조에 따른	STRUCTURE	제682조	682	0.9	제682조에 따른	2026-04-28
보험회사	금지함	ACTION	수수료 지급	제99조	0.99	수수료 지급 금지|보험회사	2026-04-28
모집할 수 있는 자 이외의 자	금지함	ACTION	모집 위탁	Unknown	0.95	모집할 수 있는 자 이외의 자|모집 위탁	2026-04-28
모집할 수 있는 자 이외의 자	금지함	ACTION	수수료, 보수, 그 밖의 대가 지급	Unknown	0.95	모집할 수 있는 자 이외의 자|수수료|보수|대가	2026-04-28
현재 조항	참조함	STRUCTURE	제83조	Unknown	0.9	제83조	2026-04-28
현재 조항	예외로함	LOGICAL	기초서류에서 정하는 방법에 따른 경우	Unknown	0.9	기초서류|방법	2026-04-28
현재 조항	예외로함	LOGICAL	대통령령으로 정하는 경우	Unknown	0.9	대통령령	2026-04-28
보험회사가	예외로함	LOGICAL	외국보험사와 공동으로 원보험계약 인수	Unknown	0.9	보험회사가|외국보험사|원보험계약	2026-04-28
보험회사가	예외로함	LOGICAL	외국의 모집조직을 이용하여 원보험계약 또는 재보험계약 인수	Unknown	0.9	보험회사가|외국의 모집조직|원보험계약|재보험계약	2026-04-28
보험회사가	예외로함	LOGICAL	대통령령으로 정하는 경우	Unknown	0.9	보험회사가|대통령령	2026-04-28
보험중개사	금지함	ACTION	보험계약 체결 중개 수수료 청구	Unknown	0.95	보험중개사|수수료 청구	2026-04-28
보험중개사	예외로함	LOGICAL	대통령령으로 정하는 경우	Unknown	0.9	보험중개사|대통령령	2026-04-28
금융기관보험대리점등	금지함	ACTION	보험료를 대출등의 거래에 포함시키는 행위	제100조	0.95	금융기관보험대리점등|대출등|보험료|금지행위	2026-04-28
금융기관보험대리점등의 금지행위	정의함	LOGICAL	금융기관보험대리점등이 모집 시 특정 행위를 금지하는 조항	제100조	0.9	금융기관보험대리점등의 금지행위|금융기관보험대리점등|금지행위	2026-04-28
보험계약 모집	정의함	LOGICAL	보험계약을 모집하는 행위	83	0.95	보험계약 모집|정의	2026-04-28
금융기관	요구함	ACTION	보험계약 모집 시 제1호부터 제3호까지의 사항을 준수	83	0.9	금융기관|보험계약 모집|준수	2026-04-28
금융기관	금지함	ACTION	제2호부터 제5호까지의 행위 및 대통령령으로 정하는 유사 행위	83	0.9	금융기관|금지행위	2026-04-28
금융기관보험대리점등	금지함	ACTION	보험계약 체결을 대리하거나 중개하면서 발생하는 비용 또는 손실을 보험회사에 부당하게 떠넘기는 행위	83	0.9	금융기관보험대리점등|부당한 비용 전가 행위	2026-04-28
보험대리점 또는 보험중개사	금지함	ACTION	자기 또는 자기를 고용하고 있는 자를 보험계약자 또는 피보험자로 하는 보험을 모집하는 것	제101조	0.95	자기계약 금지|보험대리점|보험중개사|보험계약자|피보험자|모집	2026-04-28
자기계약 금지	간주함	LOGICAL	보험대리점 또는 보험중개사가 자기계약을 주된 목적으로 하는 모집	제101조	0.9	자기계약 금지|보험대리점|보험중개사|보험료 누계액|제1항	2026-04-28
보험회사 임직원	이행	ACTION	설명의무 및 부당권유행위 금지	제101조의2	0.9	설명의무|부당권유행위 금지	2026-04-28
설명의무 및 부당권유행위 금지	준용함	STRUCTURE	금융소비자 보호에 관한 법률	제101조의2	0.95	설명의무|부당권유행위 금지	2026-04-28
제19조제1항ㆍ제2항	상위조항	STRUCTURE	제19조	19	0.6	제19조|제19조제1항ㆍ제2항	2026-04-28
금융상품판매업자등	정의함	LOGICAL	보험회사 임직원	제22조제2항	0.99	금융상품판매업자등 정의|보험회사 임직원	2026-04-28
금융상품판매업자등	준용함	STRUCTURE	제21조	제21조	0.92	제21조 준용|금융상품판매업자등	2026-04-28
보험회사 임직원	준수사항에 관하여는	STRUCTURE	금융소비자 보호에 관한 법률	제21조	0.88	보험회사 임직원 광고 준수사항|금융소비자 보호에 관한 법률	2026-04-28
제22조제2항	준용함	STRUCTURE	제7항	제22조제2항	0.95	제22조제2항|제7항	2026-04-28
보험회사 임직원	준용함	STRUCTURE	금융소비자 보호에 관한 법률	제22조제2항	0.9	보험회사 임직원|금융소비자 보호에 관한 법률	2026-04-28
금융상품판매대리ㆍ중개업자	정의함	LOGICAL	보험회사 임직원	제25조제1항	0.95	정의|대체	2026-04-28
금융상품판매대리ㆍ중개업자가 대리ㆍ중개하는 업무	정의함	LOGICAL	보험회사 임직원의 모집 업무	제25조제1항	0.9	업무 정의|대체	2026-04-28
제102조	삭제됨	LOGICAL	삭제	102	1.0	삭제|제102조	2026-04-28
보험계약자, 피보험자, 보험금을 취득할 자, 그 밖에 보험계약에 관하여 이해관계가 있는 자	금지함	ACTION	보험사기행위	제102조의2	0.95	보험사기행위|의무	2026-04-28
보험 관계 업무 종사자	금지함	ACTION	보험계약자, 피보험자, 보험금을 취득할 자, 그 밖에 보험계약에 관하여 이해가 있는 자로 하여금 고의로 보험사고를 발생시키거나 발생하지 아니한 보험사고를 발생한 것처럼 조작하여 보험금을 수령하도록 하는 행위	102조의3	0.92	보험계약자|피보험자|보험금|보험사고|조작	2026-04-28
보험 관계 업무 종사자	금지함	ACTION	보험계약자, 피보험자, 보험금을 취득할 자, 그 밖에 보험계약에 관하여 이해가 있는 자로 하여금 이미 발생한 보험사고의 원인, 시기 또는 내용 등을 조작하거나 피해의 정도를 과장하여 보험금을 수령하도록 하는 행위	102조의3	0.92	보험계약자|피보험자|보험금|보험사고|조작|과장	2026-04-28
제102조의4	삭제함	ACTION	제102조	102조의4	0.95	삭제|제102조의4	2026-04-28
삭제	정의함	LOGICAL	제102조의5	102조의5	0.95	삭제|제102조의5	2026-04-28
보험계약자, 피보험자, 보험금을 취득할 자 또는 그 대리인	전송	ACTION	서류	제102조의6	0.95	보험금 청구|서류 전송	2026-04-28
보험계약자, 피보험자, 보험금을 취득할 자 또는 그 대리인	근거함	STRUCTURE	국민건강보험법	제102조의6	0.85	보험금 청구|국민건강보험법	2026-04-28
실손의료보험	정의함	LOGICAL	실제로 부담한 의료비만을 지급하는 제3보험상품	제102조의6	0.8	실손의료보험 정의	2026-04-28
보험회사	요청할 수 있다	ACTION	요양기관	제42조	0.95	요양기관 전송 요청|보험금 청구 서류|전자적 형태	2026-04-28
제21조	참조함	STRUCTURE	약사법	제21조	0.95	제21조|약사법	2026-04-28
요청에 따라야 한다	근거함	STRUCTURE	대통령령	30	0.9	요청에 따라야 한다|대통령령	2026-04-28
요청에 따라야 한다	예외로함	LOGICAL	제30조	30	0.85	요청에 따라야 한다|제30조	2026-04-28
요청 방법과 절차, 전송방식	근거함	STRUCTURE	대통령령	30	0.88	요청 방법과 절차|전송방식|대통령령	2026-04-28
제102조의6	상위조항	STRUCTURE	의료법	제102조의6	0.8	의료법	2026-04-28
의원급 의료기관	정의함	LOGICAL	약사법	제3조제2항제1호	0.95	의원급 의료기관|약사법	2026-04-28
개정규정	정의함	LOGICAL	약국에 대한 규정	제2조제3호	0.9	개정규정|약국에 대한 규정	2026-04-28
개정규정	참조함	STRUCTURE	제2조제3호	제2조제3호	0.95	제2조제3호|개정규정	2026-04-28
보험회사	요구함	ACTION	전산시스템 구축·운영	제102조의6	0.95	전산시스템 구축·운영|업무 수행	2026-04-28
보험회사	허용함	ACTION	전송대행기관에 위탁	제102조의6	0.95	전송대행기관|위탁	2026-04-28
보험회사	허용함	ACTION	전산시스템 직접 운영	제102조의6	0.95	전산시스템|직접 운영	2026-04-28
보험회사	요구함	ACTION	비용 부담	제102조의6	0.95	비용 부담|전산시스템 구축·운영	2026-04-28
보험회사(전송대행기관 포함)	허용함	ACTION	위원회 구성·운영	제102조의6	0.95	위원회|구성·운영	2026-04-28
종사자	금지함	ACTION	정보 누설	제102조의6	0.95	정보 누설|종사자	2026-04-28
전산시스템	금지함	ACTION	서류 전송 업무 외의 용도	제102조의6	0.92	전산시스템|서류 전송 업무	2026-04-28
금융위원회	정하여 고시한다	ACTION	필요한 사항	제102조의6	0.88	전산시스템 구축·운영|업무위탁 범위·방법·절차	2026-04-28
보험계약자나 보험금을 취득할 자	입다	ACTION	손해액	제103조	0.9	영업보증금에 대한 우선변제권|손해액	2026-04-28
영업보증금에 대한 우선변제권	정의함	LOGICAL	보험계약자나 보험금을 취득할 자가 보험중개사의 보험계약체결 중개행위와 관련하여 손해를 입은 경우에 그 손해액을 청구할 수 있는 권리	제103조	0.85	영업보증금에 대한 우선변제권|보험계약자	2026-04-28
보험계약자나 보험금을 취득할 자	우선변제권을 행사함	ACTION	영업보증금	제103조	0.88	영업보증금에 대한 우선변제권|보험계약자	2026-04-28
영업보증금	가진다	ACTION	우선 변제권	제89조제3항	0.95	영업보증금|우선 변제권	2026-04-28
우선 변제권	정의함	LOGICAL	제89조제3항	제89조제3항	0.95	우선 변제권|제89조제3항	2026-04-28
보험회사	요구함	ACTION	자산을 운용할 때 안정성ㆍ유동성ㆍ수익성 및 공익성이 확보되도록 하여야 한다	104	0.95	자산운용|안정성|유동성|수익성|공익성	2026-04-28
보험회사	요구함	ACTION	자산을 운용할 때 선량한 관리자의 주의로써 운용하여야 한다	104	0.95	자산운용|선량한 관리자의 주의	2026-04-28
자산운용의 원칙	정의함	LOGICAL	자산을 운용할 때 안정성ㆍ유동성ㆍ수익성 및 공익성이 확보되도록 하여야 하며, 선량한 관리자의 주의로써 운용하여야 한다	104	0.9	자산운용|안정성|유동성|수익성|공익성|선량한 관리자의 주의	2026-04-28
보험회사	금지함	ACTION	자산을 부동산 소유 방식으로 운용	제105조	0.95	자산운용|금지	2026-04-28
보험회사	금지함	ACTION	특별계정을 통한 부동산 소유	제108조제1항제2호	0.9	제108조제1항제2호|특별계정|부동산 소유	2026-04-28
보험회사	금지함	ACTION	상품이나 유가증권에 대한 투기를 목적으로 하는 자금 대출	제108조제1항제2호	0.9	제108조제1항제2호|투기 자금 대출|상품|유가증권	2026-04-28
보험회사	금지함	ACTION	직접·간접을 불문하고 해당 보험회사의 주식을 사도록 하기 위한 대출	제108조제1항제2호	0.9	제108조제1항제2호|주식 사기 대출|직접·간접	2026-04-28
보험회사	금지함	ACTION	직접·간접을 불문하고 정치자금의 대출	제108조제1항제2호	0.9	제108조제1항제2호|정치자금 대출|직접·간접	2026-04-28
보험회사	금지함	ACTION	해당 보험회사의 임직원에 대한 대출(보험약관에 따른 대출 및 금융위원회가 정하는 소액대출은 제외)	제108조제1항제2호	0.9	제108조제1항제2호|임직원 대출|소액대출 제외	2026-04-28
보험회사	금지함	ACTION	자산운용의 안정성을 크게 해칠 우려가 있는 행위로서 대통령령으로 정하는 행위	제108조제1항제2호	0.9	제108조제1항제2호|자산운용 안정성 해지 행위|대통령령	2026-04-28
보험회사	요구함	ACTION	자산운용	제106조	0.8	자산운용의 방법 및 비율	2026-04-28
자산운용	정의함	LOGICAL	일반계정에 자산을 운용하는 행위	제106조	0.7	자산운용의 방법 및 비율	2026-04-28
제108조제1항제1호 및 제4호	포함한다	ACTION	특별계정	108	0.95	특별계정|자산	2026-04-28
특별계정	금지함	ACTION	자산운용비율 초과	108조제1항제2호	0.95	자산운용비율|특별계정|비율 초과	2026-04-28
자산운용비율	정의함	LOGICAL	특별계정 자산 운용 시 초과할 수 없는 비율	108조제1항제2호	0.9	자산운용비율|정의	2026-04-28
자산운용비율	예외로함	LOGICAL	대통령령으로 정하는 자산의 경우 일반계정에 포함하여 적용	108조제1항제2호	0.9	자산운용비율|대통령령|예외	2026-04-28
자산운용비율	예외로함	LOGICAL	대통령령으로 정하는 금액 이하의 특별계정에 대하여는 일반계정에 포함하여 적용	108조제1항제2호	0.9	자산운용비율|대통령령|예외	2026-04-28
자산운용비율	예외로함	LOGICAL	자산운용의 건전성 향상 또는 보험계약자 보호에 필요한 경우 대통령령으로 정하는 바에 따라 비율의 50% 범위에서 인하 가능	108조제1항제2호	0.9	자산운용비율|대통령령|인하|건전성 향상	2026-04-28
자산운용비율	예외로함	LOGICAL	발행주체 및 투자수단 등을 구분하여 별도로 정할 수 있음	108조제1항제2호	0.9	자산운용비율|발행주체|투자수단|구분	2026-04-28
특별계정	요구함	ACTION	자산운용비율을 준수해야 함	108조제1항제2호	0.9	특별계정|자산운용비율|준수	2026-04-28
일반계정	준용함	STRUCTURE	자산운용비율	108조제1항제2호	0.8	일반계정|자산운용비율|준용	2026-04-28
자산운용 제한 예외	정의함	LOGICAL	다음 각 호의 어느 하나에 해당하는 경우	제107조	0.9	자산운용 제한 예외|다음 각 호의 어느 하나에 해당하는 경우	2026-04-28
자산운용 제한 예외	예외로함	LOGICAL	자산운용 제한	제107조	0.8	자산운용 제한 예외|자산운용 제한	2026-04-28
제106조 미적용	예외로함	LOGICAL	제106조	106	0.95	제106조 미적용|제106조	2026-04-28
제106조 미적용	참조함	STRUCTURE	제106조	106	0.9	제106조 미적용|제106조	2026-04-28
회계처리기준 변경	참조함	STRUCTURE	제5조제1항제1호	제5조제1항제1호	0.95	회계처리기준 변경|제5조제1항제1호	2026-04-28
회계처리기준 변경	간주함	LOGICAL	보험회사의 자산 또는 자기자본 상태 변동	제5조제1항제1호	0.9	회계처리기준 변경|자산 또는 자기자본 상태 변동	2026-04-28
보험회사의 자산 또는 자기자본 상태 변동	예외로함	LOGICAL	금융위원회의 승인	제5조제1항제1호	0.85	자산 또는 자기자본 상태 변동|금융위원회의 승인	2026-04-28
보험회사	승인을요구함	ACTION	금융위원회	제5조제1항제1호	0.8	보험회사|금융위원회	2026-04-28
보험회사	초과	LOGICAL	자산운용비율	제123조	0.95	자산운용비율 초과	2026-04-28
재무건전성 기준	지키기위하여	LOGICAL	보험회사	제123조	0.9	재무건전성 기준|보험회사	2026-04-28
금융위원회	연장할 수 있다	ACTION	기간	제106조	0.95	자산운용비율 초과|연장	2026-04-28
자산운용비율 초과	예외로함	LOGICAL	기간 연장	제106조	0.9	자산운용비율 초과|연장	2026-04-28
자산운용비율 초과	기간	LOGICAL	1년	제106조	0.9	자산운용비율 초과|1년	2026-04-28
자산운용비율 초과	기간	LOGICAL	3년	제106조	0.9	자산운용비율 초과|3년	2026-04-28
보험회사	허용함	ACTION	특별계정	제108조	0.95	특별계정|계정|자산|준비금	2026-04-28
특별계정	정의함	LOGICAL	계정	제108조	0.9	특별계정|계정	2026-04-28
연금저축계좌 설정 계약	정의함	LOGICAL	연금저축계좌를 설정하는 계약	제20조의3제1항제2호	0.95	연금저축계좌 설정 계약|연금저축계좌를 설정하는 계약	2026-04-28
연금저축계좌 설정 계약	참조함	STRUCTURE	근로자퇴직급여 보장법	제20조의3제1항제2호	0.9	근로자퇴직급여 보장법	2026-04-28
전부개정법률	정의함	LOGICAL	근로자퇴직급여 보장법	제29조제2항	0.85	전부개정법률|근로자퇴직급여 보장법	2026-04-28
전부개정법률	준용함	STRUCTURE	보험계약 및 법률	제29조제2항	0.9	전부개정법률|보험계약 및 법률	2026-04-28
보험회사	요구함	ACTION	회계처리	제2조제1항	0.95	특별계정에 속하는 자산	2026-04-28
보험회사	허용함	ACTION	이익 분배	제2조제1항	0.9	특별계정에 속하는 이익|보험계약자에게 분배	2026-04-28
특별계정에 속하는 자산의 운용방법 및 평가	정의함	LOGICAL	대통령령	제2조제1항	0.85	자산운용|대통령령	2026-04-28
특별계정에 속하는 자산	구분하여 회계처리	LOGICAL	다른 특별계정에 속하는 자산 및 그 밖의 자산	제2조제1항	0.85	특별계정에 속하는 자산|구분	2026-04-28
보험회사	금지함	ACTION	다른 회사의 의결권 있는 발행주식(출자지분 포함) 총수의 15%를 초과하는 주식 소유	109조	0.95	출자 제한|의결권 있는 발행주식|출자지분 포함|15% 초과	2026-04-28
출자 제한	정의함	LOGICAL	보험회사가 다른 회사의 의결권 있는 발행주식(출자지분 포함) 총수의 15%를 초과하는 주식을 소유할 수 없도록 제한	109조	0.95	출자 제한|의결권 있는 발행주식|출자지분 포함|15% 초과	2026-04-28
자회사의 주식	예외로함	LOGICAL	제115조에 따른 제한	제115조	0.9	자회사의 주식|금융위원회 승인|제115조	2026-04-28
보험회사	금지함	ACTION	다른 금융기관	110	0.95	자금지원 관련 금지행위	2026-04-28
제110조	참조함	STRUCTURE	금융산업의 구조개선에 관한 법률	110	0.9	자금지원 관련 금지행위	2026-04-28
금융기관	정의함	LOGICAL	제2조제1호에 따르는 금융기관	제2조제1호	0.95	정의|금융기관	2026-04-28
제106조와	참조함	STRUCTURE	제106조	106	0.5	제106조와	2026-04-28
금융기관	금지함	ACTION	다른 금융기관 또는 회사의 의결권 있는 주식을 서로 교차하여 보유하거나 신용공여하는 행위	108	0.97	자산운용한도|교차 보유|신용공여	2026-04-28
자산운용한도	제한을 피하기 위하여	LOGICAL	금융기관이 다른 금융기관 또는 회사의 의결권 있는 주식을 교차 보유하거나 신용공여하는 행위	108	0.92	자산운용한도|교차 보유|신용공여	2026-04-28
제341조	참조함	STRUCTURE	자본시장과 금융투자업에 관한 법률	제341조	0.9	제341조|자본시장과 금융투자업에 관한 법률	2026-04-28
보험회사	금지함	ACTION	의결권 행사	제165조의3	0.95	자기주식 취득 제한 회피 행위|제1항 위반	2026-04-28
금융위원회	권한을가짐	ACTION	주식 처분 및 신용 회수 등 필요한 조치	제165조의3	0.9	제1항 위반|필요한 조치	2026-04-28
자기주식 취득 제한 회피 행위	정의함	LOGICAL	서로 교차하여 주식을 취득하는 행위 및 보험계약자의 이익을 크게 해칠 우려가 있는 행위	제165조의3	0.9	자기주식 취득 제한 회피 행위	2026-04-28
삭제	정의함	LOGICAL	제110조의2	110조의2	0.95	삭제|제110조의2	2026-04-28
보험회사와 신용공여 계약을 체결한 자	허용함	ACTION	금리인하 요구	110조의3	0.95	금리인하 요구|신용공여 계약	2026-04-28
보험회사	요구함	ACTION	신용공여 계약을 체결하려는 자에게 금리인하 요구 가능성을 알려야 한다	110조의3	0.95	금리인하 요구|신용공여 계약	2026-04-28
금리인하 요구의 요건 및 절차	정의함	STRUCTURE	대통령령	110조의3	0.95	금리인하 요구|대통령령	2026-04-28
보험회사	금지함	ACTION	대주주와의 신용공여(대주주가 다른 회사에 출자하는 것을 지원하기 위한 신용공여)	제111조	0.95	대주주와의 거래제한|신용공여|대주주 출자 지원	2026-04-28
보험회사	금지함	ACTION	대주주와의 무상 자산 양도, 매매, 신용공여 또는 재보험계약(대통령령에 따른 무상 양도 또는 일반 거래 조건에 비추어 불리한 조건)	제111조	0.95	대주주와의 거래제한|무상 양도|불리한 조건	2026-04-28
보험회사	요구함	ACTION	이사회의 의결(재적이사 전원 찬성) (대통령령으로 정하는 금액 이상의 신용공여 또는 채권·주식 취득 시)	제111조	0.9	이사회 의결|신용공여 금액 초과|채권·주식 취득	2026-04-28
보험회사	보고함	ACTION	금융위원회(7일 이내) (대통령령으로 정하는 금액 이상의 신용공여 또는 채권·주식 취득, 주식에 대한 의결권 행사 시)	제111조	0.9	보고|금융위원회|7일 이내	2026-04-28
보험회사	보고함	ACTION	금융위원회(분기별) (신용공여 및 채권·주식 취득에 관한 사항)	제111조	0.9	분기별 보고|신용공여|채권·주식 취득	2026-04-28
보험회사	공시함	ACTION	인터넷 홈페이지(위험성 및 거래 내용 공시)	제111조	0.9	공시|인터넷 홈페이지	2026-04-28
대주주	금지함	ACTION	대주주 개인 이익을 위해 부당한 영향력 행사(외부에 공개되지 않은 자료 또는 정보 제공 요구)	제111조	0.9	대주주와의 거래제한|부당 영향력 행사|개인 이익	2026-04-28
제33조제7항	정의함	LOGICAL	제33조제7항	제33조제7항	0.1	제33조제7항	2026-04-28
주주	금지함	ACTION	부당한 영향력 행사	58	0.92	부당한 영향력 행사|주주	2026-04-28
부당한 영향력 행사	정의함	LOGICAL	경제적 이익 등 반대급부를 제공하는 조건으로 다른 주주 또는 출자자와 담합하여 해당 보험회사의 인사 또는 경영에 부당한 영향력을 행사하는 행위	58	0.85	부당한 영향력 행사|경제적 이익|반대급부|담합	2026-04-28
신용공여	금지함	ACTION	보험회사로부터 신용공여를 받는 행위	제106조제1항제4호 및 제5호	0.95	신용공여|비율 초과	2026-04-28
대주주 부채 초과	정의함	LOGICAL	대주주 부채가 자산을 초과하는 등 재무구조가 부실	제106조제1항제6호	0.9	대주주 부채 초과|재무구조 부실	2026-04-28
금융위원회	할 수 있다	ACTION	보험회사에 대주주에 대한 신규 신용공여 금지	제106조제1항제6호	0.95	대주주 부채 초과|재무구조 부실|경영건전성 해칠 우려	2026-04-28
금융위원회	할 수 있다	ACTION	보험회사에 대주주가 발행한 유가증권의 신규 취득 금지	제106조제1항제6호	0.95	대주주 부채 초과|재무구조 부실|경영건전성 해칠 우려	2026-04-28
금융위원회	할 수 있다	ACTION	보험회사에 대주주에 대한 자금지원 성격의 거래제한 등	제106조제1항제6호	0.95	대주주 부채 초과|재무구조 부실|경영건전성 해칠 우려	2026-04-28
대주주 부채 초과	예외로함	LOGICAL	금융위원회가 보험회사에 조치를 할 수 있다	제106조제1항제6호	0.85	대주주 부채 초과|재무구조 부실|경영건전성 해칠 우려	2026-04-28
금융위원회	요구함	ACTION	보험회사 또는 그 대주주	112	0.95	자료 제출 요구|대주주	2026-04-28
Unknown	참조함	STRUCTURE	제106조	Unknown	0.7	Unknown|제106조	2026-04-28
자료 제출 요구	요구함	ACTION	보험회사 또는 그 대주주	제111조	0.95	자료 제출 요구|보험회사|대주주	2026-04-28
자료 제출 요구	요구함	ACTION	필요한 자료	제111조	0.95	자료 제출 요구|필요한 자료	2026-04-28
보험회사	금지함	ACTION	타인을 위하여 그 소유자산을 담보로 제공하거나 채무보증을 할 수 없다	제113조	0.95	채무보증 금지|소유자산 담보 제공 금지	2026-04-28
보험회사	예외로함	LOGICAL	이 법 및 대통령령으로 정하는 바에 따라 채무보증을 할 수 있는 경우	제113조	0.9	예외|법 및 대통령령에 따른 채무보증 허용	2026-04-28
자산평가의 방법 등	정의함	LOGICAL	대통령령으로 정한다	제114조	0.95	자산평가|자산평가의 방법 등|대통령령	2026-04-28
사채의 발행	참조함	STRUCTURE	제114조의2	제114조의2	0.7	사채의 발행|제114조의2	2026-04-28
사채 발행	허용함	ACTION	사채	제123조	0.95	재무건전성 기준|유동성 유지	2026-04-28
사채 발행	허용함	ACTION	자금 차입	제123조	0.9	재무건전성 기준|유동성 유지	2026-04-28
사채 발행	참조함	STRUCTURE	자본시장과 금융투자업에 관한 법률	제123조	0.85	제3호	2026-04-28
주권비상장보험회사	할 수 있다	ACTION	자본시장과 금융투자업에 관한 법률	제9조제15항제4호	0.85	주권비상장보험회사|할 수 있다|자본시장과 금융투자업에 관한 법률	2026-04-28
주권비상장보험회사	참조함	STRUCTURE	제9조제15항제4호	제9조제15항제4호	0.95	주권비상장보험회사|제9조제15항제4호	2026-04-28
상각형 조건부자본증권	정의함	LOGICAL	사채 중 해당 사채의 발행 당시 객관적이고 합리적인 기준에 따라 미리 정하는 사유(예정사유)가 발생하는 경우 그 사채의 상환과 이자지급 의무가 감면된다는 조건이 붙은 사채	제165조의11제1항	0.97	상각형 조건부자본증권|사채|예정사유|상환과 이자지급 의무 감면	2026-04-28
상각형 조건부자본증권	간주함	LOGICAL	사채	제165조의11제1항	0.92	상각형 조건부자본증권|사채|종류	2026-04-28
예정사유	정의함	LOGICAL	미리 정하는 사유	제165조의11제1항	0.9	예정사유|사전정의|사채 조건	2026-04-28
보험회사주식 전환형 조건부자본증권	정의함	LOGICAL	사채	제165조의11제1항	0.95	보험회사주식 전환형 조건부자본증권 정의|사채	2026-04-28
보험회사주식 전환형 조건부자본증권	정의함	LOGICAL	전환조건(발행 당시 예정사유 발생 시 주식으로 전환)	제165조의11제1항	0.9	전환 조건|예정사유 발생 시 전환	2026-04-28
제469조제2항	상위조항	STRUCTURE	제469조	제469조제2항	0.95	제469조제2항|제469조	2026-04-28
제513조	정의함	LOGICAL	제513조	제513조	0.5	제513조	2026-04-28
사채	전환	ACTION	주권비상장보험회사의 주식	제516조의2	0.95	사채 전환|주식 전환	2026-04-28
전환된 주식	보유함	ACTION	상장금융지주회사	제516조의2	0.85	전환된 주식|보유	2026-04-28
금융지주회사	정의함	LOGICAL	주권상장법인	제 9조제15항제3호	0.95	정의|주권상장법인	2026-04-28
상각형 조건부자본증권	근거함	STRUCTURE	자본시장과 금융투자업에 관한 법률	제114조의3	0.95	발행|규정	2026-04-28
제165조의11제2항	구성요소	STRUCTURE	제165조의11제2항	제165조의11제2항	0.5	제165조의11제2항	2026-04-28
제314조제8항	준용함	ACTION	자본시장과 금융투자업에 관한 법률	제314조제8항	0.95	보험회사주식 전환형 조건부자본증권	2026-04-28
보험회사주식 전환형 조건부자본증권의 발행 등에 관하여	참조함	STRUCTURE	자본시장과 금융투자업에 관한 법률	제314조제8항	0.9	보험회사주식 전환형 조건부자본증권	2026-04-28
제165조의 6	참조함	STRUCTURE	제165조	제165조의 6	0.95	제165조의 6|제165조	2026-04-28
제165조의9	참조함	STRUCTURE	제165조	제165조의9	0.9	제165조의9|제165조	2026-04-28
제165조의11제2항	상위조항	STRUCTURE	제165조	제165조의11제2항	0.6	제165조의11제2항	2026-04-28
준용	준용함	STRUCTURE	제314조제8항	제314조제8항	0.95	준용|제314조제8항	2026-04-28
주권비상장보험회사	요구함	ACTION	금융지주회사주식 전환형 조건부자본증권 발행절차	제114조의4	0.95	발행|절차	2026-04-28
주권비상장보험회사	요구함	ACTION	이사회의 의결	제114조의4	0.9	이사회|의결	2026-04-28
상장금융지주회사	요구함	ACTION	이사회의 의결과 상법	제114조의4	0.9	이사회|의결|상법	2026-04-28
주권비상장보험회사 및 상장금융지주회사	요구함	ACTION	주식교환계약서 작성	제114조의4	0.85	주식교환계약서|작성	2026-04-28
주권비상장보험회사	발행	ACTION	전환형 조건부자본증권	제434조	0.95	전환형 조건부자본증권|주권비상장보험회사	2026-04-28
주권비상장보험회사	준용	STRUCTURE	주식ㆍ사채 등의 전자등록 에 관한 법률	제434조	0.9	주식ㆍ사채 등의 전자등록 에 관한 법률|제434조에 따른 주주총회의 결의	2026-04-28
주권비상장보험회사 및 상장금융지주회사	발행하여야 한다	ACTION	금융지주회사주식 전환형 조건부자본증권	제2조제2호	0.95	전자등록|발행|제2조제2호	2026-04-28
주권비상장보험회사 및 상장금융지주회사	준용	STRUCTURE	상법	제2조제2호	0.9	상법|준용	2026-04-28
전자등록	방법으로	LOGICAL	발행	제2조제2호	0.8	전자등록|발행	2026-04-28
금융지주회사주식 전환형 조건부자본증권	등기해야 한다	ACTION	총액 등 대통령령으로 정하는 사항	476	0.9	등기|총액|대통령령	2026-04-28
상장금융지주회사의 주주	청구할 수 있다	ACTION	자기가 소유하고 있는 주식의 매수	476	0.85	주주|주식 매수|청구|의사 통지	2026-04-28
상장금융지주회사의 주주	통지함	ACTION	그 의결에 반대하는 의사	476	0.8	통지|의사|반대	2026-04-28
주식의 매수기간 및 매수가액의 결정	관계함	STRUCTURE	상법	476	0.7	상법|매수기간|매수가액	2026-04-28
제476조에 따른 납입이 완료된 날	시작점	LOGICAL	등기	476	0.7	납입 완료|2주일 이내|등기	2026-04-28
주권비상장보험회사 및 상장금융지주회사	유보	ACTION	주식	제374조의2	0.95	전환 및 교환	2026-04-28
제374조의2	준용함	STRUCTURE	제374조의2제2항부터 제5항	제374조의2	0.85	준용	2026-04-28
전환 및 교환	효력발생	LOGICAL	예정사유가 발생한 날부터 15영업일 이내에 대통령령으로 정하는 날	제374조의2	0.8	전환|교환|효력발생	2026-04-28
제374조의2	참조함	STRUCTURE	상법	제374조의2	0.7	상법	2026-04-28
주권비상장보험회사	허용함	ACTION	주권 발행	제355조제1항	0.95	발행하지 않음|제6항에 따른 효력 발생	2026-04-28
제355조제1항	참조함	STRUCTURE	제6항	제355조제1항	0.9	제6항에 따른 효력 발생	2026-04-28
주권비상장보험회사 및 상장금융지주회사	요구함	ACTION	금융지주회사주식 전환형 조건부자본증권의 변경등기	제2조제1항제1호	0.95	주권비상장보험회사|상장금융지주회사|변경등기|전환형 조건부자본증권	2026-04-28
금융지주회사주식 전환형 조건부자본증권	변경됨	ACTION	보험회사주식 전환형 조건부자본증권	제2조제1항제1호	0.9	금융지주회사주식 전환형 조건부자본증권|보험회사주식 전환형 조건부자본증권|전환|예정사유	2026-04-28
변경등기	요구함	ACTION	효력발생일부터 2주일 이내	제2조제1항제1호	0.85	전환|교환|효력발생일|2주일 이내	2026-04-28
변경등기	요구함	ACTION	변경되는 날부터 2주일 이내	제2조제1항제1호	0.85	제8항|변경|2주일 이내	2026-04-28
주식교환계약서	예외로함	LOGICAL	변경등기	제2조제1항제1호	0.8	주식교환계약서|예외	2026-04-28
금융지주회사주식 전환형 조건부자본증권의 발행	준용함	STRUCTURE	상법	제2조제1항제1호	0.9	발행|상법	2026-04-28
제424조	참조함	STRUCTURE	제2조	제424조	0.2	제2조	2026-04-28
제424조의2	상위조항	STRUCTURE	제424조	424조의2	0.7	제424조의2|제424조	2026-04-28
Unknown	참조함	STRUCTURE	제432조까지의 규정	Unknown	0.9	제432조까지의 규정	2026-04-28
Unknown	참조함	STRUCTURE	자본시장과 금융투자업에 관한 법률	Unknown	0.9	자본시장과 금융투자업에 관한 법률	2026-04-28
제165조의6	참조함	STRUCTURE	제165조의6제1항ㆍ제2항ㆍ제4항	제165조의6	0.8	제165조의6|제1항|제2항|제4항	2026-04-28
제165조의9	참조함	STRUCTURE	제165조의9	제165조의9	0.5	제165조의9	2026-04-28
금융지주회사주식 전환형 조건부자본증권	준용함	STRUCTURE	제 314조제8항	제 314조제8항	0.95	전환 및 교환|준용	2026-04-28
금융지주회사주식 전환형 조건부자본증권	근거함	STRUCTURE	상법	제 314조제8항	0.95	전환 및 교환|상법	2026-04-28
금융지주회사주식 전환형 조건부자본증권	요구함	ACTION	주권비상장보험회사 주식으로의 전환 및 그 전환된 주식의 상장금융지주회사 주식과의 교환	제 314조제8항	0.95	전환 및 교환	2026-04-28
제339조	정의함	LOGICAL	제339조	339	0.0	제339조	2026-04-28
제350조제2항	상위조항	STRUCTURE	제350조	제350조제2항	0.95	제350조제2항|제350조	2026-04-28
제360조의4	참조함	STRUCTURE	제360조	제360조의4	0.9	제360조의4|제360조	2026-04-28
제360조의7	상위조항	STRUCTURE	제360조	제360조의7	0.95	제360조의7|제360조	2026-04-28
제360조의11	참조함	STRUCTURE	제360조	제360조의11	0.2	제360조의11	2026-04-28
제360조의12	상위조항	STRUCTURE	제360조	제360조의12	0.95	제360조의12|제360조	2026-04-28
대통령령	정한다	ACTION	정관에 규정하여야 하는 사항, 예정사유의 구체적인 기준, 그 밖에 금융지주회사주식 전환형 조건부자본증권의 발행 등에 필요한 세부 사항	제360조의14	0.95	정관에 규정하여야 하는 사항|예정사유의 구체적인 기준|금융지주회사주식 전환형 조건부자본증권의 발행 등에 필요한 세부 사항	2026-04-28
제360조의14	준용함	STRUCTURE	정관에 규정하여야 하는 사항	제360조의14	0.9	정관에 규정하여야 하는 사항	2026-04-28
의결권 제한	정의함	LOGICAL	의결권 제한	제114조의5	0.7	의결권 제한	2026-04-28
의결권 제한	참조함	STRUCTURE	제114조의5	제114조의5	0.6	의결권 제한|제114조의5	2026-04-28
보험회사	요구함	ACTION	주식 전환	제114조의2제1항제2호 및 제3호	0.95	주식 전환|보험회사	2026-04-28
상장금융지주회사	요구함	ACTION	주식 전환	제114조의2제1항제2호 및 제3호	0.95	주식 전환|상장금융지주회사	2026-04-28
주식 전환	준용함	STRUCTURE	금융회사의 지배구조에 관한 법률	제114조의2제1항제2호 및 제3호	0.9	주식 전환|금융회사의 지배구조에 관한 법률	2026-04-28
대주주가 되는 자	정의함	LOGICAL	같은 법	제2조제6호	0.95	대주주|같은 법	2026-04-28
대주주가 되는 자	금지함	ACTION	의결권 행사	제31조제2항	0.95	의결권 행사 제한|금융회사의 지배구조에 관한 법률	2026-04-28
대주주가 되는 자	요구함	ACTION	금융회사의 지배구조에 관한 법률 준수	제31조제2항	0.9	지배구조 준수|금융회사의 지배구조에 관한 법률	2026-04-28
대주주가 되는 자	참조함	STRUCTURE	제31조제4항	제31조제2항	0.8	제31조제4항 참조	2026-04-28
주식	요구함	ACTION	금융위원회에 승인을 신청	31조제2항	0.85	승인 신청|금융위원회	2026-04-28
금융위원회	권한을가짐	ACTION	「금융 회사의 지배구조에 관한 법률」	31조제2항	0.9	금융위원회|지배구조법	2026-04-28
주식	예외로함	LOGICAL	승인 신청	31조제2항	0.7	예외|승인 신청	2026-04-28
기간 정하기	허용함	ACTION	처분	제31조	0.95	기간 정하기|제31조에 따라	2026-04-28
기간 정하기	참조함	STRUCTURE	제31조	제31조	0.9	제31조에 따라	2026-04-28
보험회사	소유할 수 있다	ACTION	자회사	제115조	0.95	자회사의 소유|금융위원회 승인	2026-04-28
주식의 소유	정의함	LOGICAL	금융위원회로부터 승인 등을 받은 경우	제115조	0.9	주식의 소유|금융위원회 승인	2026-04-28
주식의 소유	정의함	LOGICAL	금융기관의 설립근거가 되는 법률에 따라 금융위원회로부터 그 주식의 소유에 관한 사항을 요건으로 설립 허가ㆍ인가 등을 받은 경우	제115조	0.9	주식의 소유|금융기관 설립근거	2026-04-28
제115조	참조함	STRUCTURE	금융산업의 구조개선에 관한 법률	제115조	0.85	금융산업의 구조개선에 관한 법률	2026-04-28
보험회사	보고하여야 한다	ACTION	금융위원회	제2조제1호	0.95	보고|보고기간	2026-04-28
보험회사	자회사로 소유할 수 있다	ACTION	회사	제2조제1호	0.9	자회사|소유|대통령령	2026-04-28
보험회사	신고해야 한다	ACTION	금융위원회	제2조제1호	0.9	신고|미리	2026-04-28
대통령령으로 정하는 업무	정의함	LOGICAL	금융기관이 경영하는 금융업, 신용정보업 및 채권추심업, 보험계약의 유지ㆍ해지ㆍ변경 또는 부활 등을 관리하는 업무, 그 밖에 보험업의 건전성을 저해하지 아니하는 업무	제2조제1호	0.85	정의|업종	2026-04-28
제2조제1호	상위조항	STRUCTURE	제2조	제2조제1호	0.9	구조	2026-04-28
보험회사	금지함	ACTION	은행을 자회사로 소유	제16조의2제1항	0.95	자회사 소유 제한|비금융주력자	2026-04-28
자회사 업무 변경	준용함	STRUCTURE	제1항부터 제3항까지의 규정	제16조의2제5항	0.9	자회사 업무 변경|준용	2026-04-28
금융위원회	검토하고 수리해야 한다	ACTION	신고	제16조의2제6항	0.9	신고 검토|수리	2026-04-28
대통령령	정한다	STRUCTURE	승인, 신고 또는 보고의 요건, 절차 등 필요한 사항	제16조의2제7항	0.9	승인 요건|신고 절차	2026-04-28
비금융주력자	적용함	LOGICAL	자회사 소유 제한	제16조의2제1항	0.85	비금융주력자|자회사 소유 제한	2026-04-28
보험회사	금지함	ACTION	자산을 대통령령으로 정하는 바에 따라 무상으로 양도하거나 일반적인 거래 조건에 비추어 해당 보험회사에 뚜 렷하게 불리한 조건으로 매매ㆍ교환ㆍ신용공여 또는 재보험계약을 하는 행위	116	0.95	자회사와의 금지행위|자산 무상 양도|불리한 조건 매매	2026-04-28
보험회사	금지함	ACTION	자회사가 소유하는 주식을 담보로 하는 신용공여 및 자회사가 다른 회사에 출자하는 것을 지원하기 위한 신용공여	116	0.95	자회사와의 금지행위|주식 담보 신용공여|출자 지원 신용공여	2026-04-28
보험회사	금지함	ACTION	자회사 임직원에 대한 대출(보험약관에 따른 대출과 금융위원회가 정하는 소액대출은 제외한다)	116	0.95	자회사와의 금지행위|자회사 임직원 대출|소액대출 제외	2026-04-28
보험회사	요구함	ACTION	금융위원회	제117조	0.95	자회사 보고의무|제117조|보험회사|금융위원회|제출|15일 이내|3개월 이내	2026-04-28
보험회사	예외로함	LOGICAL	제출하지 아니할 수 있다	제117조	0.9	자회사 보고의무|제117조|자회사|대통령령|제출 예외	2026-04-28
자회사 보고의무	정의함	LOGICAL	보험회사가 자회사를 소유한 날부터 15일 이내에 정관과 대통령령으로 정하는 서류를 제출하고, 사업연도 끝난 날부터 3개월 이내에 자회사의 재무상태표와 대통령령으로 정하는 서류를 제출하는 의무	제117조	0.9	자회사 보고의무|제117조|보험회사|자회사|정관|재무상태표|제출	2026-04-28
보험회사	폐쇄	ACTION	장부	118	0.95	장부 폐쇄	2026-04-28
보험회사	제출	ACTION	재무제표(부속명세서 포함) 및 사업보고서	118	0.99	재무제표 제출|사업보고서 제출	2026-04-28
보험회사	제출	ACTION	월간 업무보고서	118	0.95	월간보고서 제출	2026-04-28
보험회사	허용함	ACTION	전자문서로 제출	118	0.9	전자문서 제출 허용	2026-04-28
보험회사	제출 시한	LOGICAL	재무제표(부속명세서 포함) 및 사업보고서	118	0.85	제출 시한	2026-04-28
보험회사	요구함	ACTION	서류의 비치	119	0.8	서류의 비치|보험회사의 서류 비치	2026-04-28
서류의 비치	정의함	LOGICAL	보험회사의 서류 비치	119	0.7	서류의 비치|정의	2026-04-28
금융기관	비치하거나 제공함	ACTION	재무제표 및 사업보고서	제118조제1항	0.95	재무제표 및 사업보고서 열람|금융기관 의무	2026-04-28
재무제표 및 사업보고서 열람	참조함	STRUCTURE	제118조제1항	제118조제1항	0.9	제118조제1항에 따른	2026-04-28
보험회사	검증	ACTION	책임준비금	제120조의2	0.95	책임준비금|보험종목	2026-04-28
독립계리업자	정의함	LOGICAL	제128조제2항에 따른 독립계리업자	제128조제2항	0.95	독립계리업자 정의	2026-04-28
보험요율 산출 기관	근거함	STRUCTURE	제176조	제176조	0.95	제176조에 따른|보험요율 산출 기관	2026-04-28
책임준비금	요구함	ACTION	검증	제120조제1항	0.95	검증|적정성	2026-04-28
검증의 구체적인 내용, 절차 및 방법과 그 밖에 검증에 필요한 사항	정의함	LOGICAL	대통령령	제120조제1항	0.9	검증|대통령령	2026-04-28
배당보험계약 회계처리	참조함	STRUCTURE	대통령령	제121조의2	0.9	대통령령	2026-04-28
배당보험계약 회계처리	예외로함	LOGICAL	다른 보험계약	제121조의2	0.8	다른 보험계약	2026-04-28
배당보험계약 회계처리	참조함	STRUCTURE	제121조	제121조의2	0.9	제121조	2026-04-28
보험회사	허용함	ACTION	자산 회계처리	제121조의2	0.95	회계처리|자산	2026-04-28
보험회사	허용함	ACTION	손익 회계처리	제121조의2	0.95	회계처리|손익	2026-04-28
회계처리	근거함	STRUCTURE	대통령령	제121조의2	0.9	대통령령	2026-04-28
회계처리	근거함	STRUCTURE	금융위원회 승인	제121조의2	0.9	금융위원회 승인	2026-04-28
보험회사	요구함	ACTION	재평가적립금 사용	제122조	0.95	재평가적립금|자산재평가법	2026-04-28
제28조제2항	참조함	STRUCTURE	제28조제2항 각 호에 따른 처분	Unknown	0.92	제28조제2항|제28조제2항 각 호에 따른 처분	2026-04-28
금융위원회	허가함	ACTION	보험계약자에 대한 배당 처분	Unknown	0.93	허가|배당 처분	2026-04-28
보험계약자에 대한 배당 처분	승인을요구함	ACTION	금융위원회	Unknown	0.91	배당 처분|허가 필요	2026-04-28
보험회사	요구함	ACTION	재무건전성 기준	제123조	0.95	재무건전성|지켜야 한다	2026-04-28
금융위원회	권한을가짐	ACTION	필요한 조치	제123조	0.9	금융위원회|조치	2026-04-28
대통령령	정의함	LOGICAL	재무건전성 기준	제123조	0.85	대통령령|재무건전성 기준	2026-04-28
보험회사는	요구함	ACTION	공시	제124조	0.95	공시|대통령령|금융위원회	2026-04-28
보험협회는	요구함	ACTION	비교ㆍ공시	제124조	0.95	비교|공시|대통령령|금융위원회|보험소비자	2026-04-28
보험협회	요구함	ACTION	보험상품공시위원회 구성	제124조	0.95	보험상품공시위원회|대통령령	2026-04-28
보험회사는	요구함	ACTION	정보 제공	제124조	0.95	정보 제공|보험협회	2026-04-28
보험협회 이외의 자	요구함	ACTION	비교ㆍ공시	제124조	0.95	비교|공시|금융위원회|객관적|공정	2026-04-28
금융위원회	권한을가짐	ACTION	공시의 중단 및 시정조치 요구	제124조	0.95	공시 중단|시정조치|거짓|사실과 달라|보험계약자 보호	2026-04-28
보험회사	받아야	ACTION	금융위원회의 인가	제125조	0.95	상호협정의 인가|공동행위	2026-04-28
금융위원회	명할 수 있다	ACTION	협정의 체결·변경·폐지	제125조	0.9	공익|보험업의 건전한 발전	2026-04-28
금융위원회	협의함	ACTION	공정거래위원회	제125조	0.9	공정거래위원회|협의	2026-04-28
보험회사	예외로함	LOGICAL	경미한 사항 변경	제125조	0.85	경미한 사항|신고	2026-04-28
정관변경	예외로함	LOGICAL	알려야 한다	제126조	0.9	정관변경|조건	2026-04-28
보험회사	요구함	ACTION	기초서류 작성	127	0.95	기초서류 작성|보험상품	2026-04-28
보험회사	신고해야함	ACTION	금융위원회	127	0.95	기초서류 작성/변경|신고|금융위원회	2026-04-28
금융위원회	요구할 수 있다	ACTION	보험회사 기초서류 자료 제출	127	0.95	자료 제출|보험회사|보험상품	2026-04-28
금융위원회	수리해야함	ACTION	신고	127	0.95	신고|검토|수리	2026-04-28
대통령령	정한다	STRUCTURE	절차 및 방법	127	0.95	대통령령|절차 및 방법	2026-04-28
금융위원회	권고함	ACTION	보험회사	제127조의2	0.95	기초서류의 변경 권고	2026-04-28
기초서류의 변경 권고	정의함	LOGICAL	금융위원회가 보험회사의 기초서류를 변경하도록 권고함	제127조의2	0.9	권고|기초서류|보험회사	2026-04-28
기초서류의 내용	정의함	LOGICAL	신고한 기초서류의 내용	제127조제2항	0.9	기초서류의 내용|신고한 기초서류	2026-04-28
기초서류의 내용	정의함	LOGICAL	제3항에 따라 제출한 기초서류에 관한 자료의 내용	제127조제2항	0.9	기초서류의 내용|제3항에 따라 제출한 기초서류	2026-04-28
기초서류의 내용	참조함	STRUCTURE	제127조제2항	제127조제2항	0.95	제127조제2항	2026-04-28
기초서류의 내용	참조함	STRUCTURE	제127조제3항	제127조제2항	0.95	제127조제3항	2026-04-28
제128조의3	상위조항	STRUCTURE	제128조	제128조의3	0.95	제128조	2026-04-28
대통령령	권고할 수 있다	ACTION	기초서류의 변경	제129조	0.95	기초서류 변경 권고|대통령령	2026-04-28
변경권고	하여야 한다	ACTION	문서	제129조	0.9	구체적으로 적힌 문서|내용 및 사유	2026-04-28
변경권고	준용함	STRUCTURE	제1항	제129조	0.85	제1항에 따른	2026-04-28
보험회사	준수	ACTION	기초서류에 기재된 사항	제127조의3	0.99	기초서류 기재사항 준수	2026-04-28
금융위원회	요구함	ACTION	기초서류	제128조	0.9	기초서류에 대한 확인	2026-04-28
금융위원회	허용함	ACTION	금융감독원의 확인	제127조제2항	0.95	확인|금융감독원	2026-04-28
기초서류	신고함	ACTION	보험료 및 해약환급금 산출방법서	127조제2항	0.9	보험료 및 해약환급금 산출방법서	2026-04-28
제127조제2항	참조함	STRUCTURE	기초서류를 신고하는 경우 보험료 및 해약환급금 산출방법서에 대하여	127조제2항	0.85	제127조제2항	2026-04-28
보험요율 산출기관 또는 독립계리업자	첨부하도록 할 수 있다	ACTION	검증확인서	제176조	0.95	검증확인서|첨부	2026-04-28
보험회사	정하고 지키다	ACTION	기초서류 관리기준	제128조의2	0.95	보험회사|기초서류 관리기준|정하고 지키다	2026-04-28
기초서류 관리기준	포함한다	STRUCTURE	기초서류 작성ㆍ변경의 절차 및 기준	제128조의2	0.9	기초서류 관리기준|절차 및 기준	2026-04-28
기초서류 관리기준	포함한다	STRUCTURE	기초서류의 적정성에 대한 내부ㆍ외부 검증 절차 및 방법	제128조의2	0.9	기초서류 관리기준|검증 절차 및 방법	2026-04-28
기초서류 관리기준	포함한다	STRUCTURE	기초서류 작성 오류에 대한 통제 및 수정 방법	제128조의2	0.9	기초서류 관리기준|통제 및 수정 방법	2026-04-28
기초서류 관리기준	포함한다	STRUCTURE	기초서류 작성 및 관리과정을 감시ㆍ통제ㆍ평가하는 방법 및 관련 임직원 또는	제128조의2	0.9	기초서류 관리기준|감시ㆍ통제ㆍ평가 방법	2026-04-28
기초서류 관리기준	정의함	LOGICAL	기초서류를 작성하거나 변경할 때 지켜야 할 절차와 기준	제128조의2	0.9	기초서류 관리기준|정의	2026-04-28
보험회사	요구함	ACTION	금융위원회에 보고	제181조제2항	0.95	기초서류관리기준 제정·개정|보고 의무	2026-04-28
금융위원회	권한을가짐	ACTION	기초서류관리기준의 변경 또는 업무 개선 명령	제181조제2항	0.9	부당 판단|변경·개선 명령	2026-04-28
보험회사	요구함	ACTION	이 법 또는 다른 법령에 위반되는 내용을 포함하지 아니할 것	128조의3	0.95	기초서류 작성 및 변경|지켜야 한다	2026-04-28
보험회사	요구함	ACTION	정당한 사유 없는 보험계약자의 권리 축소 또는 의무 확대 등 보험계약자에게 불리한 내용을 포함하지 아니할 것	128조의3	0.95	기초서류 작성 및 변경|지켜야 한다	2026-04-28
보험회사	요구함	ACTION	그 밖에 보험계약자 보호, 재무건전성 확보 등을 위하여 대통령령으로 정하는 바에 따라 금융위원회가 정하는 기 준에 적합할 것	128조의3	0.95	기초서류 작성 및 변경|지켜야 한다	2026-04-28
제127조제2항 각 호의 어느 하나에 해당하지 아니하면	추정함	LOGICAL	제 1항 각 호의 사항을 지켜 작성ㆍ변경한 것으로	제127조제2항	0.95	추정|조건부	2026-04-28
제127조제2항	참조함	STRUCTURE	제1항	제127조제2항	0.9	참조|제1항	2026-04-28
금융위원회	허용함	ACTION	이해도를 평가	제128조의4	0.95	이해도 평가	2026-04-28
금융위원회	허용함	ACTION	결과를 공시	제128조의4	0.95	공시	2026-04-28
금융위원회	허용함	ACTION	평가대행기관 지정	제128조의4	0.95	평가대행기관 지정	2026-04-28
평가대행기관	요구함	ACTION	이해도를 평가	제128조의4	0.95	이해도 평가	2026-04-28
평가대행기관	요구함	ACTION	결과를 금융위원회에 보고	제128조의4	0.95	보고	2026-04-28
금융위원회	정한다	ACTION	비용의 부담, 평가 시기, 평가 방법 등 평가에 관한 사항	제128조의4	0.95	비용 부담|평가 시기|평가 방법	2026-04-28
보험회사	요구함	ACTION	보험요율 산출을 객관적이고 합리적인 통계자료를 기초로 대수의 법칙 및 통계신뢰도를 바탕으로 하여야 한다	제129조	0.95	보험요율 산출 기준	2026-04-28
보험요율	정의함	LOGICAL	보험요율은 보험금과 급부에 비해 지나치게 높지 않아야 하며, 재무건전성을 해치지 않아야 하며, 차별적이지 않아야 하며, 자동차보험의 경우 공정하고 합리적인 수준이어야 한다	제129조	0.95	보험요율 정의	2026-04-28
보험요율	금지함	ACTION	지나치게 높음	제129조	0.9	과도한 보험요율	2026-04-28
보험요율	금지함	ACTION	지나치게 낮음	제129조	0.9	과도히 낮은 보험요율	2026-04-28
보험요율	금지함	ACTION	부당 차별	제129조	0.9	부당 차별적 보험요율	2026-04-28
보험요율	금지함	ACTION	공정하지 않은 자동차보험 요율	제129조	0.9	자동차보험 공정성	2026-04-28
보험회사	보고하여야	ACTION	금융위원회	130	0.95	보고|보고사항|5일 이내|사유가 발생한 경우	2026-04-28
금융위원회	허용함	ACTION	조치	제131조	0.98	명령권|조치	2026-04-28
금융위원회	허용함	ACTION	기초서류의 변경 또는 그 사용의 정지	제131조	0.97	청문|기초서류	2026-04-28
금융위원회	허용함	ACTION	보험계약의 변경 효력	제131조	0.96	장래|효력	2026-04-28
금융위원회	허용함	ACTION	보험료 환급 또는 보험금 증액	제131조	0.96	부당한 불이익|환급|증액	2026-04-28
보험회사	요구함	ACTION	공고	제131조	0.95	공고|대통령령	2026-04-28
금융위원회	요구함	ACTION	청문	제131조	0.94	청문|기초서류	2026-04-28
금융위원회	명할	ACTION	보험계약 체결 제한	제131조의2	0.95	보험금 지급불능|보험계약 체결 제한	2026-04-28
금융위원회	명할	ACTION	보험금 전부 또는 일부의 지급정지	제131조의2	0.95	보험금 지급불능|보험금 지급정지	2026-04-28
금융위원회	명할	ACTION	그 밖에 필요한 조치	제131조의2	0.95	보험금 지급불능|필요한 조치	2026-04-28
제131조제1항	준용함	STRUCTURE	현재 조항	Unknown	0.9	제131조제1항|준용	2026-04-28
보험회사	정의함	LOGICAL	국내사무소ㆍ보험대리점 또는 보험중개사	Unknown	0.95	보험회사|정의	2026-04-28
금융위원회	명할 수 있다	ACTION	보험회사에 대한 보고 또는 자료 제출	133	0.95	자료 제출 및 검사|감독업무	2026-04-28
보험회사는	받아야 한다	ACTION	금융감독원의 검사	133	0.95	검사|자산상황	2026-04-28
금융감독원의 원장	요구할 수 있다	ACTION	보험회사에 대한 업무 또는 자산에 관한 보고, 자료 제출, 관계인 출석 및 의견 진술	133	0.95	검사|보고|자료 제출	2026-04-28
검사를 하는 자	지니고 내보여야 한다	ACTION	증표를 지니고 관계인에게 내보여야 한다	133	0.95	증표|관계인	2026-04-28
금융감독원장	보고하여야 한다	ACTION	금융위원회	133	0.95	보고|금융위원회	2026-04-28
금융감독원장	요구할 수 있다	ACTION	외부감사인에게 자료 제출을 요구할 수 있다	133	0.95	외부감사인|자료 제출	2026-04-28
금융감독원장	제2항에 따라	STRUCTURE	검사를 수행	133	0.9	제2항|검사	2026-04-28
금융감독원장	허용함	ACTION	조치	제51조	0.9	조치|허용	2026-04-28
금융감독원장	권한을가짐	ACTION	제1호의 조치	제51조	0.9	제1호|권한	2026-04-28
금융감독원장	권한을가짐	ACTION	제2호의 조치	제51조	0.9	제2호|권한	2026-04-28
금융감독원장	권한을가짐	ACTION	제3호의 조치	제51조	0.9	제3호|권한	2026-04-28
업무집행책임자	제2조제5호에 따른	STRUCTURE	제2조	제2조제5호	0.9	업무집행책임자|제2조제5호|제2조	2026-04-28
금융위원회	허용함	ACTION	보험업 허가 취소	135	0.95	보험업 허가 취소|금융위원회	2026-04-28
보험회사	간주함	LOGICAL	해당 항목에 해당	135	0.85	부정 행위|보험회사	2026-04-28
제51조제1항제4호	참조함	STRUCTURE	금융소비자 보호에 관한 법률	제51조제1항제4호	0.95	참조|법률	2026-04-28
금융위원회	요구함	ACTION	공표	제51조제2항	0.9	공표|금융위원회|보험회사	2026-04-28
금융위원회	근거함	STRUCTURE	대통령령	164	0.9	대통령령|근거	2026-04-28
금융위원회	근거함	STRUCTURE	금융감독원장의 건의	제51조제2항	0.85	건의|근거	2026-04-28
금융위원회	요구함	ACTION	통보	제135조	0.95	통보|퇴임한 임원 등에 대한 조치 내용	2026-04-28
통보	정의함	LOGICAL	퇴임한 임원 등에 대한 조치 내용	제135조	0.9	통보|퇴임한 임원 등에 대한 조치 내용	2026-04-28
금융위원회	권한을가짐	ACTION	통보	제135조	0.85	통보|퇴임한 임원 등에 대한 조치 내용	2026-04-28
금융감독원 장	정의함	LOGICAL	조치를 할 수 있다	제134조제1항	0.9	금융감독원 장|조치를 할 수 있다	2026-04-28
금융감독원 장	권한을가짐	ACTION	보험회사의 퇴임한 임원 또는 퇴직한 직원	제134조제1항	0.9	금융감독원 장|보험회사의 퇴임한 임원 또는 퇴직한 직원	2026-04-28
금융감독원 장	참조함	STRUCTURE	제134조제1항	제134조제1항	0.95	금융감독원 장|제134조제1항	2026-04-28
제2조제5호	포함함	ACTION	업무집행책임자	제2조제5호	0.95	업무집행책임자|포함	2026-04-28
보험회사의 장	허용함	ACTION	그 조치의 내용	제134조제1항	0.95	통보|제1항제1호 및 제3호에 해당하는 조치	2026-04-28
보험회사의 장	요구함	ACTION	퇴임ㆍ퇴직한 해당 임직원에게 알리고, 그 내용을 인사기록부에 기록ㆍ유지	제134조제2항	0.95	통보|퇴임ㆍ퇴직한 임직원|인사기록부	2026-04-28
제134조제2항	참조함	STRUCTURE	제134조제1항	제134조제2항	0.9	제1항에 따른 통보	2026-04-28
국내사무소ㆍ보험대리점 및 보험중개사	준용함	STRUCTURE	제136조(준용)	136	0.9	준용|보험업무	2026-04-28
Unknown	참조함	STRUCTURE	제133조	Unknown	0.9	제133조	2026-04-28
보험 회사	정의함	LOGICAL	국내사무소ㆍ보험대리점 또는 보험중개사	134	0.95	본다|정의	2026-04-28
제134조	준용함	STRUCTURE	제134조	134	0.9	준용	2026-04-28
보험회사	정의함	LOGICAL	자회사	133	0.95	보험회사|자회사	2026-04-28
보험회사	정의함	LOGICAL	위탁받은 자	133	0.95	본다|위탁받은 자	2026-04-28
제133조	준용함	STRUCTURE	제133조	133	0.9	제133조를 준용한다	2026-04-28
보험회사	해산한다	ACTION	존립기간의 만료	제137조	0.95	해산사유|존립기간의 만료	2026-04-28
보험회사	해산한다	ACTION	정관으로 정하는 사유의 발생	제137조	0.95	해산사유|정관 사유	2026-04-28
보험회사	해산한다	ACTION	주주총회 또는 사원총회 결의	제137조	0.95	해산사유|주주총회 결의	2026-04-28
보험회사	해산한다	ACTION	회사 합병	제137조	0.95	해산사유|합병	2026-04-28
보험회사	해산한다	ACTION	보험계약 전부의 이전	제137조	0.95	해산사유|보험계약 이전	2026-04-28
보험회사	해산한다	ACTION	회사 파산	제137조	0.95	해산사유|파산	2026-04-28
보험회사	해산한다	ACTION	보험업 허가취소	제137조	0.95	해산사유|허가취소	2026-04-28
보험회사	해산한다	ACTION	해산을 명하는 재판	제137조	0.95	해산사유|재판	2026-04-28
금융위원회	촉탁하여야 한다	ACTION	등기소에 등기 촉탁	제137조	0.95	금융위원회|등기소|촉탁	2026-04-28
등기소	등기하여야 한다	ACTION	보험회사의 본점 또는 주된 사무소 소재지 등기	제137조	0.95	등기소|등기	2026-04-28
결의	정의함	LOGICAL	해산ㆍ합병과 보험계약의 이전에 관한 결의	138	0.95	해산|합병|보험계약 이전	2026-04-28
제39조제2항	참조함	STRUCTURE	상법	제39조제2항	0.9	제39조제2항|상법	2026-04-28
제434조에 따라	참조함	STRUCTURE	제434조	제434조	0.95	제434조에 따라|제434조	2026-04-28
제434조에 따라	요구함	ACTION	행위(명시되지 않음)	제434조	0.9	제434조에 따라|하여야 한다	2026-04-28
해산의 결의ㆍ합병과 보험계약의 이전	요구함	ACTION	인	제139조	0.95	인|받다	2026-04-28
금융위원회	인증함	ACTION	인	제139조	0.9	금융위원회|인	2026-04-28
보험회사	이전할 수 있다	ACTION	다른 보험회사에 보험계약	제140조	0.95	보험계약 이전|전부를 포괄	2026-04-28
보험회사	이전할 수 있다	ACTION	회사자산	제140조	0.95	회사자산 이전|제1항에 따른 계약	2026-04-28
보험회사	유보해야 한다	ACTION	필요하다고 인정하는 자산	제140조	0.9	자산 유보|금융위원회 판단	2026-04-28
보험계약 등의 이전	정의함	LOGICAL	보험회사가 계약의 방법으로 책임준비금 산출의 기초가 같은 보험계약의 전부를 포괄 하여 다른 보험회사에 이전할 수 있다.	제140조	0.9	보험계약 이전 정의	2026-04-28
보험계약을 이전하려는 보험회사	요구함	ACTION	보험계약 이전 결의의 공고 및 통지와 이의 제기	141조	0.6	보험계약 이전|공고 및 통지|이의 제기	2026-04-28
보험회사	공고하고	ACTION	계약 이전의 요지와 각 보험회사의 재무상태표	Unknown	0.9	제138조에 따른 결의|2주 이내|공고	2026-04-28
보험회사	통지하여야 한다	ACTION	보험계약자	Unknown	0.9	제138조에 따른 결의|대통령령으로 정하는 방법|통지	2026-04-28
이의가 있는 자	제출할 수 있다	ACTION	이의	Unknown	0.8	이의|제출|기간|1개월 이상	2026-04-28
이의가 있는 자	제기한 이의가 10분의 1 초과 시	ACTION	보험계약을 이전하지 못한다	Unknown	0.8	이의|10분의 1|보험계약 이전 제한	2026-04-28
제138조에 따른 결의	근거함	STRUCTURE	이 규정	Unknown	0.9	제138조|결의	2026-04-28
대통령령으로 정하는 방법	근거함	STRUCTURE	통지 방법	Unknown	0.9	대통령령|통지 방법	2026-04-28
제1항	근거함	STRUCTURE	공고 및 통지	Unknown	0.9	제1항|공고 및 통지	2026-04-28
제138조에 따른 결의	2주 이내	LOGICAL	공고 및 통지	Unknown	0.8	2주|제한시간	2026-04-28
이의가 있는 자	1개월 이상	LOGICAL	이의 제출 기간	Unknown	0.8	1개월|이의 제출 기간	2026-04-28
보험계약자	이의 제기	ACTION	계약조항 변경에 대한 이의 제기	제143조	0.8	계약조항 변경|이의 제기	2026-04-28
보험계약자	예외로함	LOGICAL	변경을 받을 자가 변경을 받을 보험계약자 총수의 10분의 1을 초과하거나 그 보험금액이 변경을 받을 보험계약자의 보험금 총액의 10분의 1을 초과하는 경우에도 동일 규정 적용	제143조	0.6	10분의 1 초과|규정 동일	2026-04-28
계약조항	정의함	LOGICAL	변경	제143조	0.7	계약조항|변경	2026-04-28
기관	결의	ACTION	보험계약 이전	54	0.95	보험계약 이전의 결의|기관에 의하지 아니하고	2026-04-28
기관	제2항 및 제3항을 적용하지 않는다	ACTION	제2항 및 제3항	54	0.9	제2항 및 제3항 적용 불가	2026-04-28
보험회사	금지함	ACTION	같은 종류의 보험계약 체결	제142조	0.95	신계약 금지|보험계약 이전|주주총회등의 결의	2026-04-28
보험회사	예외로함	LOGICAL	같은 종류의 보험계약 체결	제142조	0.9	대통령령|부실	2026-04-28
보험회사	정할 수 있다	ACTION	계산의 기초의 변경	제143조	0.95	계약조건의 변경|정할 수 있다	2026-04-28
보험회사	정할 수 있다	ACTION	보험금액의 삭감과 장래 보험료의 감액	제143조	0.95	계약조건의 변경|정할 수 있다	2026-04-28
보험회사	정할 수 있다	ACTION	계약조항의 변경	제143조	0.95	계약조건의 변경|정할 수 있다	2026-04-28
계약조건의 변경	정의함	LOGICAL	보험회사가 보험계약의 전부를 이전하는 경우에 이전할 보험계약에 관하여 이전계약의 내용으로 다음 각 호의 사항을 정할 수 있다.	제143조	0.9	계약조건의 변경|정의함	2026-04-28
자산 처분의 금지 등	정의함	LOGICAL	자산 처분을 금지한다	제144조	0.8	자산 처분|금지	2026-04-28
보험회사	금지함	ACTION	자산 처분 및 채무 부담 행위	제143조	0.95	보험계약 이전|자산 처분|채무 부담	2026-04-28
보험회사	예외로함	LOGICAL	자산 처분(허가)	제143조	0.9	보험업 유지|금융위원회 허가	2026-04-28
보험회사	요구함	ACTION	지급(보험금액 삭감 비율에 따라)	제143조	0.9	보험계약 이전|보험금액 삭감|지급	2026-04-28
보험회사	적용한다	ACTION	제1항	143	0.95	제143조에 따라|계약조항의 변경	2026-04-28
보험회사	예외로함	LOGICAL	제1항 적용	143	0.92	예외|보험계약 채무 변제|금융위원회 허가	2026-04-28
보험회사	요구함	ACTION	그 취지	제145조	0.95	공고|취지|7일 이내|보험계약 이전	2026-04-28
보험회사가	승계한다	ACTION	권리와 의무	146	0.95	권리|의무|승계	2026-04-28
보험회사가	승계한다	ACTION	자산에 관한 권리와 의무	146	0.9	자산|권리|의무|승계	2026-04-28
이전을 받은 보험회사	귀속된다	ACTION	수지 및 변경	146	0.9	수지|변경|귀속	2026-04-28
보험계약자	입사한다	ACTION	상호회사	147	0.95	입사|보험계약 이전|상호회사	2026-04-28
보험회사	허용함	ACTION	보험계약 이전	제148조	0.95	해산 후|3개월 이내	2026-04-28
제158조 적용	금지함	ACTION	제158조	158	0.9	제158조 적용|제158조	2026-04-28
제158조 적용	예외로함	LOGICAL	보험계약 이전	158	0.85	제158조 적용|보험계약 이전	2026-04-28
신청서	요구함	ACTION	서류	제149조	0.95	서류 첨부|해산등기 신청	2026-04-28
보험계약 이전 인가 증명 서류	증명함	ACTION	보험계약 이전 인가	제141조의 공고 및 이의에 관한 서류 4	0.9	증명|인증	2026-04-28
보험회사	요구함	ACTION	금융위원회의 인가	150	0.95	영업양도·양수 인가|보험회사의 의무	2026-04-28
보험회사	요구함	ACTION	합병계약의 요지와 각 보험회사의 재무상태표	제151조	0.95	공고|합병계약의 요지|재무상태표	2026-04-28
제141조	정의함	LOGICAL	보험계약 이전 인가 증명 서류	141	0.7	공고|이의	2026-04-28
제141조	참조함	STRUCTURE	제141조의 공고 및 이의에 관한 서류 4.	141	0.8	공고|이의	2026-04-28
제145조	정의함	LOGICAL	정의 없음	145	0.0	정의 없음	2026-04-28
제149조	준용함	STRUCTURE	제149조	제149조	0.95	준용	2026-04-28
합병	효력이 미친다	ACTION	이의를 제기한 보험계약자 및 그 밖에 보험계약으로 발생한 권리를 가진 자	제149조	0.95	합병의 효력|보험계약자|권리 보유자	2026-04-28
보험회사	정할 수 있다	ACTION	계약조항	제152조	0.95	계약조건의 변경|합병계약	2026-04-28
계약조건의 변경	정의함	LOGICAL	계약조항의 변경	제152조	0.9	계약조건의 변경	2026-04-28
제142조	정의함	LOGICAL	REGULATION	제142조	0.5	제142조|REGULATION	2026-04-28
준용	준용함	ACTION	제144조제3항	제144조제3항	1.0	준용	2026-04-28
상호회사	허용함	ACTION	다른 보험회사와 합병	제153조	0.95	상호회사|합병	2026-04-28
합병 후 존속하는 보험회사 또는 합병으로 설립되는 보험회사	요구함	ACTION	상호회사	제153조	0.95	합병|상호회사	2026-04-28
합병 후 존속하는 보험회사 또는 합병으로 설립되는 보험회사	허용함	ACTION	주식회사	제153조	0.95	합병|주식회사	2026-04-28
상호회사와 주식회사가 합병하는 경우	준용함	STRUCTURE	이 법 또는 상법의 합병에 관한 규정	제153조	0.95	합병|상법	2026-04-28
합병계약서에 적을 사항이나 그 밖에 합병에 관하여 필요한 사항	정의함	LOGICAL	대통령령	제153조	0.95	합병계약서|대통령령	2026-04-28
사원관계	정의함	LOGICAL	합병의 경우의 사원관계	제154조	0.8	사원관계|합병	2026-04-28
보험계약자	입사	ACTION	회사	제153조	0.95	합병 후 존속|입사	2026-04-28
상호회사의 사원	지위상실	ACTION	지위	제153조	0.9	합병 후 존속|지위상실	2026-04-28
보험관계에 속하는 권리와 의무	승계	ACTION	합병 후 존속하는 주식회사 또는 합병으로 설립된 주식회사	제153조	0.9	합병|승계	2026-04-28
합병 후 존속	정의함	LOGICAL	보험계약자 입사	제153조	0.85	합병 후 존속|정의	2026-04-28
사원총회	가진다	ACTION	사원과 같은 권리	제526조제1항	0.95	권리|같은	2026-04-28
사원총회	예외로함	LOGICAL	합병계약에 따로 정한 것	제526조제1항	0.9	합병계약|예외	2026-04-28
제39조제2항	상위조항	STRUCTURE	제39조	제39조제2항	0.9	제39조	2026-04-28
제311조	정의함	LOGICAL	제311조	311	0.0	제311조	2026-04-28
보험계약의 해지	정의함	LOGICAL	보험계약의 해지에 관한 규정	312	0.8	보험계약|해지	2026-04-28
제316조제2항	참조함	STRUCTURE	제316조	316조제2항	0.6	제316조제2항	2026-04-28
제373조	상위조항	STRUCTURE	제372조	373	0.2	제373조	2026-04-28
보험계약	해지할 수 있다	ACTION	계약서에 정한 기간이 만료되었을 때	376	0.95	보험계약|해지|기간 만료	2026-04-28
보험계약	해지할 수 있다	ACTION	보험료를 납부하지 아니한 경우	376	0.95	보험계약|해지|보험료 미납	2026-04-28
보험계약	해지할 수 있다	ACTION	보험계약에 정한 사유가 발생한 경우	376	0.95	보험계약|해지|사유 발생	2026-04-28
규정 준용	준용함	ACTION	제381조까지의 규정	제381조	0.95	규정 준용|제381조까지의 규정	2026-04-28
보험회사	제출하여야 한다	ACTION	정리계획서	제155조	0.95	정리계획서|60일 전 제출	2026-04-28
금융위원회	선임	ACTION	청산인	156	0.99	보험회사가 보험업의 허가취소로 해산한 경우	2026-04-28
제156조	참조함	STRUCTURE	상법	156	0.95	상법	2026-04-28
제193조	정의함	LOGICAL	내용 없음	193	0.5	제193조|내용 없음	2026-04-28
제252조	상위조항	STRUCTURE	제252조 및	252	0.1	제252조	2026-04-28
금융위원회	요구함	ACTION	청산인	제531조제2항	0.95	청산인 선임|법적 의무	2026-04-28
금융위원회	허용함	ACTION	청산인	제255조제2항	0.95	청산인 해임|해임할 수 있다|청구에 따라|중요한 사유	2026-04-28
상법	준용함	STRUCTURE	제531조제2항	제531조제2항	0.85	상법 준용|제1항·제2항	2026-04-28
청산인 선임	정의함	LOGICAL	금융위원회가 선임한다	제531조제2항	0.9	청산인 선임 정의	2026-04-28
청산인 해임	예외로함	LOGICAL	감사	제255조제2항	0.85	감사|청산인 해임	2026-04-28
상호회사	허용함	ACTION	정관으로 다른 기준을 정할 수 있다	제255조제2항	0.8	정관|다른 기준	2026-04-28
제157조	정의함	LOGICAL	내용 없음	157	0.0	제157조	2026-04-28
보험회사	지급	ACTION	보험금	제158조	0.95	보험금 지급	2026-04-28
보험회사	지급해야 한다	ACTION	보험금	제137조제1항제2호ㆍ제6호 또는 제7호	0.95	보헛금 지급 사유|3개월 이내 발생	2026-04-28
보헛금 지급 사유	발생	LOGICAL	해산한 날부터 3개월 이내	제137조제1항제2호ㆍ제6호 또는 제7호	0.85	해산|3개월 이내	2026-04-28
보험회사	되돌려주어야 한다	ACTION	피보험자를 위하여 적립한 금액 및 아직 지나지 아니한 기간에 대한 보험료	제137조제1항제2호ㆍ제6호 또는 제7호	0.9	피보험자|적립금|미지급보험료	2026-04-28
보험회사	요구함	ACTION	채권	제159조	0.95	채권신고기간 내의 변제|보험회사	2026-04-28
제159조	참조함	STRUCTURE	상법	제159조	0.9	상법	2026-04-28
법원	정의함	LOGICAL	금융위원회	제536조제2항	0.95	법원|금융위원회	2026-04-28
금융위원회	검사할 수 있다	ACTION	청산업무와 자산상황	제160조	0.95	검사	2026-04-28
금융위원회	명령할 수 있다	ACTION	자산의 공탁	제160조	0.95	공탁	2026-04-28
금융위원회	명령할 수 있다	ACTION	청산의 감독상 필요한 명령	제160조	0.95	청산의 감독상 필요한 명령	2026-04-28
금융위원회	명할 수 있다	ACTION	업무와 자산의 관리	제161조	0.97	강제관리|해산한 보험회사	2026-04-28
금융위원회	간주함	LOGICAL	업무와 자산의 관리	제161조	0.85	해산한 보험회사|필요하다고 인정하는 경우	2026-04-28
준용	준용함	ACTION	제148조제2항	제148조제2항	0.95	준용|제148조제2항	2026-04-28
금융위원회	허용함	ACTION	관계자	162	0.95	조사대상 및 방법|관계자|조사	2026-04-28
금융위원회	요구함	ACTION	조사사항에 대한 사실과 상황에 대한 진술서의 제출	162	0.92	조사|진술서|요구	2026-04-28
금융위원회	요구함	ACTION	조사에 필요한 장부, 서류, 그 밖의 물건의 제출	162	0.92	조사|장부|서류|요구	2026-04-28
금융위원회	요구함	ACTION	문책	제133조제4항	0.95	문책|요구	2026-04-28
금융위원회	요구함	ACTION	단체의 장	제133조제4항	0.9	요구|단체의 장	2026-04-28
제133조제4항	준용함	STRUCTURE	본 조항	제133조제4항	0.9	준용	2026-04-28
보험조사협의회	정의함	LOGICAL	보험조사협의회	163	0.8	정의	2026-04-28
금융위원회	둘 수 있다	ACTION	보험조사협의회	제162조제1항	0.95	설정|둘 수 있다	2026-04-28
대통령령	정한다	ACTION	필요한 사항	제162조제1항	0.9	정한다|대통령령	2026-04-28
금융위원회	허용함	ACTION	관계자에 대한 조사실적, 처리결과, 그 밖에 관계자의 위법행위 예방에 필요한 정보 및 자료	164	0.95	공표|위법행위 예방에 필요한 정보 및 자료	2026-04-28
손해보험회사	보장	ACTION	보험금의 지급	제165조	0.95	보험금 지급보장|보장	2026-04-28
손해보험회사	보고함	ACTION	예금자보호법	제167조	0.95	지급불능의 보고|예금자보호법	2026-04-28
손해보험회사	보고함	ACTION	장	제2조제8호	0.95	보고|보고해야함	2026-04-28
손해보험협회	구성된	STRUCTURE	손해보험회사	제2조제8호	0.9	구성|협회	2026-04-28
보고	정의함	LOGICAL	손해보험협회의 장	제2조제8호나목	0.9	보고|손해보험협회의 장	2026-04-28
보고	참조함	STRUCTURE	제2조제8호나목	제2조제8호나목	0.8	보고|제2조제8호나목	2026-04-28
손해보험회사	요구함	ACTION	손해보험협회	제168조	0.95	출연|비율|대통령령	2026-04-28
출연액	정의함	LOGICAL	수입보험료 및 책임 준비금을 고려하여 대통령령으로 정하는 비율을 곱한 금액	제168조	0.9	출연액|비율|대통령령	2026-04-28
지급불능 보고	근거함	STRUCTURE	제167조	Unknown	0.95	지급불능 보고|제167조	2026-04-28
지급불능 보고	허용함	ACTION	출연	Unknown	0.9	지급불능 보고|출연	2026-04-28
대통령령	정한다	ACTION	출연금의 납부방법 및 절차	Unknown	0.9	대통령령|출연금의 납부방법 및 절차	2026-04-28
출연금의 납부방법 및 절차	근거함	STRUCTURE	제1항과 제2항	Unknown	0.9	출연금의 납부방법 및 절차|제1항과 제2항	2026-04-28
출연	근거함	STRUCTURE	제1항	Unknown	0.9	출연|제1항	2026-04-28
손해보험협회의 장	권한을가짐	ACTION	보험금의 지급	제169조	0.6	보험금의 지급|손해보험협회의 장	2026-04-28
보험사	요구함	ACTION	제3자에게 보험금	제167조	0.95	금융위원회의 확인|대통령령	2026-04-28
보험금의 지급방법 및 절차	정한다	STRUCTURE	대통령령	제167조	0.9	법제처 43 국가법령정보센터 보험업법 ② 제1항	2026-04-28
손해보험협회의 장	요구함	ACTION	자료 제출	제170조	0.9	자료 제출 요구	2026-04-28
출연금	요구함	ACTION	산정	제168조	0.9	출연금 산정|제168조에 따른 출연금 산정	2026-04-28
출연금 산정	참조함	STRUCTURE	제168조	제168조	0.8	출연금 산정|제168조	2026-04-28
손해보험회사	요구함	ACTION	자료 제출	169	0.95	자료 제출|보험금 지급	2026-04-28
자금의 차입	상위조항	STRUCTURE	제171조	제171조	0.7	자금의 차입|제171조	2026-04-28
예금보험공사 및 금융기관	허용함	ACTION	자금 차입	제3조	0.95	자금 차입|금융위원회의 승인	2026-04-28
자금 차입	근거함	STRUCTURE	금융위원회의 승인	제3조	0.9	금융위원회의 승인|자금 차입	2026-04-28
손해보험회사	허용함	ACTION	손해보험회사의 차입	제168조제1항	0.95	보증|허용	2026-04-28
보증	정의함	LOGICAL	보증할 수 있다	제168조제1항	0.9	보증|정의	2026-04-28
출연금	정의함	LOGICAL	회계처리	제172조	0.8	출연금|회계처리	2026-04-28
출연금	정의함	LOGICAL	제168조	제168조	0.9	출연금|제168조에 따른	2026-04-28
차입금	요구함	ACTION	손해보험협회의 일반예산과 구분 하여 회계처리	171조	0.95	차입금 회계처리|손해보험협회의 일반예산과 구분	2026-04-28
손해보험협회	권한을가짐	ACTION	구상권	제173조	0.7	구상권|손해보험협회	2026-04-28
손해보험회사	가 진다	ACTION	구상권	169	0.9	구상권|보험금 지급	2026-04-28
정산	정의함	LOGICAL	손해보험협회	제174조	0.9	정산|손해보험협회	2026-04-28
출연받은 금액	참조함	STRUCTURE	제168조	제168조	0.95	출연받은 금액|제168조	2026-04-28
손해보험회사	출연받다	ACTION	금액	제168조	0.95	손해보험회사|출연받다|금액	2026-04-28
보험금 지급	요구함	ACTION	보험금	제169조	0.95	보험금 지급|제169조에 따른	2026-04-28
수입(收入)한 금액	요구함	ACTION	정산	제173조	0.95	정산|수입(收入)한 금액	2026-04-28
보험회사	설립할 수 있다	ACTION	보험협회	제175조	0.95	보험협회 설립|업무질서 유지|보험업 발전 기여	2026-04-28
보험협회	법인으로 한다	LOGICAL	법인	제175조	0.9	보험협회|법인	2026-04-28
보험협회	업무를 한다	ACTION	정관으로 정하는 바에 따라 업무	제175조	0.85	정관|업무	2026-04-28
보험회사등	요구함	ACTION	규약 제정·개정	제85조의3제2항	0.95	규약 제정·개정|보험회사등|지켜야 한다	2026-04-28
규약 제정·개정	정의함	LOGICAL	대통령령으로 정하는 보험회사 간 분쟁의 자율조정 업무	제85조의3제2항	0.9	대통령령|보험회사 간 분쟁|자율조정 업무	2026-04-28
규약 제정·개정	정의함	LOGICAL	보험상품의 비교·공시 업무	제85조의3제2항	0.9	보험상품|비교·공시 업무	2026-04-28
규약 제정·개정	정의함	LOGICAL	정부로부터 위탁받은 업무	제85조의3제2항	0.9	정부|위탁 업무	2026-04-28
규약 제정·개정	정의함	LOGICAL	제1호·제1호의2 및 제2호의 업무에 부수하는 업무	제85조의3제2항	0.9	제1호|제1호의2|제2호|부수 업무	2026-04-28
규약 제정·개정	정의함	LOGICAL	대통령령으로 정하는 업무	제85조의3제2항	0.9	대통령령|정하는 업무	2026-04-28
보험회사는	설립할 수 있다	ACTION	보험요율 산출기관	제176조	0.95	보험회사|설립|보험요율 산출기관	2026-04-28
보험요율 산출기관	법인으로 한다	ACTION	법인	제176조	0.95	보험요율 산출기관|법인	2026-04-28
보험요율 산출기관	수행한다	ACTION	순보험요율의 산출ㆍ검증 및 제공	제176조	0.9	보험요율 산출기관|순보험요율|산출|검증|제공	2026-04-28
보험요율 산출기관	수행한다	ACTION	보험 관련 정보의 수집ㆍ제공 및 통계의 작성	제176조	0.9	보험요율 산출기관|보험 관련 정보|수집|제공|통계	2026-04-28
보험요율 산출기관	수행한다	ACTION	보험에 대한 조사ㆍ연구	제176조	0.9	보험요율 산출기관|조사|연구	2026-04-28
보험요율 산출기관	수행한다	ACTION	설립 목적의 범위에서 정부기관, 보험회사, 그 밖의 보험 관계 단체로부터 위탁받은 업무	제176조	0.9	보험요율 산출기관|위탁|업무	2026-04-28
보험요율 산출기관	수행한다	ACTION	대통령령으로 정하는 업무	제176조	0.9	보험요율 산출기관|대통령령|업무	2026-04-28
보험요율 산출기관	신고할 수 있다	ACTION	금융위원회에 신고	제176조	0.95	보험요율 산출기관|신고|금융위원회	2026-04-28
금융위원회	수리하여야 한다	ACTION	신고	제176조	0.95	금융위원회|신고|수리	2026-04-28
보험요율 산출기관	통계 체계적으로 통합ㆍ집적하여야 한다	ACTION	보험 관련 통계	제176조	0.9	보험요율 산출기관|통계|통합|집적	2026-04-28
보험요율 산출기관	자료 제출 요청할 수 있다	ACTION	보험회사	제176조	0.95	보험요율 산출기관|자료 제출 요청|보험회사	2026-04-28
보험회사	따라야 한다	ACTION	자료 제출 요청	제176조	0.95	보험회사|자료 제출 요청	2026-04-28
보험요율 산출기관	확인할 수 있다	ACTION	기초서류	제127조제2항	0.95	보험요율 산출기관|기초서류|확인	2026-04-28
보험요율 산출기관	수수료를 받을 수 있다	ACTION	보험회사	제127조제3항	0.9	보험요율 산출기관|수수료|보험회사	2026-04-28
보험요율 산출기관	공표할 수 있다	ACTION	순보험요율 산출에 관한 자료	제127조제3항	0.9	보험요율 산출기관|공표|순보험요율 산출에 관한 자료	2026-04-28
보험요율 산출기관	공표할 수 있다	ACTION	보험 관련 각종 조사ㆍ연구 및 통계자료	제127조제3항	0.9	보험요율 산출기관|공표|보험 관련 각종 조사ㆍ연구 및 통계자료	2026-04-28
보험요율 산출기관	산출할 수 있다	ACTION	순보험요율	제127조제3항	0.85	보험요율 산출기관|산출|순보험요율	2026-04-28
건설기계조종사 면허	정의함	LOGICAL	본문에 따른 건설기계조종사 면허를 포함한다	제26조제1항	0.92	정의|본문에 따른 건설기계조종사 면허	2026-04-28
대통령령	정의함	LOGICAL	사유에 따른 경우	33	0.95	대통령령|정의함	2026-04-28
대통령령	정의함	LOGICAL	필요한 사항	33	0.95	대통령령|정의함	2026-04-28
개인정보이용자	정의함	LOGICAL	제177조	제177조	0.9	개인정보이용자 정의	2026-04-28
개인정보이용자	참조함	STRUCTURE	제177조	제177조	0.9	개인정보이용자 참조	2026-04-28
보험업 종사자	금지함	ACTION	개인정보 누설 및 부당 사용	제176조제10항	0.95	개인정보 유출|부당 사용	2026-04-28
개인정보 유출	정의함	LOGICAL	개인정보를 누설하거나 부당하게 사용	제176조제10항	0.9	개인정보 유출|누설|부당 사용	2026-04-28
제176조제10항	상위조항	STRUCTURE	제176조	제176조제10항	0.8	상위조항	2026-04-28
감독	요구함	ACTION	보험협회, 보험요율 산출기관 및 ...	제179조	0.9	감독|보험협회|보험요율 산출기관	2026-04-28
보험 관계 단체	참조함	STRUCTURE	제178조	제178조	0.9	제178조에 따른|보험 관계 단체에 관하여는	2026-04-28
제131조제1항	상위조항	STRUCTURE	제131조	131	0.8	상위조항|조항	2026-04-28
제133조	근거함	STRUCTURE	제2조	133	0.4	제2조	2026-04-28
제134조	참조함	STRUCTURE	제2조	134	0.2	제2조	2026-04-28
제135조 준용	준용함	ACTION	제135조	제135조	0.95	제135조 준용|제135조	2026-04-28
보험협회 및 보험요율 산출기관	적용	ACTION	민법	제180조	0.95	민법의 준용|적용	2026-04-28
민법의 준용	정의함	LOGICAL	민법	제180조	0.9	민법의 준용|정의	2026-04-28
보험 관계 단체	준수	ACTION	민법 사단법인에 관한 규정	178	0.95	사단법인 규정 준수	2026-04-28
보험계리	정의함	LOGICAL	보험계리에 관한 업무	제181조	0.95	보험계리|업무	2026-04-28
보험계리사	정의함	LOGICAL	보험계리에 관한 업무를 수행하는 자	제181조	0.95	보험계리사|업무	2026-04-28
보험계리업자	정의함	LOGICAL	보험계리에 관한 업무를 수행하는 자	제181조	0.95	보험계리업자|업무	2026-04-28
보험회사	요구함	ACTION	보험계리사를 고용하여 보험계리 업무를 담당하게 함	제181조	0.95	보험계리|고용|업무	2026-04-28
보험회사	요구함	ACTION	보험계리업자에게 보험계리 업무를 위탁함	제181조	0.95	보험계리|위탁|업무	2026-04-28
보험계리사 선임	요구함	ACTION	보험계리사(선임계리사)	제184조제1항	0.95	보험계리사 선임|선임	2026-04-28
선임계리사	정의함	LOGICAL	보험계리사	제184조제1항	0.9	선임계리사 정의|보험계리사	2026-04-28
업무정지명령	요구함	ACTION	그 업무를 대행할 사람을 선임	제192조제1항	0.95	업무정지명령|선임	2026-04-28
업무정지명령	요구함	ACTION	금융위원회에 보고	제192조제1항	0.95	업무정지명령|보고	2026-04-28
보험회사의 선임계리사의 임면 등에 관하여 필요한 사항	정의함	LOGICAL	총리령	제192조제1항	0.9	선임계리사|임면	2026-04-28
업무정지명령	참조함	STRUCTURE	제192조제1항	제192조제1항	0.9	업무정지명령|제192조제1항	2026-04-28
보험계리사가 되려는 자	등록해야 한다	ACTION	금융위원회	제182조	0.95	보험계리사 자격 요건|등록	2026-04-28
보험계리사가 되려는 자	시험에 합격해야 한다	ACTION	금융감독원장이 실시하는 시험	제182조	0.9	시험|합격	2026-04-28
보험계리사가 되려는 자	실무수습을 마쳐야 한다	ACTION	일정 기간의 실무수습	제182조	0.9	실무수습	2026-04-28
총리령	정한다	ACTION	시험 과목 및 시험 면제와 실무수습 기간 등에 관한 사항	제182조	0.8	총리령|정함	2026-04-28
보험계리를 업으로 하려는 자	요구함	ACTION	금융위원회에 등록	제183조	0.95	보험계리업|등록	2026-04-28
보험계리를 업으로 하려는 법인	요구함	ACTION	대통령령으로 정하는 수 이상의 보험계리사를 두어야 한다	제183조	0.95	보험계리사|법인|대통령령	2026-04-28
제1항에 따른 등록을 하려는 자	요구함	ACTION	총리령으로 정하는 수수료를 내야 한다	제183조	0.95	수수료|등록	2026-04-28
보험계리업의 등록 및 영업기준 등에 관하여 필요한 사항	정의함	LOGICAL	대통령령으로 정한다	제183조	0.9	대통령령|정의	2026-04-28
선임계리사	검증하고 확인하여야 한다	ACTION	기초서류의 내용 및 보험계약에 따른 배당금의 계산 등이 정당한지 여부	제184조	0.95	정당성 검증|기초서류 검증	2026-04-28
선임계리사	점검하고 조사하고 이사회에 보고하여야 한다	ACTION	보험회사의 기초서류관리기준 준수 여부 및 조사 결과	제184조	0.9	기초서류관리기준 점검|이사회 보고	2026-04-28
선임계리사	판단하고 금융위원회에 보고하여야 한다	ACTION	기초서류에 법령 위반 내용	제184조	0.9	법령 위반 판단|금융위원회 보고	2026-04-28
선임계리사ㆍ보험계리사 또는 보험계리업자	금지함	ACTION	고의로 진실을 숨기거나 거짓으로 보험계리를 하는 행위	제184조	0.95	진실 숨김 금지|거짓 보험계리 금지	2026-04-28
선임계리사ㆍ보험계리사 또는 보험계리업자	금지함	ACTION	업무상 알게 된 비밀을 누설하는 행위	제184조	0.95	비밀 누설 금지	2026-04-28
선임계리사ㆍ보험계리사 또는 보험계리업자	금지함	ACTION	타인으로 하여금 자기의 명의로 보험계리업무를 하게 하는 행위	제184조	0.95	타인 명의 사용 금지	2026-04-28
선임계리사ㆍ보험계리사 또는 보험계리업자	금지함	ACTION	대통령령으로 정하는 공정한 보험계리업무 수행을 해치는 행위	제184조	0.95	공정성 해치 금지	2026-04-28
보험회사가 선임한 선임계리사	해임할 수 없다	ACTION	그 선임일이 속한 사업연도의 다음 사업연도부터 연속하는 3개 사업 연도	제184조	0.9	해임 금지|3개 사업연도	2026-04-28
선임계리사	해임할 수 있다	ACTION	기밀을 누설한 경우	제184조	0.9	기밀 누설 해임 가능	2026-04-28
선임계리사	해임할 수 있다	ACTION	업무를 게을리하여 회사에 손해를 발생한 경우	제184조	0.9	업무 게을리 해임 가능	2026-04-28
선임계리사	해임할 수 있다	ACTION	부당한 요구를 하거나 압력을 행사한 경우	제184조	0.9	부당 요구 해임 가능	2026-04-28
선임계리사	금지함	ACTION	보험상품 개발 업무(기초서류 등을 검증 및 확인하는 업무는 제외한다)를 직접 수행하는 직무	제192조	0.98	직무 제한|보험상품 개발 업무	2026-04-28
선임계리사	금지함	ACTION	보험회사의 대표이사, 최고경영자 또는 최고재무관리 책임자의 직무	제192조	0.98	직무 제한|대표이사 직무	2026-04-28
선임계리사	금지함	ACTION	대통령령으로 정하는 직무(이해가 상충할 우려가 있거나 선임계리사 업무에 전념하기 어려운 경우)	제192조	0.95	직무 제한|이해 상충 직무	2026-04-28
금융위원회	허용함	ACTION	선임계리사에게 의견을 제출하게 할 수 있다	제192조	0.95	의견 제출|업무범위	2026-04-28
금융위원회	요구함	ACTION	선임계리사 해임	제192조	0.9	해임 요구	2026-04-28
자격 요건	정의함	LOGICAL	선임계리사	제184조의2	0.8	자격 요건|선임계리사	2026-04-28
선임계리사가 되려는 사람	갖추다	ACTION	요건	제181조의2	0.95	요건|갖추다	2026-04-28
보험계리사	요구함	ACTION	보험계리업무에 10년 이상 종사한 경력	제182조제1항	0.95	경력|보험계리업무	2026-04-28
손해보험회사의 선임계리사가 되려는 사람	요구함	ACTION	보험계리업무에 3년 이상 종사한 경력	제182조제1항	0.9	경력|보험계리업무|대통령령	2026-04-28
손해보험회사의 선임계리사가 되려는 사람	요구함	ACTION	보험계리업무에 10년 이상 종사한 경력	제182조제1항	0.9	경력|보험계리업무	2026-04-28
경고ㆍ문책	정의함	LOGICAL	제134조제1항제1호	제134조제1항제1호	0.9	경고ㆍ문책|제134조제1항제1호	2026-04-28
경고ㆍ문책	정의함	LOGICAL	제134조제1항제3호	제134조제1항제3호	0.9	경고ㆍ문책|제134조제1항제3호	2026-04-28
제190조	상위조항	STRUCTURE	제2조	190	0.0	제190조|제2조	2026-04-28
선임계리사	요청할 수 있다	ACTION	정보 및 자 료의 제공	제184조의3	0.95	업무 수행|정보 제공|자 료 제공	2026-04-28
보험회사	거부해서는 안 된다	ACTION	요청	제184조의3	0.95	정당한 사유|거부 금지	2026-04-28
선임계리사의 권한 및 독립성 보장	정의함	LOGICAL	선임계리사가 업무 수행에 필요한 정보나 자 료의 제공을 요청할 수 있는 권한	제184조의3	0.9	권한|독립성 보장	2026-04-28
이사회	준용함	LOGICAL	제393조의2	제393조의2	0.9	위원회|이사회	2026-04-28
이사회	포함함	STRUCTURE	위원회	제393조의2	0.9	위원회|이사회	2026-04-28
이사회	참석할 수 있다	ACTION	위원회	제393조의2	0.9	위원회|이사회	2026-04-28
선임계리사검증의견서	정의함	LOGICAL	이하 “선임계리 사검증의견서”라 한다	제184조제1항	0.99	선임계리사검증의견서|정의	2026-04-28
보험회사	요구함	ACTION	이사회등	제184조제1항	0.95	제출|이사회등	2026-04-28
보험회사	예외로함	LOGICAL	대표이사	제184조제1항	0.9	제출|대표이사|이사회등|예외	2026-04-28
손해사정사가 되려는 자	등록	ACTION	금융위원회	제186조	0.95	등록|금융위원회	2026-04-28
손해사정사가 되려는 자	시험에 합격	ACTION	금융감독원장이 실시하는 시험	제186조	0.9	시험|합격	2026-04-28
손해사정사가 되려는 자	실무수습을 마치다	ACTION	일정 기간의 실무수습	제186조	0.9	실무수습|마치다	2026-04-28
총리령	정한다	ACTION	손해사정사의 등록, 시험 과목 및 시험 면제와 실무수습 기간 등에 관한 필요한 사항	제186조	0.9	총리령|정한다	2026-04-28
손해사정사	보조인을 둘 수 있다	ACTION	보조인	제186조	0.9	보조인|둘 수 있다	2026-04-28
보험회사 및 법인인 손해사정업자	수강함	ACTION	소속 손해사정사 교육	제186조의2	0.95	손해사정사 교육|소속 손해사정사	2026-04-28
소속 손해사정사 교육	근거함	STRUCTURE	대통령령	제186조의2	0.8	대통령령|정의	2026-04-28
보조인	요구함	ACTION	손해사정 교육	제186조제3항	0.95	손해사정 교육|보조인	2026-04-28
보조인	요구함	ACTION	교육	제186조제3항	0.95	보조인|교육	2026-04-28
손해사정업을 하려는 자	등록	ACTION	금융위원회	제187조	0.95	손해사정업|등록	2026-04-28
손해사정업을 하려는 법인	두어야 한다	ACTION	대통령령으로 정하는 수 이상의 손해사정사	제187조	0.95	손해사정업|손해사정사	2026-04-28
제1항에 따른 등록을 하려는 자	내야 한다	ACTION	총리령으로 정하는 수수료	제187조	0.95	등록|수수료	2026-04-28
제1항에 따라 등록을 한 손해사정업자	공시하여야 한다	ACTION	경영현황 등 대통령령으로 정하는 사항	제187조	0.95	공시|경영현황	2026-04-28
손해사정업의 등록, 영업기준 및 공시 등에 관하여 필요한 사항	정한다	ACTION	대통령령	제187조	0.95	정한다|대통령령	2026-04-28
손해사정사나 손해사정업자가 아닌 자	금지함	ACTION	손해사정사, 손해사정업자 또는 이와 유사한 명칭	제187조의2	0.95	사용금지|손해사정사|손해사정업자|이와 유사한 명칭	2026-04-28
손해사정사	정의함	LOGICAL	손해 발생 사실의 확인	제188조	0.95	손해사정사 업무 정의|업무 항목	2026-04-28
손해사정사	정의함	LOGICAL	보험약관 및 관계 법규 적용의 적정성 판단	제188조	0.95	손해사정사 업무 정의|업무 항목	2026-04-28
손해사정사	정의함	LOGICAL	손해액 및 보험금의 사정	제188조	0.95	손해사정사 업무 정의|업무 항목	2026-04-28
손해사정사	정의함	LOGICAL	제1호부터 제3호까지의 업무와 관련된 서류의 작성ㆍ제출의 대행	제188조	0.95	손해사정사 업무 정의|업무 항목	2026-04-28
손해사정사	정의함	LOGICAL	제1호부터 제3호까지의 업무 수행과 관련된 보험회사에 대한 의견의 진술	제188조	0.95	손해사정사 업무 정의|업무 항목	2026-04-28
손해사정업자	금지함	ACTION	보험계약자 및 이해관계자들의 이익 부당 침해	제186조제3항	0.97	손해사정업자|보험계약자|이해관계자|이익|부당 침해	2026-04-28
손해사정업자	금지함	ACTION	고의로 진실을 숨기거나 거짓으로 손해사정을 하는 행위	제186조제3항	0.95	고의|진실 숨김|거짓 손해사정	2026-04-28
손해사정업자	금지함	ACTION	보험회사 또는 보험계약자 등 어느 일방에 유리하도록 손해사정업무를 수행하는 행위	제186조제3항	0.95	편향|유리|손해사정업무	2026-04-28
손해사정업자	금지함	ACTION	업무상 알게 된 보험계약자 등에 관한 개인정보를 누설하는 행위	제186조제3항	0.95	개인정보 누설|업무상 알게 된	2026-04-28
손해사정업자	금지함	ACTION	타인으로 하여금 자기의 명의로 손해사정업무를 하게 하는 행위	제186조제3항	0.95	타인 명의|손해사정업무	2026-04-28
손해사정업자	금지함	ACTION	정당한 사유 없이 손해사정업무를 지연하거나 충분한 조사를 하지 아니하고 손해액 또는 보험금을 산정하는 행위	제186조제3항	0.95	지연|불충분 조사|손해액 산정	2026-04-28
손해사정업자	금지함	ACTION	보험회사 및 보험계약자 등에 대하여 이미 제출받은 서류와 중복되는 서류나 손해사정과 관련이 없는 서류 또는 정보를 요청함으로써 손해사정을 지연하는 행위	제186조제3항	0.95	중복 서류|지연|손해사정	2026-04-28
손해사정업자	금지함	ACTION	보험금 지급을 요건으로 합의서를 작성하거나 합의를 요구하는 행위	제186조제3항	0.95	보험금 지급|합의서 작성|합의 요구	2026-04-28
손해사정업자	금지함	ACTION	그 밖에 공정한 손해사정업무의 수행을 해치는 행위로서 대통령령으로 정하는 행위	제186조제3항	0.95	공정한 손해사정업무|대통령령	2026-04-28
손해사정사 또는 손해사정업자가 아닌 자	금지함	ACTION	손해사정업무를 수행하는 것으로 오인될 우려가 있는 표시ㆍ광고	제189조의2	0.95	손해사정의 표시ㆍ광고|오인될 우려	2026-04-28
손해사정사 또는 손해사정업자	금지함	ACTION	과대, 허위 등의 내용으로 보험계약자 등에게 피해를 줄 우려가 있는 표시ㆍ광고	제189조의2	0.95	손해사정의 표시ㆍ광고|과대|허위|피해	2026-04-28
보험계리사ㆍ선임계리사ㆍ보험계리업자ㆍ손해사정사 및 손해사정업자	정의함	LOGICAL	등록 취소	190	0.85	등록 취소|등록의 취소 등	2026-04-28
등록 취소	정의함	LOGICAL	제190조	190	0.9	등록 취소|제190조	2026-04-28
준용	준용함	STRUCTURE	제86조	제86조	0.95	준용|제86조	2026-04-28
제86조제1항제3호	상위조항	STRUCTURE	제86조제1항	제86조제1항제3호	0.9	제86조제1항제3호|제86조제1항	2026-04-28
제84조	상위조항	STRUCTURE	제86조	84	0.1	제86조	2026-04-28
제182조제1항	정의함	LOGICAL	내용 없음	제182조제1항	0.0	제182조제1항	2026-04-28
제183조제1항	상위조항	STRUCTURE	제183조	제183조제1항	0.9	하위조항|상위조항	2026-04-28
제186조	구조	STRUCTURE	제186조제1항	제186조제1항	0.9	제186조|제186조제1항	2026-04-28
제187조제1항	정의함	LOGICAL	제187조제1항	제187조제1항	0.5	정의	2026-04-28
모집	정의함	LOGICAL	보 험계리	제86조제2항제1호	0.95	모집|보 험계리	2026-04-28
모집	정의함	LOGICAL	손해사정	제86조제2항제1호	0.95	모집|손해사정	2026-04-28
금융위원회	허용함	ACTION	보험계리업자 또는 손해사정업자에게 금융위원회가 지정하는 기관에의 자산 예탁, 보험 가입, 그 밖에 필요한 조치를 하게 할 수 있다	191	0.95	손해배상 보장|자산 예탁	2026-04-28
손해배상 보장	정의함	LOGICAL	보험계리업자 또는 손해사정업자가 고의 또는 과실로 타인에게 손해를 발생시킨 경우 그 손해의 배상을 보장하기 위한 조치	191	0.9	손해배상 보장|고의|과실	2026-04-28
금융위원회	권한을가짐	ACTION	업무	192	0.95	감독|정지·해임	2026-04-28
제131조제1항	정의함	LOGICAL	내용 없음	131	0.1	제131조제1항	2026-04-28
제133조	참조함	STRUCTURE	제??조	133	0.3	제133조	2026-04-28
보 험회사	정의함	LOGICAL	보험계리업자	제134조제1항	0.95	보 험회사|보험계리업자	2026-04-28
보 험회사	정의함	LOGICAL	손해사정업자	제134조제1항	0.95	보 험회사|손해사정업자	2026-04-28
금융위원회	요구함	ACTION	공제업을 운영하는 자	제193조	0.95	공제업을 운영하는 자|기초서류에 해당하는 사항|재무건전성에 관한 사항	2026-04-28
금융위원회	요구함	ACTION	공제업 관련 중앙행정기관의 장	제193조	0.95	공제업 관련 중앙행정기관의 장|재무건전성에 관한 사항	2026-04-28
공제업을 운영하는 자	따라야 한다	ACTION	요구	제193조	0.95	정당한 사유가 없으면|요구	2026-04-28
업무	요구함	ACTION	보험협회	제194조	0.9	업무의 위탁|보험협회	2026-04-28
보험설계사	요구함	ACTION	업무	84	0.9	등록업무|보험설계사|업무	2026-04-28
보험설계사	근거함	STRUCTURE	제84조	84	0.95	제84조|보험설계사	2026-04-28
등록업무	참조함	STRUCTURE	제87조	제87조	0.95	등록업무|제87조	2026-04-28
등록업무	정의함	LOGICAL	보험대리점의 등록업무	제87조	0.95	등록업무|보험대리점의 등록업무	2026-04-28
업무	위임함	STRUCTURE	금융감독원장	제87조	0.95	업무|위임|금융감독원장	2026-04-28
보험중개사	요구함	ACTION	등록업무	제89조	0.95	보험중개사|등록업무	2026-04-28
보험중개사	참조함	STRUCTURE	제89조	제89조	0.9	제89조|등록업무	2026-04-28
보험계리사	요구함	ACTION	업무	제182조	0.95	등록업무|보험계리사	2026-04-28
제182조	근거함	STRUCTURE	보험계리사 등록업무	제182조	0.85	제182조|등록업무	2026-04-28
자	요구함	ACTION	보험계리	183	0.9	등록업무|제183조에 따른	2026-04-28
자	요구함	ACTION	등록업무	183	0.85	등록업무	2026-04-28
등록업무	참조함	STRUCTURE	제183조	183	0.8	제183조에 따른	2026-04-28
손해사정사	요구함	ACTION	등록업무	제186조	0.95	등록업무|손해사정사	2026-04-28
금융위원회	허용함	ACTION	금융감독원장	187	0.95	업무 위탁|대통령령으로 정하는 바에 따라	2026-04-28
금융감독원장	허용함	ACTION	보험협회의 장, 보험요율 산출기관 의 장	187	0.85	업무 위탁|대통령령으로 정하는 바에 따라	2026-04-28
보험 관계 단체의 장	허용함	ACTION	자격검정 등을 목적으로 설립된 기관	178	0.95	위탁|자격검정	2026-04-28
허가 등의 공고	정의함	LOGICAL	금융위원회가 허가 등을 공고하는 행위	제195조	0.4	허가|공고	2026-04-28
허가	참조함	STRUCTURE	제4조제1항	제4조제1항	0.9	허가|제4조제1항	2026-04-28
허가	요구함	ACTION	제4조제1항에 따른 허가를 하거나	제4조제1항	0.85	허가|제4조제1항에 따른 허가	2026-04-28
금융위원회	요구함	ACTION	관보에 공고	제134조제2항	0.95	공고	2026-04-28
금융위원회	요구함	ACTION	일반인에게 알림	제134조제2항	0.95	알림	2026-04-28
공고 및 알림	정의함	LOGICAL	제134조제2항	제134조제2항	0.95	공고 및 알림	2026-04-28
금융위원회	준용함	STRUCTURE	제134조제2항	제134조제2항	0.95	제134조제2항	2026-04-28
보험회사 2	준용함	STRUCTURE	제4조제1항	Unknown	0.9	허가받은|제4조에 따라	2026-04-28
설치	정의함	LOGICAL	국내사무소 3	제12조	0.95	설치|국내사무소 3 정의	2026-04-28
설치	참조함	STRUCTURE	제12조	제12조	0.85	제12조에 따라	2026-04-28
금융감독원장	알려야 한다	ACTION	일반인	제125조	0.95	알려야 할 사항	2026-04-28
알려야 할 사항	정의함	LOGICAL	금융감독원장이 인터넷 홈페이지 등을 이용하여 일반인에게 알려야 할 사항	제125조	0.85	알려야 할 사항	2026-04-28
금융감독원장	제125조에 따라	STRUCTURE	인가된 상호협정 ③	제125조	0.9	제125조에 따라	2026-04-28
보험중개사	등록함	ACTION	제89조	89	0.95	등록|제89조에 따라	2026-04-28
보험계리사	등록됨	LOGICAL	등록	제182조	0.9	등록|제182조에 따라	2026-04-28
제182조	규정함	STRUCTURE	보험계리사 등록	제182조	0.95	제182조|보험계리사 등록	2026-04-28
보험계리업자	정의함	LOGICAL	제183조에 따라 등록된 보험계리업자 3	제183조	0.9	등록|제183조에 따라	2026-04-28
제183조에 따라 등록된 보험계리업자 3	참조함	STRUCTURE	제183조	제183조	0.8	제183조에 따라	2026-04-28
손해사정사	정의함	LOGICAL	등록된 손해사정사	186	0.9	등록|제186조에 따라	2026-04-28
보험협회	근거함	STRUCTURE	제187조	제187조	0.95	제187조에 따라	2026-04-28
보험협회	정의함	LOGICAL	등록된 손해사정업자	제187조	0.9	제187조에 따라 등록된 손해사정업자	2026-04-28
등록된 보험대리점	알리다	ACTION	일반인	제87조	0.95	등록된 보험대리점|인터넷 홈페이지 이용	2026-04-28
등록된 보험대리점	제87조에 따라	STRUCTURE	제87조	제87조	0.9	제87조에 따라	2026-04-28
금융위원회	과징금 부과함	ACTION	보험회사	제196조	0.8	과징금|금융위원회|보험회사	2026-04-28
제98조	상위조항	STRUCTURE	제2조	98	0.0	제98조|제2조	2026-04-28
제99조	정의함	LOGICAL	없음	99	0.0	없음	2026-04-28
제105조	정의함	LOGICAL	정의 없음	105	0.6	정의 없음	2026-04-28
제106조	정의함	LOGICAL	없음	106	0.0	제106조	2026-04-28
보험계약 해지	정의함	LOGICAL	보험계약을 종료하는 행위	110	0.7	보험계약 해지|보험계약 종료	2026-04-28
제127조의3	상위조항	STRUCTURE	제127조	127조의3	0.9	부속조항	2026-04-28
제128조의3	참조함	STRUCTURE	제128조	128조의3	0.9	sub-article|reference	2026-04-28
제128조의3	정의함	LOGICAL	보험계약의 해지	128조의3	0.6	definition|insurance contract termination	2026-04-28
제131조 위반	허용함	ACTION	과징금	131	0.95	과징금|제131조 위반	2026-04-28
보험계약자	금지함	ACTION	특별이익 제공	98	0.95	제98조 위반|특별이익 제공 금지	2026-04-28
보험계약자	금지함	ACTION	특별이익 제공 약속	98	0.95	제98조 위반|특별이익 제공 약속 금지	2026-04-28
자	위탁함	ACTION	모집	제99조제1항	0.9	위탁|모집|제99조제1항	2026-04-28
자	과태료대상임	SANCTION	3.2% of the premium income, not exceeding 50% of the premium income	제99조제1항	0.9	과태료|수입보험료|제한	2026-04-28
소유자	과태료대상임	SANCTION	부동산(업무용이 아닌 부동산)	제105조제1호	0.9	과태료|업무용이 아닌 부동산 취득가액의 30%	2026-04-28
소유자	소유	ACTION	부동산(업무용이 아닌 부동산)	제105조제1호	0.95	소유|업무용이 아닌 부동산	2026-04-28
신용공여자	처벌대상임	SANCTION	초과한 신용공여액에 대한 과태료 (30% 이하 5)	제106조제1항제1호부터 제3호까지	0.9	초과한 신용공여액|과태료	2026-04-28
초과한 신용공여액	정의함	LOGICAL	과태료 30% 이하 5	제106조제1항제1호부터 제3호까지	0.85	초과한 신용공여액|과태료	2026-04-28
신용공여자	초과함	LOGICAL	신용공여액	제106조제1항제1호부터 제3호까지	0.8	초과|신용공여액	2026-04-28
신용공여액	초과하다	ACTION	한도	106조제1항제5호	0.9	신용공여액|한도|초과	2026-04-28
초과한 신용공여액	과태료	SANCTION	6	106조제1항제5호	0.8	초과한 신용공여액|과태료|6	2026-04-28
소유한도 초과	정의함	LOGICAL	초과 소유한 채권 또는 주식의 장부가액 합계액 이하 6의2	106조제1항제6호	0.95	소유한도 초과|장부가액 합계액 이하 6의2	2026-04-28
제110조제1항 위반	과태료대상임	SANCTION	해당 신용공여액 또는 주식의 장부가액 합계 액의 100분의 30 이하 7	110조제1항	0.9	제110조제1항 위반|금지행위	2026-04-28
신용공여자	위반	ACTION	제111조제1항	제111조제1항	0.95	신용공여자|제111조제1항	2026-04-28
신용공여자	위반하여	ACTION	신용공여 또는 자산의 매매 또는 교환	제111조제1항	0.9	신용공여자|신용공여|자산의 매매 또는 교환	2026-04-28
신용공여자	과태료대상임	SANCTION	해당 신용공여액 또는 해당 자산의 장부가액 이하 8	제111조제1항	0.9	신용공여자|신용공여액|자산의 장부가액|과태료	2026-04-28
보험계약	위반	ACTION	연간 수입보험료	제127조	0.95	위반|연간 수입보험료	2026-04-28
연간 수입보험료	제한됨	LOGICAL	50%	제127조	0.9	제한|50%	2026-04-28
연간 수입보험료	제한된_금액	LOGICAL	9%	제127조	0.9	제한|9%	2026-04-28
제127조의3 위반	위반	SANCTION	연간 수입보험료의 100분의 50 이하 10	제127조의3	0.92	제127조의3 위반|연간 수입보험료|10	2026-04-28
제128조의3	위반	ACTION	연간 수입보험료	제128조의3	0.9	위반|연간 수입보험료	2026-04-28
제128조의3	과태료대상임	SANCTION	연간 수입보험료의 100분의 50 이하 11	제128조의3	0.95	과태료|연간 수입보험료	2026-04-28
보험계약	받다	ACTION	금융위원회로부터 기초서류의 변경·사용중지 명령 또는 보험료환급·보험금 증액 명령	제131조제2항 및 제4항	0.85	보험료 환급·증액 명령|금융위원회	2026-04-28
금융위원회	요구함	ACTION	보험계약의 연간 수입보험료를 50% 이하로 제한	제131조제2항 및 제4항	0.8	연간 수입보험료|50% 이하	2026-04-28
보험료 환급·증액 명령	정의함	LOGICAL	금융위원회로부터 받은 명령	제131조제2항 및 제4항	0.9	보험료 환급·증액 명령|금융위원회	2026-04-28
금융위원회	위임함	ACTION	보험회사의 소속 임직원 또는 소속 보험설계사	제131조제2항 및 제4항	0.7	임직원|보험설계사	2026-04-28
제95조의2	상위조항	STRUCTURE	제95조	제95조의2	0.9	제95조의2|제95조	2026-04-28
제96조제1항	정의함	LOGICAL	보험상품	96	0.2	보험상품 정의	2026-04-28
보험회사	부과할 수 있다	ACTION	과징금	97	0.95	과징금|부과|수입보험료의 100분의 50 이하 범위	2026-04-28
과징금 부과 범위	정의함	LOGICAL	수입보험료의 100분의 50 이하	97	0.9	과징금 부과 범위|수입보험료 50% 이하	2026-04-28
제97조제1항 위반	부과할 수 있다	ACTION	과징금	97	0.9	제97조제1항 위반|과징금 부과 가능성	2026-04-28
보험회사	예외로함	LOGICAL	과징금 부과	97	0.85	주의와 감독 게을리하지 않음|과징금 부과 예외	2026-04-28
제106조제1항	정의함	LOGICAL	제1호부터 제3호까지ㆍ제5호ㆍ제6호	106	0.65	제1호부터 제3호까지|제5호|제6호	2026-04-28
위반자	위반함	ACTION	제111조제1항	111	0.9	위반자|제111조제1항|정상(情狀)	2026-04-28
제200조	정의함	LOGICAL	제200조	제200조	0.3	제200조	2026-04-28
과징금	병과할 수 있다	ACTION	벌칙	202	0.9	과징금 병과|벌칙	2026-04-28
과징금의 부과 및 징수 절차	참조함	STRUCTURE	은행법	202	0.95	과징금 부과 절차|은행법	2026-04-28
보험계약 해지	정의함	LOGICAL	보험계약 해지에 관한 특별 규정	제65조의4	0.7	보험계약 해지|특별 규정	2026-04-28
규정 준용	준용함	ACTION	제 65조의8까지의 규정	제 65조의8	0.95	규정 준용|제 65조의8까지의 규정	2026-04-28
보험계리사, 손해사정사 또는 상호회사의 발기인	벌칙을 부과받는다	ACTION	벌칙	197	0.8	벌칙|제197조	2026-04-28
제70조제1항	준용함	STRUCTURE	상법	제70조제1항	0.95	상법|준용	2026-04-28
설립위원ㆍ이사ㆍ감사	준용함	STRUCTURE	제175조제1항	제175조제1항	0.85	에 따른|제175조제1항	2026-04-28
제59조	준용함	STRUCTURE	상법	제59조	0.95	상법|제59조	2026-04-28
제386조제2항	상위조항	STRUCTURE	제386조	제386조제2항	0.8	제386조제2항|제386조	2026-04-28
직무대행자	위반함	ACTION	재산 상의 이익을 취득	제407조제1항	0.95	직무대행자|위반|재산 상의 이익	2026-04-28
직무대행자	위반함	ACTION	제3자에게 재산 상의 이익을 취득하게 함	제407조제1항	0.95	직무대행자|위반|제3자|재산 상의 이익	2026-04-28
직무대행자	처벌받음	SANCTION	10년 이하의 징역 또는 1억원 이하의 벌금	제407조제1항	0.95	직무대행자|징역|벌금	2026-04-28
지배인	위반함	ACTION	재산 상의 이익을 취득	제407조제1항	0.95	지배인|위반|재산 상의 이익	2026-04-28
지배인	위반함	ACTION	제3자에게 재산 상의 이익을 취득하게 함	제407조제1항	0.95	지배인|위반|제3자|재산 상의 이익	2026-04-28
지배인	처벌받음	SANCTION	10년 이하의 징역 또는 1억원 이하의 벌금	제407조제1항	0.95	지배인|징역|벌금	2026-04-28
제73조	준용	STRUCTURE	상법	제73조	0.95	상법|준용	2026-04-28
직무대행자	한	ACTION	행위	제407조제1항	0.95	직무대행자|행위	2026-04-28
직무대행자	간주함	LOGICAL	제1항	제407조제1항	0.9	직무대행자|제1항	2026-04-28
직무대행자	제407조제1항에 따른	STRUCTURE	제407조제1항	제407조제1항	0.85	직무대행자|제407조제1항	2026-04-28
벌칙	정의함	LOGICAL	벌칙	제199조	0.9	벌칙	2026-04-28
제25조제1항	상위조항	STRUCTURE	제25조	제25조제1항	0.9	하위조항|상위조항	2026-04-28
기관을 구성하는 자	처벌	SANCTION	7년 이하의 징역 또는 7천만원 이하의 벌금	제54조제1항	0.95	임무 위반|재산상의 이익 취득|제3자 하여금 취득하게 함|보험계약자나 사원에게 손해	2026-04-28
검사인	처벌대상임	SANCTION	7년 이하의 징역 또는 7천만원 이하의 벌금	제197조제1항	0.95	검사인|행위|징역|벌금	2026-04-28
제34조	참조함	STRUCTURE	제34조제4호부터 제6호까지 및 제9호	Unknown	0.85	제34조|항목 참조	2026-04-28
제38조제2항제3호 및 제5호	정의함	LOGICAL	법원 또는 총회에 보고를 부실하게 하거나 사실을 숨긴 경우	Unknown	0.9	제38조제2항제3호 및 제5호|법원 또는 총회에 보고를 부실하게 하거나 사실을 숨긴 경우	2026-04-28
제38조제2항제3호 및 제5호	정의함	LOGICAL	명의에 관계없이 보험회사의 계산으로 부정하게 그 주식을 취득하거나 질권의 목적으로 받은 경우	Unknown	0.9	제38조제2항제3호 및 제5호|명의에 관계없이 보험회사의 계산으로 부정하게 그 주식을 취득하거나 질권의 목적으로 받은 경우	2026-04-28
제38조제2항제3호 및 제5호	정의함	LOGICAL	법령 또는 정관을 위반하여 기금의 상각, 기금이자의 지급 또는 이익이나 잉여금의 배당을 한 경우	Unknown	0.9	제38조제2항제3호 및 제5호|법령 또는 정관을 위반하여 기금의 상각, 기금이자의 지급 또는 이익이나 잉여금의 배당을 한 경우	2026-04-28
제38조제2항제3호 및 제5호	정의함	LOGICAL	보험업을 하기 위한 목적 이외의 투기거래를 위하여 보험회사의 자산을 처분한 경우	Unknown	0.9	제38조제2항제3호 및 제5호|보험업을 하기 위한 목적 이외의 투기거래를 위하여 보험회사의 자산을 처분한 경우	2026-04-28
자	처한다	ACTION	5년 이하의 징역 또는 5천만원 이하의 벌금	제200조	0.95	벌칙	2026-04-28
벌칙	정의함	LOGICAL	제200조	제200조	0.9	벌칙	2026-04-28
자	위반한	ACTION	제4조제1항	제4조제1항	0.9	위반|제4조제1항	2026-04-28
신용공여를 한 자	위반함	ACTION	제106조제1항제4호 및 제5호	제106조제1항제4호 및 제5호	0.95	신용공여|위반	2026-04-28
자	위반하여	ACTION	제106조제1항제6호	106	0.9	위반|제106조제1항제6호	2026-04-28
자	소유	ACTION	채권 및 주식	106	0.95	소유|채권 및 주식	2026-04-28
자	위반함	ACTION	제111조제1항	제111조제1항	0.95	위반|제111조제1항	2026-04-28
자	행위함	ACTION	같은 항 각 호의 어느 하나에 해당하는 행위	제185조제5항	0.92	행위|같은 항 각 호	2026-04-28
위반자	정의함	LOGICAL	대주주 또는 그의 특수관계인	제111조제5항	0.95	위반자 정의	2026-04-28
위반자	참조함	STRUCTURE	제111조제5항	제111조제5항	0.95	제111조제5항 참조	2026-04-28
벌칙	정의함	LOGICAL	제201조	제201조	0.9	벌칙	2026-04-28
제197조	정의함	LOGICAL	제197조	제197조	0.0	제197조	2026-04-28
검사인	금지함	ACTION	재산상의 이익을 수수	198	0.95	부정한 청탁|수수	2026-04-28
검사인	금지함	ACTION	재산상의 이익을 요구	198	0.95	부정한 청탁|요구	2026-04-28
검사인	금지함	ACTION	재산상의 이익을 약속	198	0.95	부정한 청탁|약속	2026-04-28
검사인	금지함	ACTION	재산상의 이익을 공여	198	0.95	부정한 청탁|공여	2026-04-28
검사인	금지함	ACTION	재산상의 이익을 공여 의사를 표시	198	0.95	부정한 청탁|공여 의사 표시	2026-04-28
검사인	처벌대상임	SANCTION	5년 이하의 징역 또는 5천만원 이하의 벌금	198	0.95	부정한 청탁|처벌	2026-04-28
자	처한다	ACTION	3년 이하의 징역 또는 3천만원 이하의 벌금	제202조	0.95	벌칙|징역|벌금	2026-04-28
주식회사 2	결의함	ACTION	자본감소	제18조제2항	0.95	자본감소의 결의	2026-04-28
주식회사 2	위반함	ACTION	제18조제2항	제18조제2항	0.95	제18조제2항 위반	2026-04-28
주식회사 2	승인을 받지 않음	ACTION	승인	제18조제2항	0.9	승인 부재	2026-04-28
금품 제공자	정의함	LOGICAL	제98조에서 규정한 금품 등을 제공한 자 또는 이를 요구하여 수수한 보험계약자 또는 피보험자	98	0.95	금품 제공자 정의|제98조 규정	2026-04-28
위반자	금지함	ACTION	정보 누설	제102조의7제5항	0.95	정보 누설|위반자|제102조의7제5항	2026-04-28
위반자	위반함	ACTION	제102조의7제5항	제102조의7제5항	0.9	위반자|제102조의7제5항	2026-04-28
제102조의7제5항	준용함	STRUCTURE	정보 누설	제102조의7제5항	0.85	제102조의7제5항|정보 누설	2026-04-28
서류 전송 업무 외의 용도로 사용 또는 보관한 자	정의함	LOGICAL	자	제102조의6제 1항	0.95	서류 전송 업무 외의 용도 사용|보관	2026-04-28
위반한 자	위반함	ACTION	제106조제1항제1호부터 제3호까지의 규정	106	0.95	규정 위반|위반	2026-04-28
자	위반함	ACTION	제177조	제177조	0.95	위반|제177조	2026-04-28
제183조제1항	참조함	STRUCTURE	제183조	제183조제1항	0.2	제183조	2026-04-28
자	금지함	ACTION	보험계리업 또는 손해사정업을 하는 행위 (등록을 하지 아니하고)	제187조제1항	0.92	등록|보험계리업|손해사정업|위반	2026-04-28
자	처벌대상임	SANCTION	등록을 하지 아니하고 보험계리업 또는 손해사정업을 한 행위	제187조제1항	0.95	등록|보험계리업|손해사정업|위반	2026-04-28
등록을 한 자	정의함	LOGICAL	자	제187조제1항	0.95	등록을 한 자|자	2026-04-28
자	위반함	ACTION	제189조제3항제2호	제189조제3항제2호	0.95	위반|제189조제3항제2호	2026-04-28
자	수수	ACTION	이익	제203조	0.95	부정한 청탁|재산상의 이익	2026-04-28
자	요구	ACTION	이익	제203조	0.9	부정한 청탁|재산상의 이익	2026-04-28
자	약속	ACTION	이익	제203조	0.9	부정한 청탁|재산상의 이익	2026-04-28
자	공여	ACTION	이익	제203조	0.9	부정한 청탁|재산상의 이익	2026-04-28
자	처벌	SANCTION	1년 이하의 징역 또는 1천만원 이하의 벌금	제203조	0.95	부정한 청탁|재산상의 이익	2026-04-28
제204조	정의함	LOGICAL	벌칙	제204조	0.99	벌칙	2026-04-28
자	처리함	ACTION	1년 이하의 징역 또는 1천만원 이하의 벌금	제204조	0.99	벌칙	2026-04-28
위반자	위반함	ACTION	제8조제2항	제8조제2항	0.95	위반자|제8조제2항	2026-04-28
Unknown	정의함	LOGICAL	제86조제2항	Unknown	0.5	정의	2026-04-28
자	위반함	ACTION	업무정지 명령	190	0.95	업무정지 명령|위반	2026-04-28
업무정지 명령	준용함	STRUCTURE	제190조	190	0.9	제190조|준용	2026-04-28
자	수행함	ACTION	모집, 보험계리 업무 또는 손해사정업무	190	0.85	모집|보험계리 업무|손해사정업무	2026-04-28
Unknown	참조함	STRUCTURE	제88조제2항	Unknown	0.6	제88조제2항	2026-04-28
자	위반함	ACTION	업무정지의 명령	제90조제2항	0.95	업무정지의 명령|위반	2026-04-28
자	모집함	ACTION	모집	제90조제2항	0.9	모집|위반	2026-04-28
위반자	위반함	ACTION	제150조	제150조	0.9	위반|제150조	2026-04-28
제181조제1항	상위조항	STRUCTURE	제181조	제181조제1항	0.6	제181조제1항	2026-04-28
보험계리사 및 선임계리사	위반함	ACTION	제184조제1항을 위반하여 정당한 사유 없이 확인을 하지 아니하거나 부정한 확인을 한	제184조제1항	0.95	위반|정당한 사유 없이 확인을 하지 않음|부정한 확인	2026-04-28
선임계리사 및 보험계리사	위반	ACTION	제184조제3항제1호	제184조제3항제1호	0.95	위반|제184조제3항제1호	2026-04-28
손해사정사	위반함	ACTION	제189조제3항제1호	189	0.95	정범|위반	2026-04-28
손해사정사	방조함	ACTION	제1항제7호부터 제9호까지의 규정에 따른 행위	189	0.9	정범|방조	2026-04-28
손해사정사	처벌대상임	SANCTION	정범	189	0.95	정범	2026-04-28
미수범	정의함	LOGICAL	미수범	제205조	0.95	정의	2026-04-28
제197조	구조	STRUCTURE	제197조 및	197	0.0	원문 없음	2026-04-28
미수범	처벌함	ACTION	미수범	제198조	0.95	미수범|처벌	2026-04-28
미수범	정의함	STRUCTURE	제205조	제198조	0.9	미수범|제205조	2026-04-28
병과	정의함	LOGICAL	병과	제206조	0.5	병과	2026-04-28
미수범	처벌대상임	SANCTION	제198조	198	1.0	미수범|제198조	2026-04-28
Unknown	참조함	STRUCTURE	제2조	Unknown	0.5	Unknown|제2조	2026-04-28
범한 자	병과할 수 있다	ACTION	징역과 벌금	205	0.95	징역과 벌금|병과할 수 있다	2026-04-28
몰수	정의함	LOGICAL	몰수	207	0.9	몰수	2026-04-28
제201조	정의함	LOGICAL	제201조 및	제201조	0.2	제201조 및	2026-04-28
범인	요구함	ACTION	수수하였거나 공여하려 한 이익	203	0.95	몰수|수수|공여	2026-04-28
몰수	예외로함	LOGICAL	추징	203	0.9	몰수|추징|가액	2026-04-28
대표자	정의함	LOGICAL	법인 또는 개인의 업무에 관하여	208	0.95	대표자|업무	2026-04-28
제200조	정의함	LOGICAL	내용 없음	200	0.2	제200조	2026-04-28
제202조	정의함	LOGICAL	제202조	202	0.0	제202조	2026-04-28
법인 또는 개인	과한다	ACTION	벌금형	제204조의 어느 하나	0.95	벌금형|과(科)	2026-04-28
그 행위자	과한다	ACTION	벌금형	제204조의 어느 하나	0.95	벌금형|과(科)	2026-04-28
법인 또는 개인	예외로함	LOGICAL	벌금형을 과하지 않는다	제204조의 어느 하나	0.9	예외|주의와 감독	2026-04-28
대표자 또는 관리인	준용한다	STRUCTURE	형사소송에 관한 법률	제204조의 어느 하나	0.9	준용|형사소송에 관한 법률	2026-04-28
법인이 아닌 사단 또는 재단	과한다	ACTION	벌금형	제204조의 어느 하나	0.9	벌금형|법인이 아닌 사단 또는 재단	2026-04-28
보험회사	부과	ACTION	과태료	제209조	0.95	과태료|부과	2026-04-28
과태료	제한함	LOGICAL	1억원 이하	제209조	0.9	과태료|금액제한	2026-04-28
제10조	정의함	LOGICAL	제2조	제10조	0.0	제10조|제2조	2026-04-28
제11조 위반	위반	ACTION	다른 업무 겸영	11	0.9	제11조 위반|다른 업무 겸영	2026-04-28
제11조의2제1항	위반함	ACTION	부수업무를 신고하지 아니한 경우	Unknown	0.85	제11조의2제1항|부수업무를 신고하지 아니한 경우	2026-04-28
제95조 위반	위반함	ACTION	제95조	제95조	0.8	제95조 위반|제95조	2026-04-28
보험회사 소속 임직원	금지함	ACTION	제96조	제96조	0.95	제96조 위반|금지	2026-04-28
보험회사	위반함	ACTION	제101조의2제3항	제101조의2제3항	0.95	위반행위	2026-04-28
보험회사	예외로함	LOGICAL	방지에 대한 주의와 감독을 게을리하지 아니한 경우	제101조의2제3항	0.9	방지에 대한 주의와 감독	2026-04-28
규정 위반	위반함	ACTION	규정	제106조제1항제7호부터 제9호까지	0.95	규정 위반|위반행위	2026-04-28
주식 소유	위반함	ACTION	제109조	제109조	0.95	주식 소유|제109조 위반	2026-04-28
주식 소유	소유함	ACTION	다른 회사의 주식	제109조	0.9	주식 소유|다른 회사의 주식 소유	2026-04-28
이사회	위반함	ACTION	제111조제2항	제111조제2항	0.9	위반|제111조제2항	2026-04-28
이사회	거치다	ACTION	의결	제111조제2항	0.9	의결|거치지	2026-04-28
이사회	처벌을받다	SANCTION	7의4	제111조제2항	0.8	위반|처벌	2026-04-28
보고 또는 공시	정의함	LOGICAL	제111조제3항 또는 제4항	111	0.95	보고|공시	2026-04-28
제116조 위반	위반	ACTION	10	제116조	0.95	제116조 위반|위반	2026-04-28
위반자	처벌대상임	SANCTION	10의2	제118조	0.95	제118조 위반|재무제표 제출 불이행|사실과 다른 재무제표 제출	2026-04-28
제118조 위반	정의함	LOGICAL	10의2	제118조	0.9	위반|재무제표 제출 불이행|사실과 다른 재무제표 제출	2026-04-28
제118조	참조함	STRUCTURE	제118조 위반	제118조	0.85	위반|제118조	2026-04-28
책임준비금	계상하지 아니하거나 과소ㆍ과다하게 계상하는 경우	ACTION	비상위험준비금	120	0.9	계상|과소ㆍ과다계상|위반	2026-04-28
책임준비금	장부에 기재하지 아니한 경우	ACTION	비상위험준비금	120	0.9	장부|기재|위반	2026-04-28
책임준비금	위반시 처벌	SANCTION	11	120	0.9	위반|처벌|금액	2026-04-28
비상위험준비금	위반시 처벌	SANCTION	11	120	0.9	위반|처벌|금액	2026-04-28
제124조제1항	위반	ACTION	공시하지 아니한 경우	제124조제1항	0.95	제124조제1항 위반|공시하지 아니한 경우	2026-04-28
제128조의2 위반	위반	ACTION	14	제128조의2	0.95	제128조의2 위반|위반	2026-04-28
위반자	위반함	ACTION	명령	제131조	0.95	명령 위반|위반자	2026-04-28
검사 거부·방해·기피	정의함	LOGICAL	제133조에 따른 검사	제133조	0.9	검사 거부·방해·기피|제133조에 따른 검사	2026-04-28
제133조에 따른 검사	참조함	STRUCTURE	제133조	제133조	0.95	제133조에 따른 검사|제133조	2026-04-28
제181조제2항 위반	위반함	ACTION	선임계리사를 선임하지 아니한 경우	제181조제2항	0.92	제181조제2항|선임계리사	2026-04-28
선임계리사	금지함	ACTION	절차	제181조의2	0.9	절차 위반|위반	2026-04-28
자	위반	ACTION	선임계리사	제184조의2	0.95	선임계리사 요건 미충족|선임	2026-04-28
제184조의2	정의함	STRUCTURE	선임계리사 요건 미충족	제184조의2	0.9	선임계리사 요건 미충족	2026-04-28
금융기관보험대리점등	정의함	LOGICAL	자	제91조제1항	0.95	금융기관보험대리점등이 되려는	2026-04-28
제83조제2항	상위조항	STRUCTURE	제83조	제83조제2항	0.9	제83조제2항|제83조	2026-04-28
위반자	부과	ACTION	과태료	제 100조	0.95	과태료|부과	2026-04-28
제95조의5 위반	부과	ACTION	과태료	제95조의5	0.85	과태료|부과|제95조의5 위반	2026-04-28
위반자	위반함	ACTION	제85조의4	Unknown	0.9	제85조의4|위반	2026-04-28
위반자	조치를 하지 않음	ACTION	직원 보호 조치	Unknown	0.8	직원 보호 조치|조치	2026-04-28
위반자	불이익을 주다	ACTION	직원	Unknown	0.8	불이익|직원	2026-04-28
위반자	과태료 부과	SANCTION	과태료	Unknown	0.7	과태료|제재	2026-04-28
위반자	위반함	ACTION	제184조제7항	제184조제7항	0.95	제184조제7항 위반	2026-04-28
위반자	직무를 담당하게 함	ACTION	같은 항 각 호의 어느 하나에 해당하는 직무	제184조제7항	0.9	직무|제184조제7항	2026-04-28
위반자	과태료대상임	SANCTION	3	제184조제7항	0.9	과태료|제184조제7항 위반	2026-04-28
위반자	이행하지 않다	ACTION	필요한 사항	제184조의3	0.95	위반|이행하지 않다	2026-04-28
위반자	위반함	ACTION	제184조의3제1항, 제5항 또는 제6항	제184조의3	0.9	위반	2026-04-28
보험회사	위반함	ACTION	제110조의3제2항	제110조의3제2항	0.9	제110조의3제2항|위반	2026-04-28
제386조제2항	정의함	LOGICAL	과태료	386조제2항	0.4	제386조제2항	2026-04-28
직무대행자	참조함	STRUCTURE	제407조제1항	제407조제1항	0.95	제407조제1항에 따른 직무대행자|제407조제1항	2026-04-28
지배인	부과	ACTION	과태료	73	0.95	과태료|지배인	2026-04-28
제73조	준용함	STRUCTURE	지배인	73	0.9	제73조|지배인	2026-04-28
제10조	상위조항	STRUCTURE	제2조	제10조	0.0	제2조	2026-04-28
제11조 위반	위반함	ACTION	제11조	11	0.95	제11조 위반|제11조	2026-04-28
제11조 위반	삭제함	SANCTION	삭제	11	0.95	제11조 위반|삭제	2026-04-28
자본감소 절차	위반함	ACTION	제18조	18	0.9	자본감소 절차|제18조 위반	2026-04-28
기관	금지함	ACTION	보고 부실 및 진실 숨김	제54조 제1항	0.95	보고 부실|진실 숨김	2026-04-28
기관	처벌대상임	SANCTION	5	제54조 제1항	0.9	처벌금	2026-04-28
입사청약서	금지함	ACTION	작성	제38조제2항	0.95	입사청약서|작성	2026-04-28
입사청약서	금지함	ACTION	부실하게 적다	제38조제2항	0.92	입사청약서|부실하게 적다	2026-04-28
부실 기록	과태료대상임	SANCTION	7	제29조제1항	0.95	부실 기록|장부에 적을 사항	2026-04-28
제57조제1항	정의함	LOGICAL	보험상품	제57조제1항	0.2	보험상품	2026-04-28
준용	포함한다	ACTION	제73조	73	0.9	준용	2026-04-28
상법	준용함	ACTION	상법	제73조	0.95	상법	2026-04-28
서류 비치	위반함	ACTION	제448조제1항	448	0.9	서류 비치|제448조제1항	2026-04-28
기관	정의함	LOGICAL	제54조제1항의 기관	54-1	0.8	기관|제54조제1항	2026-04-28
제59조	준용	STRUCTURE	상법	제59조	0.95	준용|상법	2026-04-28
소집	금지함	ACTION	제364조를 위반하여	제364조	0.95	소집|제364조 위반	2026-04-28
소집	금지함	ACTION	정관으로 정한 지역 이외의 지역에서	제364조	0.95	소집|정관 지역 이외	2026-04-28
상법	준용함	ACTION	제59조	59	0.95	상법|준용	2026-04-28
제365조제1항 위반	위반함	ACTION	제365조제1항	제365조제1항	0.95	위반	2026-04-28
제365조제1항 위반	위반하여 소집하지 않음	ACTION	소집	제365조제1항	0.92	위반|소집하지 않음	2026-04-28
제60조	정의함	LOGICAL	제60조	제60조	0.0	제60조	2026-04-28
준비금	위반함	ACTION	제62조	62	0.9	준비금|제62조 위반	2026-04-28
준비금	위반함	ACTION	10	62	0.9	준비금|제62조 위반|10	2026-04-28
제69조 위반	위반	ACTION	제69조	제69조	0.9	위반|제69조	2026-04-28
제69조 위반	해산절차를 밟는다	ACTION	해산절차	제69조	0.85	위반|해산절차	2026-04-28
위반자	처분함	ACTION	자산	제72조	0.95	자산 처분	2026-04-28
위반자	배분함	ACTION	자산	제72조	0.95	자산 배분	2026-04-28
위반자	처벌대상임	SANCTION	12	제72조	0.9	과태료	2026-04-28
상법	준용함	STRUCTURE	제73조	73	0.95	상법|제73조	2026-04-28
파산선고의 신청	위반함	ACTION	제254조	254	0.9	파산선고의 신청|제254조	2026-04-28
부당한 기간 설정	정한	ACTION	기간	제535조제1항	0.95	부당한 기간 설정|정한|기간	2026-04-28
부당한 기간 설정	정한	SANCTION	14	제535조제1항	0.9	부당한 기간 설정|정한|14	2026-04-28
채무자	과태료대상임	SANCTION	제536조 위반	제536조	0.95	제536조 위반|채무 변제	2026-04-28
채무자	변제	ACTION	채무	제536조	0.85	채무 변제	2026-04-28
상법	준용함	STRUCTURE	제79조제2항	제79조제2항	0.95	상법|준용	2026-04-28
제620조 위반	과태료대상임	SANCTION	16	제620조	0.9	제620조 위반|제620조	2026-04-28
보험회사	처벌대상임	SANCTION	제85조제1항 위반	제85조제1항	0.7	보험회사|제85조제1항	2026-04-28
보험회사의 임직원	위반함	ACTION	제95조	제95조	0.95	위반|제95조	2026-04-28
제95조의2	참조함	STRUCTURE	제95조	제95조의2	0.6	제95조의2|제95조	2026-04-28
제95조의5	상위조항	STRUCTURE	제95조	제95조의5	0.9	하위조항|상위조항	2026-04-28
보험회사	위반함	ACTION	제101조의2제1항ㆍ제2항	제101조의2제1항ㆍ제2항	0.95	위반	2026-04-28
위반자	위반	ACTION	제96조	제96조	0.95	제96조 위반	2026-04-28
규정 위반	위반함	ACTION	자산운용	제106조제1항제4호	0.95	규정 위반|자산운용	2026-04-28
규정 위반	처벌대상임	SANCTION	21	제106조제1항제4호	0.95	규정 위반|처벌	2026-04-28
제109조 위반	소유	ACTION	주식	109	0.95	제109조 위반|주식 소유	2026-04-28
제110조 위반	삭제함	ACTION	제22조의2	110	0.95	위반|삭제	2026-04-28
제113조 위반	과태료대상임	SANCTION	24	제113조	0.9	제113조 위반|과태료	2026-04-28
위반자	처벌대상임	SANCTION	제26조	118	0.95	제118조 위반|재무제표 제출	2026-04-28
위반자	금지함	ACTION	서류 제공	제119조	0.95	서류 제공|위반	2026-04-28
위반자	계상하지 않다	ACTION	책임준비금 또는 비상위험준비금	제120조제1항	0.95	책임준비금|비상위험준비금	2026-04-28
위반자	장부에 기재하지 않다	ACTION	책임준비금 또는 비상위험준비금	제120조제1항	0.95	책임준비금|비상위험준비금	2026-04-28
제124조제1항을 위반하여	위반하여	ACTION	공시하지 아니한 경우	제124조제1항	0.95	위반|공시|제124조제1항	2026-04-28
제124조제1항을 위반하여 공시하지 아니한 경우	제재	SANCTION	29	제124조제1항	0.9	제재|위반|공시	2026-04-28
위반자	과태료대상임	SANCTION	30	제124조제4항	0.9	제124조제4항 위반|정보 제공	2026-04-28
제125조	위반	ACTION	31	125	0.95	제125조 위반|위반	2026-04-28
정관변경 보고	위반함	ACTION	제126조	제126조	0.9	정관변경 보고|위반	2026-04-28
제126조	과태료대상임	SANCTION	법제처 56 국가법령정보센터 보험업법 32	제126조	0.8	제126조|법제처|보험업법	2026-04-28
제127조 위반	위반한 경우	LOGICAL	보험회사	제127조	0.85	제127조 위반|보험회사	2026-04-28
보험회사	위반함	ACTION	제127조의3	제127조의3	0.9	위반|제127조의3	2026-04-28
보험회사	위반함	ACTION	제128조의2	제128조의2	0.95	제128조의2 위반	2026-04-28
작성·변경자	위반함	ACTION	제128조의3	128조의3	0.95	기초서류 작성·변경 위반|제128조의3	2026-04-28
작성·변경자	작성·변경	ACTION	기초서류	128조의3	0.95	기초서류 작성·변경|기초서류	2026-04-28
작성·변경자	위반시 처벌	SANCTION	36	128조의3	0.95	제128조의3 위반|36	2026-04-28
위반자	금지함	ACTION	제130조	제130조	0.95	제130조 위반|보고하지 않음	2026-04-28
명령	위반함	ACTION	제38조	131	0.9	명령 위반|제131조에 따른 명령	2026-04-28
명령	제131조에 따른	STRUCTURE	제131조	131	0.9	명령|제131조에 따른 명령	2026-04-28
검사 거부·방해·기피	금지함	ACTION	검사	133	0.95	검사 거부·방해·기피	2026-04-28
사무 인계 불이행	금지함	ACTION	청산인 또는 관리인에게 사무 인계	133	0.95	사무 인계 불이행	2026-04-28
제142조 위반	위반하여	ACTION	보험계약	제142조	0.9	제142조 위반|보험계약	2026-04-28
제144조	정의함	LOGICAL	내용 없음	144	0.2	제144조|내용 없음	2026-04-28
위반	정의함	LOGICAL	자산을 처분하거나 채무를 부담할 행위	제152조제2항	0.95	위반|자산 처분|채무 부담	2026-04-28
위반	처벌대상임	SANCTION	자산을 처분하거나 채무를 부담할 행위	제152조제2항	0.9	위반|자산 처분|채무 부담	2026-04-28
제151조제1항ㆍ제2항	상위조항	STRUCTURE	제151조	제151조제1항ㆍ제2항	0.6	제151조	2026-04-28
제153조제3항	정의함	LOGICAL	제153조제3항	제153조제3항	0.6	제153조제3항	2026-04-28
상법	준용함	STRUCTURE	제70조제1항	제70조제1항	0.95	준용|상법	2026-04-28
자	부과함	ACTION	과태료	232	0.95	과태료|부과	2026-04-28
자	위반함	ACTION	제232조	232	0.9	제232조|위반	2026-04-28
자	위반함	ACTION	제85조제2항	제85조제2항	0.95	위반|제85조제2항	2026-04-28
자	위반	ACTION	제85조의3제1항	제85조의3제1항	0.95	위반|제85조의3제1항	2026-04-28
자	위반	ACTION	제87조의3제2항	제87조의3제2항	0.95	위반|제87조의3제2항	2026-04-28
위반한 자	위반함	ACTION	제92조	제92조	0.95	제92조 위반	2026-04-28
자	금지함	ACTION	신고	제93조	0.9	신고 게을리	2026-04-28
자	과태료대상임	SANCTION	과태료	제93조	0.95	과태료|신고 게을리	2026-04-28
자	위반함	ACTION	제95조	제95조	0.9	제95조 위반	2026-04-28
보험설계사	위반함	ACTION	제95조의2	제95조의2	0.95	위반|보험설계사	2026-04-28
보험설계사	과태료대상임	SANCTION	과태료	제95조의2	0.9	과태료|제95조의2	2026-04-28
제96조제1항	상위조항	STRUCTURE	제95조	제96조제1항	0.3	상위조항	2026-04-28
제97조제1항	상위조항	STRUCTURE	제97조	제97조제1항	0.6	제97조제1항	2026-04-28
보험대리점ㆍ보험중개사	요구함	ACTION	위반행위 방지	제99조제3항	0.9	위반행위 방지|보험대리점ㆍ보험중개사	2026-04-28
보험대리점ㆍ보험중개사	예외로함	LOGICAL	제99조제3항 위반에 대한 제재	제99조제3항	0.8	주의와 감독|위반행위 방지	2026-04-28
위반한 자	정의함	LOGICAL	제95조의5를 위반한 자	제95조의5	0.95	위반한 자|제95조의5	2026-04-28
위반자	위반함	ACTION	제96조제1항	제96조제1항	0.95	위반자|제96조제1항	2026-04-28
위반한 자	위반함	ACTION	제97조제1항	제97조제1항	0.95	위반|제97조제1항	2026-04-28
자	위반한	ACTION	제99조제3항	제99조제3항	0.95	위반	2026-04-28
자	위반함	ACTION	제101조의2	제101조의2	0.99	위반	2026-04-28
자	거부함	ACTION	자료 제출	112	0.9	자료 제출 거부자	2026-04-28
자료 제출 거부자	참조함	STRUCTURE	제112조	112	0.8	제112조에 따른	2026-04-28
자	위반함	ACTION	제124조제5항	제124조제5항	0.95	비교ㆍ공시	2026-04-28
준용	준용함	ACTION	제131조제1항	제131조제1항	0.9	준용|제131조제1항	2026-04-28
Unknown	정의함	LOGICAL	제179조	제179조	0.5	Unknown	2026-04-28
제192조제2항	참조함	STRUCTURE	제192조	제192조제2항	0.8	제192조	2026-04-28
준용	준용함	ACTION	제133조제1항	제133조제1항	0.9	준용|제133조제1항	2026-04-28
제136조	정의함	LOGICAL	제136조	제136조	0.0	제136조	2026-04-28
제179조	정의함	LOGICAL	제179조	179	0.0	제179조	2026-04-28
제192조제2항	구성함	STRUCTURE	제192조	제192조제2항	0.3	구성요소	2026-04-28
자	처벌대상임	SANCTION	명령 위반	제192조제1항	0.95	명령 위반	2026-04-28
준용	준용함	ACTION	제133조제3항	133	0.95	준용|제133조제3항	2026-04-28
제179조	구조	STRUCTURE	제192조제1항	제179조	0.4	제192조제1항	2026-04-28
자	거부ㆍ방해 또는 기피한	ACTION	검사	제192조제2항	0.95	검사 거부·방해·기피	2026-04-28
자	처벌대상임	SANCTION	검사 거부·방해·기피 행위	제192조제2항	0.9	검사 거부·방해·기피	2026-04-28
제179조	정의함	LOGICAL	Unknown	제179조	0.1	제179조	2026-04-28
요구에 응하지 아니한 자	처벌대상임	SANCTION	제17조	제192조제2항	0.95	요구에 응하지 아니한 자|제192조제2항에 따른 요구	2026-04-28
요구에 응하지 아니한 자	근거함	STRUCTURE	제192조제2항	제192조제2항	0.9	제192조제2항에 따른 요구	2026-04-28
자	거부ㆍ방해 또는 기피한	ACTION	요구	제162조제2항	0.95	거부ㆍ방해 또는 기피|정당한 사유 없이|요구	2026-04-28
자	처벌대상임	SANCTION	18	제162조제2항	0.9	처벌|18	2026-04-28
자	위반함	ACTION	제185조제5항	제185조제5항	0.95	위반|제185조제5항	2026-04-28
자	위반함	ACTION	제189조제3항	제189조제3항	0.95	위반|제189조제3항	2026-04-28
자	위반함	ACTION	같은 항 각 호(제1호 및 제2호를 제외한다)의 어느 하나에 해당하는 행위	제189조제3항	0.9	위반|행위	2026-04-28
자	위반	ACTION	손해사정의 표시ㆍ광고	제189조의2	0.95	손해사정 표시·광고	2026-04-28
과태료	정의함	LOGICAL	5백만원 이하	제187조의2	0.95	과태료|금액	2026-04-28
손해사정사, 손해사정업자 또는 이와 유사한 명칭을 사용한 자	부과	ACTION	과태료	제187조의2	0.98	과태료|부과|손해사정사	2026-04-28
금융위원회	부과	ACTION	과태료	제187조의2	0.95	과태료|부과|금융위원회	2026-04-28
삭제	정의함	LOGICAL	제210조	210	0.95	삭제	2026-04-28
법	시행함	ACTION	2025년 1월 31일	제1조	0.99	시행일	2026-04-28
시행일	정의함	LOGICAL	2025년 1월 31일	제1조	0.99	시행일	2026-04-28
보험업법	개정함	ACTION	일부	제2조	0.95	보험업법 개정|일부	2026-04-28
주된 사무소	변경	ACTION	소재지	제29조제1항	0.95	2주일 이내|주된 사무소|소재지	2026-04-28
제44조	정의함	LOGICAL	Unknown	Unknown	0.4	제44조|정의	2026-04-28
Unknown	정의함	LOGICAL	제35조	Unknown	0.1	Unknown|제35조	2026-04-28
제37조	참조함	STRUCTURE	제2조	37	0.6	제2조 정의|보험상품	2026-04-28
제40조까지	참조함	STRUCTURE	제40조까지”를 “	제40조	0.6	제40조까지	2026-04-28
제37조	정의함	LOGICAL	보험상품	제37조	0.2	제37조|보험상품	2026-04-28
제39조	상위조항	STRUCTURE	제40조	제39조	0.0	상위조항	2026-04-28
로 한다	정의함	LOGICAL	제40조	제40조	0.6	로 한다|규정	2026-04-28
본점 또는 주된 사무소의 소재지	정의함	LOGICAL	본점과 지점 또는 각 사무소 소재지	제137조제2항	0.95	본점 또는 주된 사무소의 소재지|본점과 지점 또는 각 사무소 소재지	2026-04-28
