subject,relation,relation_category,object,article_number,confidence,concepts,created_at
투자조언업,요구함,ACTION,전자적 투자조언장치의 요건,제2조제6호다목,0.95,금융위원회가 정하여 고시하는 요건,2026-04-28
투자조언업,요구함,ACTION,주기적으로 점검할 것,제2조제6호다목,0.9,점검 요건,2026-04-28
전자적 투자조언장치,정의함,LOGICAL,금융위원회가 정하여 고시하는 요건,제2조제6호다목,0.9,요건 정의,2026-04-28
전문인력,정의함,LOGICAL,전문인력,제2조제6호가목2,0.9,전문인력|정의,2026-04-28
전문인력,요구함,ACTION,1인 이상,제2조제6호가목2,0.85,전문인력|요구|인원,2026-04-28
심의위원회,수행,ACTION,요건 심사 절차,제2조제6호가목부터 다목까지,0.95,심의위원회|요건 심사 절차,2026-04-28
심의위원회,구성된,STRUCTURE,외부전문가,제2조제6호가목부터 다목까지,0.85,심의위원회|외부전문가,2026-04-28
심의위원회,지원받아,ACTION,㈜코스콤,제2조제6호가목부터 다목까지,0.9,심의위원회|㈜코스콤,2026-04-28
요건 심사 절차,정의함,LOGICAL,제2조제6호가목부터 다목까지,제2조제6호가목부터 다목까지,0.9,요건 심사 절차|제2조제6호가목부터 다목까지,2026-04-28
기초자산,정하는,LOGICAL,금융투자상품,제4조의3제1호,1.0,정하는|기초자산 정의,2026-04-28
기초자산,정하는,LOGICAL,통화(외국통화를 포함한다),제4조의3제1호,1.0,정하는|기초자산 정의,2026-04-28
기초자산,정하는,LOGICAL,일반상품(법 ... ),제4조의3제1호,1.0,정하는|기초자산 정의,2026-04-28
일반상품,말한다,LOGICAL,제4조제10항제3호에 따른 일반상품,4,0.95,정의함|일반상품,2026-04-28
일반상품,참조함,STRUCTURE,제4조제10항제3호,4,0.9,참조|제4조제10항제3호,2026-04-28
신용위험,정의함,LOGICAL,신용위험,제4조제10항제4호,0.95,신용위험 정의,2026-04-28
최대원금손실 가능금액,정의함,LOGICAL,금융위원회가 정하여 고시하는 방법으로 산정한 금액,제2조제7호,0.95,정의|산정방법,2026-04-28
파생결합증권,정의함,LOGICAL,제2조제7호 가목,제2조제7호 가목,0.95,파생결합증권 정의,2026-04-28
파생결합증권,참조함,STRUCTURE,제2조제7호 가목,제2조제7호 가목,0.9,파생결합증권 참조,2026-04-28
파생상품,정의함,LOGICAL,해당 금융투자상품의 매매 또는 계약을 위하여 지급하였거나 지급하여야 할 금전 등의 총액,제2조제7호 나목,0.85,파생상품|금전 총액,2026-04-28
총액,예외로함,LOGICAL,금액,제3조제1항,0.9,총액|금액,2026-04-28
각 호의 금액,포함한다,ACTION,금액 2. 영,제3조제2항,0.85,금액|포함,2026-04-28
다목에 따른 집합투자증권,정의함,LOGICAL,집합투자재산 중 영,제2조제7호,0.9,다목에 따른 집합투자증권|집합투자재산,2026-04-28
최대 원금손실 가능금액,정의함,LOGICAL,금액,제2조제7호,0.95,정의|금액,2026-04-28
집합투자증권,정의함,LOGICAL,집합투자재산 중 영,제2조제7호,0.92,집합투자증권 정의|정의함,2026-04-28
금융위원회,정하고 고시하다,ACTION,집합투자증권,제2조제7호,0.88,금융위원회|정하고 고시하다,2026-04-28
집합투자증권,정의함,LOGICAL,제2조제7호 가목 및 라목의 금융투자상품에 운용하는 비중과 파생상품 매매에 따른 위험평가액이 집합투자기구 자산총액에 차지하는 비중의 합계가 100분의 20을 초과하는 집합투자기구의 집합투자증권을 말한다.,제2조제7호,0.95,집합투자증권|정의|비중|위험평가액|자산총액|100분의 20,2026-04-28
집합투자증권,예외로함,LOGICAL,다음 각 호의 요건을 모두 충족하는 집합투자기구의 집합투자증권,제2조제7호,0.9,집합투자증권|예외|요건,2026-04-28
상장규정,정의함,LOGICAL,제390조에 따른 상장규정,제390조,0.95,상장규정,2026-04-28
거래상대방,예외로함,LOGICAL,장외 파생상품 거래,제390조,0.9,상장규정 요건 충족,2026-04-28
상장규정,참조함,STRUCTURE,제390조,제390조,0.9,상장규정,2026-04-28
집합투자기구,정의함,LOGICAL,고난도금융투자상품,제246조,0.92,고난도금융투자상품 정의|집합투자기구 조건 충족,2026-04-28
가목 및 라목,정의함,LOGICAL,운용 비중,제2조제7호,0.85,운용 비중|가목 및 라목,2026-04-28
파생상품 매매에 따른 위험평가액,정의함,LOGICAL,비중,제2조제7호,0.8,파생상품 위험평가액|비중,2026-04-28
집합투자재산 중 제2항의 집합투자증권,정의함,LOGICAL,비중,제2조제7호,0.8,집합투자증권|비중,2026-04-28
파생상품 위험평가액,산정한다,ACTION,제4-54조에 따른 파생상품 위험평가액 산정기준,제2조제7호,0.95,파생상품 위험평가액 산정,2026-04-28
파생상품 위험평가액,참조함,STRUCTURE,제4-54조,제2조제7호,0.9,파생상품 위험평가액 산정,2026-04-28
파생상품 위험평가액,예외로함,LOGICAL,한국금융투자협회가 정하는 파생상품 매매,제2조제7호,0.85,파생상품 위험평가액 산정|헤지목적 거래,2026-04-28
집합투자재산,정의함,LOGICAL,투자일임재산 및 신탁재산,제2조제8호 및 제9호,0.95,집합투자재산|투자일임재산|신탁재산|정의,2026-04-28
최대 원금손실 가능금액,정의함,LOGICAL,제1항제2호에 따른 금액,제2조제8호 및 제9호,0.95,최대 원금손실 가능금액|제1항제2호|정의,2026-04-28
투자일임계약,정의함,LOGICAL,합계가 100분의 20을 초과하는 투자일임계약,제2조제8호,0.95,정의함|합계 20% 초과,2026-04-28
투자일임계약,준용함,STRUCTURE,금융위원회가 정하여 고시하는 기준,제2조제8호,0.9,금융위원회 기준,2026-04-28
투자일임계약,상위조항,STRUCTURE,제2조제8호,제2조제8호,0.9,상위조항,2026-04-28
금전신탁계약,정의함,LOGICAL,금융위원회가 정하여 고시하는 기준에 해당하는 금전신탁계약,제2조제9호,0.95,정의|금융위원회 기준,2026-04-28
금전신탁계약,정의함,LOGICAL,합계가 100분의 20을 초과하는 신탁계약,제2조제9호,0.9,정의|20% 기준,2026-04-28
금융투자상품,요구함,ACTION,비중 2,제2조제7호,0.9,비중|운용,2026-04-28
파생상품 매매에 따른 위험평가액,산정기준,STRUCTURE,제4항,제2조제7호,0.85,산정기준|제4항,2026-04-28
파생상품 매매에 따른 위험평가액,정의함,LOGICAL,비중 제1-3조(해외 파생상품거래),제2조제7호,0.8,비중|제1-3조,2026-04-28
거래,정의함,LOGICAL,대륙간 거래소의 규정에 따라 장외에서 이루어지는 에너지거래,제5조제6호,0.95,거래|정의|장외 거래|대륙간 거래소 규정,2026-04-28
거래,정의함,LOGICAL,일본 금융상품거래법에 따라 장외에서 이루어지는 외국환 거래,제5조제6호,0.95,거래|정의|장외 거래|일본 금융상품거래법,2026-04-28
거래,정의함,LOGICAL,유럽연합의 금융상품시장지침에 따라 장외에서 이루어지는 외국환 거래,제5조제6호,0.95,거래|정의|장외 거래|유럽연합 금융상품시장지침,2026-04-28
거래,정의함,LOGICAL,영국 금융감독청의 업무행위감독기준에 따라 장외에서 이루어지는 외국환 거래,제5조제6호,0.95,거래|정의|장외 거래|영국 금융감독청 업무행위감독기준,2026-04-28
제6조제2항제2호,참조함,STRUCTURE,제2조제6호가목2,제6조제2항제2호,0.3,제2조제6호가목2,2026-04-28
금융위원회가 정하여 고 시하는 자,정의함,LOGICAL,법인세법 시행규칙,제14조제1항제2호,0.95,정의함|금융위원회가 정하여 고 시하는 자,2026-04-28
자,정의함,LOGICAL,제56조의2제1항 및 제2항,제56조의2제1항 및 제2항,0.9,자,2026-04-28
자,참조함,STRUCTURE,제56조의2제1항 및 제2항,제56조의2제1항 및 제2항,0.95,자,2026-04-28
금융위원회가 정하여 고시하는 경우,정의함,LOGICAL,다음 각 호를 모두 충족하는 경우,제14조제3항,0.95,정의|조건,2026-04-28
금융위원회가 정하여 고시하는 경우,조건이다,LOGICAL,일시적으로 발생하였을 것,제14조제3항,0.9,조건|일시적,2026-04-28
금융위원회가 정하여 고시하는 금 액,정의함,LOGICAL,주권(최초 모집 이전에 발행된 주권은 제외한다) 발행금액의 100분의 90에 해당하는 금액,제6조제4항제14호가목,0.95,금액 정의|주권 발행금액 비율,2026-04-28
금융위원회가 정하여 고시하는 기관,정의함,LOGICAL,증권금융회사 또는 신탁업자(최초 모집 이전에 발행된 주권을 취득한 자와 그 특수관계인은 제외한다),제6조제4항제14호가목,0.95,정의|금융위원회가 정하여 고시하는 기관,2026-04-28
금융위원회가 정하여 고시하는 경우,정의함,LOGICAL,다음 각 호의 어느 하나에 해당 하는 경우를 말한다. 1. 법,제6조제4항제14호나목,0.95,정의함|금융위원회가 정하여 고시하는 경우,2026-04-28
주식매수청구권,인출,ACTION,금전,제165조의5,0.85,주식매수청구권|인출|금전,2026-04-28
지급자,요구함,ACTION,예치자금등,제6조제4항제14호가목,0.9,지급자 의무|예치자금등 지급,2026-04-28
예치자금등,정의함,LOGICAL,예치 또는 신탁한 금전,제6조제4항제14호가목,0.95,예치자금등 정의,2026-04-28
지급자,준용함,STRUCTURE,제5항제2호,제6조제4항제14호가목,0.85,제5항제2호 준용,2026-04-28
금융위원회,정하여 고시하는,ACTION,규모,제6조제4항제14호다목,0.95,규모 정의|금융위원회 규정,2026-04-28
금융위원회가 정하여 고시하는 규모,정의함,LOGICAL,"1,000억원",제6조제4항제14호다목,0.99,규모 정의|금융위원회 규정,2026-04-28
금융위원회,정하는,ACTION,기준,제6조제4항제14호사목,0.95,정하는|기준,2026-04-28
기업인수목적회사,지급,ACTION,주주,제6조제4항제14호,0.95,지급|주주|주권 보유 비율,2026-04-28
기업인수목적회사,해산,ACTION,해산,제6조제4항제14호,0.9,기업인수목적회사 해산,2026-04-28
증권시장 상장,예외로함,LOGICAL,영,제6조제4항제14호마목,0.9,증권시장 상장|기한 내|영,2026-04-28
합병등기,과태료대상임,SANCTION,법,제6조제4항제14호바목,0.95,합병등기|기한 내|완료하지 못한,2026-04-28
기업인수목적회사,폐지,ACTION,상장,390,0.95,상장폐지|기업인수목적회사,2026-04-28
기업인수목적회사,예외로함,LOGICAL,다른 법인이 상장되는 경우,390,0.85,상장폐지|합병|예외,2026-04-28
지분증권 투자매매업자,매매할 수 있다,ACTION,기업인수목적회사가 발행한 영(주식),제6조제4항제14호다목,0.85,지분증권 투자매매업자|기업인수목적회사,2026-04-28
소유자,요구함,ACTION,증권,제139조제1호,0.95,5% 소유|발행총액의 100분의 5 이상,2026-04-28
금융위원회가 정하여 고시하는 자,정의함,LOGICAL,근로자퇴직급여 보장법에 따른 중소기업퇴직연금기금,제6조제7항,0.99,정의|금융위원회|고시,2026-04-28
운영하는 자,정의함,LOGICAL,제23조의2에 따라 운영하는 자를 말한다.,제23조의2,0.95,운영하는 자 정의,2026-04-28
위험회피 목적의 거래,정의함,LOGICAL,"장외파생상품 거래로서 위험회피대상인 파생결합증권과 장외파생상품의 기초자산이 동일하고 손익의 변화방향이 반대이며, 액면금액과 명목원금이 동일하고 계약기간이 동일한 거래",제7조제1항제2호,0.95,위험회피 목적|장외파생상품 거래|정의,2026-04-28
금융위원회가 정하여 고시하는 기준,정의함,LOGICAL,다음 4개의 요건을 모두 충족하는 것,제7조제2항제1호,0.95,정의|조건,2026-04-28
금융위원회가 정하여 고시하는 기준,정의함,LOGICAL,투자자가 금전등을 지급한 날에 파생결합증권이 발행될 것,제7조제2항제1호,0.95,정의|조건,2026-04-28
금융위원회가 정하여 고시하는 기준,정의함,LOGICAL,파생결합증권의 계약기간 동안 매 영업일마다 청약 및 발행이 가능할 것,제7조제2항제1호,0.95,정의|조건,2026-04-28
금융위원회가 정하여 고시하는 기준,정의함,LOGICAL,파생결합증권의 계약기간 동안 매 영업일마다 투자자가 그 파생결합증권을 매도하여 금전 또는 실물로 회수할 수 있을 것,제7조제2항제1호,0.95,정의|조건,2026-04-28
금융위원회가 정하여 고시하는 기준,정의함,LOGICAL,발행인이 파생결합증권의 발행을 통하여 조달한 자금의 일부를 투자자에게 지급할 실물의 매입을 위하여 사용할 것,제7조제2항제1호,0.95,정의|조건,2026-04-28
파생결합증권,정의함,LOGICAL,금융투자업자가 발행한 파생결합증권(기초자산이 금 또는 은인 파생결합증권에 한한다)으로서 제2항 각 호의 요건을 모두 충족하는 파생결합증권,제7조제2항제2호,0.95,금융위원회가 고시|기초자산이 금 또는 은|제2항 각 호의 요건,2026-04-28
금융위원회가 정하여 고시하는 자,정의함,LOGICAL,농업협동조합,제7조제4항제3호다목,0.95,정의|자격,2026-04-28
금융위원회가 정하여 고시하는 자,정의함,LOGICAL,수산업협동조합,제7조제4항제3호다목,0.95,정의|자격,2026-04-28
금융위원회가 정하여 고시하는 자,정의함,LOGICAL,신용협동조합,제7조제4항제3호다목,0.95,정의|자격,2026-04-28
금융위원회가 정하여 고시하는 자,정의함,LOGICAL,새마을금고,제7조제4항제3호다목,0.95,정의|자격,2026-04-28
금융위원회가 정하여 고시하는 자,정의함,LOGICAL,체신관서,제7조제4항제3호다목,0.95,정의|자격,2026-04-28
금융위원회가 정하여 고시하는 자,정의함,LOGICAL,창업투자회사,제7조제4항제3호다목,0.95,정의|자격,2026-04-28
금융위원회가 정하여 고시하는 자,정의함,LOGICAL,일반투자자(투자일임계약 체결자),제7조제4항제3호다목,0.95,정의|자격,2026-04-28
자,요구함,ACTION,투자일임재산,제7조제4항제3호,0.95,조건부매수|운영,2026-04-28
외국 투자매매업자,요구함,ACTION,인정신청서 제출,제7조제4항제5호,0.95,인정신청서|제출,2026-04-28
외국 투자매매업자,요구함,ACTION,7일 전까지 제출,제7조제4항제5호,0.9,7일 전|제출,2026-04-28
외국 투자매매업자,예외로함,LOGICAL,국채증권 또는 정부가 원리금 지급 보증한 채무증권,제7조제4항제5호,0.85,국채증권|정부보증채무증권,2026-04-28
인정신청서,정의함,LOGICAL,상호,제7조제4항제5호,0.9,상호,2026-04-28
인정신청서,정의함,LOGICAL,본점 또는 주된 사무소 소재지,제7조제4항제5호,0.9,본점|주된 사무소 소재지,2026-04-28
인정신청서,정의함,LOGICAL,자본금 또는 출자금,제7조제4항제5호,0.9,자본금|출자금,2026-04-28
인정신청서,정의함,LOGICAL,대표자에 관한 사항,제7조제4항제5호,0.9,대표자,2026-04-28
인수업무,정의함,LOGICAL,인수업무(이하 이 조에서 '인수업무'라 한다),제85조제3호,0.9,인수업무|정의,2026-04-28
법인,요구함,ACTION,서류,제85조제3호,0.95,인수업무|첨부,2026-04-28
인정 신청자,요구함,ACTION,인정,제7조제4항제5호가목,0.95,인정 기준,2026-04-28
인정 신청자,요구함,ACTION,인정을 받고자 하는 업무와 동종의 업무를 외국에서 3년 이상 계속해서 영위하고 있을 것,제7조제4항제5호가목,0.92,인정 기준,2026-04-28
인정 신청자,요구함,ACTION,인정신청일 현재 원화로 환산한 자기자본이 500억원 이상일 것,제7조제4항제5호가목,0.92,인정 기준,2026-04-28
인정 기준,정의함,LOGICAL,인정을 받고자 하는 업무와 동종의 업무를 외국에서 3년 이상 계속해서 영위하고 있을 것,제7조제4항제5호가목,0.97,인정 기준,2026-04-28
인정 기준,정의함,LOGICAL,인정신청일 현재 원화로 환산한 자기자본이 500억원 이상일 것,제7조제4항제5호가목,0.97,인정 기준,2026-04-28
인정 신청서,참조함,STRUCTURE,제2항,제7조제4항제5호가목,0.85,서식 및 작성방법,2026-04-28
금융위원회가 정하여 고시하는 기준,정의함,LOGICAL,"다음 각 호의 요건을 모두 충족하는 것을 말한다. 다만, 제3호ㆍ제4호의 경우 그 위반 등의 정도가 경미하다고 인정되는 경우는 제외한다.",제7조제4항제5호의2나목,0.97,정의|요건 충족|예외 제외,2026-04-28
제3호ㆍ제4호,예외로함,LOGICAL,위반 정도가 경미한 경우,제7조제4항제5호의2나목,0.85,예외|경미한 위반,2026-04-28
금융관련법령,정의함,LOGICAL,독점규제 및 공정거래에 관한 법률 및 조세범 처벌법 (외국 관련법령 포함),제16조제8항제2호가목,0.95,금융관련법령 정의|법률 포함,2026-04-28
금융관련법령,예외로함,LOGICAL,벌금형 이상에 상당하는 형사처벌을 받은 사실,제16조제8항제2호가목,0.9,형사처벌 제외|정의 조건,2026-04-28
지점,요구함,ACTION,업무의 전부정지 후 3년 기간,제16조제8항제2호라목,0.95,업무의 전부정지|폐쇄·정지 후 기간,2026-04-28
지점,요구함,ACTION,업무의 일부정지 후 2년 기간,제16조제8항제2호라목,0.95,업무의 일부정지|폐쇄·정지 후 기간,2026-04-28
지점,요구함,ACTION,"지점, 그 밖의 영업소의 폐쇄 또는 그 업무의 전부나 일부의 정지 후 1년 기간",제16조제8항제2호라목,0.95,지점 폐쇄|폐쇄·정지 후 기간,2026-04-28
금융기관 등,정의함,LOGICAL,"상호저축은행, 여신전문금융회사, 제2-1조제1항제1호부터 제5호까지의 금융기관",제24조제9호,0.95,정의함|금융기관 등,2026-04-28
파생결합증권,정의함,LOGICAL,제6-1조제11호의 주식워런트증권,제7조의3제1항제3호,0.99,정의함|파생결합증권 정의,2026-04-28
금융위원회,정의함,LOGICAL,금융투자업자,제10조제3항제17호가목,0.95,정의함|금융투자업자 정의,2026-04-28
단서에 따른 금융투자업자,정의함,LOGICAL,금융투자업자,31조제3항,0.7,단서에 따른 금융투자업자|금융투자업자,2026-04-28
자,정의함,LOGICAL,각 목의 기준을 모두 충족하는 자,제35조제2항제2호,0.99,자|각 목의 기준을 모두 충족하는,2026-04-28
사채권 및 기업어음증권,정의함,LOGICAL,제4조제3항에 따른 사채권(A등급 이하) 및 기업어음증권(A2등급 이하) 2. 법,제4조제3항,0.95,사채권|기업어음증권|A등급 이하|A2등급 이하,2026-04-28
지분증권,정의함,LOGICAL,제4조제4항에 따른 지분증권 3. 법,제4조제4항,0.95,지분증권|정의,2026-04-28
지분증권,참조함,STRUCTURE,제4조제4항,제4조제4항,0.9,지분증권|참조,2026-04-28
파생결합증권,정의함,LOGICAL,제4조제7항,제4조제7항,0.95,파생결합증권 정의|제4조제7항에 따른,2026-04-28
집합투자증권,정의함,LOGICAL,"제9조제21항에 따른 집합투자증권(단, 법 ...)",제9조제21항,0.95,집합투자증권|정의,2026-04-28
사모집합투자기구,정의함,LOGICAL,집합투자증권,제9조제19항,0.9,집합투자증권|사모집합투자기구,2026-04-28
증권집합투자기구,금지함,ACTION,집합투자증권,229조제1호,0.95,증권집합투자기구의 집합투자증권,2026-04-28
소득액,정의함,LOGICAL,본인의 직전년도 소득액이 1억원 이상이거나 본인과 그 배우자의 직전년도 소득액의 합계금액이 1억5천만원 이상,제10조제3항제17호다목,0.95,정의|소득액|조건,2026-04-28
금융위원회,정하는,ACTION,자산 기준,제10조제3항제17호다목,0.95,정하는|자산 기준,2026-04-28
자산 기준,정의함,LOGICAL,본인과 그 배우자의 총자산가액 중 차감한 금액이 5억원 이상,제10조제3항제17호다목,0.97,정의함|자산 기준,2026-04-28
자산 기준,예외로함,LOGICAL,본인 또는 그 배우자가 소유하는 부동산에 거주중인 경우 해당 부동산의 가액,제10조제3항제17호다목,0.9,예외로함|부동산 가액,2026-04-28
자,정의함,LOGICAL,"금융위원회가 정하여 고시하는 금융 관련 전문성 요건을 총족하고, 다음 각 호의 어느 하나에 해당하는 자(해당 분야에서 1년 이상 종사)",제10조제3항제17호다목,0.95,자|금융위원회|전문성 요건|총족|공인회계사|감정평가사|변호사|변리사|세무사|법|1년 이상 종사,2026-04-28
시험에 합격한 자,정의함,LOGICAL,투자운용인력의 능력을 검증할 수 있는 시험에 합격한 자,제286조,0.95,시험에 합격한 자|투자운용인력의 능력 검증 시험,2026-04-28
시험에 합격한 자,정의함,LOGICAL,재무위험관리사 시험에 합격한 자,제285조제3항제1호,0.95,시험에 합격한 자|재무위험관리사 시험,2026-04-28
시험에 합격한 자,정의함,LOGICAL,이와 준하는 국제 자격증 소지자,제285조제3항제1호,0.95,시험에 합격한 자|국제 자격증,2026-04-28
자,갖춘,ACTION,등록요건,제286조제1항제3호,0.9,주요직무 종사자|등록요건,2026-04-28
자,정의함,LOGICAL,주요직무 종사자,제286조제1항제3호,0.8,주요직무 종사자,2026-04-28
자,제출,ACTION,협회,제10조제3항제16호가목,0.95,자료 제출|제10조제3항제16호가목에 따라,2026-04-28
제출인,제출함,ACTION,관련 자료를 포함한 서류,제10조제3항제17호가목,0.95,제출|서류|관련 자료,2026-04-28
제출인,제출함,ACTION,협회 또는 금융투자업자,제10조제3항제17호가목,0.9,제출|협회|금융투자업자,2026-04-28
관련 자료,첨부,ACTION,법인등기부등본 또는 신분증사본,제10조제3항제17호가목,0.95,서류 첨부|관련 자료,2026-04-28
관련 자료,첨부,ACTION,금융기관의 금융투자상품 잔고증명서 또는 이와 유사한 서류,제10조제3항제17호가목,0.95,서류 첨부|관련 자료,2026-04-28
관련 자료,첨부,ACTION,소득액 또는 재산가액 또는 전문성 요건을 증명할 수 있는 서류,제10조제3항제17호가목,0.95,서류 첨부|관련 자료,2026-04-28
제출인,제한,LOGICAL,제10조제3항제17호가목,제10조제3항제17호가목,0.9,제출인|제한,2026-04-28
제10조제3항제17호가목에 따른 제출인,한정한다,LOGICAL,제출인,제10조제3항제17호가목,0.95,제출인|제한,2026-04-28
제출인,발급,ACTION,전문투자자 확인증,제10조,0.95,전문투자자 확인증|발급|제출인,2026-04-28
제출인,부여,ACTION,고유번호,제10조,0.9,고유번호|부여|제출인,2026-04-28
제출인,확인,ACTION,제10조제3항제16호나목 및 다목의 요건,제10조,0.9,요건|확인|제출인,2026-04-28
제10조제3항제17호가목에 따라 금융투자업자에게 제출한 제1항의 서류,정의함,LOGICAL,제출한 날부터 2년간 유효,제10조제3항제17호가목,0.95,유효기간|제출일,2026-04-28
협회,요구함,ACTION,그 명부를 기록ㆍ유지,제10조제3항제17호가목,0.95,기록|유지,2026-04-28
제출인,산정한다,ACTION,그 잔고를 신고일 직전일(공휴일 제외)의 외국환거래규정 제1-2조제7호에 따른 매매기준율 또는 재정된 매매기준율에 따라 원화로 환산,제10조제3항제17호가목,0.95,환산|매매기준율|재정된 매매기준율,2026-04-28
국내 주소 보유자,정하다,ACTION,대리인,제10조제3항제18호라목,0.95,대리인 지정|제출인 대리,2026-04-28
금융위원회가 정하여 고시하는 업종을 하는 자,정의함,LOGICAL,"통계법에 따라 국가데이터처장이 고시하는 한국표준산업분류상 그 외 기타 금융지원 서비스업(단, 기업의 IT 관련 업무 수행으로 인한 매출액이 해당 기업의 총매출액의 과반 이상인 경우에 해당한다)을 하는 자",제14조의5제1항제2호,0.95,정의|업종,2026-04-28
금융위원회가 정하여 고시하는 업종을 하는 자,정의함,LOGICAL,중소기업창업지원법 시행령,제14조의5제1항제2호,0.95,정의|법령,2026-04-28
공익을 목적으로 하는 자,정의함,LOGICAL,부동산업을 하는 자 중 관계 법령에 따라 허가ㆍ인가ㆍ승인ㆍ지정 등을 받은 자,제4조제2호,0.95,공익을 목적으로 하는 자|허가ㆍ인가ㆍ승인ㆍ지정,2026-04-28
금융위원회가 정하여 고시하는 분야,정의함,LOGICAL,영 제1항제2호 각 목의 어느 하나에 해당하는 업종을 제외한 분야,제14조의5제2항제2호가목,0.99,정의함|금융위원회가 정하여 고시하는 분야,2026-04-28
금융위원회가 정하여 고시하는 분야,예외로함,LOGICAL,영 제1항제2호 각 목의 어느 하나에 해당하는 업종,제14조의5제2항제2호가목,0.95,예외로함|금융위원회가 정하여 고시하는 분야,2026-04-28
금융위원회가 정하여 고시하는 기준,정의함,LOGICAL,사업의 수익 지분 중 중소기업 비중이 50% 이상인 것,제14조의5제2항제2호나목,0.99,정의함|금융위원회가 정하여 고시하는 기준,2026-04-28
금융위원회가 정하여 고시하는 금융기관,정의함,LOGICAL,금융기관(집합투자증권의 투자매매업 또는 투자중개업을 영위하는 경우에 한한다),제16조제1항제8호,0.95,정의|금융위원회가 정하여 고시하는 금융기관|금융기관,2026-04-28
금융위원회가 정하여 고시하는 금융기관,참조함,STRUCTURE,신용협동조합법,제16조제1항제8호,0.9,참조|신용협동조합법,2026-04-28
농업협동조합법,참조함,STRUCTURE,제2조제1호의 신용협동조합 2,제2조제1호의 신용협동조합 2,0.9,참조|법률,2026-04-28
신용사업을 영위하는 조합,정의함,LOGICAL,수산업협동조합법,제2조제1호,0.97,신용사업을 영위하는 조합|수산업협동조합법,2026-04-28
조합,정의함,LOGICAL,신용사업을 영위하는 조합,제2조제4호의,0.95,조합|신용사업을 영위하는 조합,2026-04-28
새마을금고,정의함,LOGICAL,「새마을금고법」에 따른 새마을금고,제2조제4호의,0.95,새마을금고|새마을금고법에 따른 새마을금고,2026-04-28
체신관서,정의함,LOGICAL,「우체국 예금ㆍ보험에 관한 법률」에 따른 체신관서,제2조제4호의,0.95,체신관서|우체국 예금ㆍ보험에 관한 법률에 따른 체신관서,2026-04-28
금융위원회가 정하여 고시하는 경우,정의함,LOGICAL,최대주주인 법인,제16조제7항,0.95,정의|법인,2026-04-28
금융위원회가 정하여 고시하는 경우,참조함,STRUCTURE,금융위원회의 설치 등에 관한 법률,제16조제7항,0.9,법률|금융위원회,2026-04-28
금융회사,정의함,LOGICAL,"검사대상기관으로서 설립근거 법에 따른 소유한도 유무, 주식소유의 분산정도 등을 고려하여 금융회사의 최대주주가 그 금융회사를 사실상 지배하고 있지 아니하다고 금융위원회가 인정하는 경우",제38조,0.95,정의|검사대상기관|금융위원회 인정,2026-04-28
금융투자업인가 절차,준용함,STRUCTURE,별 표 1,제2-2조,0.9,절차|별 표 1,2026-04-28
신청인,제출하여야 한다,ACTION,별지 제1호부터 별지 제3호까지의 신청서(첨부서류 포함),제2-2조,0.95,제출|신청인|금융위원회,2026-04-28
금융위원회,발급하여야 한다,ACTION,별지25의 인가증 또는 등록증,제2-2조,0.9,발급|금융위원회|인증서,2026-04-28
금융위원회,발급할 수 있다,ACTION,별지26의 인가확인서 또는 등록확인서,제2-2조,0.85,발급|금융위원회|인증서,2026-04-28
심사 중단 기간,정의함,LOGICAL,금융위원회가 정하여 고시하는 기간,제2조제3호,0.95,심사 중단 기간 정의|금융위원회 고시,2026-04-28
심사 중단 기간,정의함,LOGICAL,소송·조사·검사 등 중대한 영향이 있을 때,제2조제3호,0.9,심사 중단 기간 정의|중대한 영향,2026-04-28
금융위원회,권한을가짐,ACTION,심사 재개,제2조제3호,0.9,금융위원회 권한|심사 재개,2026-04-28
심사 중단 기간,예외로함,LOGICAL,심사 재개 시까지의 기간,제2조제3호,0.85,심사 중단 기간 제한|심사 재개 시까지,2026-04-28
금융위원회가 정하여 고시하는 기간,정의함,LOGICAL,제2-3조의 본문과 단서를 준용한 기간,제11조의2제3호,0.99,정의함|제2-3조의 본문과 단서를 준용한 기간,2026-04-28
인가심사,간주함,LOGICAL,등록검토,제2조의2제3호,0.9,간주|대체,2026-04-28
심사,간주함,LOGICAL,검토,제2조의2제3호,0.9,간주|대체,2026-04-28
금융위원회가 정하여 고시하는 기간,정의함,LOGICAL,제 2-3조의 본문과 단서를 준용한 기간,제3조제3호,0.95,정의|준용,2026-04-28
인가심사,간주함,LOGICAL,예비인가심사,제3조제3호,0.9,간주|정의,2026-04-28
제13조제4항,참조함,STRUCTURE,제2조제6호가목2,제13조제4항,0.1,,2026-04-28
금융위원회,권한을가짐,ACTION,조건,제16조의2제5항,0.95,지분 유지 및 양도제한|조건,2026-04-28
지분 유지 및 양도제한에 관한 사항,정의함,LOGICAL,인가일로부터 3년을 초과하지 않는 범위 내에서의 지분의 유지 및 양도제한,제16조의2제5항,0.9,지분 유지 및 양도제한|인가일|3년,2026-04-28
지분 유지 및 양도제한에 관한 사항,예외로함,LOGICAL,가. 최대주주의 지위의 변동을 초래하지 아니하는 자본금의 증액 또는 발행주식의 양도 나. 법령에 따른 의무의 이행 다. 그 밖에 금융위원회가 최대주주의 지위 또는 지분의 이전이나 양도의 적정성을 인정한 경우,제16조의2제5항,0.85,예외|자본금 증액|법령 의무 이행|적정성 인정,2026-04-28
세부요건,정의함,LOGICAL,별표 2,제16조,0.95,세부요건|별표 2,2026-04-28
사업계획,정의함,LOGICAL,별표 2,제16조,0.95,사업계획|별표 2,2026-04-28
인력과 전산설비,정의함,LOGICAL,별표 2,제16조,0.95,인력과 전산설비|별표 2,2026-04-28
물적 설비,정의함,LOGICAL,별표 2,제16조,0.95,물적 설비|별표 2,2026-04-28
이해상충방지체계,정의함,LOGICAL,별표 2,제16조,0.95,이해상충방지체계|별표 2,2026-04-28
인력ㆍ물적 설비에 관한 이행계획,충족해야 한다,ACTION,별표 2의 요건,제16조,0.9,예비 인가|인력ㆍ물적 설비|이행계획|별표 2,2026-04-28
대주주,참조함,STRUCTURE,제16조제6항,제16조제6항,0.85,대주주 정의|제16조제6항 참조,2026-04-28
본점,정의함,LOGICAL,당해 국내지점의 본점,제16조제1항제6호,0.95,본점|정의,2026-04-28
외국 금융투자업자,준용함,STRUCTURE,별표 3 제1호라목,제16조제2항,0.9,세부요건|별표 3,2026-04-28
금융위원회 또는 금융감독원장,요구함,ACTION,금융회사의 지배구조에 관한 법률,제16조제2항,0.85,주주|규제,2026-04-28
금융위원회 또는 금융감독원장,권한을가짐,ACTION,금융투자업자 및 그 주주,제16조제2항,0.8,권한|주주,2026-04-28
제2-7조(사실상 영향력을 행사하는 주요주주),참조함,STRUCTURE,제16조제2항,제16조제2항,0.7,참조,2026-04-28
자료 제출,요구함,ACTION,자료,제2조제6호나목2,0.9,자료 제출|요구,2026-04-28
금융투자업자,요구함,ACTION,대주주,제16조제6항,0.6,대주주,2026-04-28
본점,정의함,LOGICAL,국내지점의 본점,제16조제1항제6호 및 제7호,0.95,본점|국내지점,2026-04-28
국내지점,말한다,ACTION,본점,제16조제1항제6호 및 제7호,0.9,본점|국내지점,2026-04-28
금융위원회가 정하여 고시하는 채무증권,정의함,LOGICAL,상법,제2-9조,0.9,정의|채무증권|상법,2026-04-28
금융위원회가 정하여 고시하는 채무증권,같다,LOGICAL,별표 3 제1호가목(5)(나),제19조제2항,0.8,같다|정의|채무증권,2026-04-28
사채로서 법,정의함,LOGICAL,제 469조제2항제3호에 따른 사채로서 법,제 469조제2항제3호,0.95,사채로서 법 정의,2026-04-28
사채로서 법,참조함,STRUCTURE,제 469조제2항제3호,제 469조제2항제3호,0.9,제 469조제2항제3호 참조,2026-04-28
채무증권,정의함,LOGICAL,제4조제7항제1호에 해당하는 채무증권,제4조제7항제1호,0.95,채무증권 정의,2026-04-28
단서,준용함,STRUCTURE,영,제 21조제4항제1호,0.6,단서에 따라,2026-04-28
제23조제2호,정의함,LOGICAL,투자자문업 또는 투자일임업을 등록하고자 하는 자의 이해상충방지체계의 세부요건,제23조제2호,0.95,정의|투자자문업|투자일임업|이해상충방지체계,2026-04-28
제23조제2호,준용함,STRUCTURE,별표 2 제4호,제23조제2호,0.9,준용|별표 2 제4호,2026-04-28
제23조제2호,참조함,STRUCTURE,제2-9조의2(등록검토기간에 넣지 않는 기간) 규칙,제23조제2호,0.85,참조|제2-9조의2,2026-04-28
금융위원회가 정하여 고시하는 기간,준용함,STRUCTURE,제2-3조,제4조제3호,0.9,정의함|준용,2026-04-28
지점,제출해야 한다,ACTION,신고서,제16조제10항,0.95,신고서 제출|지점,2026-04-28
신고서,기재해야 한다,ACTION,각 호의 사항,제16조제10항,0.9,신고서 내용|기재,2026-04-28
1종 금융투자업자,요구함,ACTION,순자본비율이 100% 이상,제324조제2항제2호,0.95,자기자본 기준|순자본비율|1종 금융투자업자,2026-04-28
2종 금융투자업자,요구함,ACTION,자기자본이 최소영업자본액 이상,제324조제2항제2호,0.95,자기자본 기준|최소영업자본액|2종 금융투자업자,2026-04-28
3종 금융투자업자,요구함,ACTION,영업용순자본비율이 150% 이상,제324조제2항제2호,0.95,자기자본 기준|영업용순자본비율|3종 금융투자업자,2026-04-28
증권금융회사,요구함,ACTION,비율이 100분의 8 이상,제324조제2항제2호,0.95,자기자본 기준|비율|증권금융회사,2026-04-28
증권금융회사,참조함,STRUCTURE,제8-6조제1항제1호,제324조제2항제2호,0.9,증권금융회사|제8-6조제1항제1호,2026-04-28
금융투자업자,요구함,ACTION,자기자본 기준에 부합할 것,제324조제2항제2호,0.9,자기자본 기준|금융투자업자,2026-04-28
자기자본 기준,정의함,LOGICAL,금융투자업자 및 증권금융회사의 자기자본 기준,제324조제2항제2호,0.9,자기자본 기준|정의,2026-04-28
재정경제부장관,요청함,ACTION,등록요건 충족여부 확인,제13조제3항,0.95,요청|확인요청,2026-04-28
등록요건 충족여부 확인,확인함,ACTION,등록요건 충족여부,제13조제3항,0.95,등록요건 충족여부 확인,2026-04-28
등록요건 충족여부 확인,준용함,STRUCTURE,제13조제1항 기준,제13조제3항,0.85,제1항 기준,2026-04-28
제13조제3항,참조함,STRUCTURE,제13조제1항,제13조제3항,0.8,제1항,2026-04-28
금융투자업자,준용함,STRUCTURE,법,제370조제2항제6호,0.9,제370조제2항제6호|법,2026-04-28
금융투자업자,근거함,STRUCTURE,제370조제2항제6호,제370조제2항제6호,0.8,제370조제2항제6호,2026-04-28
합병등,충족해야 한다,ACTION,업무 범위가 적정,제417조제1항제1호,0.95,업무 범위 적정|합병등,2026-04-28
합병등,충족해야 한다,ACTION,대주주가 별표 3의 요건을 충족,제417조제1항제1호,0.95,대주주 요건|합병등,2026-04-28
"제417조제1항제3호, 제6호 및 제7호에 대한 승인",준용한다,LOGICAL,"제417조제1항제3호, 제6호 및 제7호",제417조,0.95,준용|승인,2026-04-28
"제417조제1항제3호, 제6호 및 제7호",상위조항,STRUCTURE,제417조,제417조,0.9,제417조,2026-04-28
제417조제1항제2호,참조함,STRUCTURE,제417조,제417조제1항제2호,0.9,제417조제1항제2호|제417조,2026-04-28
승인,준용함,ACTION,제370조제1항,제370조제1항,0.95,승인|제370조제1항,2026-04-28
준용,정의함,LOGICAL,제417조제1항제4호 및 제5호,제417조제1항제4호 및 제5호,0.9,준용|정의,2026-04-28
준용,준용함,ACTION,승인,제417조제1항제4호 및 제5호,0.95,준용|승인,2026-04-28
신청인,제출,ACTION,승인신청서(첨부서류 포함),제417조제1항,0.95,제출|승인신청서|금융위원회,2026-04-28
금융감독원장,수행할 수 있다,ACTION,면담 등 실지조사,제417조제1항,0.9,면담|실지조사,2026-04-28
금융감독원장,수행할 수 있다,ACTION,이행상황 확인,제417조제1항,0.9,이행상황|확인,2026-04-28
금융감독원장,통보하여야 한다,ACTION,금융위원회,제417조제1항,0.95,통보|금융위원회,2026-04-28
승인신청서,정의함,LOGICAL,별지 제5호부터 제12호까지,제417조제1항,0.9,승인신청서|별지,2026-04-28
공고,허용함,ACTION,이해관계인의 의견 수렴,제417조제1항,0.95,승인|공고|이해관계인 의견 수렴,2026-04-28
공고,허용함,ACTION,공청회 개최,제417조제1항,0.95,승인|공고|공청회 개최,2026-04-28
금융투자업자,요구함,ACTION,합병 심사기준,제4조제1항,0.95,합병 심사기준|금융투자업자,2026-04-28
합병,면제함,ACTION,제1항제8호,제4조제1항,0.9,제1항제8호|면제|합병,2026-04-28
금융투자업자,완화함,ACTION,합병 심사기준,제4조제1항,0.85,완화|금융구조조정|합병 심사기준,2026-04-28
합병,조건함,LOGICAL,양당사자가 금융투자업자,제4조제1항,0.8,조건|양당사자|금융투자업자,2026-04-28
합병,조건함,LOGICAL,정부의 권고·요구·명령에 따르거나 금융투자업의 구조조정을 위하여 필요하다고 금융위원회가 승인,제4조제1항,0.8,조건|정부|금융위원회|승인,2026-04-28
금융위원회가 정하는 기간,정의함,LOGICAL,10년,제5조의3제2항,0.99,정의|기간,2026-04-28
금융위원회가 정하는 기간,예외로함,LOGICAL,기간을 달리 정할 수 있다,제5조의3제2항,0.92,예외|기간 조정,2026-04-28
전환의 인가,준용함,STRUCTURE,제4조제1항,제4조제1항,0.95,전환의 인가|제4조제1항,2026-04-28
전환의 인가,참조함,STRUCTURE,금융산업의 구조개선에 관한 법률,제4조제1항,0.85,전환의 인가|금융산업의 구조개선에 관한 법률,2026-04-28
신청인,제출,ACTION,금융위원회,제4조제1항,0.99,합병 또는 전환의 인가|인증신청서,2026-04-28
신청인,제출,ACTION,인증신청서,제4조제1항,0.99,합병 또는 전환의 인가|인증신청서,2026-04-28
대주주,요구함,ACTION,출자승인,제24조,0.95,출자승인|대주주,2026-04-28
출자승인,정의함,LOGICAL,제24조,제24조,0.9,출자승인|제24조,2026-04-28
출자승인,준용함,STRUCTURE,제24조,제24조,0.9,출자승인|제24조,2026-04-28
대주주,정의함,LOGICAL,제12조제2항제6호가목에 따른 대주주,제12조제2항제6호가목,0.95,정의|대주주,2026-04-28
대주주,충족,ACTION,요건,제12조제2항제6호가목,0.9,충족|요건,2026-04-28
대주주,준용함,STRUCTURE,별표 4 제7호가목,제12조제2항제6호가목,0.85,준용|규정,2026-04-28
의결권 있는 발행주식,정의함,LOGICAL,상법,제24조제1항 및 제5항,0.95,의결권 있는 발행주식|상법,2026-04-28
제24조제1항 및 제5항,참조함,STRUCTURE,의결권 있는 발행주식,제24조제1항 및 제5항,0.9,제24조제1항 및 제5항|의결권 있는 발행주식,2026-04-28
발행주식,정의함,LOGICAL,제344조의3제 1항에 따른 의결권 없는 주식을 제외한 발행주식,제344조의3제 1항,0.95,발행주식 정의|의결권 없는 주식 제외,2026-04-28
발행주식,참조함,STRUCTURE,제344조의3제 1항,제344조의3제 1항,0.9,제344조의3제 1항 참조,2026-04-28
주식소유비율,정의함,LOGICAL,금융투자업자 및 그 금융 투자업자와 같은 기업집단에 속하는 금융기관이 소유 하게 되는 다른 회사의 의결권 있는 발행주식수를 당해 회사의 의결권 있는 발행주식총수로 나눈 비율,제24조제1항 및 제5항,0.99,주식소유비율 정의,2026-04-28
주식소유비율,예외로함,LOGICAL,다음 각 호의 어느 하나에 해당하는 주식은 동일계열 금융기관이 소유한 주식 수와 합산하여 계산하여야 한다,제24조제1항 및 제5항,0.95,주식소유비율 예외,2026-04-28
제6조제3항제5호,참조함,STRUCTURE,같은 법 시행령,제6조제3항제5호,0.9,제6조제3항제5호|제6조제3항제5호 및 같은 법 시행령,2026-04-28
금융위원회 고시,정의함,LOGICAL,미리 금융위원회의 승인을 얻을 시간적 여유가 없는 경우,제2조제1항제5호,0.95,정의함|금융위원회 고시,2026-04-28
금융위원회 고시,정의함,LOGICAL,동일계열 금융기관이 출자한 기관전용 사모집합투자기구의 해산 등에 따른 현물수령으로 다른 회사의 주식을 소유하는 경우,제2조제1항제5호,0.95,정의함|금융위원회 고시,2026-04-28
금융위원회 고시,정의함,LOGICAL,동일계열 금융기관이 「사회기반시설에 대한 민간투자법」에 따른 사회기반시설 민간투자사업을 영위하는 회사 또는 「부동산투자회사법」에 따른 부동산투자회사의 주식을 소유하는 경우,제2조제1항제5호,0.95,정의함|금융위원회 고시,2026-04-28
금융위원회 고시,정의함,LOGICAL,"다음 각 목 어느 하나에 해당하는 기업에 대한 대출금 등의 출자전환으로 다른 회사의 주식을 소유하는 경우 (가. 채무자 회생 및 파산에 관한 법률에 따라 회생절차개시의 결정을 받은 기업, 나. 기업구조조정 촉진을 위한 금융기관 협약에 따라 기업개선작업을 추진 중인 기업)",제2조제1항제5호,0.95,정의함|금융위원회 고시,2026-04-28
금융위원회 고시,정의함,LOGICAL,파생결합증권을 발행한 금융투자업자가 위험회피 목적으로 다른 회사의 주식을 취득하는 경우,제2조제1항제5호,0.95,정의함|금융위원회 고시,2026-04-28
검사,요구함,ACTION,금융위원회,Unknown,0.95,보고|검사,2026-04-28
제6항,예외로함,LOGICAL,다른 회사의 의결권 있는 발행 주식 총수 중 동일계열 금융기관이 소유하는 비율의 변경,Unknown,0.85,제6항|비율 변경,2026-04-28
제6항,참조함,STRUCTURE,금융산업의 구조개선에 관한 법률,Unknown,0.9,제6항|금융산업의 구조개선에 관한 법률,2026-04-28
초과소유요건 충족여부,허용함,ACTION,검사,제24조제6항,0.9,초과소유요건 충족여부|수시로 검사,2026-04-28
제24조제6항,참조함,STRUCTURE,"제2-14조의2, 제2-15조",제24조제6항,0.95,제2-14조의2|제2-15조,2026-04-28
금융위원회가 정하여 고시하는 기간,정의함,LOGICAL,기간,제370조제6항,0.95,금융위원회가 정하여 고시하는 기간|정의,2026-04-28
금융위원회,정하여 고시하는,ACTION,기간,제370조제6항,0.9,정하여 고시하는|기간,2026-04-28
기간,정의함,LOGICAL,각 호 의 어느 하나에 해당하는 기간,제2조,0.95,기간 정의,2026-04-28
인가신청서,정의함,LOGICAL,승인신청서,제2조,0.95,용어 대체,2026-04-28
인 가심사,정의함,LOGICAL,승인심사,제2조,0.95,용어 대체,2026-04-28
금융투자업자,보고하여야,ACTION,금융감독원장,제371조제1항,0.98,보고|금융감독원장,2026-04-28
금융투자업자,보고,ACTION,7일 이내,제371조제1항,0.9,보고|7일 이내,2026-04-28
사유,발생,ACTION,나,418,0.95,사유|발생,2026-04-28
사유가 발생한 경우,참조함,STRUCTURE,제371조제3항제1호부터 제9호까지,제371조제3항제1호부터 제9호까지,0.95,사유가 발생한 경우|제371조제3항,2026-04-28
사유가 발생한 경우,정의함,LOGICAL,제2항제2호 또는 제3항제1호부터 제4호까지의 사유가 발생한 경우 지체 없이,제371조제3항제1호부터 제9호까지,0.85,사유가 발생한 경우|제2항제2호|제3항제1호부터 제4호까지|지체 없이,2026-04-28
사유가 발생한 경우,정의함,LOGICAL,다음 각 목의 어느 하나에 해당하는 경우 그 사유가 발생한 날이 해당하는 분기 종료 후 45일 이내,제371조제3항제1호부터 제9호까지,0.8,사유가 발생한 경우|다음 각 목|분기 종료 후 45일 이내,2026-04-28
사유가 발생한 경우,정의함,LOGICAL,제418조제10호 또는 제12호의 사유,제418조,0.9,사유가 발생한 경우|제418조제10호|제418조제12호,2026-04-28
사유가 발생한 경우,정의함,LOGICAL,제2항제1호 또는 제3항제5호부터 제11호까지의 사유,제418조,0.9,사유가 발생한 경우|제2항제1호|제3항제5호|제3항제11호,2026-04-28
금융투자업자,요구함,ACTION,사유가 발생한 경우,제418조,0.6,금융투자업자|사유가 발생한 경우,2026-04-28
사유가 발생한 경우,참조함,STRUCTURE,제418조,제418조,0.8,사유가 발생한 경우|제418조,2026-04-28
금융투자업자,요구함,ACTION,금융감독원장,제371조제3항제10호,0.95,보고 의무|금융투자업자|금융감독원장,2026-04-28
금융투자업자,예외로함,LOGICAL,보고 의무,제371조제3항제10호,0.9,제1호|제2호|보고 의무|금융투자업자,2026-04-28
사유,정의함,LOGICAL,외국 금융투자업자의 본 점에 다음 각 호의 어느 하나에 해당하는 사유가 발생한 경우,제371조제3항제11호,0.95,사유 정의|외국 금융투자업자|발생,2026-04-28
사유,정의함,LOGICAL,영업의 전부정지나 인허가 또는 등록의 취소,제371조제3항제11호,0.9,사유 항목|영업의 전부정지|인허가 취소,2026-04-28
사유,정의함,LOGICAL,부도나 이에 준하는 사태발생,제371조제3항제11호,0.9,사유 항목|부도|사태발생,2026-04-28
사유,정의함,LOGICAL,해산의 결의,제371조제3항제11호,0.9,사유 항목|해산 결의,2026-04-28
사유,정의함,LOGICAL,파산 및 회생절차의 개시신청,제371조제3항제11호,0.9,사유 항목|파산|회생절차 개시,2026-04-28
사유,정의함,LOGICAL,상호 또는 대표자 변경,제371조제3항제11호,0.9,사유 항목|상호 변경|대표자 변경,2026-04-28
사유,정의함,LOGICAL,위치 변경,제371조제3항제11호,0.9,사유 항목|위치 변경,2026-04-28
사유,정의함,LOGICAL,합병 및 최대주주의 변경,제371조제3항제11호,0.9,사유 항목|합병|최대주주 변경,2026-04-28
사유,정의함,LOGICAL,영업의 전부 또는 일부의 양도,제371조제3항제11호,0.9,사유 항목|영업 양도,2026-04-28
사유,정의함,LOGICAL,중대한 소송사건 발생,제371조제3항제11호,0.9,사유 항목|중대한 소송,2026-04-28
사유,정의함,LOGICAL,소재지국의 금융투자업 관계법령 위반으로 인한 감독당국이나 사법기관의 제재조치,제371조제3항제11호,0.9,사유 항목|법령 위반|제재조치,2026-04-28
사유,정의함,LOGICAL,그 밖에 투자자보호와 관련된 중요사항의 발생,제371조제3항제11호,0.9,사유 항목|투자자보호|중요사항 발생,2026-04-28
사유,정의함,LOGICAL,거래소에 대한 채무불이행,371.3.13,0.95,사유 정의|거래소 채무불이행,2026-04-28
사유,정의함,LOGICAL,해외 파생상품시장의 회원권 취득,371.3.13,0.95,사유 정의|해외 파생상품 회원권 취득,2026-04-28
사유,정의함,LOGICAL,외국에서 금융투자업을 영위하기 위한 인허가 또는 등록 등,371.3.13,0.95,사유 정의|외국 금융투자업 인허가,2026-04-28
제418조,정의함,LOGICAL,제2조제6호가목2,418,0.15,제418조|제2조제6호가목2,2026-04-28
서류 첨부,요구함,ACTION,서류,제371조,0.95,서류 첨부|보고,2026-04-28
금융투자업자,요구함,ACTION,내부통제기준,제19조제1항제13호,0.95,내부통제기준|이 장에 따라야 한다,2026-04-28
집합투자기구,정함,ACTION,영업에 관한 내부통제 기준,제93조,0.95,영업에 관한 내부통제 기준|집합투자기구,2026-04-28
영업에 관한 내부통제 기준,포함해야 한다,LOGICAL,각 지점별 파생상품 영업관리자의 지정에 관한 사항,제93조,0.9,각 지점별 파생상품 영업관리자의 지정에 관한 사항|영업에 관한 내부통제 기준,2026-04-28
영업에 관한 내부통제 기준,포함해야 한다,LOGICAL,파생상품 영업관리자의 계좌개설에 관한 확인 및 투자자보호에 필요한 조치,제93조,0.9,파생상품 영업관리자의 계좌개설에 관한 확인 및 투자자보호에 필요한 조치|영업에 관한 내부통제 기준,2026-04-28
사채,정의함,LOGICAL,법,제469조제2항제3호,0.95,사채|법,2026-04-28
파생결합증권,정의함,LOGICAL,파생결합증권의 발행을 통해 조달한 자금의 운용내역을 구분하여 기록ㆍ유지하는 것,제4조제7항제1호,0.95,파생결합증권|구분 관리|운용내역 기록|유지,2026-04-28
구분 관리,정의함,LOGICAL,자금과 고유재산을 구분하여 기록ㆍ유지하는 것,제4조제7항제1호,0.95,구분 관리|기록|유지|자금|고유재산,2026-04-28
금융투자업자,요구함,ACTION,파생결합증권의 발행을 통해 조달한 자금,제4조제7항제1호,0.9,금융투자업자|구분 관리|파생결합증권|자금,2026-04-28
금융투자업자,요구함,ACTION,금융투자업자의 고유재산,제4조제7항제1호,0.9,금융투자업자|구분 관리|고유재산,2026-04-28
금융투자업자,요구함,ACTION,전산시스템 구축,제4조제7항제1호,0.9,금융투자업자|전산시스템|구축,2026-04-28
업무위탁,준수함,ACTION,제42조에 따른 업무위탁 관련 규정 및 제1항에서 정한 사항,제42조,0.95,업무위탁|규정 준수,2026-04-28
업무위탁,참조함,STRUCTURE,제42조,제42조,0.9,제42조|업무위탁,2026-04-28
자금세탁행위 혐의거래,요구함,ACTION,보고책임자 및 전담직원 지정,제4조제1항,0.9,보고책임자|전담직원,2026-04-28
자금세탁행위 혐의거래,요구함,ACTION,보고 관련 자료 보존,제4조제1항,0.9,보존,2026-04-28
자금세탁행위 혐의거래,요구함,ACTION,보고 관련 사실 비밀 보장,제4조제1항,0.9,비밀보장,2026-04-28
투자자,요구함,ACTION,공매도 여부 확인,제180조제1항제2호,0.95,공매도 여부 확인|투자자,2026-04-28
공매도 여부 확인,근거함,STRUCTURE,제180조제1항제2호,제180조제1항제2호,0.9,공매도 여부 확인|제180조제1항제2호,2026-04-28
주문,요구함,ACTION,공매도에 해당하는 경우,제180조제1항제2호,0.8,공매도|주문,2026-04-28
신탁업자,포함하여야 한다,ACTION,대주주(그의 특수관계인을 포함한다)와의 이해상충을 방지하기 위한 업무절차나 기준에 관한 사항,제2-34조,0.95,내부통제기준|이해상충 방지|업무절차|기준,2026-04-28
신탁업자,포함하여야 한다,ACTION,신탁사업의 시공사 및 용역업체의 선정에 관한 기록의 보관ㆍ유지에 관한 사항,제2-34조,0.95,내부통제기준|기록 보관|유지|시공사|용역업체,2026-04-28
금융투자업자,포함하여야 한다,ACTION,"채무보증한도(거래종류별, 거래상대방별, 부서별 등으로 구분한다)에 관한 사항",제2-35조,0.95,내부통제기준|채무보증한도|거래종류|거래상대방|부서,2026-04-28
금융투자업자,포함하여야 한다,ACTION,계약체결 전 거래에 따른 위험을 평가ㆍ관리할 수 있는 심사 및 승인절차에 관한 사항,제2-35조,0.95,내부통제기준|위험 평가|심사|승인절차,2026-04-28
금융투자업자,포함하여야 한다,ACTION,계약체결 후 거래에 따른 위험의 변동을 평가ㆍ관리할 수 있는 사후관리 절차에 관한 사항,제2-35조,0.95,내부통제기준|위험 변동|사후관리,2026-04-28
금융투자업자,"정하지 않은 회계처리, 계정과목별 처리내용 등 세부적인 기준 및 「외국환거래법 시행령」",STRUCTURE,회계처리,제3-1조,0.9,회계처리|외국환거래법 시행령|세부기준,2026-04-28
금융감독원장,정한다,ACTION,외국환계정의 계리기준,제37조제2항제2호,0.99,계리기준|외국환계정,2026-04-28
융위원회,위탁,ACTION,금융감독원장,제37조제2항제2호,0.98,위탁|금융감독원장,2026-04-28
금융위원회가 정하여 고시하는 경우,정의함,LOGICAL,주식회사의 외부감사에 관한 법률,제6조제1항제1호,1.0,정의함|금융위원회가 정하여 고시하는 경우,2026-04-28
회계기간 변경,정의함,LOGICAL,회계기간을 매년 1월 1일부터 12월 31일로 변경하는 경우,제13조제1항제1호,0.97,회계기간 변경|회계기간|금융투자업자|회계처리기준,2026-04-28
회계기간 변경,참조함,STRUCTURE,제13조제1항제1호,제13조제1항제1호,0.95,회계기간 변경|제13조제1항제1호,2026-04-28
신탁업자,정의함,LOGICAL,제103조제1항제4호부터 제6호까지의 재산에 대한 신탁업무 및 그 부대업무만을 영위하는 조건으로 신탁업인가를 받은 신탁업자,제103조제1항제4호부터 제6호까지,0.95,신탁업자 정의|신탁업무,2026-04-28
금융투자업자,산정한다,ACTION,계정과목별 금액,제3-5조,0.92,적용기준|산정,2026-04-28
금융투자업자,산정한다,ACTION,외부감사인의 수정 후 재무제표,제3-5조,0.88,적용기준|외부감사인|수정,2026-04-28
"금전, 그 밖의 재산",소유하고 있는 것으로 본다,LOGICAL,금융투자업자,제3-5조,0.86,신탁|소유,2026-04-28
적용기준,정의함,LOGICAL,금융투자업자의 개별재무제표,제3-5조,0.84,적용기준|개별재무제표,2026-04-28
제19조제1항제1호,정의함,LOGICAL,제19조제1항제1호,제19조제1항제1호,0.0,정의,2026-04-28
제23조제1호,정의함,LOGICAL,영,23-1,0.9,영,2026-04-28
제118조의6제1호,정의함,LOGICAL,영,제118조의6제1호,0.5,제118조의6제1호 정의,2026-04-28
자기자본,정의함,LOGICAL,합계한 금액,제271조의3제 1호,0.95,자기자본|합계한 금액,2026-04-28
레버리지비율,정의함,LOGICAL,자기자본에 대한 총자산의 비율을 백분율(%)로 표시한 수치로서 금융감독원장이 정하는 방식에 따라 산정한 것,제10조제1항,0.97,레버리지비율|정의,2026-04-28
최소영업자본액,정의함,LOGICAL,다음 각 목을 합산한 금액,제10조제1항,0.96,최소영업자본액|정의,2026-04-28
영업용순자본비율,정의함,LOGICAL,총위험액에 대한 영업용순자본의 비율을 백분율(%)로 표시한 수치,제10조제1항,0.95,영업용순자본비율|정의,2026-04-28
자기자본비율,정의함,LOGICAL,제10조제1항에 따른 자기자본비율,제10조제1항,0.94,자기자본비율|정의,2026-04-28
자기자본비율,정의함,LOGICAL,제10조제1항에 따른,제10조제1항,0.95,자기자본비율 정의,2026-04-28
시장위험액,정의함,LOGICAL,"시장성 있는 증권 등에서 주가, 이자, 환율 등 시장가격의 변동으로 인하여 금융투자업자가 입을 수 있는 잠재적인 손실액",제10조제1항,0.95,시장위험액 정의,2026-04-28
신용위험액,정의함,LOGICAL,거래상대방의 계약불이행 등으로 인하여 발생할 수 있는 잠재적인 손실액,제10조제1항,0.95,신용위험액 정의,2026-04-28
운영위험액,정의함,LOGICAL,"부적절하거나 잘못된 내부의 절차, 인력 및 시스템의 관리부실 또는 외부의 사건 등으로 인하여 발생할 수 있는 잠재적인 손실액",제10조제1항,0.95,운영위험액 정의,2026-04-28
표준방법,정의함,LOGICAL,"이 장 제4절에 따른 시장위험액, 신용위험액, 운영위험액을 산정하는 방법",제10조제1항,0.95,표준방법 정의,2026-04-28
내부모형,정의함,LOGICAL,이 장 제5절에서 정하는 시장위험액 산정을 위하여 금융투자업자가 자체적으로 구축ㆍ운영 하는 일련의 위험산정체계,제10조제1항,0.95,내부모형 정의,2026-04-28
최대손실예상액,정의함,LOGICAL,일정한 보유기간에 일정한 신뢰구간 범위내에서 시장가격이 불리한 방향으로 움직일 경우 보유포지션에서 발생할 수 있는 최대손실금액,제10조제1항,0.95,최대손실예상액 정의,2026-04-28
델타값,정의함,LOGICAL,기초자산 가격의 1단위 변동에 따른 옵션가격의 변동분,제10조제1항,0.95,델타값 정의,2026-04-28
감마값,정의함,LOGICAL,기초자산 가격의 1단위 변동에 따른 델타의 변동분,제10조제1항,0.95,감마값 정의,2026-04-28
베가값,정의함,LOGICAL,기초자산 변동성이 1%p 변화함에 따른 옵션가격의 변동분,제10조제1항,0.95,베가값,2026-04-28
단독주택,정의함,LOGICAL,제2조제2호에 따른 단독주택,제2조제2호,0.95,단독주택 정의,2026-04-28
주택법 시행령,정의함,LOGICAL,제2조제3호에 따른 공동주택,제2조제3호,0.9,주택법 시행령|제2조제3호에 따른 공동주택,2026-04-28
주택법 시행령,참조함,STRUCTURE,법제처 26 국가법령정보센터 금융투자업규정,제2조제3호,0.8,주택법 시행령|법제처 26 국가법령정보센터 금융투자업규정,2026-04-28
사회기반시설,정의함,LOGICAL,사회기반시설에 대한 민간투자법,제4조제4호,0.95,정의|법률,2026-04-28
출자,정의함,LOGICAL,금융투자업자가 경영지배나 참여를 목적으로 행하는 법인지분의 취득,제20조,0.95,출자|법인지분의 취득|경영지배|참여,2026-04-28
출자,정의함,LOGICAL,주식의 취득이 출자에 해당하는 경우: 금융투자업자와 그 특수 관계인이 합하여 당해 회사의 최대주주가 되는 경우,제20조,0.9,출자|주식의 취득|특수 관계인|최대주주,2026-04-28
출자,정의함,LOGICAL,"주식의 취득이 출자에 해당하는 경우: 주식이 모집 또는 매출되지 않은 주식, 자회사 주식, 당해 주식",제20조,0.9,출자|주식의 취득|모집 또는 매출되지 않은 주식|자회사 주식|당해 주식,2026-04-28
투자매매업자 또는 투자중개업자,정의함,LOGICAL,금융투자업자,제8조,0.95,정의|금융투자업자,2026-04-28
집합투자증권에 대한 영업만을 인가받은 투자매매업자 또는 투자중개업자,예외로함,LOGICAL,투자매매업자 또는 투자중개업자,제8조,0.9,예외|집합투자증권,2026-04-28
투자중개업자,제외한다,ACTION,다자간매매체결업무,제78조,0.95,다자간매매체결업무|투자중개업자,2026-04-28
집합투자업자,정의함,LOGICAL,금융투자업자 중 집합투자증권을 제외한 다른 금융투자상품에 대한 투자매매업과 투자중개업을 영위하는 자는 제외,제8조,0.95,집합투자업자 정의,2026-04-28
집합투자업자,예외로함,LOGICAL,집합투자증권을 제외한 다른 금융투자상품에 대한 투자매매업과 투자중개업을 영위하는 자,제8조,0.9,집합투자업자 예외,2026-04-28
집합투자업자,상위조항,STRUCTURE,금융투자업자,제8조,0.9,집합투자업자 상위 개념,2026-04-28
신탁업자,정의함,LOGICAL,금융투자업자,제8조,0.95,신탁업자 정의,2026-04-28
신탁업자,예외로함,LOGICAL,1종 금융투자업자,제8조,0.9,1종 금융투자업자 제외,2026-04-28
투자중개업자,정의함,LOGICAL,다자간매매체결업무를 영위하는 투자중개업자,78,0.95,다자간매매체결업무|영위,2026-04-28
금융투자업자,적립,ACTION,대손충당금,제13조제1항제1호,0.95,금융투자업자|대손충당금|적립,2026-04-28
금융투자업자,적립,ACTION,대손준비금,제13조제1항제1호,0.9,금융투자업자|대손준비금|적립|미달금액,2026-04-28
대손충당금,정의함,LOGICAL,채무보증충당금을 포함,제13조제1항제1호,0.9,대손충당금|채무보증충당금,2026-04-28
대손준비금,정의함,LOGICAL,대손충당금 적립액이 미달 시 매 결산 시 적립,제13조제1항제1호,0.85,대손준비금|대손충당금|적립,2026-04-28
"""정상"" 분류 자산",정의함,LOGICAL,100분의 0.5,제13조제1항제1호,0.8,정상|분류 자산|비율,2026-04-28
채권중개전문회사,정의함,LOGICAL,제179조에 따른 채권중개전문회사 및 법,제179조,0.9,채권중개전문회사|제179조,2026-04-28
채권중개전문회사,근거함,STRUCTURE,제179조,제179조,0.95,제179조|채권중개전문회사,2026-04-28
다자간매매체결회사,예외로함,LOGICAL,제3-7조 및 제3-8조,78,0.95,제3-7조|제3-8조,2026-04-28
연결재무제표,기준으로 한다,ACTION,장부가액(평가성 충당금을 차감한 것),32,0.95,회계처리기준에 따라 작성된|계상된 장부가액,2026-04-28
연결 대상 회사의 구체적인 범위,정한다,ACTION,금융감독원장,32,0.9,구체적인 범위|정함,2026-04-28
연결 대상 회사가 없는 금융투자업자,기준으로 한다,ACTION,개별 재무제표,32,0.9,연결 대상 회사가 없는|개별 재무제표,2026-04-28
위험액,정의함,LOGICAL,산정,제33조,0.95,위험액 산정,2026-04-28
위험액,정의함,LOGICAL,시장위험액,제33조,0.92,시장위험액,2026-04-28
위험액,정의함,LOGICAL,신용위험액,제33조,0.92,신용위험액,2026-04-28
위험액,예외로함,LOGICAL,영업용순자본 산정시 차감항목,제33조,0.9,영업용순자본 산정시 차감항목,2026-04-28
위험액,허용함,ACTION,위험액 감액,제33조,0.88,위험회피효과,2026-04-28
위험액,정의함,LOGICAL,부외자산과 부외부채에 대한 위험액 산정,제33조,0.9,부외자산|부외부채,2026-04-28
영업용순자본,정의함,LOGICAL,금액,제3-11조,0.9,정의|금액,2026-04-28
영업용순자본,산정한다,ACTION,금액,제3-11조,0.95,산정|금액,2026-04-28
총위험액,정의함,LOGICAL,금액,제3-11조,0.9,정의|금액,2026-04-28
총위험액,산정한다,ACTION,금액,제3-11조,0.95,산정|금액,2026-04-28
종합금융투자사업자,영위,ACTION,업무,제68조제2항제1호~제4호,0.9,영위|업무,2026-04-28
종합금융투자사업자,수반된,LOGICAL,대출금,제68조제2항제1호~제4호,0.85,수반|대출금,2026-04-28
종합금융투자사업자,포함한다,STRUCTURE,해외 현지법인,제68조제2항제1호~제4호,0.8,포함|해외현지법인,2026-04-28
기업,요구함,ACTION,신용공여,제77조의3제3항제1호,0.95,신용공여|기업|신용,2026-04-28
국내 주거시설 부동산 관련 법인,예외로함,LOGICAL,신용공여,제77조의3제3항제1호,0.92,신용공여|국내 주거시설 부동산 관련 법인,2026-04-28
국내 주거시설 부동산 관련 법인,준용함,STRUCTURE,제3-6조제19호의3,제77조의3제3항제1호,0.9,제3-6조제19호의3|국내 주거시설 부동산 관련 법인,2026-04-28
업무를 영위하는 과정에서 수반된 대출금,정의함,LOGICAL,사모사채,제68조제2항제1호~제4호,0.9,업무를 영위하는 과정에서 수반된 대출금|사모사채,2026-04-28
사모사채,요건을 충족함,LOGICAL,적격기관투자자 사이에서만 양수·양도될 것,제68조제2항제1호~제4호,0.9,사모사채|적격기관투자자,2026-04-28
사모사채,요건을 충족함,LOGICAL,신용평가사로부터 증권에 대한 신용평가를 받을 것,제68조제2항제1호~제4호,0.9,사모사채|신용평가사,2026-04-28
사모사채,요건을 충족함,LOGICAL,"증권에 관한 정보를 협회가 정하는 방법에 따라 공개하고, 다수의 적격기관투자자에게 청약의 기회를 부여할 것",제68조제2항제1호~제4호,0.9,사모사채|협회|적격기관투자자,2026-04-28
금융투자업자,취급함,ACTION,"대출금, 매입대출채권 및 사모사채",제68조제2항제1호~제4호,0.9,금융투자업자|대출금|매입대출채권|사모사채,2026-04-28
중소기업,정의함,LOGICAL,제2조에 따른 중소기업(특수목적기구 및 부동산 관련 법인 제외),제2조,0.95,정의함|제2조에 따른 중소기업,2026-04-28
중소기업,예외로함,LOGICAL,특수목적기구 및 부동산 관련 법인,제2조,0.9,예외|특수목적기구|부동산 관련 법인,2026-04-28
중소기업,참조함,STRUCTURE,벤처기업 육성에 관한 특별조치법,제2조,0.85,참조|벤처기업 육성에 관한 특별조치법,2026-04-28
벤처기업,정의함,LOGICAL,제2조제1항,제2조제1항,0.95,정의,2026-04-28
벤처기업,참조함,STRUCTURE,조세특례제한법,제2조제1항,0.9,참조,2026-04-28
중견기업,요구함,ACTION,대출금,제7조의4제1항,0.9,대출금|중견기업,2026-04-28
금융투자업자,준수함,ACTION,리스크관리 기준,제68조제2항제1호부터 제4호까지,0.95,리스크관리|제3-24조의2제2항,2026-04-28
금융투자업자,구축하고 운영함,ACTION,내부통제체계 및 사후관리체계,제68조제2항제1호부터 제4호까지,0.9,내부통제체계|사후관리체계,2026-04-28
금융투자업자,구축하고 운영함,ACTION,내부통제기준 및 조직,제68조제2항제1호부터 제4호까지,0.9,내부통제기준|조직,2026-04-28
지정된 금융투자업자,정의함,LOGICAL,"대출금, 매입대출채권 및 사모사채가 자기자본의 100% 이내",제68조제2항제1호부터 제4호까지,0.85,자기자본|대출금|매입대출채권|사모사채,2026-04-28
종합금융투자사업자,정의함,LOGICAL,"대출금, 매입대출채권 및 사모사채가 자기자본의 50% 이내",제68조제2항제1호부터 제4호까지,0.85,자기자본|대출금|매입대출채권|사모사채,2026-04-28
지정된 금융투자업자 또는 종합금융투자사업자가 아닌 금융투자업자,정의함,LOGICAL,"대출금, 매입대출채권 및 사모사채가 자기자본의 50% 이내",제68조제2항제1호부터 제4호까지,0.85,자기자본|대출금|매입대출채권|사모사채,2026-04-28
금융투자업자,예외로함,LOGICAL,신용공여액 제외,제68조제2항제1호부터 제4호까지,0.8,신용공여액|제3-24조의2제2항제1호,2026-04-28
수익증권의 취득,정의함,LOGICAL,사모집합투자기구의 증권의 취득,110,0.95,수익증권의 취득|사모집합투자기구의 증권,2026-04-28
수익증권의 취득,정의함,LOGICAL,자산유동화 회사 등 다른 법인이 발행한 증권의 취득,110,0.95,수익증권의 취득|자산유동화 회사 증권,2026-04-28
수익증권의 취득,정의함,LOGICAL,"신탁, 사모집합투자기구 또는 특수목적회사와의 스왑거래",110,0.95,수익증권의 취득|스왑거래,2026-04-28
수익증권의 취득,정의함,LOGICAL,대출채권을 기초자산으로 하는 장외파생상품계약의 체결,110,0.95,수익증권의 취득|장외파생상품계약,2026-04-28
투자매매업자 또는 투자중개업자,제12조에 따른 인가를 받은,STRUCTURE,제12조,제12조,0.9,인가|제12조,2026-04-28
투자매매업자 또는 투자중개업자,예외로함,LOGICAL,다른 국내 투자매매업자 또는 투자중개업자 인수,제12조,0.95,인수 제외|예외,2026-04-28
금융위원회,인정한 경우에 한한다,STRUCTURE,인수 제외,제12조,0.85,금융위원회 인정|제한,2026-04-28
주식위험액,정의함,LOGICAL,개별위험액과 일반위험액을 합하여 산정한다,Unknown,0.9,주식위험액|개별위험액|일반위험액,2026-04-28
금융감독원장,정한다,ACTION,위험액 산정방법,Unknown,0.95,금융감독원장|위험액 산정방법,2026-04-28
주식 등 포지션,구분한다,ACTION,국가별 및 시장별,Unknown,0.9,주식 등|포지션|국가별|시장별,2026-04-28
주식 관련 파생상품,분해한다,ACTION,기초자산의 포지션,Unknown,0.9,주식 관련 파생상품|기초자산|포지션|분해,2026-04-28
옵션,전환한다,ACTION,델타포지션,Unknown,0.9,옵션,2026-04-28
수익증권,정의함,LOGICAL,집합투자증권등,제110조,0.95,정의|집합투자증권등,2026-04-28
금융감독원장,정한다,ACTION,위험액의 구체적인 산정방법,제110조,0.9,정의|위험액 산정방법,2026-04-28
수익증권,예외로함,LOGICAL,상장지수집합투자기구(ETF),제110조,0.85,예외|ETF,2026-04-28
수익증권,참조함,STRUCTURE,제110조,제110조,0.9,참조|제110조,2026-04-28
신용평가회사,정의함,LOGICAL,인가를 받은 신용평가회사,제335조의3,0.95,신용평가회사|인가,2026-04-28
신용집중위험액,정의함,LOGICAL,제2항에 따른 신용위험액에 가산,제2조제2호,0.95,신용집중위험액|제2항에 따른 신용위험액,2026-04-28
금리위험액 산정대상 및 신용위험액 산정대상 포지션의 합계액,초과한다,LOGICAL,영업용순자본의 20%,제2조제2호,0.9,금리위험액 산정대상|신용위험액 산정대상 포지션|영업용순자본의 20%,2026-04-28
신용공여액,정의함,LOGICAL,영,제72조제1항,0.95,신용공여액|영,2026-04-28
대출금액,정의함,LOGICAL,다. 영,제43조제5항제4호,0.9,대출금액|정의,2026-04-28
대출금액,참조함,STRUCTURE,제43조제5항제4호,제43조제5항제4호,0.95,대출금액|제43조제5항제4호,2026-04-28
지급보증액,정의함,LOGICAL,제43조제5항제6호에 따른 지급보증액,제43조제5항제6호,0.6,지급보증액 정의,2026-04-28
신용위험 공유자,금지함,ACTION,자기자본의 25% 초과 금지,제77조의5제3항,0.95,신용위험 공유자|자기자본 비율 25%,2026-04-28
금융투자업자,요구함,ACTION,한도 초과 시 1년 이내에 적합하도록 조정,제77조의5제3항,0.9,한도 초과|1년 이내 조정,2026-04-28
금융투자업자,준수해야 한다,ACTION,금융감독원장이 정하는 사항,제77조의5제3항,0.9,건전성 유지|감독원장 정하는 사항,2026-04-28
금융감독원장,권한을 가짐,ACTION,승인 취소,제77조의5제3항,0.9,리스크관리 기준 미준수|승인 취소 권한,2026-04-28
금융감독원장,정한다,ACTION,승인 및 취소와 관련된 필요한 사항,제77조의5제3항,0.9,승인 및 취소 관련|정하는 사항,2026-04-28
운용한 자산,정의함,LOGICAL,단기금융업무를 통해 조달한 자금으로 운용한 자산,제77조의6제1항제2호,0.95,운용한 자산|단기금융업무|조달한 자금,2026-04-28
종합금융투자사업자,요구함,ACTION,잔존만기 3개월 이내 부채에 대한 잔존만기 3개월 이내 자산의 비율이 100분의 100이상,제77조의6,0.95,자산 및 부채 비율 유지|잔존만기 3개월 이내 비율,2026-04-28
종합금융투자사업자,요구함,ACTION,잔존만기 1개월 이내 부채에 대한 잔존만기 1개월 이내 자산의 비율이 100분의 100이상,제77조의6,0.95,자산 및 부채 비율 유지|잔존만기 1개월 이내 비율,2026-04-28
종합금융투자사업자,요구함,ACTION,"대손충당금을 적립하고, 미달 금액을 매 결산기마다 대손준비금으로 적립",제77조의6,0.9,대손충당금 적립|대손준비금 적립,2026-04-28
"""정상""분류 자산",요구함,ACTION,대손충당금 적립액이 자산의 100분의 0.85 이상,제77조의6,0.9,정상분류 자산|대손충당금 적립,2026-04-28
"""요주의""분류 자산",요구함,ACTION,"대손충당금 적립액이 아파트인 경우 100분의 7 이상, 아파트 이외인 경우 100분의 10 이상",제77조의6,0.9,요주의분류 자산|대손충당금 적립,2026-04-28
"""고정""분류 자산",요구함,ACTION,대손충당금 적립액이 100분의 30 이상(또는 20 이상),제77조의6,0.9,고정분류 자산|대손충당금 적립,2026-04-28
"""회수의문""분류 자산",요구함,ACTION,대손충당금 적립액이 100분의 75 이상(또는 50 이상),제77조의6,0.9,회수의문분류 자산|대손충당금 적립,2026-04-28
"""추정손실""분류 자산",요구함,ACTION,대손충당금 적립액이 100분의 100,제77조의6,0.9,추정손실분류 자산|대손충당금 적립,2026-04-28
종합투자계좌업무를 영위하는 종합금융투자사업자,정의함,LOGICAL,종합투자계좌업무를 하는 자,제77조의6제1항제3호,0.95,정의|종합투자계좌업무를 하는 자,2026-04-28
종합투자계좌업무를 하는 자,산정할 수 있다,ACTION,순자본비율,제77조의6제1항제3호,0.95,순자본비율 산정|수탁금 운용자산 장부가액 100분의 50 곱,2026-04-28
종합투자계좌업무를 하는 자,산정할 수 없다,ACTION,순자본비율,제77조의6제1항제3호,0.9,자기자본 초과 수탁금 원본|예외,2026-04-28
금융투자업자,평가ㆍ산정한다,ACTION,실질가치,제2조제3호가목,0.95,실질가치|평가|산정,2026-04-28
자산과 부채의 범위 및 실질가치의 산정방법,참조함,STRUCTURE,별표 11,제2조제3호가목,0.9,별표 11|산정방법,2026-04-28
평가대상 금융투자업자,정의함,LOGICAL,다음 각 호의 어느 하나에 해당되는 경우,제3-38조,0.95,정의|조건,2026-04-28
금융감독원장,집행할 수 있다,ACTION,제3-39조에 따른 평가절차,제3-39조,0.9,평가절차|집행,2026-04-28
금융감독원장,요구할 수 있다,ACTION,필요한 자료,제3-39조,0.9,자료요구,2026-04-28
금융감독원장,실사를 할 수 있다,ACTION,자산과 부채,제3-39조,0.9,실사|자산|부채,2026-04-28
금융감독원장,보고하여야 한다,ACTION,금융위원회,제3-39조,0.9,보고|금융위원회,2026-04-28
자산부채비율,정의함,LOGICAL,부채에 대한 자산의 비율을 백분율(%)로 표시한 수치,제3-40조,0.95,비율|백분율,2026-04-28
금융투자업자,산정하여야 한다,ACTION,자산부채비율,제3-40조,0.9,산정|자산부채비율,2026-04-28
부동산신탁업자,유지하여야 한다,ACTION,원화유동성비율,제3-41조,0.9,유지|원화유동성비율,2026-04-28
금융감독원장,정한다,ACTION,비율의 구체적 산정기준,제3-41조,0.9,정의|산정기준,2026-04-28
파생결합증권,정의함,LOGICAL,각 호의 요건을 모두 충족하는 파생결합증권과 영,제7조제1항,0.9,파생결합증권 정의|요건 충족,2026-04-28
금융투자업자,유지해야 한다,ACTION,잔존만기 3개월 이내 부채에 대한 잔존만기 3개월 이내 자산의 비율,제7조제2항,0.95,비율|잔존만기 3개월 이내 부채|잔존만기 3개월 이내 자산,2026-04-28
금융투자업자,유지해야 한다,ACTION,잔존만기 1개월 이내 부채에 대한 잔존만기 1개월 이내 자산의 비율,제7조제2항,0.95,비율|잔존만기 1개월 이내 부채|잔존만기 1개월 이내 자산,2026-04-28
비율,요구함,ACTION,100%,제7조제2항,0.9,비율|100%,2026-04-28
금융감독원장,정한다,ACTION,비율의 구체적인 산정방법,제7조제2항,0.9,비율|산정방법,2026-04-28
파생결합증권,제외한다,STRUCTURE,제7조제2항,제7조제2항,0.9,파생결합증권|제7조제2항,2026-04-28
금융투자업자,정의함,LOGICAL,외국환업무의 등록을 한 금융투자업자,제8조제1항,0.95,정의,2026-04-28
금융투자업자,등록을 한,ACTION,외국환업무,제8조제1항,0.9,등록,2026-04-28
외국환업무취급금융투자업자,설정ㆍ운영,ACTION,위험관리기준,제21조제7호,0.95,자체적으로 설정ㆍ운영|위험관리기준,2026-04-28
외국환업무취급금융투자업자,설정ㆍ변경,ACTION,관리기준,제21조제7호,0.9,설정ㆍ변경|관리기준,2026-04-28
외국환업무취급금융투자업자,위험관리조직의 결정을 거쳐야 한다,ACTION,위험관리조직의 결정,제21조제7호,0.9,위험관리조직의 결정|거쳐야 한다,2026-04-28
금융감독원장,정할 수 있다,ACTION,예시기준,제21조제7호,0.9,정할 수 있다|예시기준,2026-04-28
금융감독원장,요구할 수 있다,ACTION,이의 시정,제21조제7호,0.9,이의 시정|요구할 수 있다,2026-04-28
외국환업무취급금융투자업자,설정ㆍ운영,ACTION,외환파생상품거래위험관리기준,제3-45조의2,0.95,자체적으로 설정ㆍ운영|외환파생상품거래위험관리기준,2026-04-28
금융감독원장,포함하여야 한다,ACTION,외환파생상품거래위험관리기준,제3-45조의2,0.9,포함하여야 한다|외환파생상품거래위험관리기준,2026-04-28
금융감독원장이 정하는 자,제외한다,ACTION,거래상대방,제9조제5항제1호부터 제3호까지,0.95,거래상대방 제외|금융감독원장이 정하는 자,2026-04-28
거래상대방,정의함,LOGICAL,제9조제5항제1호부터 제3호까지의 자 및 이 에 준하는 거래의 상대방,제9조제5항제1호부터 제3호까지,0.9,거래상대방 정의,2026-04-28
외국환업무취급금융투자자,설정,ACTION,거래한도,제186조의2제1호,0.95,거래한도 설정|외국환업무취급금융투자자,2026-04-28
외국환업무취급금융투자자,운영할 것,ACTION,거래잔액,제186조의2제1호,0.85,거래잔액 감안 운영|외국환업무취급금융투자자,2026-04-28
금융감독원장,요구할 수 있다,ACTION,외환파생상품거래위험관리기준의 변경 및 시정,제186조의2제1호,0.8,외환파생상품거래위험관리기준 변경 및 시정 요구|금융감독원장,2026-04-28
납입자본금ㆍ적립금 및 이월이익잉여금의 합계액,정의함,LOGICAL,제12조제2항제1호가목에 해당하는 금융투자업자의 경우는 납입자본금ㆍ적립금 및 이월이익잉여금의 합계액을 말한다.,제12조제2항제1호가목,0.95,납입자본금|적립금|이월이익잉여금,2026-04-28
영업기금ㆍ적립금 및 이월이익잉여금의 합계액,정의함,LOGICAL,외국 금융투자업자 지점의 경우는 영업기금ㆍ적립금 및 이월이익잉여금의 합계액을 말한다.,제12조제2항제1호가목,0.95,영업기금|적립금|이월이익잉여금,2026-04-28
외국환업무취급금융투자업자,요구함,ACTION,매 영업일마다 외국환포지션 한도 준수여부를 확인하여야 한다.,제3-50조,0.9,외국환포지션 한도|매 영업일,2026-04-28
외국환업무취급금융투자업자,위반시,ACTION,위반한 날로부터 3 영업일 이내에 금융감독원장에게 보고하여야 한다.,제3-50조,0.9,위반|보고|3 영업일,2026-04-28
금융감독원장,요구할 수 있다,ACTION,외국환포지션 한도관리에 필요한 증빙자료의 제출을 요구하거나 관계장부 및 서류의 열람을 요구할 수 있다.,제3-50조,0.9,증빙자료|열람|외국환포지션 한도,2026-04-28
외국환포지션 한도관리 제외대상,예외로함,LOGICAL,외국환업무취급금융투자업자의 구조적 요인에 의해 발생하는 외국환포지션으로서 다음 각 호의 어느 하나에 해당하는 경우는 외국환포지션 한도관리 대상에서 제외한다.,제3-51조,0.9,외국환포지션|한도관리|예외,2026-04-28
신탁계정 등 위탁계정,예외로함,LOGICAL,외국환업무취급금융투자자의 신탁계정 등 위탁계정에 대하여는 이 장의 규정을 적용하지 아니한다.,제3-51조의2,0.9,신탁계정|위탁계정|예외,2026-04-28
외국환업무취급금융투자업자,위반시,SANCTION,제3-46조제1항에서 정하는 비율을 위반하여 위반횟수가 과거 1년 동안 2회 이하인 경우에는 사유서 및 달성계획서를 제출하여야 한다.,제3-52조,0.9,위반|비율|사유서|달성계획서,2026-04-28
제5조,정의함,LOGICAL,없음,제5조,0.0,비어 있음,2026-04-28
투자매매업자ㆍ투자중개업자,정의함,LOGICAL,제6조에 따라 투자매매업자ㆍ투자중개업 자가 된 투자매매업자ㆍ투자중개업자를 말한다.,제6조,0.9,정의,2026-04-28
전환일,정의함,LOGICAL,금융산업의 구조개선에 관한 법률에 따른 업종변경에 대한 정관의 변경등기일을 말한다.,제6조,0.9,정의,2026-04-28
합병투자매매업자ㆍ투자중개업자,정의함,LOGICAL,금융산업의 구조개선에 관한 법률에 따라 합병인가를 받아 종합금융 회사와 합병한 투자매매업자ㆍ투자중개업자를 말한다.,제6조,0.9,정의,2026-04-28
합병일,정의함,LOGICAL,상법,제6조,0.9,정의,2026-04-28
신용공여,정의함,LOGICAL,제342조제1항,제342조제1항,0.85,제342조제1항에 따른,2026-04-28
지급준비자산과 예금ㆍ예치금,정의함,LOGICAL,"제346조에 따른 지급준비자산과 예금ㆍ예치금, 단 금융투자업과 관련된 미수금 및 신용공여금, 합병 전 투자매매업자ㆍ투자중개업자의 대지급금 및 사채지급보증은 제외",제346조,0.95,정의|제외,2026-04-28
지급준비자산과 예금ㆍ예치금,예외로함,LOGICAL,"금융투자업과 관련된 미수금 및 신용공여금, 합병 전 투자매매업자ㆍ투자중개업자의 대지급금 및 사채지급보증",제346조,0.9,예외|제외,2026-04-28
제37조,참조함,STRUCTURE,제2조제6호가목2,37,0.0,제37조|제2조제6호가목2,2026-04-28
합병투자매매업자ㆍ투자중개업자,유지함,ACTION,원화유동성비율이 100% 이상이 되도록,제3-64조,0.95,유동성비율|100% 이상|종금자산부채현황표 기준,2026-04-28
제3-64조,참조함,STRUCTURE,제3-60조제2항제2호,제3-64조,0.9,제3-60조제2항제2호,2026-04-28
제3-64조,근거함,STRUCTURE,종금자산부채현황표,제3-64조,0.9,종금자산부채현황표,2026-04-28
금융위원회가 정하여 고시하는 사항,정의함,LOGICAL,다음 각 호의 사항,제98조제5호,0.97,정의|목록,2026-04-28
매매자,요구함,ACTION,"유동화증권등 매매 또는 중개의 업무내용, 거래현황 등에 관한 사항",제2조제4호,0.95,유동화증권 매매 중개|업무내용|거래현황,2026-04-28
매매자,요구함,ACTION,제2-24조제1항제4호가목의 구분 관리에 따른 파생결합증권의 발행을 통해 조달한 자금별 운용내역,제2조제4호,0.9,유동화증권 매매 중개|파생결합증권|자금별 운용내역,2026-04-28
매매자,요구함,ACTION,제2-24조제1항제4호다목에 따라 정한 투자대상 자산이 갖추어야 할 요건의 내용과 준수 여부,제2조제4호,0.9,유동화증권 매매 중개|투자대상 자산|요건|준수 여부,2026-04-28
매매자,요구함,ACTION,금융투자업자가 제공하거나 제공받은 재산상 이익 현황,제2조제4호,0.85,유동화증권 매매 중개|재산상 이익 현황,2026-04-28
유동화증권 매매 중개,정의함,LOGICAL,유동화증권등,제2조제4호,0.95,유동화증권 매매 중개|유동화증권등,2026-04-28
유동화증권 매매 중개,참조함,STRUCTURE,제2-24조제1항제4호,제2조제4호,0.9,유동화증권 매매 중개|제2-24조제1항제4호,2026-04-28
단기금융업무,정의함,LOGICAL,제77조의6제1항제2호에 따른 단기금융업무,제77조의6제1항제2호,0.95,단기금융업무|정의,2026-04-28
단기금융업무,참조함,STRUCTURE,제77조의6제1항제2호,제77조의6제1항제2호,0.9,단기금융업무|참조,2026-04-28
금융투자업자,제출할 수 있다,ACTION,분기별 업무보고서 및 월별 업무보고서,제77조의6제1항제3호,0.95,업무보고서 제출|서면/전자문 서|금융감독원장이 정하는 바에 따라,2026-04-28
금융감독원장,정한다,STRUCTURE,업무보고서 제출 서식 및 작성방법,제77조의6제1항제3호,0.9,정한다|서식 및 작성방법,2026-04-28
보고서 제출,정의함,LOGICAL,반기보고서와 분기보고서,제160조,0.9,제160조에 따라|반기보고서와 분기보고서,2026-04-28
보고서 제출,준용함,STRUCTURE,제160조,제160조,0.8,제160조에 따라,2026-04-28
영업보고서,정의함,LOGICAL,공시서류,제33조제2항,0.95,영업보고서|공시서류,2026-04-28
공시서류,간주함,LOGICAL,공시,제33조제2항,0.9,공시서류|공시,2026-04-28
금융위원회 고시사항,정의함,LOGICAL,제1항 각 호의 사항,제36조제4항제2호,0.95,정의|금융위원회 고시사항,2026-04-28
다 자간매매체결회사,예외로함,LOGICAL,제1항제4호부터 제8호까지의 사항,제36조제4항제2호,0.9,예외|제외,2026-04-28
금융투자업자,요구함,ACTION,제1항제3호 각 목에 따른 사항에 대한 외부감사인의 검토보고서,제36조제4항제2호,0.9,의무|검토보고서,2026-04-28
금융투자업자,첨부,ACTION,검토보고서,제35조제2항제2호,0.95,검토보고서 첨부|분기별,2026-04-28
금융위원회가 정하여 고시하는 경우,정의함,LOGICAL,독점규제 및 공정거래에 관한 법률,제36조제2항제1호바목,0.95,금융위원회가 정하여 고시하는 경우|독점규제 및 공정거래에 관한 법률,2026-04-28
부실채권,정의함,LOGICAL,회수불확실 및 회수불능 채권,제2조제2호,0.9,부실채권 정의,2026-04-28
부실채권,예외로함,LOGICAL,40억원 이하,제2조제2호,0.8,부실채권 예외,2026-04-28
손실,정의함,LOGICAL,금융사고등으로 금융투자업자의 직전 분기말 자기자본의 100분의 2에 상당하는 금액을 초과하는 손실,제2조제2호,0.8,손실 정의,2026-04-28
손실,예외로함,LOGICAL,10억원 이하,제2조제2호,0.8,손실 예외,2026-04-28
손실,정의함,LOGICAL,민사소송의 패소 등의 사유로 금융투자업자의 직전 분기말 자기자본의 100분의 1에 상당하는 금액을 초과하는 손실,제2조제2호,0.8,손실 정의,2026-04-28
직전 분기말 자기자본,정의함,LOGICAL,자산총액에서 부채총액을 차감한 잔액,제2조제2호,0.9,자기자본 정의,2026-04-28
제420조제1항,참조함,STRUCTURE,제3항제1호ㆍ제2호 또는 「금융산업의 구조개선에 관한 법률」,제420조제1항,0.9,제420조제1항|제3항제1호|제3항제2호|금융산업의 구조개선에 관한 법률,2026-04-28
원화유동성비율,위반,ACTION,원화유동성비율,제14조제2항,0.8,원화유동성비율|위반,2026-04-28
회계기간,변경,ACTION,회계기간,제14조제2항,0.8,회계기간|변경,2026-04-28
제14조제2항,조치를 받은 경우,LOGICAL,조치,제14조제2항,0.7,제14조제2항|조치,2026-04-28
상장법인이 아닌 금융투자업자,발생,ACTION,재무구조에 중대한 변경을 초래하는 사항,제9조제15항제1호,0.95,중대한 변경|재무구조,2026-04-28
상장법인이 아닌 금융투자업자,발생,ACTION,금융투자업자 경영환경에 중대한 변경을 초래하는 사항,제9조제15항제1호,0.95,중대한 변경|경영환경,2026-04-28
상장법인이 아닌 금융투자업자,발생,ACTION,재산 등에 대규모변동을 초래하는 사항,제9조제15항제1호,0.95,대규모변동|재산,2026-04-28
상장법인이 아닌 금융투자업자,발생,ACTION,채권채무관계에 중대한 변동을 초래하는 사항,제9조제15항제1호,0.95,중대한 변동|채권채무관계,2026-04-28
상장법인이 아닌 금융투자업자,발생,ACTION,투자 및 출자관계에 관한 사항,제9조제15항제1호,0.95,투자|출자관계,2026-04-28
상장법인이 아닌 금융투자업자,발생,ACTION,손익구조변경에 관한 사항,제9조제15항제1호,0.95,손익구조변경,2026-04-28
상장법인이 아닌 금융투자업자,발생,ACTION,그 밖에 금융투자업자 경영에 중대한 영향을 미칠 수 있는 사항,제9조제15항제1호,0.95,중대한 영향|경영,2026-04-28
금융위원회가 정하여 고시하는 사항,정의함,LOGICAL,다음 각 호의 어느 하나에 해당하는 사항,제271조의13제6항제3호,0.98,정의함|금융위원회가 정하여 고시하는 사항,2026-04-28
결정,정의함,LOGICAL,제161조제1항제5호의 결정,제161조,0.8,결정|정의,2026-04-28
제161조제1항제5호의 결정,있다,ACTION,법,제161조,0.6,결정|있다,2026-04-28
제161조제1항제5호의 결정,참조함,STRUCTURE,제2조,제161조,0.7,참조|제2조,2026-04-28
결의,한 경우,LOGICAL,3. 영,제161조제1항제8호,0.9,결의|3. 영,2026-04-28
협회,정한다,ACTION,공시 및 영업보고서의 세부적인 항목 및 공시방법 등,제171조,0.95,공시 및 영업보고서|세부항목 및 공시방법,2026-04-28
금융위원회가 정하여 고시하는 경우,정의함,LOGICAL,제5편제10장에 따라 단주를 취득하는 경우,제37조제1항제1호마목 및 제2호사목,0.95,정의함|금융위원회가 정하여 고시하는 경우|단주 취득,2026-04-28
금융위원회가 정하여 고시하는 경우,정의함,LOGICAL,그 밖에 금융위원회가 인정하는 불가피한 경우,제37조제1항제1호마목 및 제2호사목,0.95,정의함|금융위원회가 정하여 고시하는 경우|불가피한 경우,2026-04-28
금융투자업자,소유할 수 있다,ACTION,"대주주가 발행한 증권 또는 계열회사가 발행한 주식, 채권 및 약속어음",제34조제1항,0.95,증권 소유|PERMISSIVE,2026-04-28
금융투자업자,허용함,ACTION,소유,제34조제1항,0.9,소유|안정조작|시장조성|3개월,2026-04-28
기간,정의함,LOGICAL,취득일 또는 사유발생일부터 3개월,제37조제1항제1호가목ㆍ나목 및 제2호가목ㆍ나목(제1호나목에 한한다)ㆍ마목의 경우,0.92,기간|3개월,2026-04-28
기간,정의함,LOGICAL,금융위원회가 정하는 기간,제37조제1항제1호가목ㆍ나목 및 제2호가목ㆍ나목(제1호나목에 한한다)ㆍ마목의 경우,0.92,기간|금융위원회가 정하는 기간,2026-04-28
담보권 실행,정의함,LOGICAL,3개월,제34조제1항,0.95,담보권 실행|권리행사|기간 정의,2026-04-28
금융위원회가 정하여 고시하는 출자,정의함,LOGICAL,제3-6조제20호,제37조제1항제2호다목,0.99,정의함|출자,2026-04-28
거래,정의함,LOGICAL,차익거래 및 투자위험을 회피하기 위한 거래,제37조제1항제2호,0.95,거래 정의,2026-04-28
차익거래,정의함,LOGICAL,주가지수선물 포지션과 당해 지수에 상응하는 주식바스켓 또는 상장지수집합투자기구를 이용한 의도적인 차익거래 또는 상장지수집합투자기구와 주식바스켓을 이용한 의도적인 차익거래,제37조제1항제2호,0.95,차익거래 정의,2026-04-28
투자위험을 회피하기 위한 거래,정의함,LOGICAL,다른 포지션과 분리되어 별도 관리되고 투자위험을 회피하기 위한 목적으로 계획되고 매매거래됨이 입증된 거래,제37조제1항제2호,0.95,투자위험 회피 거래 정의,2026-04-28
금융위원회가 정하여 고시하는 자기자본,정의함,LOGICAL,다음 산식에 따라 산정된 금액,제37조제3항,0.95,정의|자기자본|금융위원회,2026-04-28
자기자본,정의함,LOGICAL,자산총액 - 부채총액 ± 자본금 및 자본 잉여금의 증감액ㆍ중간배당액,제37조제3항,0.9,정의|자산|부채|자본금,2026-04-28
최근(가)결산기말,간주함,LOGICAL,직전(가)결산기말,제37조제3항,0.9,예외|결산|시점,2026-04-28
거래,정의함,LOGICAL,채무의 인수,제38조제1항제5호,0.95,정의함,2026-04-28
거래,정의함,LOGICAL,자산유동화회사 등 다른 법인의 신용을 보강하는 거래,제38조제1항제5호,0.95,정의함,2026-04-28
거래,정의함,LOGICAL,그 밖에 대주주의 지급불능시 이로 인하여 금융투자업자에 손실을 초래할 수 있는 거래,제38조제1항제5호,0.95,정의함,2026-04-28
해외 현지법인,정의함,LOGICAL,제3-65조제4호에 따른 해외 현지법인,제38조제2항제2호,0.95,해외 현지법인 정의|제3-65조제4호에 따른 해외 현지법인,2026-04-28
단일거래 금액,정의함,LOGICAL,"개별 신용공여약정에 따른 약정금액(주식, 채권 및 법)",제39조제1항,0.95,정의함|개별 신용공여약정에 따른 약정금액,2026-04-28
금융위원회,정하여 고시하는,ACTION,단일거래 금액,제39조제1항,0.95,정하여 고시하는|단일거래 금액 정의,2026-04-28
산정한 금액,정의함,LOGICAL,단일한 매매계약에 따른 취득금액을 기준으로 산정한 금액,제34조제1항제2호,0.95,산정한 금액|단일한 매매계약에 따른 취득금액,2026-04-28
산정한 금액,예외로함,LOGICAL,개별 약정금액의 합계액을 기준으로 산정한 금액,제34조제1항제2호,0.9,동일한 법인 또는 개인|같은 날에 다수의 약정,2026-04-28
발행회사,공시하여야 한다,ACTION,"주식, 채권 및 약속어음 취득현황",제34조제5항,0.97,공시|취득현황,2026-04-28
공시,포함함,STRUCTURE,"취득목적, 분기말 현재 보유지분율, 분기말 현재 시가, 처분가격 및 동 처분에 따른 손익현황",제34조제5항,0.85,취득목적|보유지분율|시가|처분가격|손익현황,2026-04-28
금융위원회가 정하여 고시하는 사항,정의함,LOGICAL,"자금용도, 신용공여기간ㆍ적용금리 등 거래조건, 담보의 종류 및 평가액, 주요 특별약정내용",39조,0.95,정의함|금융위원회가 정하여 고시하는 사항,2026-04-28
금융업무,정의함,LOGICAL,전자금융업무,제43조제3항제10호,0.95,금융위원회가 정하여 고시하는 금융업무|정의,2026-04-28
금융업무,정의함,LOGICAL,창업기획자의 업무,제43조제3항제10호,0.95,금융위원회가 정하여 고시하는 금융업무|정의,2026-04-28
프로젝트파이낸싱 대출업무,정의함,LOGICAL,금융위원회가 정하여 고시하는 업무와 관련한 대출업무,제43조제5항제4호,0.99,정의|프로젝트파이낸싱 대출업무,2026-04-28
금융위원회가 정하여 고시하는 금융업무,정의함,LOGICAL,금융업무,제43조제5항제10호,0.95,정의함|금융위원회가 정하여 고시하는 금융업무,2026-04-28
금융위원회가 정하여 고시하는 금융업무,정의함,LOGICAL,금지금 및 은지금의 매매 및 중개업무,제43조제5항제10호,0.95,정의함|금융위원회가 정하여 고시하는 금융업무,2026-04-28
금융위원회가 정하여 고시하는 금융업무,정의함,LOGICAL,퇴직연금사업자로서 「근로자퇴직급여 보장법」,제43조제5항제10호,0.95,정의함|금융위원회가 정하여 고시하는 금융업무,2026-04-28
퇴직연금 수급권 담보 대출업무,정의함,LOGICAL,대출업무,제7조의,0.95,퇴직연금 수급권|담보,2026-04-28
퇴직연금 수급권 담보 대출업무,참조함,STRUCTURE,「벤처기업 육성에 관한 특별조치법」,제7조의,0.9,벤처기업 육성에 관한 특별조치법,2026-04-28
대출업무,정의함,LOGICAL,벤처기업에 대한 대출업무,제2조제1항,0.95,대출업무|벤처기업,2026-04-28
대출업무,예외로함,LOGICAL,증권 및 장외파생상품에 대한 투자매매업을 경영하거나 「중소기업 특화 금융투자회사의 운영에 관한 지침」에 따라 지정된 금융투자업자,제2조제1항,0.9,증권|장외파생상품|금융투자업자,2026-04-28
금융위원회가 정하여 고시하는 사항,정의함,LOGICAL,금융투자업자의 소재지,제44조제1항제5호,0.95,정의,2026-04-28
금융위원회가 정하여 고시하는 사항,정의함,LOGICAL,부수업무의 영위장소,제44조제1항제5호,0.95,정의,2026-04-28
금융위원회가 정하여 고시하는 사항,정의함,LOGICAL,부수업무의 영위방법,제44조제1항제5호,0.95,정의,2026-04-28
금융위원회가 정하여 고시하는 업무,정의함,LOGICAL,준법감시인의 업무로서 임직원의 법규준수와 관련한 교육,제45조,0.95,정의함|업무|교육,2026-04-28
금융위원회가 정하여 고시하는 서류,정의함,LOGICAL,서류,제46조제1항제5호,0.95,정의함|서류,2026-04-28
금융위원회가 정하여 고시하는 사항,정의함,LOGICAL,업무위탁에 따른 이해상충방지체계에 관한 사항,제46조제2항제3호,0.95,정의|목록,2026-04-28
금융위원회가 정하여 고시하는 사항,정의함,LOGICAL,수탁자의 정보이용 제한에 관한 사항,제46조제2항제3호,0.95,정의|목록,2026-04-28
금융위원회가 정하여 고시하는 사항,정의함,LOGICAL,수탁자에 대한 관리ㆍ감독에 관한 사항,제46조제2항제3호,0.95,정의|목록,2026-04-28
금융위원회가 정하여 고시하는 사항,정의함,LOGICAL,위탁업무에서 발생하는 자료에 대한 위탁 금융투자업자의 소유권과 당해 금융투자업자의 물적 설비 및 지적 재산권 등의 이용 조건,제46조제2항제3호,0.95,정의|목록,2026-04-28
금융위원회가 정하여 고시하는 사항,정의함,LOGICAL,투자자정보 보호에 관한 사항,제46조제2항제3호,0.95,정의|목록,2026-04-28
금융위원회가 정하여 고시하는 사항,정의함,LOGICAL,업무의 연속성을 확보하기 위한 백업시스템 확보 등 비상계획에 관한 사항,제46조제2항제3호,0.95,정의|목록,2026-04-28
금융위원회가 정하여 고시하는 사항,정의함,LOGICAL,"면책조항, 보험가입 및 분쟁해결(중재 및 조정 등) 방법에 관한 사항",제46조제2항제3호,0.95,정의|목록,2026-04-28
금융위원회가 정하여 고시하는 사항,정의함,LOGICAL,수탁자의 책임한계에 관한 사항,제46조제2항제3호,0.95,정의|목록,2026-04-28
금융위원회가 정하여 고시하는 사항,정의함,LOGICAL,검사당국의 검사 수용의무에 관한 사항,제46조제2항제3호,0.95,정의|목록,2026-04-28
금융위원회가 정하여 고시하는 사항,정의함,LOGICAL,업무 재위탁의 제한에 관한 사항,제46조제2항제3호,0.95,정의|목록,2026-04-28
금융위원회가 정하여 고시하는 사항,정의함,LOGICAL,준거법 및 관할법원에 관한 사항(외국인 또는 외국법인등에게 위탁하는 경우에 한한다),제46조제2항제3호,0.95,정의|목록,2026-04-28
금융위원회가 정하여 고시하는 사항,정의함,LOGICAL,그 밖에 업무위탁에 따른 위험관리 등을 위하여 필요한 사항,제46조제2항제3호,0.95,정의|목록,2026-04-28
금융위원회가 정하여 고시하는 경우,정의함,LOGICAL,"다음 각 호의 어느 하나에 해당하는 경우를 말한다. 1) 해당 금융투자업자가 이미 보고한 위탁내용과 동일하거나 수수료 변경, 계약기간 변경(갱신하는 경우를 포함) 등 경미한 일부사항을 변경하는 경우. 2) 주된 업종이 동일한 다른 금융투자업자가 이미 보고한 위탁내용과 동일하거나 수수료 변경, 계약기간 변경 등 경미한 일부사항을 변경하는 경우. 3) 해당 금융투자업자 또는 주된 업종이 동일한 다른 금융투자업자가 이미 보고한 위탁내용에 대해 관련되는 경미한 일부업무를 추가 또는 삭제하는 경우로서 위탁업무 범위의 동일성이 유지되는 경우. 4) 그 밖에 위탁내용이 해당 금융투자업자 또는 주된 업종이 동일한 다른 금융투자업자가 보고한 내용과 동일하거나 이에 준하는 경우.",제46조제1항,0.95,정의|금융위원회 고시|경미한 변경|위탁내용,2026-04-28
금융투자업자,사후보고할 수 있다,ACTION,금융감독원장,제42조제3항,0.95,업무위탁|사후보고|금융감독원장,2026-04-28
업무위탁현황,포함,STRUCTURE,업무보고서,제42조제3항,0.9,업무위탁현황|업무보고서,2026-04-28
금융위원회가 정하여 고시하는 사항,정의함,LOGICAL,이해상충방지체계에 관한 사항,제49조제2항제7호,0.95,정의|금융위원회가 정하여 고시하는 사항,2026-04-28
금융위원회가 정하여 고시하는 사항,정의함,LOGICAL,재판관할에 관한 사항,제49조제2항제7호,0.95,정의|금융위원회가 정하여 고시하는 사항,2026-04-28
금융위원회가 정하여 고시하는 사항,정의함,LOGICAL,재위탁과 관련한 제1호ㆍ제2호 및 영,제49조제2항제7호,0.9,정의|금융위원회가 정하여 고시하는 사항,2026-04-28
금융감독원장,정한다,ACTION,필요한 사항,제94조제1항,0.95,영업보고서|필요한 사항,2026-04-28
제49조제2항제1호,참조함,STRUCTURE,제4-5조의2,제49조제2항제1호,0.85,재위탁 적용배제,2026-04-28
금융위원회가 정하여 고시하는 요건,정의함,LOGICAL,영,제49조제5항,0.9,정의|요건,2026-04-28
신탁업자,보관·관리,ACTION,외화자산,제47조제1항제6호,0.95,외화자산|보관·관리,2026-04-28
신탁업자,운용 및 운용지시의 이행업무,ACTION,외화자산,제47조제1항제6호,0.9,외화자산|운용|운용지시,2026-04-28
위탁계약,정의함,LOGICAL,위탁계약을 체결하는 것,42조제1항,0.92,위탁계약|재위탁한 업무,2026-04-28
위탁받은 자,부담하는,ACTION,배상 책임의무,42조제1항,0.95,위탁계약|재위탁한 업무,2026-04-28
금융위원회가 정하여 고시하는 정보,정의함,LOGICAL,같은 조 같은 항 제2호 및 제3호까지의 정보 중 이해상충 우려가 없는 정보,제50조제1항,0.95,정의|이해상충|정보,2026-04-28
금융위원회가 정하여 고시하는 정보,정의함,LOGICAL,금융투자업자가 내부통제기준에 반영하여 게시한 정보,제50조제1항,0.95,정의|내부통제기준|게시,2026-04-28
금융위원회가 정하여 고시하는 정보,참조함,STRUCTURE,제3항제3호,제50조제1항,0.9,참조|제3항제3호,2026-04-28
총괄ㆍ집행책임자,정의함,LOGICAL,금융위원회가 정하여 고시하는 총괄ㆍ집행책임자,제50조제3항제1호,0.95,정의|총괄ㆍ집행책임자,2026-04-28
총괄ㆍ집행책임자,요구함,ACTION,내부통제 기준 점검,제50조제3항제1호,0.9,점검|내부통제 기준,2026-04-28
준법감시인,정의함,LOGICAL,제25조에 따른 준법감시인,제25조,0.95,정의|제25조에 따른 준법감시인,2026-04-28
제45조제3항ㆍ제4항 및 영,상위조항,STRUCTURE,제45조,제45조제3항ㆍ제4항 및 영,0.9,제45조,2026-04-28
법,인정함,ACTION,내부통제기준을 충실하게 설정·운영하고 있는 것으로,제50조제2항ㆍ제3항,0.9,내부통제기준|충실하게 설정·운영,2026-04-28
법,근거함,STRUCTURE,제50조제2항ㆍ제3항,제50조제2항ㆍ제3항,0.95,제50조제2항ㆍ제3항,2026-04-28
제45조,정의함,LOGICAL,제45조,제45조,0.0,,2026-04-28
법,정의함,LOGICAL,상당한 주의를 다한 경우,54조제2항,0.95,관리ㆍ감독|상당한 주의,2026-04-28
감면,허용함,ACTION,조치,제422조제3항,0.9,감면|조치,2026-04-28
감면,근거함,STRUCTURE,제422조제3항 단서,제422조제3항,0.8,감면|단서,2026-04-28
금융위원회가 정하여 고시하는 사항,정의함,LOGICAL,투자권유대행인의 경력,제58조제1항제4호,0.95,정의|금융위원회|고시,2026-04-28
금융위원회가 정하여 고시하는 사항,정의함,LOGICAL,투자권유대행인의 자격,제58조제1항제4호,0.95,정의|금융위원회|고시,2026-04-28
금융위원회가 정하여 고시하는 사항,정의함,LOGICAL,투자권유대행인의 관리부서 또는 지점,제58조제1항제4호,0.95,정의|금융위원회|고시,2026-04-28
금융위원회가 정하여 고시하는 서류,정의함,LOGICAL,경력증명서,제58조제2항제4호,0.95,정의|서류,2026-04-28
금융위원회가 정하여 고시하는 사항,정의함,LOGICAL,등록번호,제58조제4항,0.95,정의함|금융위원회가 정하여 고시하는 사항,2026-04-28
금융위원회가 정하여 고시하는 사항,정의함,LOGICAL,금융투자업자의 명칭,제58조제4항,0.95,정의함|금융위원회가 정하여 고시하는 사항,2026-04-28
금융위원회가 정하여 고시하는 사항,정의함,LOGICAL,등록일자,제58조제4항,0.95,정의함|금융위원회가 정하여 고시하는 사항,2026-04-28
금융위원회가 정하여 고시하는 사항,정의함,LOGICAL,투자권유가 가능한 금융투자상품 및 계약의 범위,제58조제4항,0.95,정의함|금융위원회가 정하여 고시하는 사항,2026-04-28
금융위원회가 정하여 고시하는 사항,정의함,LOGICAL,투자권유대행인 등록신청서의 서식 및 작성방법 등에 관하여 필요한 사항은 협회가 정한다,제58조제4항,0.95,정의함|금융위원회가 정하여 고시하는 사항,2026-04-28
금융투자업자,요구함,ACTION,장부외거래기록,제62조제2항,0.95,작성|유지,2026-04-28
장부외거래기록,요구함,ACTION,자산의 성질과 부채의 성질로 구분하여 표시,제62조제2항,0.95,구분 표시,2026-04-28
장부외거래기록,요구함,ACTION,"거래의 종류, 상대방, 규모, 조건, 유지기간, 금융투자업자의 부담 및 예상 영향, 표시통화 및 결제통화, 기타 필요한 사항을 표시",제62조제2항,0.95,상세 표시,2026-04-28
장부외거래기록,요구함,ACTION,당해 거래의 종료일부터 5년간 보존,제62조제2항,0.95,보존 기간 5년,2026-04-28
장부외거래기록,정의함,LOGICAL,"선물ㆍ선도ㆍ옵션ㆍ스왑 등 파생상품거래, 채무보증, 그 밖에 재무제표에 표시되지 아니하는 거래에 관한 기록",제62조제2항,0.95,정의,2026-04-28
금융위원회가 정하여 고시하는 것,정의함,LOGICAL,각 호의 항목,제63조제1항제2호,0.95,정의함|금융위원회가 정하여 고시하는 것,2026-04-28
예탁결제원,제외한다,ACTION,기업어음증권,제4조제3항,0.95,기업어음증권|제외,2026-04-28
외국 보관기관,정하는,LOGICAL,"예탁결제원과 유사한 기능을 수행할 목적으로 설립된 외국의 증권예탁기관 또는 결제기관으로서 당해 외국 정부 또는 감독기관의 감독을 받는 기관, 제1호에 해당하는 기관이 출자한 기관으로서 국제예탁 및 결제업무를 수행할 목적으로 특별히 설립된 기관, 다음 각 목의 요건을 모두 갖춘 외국의 금융기관(보관규모가 미화 100억 달러 이상의 국제증권 전문보관기관, 국제보관업무의 경험이 풍부하고 현지증권시장 사정에 정통한 기관, 국제적 또는 특정권역(대륙별)에 걸쳐 보관업무를 제공할 수 있는 기관), 제1호부터 제3호까지 이외의 기관으로서 특정국가에서 특화된 예탁ㆍ보관을 위하여 예탁결제원이 특별히 필 요하다고 인정하는 기관",제63조제2항제3호 및 제3항,0.99,정의함|외국 보관기관,2026-04-28
파생결합증권,정의함,LOGICAL,금융위원회,제64조제2항제4호,0.99,정하고 고시하는,2026-04-28
파생결합증권,정의함,LOGICAL,제64조제2항제1호 또는 제2호의 증권이 30종목 이상 편입된 지수의 변동과 연계된 파생결합증권,제64조제2항제1호,0.95,정의|파생결합증권,2026-04-28
금융위원회가 정하여 고시하는 경우,정의함,LOGICAL,"상속, 증여(유증 포함), 담보권 행사, 대물변제 수령 등으로 취득한 금융투자상품 매도",제64조제3항제1호다목,0.95,정의함|금융투자상품 매도|상속|증여|담보권 행사|대물변제 수령,2026-04-28
금융위원회가 정하여 고시하는 경우,정의함,LOGICAL,당해 금융투자업자의 임직원이 되기 전에 취득한 금융투자상품 매도,제64조제3항제1호다목,0.95,정의함|금융투자상품 매도|임직원|매도,2026-04-28
금융위원회가 정하여 고시하는 경우,정의함,LOGICAL,제2항제1호에 해당하는 경우,제64조제3항제2호다목,0.95,정의함|제2항제1호에 해당하는 경우,2026-04-28
금융위원회가 정하여 고시하는 경우,참조함,STRUCTURE,제2항제1호,제64조제3항제2호다목,0.9,참조함|제2항제1호,2026-04-28
금융위원회가 정하여 고시하는 자산,정의함,LOGICAL,다음 각 호의 어느 하나에 해당하는 자산,제65조제2항제5호,0.95,정의함|자산,2026-04-28
유동성 자산,정의함,LOGICAL,"금, 외국통화, 예치금 및 증거금 2. 제1호 외의 것",제65조제2항제1호,0.95,"정의|금, 외국통화, 예치금 및 증거금 2. 제1호 외의 것",2026-04-28
유동성 자산,참조함,STRUCTURE,제4-17조의2,제65조제2항제1호,0.9,참조|제4-17조의2,2026-04-28
유동성 자산,예외로함,LOGICAL,자기계약의 금지,제65조제2항제1호,0.85,예외|자기계약의 금지,2026-04-28
금융위원회가 정하여 고시하는 경우,정의함,LOGICAL,다음 각 호의 어느 하나에 해당하는 경우,66조제4호,0.95,정의함|금융위원회가 정하여 고시하는 경우,2026-04-28
자,조성,ACTION,수요ㆍ공급,제7조제4항제3호,0.95,환매조건부매매,2026-04-28
자,정의함,LOGICAL,환매조건부매매의 수요ㆍ공급을 조성하는 자,제7조제4항제3호,0.9,환매조건부매매,2026-04-28
기관간조건부매매,참조함,STRUCTURE,제5-1조제7호,제7조제4항제3호,0.85,기관간조건부매매|제5-1조제7호,2026-04-28
신주인수권증서,요구함,ACTION,최선집행의무,제176조의8제4항제2호,0.95,최선집행의무|신주인수권증서 매매,2026-04-28
기준과 방법,정의함,LOGICAL,다음 각 호의 요건을 모두 충족하는 것,제66조의2제4항,0.95,기준과 방법|정의,2026-04-28
금융위원회,정하여 고시하는,ACTION,기준과 방법,제66조의2제4항,0.9,금융위원회|정하여 고시하는|기준과 방법,2026-04-28
기준과 방법,충족함,LOGICAL,다음 각 호의 요건,제66조의2제4항,0.9,기준과 방법|요건|충족,2026-04-28
투자매매업자 또는 투자중개업자,제공,ACTION,제1항에 따른 서면등,제66조의2제4항,0.95,서면 제공|1개월 이내,2026-04-28
제66조의2제4항,요구함,ACTION,제1항에 따른 서면등,제66조의2제4항,0.9,제1항에 따른 서면|1개월 이내,2026-04-28
결과,기록ㆍ유지,ACTION,서면 또는 전자문서,제68조제3항,0.95,최선집행기준 점검 결과|서면 또는 전자문서,2026-04-28
금융위원회가 정하여 고시하는 기준,정의함,LOGICAL,"투자매매업자ㆍ투자중개업자(그 임직원을 포함한다. 이하 이 조에서 같다)가 투자매매계약의 체결 또는 투자중개계약의 체결과 관련하여 투자자(투자자가 법인, 그 밖의 단체인 경우 그 임직원을 포함한 다. 이하 이 조에서 같다) 또는 거래상대방(거래상대방이 법인, 그 밖의 단체인 경우 그 임직원을 포함한다. 이하 이 조에서 같다)등에게 제공하거나 투자자 또는 거래상대방로부터 제공받는 금전ㆍ물품ㆍ편익 등의 범위가 일반 인이 통상적으로 이해하는 수준에 반하지 않는 것을 말한다.",제68조제5항제3호,0.99,정의|금융위원회|고시|기준|투자매매업자|투자중개업자|투자자|거래상대방|금전|물품|편익|일반인|통상적 이해,2026-04-28
투자매매업자ㆍ투자중개업자,요구함,ACTION,그 내용을 인터넷 홈페이지등을 통하 여 공시,제68조제5항제3호,0.95,제1항|10억원|공시|인터넷 홈페이지|제공|제공받음,2026-04-28
투자매매업자ㆍ투자중개업자,요구함,ACTION,"제공목적, 제 공내용, 제공일자 및 제공받는 자 등에 대한 기록을 유지",제68조제5항제3호,0.95,제1항|기록|제공목적|제공내용|제공일자|제공받는자,2026-04-28
협회,허용함,ACTION,구체적 기준을 정할 수 있다,제68조제5항제3호,0.9,협회|구체적 기준|제1항부터 제3항까지|시행,2026-04-28
금융위원회가 정하여 고시하는 행위,정의함,LOGICAL,"증권의 인수와 관련하여 발행인 또는 청약자에 대하여 해당 인수계약에 명시되지 아니한 증권의 청약ㆍ인수, 자금의 지원 또는 증권의 매매 등을 하는 행위",제68조제5항제4호마목,0.95,정의함|행위,2026-04-28
금융위원회가 정하여 고시하는 행위,정의함,LOGICAL,"제1호의 행위를 제의, 요구 또는 약속하는 행위",제68조제5항제4호마목,0.95,정의함|행위,2026-04-28
금융위원회가 정하여 고시하는 행위,정의함,LOGICAL,"투자자의 증권 청약증거금 관리, 반환 등의 업무에 대해 적절한 주의의무를 하지 않는 행위",제68조제5항제4호마목,0.95,정의함|행위,2026-04-28
금융위원회가 정하여 고시하는 행위,정의함,LOGICAL,증권의 공모가격 결정 및 절차 등이 협회가 정한 기준 등 건전한 시장관행에 비추어 현저히 불공정하게 이루어지는 행위,제68조제5항제4호마목,0.95,정의함|행위,2026-04-28
금융위원회가 정하여 고시하는 행위,정의함,LOGICAL,자신 및 이해관계인이 주식등을 보유하고 있는 회사의 기업공개 또는 장외법인공모를 위한 주관회사 업무를 수행하는 경우 상장일부터 과거 2년 이내에 취득한 동 주식등을 상장일부터 30일 이내 처분하거나 타인에게 양도하는 행위,제68조제5항제4호마목,0.95,정의함|행위,2026-04-28
금융위원회가 정하여 고시하는 행위,정의함,LOGICAL,기업공개를 위한 주관회사 및 인수회사가 협회가 정한 기준 등에 따라 실사를 하지 않거나 인수업무조서를 작성ㆍ보관하지 않는 행위,제68조제5항제4호마목,0.95,정의함|행위,2026-04-28
금융위원회가 정하여 고시하는 행위,정의함,LOGICAL,협회가 정하는 이해관계가 있는 자가 발행하는 주식(협회가 정하는 기업공개 또는 장외법인공모를 위하여 발행되는 주식에 한한다) 및 무보증사채권의 인수(모집의 주선을 포함한다. 이하 이 호에서 같다)를 위하여 주관 회사의 업무를 수행하거나 또는 가장 많은 수량을 인수하는 행위,제68조제5항제4호마목,0.95,정의함|행위,2026-04-28
금융위원회가 정하여 고시하는 행위,정의함,LOGICAL,기업공개를 위한 주관회사 업무를 수행하는 경우 협회가 정하는 바에 따라 청약자의 주금 납입 능력을 확인하지 아니하고 주권을 배정하는 행위,제68조제5항제4호마목,0.95,정의함|행위,2026-04-28
금융위원회가 정하여 고시하는 행위,정의함,LOGICAL,기업공개를 위한 주관회사 및 인수회사가 인수계약에 명시된 수수료 이외에 기업공개 여부 또는 주권의 공모 가격에 연동한 직접 또는 간접의 대가를 받기로 하는 약정을 체결하는 행위 및 그에 따라 그 대가를 받는 행위,제68조제5항제4호마목,0.95,정의함|행위,2026-04-28
행위,정의함,LOGICAL,"경쟁을 제한할 목적으로 다른 투자매매업자 또는 투자중개업자와 사전에 협의하여 금융투자상품의 매매호가, 매매가격, 매매조건 또는 수수료 등을 정하는 행위",제68조제5항제14호,0.99,경쟁 제한|협의|금융투자상품|매매호가|수수료,2026-04-28
행위,정의함,LOGICAL,"다른 투자매매업자 또는 투자중개업자에 대하여 금융투자상품의 매매호가, 매매가격, 매매조건 또는 수수료 등의 변경을 요구하거나 직접 또는 간접으로 이를 강요하는 행위",제68조제5항제14호,0.99,변경 요구|강요|수수료,2026-04-28
행위,정의함,LOGICAL,투자자의 거래가 탈세의 수단으로 하는 행위라는 사실을 알면서도 이를 지원하거나 알선하는 행위,제68조제5항제14호,0.99,탈세|지원|알선,2026-04-28
행위,정의함,LOGICAL,금융투자상품의 시장가격에 중대한 영향을 미칠 것으로 예상되는 투자자의 매매주문을 위탁받고 이를 시장에 공개하기 전에 당해 주문에 관한 정보를 제3자에게 제공하는 행위,제68조제5항제14호,0.99,시장가격 영향|매매주문|정보제공,2026-04-28
정보제공행위,예외로함,LOGICAL,다음 각 목의 요건을 모두 충족하는 정보제공행위,제68조제5항제14호,0.95,정보제공|요건 충족|예외,2026-04-28
행위,정의함,LOGICAL,일반투자자를 대상으로 빈번한 금융투자상품의 매매거래 또는 과도한 규모의 금융투자상품의 매매거래를 권유하는 행위,제68조제5항제14호,0.99,일반투자자|빈번한 거래|과도한 규모|권유,2026-04-28
행위,정의함,LOGICAL,투자자를 거래상대방으로 하여 매매하는 경우 외에 금융투자상품시장에서 자기계산에 따라 금융투자상품 매매를 유리하게 또는 원활히 할 목적으로 투자자에게 특정 금융투자상품의 매매를 권유하는 행위,제68조제5항제14호,0.99,자기계산|유리|권유,2026-04-28
행위,정의함,LOGICAL,신뢰할 만한 정보ㆍ이론 또는 논리적인 분석ㆍ추론 및 예측 등 적절하고 합리적인 근거를 가지고 있지 아 니하고 특정 금융투자상품의 매매거래나 특정한 매매전략ㆍ기법 또는 특정한 재산운용배분의 전략ㆍ기법 을 채택하도록 투자자에게 권유하는 행위,제68조제5항제14호,0.99,신뢰할 만한 정보|근거 부족|권유,2026-04-28
행위,정의함,LOGICAL,"해당 영업에서 발생하는 통상적인 이해가 아닌 다른 특별한 사유(인수계약 체결, 지급보증의 제공, 대출채권의 보유, 계열회사 관계 또는 자기가 수행 중인 기업인수 및 합병 업무대상, 발행주식총수의 1% 이상 보유 등)로 그 금융투자상품의 가격이나 매매와 중대한 이해관계를 갖게 되는 경우에 그 내용을 사전에 일반 법제처 71 국가법령정보센터 금융투자업규정 투자자에게 알리지 아니하고 특정 금융투자상품의 매매를 권유하는 행위",제68조제5항제14호,0.95,특별한 사유|이해관계|권유|비공개,2026-04-28
행위,정의함,LOGICAL,조사분석자료를 작성하거나 이에 영향력을 행사하는 자가 자신의 재산적 이해에 영향을 미칠 수 있는 금융 투자상품의 매매를 일반투자자에게 권유하는 경우 그 재산적 이해관계를 고지하지 아니하는 행위,제68조제5항제14호,0.95,조사분석자료|재산적 이해|고지 없음|권유,2026-04-28
행위,정의함,LOGICAL,특정 금융투자상품의 매매를 권유한 대가로 권유대상 금융투자상품의 발행인 및 그의 특수관계인등 권유 대상 금융투자상품과 이해관계가 있는 자로부터 재산적 이익을 제공받는 행위,제68조제5항제14호,0.95,권유 대가|재산적 이익|이해관계,2026-04-28
행위,정의함,LOGICAL,"일반투자자를 상대로 자신 또는 계열회사가 발행한 증권 중 증권의 발행인이 파산할 경우 에 타 채무를 우선 변제하고 잔여재산이 있는 경우에 한하여 당해 채무를 상환한다는 조건이 있거나, 투자 적격 등급에 미치지 아니하거나 또는 신용등급을 받지 아니한 사채권, 자산유동화증권, 기업어음증권 및 이 에 준하는 고위험 채무증권(이하 '고위험 채무증권 등'이라 한다)의 매매를 권유하는 행위",제68조제5항제14호,0.95,고위험 채무증권|권유|투자자,2026-04-28
조사분석자료,제공,ACTION,제3자,제10조제3항제17호가목,0.9,제3자에게 먼저 제공|제3자 제외,2026-04-28
조사분석자료,공표,ACTION,일반인,제10조제3항제17호가목,0.95,제3자에게 먼저 제공|공표 시 사실 및 최초 제공 시점 공표 금지,2026-04-28
금지 행위,정의함,LOGICAL,제71조제2호에 따른 매매거래를 하지 아니하도록 요구하지 아니하는 행위,제71조제2호,0.95,금지 행위|제71조제2호에 따른 매매거래,2026-04-28
금지 행위,정의함,LOGICAL,필요한 적절한 조치를 취하지 않는 행위,제71조제2호,0.85,금지 행위|적절한 조치,2026-04-28
금지 행위,정의함,LOGICAL,"증권의 매매, 그 밖에 거래와 관련하여 손실을 보전하거나 이익을 보장하는 행위",제71조제2호,0.9,금지 행위|손실 보전|이익 보장,2026-04-28
금지 행위,정의함,LOGICAL,손실을 보상하는 행위,제71조제2호,0.85,금지 행위|손실 보상,2026-04-28
금지 행위,정의함,LOGICAL,손실을 보상하거나 손해를 배상하는 행위,제71조제2호,0.85,금지 행위|손실 보상|손해 배상,2026-04-28
금지 행위,정의함,LOGICAL,일중매매거래 및 시스템매매와 관련하여 허위 표시를 하거나 과장 등으로 오해를 유발하는 행위,제71조제2호,0.8,금지 행위|허위 표시|오해 유발,2026-04-28
금지 행위,정의함,LOGICAL,일중매매거래나 시스템매매에 수반되는 위험을 일반투자자에게 고지하지 아니하는 행위,제71조제2호,0.8,금지 행위|위험 고지 미이행,2026-04-28
금지 행위,정의함,LOGICAL,일중매매거래에 적합하지 않은 일반투자자를 상대로 일중매매거래기법을 교육하거나 권유하는 행위,제71조제2호,0.8,금지 행위|일중매매 교육|권유,2026-04-28
금지 행위,정의함,LOGICAL,일반투자자를 상대로 특정 시스템매매 프로그램의 이용을 권유하는 행위(합리적 근거가 없는 경우),제71조제2호,0.8,금지 행위|시스템매매 권유|합리적 근거 없음,2026-04-28
금지 행위,정의함,LOGICAL,매매거래 전 정보제공과 관련하여 행위,제71조제2호,0.7,금지 행위|정보제공,2026-04-28
금지 행위,참조함,STRUCTURE,금융소비자 보호에 관한 법률,제71조제2호,0.6,금지 행위|금융소비자 보호에 관한 법률,2026-04-28
금융기관,금지함,ACTION,설명서 비치,제10조,0.95,집합투자증권 판매|설명서 비치,2026-04-28
금융기관,금지함,ACTION,차별적 판매촉진노력,제10조,0.95,집합투자증권 판매|차별적 판매촉진노력,2026-04-28
금융기관,금지함,ACTION,집합투자업자에게 매매주문 요구,제10조,0.95,집합투자증권 판매|매매주문 요구,2026-04-28
금융기관,금지함,ACTION,부당한 수수료 요구,제10조,0.95,집합투자증권 판매|부당한 수수료 요구,2026-04-28
금융기관,금지함,ACTION,계열회사 비중 초과 판매,제10조,0.95,집합투자증권 판매|계열회사 비중 초과 판매,2026-04-28
제10조,참조함,STRUCTURE,제19조제2항,제10조,0.9,제19조제2항,2026-04-28
집합투자증권 판매,정의함,LOGICAL,집합투자증권의 판매와 관련된 행위,제10조,0.85,집합투자증권 판매,2026-04-28
제192조제2항제5호,참조함,STRUCTURE,제2조제6호가목2,제192조제2항제5호,0.3,제2조제6호가목2|전문인력,2026-04-28
제202조제1항제7호,정의함,LOGICAL,제202조제1항제7호,202조제1항제7호,0.2,제202조제1항제7호,2026-04-28
제211조제2항,참조함,STRUCTURE,제2조제6호가목2,제211조제2항,0.6,제211조제2항|제2조제6호가목2,2026-04-28
제216조제3항,정의함,LOGICAL,제216조제3항,제216조제3항,0.1,제216조제3항,2026-04-28
제217조의6제2항,정의함,LOGICAL,준용하는 경우,제217조의6제2항,0.9,제217조의6제2항|준용,2026-04-28
제221조제1항제4호,정의함,LOGICAL,제221조제1항제4호,제221조제1항제4호,0.0,제221조제1항제4호,2026-04-28
집합투자증권,판매함,ACTION,집합투자업자,제227조제3항,0.95,집합투자증권|집합투자업자,2026-04-28
집합투자증권,판매함,ACTION,투자매매업자,제227조제3항,0.95,집합투자증권|투자매매업자,2026-04-28
집합투자증권,판매함,ACTION,투자중개업자,제227조제3항,0.95,집합투자증권|투자중개업자,2026-04-28
집합투자증권,판매함,ACTION,신탁업자,제227조제3항,0.95,집합투자증권|신탁업자,2026-04-28
계좌명의인 이외의 자,위탁받음,ACTION,매매거래,제227조제3항,0.9,계좌명의인 이외의 자|매매거래,2026-04-28
금융기관,금지함,ACTION,공동영업에 따른 수수료,제10조제2항,0.95,수수료 지급|공동영업,2026-04-28
판매여부 결정,정의함,LOGICAL,고난도금융투자상품에 대한 판매여부 결정 행위,제2조제7호,0.95,판매여부 결정|고난도금융투자상품,2026-04-28
수신자,금지함,ACTION,제출인 본인임을 확인하지 않다,제10조제3항제17호가목,0.95,본인 확인|서류 최초 제출,2026-04-28
수신자,금지함,ACTION,확인결과를 기록ㆍ유지하지 않다,제10조제3항제17호가목,0.95,본인 확인|서류 최초 제출,2026-04-28
업무,요구함,ACTION,행위,제178조의2,0.9,장외매매거래|업무,2026-04-28
장외매매거래,정의함,LOGICAL,제178조의2,제178조의2,0.8,장외매매거래|제178조의2,2026-04-28
업무,참조함,STRUCTURE,장외매매거래,제178조의2,0.85,업무|장외매매거래,2026-04-28
투자중개업자,금지함,ACTION,장외매매거래에 관한 업무 수행,제178조의2,0.95,장외매매거래|위반,2026-04-28
투자중개업자,금지함,ACTION,투자권유대행인에게 계좌 개설 권유를 위탁하는 행위,제178조의2,0.9,투자권유대행인|계좌 개설 권유|위반,2026-04-28
투자중개업자,금지함,ACTION,투자자가 보유하지 않은 증권을 매도할 수 있도록 하는 행위,제178조의2,0.9,보유하지 않은 증권|매도|위반,2026-04-28
투자중개업자,금지함,ACTION,투자자로부터 금전·증권·재산을 보관·예탁받는 행위,제178조의2,0.9,보관·예탁|금전·증권·재산|위반,2026-04-28
투자중개업자,예외로함,LOGICAL,영 별표1 인가업무 단위 중 2-1-1의 인가를 받은 경우,제178조의2,0.85,영 별표1|인가업무 단위|2-1-1|예외,2026-04-28
협회,권한을가짐,ACTION,전산업 무처리프로그램이 갖추어야 할 최소한의 기준을 정함,제178조의2,0.9,협회|전산업 무처리프로그램|기준 정함,2026-04-28
금융투자상품,정의함,LOGICAL,다음 각 호의 따른 상품을 제외한 상품(제2항에 따른 상품을 포함한다),제68조제5항제2호의2,0.95,정의|제외|포함,2026-04-28
금융위원회,정의함,LOGICAL,금융투자상품,제68조제5항제2호의2,0.9,정의|정의함,2026-04-28
금융투자상품,포함함,LOGICAL,제2항에 따른 상품,제68조제5항제2호의2,0.85,포함|제2항,2026-04-28
금융투자상품,제외함,LOGICAL,다음 각 호의 따른 상품,제68조제5항제2호의2,0.85,제외|다음 각 호,2026-04-28
금융소비자 보호에 관한 법률 시행령,참조함,STRUCTURE,"제68조제5항제2호의2 가목, 라목부터 바목",제68조제5항제2호의2,0.95,"금융소비자 보호에 관한 법률 시행령|제68조제5항제2호의2 가목, 라목부터 바목",2026-04-28
투자성 상품,정의함,LOGICAL,"거래소시장, 해외증권시장, 해외 파생상품시장에 상장되어 거래(투자자가 해당 시장에서 직접 매매하는 경우로 한정한다)되는 상품을 제외하며, 이하, 이 항에서 '투자성 상품'이라 한다.",제12조제1항 제2호,0.95,투자성 상품|거래소시장|해외증권시장|해외 파생상품시장|직접 매매,2026-04-28
투자권유,정의함,LOGICAL,투자자,제68조제5항제2호의2,0.95,투자권유|투자자,2026-04-28
나목 및 다목,정의함,LOGICAL,제99조제4항제1호의2,제99조제4항제1호의2,0.9,정의|나목 및 다목,2026-04-28
나 목 및 다목,포함,ACTION,권유,제109조제3항제1호의2,0.95,권유|나 목 및 다목,2026-04-28
고난도금융투자상품,정의함,LOGICAL,금융위원회가 정하여 고시하는 고난도금융투자상품,제68조제5항제2호의3,0.95,정의|고난도금융투자상품,2026-04-28
장외파생상품,정의함,LOGICAL,위험회피대상(보유 또는 보유할 예정일 포함)에 대하여 미래에 발생할 수 있는 경제적 손실을 부분적 또는 전체적으로 줄이기 위한 거래를 하고자 하는 목적의 투자자만을 대상으로 한 장외파생상품으로서 판매 과정이 녹취된 상품,186조의2,0.95,위험회피대상|경제적 손실|투자자|판매 과정 녹취,2026-04-28
장외파생상품,특징을가짐,LOGICAL,판매 과정이 녹취된 상품,186조의2,0.9,판매 과정|녹취,2026-04-28
금융위원회가 정하여 고시하는 사항,정의함,LOGICAL,해당 상품의 특성과 손실위험에 대한 시나리오 분석결과,제68조제5항제2호의3나목,0.95,정의|고시,2026-04-28
금융위원회가 정하여 고시하는 사항,정의함,LOGICAL,해당 상품 목표시장의 내용 및 설정 근거,제68조제5항제2호의3나목,0.95,정의|고시,2026-04-28
마목,상위조항,STRUCTURE,제68조제5항제2호,제68조제5항제2호의2,0.9,마목|제68조제5항제2호,2026-04-28
마목,참조함,STRUCTURE,제99조제4항제1호의2,제99조제4항제1호의2,0.9,마목,2026-04-28
그 밖에 금융위원회가 정하여 고시하는 방법,정의함,LOGICAL,"전자우편, 그 밖에 이와 비슷한 전자통신을 통해 회신받는 방법; 우편; 전화자동응답시스템을 통해 투자자의 의사를 확인하는 방법",제109조제3항제 1호의2,0.95,정의|방법,2026-04-28
신용공여,정의함,LOGICAL,투자매매업자 또는 투자중개업자가 증권에 관련하여 다음 각 목의 어느 하나에 해당하는 방법으로 투자자에게 금전을 대출하거나 증권을 대여하는 것,제109조제3항제 1호의2,0.95,정의|대출|대여,2026-04-28
신용거래,정의함,LOGICAL,신용거래융자 또는 신용거래대주를 받아 결제하는 거래,제109조제3항제 1호의2,0.95,정의|거래,2026-04-28
담보,정의함,LOGICAL,"투자매매업자 또는 투자중개업자가 투자자에게 신용공여하면서 그 채무의 이행을 확보하기 위하여 인출제한, 질권 취득, 보관 등의 조치를 취할 수 있는 대상이 되는 증권",제109조제3항제 1호의2,0.95,정의|증권|보안,2026-04-28
신용공여금액,정의함,LOGICAL,"투자매매업자 또는 투자중개업자가 투자자에게 제공한 대출금, 신용거래융자금, 신용거래 대주 시가상당액",제109조제3항제 1호의2,0.95,정의|금액,2026-04-28
대용증권,정의함,LOGICAL,신용공여와 관련하여 투자매매업자 또는 투자중개업자가 투자자로부터 현금에 갈음하여 담보로 징구하는 증권,제109조제3항제 1호의2,0.95,정의|증권|담보,2026-04-28
투자매매업자 또는 투자중개업자,체결해야 한다,ACTION,신용공여에 관한 약정,제4-22조,0.95,신용공여|약정,2026-04-28
투자매매업자 또는 투자중개업자,요구함,ACTION,"투자자 본인(법인투자자의 경우 대리인)의 기명날인 또는 서명, 전자서명법",제4-22조,0.9,기명날인|서명|전자서명법,2026-04-28
투자매매업자 또는 투자중개업자,제한함,ACTION,자기자본,제4-23조,0.95,신용공여 규모|자기자본,2026-04-28
금융위원회 위원장,결정할 수 있다,ACTION,신용공여 종류 별 한도 및 계산방식,제4-23조,0.9,신용공여 종류|한도 및 계산방식|금융위원회 위원장,2026-04-28
자본총계,정의함,LOGICAL,제36조에 따른 분기별 업무보고서에 기재된 개별재무상태표 상의 자본총계,제36조,0.95,자본총계 정의|분기별 업무보고서|개별재무상태표,2026-04-28
금융위원회가 정하여 고시하는 사항,정의함,LOGICAL,총 보수 및 판매수수료 요율,제70조제1항제1호다목,0.95,정하여 고시하는|총 보수 및 판매수수료 요율,2026-04-28
금융위원회가 정하여 고시하는 방법,정의함,LOGICAL,다음 각 호의 어느 하나에 해당하는 방법,제70조제1항제2호라목,0.95,정의|방법,2026-04-28
투자매매업자 또는 투자중개업자,기록·유지해야 한다,ACTION,매매성립내용의 통지방 법,제70조,0.95,투자매매업자|투자중개업자|통지방 법|기록·유지,2026-04-28
예탁결제원 또는 전자등록기관,교부함,ACTION,매매확인서 등,제70조,0.9,예탁결제원|전자등록기관|매매확인서,2026-04-28
인터넷 또는 모바일시스템,제공함,ACTION,수시 조회,제70조,0.9,인터넷|모바일시스템|수시 조회,2026-04-28
모바일시스템,통지함,ACTION,문자메시지 등,제70조,0.9,모바일시스템|문자메시지,2026-04-28
금융감독원장,정한다,STRUCTURE,매매거래 등의 통지와 관한 세부사항,제70조,0.95,금융감독원장|통지 세부사항,2026-04-28
제70조제1항제2호가목부터 다목까지의 방법,포함함,STRUCTURE,"세 가지 방법 (예탁결제원/전자등록기관 교부, 인터넷/모바일 조회, 모바일 문자통지)",제70조,0.9,방법|세 가지 방법,2026-04-28
투자매매업자 또는 투자중개업자,제공함,ACTION,월간 매매내역 등,제4-37조,0.9,투자매매업자|투자중개,2026-04-28
통지,요구함,ACTION,투자자에게 통지,제70조제1항제2호,0.95,통지|투자자에게 통지,2026-04-28
통지,예외로함,LOGICAL,"3회 이상 반송된 투자자계좌에 대하여 투자자의 요구 시 즉시 통지할 수 있도록 지점, 그 밖의 영업소에 이를 비치한 경우",제70조제1항제2호,0.9,3회 이상 반송된 투자자계좌|즉시 통지|비치,2026-04-28
통지,예외로함,LOGICAL,"반기동안 매매, 그 밖의 거래가 없는 계좌의 반기말 현재 예탁재산 평가액이 금융감독원장이 정하는 금액을 초과하지 않는 경우에 그 계좌에 대하여 투자자 요구시 즉시 통지할 수 있도록 지점, 그 밖의 영업소에 반기말 잔액ㆍ잔량현황을 비치한 경우",제70조제1항제2호,0.9,반기동안 매매가 없는 계좌|예탁재산 평가액|비치,2026-04-28
통지,예외로함,LOGICAL,매매내역을 투자자가 수시로 확인할 수 있도록 통장 등으로 거래하는 경우,제70조제1항제2호,0.9,매매내역|수시 확인|통장 등,2026-04-28
투자중개업자,행사,ACTION,권한,제7조제3항제4호,0.95,권한 행사|투자자 일임,2026-04-28
지점,요구함,ACTION,투자자,229조제5호,0.95,통지|지점|투자자,2026-04-28
투자매매업자 또는 투자중개업자,요구함,ACTION,잔액ㆍ잔량조회,제99조,0.95,잔액ㆍ잔량조회|투자매매업자|투자중개업자,2026-04-28
통지,정의함,LOGICAL,지체 없이 통지,제70조제1항제2호,0.9,통지|지체 없이,2026-04-28
금융감독원장,권한을가짐,ACTION,월간거래내역 등의 통지 등에 관한 세부사항을 정한다,제70조제1항제2호,0.85,금융감독원장|정한다,2026-04-28
한도,정의함,LOGICAL,금융위원회가 정하여 고시하는 한도,제166조의2제1항제2호,0.99,정의|금융위원회,2026-04-28
순이체한도,정의함,LOGICAL,제19조에 따른 순이체한도,제19조,0.95,정의|순이체한도,2026-04-28
순이체한도,참조함,STRUCTURE,제19조,제19조,0.9,참조|제19조,2026-04-28
금융위원회가 정하여 고시하는 방법,정의함,LOGICAL,다음 각 호의 요건을 모두 충족하는 경우,제72조제3호,0.97,정의|요건 충족,2026-04-28
금융투자업자,요구함,ACTION,투자자예탁금을 증권금융회사에 특정금전신탁의 방법으로 신탁할 것,제72조제3호,0.9,신탁|예탁금,2026-04-28
금융투자업자,요구함,ACTION,제1호에 따른 신탁재산을 은행에 예금으로 운용토록 지시할 것,제72조제3호,0.9,운용|예금,2026-04-28
금융투자업자,요구함,ACTION,제1호에 따른 신탁의 수익권을 은행에 담보로 제공할 것,제72조제3호,0.9,담보|수익권,2026-04-28
금융위원회가 정하여 고시하는 경우,정의함,LOGICAL,"예치금융투자업자 영업의 전부 또는 일부의 정지, 결제불이행, 파산, 그 밖에 이에 준하는 사유가 발생하여 금융감독원장의 동의를 얻어 양도하는 경우",제72조제4호,0.95,정의|사례,2026-04-28
금융위원회가 정하여 고시하는 경우,정의함,LOGICAL,투자자가 다른 예치금융투자업자로의 계좌이관을 신청하여 양도하는 경우,제72조제4호,0.95,정의|사례,2026-04-28
의무예치액,정의함,LOGICAL,예치금융투자업자가 예치기관에 예치 또는 신탁하여야 하는 투자자예탁금의 규모,Unknown,0.95,의무예치액 정의|투자자예탁금,2026-04-28
의무예치액,산정함,LOGICAL,각 호의 예수금의 100분의 100 이상에 해당하는 금액의 합계액,Unknown,0.9,산정 기준|100%,2026-04-28
예치금융투자업자,요구함,ACTION,예치기관에 예치 또는 신탁하여야 하는 투자자예탁금의 규모 (의무예치액),Unknown,0.9,예치금융투자업자 의무|예치기관,2026-04-28
예치금융투자업자,산정함,ACTION,의무예치액,Unknown,0.85,산정|영업일 단위,2026-04-28
금융감독원장,권한을가짐,ACTION,예치기관에 예치하게 할 수 있다(의무예치액 부족분),Unknown,0.9,감독원장 권한|인출일 5영업일 이내,2026-04-28
의무예치액,절사함,LOGICAL,100만원 미만의 금액,Unknown,0.8,절사|금액 기준,2026-04-28
의무예치액,산정함,LOGICAL,영업일 단위,Unknown,0.85,영업일 단위 산정,2026-04-28
의무예치액,예외로함,LOGICAL,다음 각 목의 예수금,Unknown,0.8,예외|예수금 제외,2026-04-28
예치,허용함,ACTION,예수금,제77조제1항제1호,0.95,예치|예수금|다음 영업일까지,2026-04-28
투자자예탁금,정의함,LOGICAL,그 원금 및 미지급투자자예탁금이용료를 합산한 금액,제73조제1항,0.95,투자자예탁금 정의|원금 및 미지급 이용료 합산,2026-04-28
예치기관,지급한다,ACTION,투자자예탁금,제73조제1항,0.85,예치기관 지급|투자자예탁금 지급,2026-04-28
예치기관,지급한다,ACTION,투자자예탁금 원금,제73조제1항제3호,0.95,비율에 따라,2026-04-28
예치기관,지급한다,ACTION,투자자별 투자자 예탁금 원금 전액,제73조제1항제3호,0.9,전액,2026-04-28
예치기관,지급한다,ACTION,미지급투자자예탁금이용료 비율에 따른 금액,제73조제1항제3호,0.85,미지급투자자예탁금이용료|비율에 따라,2026-04-28
예치기관,지급하여야 한다,ACTION,투자자,제74조제5항,0.95,투자자예탁금|지급,2026-04-28
예치기관,협의,ACTION,예치금융투자 업자 및 예금보험공사,제74조제5항,0.95,투자자예탁금|협의,2026-04-28
예치기관,근거함,STRUCTURE,금융회사의 지배구조에 관한 법률,제74조제5항,0.85,지급업무|금융회사의 지배구조에 관한 법률,2026-04-28
금융회사,허용함,ACTION,대행,제2조제 1호,0.95,대행|허용,2026-04-28
예금보험공사,요구함,ACTION,부실관련자,제73조의2제3항,0.9,확인|부실관련자,2026-04-28
관계에 있는 자,요청할 수 있다,ACTION,관련 정보,제73조의2제1항,0.95,정보 제공 요청|관계에 있는 자,2026-04-28
제73조의2제1항,근거함,STRUCTURE,제4-39조의4,제73조의2제1항,0.9,제4-39조의4,2026-04-28
예치금융투자업자 의무,정의함,LOGICAL,예치금융투자업자,제74조제9항,0.9,예치금융투자업자 의무|정의,2026-04-28
예치금융투자업자,제공,ACTION,예치기관,제74조제9항,0.95,예치금융투자업자 의무|제공|예치기관,2026-04-28
암호화 등의 조치,제공함,ACTION,제공받은 정보,제31조,0.9,암호화|제공받은 정보,2026-04-28
암호화 등의 조치,금지함,ACTION,접근 및 활용,제31조,0.85,암호화|접근|활용,2026-04-28
암호화 등의 조치,참조함,STRUCTURE,제31조,제31조,0.95,암호화|제31조,2026-04-28
예치기관,요구함,ACTION,고유식별정보 보호 조치,제19조,0.95,고유식별정보 보호|암호화|안전성 확보,2026-04-28
예치기관,요구함,ACTION,투자자정보를 이외 정보와 분리하여 보관,제19조,0.95,투자자정보 분리 보관,2026-04-28
예치기관,요구함,ACTION,정보이용기간을 투자자예탁금 지급에 필요한 범위로 제한,제19조,0.95,정보이용기간 제한,2026-04-28
예치기관,요구함,ACTION,불필요해진 정보를 지체없이 파기,제19조,0.95,정보 파기,2026-04-28
방법,정의함,LOGICAL,금융위원회,제74조제2항제4호,0.95,정의|금융위원회,2026-04-28
공공적 법인,요구함,ACTION,채권 매수,제152조제3항,0.9,공공적 법인 채권 매수|공공적 법인|채권,2026-04-28
공공적 법인 채권 매수,예외로함,LOGICAL,주식 관련 사채권,제152조제3항,0.85,주식 관련 사채권 제외|공공적 법인 채권 매수,2026-04-28
금융기관,대출,ACTION,단기자금,제152조제3항,0.8,예치기관이 채무불이행 우려 없음|금융기관 대출 단기자금,2026-04-28
금융기관,제한함,ACTION,단기대출,제83조제4항제1호,0.95,단기대출|제한,2026-04-28
파생상품,정의함,LOGICAL,현재의 계약환율에 따라 서로 다른 통화를 교환하고 일정 기간 후 최초 계약시점에서 정한 환율에 따라 재교환하는 거래,제5조제1항제3호,0.95,계약환율|통화교환|재교환,2026-04-28
파생상품,정의함,LOGICAL,국제결제은행 자기자본비율이 8%를 초과하는 외국환은행 및 순자본비율이 150% 이상인 1종 금융투자업자와의 거래에 한한다,제5조제1항제3호,0.9,국제결제은행|자기자본비율|외국환은행|순자본비율|금융투자업자,2026-04-28
운용,정의함,LOGICAL,제74조제12항에 따른 운용 및 그에 부수하는 환전거래,제74조제12항,0.95,운용|환전거래|제74조제12항,2026-04-28
별도예치금 운용금액의 합계액,금지함,ACTION,대출일이 속하는 주의 직전주의 별도예치금 일 평균잔액의 100분의 30을 초과,제74조제12항,0.9,별도예치금 운용금액|대출일|주|직전주|일 평균잔액|30%,2026-04-28
단기 대출 한도,정의함,LOGICAL,금액,제74조,0.95,단기 대출 한도|금액,2026-04-28
예치기관,보관ㆍ관리 하여야 한다,ACTION,별도예치금,제74조,0.9,예치기관|별도예치금,2026-04-28
금융위원회가 정하여 고시하는 자,정의함,LOGICAL,외국환은 행을 말한다,제75조제1항제2호가목,0.9,정의함|금융위원회가 정하여 고시하는 자,2026-04-28
금융감독원장,인정,ACTION,별도예치금 인출,제75조제3항제3호,0.95,인정|별도예치금 인출,2026-04-28
별도예치금 인출,예외로함,LOGICAL,투자자예탁금이 대량으로 지급청구되거나 대량으로 지급청구될 것이 예상되는 경우,제75조제3항제3호,0.9,예외|투자자예탁금 대량 지급청구,2026-04-28
별도예치금 인출,예외로함,LOGICAL,거래소시장 또는 다자간매매체결회사를 통해서 체결된 투자자의 주문결제(장내파생상품거래의 정산을 포함한 다)를 위하여 필요한 경우,제75조제3항제3호,0.9,예외|거래소시장 주문결제 필요,2026-04-28
별도예치금 인출,예외로함,LOGICAL,투자자 보호 및 건전한 거래질서유지를 위하여 필요한 경우,제75조제3항제3호,0.9,예외|투자자 보호 필요,2026-04-28
예치금융투자업자,제출하여야 한다,ACTION,신청서,제75조제3항제3호,0.9,제출|신청서,2026-04-28
투자자,인출,ACTION,별도예치금,제75조제3항제 3호,0.95,인출|별도예치금,2026-04-28
예치기관,요구함,ACTION,별도예치금,제74조,0.95,별도예치금|안전한 관리|효율적 운용,2026-04-28
예치기관,요구함,ACTION,약정에 포함할 사항,제74조,0.9,약정|신의|성실|자료 요구|보수,2026-04-28
예치기관,요구함,ACTION,의무예치액 산정 및 확인에 필요한 자료,제74조,0.9,자료|예치금융투자업자|의무예치액,2026-04-28
예치기관,요구함,ACTION,별도예치금운용자문위원회 구성,제74조,0.9,자문위원회|5인 이내|예치금융투자업자,2026-04-28
자기계약 의 방법으로 별도예치금을 관리하는 예치기관,예외로함,LOGICAL,제74조제2항 후단에 따라,제74조,0.9,자기계약|예외,2026-04-28
예치기관,요구함,ACTION,약정 체결 및 준수,제74조,0.9,약정|안전한 관리|효율적 운용,2026-04-28
금융투자업자,요구함,ACTION,투자자 서면 승낙,제75조제1항제2호,0.95,서면 승낙|투자자,2026-04-28
금융투자업자,요구함,ACTION,별도 계좌 개설,제75조제1항제2호,0.95,계좌 개설|별도 계좌,2026-04-28
금융투자업자,요구함,ACTION,예치금이 투자자예탁금임을 충분히 설명,제75조제1항제2호,0.9,예치금|투자자예탁금|설명,2026-04-28
금융투자업자,요구함,ACTION,기타예치기관이 예치금이 투자자예탁금임을 인지,제75조제1항제2호,0.9,예치금|투자자예탁금|인식,2026-04-28
금융투자업자,요구함,ACTION,예치금이 담보로 제공하거나 양도하지 않음,제75조제1항제2호,0.9,예치금|담보|양도,2026-04-28
금융투자업자,요구함,ACTION,기타예치기관이 예치금을 상계하거나 압류하지 않음,제75조제1항제2호,0.9,예치금|상계|압류,2026-04-28
투자자,예치금 반환청구권,LOGICAL,투자자예탁금,제75조제1항제2호,0.9,반환청구권|손해배상청구권,2026-04-28
투자자,예치금 손해배상청구권,LOGICAL,투자자예탁금,제75조제1항제2호,0.9,손해배상청구권,2026-04-28
투자자,예치금이 예금자 보호법 대상이 아님,LOGICAL,투자자예탁금,제75조제1항제2호,0.9,예금자 보호법,2026-04-28
금융투자업자,예치,ACTION,예치기관,제74조제6항,0.95,지급사유발생후투자자예탁금|예치기관,2026-04-28
예치기관,요구함,ACTION,별도예치금과 구분ㆍ관리,제74조제6항,0.9,예치기관|별도예치금,2026-04-28
금융위원회가 정하여 고시하는 것,정의함,LOGICAL,제4-15조 제1항 각 호의 어느 하나에 해당하는 것,제76조제1항제2호,0.95,정의|고시,2026-04-28
증권,예탁 및 보관,ACTION,예탁결제원,제75조제1항,0.95,증권 예탁 및 보관,2026-04-28
증권,예외로함,LOGICAL,불가피한 사유로 직접 보관,제75조제1항,0.9,불가피한 사유|직접 보관|물리적 안전한 장소,2026-04-28
외국 보관기관,정의함,LOGICAL,금융위원회가 정하여 고시하는 외국 보관기관,76조제3항,0.95,정의|외국 보관기관,2026-04-28
금융위원회가 정하여 고시하는 외국 보관기관,참조함,STRUCTURE,제4-15조제2항,76조제3항,0.9,참조|제4-15조제2항,2026-04-28
금융위원회가 정하여 고시하는 기간,정의함,LOGICAL,2년,제77조제4항제2호,0.95,정의|기간,2026-04-28
판매 및 환매의 기준시점,정의함,LOGICAL,"다음 각 호와 같다: 1) 집합투자규약상 허용되는 주식편입비율이 50%이상인 집합투자기구: 매입 또는 환매청구일의 증권시장 종료 시점 이전으로서 집합투자규약에서 정한 시점; 2) 제1호 외의 집합투자기구: 매입 또는 환매 청구일의 17시 이전으로서 집합투자규약에서 정한 시점; 3) 집합투자증권의 투자매매업자 또는 투자중개업자는 판매 및 환매의 기준시점 경과 후 집합투자증권의 매입 또는 환매를 청구한 투자자에게는 판매 및 환매의 기준시점 이전에 집합투자증권의 매입 또는 환매를 청구한 투자자에게 적용한 기준가격 다음에 최초로 산출되는 기준가격을 적용하여야 한다; 4) 집합투자증권의 투자매매업자 또는 투자중개업자는 전산시스템에 따라 매입 또는 환매업무를 처리한 경우에 거래전표에 표시된 시점을 매입 또는 환매를 청구한 시점으로 본다. 다만, 투자자의 개별적인 매입 또는 환매 청구 없이 사전약정에 따라 주기적으로 집합투자증권의 매입 또는 환매업무가 처리되는 경우에는 판매 및 환매의 기준시점 이전에 매입 또는 환매청구가 이루어진 것으로 본다.",255조제5항,0.99,판매 및 환매의 기준시점|기준가격|집합투자규약|주식편입비율|증권시장 종료 시점|매입 또는 환매청구일|17시 이전|전산시스템|거래전표|사전약정|주기적,2026-04-28
집합투자증권의 투자매매업자 또는 투자중개업자,적용함,ACTION,기준가격,255조제5항,0.95,집합투자증권|투자매매업자|투자중개업자|기준가격|판매 및 환매의 기준시점,2026-04-28
연평균가액,정의함,LOGICAL,집합투자재산의 매일의 순자산총액을 연간 누적하여 합한 금액을 연간 일수로 나눈 금액,제77조제7항,0.95,연평균가액 정의,2026-04-28
납입금액,정의함,LOGICAL,집합투자증권의 매수시 적용하는 기준가격에 매수하는 집합투자증권의 수 또는 출자지분의 수를 곱한 금액,제77조제7항,0.95,납입금액 정의,2026-04-28
환매금액,정의함,LOGICAL,집합투자증권의 환매시 적용하는 기준가격에 환매하는 집합투자증권의 수 또는 출자지분의 수를 곱한 금액,제77조제7항,0.95,환매금액 정의,2026-04-28
금융위원회,정하여 고시한다,ACTION,매매체결대상상품,제78조제1항제1호다목,0.95,정하여 고시한다|매매체결대상상품,2026-04-28
매매체결대상상품,정의함,LOGICAL,금융위원회가 정하여 고시하는 매매체결대상상품,제78조제1항제1호다목,0.9,정의함|매매체결대상상품,2026-04-28
매매체결대상상품,예외로함,LOGICAL,상장 폐지 결정된 증권,제78조제1항제1호다목,0.85,예외로함|상장 폐지 결정된 증권,2026-04-28
거래소,결정함,ACTION,최초 가격,제11조제2항,0.95,매매체결대상상품|단일가격|개별경쟁매매,2026-04-28
거래소,하다,ACTION,유동성공급 및 시장조성,제11조제2항,0.85,증권예탁증권|유동성공급|시장조성,2026-04-28
제393조,참조함,STRUCTURE,제2조제6호가목2,Unknown,0.3,제393조,2026-04-28
다자간매매체결회사,보고,ACTION,금융감독원장,제403조,0.95,보고|지체 없이,2026-04-28
거래량,정의함,LOGICAL,거래량(제8조의2제5항제1호의 방법에 따른 거래량),제8조의2제5항제1호,0.95,거래량 정의,2026-04-28
거래량,참조함,STRUCTURE,제8조의2제5항제1호,제8조의2제5항제1호,0.9,거래량 정의|방법,2026-04-28
다자간매매체결회사,충족하지 못하다,ACTION,요건,제7조의2제2항,0.95,다자간매매체결회사|요건,2026-04-28
거래량,정의함,LOGICAL,제8조의2제5항제2호와 제3호의 방법에 따른 거래량,제8조의2제5항제2호와 제3호,0.95,거래량 정의|방법에 따른 거래량,2026-04-28
거래량,참조함,STRUCTURE,제8조의2제5항제2호와 제3호,제8조의2제5항제2호와 제3호,0.9,거래량 정의 참조,2026-04-28
다자간매매체결회사,위반시,ACTION,영,제78조,0.5,제5항|다자간매매체결회사,2026-04-28
금융위원회가 정하여 고시하는 금융업이 아닌 업종,정의함,LOGICAL,통계법에 따라 국가데이터처장이 고시하는 한국표준산업분류에 따른 금융 및 보험 법제처 90 국가법령정보센터 금융투자업규정 업을 제외한 업종,제78조제6항제3호나목,0.95,정의|금융업이 아닌 업종,2026-04-28
사채권,정의함,LOGICAL,신용평가를 받은 사채권 (둘 이상의 신용평가업자),제79조제2항제1호의2라목,0.95,사채권 정의|신용평가|두 개 이상의 신용평가업자,2026-04-28
집합투자업자,정의함,LOGICAL,스왑거래,제79조제2항제8호,0.4,스왑거래,2026-04-28
계약,정의함,LOGICAL,제5조제1항제3호에 따른 계약,제5조제1항제3호,0.95,계약 정의,2026-04-28
계약,허용함,ACTION,자신의 명의로 직접 거래할 수 있다,제5조제1항제3호,0.85,계약 조건|직접 거래 허용,2026-04-28
부동산 관련 자산,정의함,LOGICAL,"부동산매출채권(부동산의 매매ㆍ임대 등에 따라 발생한 매출채권), 부동산담보부채권",제80조제1항제1호,0.99,부동산매출채권|부동산담보부채권,2026-04-28
금융위원회가 정하여 고시하는 비율,정의함,LOGICAL,각 호에서 정한 비율,제80조제1항제2호사목,0.95,정하는|비율,2026-04-28
금융위원회가 정하여 고시하는 비율,참조함,STRUCTURE,자산유동화에 관한 법률,제80조제1항제2호사목,0.9,정하는|비율,2026-04-28
후순위 사채권,정의함,LOGICAL,유동화전문회사가 특정 집합투자기구로부터 양도받은 채권 등을 기초로 하여 발행한 사채권,제31조,0.95,후순위 사채권|정의,2026-04-28
유동화전문회사,발행함,ACTION,후순위 사채권,제31조,0.9,유동화전문회사|발행,2026-04-28
집합투자기구,취득,ACTION,후순위 수익증권,제32조,0.9,후순위 수익증권|집합투자기구|양도금액의 50% 이내,2026-04-28
고수익고위험투자신탁,정의함,LOGICAL,100분의 10 (10%),제91조의7,0.85,비율|제91조의7,2026-04-28
고수익고위험투자신탁,정의함,LOGICAL,100분의 50 (50%),제91조의7,0.85,비율|제1호|제2호,2026-04-28
고수익고위험투자신탁,참조함,STRUCTURE,제4-51조,제91조의7,0.9,시가총액비중의 산정방법,2026-04-28
시가총액비중,계산한다,ACTION,지분증권의 시가총액비중,제80조제1항제3호,0.95,시가총액비중|지분증권|계산방법,2026-04-28
지분증권의 시가총액비중,산정한다,ACTION,매월 말일을 기준으로,제80조제1항제3호,0.9,지분증권|시가총액비중|산정기준,2026-04-28
지분증권의 시가총액비중,적용한다,ACTION,1개월간,제80조제1항제3호,0.9,지분증권|시가총액비중|적용기간,2026-04-28
집합투자기구,정의함,LOGICAL,지수에 연동하여 운용하는 집합투자기구,제80조제1항제3호의3,0.95,정의함|지수에 연동하여 운용,2026-04-28
금융위원회,정하여 고시함,ACTION,지수,제80조제1항제3호의3,0.9,정의함|지수,2026-04-28
금융감독원장,정함,ACTION,지수,제80조제1항제3호의3,0.9,정의함|지수,2026-04-28
상장지수집합투자기구,정의함,LOGICAL,"""금융위원회가 정하 여 고시하는 상장지수집합투자기구""",제80조제1항제6호나목,0.95,정의|금융위원회 고시,2026-04-28
상장지수집합투자기구,정의함,LOGICAL,제251조제2항에 따른 추적오차율이 연 100분의 5를 초과하지 아니한 상장지수집합투자기구,251조제2항,0.95,상장지수집합투자기구 정의|추적오차율 조건,2026-04-28
상장지수집합투자기구,구성,ACTION,종목,제80조,0.95,증권|지수|목표,2026-04-28
상장지수집합투자기구,요구함,ACTION,30종목 이상,제80조,0.9,증권|지수|목표,2026-04-28
상장지수집합투자기구,요구함,ACTION,지수 구성 종목 수가 30종목 이상,제4조제2항제1호,0.95,지수 구성 종목 수|30종목 이상,2026-04-28
상장지수집합투자기구,요구함,ACTION,하나의 종목 비중이 20% 이하,제4조제2항제1호,0.95,비중|20% 이하,2026-04-28
상장지수집합투자기구,정의함,LOGICAL,제7-26조제4항제1호의 방법으로 운용되는 상장지수집합투자기구,제80조제1항제7호,0.97,정의함|금융위원회가 정하여 고시하는,2026-04-28
상장지수집합투자기구,정의함,LOGICAL,금융위원회가 정하여 고시하는 기준을 충족하는 것,제80조제6항,0.95,정의함|금융위원회가 정하여 고시하는 기준,2026-04-28
상장지수집합투자기구 등,정의함,LOGICAL,집합투자기구,제234조제1항제1호,0.95,요건을 갖춘 집합투자기구|정의,2026-04-28
파생상품,금지함,ACTION,운용,제5조제1항제2호부터 제4호,0.95,파생상품|운용,2026-04-28
장외 파생상품,금지함,ACTION,운용,제5조제1항제2호부터 제4호,0.95,장외 파생상품|운용,2026-04-28
제80조제1항제9호의3가목,참조함,STRUCTURE,제80조제1항제9호의3가목,제80조,0.6,제80조제1항제9호의3가목,2026-04-28
집합투자기구,정의함,LOGICAL,자산총액의 100분의 50을 초과하여 선순위 집합투자증권에 투자한 사모투자재간접집 합투자기구,81-3-4,0.95,집합투자기구|사모투자재간접집 합투자기구|선순위 집합투자증권|후순위 집합투자증권|자산총액,2026-04-28
비율,정의함,LOGICAL,100분의 50,제81조제1항제1호,0.99,비율|100분의 50,2026-04-28
금융위원회,정하여 고시하는,ACTION,비율,제81조제1항제3호,0.95,정하여 고시하는|비율,2026-04-28
비율,정의함,LOGICAL,100분의 20,제81조제1항제3호,0.98,정의함|100분의 20,2026-04-28
위험평가액,정의함,LOGICAL,명목계약금액,제81조제1항제1호마목,0.95,위험평가액|명목계약금액,2026-04-28
위험평가액,산정함,ACTION,명목계약금액,제81조제1항제1호마목,0.9,위험평가액|명목계약금액,2026-04-28
위험평가액,감안함,ACTION,승수효과(레버리지),제81조제1항제1호마목,0.85,위험평가액|승수효과(레버리지),2026-04-28
파생상품 가격 산정,정의함,LOGICAL,가격,제5조제1항제1호,0.95,파생상품 가격 산정|가격,2026-04-28
파생상품 가격 산정,정의함,LOGICAL,기초자산 가격 × 거래량 × 승수,제5조제1항제1호,0.95,파생상품 가격 산정|기초자산 가격|거래량|승수,2026-04-28
옵션,정의함,LOGICAL,파생상품,제5조제1항제2호,0.95,옵션|파생상품,2026-04-28
옵션,정한다,ACTION,명목계약금액,제5조제1항제2호,0.95,옵션|명목계약금액,2026-04-28
옵션매수,정의함,LOGICAL,델타위험액,제5조제1항제2호,0.9,옵션매수|델타위험액,2026-04-28
옵션매도,정의함,LOGICAL,감마위험액 및 베가위험액 합산액,제5조제1항제2호,0.9,옵션매도|감마위험액|베가위험액,2026-04-28
감마위험액,산정한다,ACTION,제3-21조 제 4항 및 제5항,제5조제1항제2호,0.85,감마위험액|제3-21조 제 4항 및 제5항,2026-04-28
베가위험액,산정한다,ACTION,제3-21조 제 4항 및 제5항,제5조제1항제2호,0.85,베가위험액|제3-21조 제 4항 및 제5항,2026-04-28
스왑,정한다,ACTION,명목계약금액,제5조제1항제3호,0.95,스왑|명목계약금액,2026-04-28
스왑,정의함,LOGICAL,파생상품,제5조제1항제3호,0.92,스왑|파생상품,2026-04-28
준거자산,포함한다,ACTION,위험평가액,제249조의7,0.95,위험평가액 산정|취득가액 포함,2026-04-28
금융감독원장,지정,ACTION,거래,제13조제1항제2호,0.95,위험회피회계 지정|거래 지정,2026-04-28
위험회피회계,정의함,LOGICAL,거래 제외 방법,제13조제1항제2호,0.85,위험회피회계 정의|거래 제외,2026-04-28
파생상품 거래,상계함,ACTION,위험평가액,제13조제1항제2호,0.75,파생상품 상계|위험평가액 산정,2026-04-28
거래,예외로함,LOGICAL,수익창출 목적,제13조제1항제2호,0.7,수익창출 예외|거래 예외,2026-04-28
위험평가액(동일법인 등 발행증권 가격변동),정의함,LOGICAL,파생상품 매매에 따른 위험평가액 중 동일법인 등 발행증권 가격변동으로 인한 파생상품 매매에 따른 위험평가액,제81조제1항제1호바목,0.92,위험평가액|파생상품 매매|동일법인 등 발행증권 가격변동,2026-04-28
위험평가액(동일법인 등 발행증권 가격변동),근거함,STRUCTURE,제1항 및 제2항에 따라 평가한 파생상품 매매에 따른 위험평가액,제81조제1항제1호바목,0.85,제1항|제2항|파생상품 매매|위험평가액,2026-04-28
거래상대방 위험평가액,정의함,LOGICAL,추정금액,제81조제1항제1호사목,0.95,거래상대방 위험평가액|추정금액,2026-04-28
담보사정가격,요구함,ACTION,합리적 담보사정가격 산정,제238조,0.95,담보사정가격|합리적 산정,2026-04-28
담보가치를 차감하는 경우,금지함,ACTION,담보를 받아서는 아니 된다,제238조,0.9,담보가치를 차감하는 경우|담보,2026-04-28
담보가치를 차감하는 경우,요구함,ACTION,담보사정가격을 합리적으로 산정하여야 한다,제238조,0.9,담보가치를 차감하는 경우|담보사정가격|합리적 산정,2026-04-28
금융위원회가 정하여 고시하는 집합투자기구,정의함,LOGICAL,다음 각 호의 어느 하나에 해당하는 집합투자기구,제81조제3항제1호,0.95,정의함|집합투자기구,2026-04-28
단서에 따른 성과보수를 받는 집합투자기구,준용함,STRUCTURE,제4-55조(운용담당자와 매매담당자간 겸직금지의 예외),제86조제1항,0.9,집합투자기구|운용담당자|매매담당자,2026-04-28
고유재산 투자금,정의함,LOGICAL,"집합투자업자의 직전 사업연도말 자기자본의 100분의 1 이 상(4억원 미만인 경우에는 4억원으로, 10억원을 초과하는 경우에는 10억원으로 한다)",제86조제1항,0.85,고유재산 투자금|자기자본|집합투자업자,2026-04-28
금융위원회가 정하여 고시하는 경우,정의함,LOGICAL,투자신탁별로 계좌를 개설하고 계좌별로 이루어지는 매매거래의 경우,제10조제4항제2호,0.95,정의|금융위원회|고시,2026-04-28
금융위원회가 정하여 고시하는 경우,정의함,LOGICAL,사전에 결정된 투자 전략에 따라 증권시장(다자간매매체결회사를 포함한다)과 파생상품시장 간의 가격 차이를 이용한 차익거래로서 거래소 또는 다자간매매체결회사에 프로그램 매매 주문이 이루어지는 경우,제10조제4항제2호,0.95,정의|금융위원회|고시,2026-04-28
금융위원회가 정하여 고시하는 경우,정의함,LOGICAL,장내파생상품 거래의 경우 제4-56조(단순 중개 목적의 거래) ① 영,제10조제4항제2호,0.95,정의|금융위원회|고시,2026-04-28
금융위원회가 정하여 고시하는 방법,정의함,LOGICAL,이해관계인이 일정수수료만을 받고 집합투자업자와 이해관계인이 아닌 자 간의 투자대상자산의 매매를 연결시켜 주는 방법,제85조제1호,0.97,정의|금융위원회가 정하여 고시하는 방법|연결시켜 주는 방법,2026-04-28
금융위원회가 정하여 고시하는 방법,연결시켜 주는,LOGICAL,투자대상자산의 매매,제85조제1호,0.9,연결|매매|투자대상자산,2026-04-28
매매형식의 중개,정의함,LOGICAL,"집합투자업자와 이해관계인 간의 거래에서 중개수수료를 받은 경우, 거래가 중개의 위탁으로 간주되는 상황",제85조제2호,0.95,정의|집합투자업자|이해관계인|중개수수료|중개의 위탁,2026-04-28
금융위원회가 정하여 고시하는 기간,정의함,LOGICAL,30일 이내의 기간,제85조제5호의3,0.99,기간|정의,2026-04-28
금융위원회,정하여 고시하는,ACTION,지수,제86조제1항제1호다목다목,0.95,정의|지수,2026-04-28
지수,정의함,LOGICAL,구성종목수가 10종목 이상,제86조제1항제1호다목다목,0.95,구성종목수,2026-04-28
지수,정의함,LOGICAL,하나의 종목 비중이 30% 이하,제86조제1항제1호다목다목,0.95,비중,2026-04-28
지수,정의함,LOGICAL,"시가총액이 150억원 이상, 거래대금이 1억원 이상 (시가총액 순 85% 종목)",제86조제1항제1호다목다목,0.95,시가총액|거래대금,2026-04-28
지수,예외로함,LOGICAL,30% 초과 가능 (금융감독원장이 정하는 지수),제86조제1항제1호다목다목,0.9,예외|비중,2026-04-28
금융위원회가 정하여 고시하는 사유,정의함,LOGICAL,다음 각 호의 어느 하나에 해당하는 사유,제86조제5항,0.95,정의|사유,2026-04-28
집합투자업자,요구함,ACTION,자기자본의 감소,제81조제2항,0.8,조건|자기자본 감소,2026-04-28
집합투자업자,요구함,ACTION,"합병, 분할, 분할합병 또는 영업의 양도ㆍ양수",제81조제2항,0.8,조건|합병/분할/양도,2026-04-28
집합투자기구,요구함,ACTION,자전거래,제87조제1항제3호,0.95,자전거래|집합투자기구|요구함,2026-04-28
자전거래,정의함,LOGICAL,자기가 운용하는 집합투자기구 상호 간에 같은 자산을 같은 수량으로 같은 시기에 일방이 매도하고 다른 일방이 매수 하는 거래,제87조제1항제3호,0.9,자전거래 정의,2026-04-28
자전거래,요구함,ACTION,부도채권 등 부실화된 자산이 아닐 것,제87조제1항제3호,0.9,부도채권|자전거래 요건,2026-04-28
자전거래,요구함,ACTION,투자자의 이익에 반하지 않는 거래일 것,제87조제1항제3호,0.9,투자자 이익|자전거래 요건,2026-04-28
자전거래,요구함,ACTION,집합투자규약 및 투자설명서의 투자목적 및 방침에 부합하는 거래일 것,제87조제1항제3호,0.9,집합투자규약|투자설명서|자전거래 요건,2026-04-28
자전거래,요구함,ACTION,영수증 제출,260,0.7,자전거래|자산|영수증 제출,2026-04-28
자산,공정가액 평가를 받음,ACTION,공정가액 평가,제260조제2항제3호,0.9,공정가액 평가|자산,2026-04-28
수익자 전원,동의함,ACTION,자산의 공정가액 평가,제260조제2항제3호,0.8,수익자 전원|공정가액 평가,2026-04-28
월별 자전거래 규모,제한됨,ACTION,20% 이하,제260조제2항제3호,0.9,월별 자전거래 규모|집합투자기구 자산총액|20% 이하,2026-04-28
집합투자규약에 정한 집합투자기구,매도할 수 있다,ACTION,부도채권 등 부실화된 자산,제260조제2항제3호,0.9,부도채권|부실화된 자산|자전거래|매도,2026-04-28
가액,정의함,LOGICAL,"제260조에 따라 평가한 가액으로 하되, 시장상황의 변동 등으로 인하여 영",제260조,0.85,가액|제260조에 따라 평가한 가액|시장상황의 변동,2026-04-28
가액,참조함,STRUCTURE,제260조,제260조,0.9,가액|제260조,2026-04-28
집합투자재산평가위원회,감안하여 평가한 가액으로,ACTION,자전거래,제260조,0.85,자전거래|가액|감안,2026-04-28
집합투자업자,금지함,ACTION,자전거래 (사모집합투자기구 및 공모집합투자기구),Unknown,0.95,집합투자업자|자전거래|사모집합투자기구|공모집합투자기구,2026-04-28
집합투자업자,예외로함,LOGICAL,자전거래 허용 (준법감시인 및 신탁업자 확인 시),Unknown,0.9,집합투자업자|자전거래|준법감시인|신탁업자|이익 해할 우려 없음,2026-04-28
집합투자업자,요구함,ACTION,세부기준 마련 (자전거래 관련 절차·방법 등),Unknown,0.9,집합투자업자|자전거래|신탁업자 확인|세부기준|절차|방법,2026-04-28
집합투자업자,보관ㆍ유지해야 한다,ACTION,자료 (자전거래 관련 요건 충족 여부 확인 자료) 5년간 보관·유지,Unknown,0.9,집합투자업자|자전거래|자료|5년|요건 충족 여부,2026-04-28
가격,요구함,ACTION,해당자 제공 가격,Unknown,0.85,가격|해당자|제공 가격,2026-04-28
"발행조건, 거래절차 등 의 기준",정의함,LOGICAL,"조건 1: 집합투자업자가 모집의 방법으로 발행되는 채권을 청약을 통하여 매수하며, 그 매수금액이 발행금액의 100분의 30을 초과하지 아니할 것",제87조제1항제2호의2,0.95,발행조건|거래절차|조건 1,2026-04-28
"발행조건, 거래절차 등 의 기준",정의함,LOGICAL,조건 2: 거래시점을 기준으로 신용평가업자로부터 최상위등급 또는 최상위등급의 차하위등급 이내의 신용등급을 받은 채권일 것,제87조제1항제2호의2,0.95,발행조건|거래절차|조건 2,2026-04-28
"발행조건, 거래절차 등 의 기준",정의함,LOGICAL,조건 3: 제1호의 거래를 수행한 경우에는 그 사항에 대하여 준법감시인의 확인을 받을 것,제87조제1항제2호의2,0.95,발행조건|거래절차|조건 3,2026-04-28
"발행조건, 거래절차 등 의 기준",정의함,LOGICAL,"조건 4: 관계인수인으로부터 매수한 채권의 종목, 수량 등 거래내역을 협회가 정하는 방법과 절차에 따라 매분기별로 공시할 것",제87조제1항제2호의2,0.95,발행조건|거래절차|조건 4,2026-04-28
금융위원회가 정하여 고시하는 비율,정의함,LOGICAL,100분의 30,제87조제2항제2호,0.95,정의|비율,2026-04-28
금융위원회가 정하여 고시하는 기준,정의함,LOGICAL,집합투자업자(그 임직원을 포함한다. 이하 이 조에서 같다)가 집합투자증권의 판매와 관련하여 판매수수료ㆍ판 매보수 외에 투자매매업자 또는 투자중개업자(그 임직원 및 법,제87조제4항제3호,0.95,정의|기준,2026-04-28
집합투자업자,제공함,ACTION,투자매매업자,제51조제9항,0.95,금전ㆍ물품ㆍ편익 제공,2026-04-28
집합투자업자,공시함,ACTION,인터넷 홈페이지 등,제51조제9항,0.9,10억원 초과 제공,2026-04-28
집합투자업자,기록을유지함,ACTION,"제공목적, 제공내용, 제공일자, 제공받는자",제51조제9항,0.9,제공 기록,2026-04-28
협회,정할수있다,STRUCTURE,구체적 기준,제51조제9항,0.85,제1항부터 제3항까지 시행,2026-04-28
금전ㆍ물품ㆍ편익,정의함,LOGICAL,제시된 범위가 다음 각 호의 어느 하나에 해당하는 것,제51조제9항,0.9,정의,2026-04-28
금융위원회가 정하여 고시하는 기준,정의함,LOGICAL,집합투자업자(그 임직원을 포함한다. 이하 이 조에서 같다)가 집합투자재산의 운용과 관련하여 투자매매업자ㆍ 투자중개업자(그 임직원 및 법,제87조제4항제4호,0.9,정의|기준,2026-04-28
집합투자업자,요구함,ACTION,공시,제51조제2항,0.95,공시|제1항에 따른 금전ㆍ물품ㆍ편익|10억원 초과|특정 투자매매업자|투자중개업자|인터넷 홈페이지,2026-04-28
집합투자업자,요구함,ACTION,기록유지,제51조제3항,0.95,기록|제공목적|제공내용|제공일자|제공받는자|제1항에 따른 금전ㆍ물품ㆍ편익|투자매매업자|투자중개업자,2026-04-28
협회,권한을가짐,ACTION,구체적 기준 정함,제51조제4항,0.9,구체적 기준|제1항부터 제3항까지|시행,2026-04-28
벤처기업투자신탁,편입,ACTION,집합투자재산,제16조제1항제2호,0.9,편입|집합투자재산,2026-04-28
무담보사채,편입,ACTION,기업성장집합투자기구의 집합투자재산,제16조제1항제2호,0.9,무담보사채|기업성장집합투자기구|집합투자재산,2026-04-28
집합투자업자,금지함,ACTION,집합투자재산을 내부적인 투자판단 과정 없이 운용하는 행위,79,0.9,선관의무|충실의무|내부적인 투자판단 과정,2026-04-28
집합투자업자,금지함,ACTION,집합투자재산을 집합투자업자의 계열회사가 발행한 고위험 채무증권 등에 운용하는 행위,79,0.9,고위험 채무증권|계열회사,2026-04-28
집합투자업겸영보험회사,운용함,ACTION,투자신탁재산,251,0.95,투자신탁재산|운용,2026-04-28
집합투자업자,금지함,ACTION,계열회사에 위탁 또는 투자일임,제273조제1항제1호ㆍ제2호,0.95,위탁 또는 투자일임|계열회사|전체 투자신탁재산의 100분의 50을 초과,2026-04-28
위탁 또는 투자일임,정의함,LOGICAL,계열회사에 위탁 또는 투자일임,제273조제1항제1호ㆍ제2호,0.9,위탁 또는 투자일임|계열회사,2026-04-28
그 집합투자업자,금지함,ACTION,고유 재산,373,0.95,인가취소의 처분을 회피,2026-04-28
특수관계인,정의함,LOGICAL,제2조제4호의 특수관계인,제2조제4호,0.95,정의|특수관계인,2026-04-28
특수관계인,정의함,LOGICAL,이해관계인,제2조제4호,0.8,정의|이해관계인,2026-04-28
이해관계인,정의함,LOGICAL,집합투자재산 운용,84,0.9,이해관계인 정의,2026-04-28
이해관계인,정의함,LOGICAL,허위 계약 체결,84,0.9,이해관계인 정의,2026-04-28
이해관계인,정의함,LOGICAL,집합투자증권 판매,84,0.9,이해관계인 정의,2026-04-28
이해관계인,정의함,LOGICAL,집합투자기구 계속 운용,84,0.9,이해관계인 정의,2026-04-28
이해관계인,정의함,LOGICAL,손실 초과 시 사전 약정,84,0.9,이해관계인 정의,2026-04-28
집합투자업자,금지함,ACTION,계획,제209조제1호가목,0.95,계획 이행|집합투자업자,2026-04-28
특수집합투자기구,정의함,LOGICAL,운용하는 다음 각 목의 어느 하나,제6조제5항제1호,0.95,특수집합투자기구|운용,2026-04-28
특수집합투자재산,정의함,LOGICAL,특수집합투자기구의 재산,제6조제5항제1호,0.9,특수집합투자재산|재산,2026-04-28
집합투자업자,정의함,LOGICAL,부동산투자회사,제87조제1항 제3호,0.85,집합투자업자|부동산투자회사|정의,2026-04-28
집합투자업자,정의함,LOGICAL,선박투자회사,제87조제1항 제3호,0.85,집합투자업자|선박투자회사|정의,2026-04-28
집합투자업자,정의함,LOGICAL,문화산업전문회사,제87조제1항 제3호,0.85,집합투자업자|문화산업전문회사|정의,2026-04-28
집합투자업자,정의함,LOGICAL,벤처투자조합,제87조제1항 제3호,0.85,집합투자업자|벤처투자조합|정의,2026-04-28
집합투자업자,금지함,ACTION,집합투자기구와 특수집합투자기구 간 교차 또는 순환 투자 행위,제87조제1항 제3호,0.9,집합투자업자|금지|교차투자|순환투자,2026-04-28
지분증권에 투자,정의함,LOGICAL,기관전용 사모집합투자기구가 설립 또는 투자한 투자목적회사의 지분증권에 투자,제271조의14제4항제5호,0.95,지분증권에 투자|기관전용 사모집합투자기구|투자목적회사,2026-04-28
기관전용 사모집합투자기구,투자,ACTION,지분증권,제271조의14제4항제5호,0.9,기관전용 사모집합투자기구|지분증권|투자,2026-04-28
지분증권에 투자,참조함,STRUCTURE,제4-64조(운용인력에 대한 행위 제한),제271조의14제4항제5호,0.85,제4-64조|운용인력에 대한 행위 제한,2026-04-28
집합투자재산의 운용업무를 담당하는 자,금지함,ACTION,각 호의 어느 하나에 해당하는 행위,제87조제4항제9호,0.95,운용업무|행위,2026-04-28
일반 사모집합투자기구의 운용업무,예외로함,LOGICAL,"제2호가목, 제3호 및 제4호",제87조제4항제9호,0.9,일반 사모집합투자기구|운용업무|제2호가목|제3호|제4호,2026-04-28
자,금지함,ACTION,겸직 행위,제10조제4항,0.95,겸직|운용업무|자산취득·매각,2026-04-28
겸직 행위,정의함,LOGICAL,집합투자재산 운용 업무와 자산 취득·매각 업무를 겸직하는 행위,제10조제4항,0.9,겸직|정의,2026-04-28
제10조제4항 및 제4-55조에 해당하는 경우,예외로함,LOGICAL,겸직 행위,제10조제4항,0.9,예외|겸직,2026-04-28
제10조제4항,참조함,STRUCTURE,제4-55조,제10조제4항,0.8,참조|제4-55조,2026-04-28
등록된 투자운용인력이 아닌 자,금지함,ACTION,일반 사모집합투자기구의 운용업무,제286조,0.95,투자운용인력|일반 사모집합투자기구,2026-04-28
별표 13의 사회기반시설운용전문인력이 아닌 자,금지함,ACTION,사회기반시설의 운용업무,제286조,0.9,사회기반시설운용전문인력|사회기반시설,2026-04-28
성과보수의 산정방식,정의함,LOGICAL,다음 각 호의 어느 하나에 해당하는 것,제88조제1항,0.9,정의|산정방식,2026-04-28
별도 성과보수 방식,정의함,LOGICAL,운용보수와 별도로 성과보수를 정하는 경우,제88조제1항,0.95,정의|별도 성과보수 방식,2026-04-28
집합투자업자,금지함,ACTION,성과보수,88-1-1,0.95,부의 수익률|성과보수,2026-04-28
집합투자업자,요구함,ACTION,집합투자자총회 의 결의,88-1-1,0.95,변경|결의,2026-04-28
운용보수,합산함,ACTION,기본운용보수 + 성과운용보수,88-1-1,0.95,합산|기본운용보수|성과운용보수,2026-04-28
성과운용보수,산정함,ACTION,기준지표등의 성과 차감,88-1-1,0.95,대칭적 구조|기준지표등,2026-04-28
성과운용보수,제한함,ACTION,기본운용보수 ±20%,88-1-1,0.95,±20%,2026-04-28
기본운용보수,충족함,LOGICAL,90% 이하,88-1-1,0.95,평균 운용보수,2026-04-28
성과운용보수,상한설정,ACTION,기본운용보수의 50% 이상 100% 이하,88-1-1,0.95,상한,2026-04-28
성과운용보수,산출주기,ACTION,3개월 또는 6개월,88-1-1,0.95,주기,2026-04-28
집합투자업자,요구함,ACTION,성과보수 상한,88-1-1,0.95,상한,2026-04-28
집합투자업자,요구함,ACTION,성과보수 지급시기,88-1-1,0.95,지급시기,2026-04-28
협회,허용함,ACTION,지침,제237조제1항,0.95,지침,2026-04-28
환매금지형집합투자기구,정하는,ACTION,시기,230,0.95,정하는|시기,2026-04-28
환매금지형집합투자기구,정하는,ACTION,6개월 이상의 기간,230,0.9,정하는|기간,2026-04-28
환매금지형집합투자기구,정하는,ACTION,연 2회 이내,230,0.9,정하는|회수,2026-04-28
상장지수집합투자기구,제외한다,ACTION,제234조,제234조,0.95,상장지수집합투자기구 제외,2026-04-28
정하여 고시하는 사항,정의함,LOGICAL,집합투자기구의 운용을 담당하는 투자운용인력의 경력,제88조제2항제7호,0.95,정하여 고시하는 사항|정의,2026-04-28
정하여 고시하는 사항,정의함,LOGICAL,집합투자기구의 운용을 담당하는 투자운용인력의 운용성과,제88조제2항제7호,0.95,정하여 고시하는 사항|정의,2026-04-28
정하여 고시하는 사항,정의함,LOGICAL,집합투자업자 및 신탁업자는 집합투자업자가 법,제88조제2항제7호,0.9,정하여 고시하는 사항|정의,2026-04-28
정하여 고시하는 사항,정의함,LOGICAL,금융위원회가 정하여 고시,제88조제2항제7호,0.92,정하여 고시하는 사항|정의,2026-04-28
자산운용보고서 및 자산보관ㆍ관리보고서,기재하도록 요구함,ACTION,성과보수 내용,제86조제1항제2호,0.95,자산운용보고서|자산보관ㆍ관리보고서|성과보수,2026-04-28
자산운용보고서,정의함,LOGICAL,보고서,제86조제1항제2호,0.85,자산운용보고서|보고서,2026-04-28
공시 방법,정하는,LOGICAL,"집합투자업자, 투자매매업자ㆍ투자중 개업자 및 협회의 인터넷 홈페이지를 이용하여 공시하는 방법",제92조제1항제2호 및 제3호,0.95,정하는|공시 방법,2026-04-28
금융위원회가 정하여 고시하는 사항,정의함,LOGICAL,다음 각 호의 사항을 말한다,제92조제3항제9호,0.95,정의함|금융위원회가 정하여 고시하는 사항,2026-04-28
사모 집합투자기구,예외로함,LOGICAL,제2호부터 제4호까지의 사항을 기재하지 않을 수 있다,제92조제3항제9호,0.9,예외|사모 집합투자기구,2026-04-28
집합투자기구,예외로함,LOGICAL,제2호에 해당되는 사항을 기재하지 않을 수 있다,제92조제3항제9호,0.9,예외|집합투자기구|투자금액 1억원 미만,2026-04-28
자산운용보고서의 서식 및 작성방법 등에 관하여 필요한 사항,정의함,LOGICAL,금융감독원장이 정한다,제92조제3항제9호,0.95,정의함|자산운용보고서의 서식 및 작성방법,2026-04-28
그 거래에 관한 사항,정의함,LOGICAL,집합투자기구가 환위험을 회피할 목적으로 파생상품을 거래하는 경우,제92조제3항제9호,0.9,정의함|그 거래에 관한 사항,2026-04-28
투자매매업자ㆍ투자중개업자,제공해야 한다,ACTION,투자자의 성명 및 주소 등 자산운용보고서의 교부에 필요한 정보,제92조제4항,0.95,정보 제공|전자등록기관,2026-04-28
집합 투자증권을 판매한 투자매매업자ㆍ투자중개업자,전문인력,STRUCTURE,전자등록기관,제92조제4항,0.85,전자등록기관|자산운용보고서 교부,2026-04-28
부실자산,정의함,LOGICAL,제7-35조제2항에 따른 부도채권 등 부실화된 자산,제93조제2항,0.95,부실자산 정의|부도채권 등 부실화된 자산,2026-04-28
같은 조 제3항제4호ㆍ제5호에 해당하는 사항,허용함,ACTION,공시,93-4,0.95,공시|일괄|월말의 다음 영업일,2026-04-28
집합투자재산,요구함,ACTION,"집합투자기구의 명칭, 투자운용인력, 보유하고 있는 자산의 유형별 금액 및 비중, 자산규모 및 기준가격, 기준가격의 변동에 관한 사항, 수익률 및 분배율",제94조제2항,0.95,공시|포함,2026-04-28
주된 투자대상자산,정의함,LOGICAL,당해 집합투자규약의 투자목적에 당해 집합투자기구가 주로 투자하는 자산으로 명시되어 있는 자산,제94조제2항제4호,0.95,주된 투자대상자산|정의,2026-04-28
파생상품,정의함,LOGICAL,금융위원회가 정하여 고시하는 파생상 품이란 다음 각 호의 어느 하나에 해당하는 파생상품을 말한다.,96-2,0.95,정의|파생상품|금융위원회|고시,2026-04-28
파생상품,정의함,LOGICAL,위험에 관한 지표 산출을 위한 자료가 부족하여 지표의 산출이 불가능한 파생상품,96-2,0.9,정의|위험|지표|불가능,2026-04-28
파생상품,정의함,LOGICAL,제1호 외의 사유로 지표의 산출이 불가능한 파생상품으로서 금융감독원장의 확인을 받은 파생상품,96-2,0.9,정의|제1호|지표|불가능|금융감독원장,2026-04-28
집합투자기구,공시하여야 하는,ACTION,위험지표,제93조제1항,0.95,위험지표|공시,2026-04-28
계약금액,산정·작성,ACTION,명목계약금액,제96조제3항,0.9,산정·작성|명목계약금액,2026-04-28
파생상품 거래에 따른 만기시점의 손익구조,서술식으로 요약하여 기재한다,ACTION,기재,제96조제3항,0.85,만기시점의 손익구조|서술식 요약|기재,2026-04-28
시나리오법에 따라 산정,산정,ACTION,시나리오법,제96조제3항,0.8,시나리오법|산정,2026-04-28
최대손실예상금액(VaR),산정,ACTION,10영업일 보유기간 및 99% 단측 신뢰구간,제96조제3항,0.85,최대손실예상금액(VaR)|10영업일|99% 단측 신뢰구간|산정,2026-04-28
최대손실예상금액(VaR),전환,ACTION,10영업일에 상당하는 수치,제96조제3항,0.8,최대손실예상금액(VaR)|전환|10영업일에 상당하는 수치,2026-04-28
금융위원회,정하여 고시하는,ACTION,정하여 고시하는 사항,제97조제5항제4호,0.95,정하여 고시하는 사항,2026-04-28
정하여 고시하는 사항,정의함,LOGICAL,1. 담보권 설정 등 부동산과 관련한 권리의무관계에 관한 사항 2. 실사자에 관한 사항,제97조제5항제4호,0.95,정하여 고시하는 사항|정의함,2026-04-28
금융위원회가 정하여 고시하는 비율,정의함,LOGICAL,100분의 70,제97조제7항제2호,1.0,정의|비율,2026-04-28
금융위원회가 정하여 고시하는 경우,정의함,LOGICAL,차입한 금전으로 부동산에 투자할 수 없는 불가피한 사유가 발생하여 일시적으로 현금성 자산에 투자하는 경우,제97조제8항,0.95,정의함|금융위원회가 정하여 고시하는 경우,2026-04-28
사실,받다,ACTION,조치,제422조제1항,0.9,사실|조치,2026-04-28
제422조제1항,참조함,STRUCTURE,제422조제2항,제422조제1항,0.8,참조|제422조제2항,2026-04-28
금융위원회가 정하여 고시하는 사항,정의함,LOGICAL,제98조제5호,98,0.95,제98조제5호,2026-04-28
성과보수,산정기준,LOGICAL,기준지표(제4-65조제1항에 따른 요건을 충족하는 기준지표),제99조,0.95,성과보수|기준지표,2026-04-28
성과보수,예외로함,LOGICAL,투자일임업자와 투자자 합의에 의해 달리 정할 수 있다,제99조,0.9,성과보수|투자일임업자|투자자,2026-04-28
성과보수,규정함,STRUCTURE,제99조,제99조,0.9,성과보수|제99조,2026-04-28
기준,정의함,LOGICAL,다음 각 호에 모두 해당하는 경우,제99조제2항제2호의2,0.95,정의함|기준,2026-04-28
금융위원회,정하고 고시,ACTION,기준,제99조제2항제2호의2,0.95,정하고 고시|기준,2026-04-28
방법,정의함,LOGICAL,금융위원회가 정하여 고시하는 방법,제117조의7제8항,0.95,정의함|방법,2026-04-28
매매형식의 중개,정의함,LOGICAL,금융위원회가 정하여 고시하는 매매형식의 중개,제99조제2항제3호바목,0.98,정하는|매매형식의 중개,2026-04-28
투자일임업자,정의함,LOGICAL,금융위원회가 정하여 고시하는 요건을 갖춘 투자일임업자,제99조제2항제5호자목,0.95,정의함|투자일임업자,2026-04-28
금융위원회,권한을가짐,ACTION,투자일임업자,제99조제2항제5호자목,0.9,권한을가짐|금융위원회,2026-04-28
투자일임업자,제공,ACTION,금전ㆍ물품ㆍ편익,제99조제4항제4호,0.95,제공|금전ㆍ물품ㆍ편익,2026-04-28
투자일임업자,공시,ACTION,제공 내용 및 관련 정보,제99조제4항제4호,0.9,공시|제공 내용|인터넷 홈페이지,2026-04-28
투자일임업자,기록유지,ACTION,"제공목적, 제공내용, 제공일자, 제공받는자",제99조제4항제4호,0.9,기록유지|제공목적|제공내용|제공일자|제공받는자,2026-04-28
협회,정할 수 있다,ACTION,구체적 기준,제99조제4항제4호,0.85,정할 수 있다|구체적 기준,2026-04-28
금융위원회가 정하여 고시하는 기준,정의함,LOGICAL,금전ㆍ물품ㆍ편익,제99조제4항제4호,0.8,정의함|금융위원회가 정하여 고시하는 기준|금전ㆍ물품ㆍ편익,2026-04-28
행위,정의함,LOGICAL,금융위원회가 정하여 고시하는 행위,제99조제4항제7호,0.98,정의|행위|금융위원회|고시,2026-04-28
금융위원회,권한을가짐,STRUCTURE,행위 정의,제99조제4항제7호,0.95,권한|정의|행위,2026-04-28
금액,정의함,LOGICAL,계열회사 전체가 소유하는 그 투자일임업자의 의결권 있는 주식수를 그 투자일임업자의 의결권 있는 발행 주식 총수로 나눈 비율에 그 투자일임업자의 자기자본(자기자본이 자본금 이하인 경우에는 자본금을 말한 다)을 곱한 금액,110,0.95,금액|계열회사 전체|투자일임업자|자기자본|비율,2026-04-28
계열회사 전체,곱한,ACTION,자기자본,110,0.9,계열회사 전체|자기자본|곱한,2026-04-28
등록취소 회피 행위,정의함,LOGICAL,"고유재산, 이해관계인 또는 특수관계인의 재산만을 이용하거나, 허위 또는 이면계약 체결 등을 하는 행위",제373조제4항제1호,0.95,등록취소 회피 행위 정의|고유재산 이용|허위 계약 체결,2026-04-28
등록취소 회피 행위,참조함,STRUCTURE,제373조제4항제1호,제373조제4항제1호,0.9,제373조제4항제1호 참조,2026-04-28
등록취소 회피 행위,간주함,LOGICAL,등록취소를 회피하는 행위,제373조제4항제1호,0.9,등록취소 회피 행위 간주,2026-04-28
투자일임업자,요구함,ACTION,설명의무,19,0.95,설명의무|이행,2026-04-28
투자일임업자,금지함,ACTION,설명의무를 이행하지 않음,19,0.92,설명의무|이행,2026-04-28
설명의무,예외로함,LOGICAL,다음 각 목의 어느하나에 해당하는 경우,19,0.9,예외|조건,2026-04-28
자산구성형 개인종합자산관리계약,체결함,ACTION,자산구성형 개인종합자산관리계약,제98조제2항,0.9,자산구성형 개인종합자산관리계약,2026-04-28
자산구성형 개인종합자산관리계약,참조함,STRUCTURE,제98조제2항,제98조제2항,0.8,제98조제2항,2026-04-28
역외투자일임업자,체결,ACTION,투자일임계약,제100조제1항,0.95,투자일임계약|역외투자일임업자,2026-04-28
역외투자일임업자,근거함,STRUCTURE,제100조제1항,제100조제1항,0.9,제100조제1항,2026-04-28
투자일임업자와 투자자,이행하는,ACTION,설명의무,제19조,0.95,설명의무|이행,2026-04-28
투자일임업자와 투자자,알리고 제공한,ACTION,링크,제19조,0.9,설명의무|알림|링크 제공,2026-04-28
설명의무,정의함,STRUCTURE,제19조,제19조,0.9,설명의무|제19조,2026-04-28
전자적 투자조언장치,금지함,ACTION,전자적 투자조언장치 교체,제99조제1항제1호의2,0.95,전자적 투자조언장치 교체,2026-04-28
전자적 투자조언장치,예외로함,LOGICAL,"단순 수정, 개선",제99조제1항제1호의2,0.9,"단순 수정, 개선",2026-04-28
모델포트폴리오,금지함,ACTION,같은 금융상품을 편입,제98조제2항제2호,0.95,자산 배분 기준 초과 행위|자산 총액의 100분의 30 초과|편입|금융상품,2026-04-28
모델포트폴리오,금지함,ACTION,같은 종류의 금융상품군을 편입,제98조제2항제2호,0.95,자산 배분 기준 초과 행위|자산 총액의 100분의 50 초과|편입|금융상품군,2026-04-28
자산 배분 기준 초과 행위,예외로함,LOGICAL,불가피한 사유(파생결합증권의 평가금액 변동 등),제98조제2항제2호,0.9,불가피한 사유|파생결합증권|평가금액 변동,2026-04-28
투자일임 행위,금지함,ACTION,"공모로 발행되지 않은 집합투자증권, 파생결합증권, 부동산투자회사의 주식 또는 채권을 편입하는 행위",제 19조제1항제1호나목3),0.95,투자일임 행위|공모로 발행되지 않은 집합투자증권|파생결합증권|부동산투자회사의 주식|부동산투자회사의 채권,2026-04-28
투자일임 행위,금지함,ACTION,투자자의 동의를 받지 아니하고 투자일임재산에 편입된 금융투자상품의 가중평균만기를 투자일임 계약기간 보다 90일을 초과하여 운용하는 행위,제 19조제1항제1호나목3),0.95,투자일임 행위|투자자|투자일임재산|금융투자상품|가중평균만기|투자일임 계약기간,2026-04-28
투자일임 행위,금지함,ACTION,투자일임계약에 대해 리스크관리 기준을 마련하지 않는 행위,제 19조제1항제1호나목3),0.9,투자일임 행위|투자일임계약|리스크관리 기준,2026-04-28
투자일임 행위,금지함,ACTION,투자자에게 투자일임재산에 속하는 자산의 평가가액을 제공할 때 장부가 등 다른 방법으로 평가한 가액을 시 가보다 우선하여 제공하는 행위,제 19조제1항제1호나목3),0.95,투자일임 행위|투자자|투자일임재산|자산의 평가가액|장부가|시가,2026-04-28
투자일임 행위,예외로함,LOGICAL,모델포트폴리오(가장 낮은 위험등급),제 19조제1항제1호나목3),0.9,투자일임 행위|모델포트폴리오|가장 낮은 위험등급,2026-04-28
기준지표,정의함,LOGICAL,금융위원회가 정하여 고시하는 요건을 갖춘 기준지표,제99조의2제1항제2호가목,0.95,정의|기준지표|요건,2026-04-28
기준지표,정의함,LOGICAL,증권시장 또는 파생상품시장에서 널리 사용되는 공인된 지수,제99조의2제1항제2호가목,0.9,정의|기준지표|공인된 지수,2026-04-28
기준지표,정의함,LOGICAL,투자일임재산의 운용성과를 공정하고 명확하게 보여줄 수 있는 지수,제99조의2제1항제2호가목,0.9,정의|기준지표|투자일임재산|운용성,2026-04-28
기준지표,정의함,LOGICAL,검증가능하고 조작할 수 없는 지수,제99조의2제1항제2호가목,0.9,정의|기준지표|검증가능|조작불가,2026-04-28
기준 미달,정의함,LOGICAL,"금융위원회가 정하여 고시하는 기준에 미달하는 경우, 성과보수를 지급할 때 투자일임재산의 운용성과가 부(負)의 수익률을 나타내게 되는 경우",제99조의2제1항제2호다목,0.95,기준 미달|정의,2026-04-28
지급주기 및 지급시기,정한다,ACTION,연 1회,제99조의2제1항,0.95,지급주기 및 지급시기|연 1회,2026-04-28
지급주기 및 지급시기,정한다,ACTION,투자일임업자와 투자자간 합의한 시기,제99조의2제1항,0.9,지급주기 및 지급시기|투자일임업자와 투자자간 합의한 시기,2026-04-28
지급주기 및 지급시기,달리 정할 수 있다,ACTION,다른 지급주기 및 지급시기,제99조의2제1항,0.85,지급주기 및 지급시기|다른 지급주기 및 지급시기,2026-04-28
투자일임계약,정의함,LOGICAL,투자일임재산을 제4-20조의2제1항제1호에 따른 금융투자상품에 운용하지 않는 투자일임계약,제99조제4항제1호의2,0.95,정의함|금융위원회가 정하여 고시하는,2026-04-28
금융위원회,정하여 고시함,ACTION,투자일임계약,제99조제4항제1호의2,0.9,정의함|고시,2026-04-28
금융위원회가 정하여 고시하는 사항,정의함,LOGICAL,투자일임재산을 실제로 운용한 투자운용인력에 관한 사항,제100조제1항제5호,0.95,정의|금융위원회|고시,2026-04-28
금융위원회가 정하여 고시하는 사항,정의함,LOGICAL,성과보수에 관한 약정이 있을 경우 기준지표의 성과와 성과보수 지급내역,제100조제1항제5호,0.95,정의|금융위원회|고시,2026-04-28
금융위원회가 정하여 고시하는 사항,정의함,LOGICAL,투자자의 투자성향개요,제100조제1항제5호,0.95,정의|금융위원회|고시,2026-04-28
금융위원회가 정하여 고시하는 사항,정의함,LOGICAL,투자자가 부여한 각종 투자제한사항,제100조제1항제5호,0.95,정의|금융위원회|고시,2026-04-28
금융위원회가 정하여 고시하는 사항,정의함,LOGICAL,실제 적용된 투자전략과 시장상황분석,제100조제1항제5호,0.95,정의|금융위원회|고시,2026-04-28
금융위원회가 정하여 고시하는 사항,정의함,LOGICAL,운용과정에서 발생한 위험요소 분석,제100조제1항제5호,0.95,정의|금융위원회|고시,2026-04-28
금융위원회가 정하여 고시하는 사항,정의함,LOGICAL,"투자일임수수료, 증권거래세 등 총 발생비용 및 세부내역",제100조제1항제5호,0.95,정의|금융위원회|고시,2026-04-28
금융위원회가 정하여 고시하는 사항,정의함,LOGICAL,매매회전률,제100조제1항제5호,0.95,정의|금융위원회|고시,2026-04-28
금융위원회가 정하여 고시하는 사항,정의함,LOGICAL,성과보수 수취시 성과보수 부과기준 및 충족여부,제100조제1항제5호,0.95,정의|금융위원회|고시,2026-04-28
금융위원회가 정하여 고시하는 사항,정의함,LOGICAL,영,제100조제1항제5호,0.95,정의|금융위원회|고시,2026-04-28
투자일임업,활용하여,ACTION,전자적 투자조언장치,제99조제1항제1호의2,0.9,전자적 투자조언장치 활용|투자일임업 수행,2026-04-28
전자적 투자조언장치,운용,ACTION,투자일임재산,제99조제1항제1호의2,0.85,운용|투자일임재산,2026-04-28
전자적 투자조언장치,유지·보수,ACTION,전문인력,제99조제1항제1호의2,0.85,유지·보수|전문인력,2026-04-28
투자일임업자,허용함,ACTION,"전자우편, 인터넷 또는 모바일시스템, 그 밖에 이와 비슷한 전자통신 방법",제99조제1항제1호의2,0.95,전자적 투자조언장치 활용|전자통신 방법,2026-04-28
투자자,허용함,ACTION,대면ㆍ유선ㆍ서면ㆍ전자우편 등의 방법으로 투자일임재산의 운용과 관련한 지시,제99조제1항제1호의2,0.9,지시|투자일임재산 운용,2026-04-28
통지,허용함,ACTION,"서면, 전자우편, 인터넷 또는 모바일시스템, 그 밖에 이와 비슷한 전자통신 방법",제99조제1항제1호의2,0.85,통지|전자통신 방법,2026-04-28
투자일임업자,계약을 체결,ACTION,자산구성형 개인종합자산관리계좌 계약,제98조제2항,0.95,자산구성형 개인종합자산관리계좌 계약|투자일임업자,2026-04-28
모델포트폴리오,정의함,LOGICAL,제98조제2항제2호에 따라 마련한 모델포트폴리오,제98조제2항제2호,0.9,모델포트폴리오 정의,2026-04-28
금융감독원 장,보고함,ACTION,금융감독원 장,33-4,0.95,보고,2026-04-28
투자일임업자,체결한,ACTION,자산구성형 개인종합자산관리계좌 계약,제98조제2항,0.95,자산구성형 개인종합자산관리계좌 계약|체결,2026-04-28
투자일임업자,공시,ACTION,모델포트폴리오 정보,33조제2항,0.95,공시|모델포트폴리오 정보|각 투자자 유형에 따른 모델포트폴리오의 개수|각 모델포트폴리오에 포함되는 금융상품의 종류ㆍ비중ㆍ위험도 등 자산배분에 관한 사항|각 모델포트폴리오간 차이에 관한 사항|각 모델포트폴리오의 위험도 산정방식에 관한 사항,2026-04-28
역외투자자문업자 또는 역외투자일 임업자,포함해야 한다,ACTION,업무보고서,제101조제1항,0.95,업무보고서 포함사항|의무,2026-04-28
업무보고서,포함한다,ACTION,회사 개황 등에 관한 사항,제101조제1항,0.9,회사 개황|연혁|영업 개요|재무현황|주주|임원|전문인력|영업소 현황,2026-04-28
업무보고서,포함한다,ACTION,영업에 관한 사항,제101조제1항,0.9,투자자문 담당자|일임계약 현황,2026-04-28
그 계약,정하다,ACTION,"투자 원칙 및 구성비율, 위험수준, 비교지표, 평가방법",101조제5항,0.95,투자 원칙|구성비율|위험수준|비교지표|평가방법,2026-04-28
그 계약,금지함,ACTION,내용 변경,101조제5항,0.95,서면 동의|변경,2026-04-28
금융감독원장,정한다,ACTION,서식 및 작성 방법 등에 관한 필요한 사항,제101조제1항,0.95,서식|필요한 사항,2026-04-28
집합교육,정의함,LOGICAL,"협회가 다음 각 호의 사항을 내용으로 실시하는 교육으로, 대상은 유사투자자문업을 하려는 자 또는 법인의 대표자",제101조제7항,0.95,집합교육 정의|협회 교육 내용|대상자,2026-04-28
집합교육,예외로함,LOGICAL,천재지변 등 불가피한 사유로 집합교육을 실시하기 곤란한 경우 전자통신 등의 방법으로 교육을 실시할 수 있다,제101조제7항,0.9,집합교육 예외|전자통신 교육 방법,2026-04-28
협회,정함,ACTION,제1항에 따른 교육,제101조에 따른 사항 2,0.95,정함|제1항에 따른 교육,2026-04-28
협회,요구함,ACTION,제1항에 따른 교육을 유사투자자문업을 신고하려는 날 전 1년 이내의 기간 중에 이수,제101조에 따른 사항 2,0.95,교육 이수|1년 이내|신고일 전,2026-04-28
협회,교부함,ACTION,이수일이 기재된 교육이수증,제101조에 따른 사항 2,0.95,교육이수증|이수일 기재,2026-04-28
제1항에 따른 교육,정의함,LOGICAL,유사투자자문업을 신고하려는 날 전 1년 이내의 기간 중에 이수,제101조에 따른 사항 2,0.9,교육 이수|1년 이내|신고일 전,2026-04-28
신탁업자,보고하여야 한다,ACTION,금융감독원장,제371조제3항제13호,0.95,신탁업 업무 변경|보고,2026-04-28
신탁업자,서류 첨부하여야 한다,ACTION,서류,제371조제3항제13호,0.9,신탁업 업무 변경|서류 첨부,2026-04-28
금융위원회가 정하여 고시하는 사유,정의함,LOGICAL,조세특례제한법 등에서 소득세 납부의무가 면제되는 신탁으로서 중도해지하는 경우,104조제4항,0.95,정의함|사유,2026-04-28
금융위원회가 정하여 고시하는 사유,정의함,LOGICAL,신탁업자가 합병하거나 경영합리화 등을 위해 영업점을 통·폐합 또는 이전함에 따라 수익자가 거래불편 등 을 이유로 신탁계약을 중도해지하는 경우,104조제4항,0.95,정의함|사유,2026-04-28
금융위원회가 정하여 고시하는 사유,정의함,LOGICAL,제4-93조제1호의 불건전 영업행위를 시정하기 위하여 신탁계약을 중도해지하는 경우,104조제4항,0.95,정의함|사유,2026-04-28
특정금전신탁의 경우,정의함,LOGICAL,각 호의 어느 하나에 해당하는 경우,104조제6항,0.95,특정금전신탁의 경우|각 호의 어느 하나에 해당하는 경우|근로자퇴직급여 보장법에 따라 신탁재산으로 퇴직연금 적립금을 운용하는 경우|영상통화로 금융소비자 보호에 관한 법률,2026-04-28
위탁자,요구함,ACTION,계약서에 전자적 방식을 통해 직접 적도록,제19조,0.95,설명의무|특정금전신탁 계약 체결,2026-04-28
위탁자,요구함,ACTION,계약서에 전자적 방식을 통해 직접 적도록 (운용방법 변경),제19조,0.9,설명의무|운용방법 변경,2026-04-28
제2조제2호,포함한다,ACTION,전자서명,제2조제2호,0.92,전자서명|포함,2026-04-28
기명날인 또는 녹취,확인받는다,ACTION,전자서명,제2조제2호,0.85,기명날인|녹취|확인,2026-04-28
제104조제6항제2호나목 1)부터 3)까지의 경우,제한함,ACTION,그 변경내용을 전자적 방식을 통해 직접 적도록,Unknown,0.85,제104조제6항제2호나목 1)부터 3)까지의 경우|그 변경내용|전자적 방식을 통해 직접 적도록,2026-04-28
특정금전신탁의 특정한 상품,정의함,LOGICAL,제4-93조제10호에 따른 특정금전신탁 의 특정한 상품,Unknown,0.9,특정금전신탁의 특정한 상품|제4-93조제10호에 따른 특정금전신탁 의 특정한 상품,2026-04-28
협회,요구함,ACTION,"운용방법, 보수율",제36조제7항,0.95,공시|운용방법|보수율|분기별|인터넷 홈페이지,2026-04-28
금융위원회,정의함,LOGICAL,방법,제106조제5항제1호다목,0.95,정의함|방법,2026-04-28
방법,정의함,LOGICAL,제4-87조제1항제1호 또는 제2호에 따른 운용,제106조제5항제1호다목,0.9,정의함|운용,2026-04-28
금융기관,예치,ACTION,제4-84조(불특정금전신탁의 신탁재산운용),제106조제2항,0.9,예치|제4-84조,2026-04-28
금융위원회가 정하여 고시하는 자,정의함,LOGICAL,제4-87조제1항제5호가목부터 다목까지의 자,106조제5항제2호가목,0.95,정의|자,2026-04-28
금융위원회가 정하여 고시하는 자,정의함,LOGICAL,투자매매업자ㆍ투자중개업자,106조제5항제2호가목,0.95,정의|자,2026-04-28
금융위원회가 정하여 고시하는 자,정의함,LOGICAL,여신전문금융회사,106조제5항제2호가목,0.95,정의|자,2026-04-28
금융위원회가 정하여 고시하는 자,참조함,STRUCTURE,제4-87조제1항제5호가목부터 다목까지,106조제5항제2호가목,0.9,참조|정의,2026-04-28
신탁업자,요구함,ACTION,대출로 운용할 때 동일한 개인 또는 법인에 대한 대출은 전 회계연도말 불특정금전신탁 수탁고 잔액의 100분의 5를 초과하지 아니할 것,106조제5항제2호마목,0.92,신탁재산 운용|대출|한도,2026-04-28
신탁업자,예외로함,LOGICAL,당해 신탁업자의 고유계정에 대한 일시적인 자금의 대여,106조제5항제2호마목,0.85,고유계정|일시적 자금 대여|제약,2026-04-28
신탁업자,예외로함,LOGICAL,전 회계연도말 불특정금전신탁 수탁고 잔액의 100분의 10 이내에서 법,106조제5항제2호마목,0.8,불특정금전신탁|수탁고 잔액|한도,2026-04-28
단기자금 대여,정의함,LOGICAL,자금중개회사의 중개를 거쳐 행하는 단기자금의 대여,355,0.8,단기자금 대여 정의,2026-04-28
자금중개회사,요구함,ACTION,대여거래 총액이 신탁재산의 50% 이하,355,0.9,대여거래 총액 제한|신탁재산 50%,2026-04-28
자금중개회사,금지함,ACTION,"신탁재산으로 증권 차입 (단, 중도상환 요청기간 중 결제 목적 시 예외)",355,0.85,신탁재산 차입 금지|중도상환 요청기간 예외,2026-04-28
신탁업자,요구함,ACTION,신탁자금 운용방법,제106조제5항제3호,0.95,특정금전신탁|운용,2026-04-28
신탁업자,요구함,ACTION,신탁자금 운용방법을 신탁계약서에 명시,제106조제5항제3호,0.95,신탁자금 운용방법|신탁계약서,2026-04-28
신탁업자,요구함,ACTION,법령에서 정하고 있는 범위에서 신탁자금 운용방법을 지정받기,제106조제5항제3호,0.92,신탁자금 운용방법|법령 범위,2026-04-28
신탁업자,허용함,ACTION,제4-87조제1항제1호 또는 제2호에서 정하는 방법으로 운용,제106조제5항제3호,0.9,대안 운용방법,2026-04-28
수탁자,이내여야 한다,ACTION,사업 소요자금,제103조제4항,0.95,수탁금액과 자금차입 금액 합산 금액|사업 소요자금,2026-04-28
대출,정의한다,LOGICAL,대출 범위,제106조제5항제3호,0.95,대출 범위 정의,2026-04-28
대출 범위 1,정의한다,LOGICAL,당해 신탁업자의 고유계정에 대한 일시적인 자금의 대여,제106조제5항제3호,0.9,고유계정 대여 정의|금액/시간 제약,2026-04-28
자금중개회사,대여,ACTION,단기자금,355,0.95,단기자금 대여|자금중개회사,2026-04-28
자금중개회사의 대여,한도제한,ACTION,전 회계연도말 신탁 수탁 고 잔액의 10%,355,0.9,한도제한|신탁 수탁 잔액,2026-04-28
단기자금 대여,포함함,LOGICAL,신용대출,355,0.8,신용대출|단기자금 대여 포함,2026-04-28
단기자금 대여,포함함,LOGICAL,저당권 또는 질권에 따라 담보되는 대출,355,0.8,저당권 담보 대출|단기자금 대여 포함,2026-04-28
단기자금 대여,포함함,LOGICAL,원리금 지급 보증 대출,355,0.8,보증 대출|단기자금 대여 포함,2026-04-28
금융기관,정의함,LOGICAL,보증보험회사,제7조의2,0.95,금융기관 정의,2026-04-28
금융기관,정의함,LOGICAL,신용보증기금,제7조의2,0.95,금융기관 정의,2026-04-28
금융기관,정의함,LOGICAL,기술신용보증기금,제7조의2,0.95,금융기관 정의,2026-04-28
금융기관,정의함,LOGICAL,주택금융신용보증기금,제7조의2,0.95,금융기관 정의,2026-04-28
금융기관,정의함,LOGICAL,건설산업기본법,제7조의2,0.85,금융기관 정의,2026-04-28
공제조합,허용함,ACTION,사모사채 매수,제54조,0.9,사모사채 매수|공제조합,2026-04-28
투자매매업자 또는 투자중개업자,예외로함,LOGICAL,단기사채 매수,제54조,0.8,투자매매업자|투자중개업자|신탁업|단기사채 매수,2026-04-28
투자매매업자,예외로함,LOGICAL,사모사채 매수,제54조,0.8,투자매매업자|사업자금조달|금융투자상품 판매|사모사채 매수,2026-04-28
사채,정의함,LOGICAL,제469조제2항제 3호에 따른 사채의 경우로서 법,제469조제2항제 3호,0.95,사채 정의,2026-04-28
신탁업자,매수,ACTION,사채권,제4조제7항제1호,0.9,사채권 매수|신탁업자,2026-04-28
어음,해당하여야 한다,ACTION,다음 각 호의 어느 하나,제106조제5항제3호,0.95,어음 매수|신탁재산 운용|금융기관|법인,2026-04-28
신탁업자,설치·운영할 수 있다,ACTION,시가평가위원회,제106조제5항제2호,0.95,시가평가위원회|설치·운영,2026-04-28
시가평가위원회,수행한다,ACTION,가산금리 결정,제106조제5항제2호,0.9,가산금리 결정|업무,2026-04-28
시가평가위원회,정의함,LOGICAL,이 장에서 '시가평가위원회'라 한다,제106조제5항제2호,0.9,정의|시가평가위원회,2026-04-28
신탁업자,정할 수 있다,ACTION,시가평가위원회의 운용 등에 관한 세부기준,제263조,0.9,신탁업자|시가평가위원회|운용|세부기준,2026-04-28
금융위원회가 정하여 고시하는 방법,정의함,LOGICAL,신탁업자가 금액의 규모 또는 시간의 제약으로 인하여 다른 방법으로 운용할 수 없는 경우에 한하여 당해 신탁업자의 고유계정에 일시적으로 자금을 대여하는 방법으로 운용하는 것을 말한다.,제107조제2항제3호,0.95,정의|금융위원회|신탁업자|자금|대여,2026-04-28
신탁업자,대여함,ACTION,자금,제107조제2항제3호,0.9,신탁업자|대여|자금,2026-04-28
"발행조건, 거래절 차 등의 기준",정의함,LOGICAL,"신탁업자가 모집의 방법으로 발행되는 채권을 청약을 통하여 매수하며, 그 매수금액이 발행금액의 100분의 30을 초과하지 아니할 것",제109조제1항제2호의2,0.95,발행조건|신탁업자|매수금액,2026-04-28
"발행조건, 거래절 차 등의 기준",정의함,LOGICAL,거래시점을 기준으로 신용평가업자로부터 최상위등급 또는 최상위등급의 차하위등급 이내의 신용등급을 받은 채권일 것,제109조제1항제2호의2,0.95,신용평가업자|신용등급|채권,2026-04-28
"발행조건, 거래절 차 등의 기준",정의함,LOGICAL,제1호의 거래를 수행한 경우에는 그 사항에 대하여 준법감시인의 확인을 받을 것,제109조제1항제2호의2,0.9,준법감시인|확인,2026-04-28
"발행조건, 거래절 차 등의 기준",정의함,LOGICAL,"관계인수인으로부터 매수한 채권의 종목, 수량 등 거래내역을 협회가 정하는 방법과 절차에 따라 매분기별로 공시할 것",제109조제1항제2호의2,0.9,관계인수인|공시|협회,2026-04-28
자전거래,정의함,LOGICAL,같은 신탁업자가 운용하는 신탁재산 상호 간 에 자산을 동시에 한쪽이 매도하고 다른 한쪽이 매수하는 거래,제109조제1항제3호,0.99,자전거래 정의,2026-04-28
신탁업자,요구함,ACTION,자전거래 시 조건 1(불가피성 인정 또는 서면·전화녹취 동의) 충족,제109조제1항제3호,0.95,자전거래|조건 1,2026-04-28
신탁업자,요구함,ACTION,자전거래 시 조건 2(부도채권 등 부실화된 자산이 아님) 충족,제109조제1항제3호,0.95,자전거래|조건 2,2026-04-28
신탁업자,요구함,ACTION,자전거래 시 조건 3(수익자 이익에 반하지 않는 거래) 충족,제109조제1항제3호,0.95,자전거래|조건 3,2026-04-28
신탁업자,요구함,ACTION,자전거래 시 조건 4(신탁약관의 투자목적 및 방침에 부합) 충족,제109조제1항제3호,0.95,자전거래|조건 4,2026-04-28
신탁업자,요구함,ACTION,운용자산을 자전거래 시 시장가격을 적용하여 처분(시장매각 곤란 시) 수행,제109조제1항제3호,0.9,자전거래|시장가격 적용,2026-04-28
제109조제1항제3호,근거함,STRUCTURE,법제처 114 국가법령정보센터 금융투자업규정,제109조제1항제3호,0.92,법제처 114|금융투자업규정,2026-04-28
금융위원회,인정함,ACTION,인정받은 상태,109조제1항제3호나목,0.9,인정|인정받다,2026-04-28
시장성 없는 자산,적정한 가격을 적용해야함,ACTION,시장가격에 준하는 적정한 가격,109조제1항제3호나목,0.8,시장성 없는 자산|적정한 가격|채권 평가충당금,2026-04-28
신탁업자,세부기준을 마련해야함,ACTION,자전거래와 관련된 세부기준,109조제1항제3호나목,0.85,자전거래|세부기준,2026-04-28
신탁업자,자료를 보관해야함,ACTION,자전거래 관련 자료 (5년간),109조제1항제3호나목,0.85,자전거래|자료 보관|5년,2026-04-28
방법,정의함,LOGICAL,이해관계인이 일정수수료만을 받고 신탁업자와 이해관계인이 아닌 자 간의 투자대상자산의 매매를 연결시켜 주는 방법,제109조제1항제4호,0.95,정의|연결시켜 주는 방법,2026-04-28
매매형식의 중개,정의함,LOGICAL,"신탁업자가 채무증권, 원화 표시된 양도성 예금증서 또는 어음(기업어음증권 제외)을 이해관계인과 거래하고, 이해관계인에게 지급한 중개수수료를 감안하지 않을 때 거래의 실질이 중개의 위탁으로 볼 수 있으며, 이해관계인이 신탁업자로부터 매매 또는 중개의 위탁을 받아 신탁업자 또는 제3자로부터 매입한 채권 등을 지체 없이 제3자 또는 신탁업자에 매도하는 경우",제109조제1항제4호바목,0.9,매매형식의 중개|신탁업자|이해관계인|중개수수료|채무증권|양도성 예금증서|어음|기업어음증권|위탁|매도,2026-04-28
금융위원회가 정하여 고시하는 거래,정의함,LOGICAL,근로자퇴직급여 보장법에 따른 특정금전신탁의 경우 같은 법,제109조제1항제4호차목,0.95,정의함|특정금전신탁,2026-04-28
금융위원회가 정하여 고시하는 거래,준용함,STRUCTURE,근로자퇴직급여 보장법에 따른 특정금전신탁의 경우 같은 법,제109조제1항제4호차목,0.9,준용함|근로자퇴직급여 보장법,2026-04-28
원리금보장 운용방법,정의함,LOGICAL,신탁재산으로 이해관계인의 원리금 지급을 보장하는 고유재산과 거래하는 행위,제30조제2항제4호,0.95,원리금보장 운용방법|신탁재산|이해관계인|원리금 지급|고유재산|거래,2026-04-28
원리금보장 운용방법,참조함,STRUCTURE,제30조제2항제4호,제30조제2항제4호,0.9,제30조제2항제4호|원리금보장 운용방법,2026-04-28
신탁업자,요구함,ACTION,공시,제109조제3항제4호,0.95,공시|신탁업자|수익자,2026-04-28
신탁업자,요구함,ACTION,기록유지,제109조제3항제4호,0.95,기록유지|제공목적|제공내용|제공일자|제공받는자,2026-04-28
신탁업자,제공함,ACTION,수익자,제109조제3항제4호,0.9,제공|수익자|금전ㆍ물품ㆍ편익,2026-04-28
신탁업자,수급함,ACTION,수익자,제109조제3항제4호,0.9,수급|수익자|금전ㆍ물품ㆍ편익,2026-04-28
신탁업자,포함함,LOGICAL,임직원,제109조제3항제4호,0.9,임직원|신탁업자,2026-04-28
수익자,포함함,LOGICAL,임직원,제109조제3항제4호,0.9,임직원|수익자,2026-04-28
거래상대방,포함함,LOGICAL,임직원,제109조제3항제4호,0.9,임직원|거래상대방,2026-04-28
제1항에 따른 금전ㆍ물품ㆍ편익,정의함,LOGICAL,일반인이 통상적으로 이해하는 수준에 반하지 않는 것,제109조제3항제4호,0.95,정의|금전ㆍ물품ㆍ편익|일반인,2026-04-28
협회,허용함,ACTION,구체적 기준 정하기,제109조제4항,0.9,협회|구체적 기준,2026-04-28
신탁업자,금액초과,LOGICAL,10억원,제109조제3항제4호,0.9,10억원|금액초과,2026-04-28
신탁업자,정의함,LOGICAL,다음 각 호의 어느 하나에 해당하는 신탁업자,제109조제3항제5호나목,0.95,정의|신탁업자,2026-04-28
신탁업자,인수,ACTION,다른 투자매매업자 또는 투자중개업자,제109조제3항제5호나목,0.85,인수|합병|자본조건,2026-04-28
신탁업자,정의함,LOGICAL,최대주주가 인수한 투자매매업자 또는 투자중개업자의 자기자본이 1천억원 이상이면서 최대주주가 당초 소유하고 있던 신탁업자의 자기자본의 100분의 20 이상인 경우,제109조제3항제5호나목,0.8,정의|자본조건|최대주주,2026-04-28
금융위원회가 정하여 고시하는 금액,정의함,LOGICAL,3천만원,제109조제3항제10호가목1,0.95,정의|금액,2026-04-28
금융위원회가 정하여 고시하는 행위,정의함,LOGICAL,다음 각 호의 어느 하나에 해당하는 행위,제109조제3항제11호,0.95,정의|행위,2026-04-28
금융위원회가 정하여 고시하는 행위,정의함,LOGICAL,"신탁대출, 증권의 매입 등 신탁자금의 운용과 관련하여 신탁, 예ㆍ적금, 집합투자증권, 보험 등 고유부문 취급 금융상품 판매 또는 가입을 강요함으로써 차주 등의 자금사용을 제한하거나 금융비용을 가중시키는 행위",제109조제3항제11호,0.95,정의|행위,2026-04-28
금융위원회가 정하여 고시하는 행위,정의함,LOGICAL,"특정금전신탁에 속하는 금전으로 당해 신탁에 가입한 위탁자 또는 그 계열회사 발행주식, 어음, 회사채를 취득 하거나 위탁자 또는 그 계열회사에 대출하는 행위",제109조제3항제11호,0.95,정의|행위,2026-04-28
위탁자,금지함,ACTION,기업어음,106조제5항제1호,0.9,신탁자금 운용|운용지시 없이 취득,2026-04-28
투자중개업자,금리 차등을 금지함,ACTION,예금의 금리,제109조제1항제4호아목,0.95,불합리한 차등 행위|금리 차등,2026-04-28
투자중개업자,수수료 차별을 금지함,ACTION,투자중개업자간 수수료,제109조제1항제4호아목,0.92,불합리한 차등 행위|수수료 차별,2026-04-28
투자중개업자,합리적 기준 없이 매매주문 처리 금지,ACTION,신탁재산에 대한 매매주문 처리,제109조제1항제4호아목,0.9,합리적 기준 없이|매매주문 처리,2026-04-28
신탁재산,예외로함,LOGICAL,자기주식 취득,제106조제5항제1호,0.95,신탁재산|자기주식 취득,2026-04-28
신탁업자,금지함,ACTION,신탁재산을 거래일과 결제일이 동일한 자산으로 운용하지 않는 행위,제20조,0.95,수시입출방식 신탁계약|신탁재산 운용,2026-04-28
신탁업자,금지함,ACTION,신탁재산으로 운용할 수 있는 채무증권을 취득시점을 기준으로 신용평가업자의 신용평가등급이 둘 이상의 신용평가업 등급 이하인 채무증권을 운용하는 행위,제20조,0.9,수시입출방식 신탁계약|채무증권 운용,2026-04-28
수시입출방식 신탁계약,정의함,LOGICAL,신탁계약을 체결하고 신탁재산을 운용하는 방식,제20조,0.85,수시입출방식|신탁계약|신탁재산 운용,2026-04-28
설명서 교부 불이행 행위,금지함,ACTION,설명서 교부,제19조,0.95,설명서 교부 불이행 행위|설명서 교부,2026-04-28
설명서,정의함,LOGICAL,협회가 정한 내용,제19조,0.85,설명서|협회가 정한 내용,2026-04-28
고난도금융투자상품,정의함,LOGICAL,제2조제7호,제2조제7호,0.95,고난도금융투자상품|제2조제7호,2026-04-28
투자자,제공함,ACTION,해당 고난도금융투자상품에 대한 영수증,제2조제7호,0.85,투자자|고난도금융투자상품|영수증,2026-04-28
신탁업자,금지함,ACTION,수익권,제4-90조제1항,0.95,자전거래 회피|양도 또는 계약이전,2026-04-28
신탁계약,정의함,LOGICAL,신탁계약 관련 금지행위,제401조의2 제1항,0.95,신탁계약|금지행위,2026-04-28
신탁계약,금지함,ACTION,선임 또는 겸직하게 하거나 파견 받아 근무하게 하는 행위,제401조의2 제1항,0.9,선임|겸직|파견,2026-04-28
신탁계약,금지함,ACTION,투자자의 동의를 받지 아니하고 신탁재산에 편입된 금융투자상품의 가중평균만기를 신탁 계약기간보다 90일을 초과하여 운용하는 행위,제401조의2 제1항,0.95,가중평균만기|투자자 동의|신탁재산,2026-04-28
신탁계약,금지함,ACTION,리스크관리 기준을 마련하지 않는 행위,제401조의2 제1항,0.9,리스크관리 기준|신탁계약,2026-04-28
신탁계약,금지함,ACTION,시가보 다 우선하여 제공하는 행위,제401조의2 제1항,0.9,평가가액|시가보 다|신탁재산,2026-04-28
수탁자,요구함,ACTION,신탁보수의 수취 방법과 각 방법에 따른 보수의 차이 등을 투자자가 이해할 수 있도록 설명하고 투자자가 이를 선택할 수 있도록 함,제104조제5항,0.95,신탁보수|설명|투자자 이해|선택권,2026-04-28
수탁자,금지함,ACTION,신탁보수 수취 방법을 설명하지 않음,제104조제5항,0.9,신탁보수|설명 부재|금지,2026-04-28
금융위원회가 정하여 고시하는 금전신탁계약,정의함,LOGICAL,신탁재산을 제4-20조의2제1항제1호에 따른 금융투자상품에 운용하지 않는 신탁계약,제109조제3항제1호의2,0.95,정의|금전신탁계약,2026-04-28
금융위원회가 정하여 고시하는 금전신탁계약,정의함,LOGICAL,퇴직연금제도의 설정을 위하여 근로자퇴직급여보장법,제109조제3항제1호의2,0.95,정의|금전신탁계약,2026-04-28
금융위원회가 정하여 고시하는 금전신탁계약,참조함,STRUCTURE,제4-20조의2제1항제1호,제109조제3항제1호의2,0.9,참조|제4-20조의2제1항제1호,2026-04-28
금융위원회가 정하여 고시하는 금전신탁계약,참조함,STRUCTURE,근로자퇴직급여보장법,제109조제3항제1호의2,0.9,참조|근로자퇴직급여보장법,2026-04-28
금전신탁계약,정의함,LOGICAL,제29조제2항에 따라 체결하는 계약,제29조제2항,0.95,금전신탁계약|제29조제2항에 따라 체결하는 계약,2026-04-28
금전신탁계약,참조함,STRUCTURE,제29조제2항,제29조제2항,0.9,제29조제2항,2026-04-28
금융위원회가 정하여 고시하는 사항,정의함,LOGICAL,위탁자가 신탁재산인 금전의 운용방법을 지정하고 수탁자는 지정된 운용방법에 따라 신탁재산을 운용한다는 사실,110조제7호,0.95,정의함|운용방법|신탁재산,2026-04-28
금융위원회가 정하여 고시하는 사항,정의함,LOGICAL,"특정금전신탁계약을 체결한 투자자는 신탁계약에서 정한 바에 따라 특정금전신탁재산의 운용방법을 변경지정 하거나 계약의 해지를 요구할 수 있으며, 신탁회사는 특별한 사유가 없는 한 투자자의 운용방법 변경지정 또는 계약의 해지 요구에 대하여 응할 의무가 있다는 사실",110조제7호,0.95,정의함|운용방법|해지|의무,2026-04-28
금융위원회가 정하여 고시하는 사항,정의함,LOGICAL,"특정금전신탁계약을 체결한 투자자는 자기의 재무상태, 투자목적 등에 대하여 신탁회사의 임ㆍ직원에게 상담을 요청할 수 있으며, 신탁업자의 임직원은 그 상담요구에 대하여 응할 준비가 되어 있다는 사실",110조제7호,0.95,정의함|상담|임직원|준비,2026-04-28
금융위원회가 정하여 고시하는 사항,정의함,LOGICAL,특정금전신탁재산의 운용내역 및 자산의 평가가액을 투자자가 조회할 수 있다는 사실,110조제7호,0.95,정의함|조회|운용내역|평가가액,2026-04-28
금융위원회,정하고 고시하는,ACTION,금융위원회가 정하여 고시하는 사항,110조제7호,0.9,정하고 고시하는|금융위원회|정의,2026-04-28
신탁업자,비치,ACTION,회계감사보고서,제118조제6항,0.95,회계감사보고서 비치|수익자 열람,2026-04-28
신탁업자,갈음할 수 있다,ACTION,인터넷 홈페이지에 게재,제118조제6항,0.95,비치 갈음|인터넷 홈페이지 게재,2026-04-28
신탁업자,응하여야 한다,ACTION,수익자 열람 요청,제118조제6항,0.95,수익자 열람 요청 응답,2026-04-28
등록신청서등,제출,ACTION,금융위원회,제5조제3항 및 제4항,0.95,등록신청서등|제출,2026-04-28
금융위원회,거부할 수 없음,ACTION,등록,제5조제3항 및 제4항,0.9,허위의 기재|등록 거부 불가,2026-04-28
금융위원회,준용함,STRUCTURE,담보부사채신탁법,제5조제3항 및 제4항,0.8,준용|법적 근거,2026-04-28
금융위원회,교부,ACTION,등록증,제5조제5항,0.95,등록증 교부|신청인에게,2026-04-28
금융위원회,요청하게 할 수 있다,ACTION,금융감독원장,제5조제5항 ③,0.9,기재누락|경미한 오류|보완 요청,2026-04-28
금융위원회,알려야 한다,ACTION,신청인,제5조제5항 ④,0.9,등록 거부|지체 없이|알려야 한다,2026-04-28
담보부사채신탁업,허용함,ACTION,업무,제5조제1항,0.95,등록된 범위내에서|신탁업에 부수하는 업무,2026-04-28
담보부사채신탁업,참조함,STRUCTURE,제5조제1항,제5조제1항,0.9,제5조제1항에 따라,2026-04-28
대표자,요구함,ACTION,금융감독원장,제11조제4항,0.99,대표자 신고|신고 의무,2026-04-28
제11조제4항,근거함,STRUCTURE,대표자 신고,제11조제4항,0.95,제11조제4항|대표자 신고,2026-04-28
담보부사채신탁업자,준용함,LOGICAL,담보부사채신탁법,제11조제4항,0.8,담보부사채신탁업자|담보부사채신탁법,2026-04-28
신탁업무,요구함,ACTION,금융감독원장,제89조제2항,0.95,신탁업무 승계 신고|제출,2026-04-28
신탁업무,요구함,ACTION,승계계약서 사본 및 신탁업무에 관한 계산서,제89조제2항,0.9,신탁업무 승계 신고|서류 첨부,2026-04-28
신탁업무 인계자,요구함,ACTION,문서,제93조제2항,0.95,신탁업무 인계|신고|문서,2026-04-28
신탁업무 인계자,요구함,ACTION,금융 감독원장,제93조제2항,0.95,신탁업무 인계|신고|금융 감독원장,2026-04-28
준용,준용함,ACTION,제33조제1항,제33조제1항,0.95,준용|제33조제1항,2026-04-28
업무보고서,첨부,ACTION,사채명세서,제33조제1항,0.95,사채명세서 첨부|업무보고서 제출,2026-04-28
업무보고서,제33조제1항에 따라,STRUCTURE,사채명세서 첨부,제33조제1항,0.9,사채명세서 첨부|제33조제1항,2026-04-28
종합금융투자사업자,정의함,LOGICAL,제77조의2제1항에 따른 종합금융투자사업자의 지정을 받은 자,제77조의2제1항,0.95,정의|종합금융투자사업자,2026-04-28
종합금융투자사업자,참조함,STRUCTURE,제77조의2제1항,제77조의2제1항,0.9,참조|제77조의2제1항,2026-04-28
종합금융투자사업자,이행,ACTION,법,제69조제2항,0.95,이행|법,2026-04-28
종합금융투자사업자,준용,STRUCTURE,제69조제2항,제69조제2항,0.9,제69조제2항에 따라,2026-04-28
일반 사모집합투자기구등,제공받는다,ACTION,전담중개업무,제6조제10항,0.95,전담중개업무|제공받는다,2026-04-28
전담중개업무,정의함,LOGICAL,"전담중개업무(이하 ""전담중개업무""라 한다)",제6조제10항,0.9,전담중개업무|정의,2026-04-28
전담신용거래,정의함,LOGICAL,전담신용거래융자 또는 전담신용거래대주를 받아 결제하는 거래,제6조제10항,0.95,전담신용거래|전담신용거래융자|전담신용거래대주,2026-04-28
전담신용거래융자,정의함,LOGICAL,증권의 매매거래를 위하여 일반 사모집합투자기구등에게 제공하는 매수대금의 융자,제6조제10항,0.95,전담신용거래융자|전담신용거래,2026-04-28
전담신용거래대주,정의함,LOGICAL,매도증권의 대여,제6조제10항,0.95,전담신용거래대주|전담신용거래,2026-04-28
담보,정의함,LOGICAL,"종합금융투자사업자가 일반 사모집합투자기구등에 대하여 신용공여하면서 그 채무의 이행을 확보하기 위하여 인출제한, 질권 취득 등의 조치를 취하거나 제삼자에 대하여 담보, 대여 및 환매조건부매매 등의 거래를 할 수 있는 대상이 되는 증권 또는 현금 등을 말한다",제6조제10항,0.95,담보|전담신용거래,2026-04-28
전담신용공여금액,정의함,LOGICAL,"종합금융투자사업자가 일반 사모집합투자기구등에 대하여 제공한 투자자재산담보융자금, 전담신용거래융자금, 전담신용거래대주 시가상당액을 말한다",제6조제10항,0.95,전담신용공여금액|전담신용거래융자|전담신용거래대주|투자자재산담보융자,2026-04-28
손실준비금,정의함,LOGICAL,"종합투자계좌업무를 영위하는 종합금융투자사업자가 종합투자계좌 수탁금의 운용자산에서 발생할 수 있는 손실에 대비하기 위하여 자신의 고유계정에 적립하는 금액이며, 당기손익에 반영되는 금액",제77조의6제1항제3호,0.99,손실준비금|적립|당기손익,2026-04-28
종합투자계좌업무를 하는 자,적립함,ACTION,손실준비금,제77조의6제1항제3호,0.99,손실준비금|적립,2026-04-28
손실준비금,근거함,STRUCTURE,제77조의6제1항제3호,제77조의6제1항제3호,0.95,근거,2026-04-28
금융위원회가 정하여 고 시하는 방법,정함,LOGICAL,정의된 개념,제77조의5제2항제1호,0.95,정의함|금융위원회|방법,2026-04-28
기업,보고하여야 한다,ACTION,금융감독원장,제77조의3제3항제1호,0.95,신용공여 현황 보고,2026-04-28
종합금융투자사업자,보고할 수 있다,ACTION,금융감독원장,제77조의3제3항제1호,0.9,신용공여 현황 보고,2026-04-28
매매금액 또는 매매수량 기준,정의함,LOGICAL,금융위원회가 정하여 고시하는 매매금액 또는 매매수량 기준,제77조의6제1항제1호가목,0.95,정의|매매금액 기준|매매수량 기준,2026-04-28
금융위원회,정하여 고시함,ACTION,매매금액 또는 매매수량 기준,제77조의6제1항제1호가목,0.9,고시|정의,2026-04-28
매매금액 또는 매매수량 기준,기준이됨,LOGICAL,증권시장에 상장된 주권인 경우 매매주문 금액이 1억원 이상인 것,제77조의6제1항제1호가목,0.85,상장 주권|매매주문 금액|1억원 이상,2026-04-28
매매금액 또는 매매수량 기준,기준이됨,LOGICAL,증권시장에 상장되지 않은 주권인 경우 매매주문 금액이 1원 이상인 것,제77조의6제1항제1호가목,0.85,비상장 주권|매매주문 금액|1원 이상,2026-04-28
기업금융 관련 자산,정의함,LOGICAL,다음 각 호의 어느 하나에 해당하는 것,제77조의6제1항제3호,0.95,기업금융 관련 자산 정의|다음 각 호의 어느 하나에 해당하는 것,2026-04-28
신용공여 업무,정의함,LOGICAL,제77조의3제3항제1호에 따른 기업에 대한 신용공여 업무,Unknown,0.9,신용공여 업무|제77조의3제3항제1호,2026-04-28
신용공여 업무,참조함,STRUCTURE,제77조의3제3항제1호,Unknown,0.9,신용공여 업무|제77조의3제3항제1호,2026-04-28
기업,취득함,ACTION,대출채권 또는 어음,Unknown,0.8,신용공여 업무|대출채권|어음,2026-04-28
발행인 또는 인수인,직접 취득함,ACTION,발행인이 기업인 증권,Unknown,0.7,발행인|인수인|기업인 증권,2026-04-28
특수목적기구,보유함,ACTION,출자지분 및 대출채권,Unknown,0.7,특수목적기구|출자지분|대출채권,2026-04-28
기업인수목적회사,정의함,LOGICAL,사모집합투자기구(법,제6조제4항제14호,0.95,기업인수목적회사 정의|사모집합투자기구,2026-04-28
사모집합투자기구,정의함,LOGICAL,집합투자재산을 운용하는 경우,제249조의7제5항 다,0.95,집합투자재산 운용|사모집합투자기구 정의,2026-04-28
사모집합투자기구,운용함,ACTION,집합투자재산,제249조의7제5항 다,0.9,집합투자재산 운용,2026-04-28
사모집합투자기구,운용함,ACTION,기업에 대한 대출채권의 매입,제249조의7제5항 다,0.9,대출채권 매입,2026-04-28
사모집합투자기구,운용함,ACTION,투자목적회사에 대한 출자,제249조의7제5항 다,0.9,투자목적회사 출자,2026-04-28
자산,예외로함,LOGICAL,기업금융 관련 자산,제6조제1항,0.95,자산|기업금융 관련 자산,2026-04-28
특수목적기구에 대한 출자지분 및 대출채권,예외로함,LOGICAL,기업금융 관련 자산,제6조제1항,0.9,특수목적기구에 대한 출자지분 및 대출채권|기업금융 관련 자산,2026-04-28
투자목적회사,정의함,LOGICAL,특수목적기구,제249조의13,0.95,자산유동화|제1항 각 호의 자산,2026-04-28
특수목적기구,운용함,ACTION,제1항 각 호의 자산,제249조의13,0.85,제1항 각 호의 자산,2026-04-28
투자목적회사,참조함,STRUCTURE,금융회사의 지배구조에 관한 법률,제249조의13,0.7,금융회사의 지배구조에 관한 법률,2026-04-28
금융회사,발행한,ACTION,증권,제4-102조의8,0.95,단기금융업무|금융회사가 발행한 증권,2026-04-28
단기금융업무,정의함,LOGICAL,종합금융투자사업자,제4-102조의8,0.9,단기금융업무|종합금융투자사업자,2026-04-28
자금,산정,ACTION,한도,제77조의6제2항제1호,0.9,자금 한도 산정,2026-04-28
종합금융투자사업자,정의함,LOGICAL,자기자본은 직전 분기 말 자기자본으로 한다,제77조의6제2항제1호,0.8,종합금융투자사업자|자기자본 정의,2026-04-28
비율 산정,제외한다,ACTION,비율 산정시 제외,제77조의6제2항제1호,0.9,비율 산정 제외|제외,2026-04-28
중소기업,허용함,ACTION,증권,제2조,0.95,매입,2026-04-28
중소기업,허용함,ACTION,해당 기업,제2조,0.95,신용공여,2026-04-28
특수목적기구 및 부동산 개발과 관련된 법인,예외로함,LOGICAL,중소기업,제2조,0.9,제외,2026-04-28
자금,초과,ACTION,자기자본 200%,제2조제1항,0.95,자기자본 200% 초과,2026-04-28
초과한 날부터 1개월간,간주함,LOGICAL,한도 충족,제2조제1항,0.9,한도 충족|초과한 날부터 1개월간,2026-04-28
금융위원회,정하고 고시하는,ACTION,방법,제77조의6제2항제2호,0.95,정하고 고시하는|방법 정의,2026-04-28
금융위원회가 정하여 고시하는 방법,정의함,LOGICAL,방법,제77조의6제2항제2호,0.9,정의함|방법,2026-04-28
기업금융관련자산,산정,ACTION,비율,제77조의6제2항제3호,0.95,기업금융관련자산 비율|산정,2026-04-28
제77조의6제2항제3호,참조함,STRUCTURE,기업금융관련자산 비율 산정,제77조의6제2항제3호,0.9,제77조의6제2항제3호에 따라,2026-04-28
기업금융관련자산 비율,정의함,LOGICAL,비율,제77조의6제2항제3호,0.85,기업금융관련자산 비율,2026-04-28
부동산관련자산,제외함,ACTION,기업금융관련자산,제77조의6제2항제6호,0.95,부동산관련자산 제외|기업금융관련자산 비율 산정,2026-04-28
기업금융관련자산의 비율,정의함,LOGICAL,제77조의6제2항제3호에 따른 비율,제77조의6제2항제3호,0.95,기업금융관련자산의 비율|제77조의6제2항제3호,2026-04-28
단기금융업무,적용하지 않음,ACTION,기업금융관련자산의 비율,제77조의6제2항제3호,0.9,단기금융업무|기업금융관련자산의 비율,2026-04-28
단기금융업무,적용함,ACTION,기업금융관련자산의 비율 30%,제77조의6제2항제3호,0.9,단기금융업무|기업금융관련자산의 비율|30%,2026-04-28
단기금융업무,적용함,ACTION,기업금융관련자산의 비율 40%,제77조의6제2항제3호,0.9,단기금융업무|기업금융관련자산의 비율|40%,2026-04-28
한도,간주함,LOGICAL,한도 충족,제77조의6제2항제3호,0.92,한도 충족|1개월간,2026-04-28
금융위원회가 정하여 고시하는 비율,정의함,LOGICAL,10%,제77조의6제2항제6호,0.99,정의|비율,2026-04-28
부동산 관련 자산,정의함,LOGICAL,부동산,제77조의6제2항제6호,0.95,정의|부동산 관련 자산,2026-04-28
부동산 관련 자산,정의함,LOGICAL,부동산을 기초자산으로 한 파생상품,제77조의6제2항제6호,0.95,정의|부동산 관련 자산,2026-04-28
부동산 관련 자산,정의함,LOGICAL,부동산 개발과 관련된 법인에 대한 대출채권,제77조의6제2항제6호,0.95,정의|부동산 관련 자산,2026-04-28
자산,정의함,LOGICAL,투자함으로써 취득한 자산,제240조제4항,0.95,자산 정의|투자 취득,2026-04-28
증권 ⑥ 영,정의함,LOGICAL,각 호의 어느 하나에 해당하는 증권,제240조제5항,0.95,증권 ⑥ 영|각 호의 어느 하나에 해당하는 증권,2026-04-28
금융위원회,정하여 고시하는,ACTION,기준,제77조의6제2항제8호,0.9,정하여 고시하는|기준,2026-04-28
기준,정의함,LOGICAL,단기금융업무를 통해 조달한 자금과 운용자산에 대하여 각 호에서 정하는 비율을 유지하는 것,제77조의6제2항제8호,0.85,정의함|비율 유지,2026-04-28
금융감독원 장,정한다,ACTION,구체적인 산정방법 등,제77조의6제2항제8호,0.75,정한다|산정방법,2026-04-28
비율,유지해야함,ACTION,100분의 100이상,제77조의6제2항제8호,0.8,유지|100분의 100이상,2026-04-28
자금 한도 산정,정의함,LOGICAL,제77조의6제3항제1호,제77조의6제3항제1호,0.95,자금 한도 산정|제77조의6제3항제1호,2026-04-28
자금 한도 산정,준용함,STRUCTURE,제4-102조의8제1항,제77조의6제3항제1호,0.95,자금 한도 산정|제4-102조의8제1항,2026-04-28
금융위원회가 정하여 고시하는 방법,정의함,LOGICAL,종합투자계좌 수탁금의 운용자산을 「신탁법」,제77조의6제3항제2호,0.95,정의함|금융위원회가 정하여 고시하는 방법,2026-04-28
신탁,정의함,LOGICAL,고유재산과 분리하여 관리하는 방법,제3조제1항제3호,0.95,신탁|분리관리방법|고유재산,2026-04-28
금융감독원장,정한다,ACTION,구체적인 분리관리방법,제3조제1항제3호,0.9,금융감독원장|분리관리방법,2026-04-28
수익자 보호 및 건전한 거래질서를 해할 우려가 없는 경우,정의함,LOGICAL,"종합투자계좌 수탁금의 운용자산과 종합금융투자사업자가 운용하는 다른 종합투자계좌 수탁금의 운용자산, 집합투자재산, 투자일임재산 또는 신탁재산 상호 간에 자산을 동시에 한쪽이 매도하고 다른 한쪽이 매수하는 거래",제77조의6제3항제3호,0.95,수익자 보호 및 건전한 거래질서|정의,2026-04-28
수익자 보호 및 건전한 거래질서를 해할 우려가 없는 경우,정의함,LOGICAL,해당 종합금융투자사업자 또는 그 이해관계인의 고유재산과의 거래,제77조의6제3항제3호,0.95,수익자 보호 및 건전한 거래질서|정의,2026-04-28
금융위원회가 정하여 고시하는 방법,정의함,LOGICAL,다음 각 호에서 정한 기준을 모두 충족하는 방법,제77조의6제3항제3호,0.95,정의|기준 충족,2026-04-28
종합투자계좌 고객,거래할 것,ACTION,가액,제77조의6제3항제7호,0.95,거래|가액,2026-04-28
종합투자계좌 고객,확인받을 것,ACTION,준법감시인,제77조의6제3항제7호,0.9,준법감시인|확인,2026-04-28
종합투자계좌 고객,보관·유지할 것,ACTION,관련 자료,제77조의6제3항제7호,0.9,관련 자료|보관|유지,2026-04-28
종합투자계좌 고객,충족할 것,ACTION,금융감독원장이 정하는 기준,제77조의6제3항제7호,0.9,금융감독원장|기준|충족,2026-04-28
기업금융관련자산 비율 산정,요구함,ACTION,다음 각 호,제77조의6제3항제4호,0.95,기업금융관련자산 비율 산정|다음 각 호,2026-04-28
부동산관련자산,제외한다,ACTION,기업금융관련자산,제77조의6제2항제6호,0.95,부동산관련자산 제외|기업금융관련자산 비율 산정,2026-04-28
부동산관련자산,정의함,LOGICAL,기업금융관련자산 비율 산정시 제외,제77조의6제2항제6호,0.9,부동산관련자산 제외|기업금융관련자산 비율 산정,2026-04-28
종합투자계좌업무,적용하지 않음,ACTION,기업금융관련자산의 비율,제77조의6제3항제4호,0.98,6개월 이내|비율 적용 금지,2026-04-28
종합투자계좌업무,적용함,ACTION,기업금융관련자산의 비율 40%,제77조의6제3항제4호,0.97,6개월~12개월|비율 40%,2026-04-28
종합투자계좌업무,적용함,ACTION,기업금융관련자산의 비율 60%,제77조의6제3항제4호,0.97,12개월~18개월|비율 60%,2026-04-28
기업금융관련자산의 비율,정의함,LOGICAL,제77조의6제3항제4호에 따른 비율,제77조의6제3항제4호,0.9,비율 정의|규정,2026-04-28
비율,충족하지 못한 경우,LOGICAL,한도 충족,제77조의6제3항제4호,0.95,비율|한도,2026-04-28
초과한 날부터 1개월간,기간,STRUCTURE,한도 충족,제77조의6제3항제4호,0.9,기간|한도,2026-04-28
방법,정의함,LOGICAL,제260조제1항(제1호는 제외 한다)에서 정한 방법,제260조제1항,0.95,정의함|방법,2026-04-28
방법,참조함,STRUCTURE,제260조제1항,제260조제1항,0.9,참조함|제260조제1항,2026-04-28
공정가액,정의함,LOGICAL,금융위원회,제77조의6제3항제7호,0.95,공정가액 정의,2026-04-28
금융위원회,정하여 고시함,ACTION,공정가액,제77조의6제3항제7호,0.9,정하여 고시하는,2026-04-28
가액,정의함,LOGICAL,가액 evaluated according to Article 260(2) excluding item 5,제260조제2항,0.95,가액|평가한 가액|제5호 제외,2026-04-28
가액,참조함,STRUCTURE,Article 260(2),제260조제2항,0.9,제260조제2항,2026-04-28
집합투자 재산평가위원회,정의함,LOGICAL,준법감시인,제260조제2항,0.95,정의함|준용,2026-04-28
집합투자재산,정의함,LOGICAL,종합투자계좌 수탁금의 운용자산,제260조제2항,0.95,정의함|준용,2026-04-28
같은 기업집단,정의함,LOGICAL,금융위원회가 정하여 고시하는 신용위험을 공유하는 자,제77조의6제3항제8호,0.95,정의함|신용위험 공유,2026-04-28
기업집단에 속하는 회사,정의함,LOGICAL,회사,제2조제2호,0.95,기업집단에 속하는 회사|회사,2026-04-28
비율,정의함,LOGICAL,100분의 10,제77조의6제3항제9호,0.99,정하는|고시하는,2026-04-28
기준,정의함,LOGICAL,금융위원회가 정하여 고시하는 기준,제77조의6제3항제13호,0.95,기준|정의,2026-04-28
기준,정의함,LOGICAL,종합투자계좌 수탁금과 운용자산에 대하여 각 목에서 정하는 비율을 유지할 것. 이 경우 구체적인 산정방법 등 은 금융감독원장이 정한다.,제77조의6제3항제13호,0.9,종합투자계좌|수탁금|운용자산|비율|유지,2026-04-28
기준,정의함,LOGICAL,종합투자계좌의 수탁금 원본 합계액의 100분의 5 이상을 손실충당금 및 손실준비금 합계액으로 우선 적립하고 매 결산기마다 이를 유지할 것.,제77조의6제3항제13호,0.9,종합투자계좌|수탁금|손실충당금|손실준비금|적립|유지,2026-04-28
손실보전시,충당한다,ACTION,손실보전,제77조의6제3항제11호,0.9,손실보전|우선,2026-04-28
종합금융투자사업자,매수하는 금액이 5% 이상일 것,ACTION,수탁금 원본의 5%,제2항,0.9,수탁금|5%,2026-04-28
종합투자계좌,통지할 것,ACTION,투자자에게,제4-102조의10,0.9,통지|분기|연,2026-04-28
금융감독원장,준수할 것,ACTION,정하는 기준,제4-102조의10,0.9,고객 보호|기준,2026-04-28
손실준비금,환입할 수 있다,ACTION,초과 금액,제10항제2호,0.9,손실준비금|초과|환입,2026-04-28
미처리결손금,적립하고,ACTION,손실준비금,제10항제2호,0.9,미처리결손금|손실준비금,2026-04-28
손실준비금 적립액,공시하여야 한다,ACTION,재무제표,제10항제2호,0.9,공시|재무제표,2026-04-28
금융위원회 가 정하여 고시하는 규모,정의함,LOGICAL,직전 분기 말 기준 단기금융업무 및 종합투자계좌업무를 통하여 조달한 자금 합계 의 100분의 25,제77조의6,0.99,정의|규모,2026-04-28
금융위원회 가 정하여 고시하는 규모,상위조항,STRUCTURE,제77조의6제2항제4호 및 제3항제5호,제77조의6,0.97,상위조항|참조,2026-04-28
구체적인 산정방법,정의함,LOGICAL,금융감독원장이 정한다,제77조의6,0.95,산정방법|정의,2026-04-28
금융위원회가 정하여 고시하는 방법,정의함,LOGICAL,다음 각 호의 어느 하 나에 해당하는 것에 운용하는 방법,제77조의6,0.95,정의|금융위원회|고시,2026-04-28
금융위원회가 정하여 고시하는 방법,참조함,STRUCTURE,제77조의6제2항제4호 및 제3항제5호,제77조의6,0.9,참조|제2항제4호|제3항제5호,2026-04-28
제4조제1항에 따른 것,정의함,LOGICAL,제4조제1항에 따른 것,제 4조제1항,0.95,정의|제4조제1항에 따른 것,2026-04-28
제4조제1항에 따른 것,예외로함,LOGICAL,대출채권 또는 어음,제 4조제1항,0.9,예외|대출채권|어음,2026-04-28
제4조제1항에 따른 것,참조함,STRUCTURE,중소기업기본법,제 4조제1항,0.85,중소기업기본법|참조,2026-04-28
중소기업,정의함,LOGICAL,제2조제1항에 따른 중소기업(부동산 개발과 관련된 법인 및 특수목적기구는 제외한다)이 발행한 증권 및 이에 대한 신용공여업무를 영위하면서 취득한 대출채권 또는 어음,제2조제1항,0.95,정의|제2조제1항에 따른 중소기업,2026-04-28
중소기업,예외로함,LOGICAL,부동산 개발과 관련된 법인 및 특수목적기구,제2조제1항,0.9,예외|부동산 개발과 관련된 법인 및 특수목적기구,2026-04-28
채무증권,정의함,LOGICAL,중견기업이 발행한 증권 및 대출채권 또는 어음 중 신용평가업자로부터 A등급 이하의 신용평가등급을 받은 것,제2조제1호,0.92,채무증권 정의,2026-04-28
채무증권,예외로함,LOGICAL,다음 각 목의 어느 하나에 해당하는 자가 발행한 채무증권,제2조제1호,0.88,채무증권 예외,2026-04-28
금융회사(법인),정의함,LOGICAL,제2조제1호에 따른 금융회사(법인),제2조제1호,0.8,금융회사|제2조제1호,2026-04-28
해외현지법 인,제외,ACTION,제34조제2항제2호에 따른 규정,34-2-2,0.95,해외현지법 인 제외,2026-04-28
제34조제2항제2호,참조함,STRUCTURE,대부업 등의 등록 및 금융이용자 보호에 관한 법률,34-2-2,0.9,대부업 등의 등록 및 금융이용자 보호에 관한 법률 참조,2026-04-28
대부업자 및 같은 법,정의함,LOGICAL,제2조제1호가목,제2조제1호가목,0.95,대부업자|같은 법,2026-04-28
대부중개업자,정의함,LOGICAL,제2조제 3호,제2조제 3호,0.95,정의|대부중개업자,2026-04-28
대부중개업자,정의함,LOGICAL,독점규제 및 공정거래에 관한 법률,제2조제 3호,0.9,정의|대부중개업자|법률,2026-04-28
공익법인,정의함,LOGICAL,공익법인 4,제31조제1항,0.95,공익법인 정의|공익법인 4,2026-04-28
기술보증기금법,참조함,STRUCTURE,제2조제8호,제2조제8호,0.95,기술보증기금법|제2조제8호,2026-04-28
유동화회사보증 채무증권,정의함,LOGICAL,제2조제9호,제2조제9호,0.9,유동화회사보증 채무증권|제2조제9호,2026-04-28
유동화회사보증 채무증권,참조함,STRUCTURE,중소기업진흥에 관한 법률,제2조제9호,0.9,유동화회사보증 채무증권|중소기업진흥에 관한 법률,2026-04-28
증권,정의함,LOGICAL,발행되는 증권 (중소벤처기업부 공고로 시행하는 사업을 통하여 발행되는 증권),제67조,0.92,증권 정의|발행되는 증권|중소벤처기업 지원,2026-04-28
할인매입,요구함,ACTION,외상매출채권,제2조제8의2호,0.95,할인매입|외상매출채권,2026-04-28
할인매입,구조,STRUCTURE,상생결제,제2조제8의2호,0.85,할인매입|상생결제,2026-04-28
대출채권,정의함,LOGICAL,벤처기업이 발행한 증권 및 이에 대한 신용공여업무를 영 위하면서 취득한 대출채권,제2조제1항,0.95,대출채권 정의|벤처기업 발행 증권,2026-04-28
제50조,정의함,LOGICAL,제2조제6호가목2,제50조,0.0,제2조제6호가목2,2026-04-28
벤처투자조합,요구함,ACTION,출자지분 및 대출채권,제63조의2,0.95,출자지분|대출채권,2026-04-28
법률에 따라 결성된 모태조합에서 출자한 투자조합 또는 사모집합투자기구,요구함,ACTION,출자지분 및 대출채권,제63조의2,0.9,출자지분|대출채권,2026-04-28
신기술사업투자조합,정의함,LOGICAL,출자지분 및 대출채권,제2조제14호의5,0.95,출자지분 및 대출채권|신기술사업투자조합,2026-04-28
제16조제1항제2호,정의함,LOGICAL,벤처기업투자신탁,제16조제1항제2호,0.95,벤처기업투자신탁,2026-04-28
제16조제1항제2호,정의함,LOGICAL,조세특례제한법,제16조제1항제2호,0.95,조세특례제한법,2026-04-28
고 위험고수익채권투자신탁,정의함,LOGICAL,출자지분 및 대출채권,제91조의15,0.92,출자지분 및 대출채권 정의|고 위험고수익채권투자신탁,2026-04-28
고 위험고수익채권투자신탁,참조함,STRUCTURE,제91조의15,제91조의15,0.95,제91조의15 참조,2026-04-28
출자지분 및 대출채권,정의함,LOGICAL,등록한 전문투자 조합에 대한 출자지분 및 대출채권,제18조,0.95,정의|등록,2026-04-28
첨단전략산업기금,요구함,ACTION,집합투자기구에 대한 출자지분 및 대출채권,제29조의7,0.95,출자지분 및 대출채권|집합투자기구,2026-04-28
협회,제공함,ACTION,전담중개업무,제4-103조,0.95,전담중개업무 제공|종합금융투자사업자|일반 사모 집합투자기구,2026-04-28
자,허용함,ACTION,표준서식ㆍ방법ㆍ절차,제77조의4제2항,0.95,작성|제시|표준서식ㆍ방법ㆍ절차,2026-04-28
세부요건,정의함,LOGICAL,별표 2의2,제118조의4제2항,0.95,세부요건|별표 2의2,2026-04-28
세부요건,참조함,STRUCTURE,제118조의4제2항,제118조의4제2항,0.9,세부요건|제118조의4제2항,2026-04-28
세부요건,포함함,LOGICAL,"사업계획, 인력과 전산설비, 물적 설비, 이해상충방지체계",제118조의4제2항,0.85,세부요건|사업계획|인력과 전산설비|물적 설비|이해상충방지체계,2026-04-28
금융투자업,정의함,LOGICAL,온라인소액투자중개업,제118조의4제4항,0.95,금융투자업|온라인소액투자중개업,2026-04-28
인가,정의함,LOGICAL,등록,제118조의4제4항,0.95,인가|등록,2026-04-28
인가업무단위,정의함,LOGICAL,등록업무,제118조의4제4항,0.95,인가업무단위|등록업무,2026-04-28
대주주,정의함,LOGICAL,영,제118조의4,0.95,대주주|세부요건,2026-04-28
대주주,참조함,STRUCTURE,제118조의4제4항제1호,제118조의4,0.9,제118조의4제4항제1호,2026-04-28
제118조의6제2호,참조함,STRUCTURE,제4-105조(등록의 방법 및 절차 등),제118조의6제2호,0.92,등록의 방법 및 절차,2026-04-28
자기자본요건,검토,ACTION,자기자본요건 충족 여부,제118조의5제5항,0.92,자기자본요건|검토,2026-04-28
자기자본요건,근거함,STRUCTURE,제118조의5제5항,제118조의5제5항,0.95,근거|제118조의5제5항,2026-04-28
금융투자업인가를 받은 자 및 법,정의함,LOGICAL,금융투자업인가를 받은 자 및 법,12조,0.95,정의|금융투자업인가,2026-04-28
금융투자업인가를 받은 자 및 법,참조함,STRUCTURE,제12조,12조,0.98,제12조|참조,2026-04-28
자,계산한다,ACTION,자본금 및 자본잉여금의 증감액,제8조제9항,0.95,자본금 및 자본잉여금의 증감액|계산,2026-04-28
온라인소액투자중개업 등록신청서,정의함,LOGICAL,별지 제3의4,제118조의5제5항,0.95,정의|같다,2026-04-28
온라인소액투자중개업 등록신청서,포함함,LOGICAL,첨부서류,제118조의5제5항,0.85,첨부서류|포함,2026-04-28
온라인소액투자중개업 등록신청서,준용함,LOGICAL,제4-105조의2,제118조의5제5항,0.8,규칙|준용,2026-04-28
금융위원회,정하는,ACTION,금융위원회가 정하여 고시하는 기간,제11조의2제3호,0.95,정하는|금융위원회가 정하여 고시하는 기간,2026-04-28
금융위원회가 정하여 고시하는 사항,정의함,LOGICAL,온라인소액투자중개 계약의 체결ㆍ해지 등에 대한 처리절차ㆍ방법이나 기준에 관한 사항,제118조의8제1항제9호,0.95,정의함|금융위원회가 정하여 고시하는 사항,2026-04-28
금융위원회가 정하여 고시하는 사항,정의함,LOGICAL,온라인소액증권발행인에 대한 게재내용 사실 확인 업무의 공정한 영위 및 이해상충방지 등에 관한 사항,제118조의8제1항제9호,0.95,정의함|금융위원회가 정하여 고시하는 사항,2026-04-28
금융위원회가 정하여 고시하는 사항,정의함,LOGICAL,"온라인소액증권 청약의 접수, 청약가능여부 통지, 배정 등에 대한 처리절차ㆍ방법이나 기준에 관한 사항",제118조의8제1항제9호,0.95,정의함|금융위원회가 정하여 고시하는 사항,2026-04-28
금융위원회가 정하여 고시하는 사항,정의함,LOGICAL,온라인소액증권발행인의 모집의뢰내역 및 투자자의 청약주문내역 통지 등 중앙기록관리기관에 대한 정보의 제공 절차나 기준에 관한 사항,제118조의8제1항제9호,0.95,정의함|금융위원회가 정하여 고시하는 사항,2026-04-28
금융위원회가 정하여 고시하는 사항,정의함,LOGICAL,언론기관 등에 대한 업무관련 정보의 제공 절차나 기준에 관한 사항,제118조의8제1항제9호,0.95,정의함|금융위원회가 정하여 고시하는 사항,2026-04-28
금융위원회가 정하여 고시하는 사항,정의함,LOGICAL,투자자 신용정보의 관리ㆍ보호에 관한 사항,제118조의8제1항제9호,0.95,정의함|금융위원회가 정하여 고시하는 사항,2026-04-28
금융위원회가 정하여 고시하는 사항,정의함,LOGICAL,투자자가 제기한 각종 고충ㆍ불만사항 및 투자자와 금융투자업자 사이에 발생한 분쟁의 처리기준 및 절차에 관한 사항,제118조의8제1항제9호,0.95,정의함|금융위원회가 정하여 고시하는 사항,2026-04-28
온라인소액투자중개업자,요구함,ACTION,내부 통제기준에 각 호의 사항을 포함함,제118조의8제4항,0.95,내부 통제기준|청약 처리,2026-04-28
내부 통제기준,정의함,LOGICAL,청약 처리에 관한 내부 통제기준,제118조의8제4항,0.9,내부 통제기준|청약 처리,2026-04-28
내부 통제기준,포함함,ACTION,신의성실 원칙에 따른 청약 처리,제118조의8제4항,0.85,신의성실 원칙|청약 처리,2026-04-28
내부통제,준용함,STRUCTURE,제2-28조,제118조의8제4항,0.95,내부통제|준용|제2-28조,2026-04-28
내부통제,준용함,STRUCTURE,제2-29조,제118조의8제4항,0.95,내부통제|준용|제2-29조,2026-04-28
내부통제,준용함,STRUCTURE,제2-31조,제118조의8제4항,0.95,내부통제|준용|제2-31조,2026-04-28
내부통제,준용함,STRUCTURE,금융회사 지배구조 감독규정,제118조의8제4항,0.95,내부통제|준용|금융회사 지배구조 감독규정,2026-04-28
준용,요구함,ACTION,제11조제6항 및 별표 2,제11조제6항,0.95,준용|제11조제6항 및 별표 2,2026-04-28
온라인소액투자중개업자,보고하여야 한다,ACTION,금융감독원장,제371조제3항제13호,0.97,업무의 방법 또는 내부통제기준 변경|보고|2주 이내,2026-04-28
금융위원회,요구할 수 있다,ACTION,온라인소액투자중개업자,제371조제3항제13호,0.95,제1항에 따라|투자자보호|건전한 거래질서|변경 요구,2026-04-28
금융감독원장,정한다,ACTION,보고의 서식 및 작성방법 등에 관하여 필요한 사항,제371조제3항제13호,0.9,제1항에 따른 보고의 서식 및 작성방법,2026-04-28
협회,권고할 수 있다,ACTION,온라인소액투자중개업자,제371조제3항제13호,0.9,표준업무방법서,2026-04-28
금융위원회가 정하여 고시하는 방법,정의함,LOGICAL,정보통신망 이용촉진 및 정보보호 등에 관한 법률,제118조의9,0.95,정의|법률,2026-04-28
본인확인 방법,정의함,LOGICAL,본인확인 방 법 등 안전성이 검증된 본인확인 방법,제23조의3제1항,0.95,본인확인 방법|본인확인 방 법 등 안전성이 검증된 본인확인 방법,2026-04-28
본인확인 방법,참조함,STRUCTURE,제4-111조(투자자에 대한 통지) 법,제23조의3제1항,0.9,본인확인 방법|제4-111조(투자자에 대한 통지) 법,2026-04-28
금융위원회가 정하여 고시하는 방법,정의함,LOGICAL,"전자우편, 그 밖에 이와 비슷한 전자통신 방법",제117조의7제8항,0.95,정의함|방법,2026-04-28
금융위원회가 정하여 고시하는 방법,정의함,LOGICAL,온라인소액투자중개업자의 인터넷 홈페이지를 통하여 통지하는 방법,제117조의7제8항,0.95,정의함|방법,2026-04-28
금융위원회가 정하여 고시하는 경우,정의함,LOGICAL,"온라인소 액투자중개업자 영업의 전부 또는 일부의 정지, 결제불이행, 파산 및 회생절차의 개시신청, 그 밖에 이에 준하는 법제처 131 국가법령정보센터 금융투자업규정 사유가 발생하여 금융감독원장의 동의를 얻어 양도하는 경우",제118조의12제3호,0.95,정의|금융위원회|고시,2026-04-28
금융위원회,정하여 고시하는,ACTION,온라인소액증권발행인이 증권의 발행을 철회한 경우,제118조의14제3항제4호,0.95,정하여 고시하는|온라인소액증권발행인|증권 발행 철회,2026-04-28
금융위원회,정하여 고시하는,ACTION,온라인소액증권발행인에게 부도나 이에 준하는 사태발생,제118조의14제3항제4호,0.95,정하여 고시하는|부도|사태발생,2026-04-28
금융위원회,정하여 고시하는,ACTION,온라인소액증권발행인과 온라인소액투자중개업자 간 온라인소액투자중개 계약의 취소,제118조의14제3항제4호,0.95,정하여 고시하는|계약 취소,2026-04-28
금융위원회,정하여 고시하는,ACTION,청약증거금의 긴급한 반환이 필요하다고 금융감독원장이 인정하는 경우,제118조의14제3항제4호,0.95,정하여 고시하는|청약증거금 반환,2026-04-28
금융위원회 고시,정의함,LOGICAL,각 호의 경우,제118조의14제3항제4호,0.9,정의함|금융위원회 고시,2026-04-28
금융감독원장,준수,ACTION,지시,제117조의8제5항,0.95,우선지급 사유|별도의 지시,2026-04-28
금융감독원장,지시를함,ACTION,우선지급 업무,제117조의8제5항,0.9,우선지급 업무|별도의 지시,2026-04-28
중앙기록관리기관,체결,ACTION,온라인소액투자중개업자,제118조의20제4항,0.95,계약 체결|의무,2026-04-28
중앙기록관리기관,요구함,ACTION,자료,제118조의20제1항제6호가목 및 다목의 사 항,0.95,자료 게재,2026-04-28
자료,정의함,LOGICAL,제118조의20제1항제6호가목 및 다목의 사 항에 관한 자료,제118조의20제1항제6호가목 및 다목의 사 항,0.9,자료 게재,2026-04-28
금융위원회가 정하여 고시하는 경우,정의함,LOGICAL,정보주체 또는 제3자의 이익을 부당하게 침해할 우려가 없는 통계작성 및 학술연구 등의 목적을 위하여 필요한 경우로서 특정 개인을 알아볼 수 없는 형태로 개인정보를 제3자에게 제공하는 경우,제118조의21제3항제3호,0.95,정의|금융위원회가 정하여 고시하는 경우|개인정보 제공|통계작성|학술연구,2026-04-28
전산시스템,정의함,LOGICAL,협회가 비상장주권의 중개업무를 수행하기 위하여 설치한 전산시스템,제178조제1항제1호,0.95,전산시스템 정의|비상장주권 중개업무,2026-04-28
조건부매매,정의함,LOGICAL,기관간에 이루어지는 조건부매매,제7조제4항제3호,0.95,조건부매매|기관간 거래,2026-04-28
대고객조건부매매,정의함,LOGICAL,투자매매 업자등이 제7호에서 규정하는 기관 이외의 법인 또는 개인과 행하는 조건부매매,제7조제4항제3호,0.95,대고객조건부매매|투자매매 업자등|조건부매매,2026-04-28
복수신용등급,정의함,LOGICAL,둘 이상의 신용평가업자(신용평가업자가 업무정지 등 부득이한 사유가 있는 경우에는 하나의 신용평가업자를 말한다)가 어음 발행인에 대하여 평가한 신용등급,제7조제4항제3호,0.95,복수신용등급|신용평가업자|신용등급,2026-04-28
소매채권매매,정의함,LOGICAL,개인 및 일반법인(영,제7조제4항제3호,0.85,소매채권매매|개인|일반법인,2026-04-28
채권거래,정의함,LOGICAL,액면가액 100억원 미만의 채권거래 (전문투자자 제외),제10조제1항,0.95,채권거래 정의|액면가액 100억원 미만|전문투자자 제외,2026-04-28
채권거래,참조함,STRUCTURE,제10조제1항,제10조제1항,0.9,제10조제1항 참조,2026-04-28
채권거래,예외로함,LOGICAL,전문투자자,제10조제1항,0.9,전문투자자 제외,2026-04-28
사업보고서 제출대상법인,허용함,ACTION,제1항부터 제5항까지의 규정,제159조,0.95,규정 적용 제외|사업보고서 제출대상법인,2026-04-28
규정 적용 제외,정의함,LOGICAL,제159조,제159조,0.9,규정 적용 제외,2026-04-28
금융위원회가 정하여 고시하는 방법,정의함,LOGICAL,다음 각 호의 기준,제178조제1항제2호나목,0.95,정의|금융위원회|고시,2026-04-28
자,수행,ACTION,업무,제11조제2항,0.95,장외매매거래에 관한 업무만을 수행할 것,2026-04-28
자,제공하거나 누설하지 않음,ACTION,제3자,제11조제2항,0.95,장외매매거래에 관한 정보|거래당사자의 동의 또는 정당한 사유 없이,2026-04-28
협회,정할 수 있다,ACTION,세부사항,제178조제1항제2호,0.95,장외매매거래|절차|방법|세부사항,2026-04-28
장외거래중개업자,관리하여야 한다,ACTION,매매거래 대상 주식,제178조의2제1항제1호다목,0.95,종목 구분|관리,2026-04-28
전문종목,정의함,LOGICAL,종목,제178조의2제1항제1호다목,0.9,전문종목 정의,2026-04-28
일반종목,정의함,LOGICAL,종목,제178조의2제1항제1호다목,0.9,일반종목 정의,2026-04-28
일반투자자,매수 또는 매도,ACTION,전문종목,제11조제2항,0.85,일반투자자 매수/매도|전문종목,2026-04-28
일반투자자,매도,ACTION,전문종목,제11조제2항,0.92,제1호에 해당하지 아니하는 일반투자자|보유 수량 이내|전문종목,2026-04-28
장외거래중개업자,제공함,ACTION,투자자,제178조의2제1항제1호라목,0.95,정보 제공|재무상태 등 발행인의 현황,2026-04-28
재무정보 제공,요구함,ACTION,공개된 재무정보,제18조의5,0.95,재무정보 제공|공개된 재무정보,2026-04-28
장외거래중개업자,정해야 한다,ACTION,업무기준,제178조의2제1항제1호마목,0.99,업무기준,2026-04-28
제1호부터 제4호까지의 규정,적용하지 아니한다,LOGICAL,전문종목,제178조의2제1항제1호마목,0.95,전문종목,2026-04-28
금융위원회,정하는,ACTION,정하여 고시하는 방법,제178조의2제1항제2호다목,0.95,정하여 고시하는 방법|정의,2026-04-28
정하여 고시하는 방법,정의함,LOGICAL,전문종목으로 관리할 것,제178조의2제1항제2호다목,0.9,정의|전문종목 관리,2026-04-28
준수,요구함,ACTION,라목부터 바목의 기준,제178조의2,0.9,준수|기준,2026-04-28
이해상충방지에 관한 기준,정의함,LOGICAL,금융위원회가 정하여 고시하는 기준(본인과 그 특수관계인 등),제178조의2제1항제3호,0.95,정의|이해상충방지에 관한 기준,2026-04-28
특수관계인,정의함,LOGICAL,발행인인 지분증권,제2조제4호,0.95,특수관계인|발행인|지분증권,2026-04-28
특수관계인,요구함,ACTION,금융감독원장에게 승인을 받을 것,제2조제4호,0.9,특수관계인|금융감독원장|승인,2026-04-28
특수관계인,금지함,ACTION,발행인과 그 특수관계인의 매매거래,제2조제4호,0.9,특수관계인|발행인|매매거래,2026-04-28
특수관계인,허용함,ACTION,발행인의 직원이 해당 장외거래중개업자를 통해 매매거래하는 경우 사전에 지정된 증권계좌를 통해 월 1회에 한하여 매수 또는 매도,제2조제4호,0.9,특수관계인|발행인|직원|장외거래중개업자|증권계좌|매수|매도,2026-04-28
특수관계인,보고할 것,ACTION,"해당 지분증권의 주문ㆍ거래 정보, 공시 사항 및 이해상충과 불공정거래를 방지하기 위한 장외거래중개업자의 관리 방안",제2조제4호,0.9,특수관계인|지분증권|주문|거래 정보|공시|이해상충|불공정거래|장외거래중개업자,2026-04-28
특수관계인,준용함,LOGICAL,증권 의 발행 및 공시 등에 관한 규정 제2-2조제2항제1호,제2조제4호,0.9,특수관계인|증권|발행|공시|규정|제2-2조제2항제1호,2026-04-28
장외거래중개업자,요구함,ACTION,수익증권의 발행인,제178조의2제2항제3호,0.95,공시,2026-04-28
공시,요구함,ACTION,공시,제137조제3항제3호,0.95,공시,2026-04-28
장외거래중개업자,정하다,ACTION,업무기준,제178조의2제2항제4호,0.95,업무기준|정하다,2026-04-28
채권의 장외거래,적용한다,ACTION,이 장,제185조제3항,0.95,채권 장외거래|이 장,2026-04-28
채권의 장외거래,예외로함,LOGICAL,"법, 영, 그 밖의 다른 법령 또는 이 편의 다 른 장에서 정하는 사항",제185조제3항,0.9,법|영|다른 법령|이 편의 다 른 장에서 정하는 사항,2026-04-28
기관간 채권의 장외거래의 결제,요구함,ACTION,채권과 대금,제7조제4항제3호,0.97,장외거래 결제|동시 결제,2026-04-28
예탁결제원 또는 전자등록기관,예외로함,LOGICAL,기관간 채권의 장외거래의 결제,제7조제4항제3호,0.92,예탁결제원|전자등록기관|예외,2026-04-28
기관간 채권의 장외거래의 결제,정의함,LOGICAL,장외거래 결제,제7조제4항제3호,0.85,장외거래 결제,2026-04-28
예탁대상증권등,정의함,LOGICAL,예탁결제원이 작성·관리하는 예탁자계좌부 및 전자등록주식등,제308조제2항,0.92,예탁대상증권등 정의|예탁결제원 관리 예탁자계좌부|전자등록주식등,2026-04-28
전자등록주식등,정의함,LOGICAL,전자등록기관이 작성ㆍ관리하는 전자등록계좌부,제2조제4호,0.95,전자등록주식등 정의|전자등록계좌부,2026-04-28
전자등록주식등,근거함,STRUCTURE,주식ㆍ사채 등의 전자등록에 관한 법률,제2조제4호,0.9,법률 근거,2026-04-28
투자매매업자,금지함,ACTION,채권 매도 가격이 증권시장 및 장외시장에서 직전에 체결된 가격보다 낮은 가격으로 호가,제5-5조,0.95,채권 매도 가격|직전 체결 가격,2026-04-28
투자매매업자,금지함,ACTION,채권 매도 가격이 같은 신용등급을 가진 같은 종류의 채권 가격(증권시장 직전 체결 또는 장외 체결 협회 공시 가격)보다 낮은 가격으로 호가,제5-5조,0.95,채권 매도 가격|신용등급 동일 채권 가격,2026-04-28
협회,지정,ACTION,투자매매업자등,제7조제4항제3호,0.95,투자매매업자 지정|협회공시수익률등 산출,2026-04-28
금융위원회가 정하여 고시하는 기준,정의함,LOGICAL,다음 각 호의 기준,제179조제4호,0.95,정의함|금융위원회가 정하여 고시하는 기준,2026-04-28
채권중개전문회사,요구함,ACTION,매매의 중개를 영위,제179조제1호,0.95,중개|영위,2026-04-28
채권중개전문회사,요구함,ACTION,업무규정에 정하고,제179조제1호,0.9,업무규정|정하기,2026-04-28
채권중개전문회사,요구함,ACTION,금융감독원장에게 즉시 보고,제179조제1호,0.9,보고|제정·변경·폐지,2026-04-28
채권중개전문회사,금지함,ACTION,제3자에게 정보 제공·누설,제179조제1호,0.9,정보 제공|누설|제3자,2026-04-28
투자매매업자,요구함,ACTION,지정신청서,제180조제1항,0.95,지정신청서 제출,2026-04-28
금융위원회가 정하여 고시하는 증권,정하는,LOGICAL,보증사채권,제181조제1항제1호,0.95,정의|보증사채권,2026-04-28
금융위원회가 정하여 고시하는 증권,정하는,LOGICAL,무보증사채권,제181조제1항제1호,0.95,정의|무보증사채권,2026-04-28
금융위원회가 정하여 고시하는 증권,정하는,LOGICAL,공공기관이 발행한 채권,제181조제1항제1호,0.95,정의|공공기관이 발행한 채권,2026-04-28
금융위원회가 정하여 고시하는 증권,정하는,LOGICAL,지방공사가 발행한 채권,제181조제1항제1호,0.95,정의|지방공사가 발행한 채권,2026-04-28
금융위원회가 정하여 고시하는 증권,정하는,LOGICAL,자산유동화에 관한 법률에 따른 증권,제181조제1항제1호,0.95,정의|자산유동화에 관한 법률에 따른 증권,2026-04-28
신탁업자,발행,ACTION,수익증권,제32조,0.95,수익증권|자산유동화계획,2026-04-28
주택저당증권,정의함,LOGICAL,주택저당증권,제2조제5호,0.95,주택저당증권 정의,2026-04-28
학자금대출증권,정의함,LOGICAL,학자금대출증권,제2조제5호,0.95,학자금대출증권 정의,2026-04-28
외국정부가 발행한 국채증권,정의함,LOGICAL,외국정부가 발행한 국채증권,제2조제5호,0.9,외국정부 국채증권 정의,2026-04-28
채무증권,정의함,LOGICAL,해당 자가 발행한 채무증권,제9조제16항제5호,0.9,정의함|채무증권 정의,2026-04-28
법인,요구함,ACTION,요건,제124조의2제2항,0.95,요건|충족,2026-04-28
요건,포함함,STRUCTURE,시장성,제124조의2제2항,0.9,시장성|채권평가회사등이 일별로 시가평가를 할 수 있을 것,2026-04-28
요건,포함함,STRUCTURE,다음 각 목의 어느 하나에 해당하는 증권,제124조의2제2항,0.9,다음 각 목|증권,2026-04-28
법인,예외로함,LOGICAL,외국법인,제124조의2제2항,0.9,외국법인|예외,2026-04-28
채무증권,정의함,LOGICAL,외국정부가 발행하는 국채증권 또는 법,제124조의2제2항,0.95,정의|채무증권|외국정부|국채증권,2026-04-28
채무증권,정의함,LOGICAL,자가 발행한 채무증권,제9조제16항제5호,0.95,채무증권|자|발행,2026-04-28
법인,충족,ACTION,요건,제124조의2제2항,0.95,요건 충족|해외 사채권,2026-04-28
법인,충족,ACTION,제2-2조의2제2항제3호 가목부 터 다목까지의 요건,제124조의2제2항,0.9,요건 참조|해외 사채권,2026-04-28
해외에서 발행한 사채권,정의함,LOGICAL,사채권,제124조의2제2항,0.9,사채권 정의,2026-04-28
금융위원회가 정하여 고시하는 자,정의함,LOGICAL,증권금융회사,제181조제2항,0.95,정하여 고시하는|증권금융회사,2026-04-28
매매가격,정의함,LOGICAL,시장가액,Unknown,0.95,매매가격|시장가액,2026-04-28
투자매매업자등,통지해야 한다,ACTION,투자자에게 매매거래성립내용,Unknown,0.9,투자매매업자등|투자자|매매거래성립내용,2026-04-28
고객계좌부,정의함,LOGICAL,제22조제2항에 따라 작성되는 고객계좌부,제22조제2항,0.95,정의|고객계좌부,2026-04-28
고객계좌부,참조함,STRUCTURE,제22조제2항,제22조제2항,0.9,참조|제22조제2항,2026-04-28
투자매매업자등,요구함,ACTION,전자등록을 유지 및 이전,제2조제2호,0.95,전자등록|유지|이전,2026-04-28
투자매매업자등,요구함,ACTION,시장가액이 환매수가액의 105% 이상이 되도록 유지,제2조제2호,0.9,시장가액|환매수가액|105%,2026-04-28
투자매매업자등,요구함,ACTION,부족분 이상을 투자자에게 지체 없이 이전,제2조제2호,0.9,부족분|이전|투자자,2026-04-28
투자매매업자등,허용함,ACTION,초과분을 투자자로부터 이전받을 수 있음,제2조제2호,0.9,초과분|이전받음|투자자,2026-04-28
전자등록,정의함,LOGICAL,전자등록을 말한다,제2조제2호,0.8,전자등록|정의,2026-04-28
준용,준용함,STRUCTURE,제70조제1항,제70조제1항,0.95,준용|제70조제1항,2026-04-28
준용,참조함,STRUCTURE,제5-23조,제70조제1항,0.85,준용|제5-23조,2026-04-28
각 목의 어느 하나에 해당하는 자,환매조건부매매를 한 경우,LOGICAL,제5-4조제3항을 준용한다,제7조제5항제4호,0.9,환매조건부매매,2026-04-28
각 목의 어느 하나에 해당하는 자,준용함,STRUCTURE,제5-4조제3항,제7조제5항제4호,0.95,환매조건부매매|제5-4조제3항,2026-04-28
현금성 자산,정하는,LOGICAL,"현금성 자산이란 처분에 제한이 없고, 당일 현금화가 가능한 자산으로서 다음 각 호의 어느 하나에 해당하는 경우",제181조제3항제2호,0.95,정하는|현금성 자산 정의,2026-04-28
현금성 자산,정의함,LOGICAL,"현금, 예금·적금, 양도성예금증서, 당일 인출가능한 대출약정, 법",제181조제3항제2호,0.9,정의함|현금성 자산 항목,2026-04-28
증권금융회사,예탁,ACTION,금전,330,0.95,증권금융회사에 예탁된 금전|수시입출방식,2026-04-28
증권금융회사,예탁,ACTION,투자일임재산,330,0.9,투자일임 계약을 체결한 투자일임재산|수시입출방식,2026-04-28
증권금융회사,예탁,ACTION,특정금전신탁재산,330,0.9,특정금전신탁재산|수시입출방식|100분의 30에 한한다,2026-04-28
단기금융회사의 발행어음,정의함,LOGICAL,"제360조제1항에 따른 단기금융회사의 발행어음, 법",제360조제1항,0.95,단기금융회사의 발행어음|정의,2026-04-28
종합금융회사,요구함,ACTION,발행어음,제336조제1항,0.95,발행어음|종합금융회사,2026-04-28
금융기관,징구하여야 한다,ACTION,예치금,제106조제2항,0.99,예치금 담보 징구,2026-04-28
투자매매업자등,정한다,ACTION,담보의 징구비율,제106조제2항 ②,0.95,담보 징구비율|투자매매업자,2026-04-28
투자매매업자등,위탁할 수 있다,ACTION,담보의 관리,제106조제2항 ③,0.95,투자매매업자|담보 관리|위탁,2026-04-28
담보목적 대차거래,징구하지 아니할 수 있다,ACTION,담보,제106조제2항 ④,0.9,담보목적 대차거래|징구하지 않음,2026-04-28
담보목적 대차거래,예외로함,LOGICAL,채무자의 회생 및 파산에 관한 법률,제106조제2항 ④,0.85,예외|회생법,2026-04-28
대차거래,정의함,LOGICAL,제120조제3항에 따른 기본계약에 대한 담보 또는 증거금을 제공할 목적으로 이루어지는 거래,제120조제3항,0.9,대차거래 정의|기본계약 담보 거래,2026-04-28
담보목적 대차거래로 제공하는 증권,정의함,LOGICAL,국채증권 또는 통화안정증권,제120조제3항,0.9,담보목적 대차거래 증권 종류,2026-04-28
담보목적 대차거래 당사자,요구함,ACTION,다음 각 목이 모두 포함된 계약,제120조제3항,0.9,계약 체결 의무|담보목적 대차거래 계약,2026-04-28
담보목적 대차거래로 제공받은 증권,금지함,ACTION,"재활용 (환매조건부매매, 제3자에 대한 담보 또는 증거금 제공 외)",제120조제3항,0.9,증권 재활용 금지,2026-04-28
담보목적 대차거래로 제공되는 증권의 재활용,요구함,ACTION,제공자의 동의,제120조제3항,0.9,재활용 동의 요구,2026-04-28
증권 반환 없는 대차거래의 종료,준용함,STRUCTURE,채무자의 회생 및 파산에 관한 법률,제120조제3항,0.9,종료 규정|법률 준용,2026-04-28
제120조제3항에 따른 기본계약,조건부,LOGICAL,일괄정산,제120조제3항,0.92,기본계약|일괄정산,2026-04-28
담보목적 대차거래의 기본계약,요구함,ACTION,장외파생상품 매매와 관련하여 국제증권감독위원회(IOSCO)가 정하는 기준을 감안하여 금융감독원장이 정하는 기준을 충족할 것,제120조제3항,0.9,장외파생상품 매매|IOSCO 기준|금융감독원장 기준,2026-04-28
담보목적 대차거래의 목적,요구함,ACTION,개시증거금(initial margin)을 제공하기 위한 것이 아닐 것,제120조제3항,0.88,개시증거금|목적,2026-04-28
담보목적 대차거래 대상 증권,요구함,ACTION,시가평가를 통해 일일정산할 것,제120조제3항,0.91,시가평가|일일정산,2026-04-28
대차거래 대상증권,요구함,ACTION,인도,제182조제1항제2호,0.95,인도,2026-04-28
대차거래 대상증권,요구함,ACTION,담보,제182조제1항제2호,0.95,담보,2026-04-28
대차거래 대상증권,근거함,STRUCTURE,제182조제1항제2호,제182조제1항제2호,0.9,근거,2026-04-28
인도,정의함,LOGICAL,대차거래 대상증권의 인도,제182조제1항제2호,0.85,인도 정의,2026-04-28
질권설정,허용함,ACTION,질권설정,제311조제2항,0.9,질권설정|제311조제2항,2026-04-28
계좌관리기관등 자기계좌부,정의함,LOGICAL,작성되는 계좌관리기관등 자기계좌부,제22조제2항,0.95,계좌관리기관등 자기계좌부|정의,2026-04-28
전자등록,갈음할 수 있다,ACTION,질권 설정,제31조제1항,0.95,전자등록|질권 설정,2026-04-28
전자등록기관,정할 수 있다,ACTION,세부사항,제31조제1항,0.9,전자등록기관|세부사항,2026-04-28
대차거래 형식의 중개,정의함,LOGICAL,투자매매업자등이 자기계산으로 특정 당사자로부터 증권을 차입하여 다른 당사자에게 대여하는 형식으로 중개하는 것,제182조제2항,0.95,정의|대차거래 형식의 중개|투자매매업자등|증권 차입|증권 대여,2026-04-28
투자매매업자등,공시하여야 한다,ACTION,"증권의 대여현황과 체결된 대차거래증권의 종목, 수량 등의 거래내역을 협회를 통하여 당일 공시",제182조제2항,0.9,공시|투자매매업자등|대여현황|대차거래증권|협회,2026-04-28
협회,보고하여야 한다,ACTION,제2항에 따른 대차거래내역을 매달말 기준으로 다음달 10일까지 금융감독원장에게,제182조제2항,0.9,보고|협회|대차거래내역|금융감독원장,2026-04-28
투자매매업자 또는 투자중개업자,무담보매매ㆍ중개방식으로 한다,ACTION,기업어음증권을 매매 또는 중개하는 경우,제5-28조,0.85,무담보매매|중개방식|기업어음증권|투자매매업자|투자중개업자,2026-04-28
증권,정의함,LOGICAL,제3조제1항제8호에 따른 증권,제3조제1항제8호,0.95,정의|증권,2026-04-28
일반투자자,정의함,LOGICAL,제184조제1항에 따른 일반투자자,제184조제1항,0.95,정의|일반투자자,2026-04-28
일반투자자,참조함,STRUCTURE,제184조제1항,제184조제1항,0.9,참조|제184조제1항,2026-04-28
거래,정의함,LOGICAL,외국환거래규정 제7-31조제1항 각 호 의 어느 하나에 해당하는 경우에 취득한 외화증권의 매도거래,제184조제1항제2호,0.95,거래 정의|매도거래,2026-04-28
거래,준용함,STRUCTURE,외국환거래규정 제7-31조제1항,제184조제1항제2호,0.9,규정 준용|외국환거래규정,2026-04-28
위험액,정의함,LOGICAL,제3-11조제2항 각 호의 위험액(겸영금융투자업자의 경우에는 내부 위험관리기준에 따른 위험액)을 합산한 금액,제166조의2제1항제2호,0.95,위험액 정의|합산 금액,2026-04-28
금융위원회,정하고 고시하는,ACTION,위험액,제166조의2제1항제2호,0.95,위험액 정의|정하고 고시하는,2026-04-28
겸영금융투자업자,요구함,ACTION,금융감독원 장에게 보고,제166조의2제1항제2호,0.99,보고|10영업일 이내,2026-04-28
금융위원회가 정하여 고시하는 한도,준용함,STRUCTURE,한도,제166조의2제1항제2호,0.95,준용|정의,2026-04-28
금융위원회가 정하여 고시하는 경우,정의함,LOGICAL,당해 겸영금융투자업자에 적용되는 「금융산업의 구조개선에 관한 법률」에 따른 적기시정조치의 기준을 하회하는 경우,제166조의2제1항제3호,0.95,정의함|금융위원회가 정하여 고시하는 경우,2026-04-28
거래자,허용함,ACTION,파생상품업무책임자,제166조의2제1항제4호,0.95,장외파생상품 매매|승인 필요 없음,2026-04-28
금융투자회사,내부기준을 마련하여야 한다,ACTION,위임 및 사후보고에 관한 내부기준,제5조,0.95,위임|사후보고|내부기준,2026-04-28
투자매매업자 또는 투자중개업자,증거금을 징구하여야 한다,ACTION,증거금,제5-49조의2,0.95,차액결제거래|증거금,2026-04-28
증거금,대용증권으로 대신할 수 있다,ACTION,대용증권,제5-49조의2,0.95,대용증권|대체,2026-04-28
파생상품업무책임자로 부터 위임받은 자,승인한 매매,ACTION,매매,제5조,0.95,승인|파생상품업무책임자|위임,2026-04-28
매매,사후보고,ACTION,파생상품업무자,제5조,0.95,사후보고|파생상품업무자,2026-04-28
현금 결제,요구함,ACTION,차액을 현금으로 결제,제5조제1항제3호,0.95,현금 결제|차액 결제,2026-04-28
현금 결제,정의함,LOGICAL,기초자산 가격 변화와 연계된 차액 결제,제5조제1항제3호,0.85,현금 결제|기초자산 가격 변화 연계,2026-04-28
투자자,정한다,ACTION,증거금,제10조제3항제16호,0.95,비율|신용상태|거래상황,2026-04-28
투자매매업자 또는 투자중개업자,정한다,ACTION,자기자본에 대한 총 신용공여 규모,제10조제3항제16호,0.9,명목계약금액|증거금|잔고|신용공여 규모,2026-04-28
차액결제거래 중개,제외한다,ACTION,타인의 명의 및 타인의 계산,제10조제3항제16호,0.85,타인의 명의|타인의 계산,2026-04-28
투자매매업자 또는 투자중개업자,요구함,ACTION,협회,제77조의3제6항,0.95,제출|협회,2026-04-28
지분증권,정의함,LOGICAL,고난도금융투자상품에 해당하는 법,제4조제4항,0.95,지분증권|고난도금융투자상품에 해당하는 법,2026-04-28
자,제출,ACTION,금융투자업자,제5조제1항,0.95,서류 제출|금융투자업자,2026-04-28
자,제출,ACTION,서류,제5조제1항,0.9,서류 제출|서류,2026-04-28
제출한 서류,준용함,STRUCTURE,제1-8조제4항 규정,제5조제1항,0.85,유효기간|준용,2026-04-28
협회,정한다,ACTION,서류의 서식 및 작성 방법,제5조제1항,0.8,서식|작성 방법,2026-04-28
금융투자업자,충족,ACTION,위험관리기준,제166조의2제2항,0.99,위험관리기준,2026-04-28
금융투자업자,충족,ACTION,종합평가결과,제166조의2제2항,0.95,종합평가결과|양호 이상,2026-04-28
금융투자업자,충족,ACTION,평가점수,제166조의2제2항,0.95,평가점수|2.4점 이하,2026-04-28
위험관리에 관한 세부평가기준,준용함,LOGICAL,별표 16,제166조의2제2항,0.95,별표 16,2026-04-28
금융투자업자,실시,ACTION,종합평가,제166조의2제2항,0.95,종합평가,2026-04-28
금융투자업자,보고,ACTION,금융감독원장,제166조의2제2항,0.95,금융감독원장,2026-04-28
금융위원회,통보,ACTION,거래평가서,제166조의2제2항,0.95,장외파생상품의 평가내역이 포함된 거래평가서,2026-04-28
거래평가서,통보대상,LOGICAL,일반투자자,제166조의2제2항,0.9,일반투자자,2026-04-28
금융위원회,근거함,STRUCTURE,제166조의2제2항,제166조의2제2항,0.99,제166조의2제2항,2026-04-28
거래정보저장소,정의함,LOGICAL,장외파생상품 거래와 관련된 정보를 수집ㆍ보관 및 관리하는 기관,제166조의2제2항에 따라,0.95,거래정보저장소 정의|수집·보관·관리,2026-04-28
거래정보저장소,위임함,STRUCTURE,금융위원회,제5-50조의4①,0.85,업무규정 제정·변경|승인 필요,2026-04-28
금융투자업자,보고해야 한다,ACTION,거래정보저장소,제5-50조의3①,0.9,거래정보 보고|제한 없음,2026-04-28
금융투자업자,위탁할 수 있다,ACTION,제3자,제5-50조의3③,0.85,보고 업무 위탁|책임 면제 불가,2026-04-28
거래정보저장소,제공해야 한다,ACTION,"금융위원회, 금융감독원, 한국은행, 외국 금융감독기관, 승인받은 자",제5-50조의4②,0.8,정보 제공 대상|제공 방법,2026-04-28
거래정보,정의함,LOGICAL,장외파생상품 거래에 관한 정보,제5-50조의3,0.9,거래정보 정의,2026-04-28
요건,정의함,LOGICAL,금융위원회가 정하여 고시하는 요건,제186조의3제2항,0.95,정의|요건|금융위원회|고시,2026-04-28
요건,정의함,LOGICAL,기초자산: 협회가 발표하는 91일 만기 양도성예금증서의 이자율,제186조의3제2항,0.9,기초자산|협회|91일 만기|양도성예금증서|이자율,2026-04-28
요건,정의함,LOGICAL,거래의 만기: 30년 이내 범위에서 금융투자상품거래청산회사의 청산업무규정으로 정하는 기간,제186조의3제2항,0.9,거래의 만기|30년|금융투자상품거래청산회사|청산업무규정,2026-04-28
요건,정의함,LOGICAL,그 밖에 최소계약금액 등 금융투자상품거래청산회사의 청산업무규정에서 정하는 사항,제186조의3제2항,0.9,최소계약금액|금융투자상품거래청산회사|청산업무규정,2026-04-28
정하여 고시하는 사항,정의함,LOGICAL,외국금융투자상품거래청산회사에 대한 정보교환체계,제186조의3제3항제4호,0.95,정의함|정하여 고시하는 사항,2026-04-28
정하여 고시하는 사항,정의함,LOGICAL,외국금융투자상품거래청산회사가 법 또는 법에 상응하는 외국의 법령을 위반하여 본국 정부 및 감독기관으로 부터 제재를 받을 경우 지체 없이 금융위원회에 통보토록 하는 고지체계,제186조의3제3항제4호,0.95,정의함|정하여 고시하는 사항,2026-04-28
정하여 고시하는 사항,정의함,LOGICAL,외국금융투자상품거래청산회사가 국내 청산대상업자를 대상으로 금융투자상품거래청산업을 영위하는 경우 지체 없이 금융위원회에 통보토록 하는 고지체계,제186조의3제3항제4호,0.95,정의함|정하여 고시하는 사항,2026-04-28
정하여 고시하는 사항,정의함,LOGICAL,외국금융투자상품거래청산회사에 대한 금융위원회와 본국 감독당국간 현장검사 등을 포함한 감독 및 검사업무 협력체계,제186조의3제3항제4호,0.95,정의함|정하여 고시하는 사항,2026-04-28
자,요구함,ACTION,공공적법인 발행주식 취득,제167조제1항,0.85,공공적법인 발행주식|제167조제1항 기준 초과,2026-04-28
대량주식취득승인신청서,제출,ACTION,금융위원회,제167조제2항,0.95,대량주식취득승인신청서|제출,2026-04-28
대량주식취득승인신청서,첨부서류,STRUCTURE,"호적등본 또는 법인등기부등본, 주식취득사유 설명서, 최대주주의 의견서",제167조제2항,0.9,첨부서류|호적등본|법인등기부등본|주식취득사유 설명서|최대주주의 의견서,2026-04-28
제167조제2항,참조함,STRUCTURE,다음 각 호의 어느 하나의 사유로 법,제167조제2항,0.9,제167조제2항|다음 각 호의 어느 하나의 사유,2026-04-28
주식,취득한,ACTION,금융위원회의 승인,제167조제 1항,0.9,주식 취득|금융위원회 승인,2026-04-28
주식 소유 비율 초과,정의함,STRUCTURE,제167조제 1항제 2호에서 정한 비율,제167조,0.9,주식 소유 비율 초과|제167조제 1항제 2호,2026-04-28
주식,간주함,LOGICAL,금융위원회의 승인을 얻어 취득한 것으로 본다,제167조,0.95,주식 소유 비율 초과|금융위원회 승인,2026-04-28
주식,취득,ACTION,금융위원회 승인,제167조,0.9,주식 소유 비율 초과|금융위원회 승인,2026-04-28
내국민대우 외국인,정의함,LOGICAL,외국인,제9조 제16항,0.95,내국민대우 외국인 정의|외국인,2026-04-28
내국민대우 외국인,정의함,LOGICAL,외국법인등,제9조 제16항,0.9,외국법인|외국인,2026-04-28
내국민대우 외국인,참조함,STRUCTURE,외국환거래법 시행령,제9조 제16항,0.85,외국환거래법 시행령 참조,2026-04-28
비거주자,정의함,LOGICAL,"국내에 있는 영업소, 그 밖의 사무소에 근무하고 있거나 국내에서 영업활동에 종사하고 있는 자",제10조제2항제1호,0.95,비거주자 정의|영업소 근무자,2026-04-28
비거주자,정의함,LOGICAL,"국내에 주된 사무소를 두고 있는 외국법인 또는 외국법인의 국내지점ㆍ출장소, 그 밖의 사무소",제10조제2항제2호,0.95,비거주자 정의|외국법인,2026-04-28
비거주자,제외,ACTION,제10조제2항제1호ㆍ제2호 및 제6호,제10조제2항제1호ㆍ제2호 및 제6호,0.98,비거주자 제외|제10조,2026-04-28
직접투자,정의함,LOGICAL,외국인투자촉진법,제10조제2항제6호,0.95,직접투자 정의|외국인투자촉진법,2026-04-28
주식소유,정의함,LOGICAL,제2조제1항제4호가목에 따라 외국인이 주식을 소유하는 것,Unknown,0.9,주식소유|정의,2026-04-28
주식투자,정의함,LOGICAL,외국인이 직접투자 이외의 방법으로 주식을 취득하는 것,Unknown,1.0,주식투자|정의,2026-04-28
주식예탁증권,정의함,LOGICAL,해외예탁기관이 국내법인의 신규발행주식 또는 그 주식 발행인이 소유하고 있는 자기주식을 원주로 하여 이를 국내에 보관하고 그 원주를 대신하여 해외에서 발행한 예탁증권,Unknown,1.0,주식예탁증권|정의,2026-04-28
유통주식예탁증권,정의함,LOGICAL,해외예탁기관이 국내에서 거래되는 국내법인이 발행한 주식을 원주로 하여 이를 국내에 보관하고 그 원주를 대신하여 해외에서 발행한 주식예탁증권,Unknown,1.0,유통주식예탁증권|정의,2026-04-28
해외증권,정의함,LOGICAL,"국내법인이 외국에서 발행한 전환사채권, 신주인수권부사채권, 교환사채권, 주식예탁증권, 유통주식예탁증권, 그 밖에 이와 유사한 증권 또는 증서",Unknown,1.0,해외증권|정의,2026-04-28
금융기관,정의함,LOGICAL,「금융위원회의 설치 등에 관한 법률」,Unknown,1.0,금융기관|정의,2026-04-28
투자자집단,정의함,LOGICAL,법령이나 계약 등에 따라 다수 외국인(외국법인등에 한한다)의 투자운용을 동일인이 하는 그 외국인들을 말한다.,38,0.99,용어 정의|정의,2026-04-28
외국인투자관리시스템,정의함,LOGICAL,상장증권에 대한 외국인의 투자현황을 종합적으로 관리하기 위하여 금융감독원 장이 (주)코스콤에 위탁하여 운영하는 전산시스템을 말한다.,38,0.99,용어 정의|정의,2026-04-28
주식워런트증권,정의함,LOGICAL,투자매매업자가 발행하는 파생결합증권으로서 당사자 일방의 의사표시에 따라 증권시 장 또는 외국 증권시장에서 매매거래되는 특정 주권의 가격이나 주가지수의 수치의 변동과 연계하여 미리 정 하여진 방법에 따라 주권의 매매나 금전을 수수하는 거래를 성립시킬 수 있는 권리를 표시하는 것을 말한다.,38,0.99,용어 정의|정의,2026-04-28
투자등록,정의함,LOGICAL,외국인이 종전의 규정 (금융위원회고시 제2023-23호로 개정되기 전의 것을 말한다) 제6-11조에 따라 본인의 인적 사항 등을 금융감독원장에 등록한 것을 말한다.<신설 2023. 7. 7.>,38,0.99,용어 정의|정의,2026-04-28
투자등록증,정의함,LOGICAL,종전의 규정(금융위원회고시 제2023-23호로 개정되기 전의 것을 말한다) 제6-11조에 따라 금융감독원장이 투자등록의 신청서를 접수한 때에 외국인별로 고유번호를 부여하여 발급한 것을 말한다.<신 설 2023. 7. 7.>,38,0.99,용어 정의|정의,2026-04-28
식별수단,정의함,LOGICAL,"다음 각 목의 것을 말한다. 가. 투자등록을 한 외국인 : 투자등록증의 고유번호 나. 투자등록을 하지 않은 개인인 외국인 : 여권번호 다. 투자등록을 하지 않은 외국법인등 : 국제표준화기구(ISO, International Organization for Standardization)가 정한 국제표준(ISO 17442)에 따라 법인에게 부여된 법인식별기호(LEI, Legal Entity Identifier)",38,0.99,용어 정의|정의,2026-04-28
공공적 법인,허용함,ACTION,주식 취득한도 초과,제187조제1항,0.95,공공적 법인|주식 취득한도 초과|각 호에서 정한 경우,2026-04-28
외국인,금지함,ACTION,신주인수권증서 매매,제187조제1항,0.95,외국인|신주인수권증서 매매|제1항에 따른 취득한도가 소진된 종목,2026-04-28
초과한 외국인,요구함,ACTION,초과분 매각,제187조제1항,0.95,초과한 외국인|초과분 매각,2026-04-28
초과한 외국인,요구함,ACTION,3개월 이내 매각,제187조제1항,0.95,초과한 외국인|3개월 이내 매각,2026-04-28
외국인,요구함,ACTION,한도초과분,제187조제 1항,0.95,외국인|한도초과분|주식옵션등 권리행사일,2026-04-28
투자매매업자 또는 투자중개업자,요구함,ACTION,한도초과분,제187조제 1항,0.95,투자매매업자|투자중개업자|한도초과분|장 종료시 단일가격에 의한 개별경쟁매매,2026-04-28
외국인 처분의무비율,정의함,LOGICAL,외국인 전체 그 종목 주식옵션등의 콜옵션 권리행사 또는 풋옵션 권리행사배정으로 취득하는 주식수량 - 외국인 전체 그 종목의 투자한도 여유 수량 ÷ 외국인 전체 그 종목 주식옵션등의 콜옵션 권리행사 또는 풋옵션 권리행사배정으로 취득하는 주식 수량,제187조제1항,0.95,정의|비율 계산,2026-04-28
외국인,주식옵션 권리행사일에 제3항에 따른 외국인 처분의무비율이 공시되기 전까지는 다자간매매체결회 사를 통하여 그 종목을 취득할 수 없다,ACTION,다자간매매체결회 사를 통하여 그 종목을 취득,제187조제1항,0.92,제재|거래 제한,2026-04-28
종목별 외국인별 처분수량,계산한다,LOGICAL,외국인별 당해 종목 주식옵션등의 콜옵션 권리행사 또는 풋옵션 권리행사배정으로 취득하는 주식수량 × 당해 종목의 외국인 처분의무비율,제187조제1항,0.93,계산|수량 산정,2026-04-28
종목별 외국인별 처분수량,절사한다,LOGICAL,주식시장의 최소 매매단위수량 미만,제187조제1항,0.9,절사|단위 제한,2026-04-28
투자매매업자 또는 투자중개업자,허용함,ACTION,주식 취득,제187조제1항제1호 및 제2호,0.95,주식옵션 거래|주식 취득 허용,2026-04-28
외국인,송부해야함,ACTION,전자등록기관,제187조제1항,0.95,주식바스켓 납입|상장지수집합투자기구|설정|신청|환매|세부내역,2026-04-28
전자등록기관,취합함,ACTION,외국인투자관리시스템,제187조제1항,0.92,취합|외국인투자관리시스템,2026-04-28
전자등록기관,보고함,ACTION,금융감독원장,제187조제1항,0.93,지체 없이|보고|외국인투자관리시스템,2026-04-28
투자매매업자,요구함,ACTION,한도초과분,제187조제1항,0.95,주식 취득한도 초과|한도초과분 처분,2026-04-28
주식 취득한도 초과,정의함,LOGICAL,한도초과분,제187조제1항,0.9,주식 취득한도 초과|한도초과분,2026-04-28
외국인 처분수량,정의함,LOGICAL,외국인별 상장지수집합투자기구의 환매로 취득하는 주식수량 × 당해 종목의 외국인 처분의무비율,제187조제1항,0.9,외국인 처분수량 정의|계산식,2026-04-28
외국인 처분수량,요구함,ACTION,계산 및 지체 없이 통보,제187조제1항,0.85,계산|통보|지체 없이,2026-04-28
외국인 처분수량,예외로함,LOGICAL,주식시장의 최소 매매단위수량 미만을 절사,제187조제1항,0.8,절사|최소 매매단위,2026-04-28
외국인 처분의무비율,정의함,LOGICAL,소수점 이하 6자리에서 반올림,제187조제1항,0.9,반올림|소수점 이하 6자리,2026-04-28
외국인,요구함,ACTION,주식취득한도,제187조제1항,0.95,주식취득한도 계산,2026-04-28
매수,정의함,LOGICAL,호가시점에서 취득한 것,제187조제1항,0.9,매수 정의,2026-04-28
매도,정의함,LOGICAL,체결시점에서 처분한 것,제187조제1항,0.9,매도 정의,2026-04-28
외국인간 대량매매 및 바스켓매매,정의함,LOGICAL,체결시점에서 취득 및 처분한 것,제187조제1항,0.9,대량매매 정의,2026-04-28
직접투자와 주식투자,정의함,LOGICAL,합산하되 내국민대우 외국인 제외,제187조제1항,0.9,투자 합산 정의,2026-04-28
발행주식총수 및 외국인이 취득한 주식수,정의함,LOGICAL,계산 기준: 상장일,제187조제1항,0.9,계산 기준 정의,2026-04-28
외국인,정의함,LOGICAL,외국법인의 본점과 지점(대한민국 내에 설치한 지점은 제외) 합하여 하나의 외국인,제187조제1항제1호,0.95,외국인|외국법인|본점|지점|대한민국 내 설치 지점 제외,2026-04-28
외국인,정의함,LOGICAL,외국법인의 외국소재 자회사 또는 현지법인 별도로 하나의 외국인,제187조제1항제1호,0.95,외국인|외국법인|외국소재 자회사|현지법인,2026-04-28
외국인,정의함,LOGICAL,투자등록을 한 자 또는 계좌를 개설한 자(제6-14조의2제1항제1호부터 제3호까지의 어느 하나에 해당하는 경우) 별도로 하나의 외국인,제187조제1항제1호,0.95,외국인|투자등록|계좌 개설|제6-14조의2제1항제1호부터 제3호까지,2026-04-28
주식취득한도 범위,정의함,LOGICAL,외국인 1인(위 정의에 따라) 종목별 주식취득한도 계산,제187조제1항제1호,0.9,주식취득한도 범위|외국인|종목별|계산,2026-04-28
취득한도 초과 여부,요구함,ACTION,확인,제187조제1항,0.92,취득한도 초과 여부|확인,2026-04-28
취득한도 초과 여부,예외로함,LOGICAL,주문 거부,제187조제1항,0.88,취득한도 초과 여부|주문 거부,2026-04-28
금융위원회,정하고 고시하다,ACTION,금융위원회가 정하여 고시하는 경우,제188조제2호가목,0.95,정하고 고시하다|금융위원회|주식취득,2026-04-28
주식취득,정의함,LOGICAL,금융위원회가 정하여 고시하는 경우,제188조제2호가목,0.9,주식취득|정의함,2026-04-28
주식취득,예외로함,LOGICAL,직접투자에 의한 주식취득 또는 직접투자 로 취득한 주식의 처분,제188조제2호가목,0.85,주식취득|직접투자,2026-04-28
공개매수에 따른 주식,정의함,LOGICAL,주식,제133조,0.95,공개매수에 따른 주식|주식,2026-04-28
공개매수에 따른 주식,취득 및 처분,ACTION,주식,제133조,0.9,공개매수에 따른 주식|주식|취득 및 처분,2026-04-28
외국인,금지함,ACTION,공공적법인 지분증권의 외국인 간 매매거래,제187조제1항제2호,0.95,외국인 간 매매거래 금지|공공적법인 지분증권,2026-04-28
외국인 간 매매거래,예외로함,LOGICAL,내국민대우 자격을 상실한 외국인이 내국민대우 지위에서 취득한 주식,제187조제1항제2호,0.92,외국인 간 매매거래 예외|내국민대우 자격 상실,2026-04-28
외국인 간 매매거래,예외로함,LOGICAL,제6-2조제3항에 따른 취득한도 초과분의 매도,제187조제1항제2호,0.92,외국인 간 매매거래 예외|취득한도 초과분 매도,2026-04-28
외국인 간 매매거래,예외로함,LOGICAL,주식예탁증권 또는 유통주식예탁증권의 발행과 관련한 해외예탁기관의 원주 취득,제187조제1항제2호,0.92,외국인 간 매매거래 예외|해외예탁기관 원주 취득,2026-04-28
외국인 간 매매거래,예외로함,LOGICAL,외국 증권시장에 상장하기 위하여 외국에서 모집·매출되는 원주의 취득,제187조제1항제2호,0.92,외국인 간 매매거래 예외|외국 증권시장 원주 취득,2026-04-28
외국인 간 매매거래,예외로함,LOGICAL,외국 증권시장에 복수 상장된 상장증권의 해외 증권시장 또는 외국 다자간매매체결회사에서의 취득 및 처분 (외국예탁기관의 집중예탁·인출을 포함한다),제187조제1항제2호,0.92,외국인 간 매매거래 예외|복수 상장 증권 취득·처분,2026-04-28
외국인 간 매매거래,예외로함,LOGICAL,조건부매매,제187조제1항제2호,0.92,외국인 간 매매거래 예외|조건부매매,2026-04-28
외국인 간 매매거래,예외로함,LOGICAL,투자매매업자를 매매상대방으로 하거나 투자중개업자의 중개에 따른 상장채권의 매매거래,제187조제1항제2호,0.92,외국인 간 매매거래 예외|투자매매업자 매매상대방,2026-04-28
외국인 간 매매거래,예외로함,LOGICAL,상장수익증권의 매매거래,제187조제1항제2호,0.92,외국인 간 매매거래 예외|상장수익증권 매매,2026-04-28
외국인 간 매매거래,예외로함,LOGICAL,"전자등록기관, 증권금융회사 또는 투자중개업자의 중개에 따른 대차거래",제187조제1항제2호,0.92,외국인 간 매매거래 예외|전자등록기관 중개 대차거래,2026-04-28
취득한도가 적용되는 종목,한한다,ACTION,외국인간의 대차거래,제187조제1항,0.95,취득한도|대차거래,2026-04-28
투자운용자,배분할 수 있다,ACTION,주식 또는 채권,제188조,0.95,배분|허용,2026-04-28
투자운용자,배분대상 외국인에 한한다,ACTION,투자운용자가 결제 전에 당해 투자매매업자 또는 투자중개업자에 신고한 자,제188조,0.9,배분대상|한함,2026-04-28
투자매매업자 또는 투자중개업자,배분할 수 있다,ACTION,주식 또는 채권,제188조,0.95,배분|허용,2026-04-28
투자매매업자 또는 투자중개업자,기록ㆍ유지해야 한다,ACTION,주문ㆍ체결ㆍ배분내역,제188조,0.9,기록|유지|요구,2026-04-28
투자운용을 하는 외국 금융투자업자 및 대표투자자 명의의 계좌 및 투자매매업자ㆍ투자중개업자,배분할 수 있다,ACTION,주식 또는 채권,제188조,0.9,배분|허용,2026-04-28
배분대상 외국인,한한다,ACTION,투자운용자가 결제 전에 당해 투자매매업자 또는 투자중개업자에 신고한 자,제188조,0.9,배분대상|한함,2026-04-28
금융위원회가 정하여 고시하는 경우,정의함,LOGICAL,이미 발행 된 주식예탁증권 중 원주로 전환된 수량이내에서 유통주식예탁증권를 발행할 목적으로 주식을 취득하고자 하는 경우,제187조제3항,0.92,정의|주식취득|유통주식예탁증권,2026-04-28
신용공여,금지함,ACTION,증권 대여의 방법으로 신용공여,제72조,0.9,신용공여|증권 대여,2026-04-28
외국인,보관하여야 한다,ACTION,"예탁결제원, 외국환은행, 투자매매업자, 투자중개업자, 집합투자업자, 보관기관",제6-21조,0.95,외국인|보관기관|증권,2026-04-28
외국인,예외로함,LOGICAL,증권의 권리행사 또는 실물확인,제6-21조,0.8,권리행사|실물확인,2026-04-28
외국인,예탁을 하여야 한다,ACTION,예탁결제원,308,0.95,예탁결제원에 예탁|외국인,2026-04-28
외국인,예외로함,LOGICAL,본국 법령과 상충되는 등 부득이한 경우 및 금융감독원장이 인정하는 경우,308,0.9,본국 법령과 상충|금융감독원장 인정,2026-04-28
외국인,청약신청을 하여야 한다,ACTION,예탁결제원,308,0.9,청약신청|예탁결제원,2026-04-28
제308조,참조함,STRUCTURE,제6-22조,308,0.95,상임대리인 선임,2026-04-28
보관기관,보관,ACTION,제6-21조제1항,188,0.92,보관기관|보관,2026-04-28
보관기관,포함함,STRUCTURE,한국은행,188,0.85,한국은행|보관기관,2026-04-28
보관기관,포함함,STRUCTURE,외국 중앙은행,188,0.85,외국 중앙은행|보관기관,2026-04-28
외국인,선임할 수 있다,ACTION,상임대리인,제2조제1항,0.95,상임대리인|외국인|선임,2026-04-28
외국인,대리 또는 대행하게 하지 못한다,ACTION,상임대리인 이외의 자,제2조제1항,0.95,상임대리인|외국인|대리,2026-04-28
외국인,예외로함,LOGICAL,부득이한 경우 (본국 법령과 상충되는 등),제2조제1항,0.9,본국 법령|부득이한 경우,2026-04-28
상임대리인,주의의무를 다하여야 한다,ACTION,외국인,제2조제1항,0.95,주의의무|상임대리인|외국인,2026-04-28
금융감독원장,공시할 수 있다,ACTION,"외국인의 증권매매거래에 관한 사항 (종목별 취득한도, 전체 취득가능 주식 수, 한도소진종목, 거래가격 및 거래량, 처분의무비율 등)",제6-23조,0.9,공시|금융감독원장|외국인|증권매매거래,2026-04-28
금융감독원장,요구할 수 있다,ACTION,외국인의 증권 매매거래 및 투자내역에 관한 보고 및 자료 제출,제6-24조,0.9,요구|금융감독원장|외국인|보고|자료 제출,2026-04-28
금융위원회,위반시의 조치,ACTION,외국인이 제6-2조에 위반하여 증권을 취득한 경우,제6-25조,0.9,위반|금융위원회|외국인|증권취득,2026-04-28
증권 처분 명령,허용함,ACTION,증권 처분,제187조제1항,0.9,증권 처분 명령|명할 수 있다,2026-04-28
금융위원회가 정하여 고시하는 사항,정의함,LOGICAL,외국기업이 채택하고 있는 회계처리기준과 국내의 회계처리기준과의 차이의 구체적 내용,제190조제2호,0.95,정의|회계처리기준|차이,2026-04-28
금융위원회가 정하여 고시하는 사항,정의함,LOGICAL,제1호의 내용이 당해 기업의 재무제표에 미치는 영향,제190조제2호,0.95,정의|재무제표|영향,2026-04-28
금융위원회가 정하여 고시하는 사항,정의함,LOGICAL,외국기업에 대하여 외감법에 따른 회계처리기준을 적용하여 비교형식으로 작성한 최근 2개사업연도의 요약재무제표,제190조제2호,0.95,정의|외감법|요약재무제표,2026-04-28
외국기업에 대하여 외감법에 따른 회계처리기준을 적용하여 비교형식으로 작성한 최근 2개사업연도의 요약재무제표,예외로함,LOGICAL,금융위원회가 정하여 고시하는 사항,제190조제2호,0.9,예외|외감법|회계처리기준,2026-04-28
코스피200,정의함,LOGICAL,주가지수,제200조의2제1항,0.95,코스피200 정의|주가지수,2026-04-28
수량,정의함,LOGICAL,미결제약정 수량,제173조의2제1항,0.95,정의함|수량 정의,2026-04-28
금융위원회,정하는,ACTION,수량,제173조의2제1항,0.9,정의함|금융위원회 정의,2026-04-28
금융위원회가 정하여 고시하는 수량,정의함,LOGICAL,각 호의 품목별 미결제약정 수량,173조의2제1항,0.99,정의|금융위원회가 정하여 고시하는 수량,2026-04-28
금융투자업자,요구함,ACTION,보고서,제200조의2제3항제4호,0.95,보고서 제출|제출 의무,2026-04-28
보고서,정의함,LOGICAL,"대량보유자에 관한 사항, 해당 장내파생상품거래의 품목, 종목, 미결제약정 보유 시점, 가격, 수량",제200조의2제3항제4호,0.9,보고서 내용|보고서 정의,2026-04-28
보고서,제출 대상,STRUCTURE,금융위원회와 거래소,제200조의2제3항제4호,0.9,제출 대상|제출 기관,2026-04-28
금융투자업자,제출,ACTION,보고서,제200조의2제3항제4호,0.97,보고서 제출|의무,2026-04-28
금융투자업자,제출 방식,ACTION,전자통신,제200조의2제3항제4호,0.92,전자통신|보고서 제출 방식,2026-04-28
금융투자업자,제출 방식,ACTION,FAX,제200조의2제3항제4호,0.9,FAX|보고서 제출 방식,2026-04-28
금융감독원장,정한다,ACTION,보고서 서식 및 구체적 사항,제200조의2제3항제4호,0.88,서식 정함|보고서 내용,2026-04-28
보고서,포함함,LOGICAL,"항목1 (시점, 가격, 변동 수량, 보유 수량)",제200조의2제3항제4호,0.85,항목1|보고서 내용,2026-04-28
보고서,포함함,LOGICAL,항목2 (제4항제1호부터 제3호까지의 사항),제200조의2제3항제4호,0.85,항목2|보고서 내용,2026-04-28
보고서,포함함,LOGICAL,"항목3 (매매보고서, 대량 보유 및 변동 내용 증빙 자료)",제200조의2제3항제4호,0.85,항목3|보고서 내용,2026-04-28
청약 또는 주문,정의함,LOGICAL,해당 증권의 순보유잔고가 음수(-)의 값을 가지거나 음수의 값을 가진 순보유잔고의 절대값이 증가하는 청약 또는 주문,제208조의2제3항,0.95,정의|음수 순보유잔고|절대값 증가,2026-04-28
청약,제외,ACTION,공매도,제180조제2항,0.95,공매도 제외,2026-04-28
공매도 제외,정의함,LOGICAL,공매도,제180조제2항,0.9,공매도 제외,2026-04-28
제180조제2항,근거함,STRUCTURE,공매도 제외,제180조제2항,0.85,공매도 제외,2026-04-28
금융위원회가 정하여 고시하는 시점,정의함,LOGICAL,매 영업일 24시,제208조의2제3항제1호,0.95,정의|시점|매 영업일 24시,2026-04-28
금융위원회가 정하여 고시하는 시점,정의함,LOGICAL,매도자가 해당 청약 또는 주문이 제1항에 따른 공매도인지 여부를 판단하는 경우에는 해당 청약 또는 주문을 내기 직전,제208조의2제3항제1호,0.9,정의|시점|공매도 판단|매도자,2026-04-28
외국 금융투자업자,따르다,ACTION,나목,제12조제2항제1호나목,0.95,외국 금융투자업자|나목,2026-04-28
독립거래단위,요구함,ACTION,금융기관,제10조제2항제1호부터 제8호까지,0.95,독립거래단위|금융기관,2026-04-28
독립거래단위,요구함,ACTION,독립적인 조직,제10조제2항제1호부터 제8호까지,0.9,독립거래단위|독립적인 조직|매매목적|전략,2026-04-28
독립거래단위,요구함,ACTION,자체적으로 산정할 수 있는 능력,제10조제2항제1호부터 제8호까지,0.9,독립거래단위|자체적으로 산정|순보유잔고|거래종목,2026-04-28
소속 직원들,요구함,ACTION,하나의 독립거래단위에만 속함,제10조제2항제1호부터 제8호까지,0.9,소속 직원들|독립거래단위,2026-04-28
다수의 독립거래단위,요구함,ACTION,동일한 증권계좌를 이용하지 않음,제10조제2항제1호부터 제8호까지,0.9,다수의 독립거래단위|증권계좌,2026-04-28
독립거래단위 운영,요구함,ACTION,내부관리기준 마련,제10조제2항제1호부터 제8호까지,0.9,독립거래단위|내부관리기준,2026-04-28
계좌,판단함,ACTION,공매도인지,제208조의2제1항제2호 및 제3호,0.95,공매도 판단|계좌별 판단,2026-04-28
금융위원회가 정하여 고시하는 방법,정의함,LOGICAL,매도자 별 순보유잔고에 기준시점의 증권 가격을 곱하는 방법,제208조의2제4항,0.99,정의|금융위원회가 정하여 고시하는 방법,2026-04-28
자,제출하여야 한다,ACTION,보고서,제208조의2제4항,0.95,보고서 제출|제출,2026-04-28
금융기관,제출,ACTION,보고서,제208조의2제3항제1호다목,0.98,보고서 제출|금융기관,2026-04-28
금융기관,제출,ACTION,금융위원회,제208조의2제3항제1호다목,0.97,보고서 제출|금융위원회,2026-04-28
금융기관,제출,ACTION,거래소,제208조의2제3항제1호다목,0.97,보고서 제출|거래소,2026-04-28
보고서,포함함,STRUCTURE,해당 증권에 관한 사항,제208조의2제3항제1호다목,0.92,보고서 내용|해당 증권에 관한 사항,2026-04-28
산정기준일,정한다,ACTION,다음 각호의 어느 하나에 해당하는 날,제208조의2제4항,0.98,산정기준일|날,2026-04-28
제208조의2제4항,근거함,STRUCTURE,산정기준일 정한다,제208조의2제4항,0.92,제208조의2제4항|산정기준일 정한다,2026-04-28
자,공시하여야 한다,ACTION,각 호의 사항,제208조의3제2항,0.95,공시|각 호의 사항,2026-04-28
제6-31조제3항 각 호 외의 부분 단서의 규정,우선함,LOGICAL,제208조의3제2항,제208조의3제2항,0.8,제6-31조제3항|제208조의3제2항,2026-04-28
순보유잔고 비율,정의함,LOGICAL,고유재산과 투자자재산을 구분하지 않음,제208조의 3제2항,0.95,순보유잔고 비율 산정|구분하지 않음,2026-04-28
독립거래단위를 운영하고자 하는 자,요구함,ACTION,독립거래단위 설정 요건,제6-32조,0.95,독립거래단위 설정 요건,2026-04-28
독립거래단위를 운영하고자 하는 자,요구함,ACTION,독립거래단위 운영의 독립성 유지를 위한 관리방안,제6-32조,0.95,독립거래단위 운영의 독립성 유지를 위한 관리방안,2026-04-28
독립거래단위를 운영하고자 하는 자,요구함,ACTION,독립거래단위별 순보유잔고 산출 및 관리에 관한 구체적인 업무처리절차,제6-32조,0.95,독립거래단위별 순보유잔고 산출 및 관리에 관한 구체적인 업무처리절차,2026-04-28
독립거래단위를 운영하고자 하는 자,요구함,ACTION,독립거래단위간의 거래 요건,제6-32조,0.95,독립거래단위간의 거래 요건,2026-04-28
독립거래단위를 운영하는 자,요구함,ACTION,전산 자료의 형태로 보관된 자료 (5년간),제6-32조,0.95,자료 보관|전산 자료,2026-04-28
외국 금융투자업자,요구함,ACTION,관련자료,제12조제2항제1호나목,0.95,관련자료 제공|즉시 제공|국내에서 관리,2026-04-28
금융위원회가 정하여 고시하는 바,정의함,LOGICAL,법,제208조의4제2항제2호,0.95,정의|법,2026-04-28
거래,정의함,LOGICAL,유동성 공급 및 시장조성 목적의 거래,393,0.99,거래|정의|유동성 공급|시장조성,2026-04-28
거래,참조함,STRUCTURE,증권시장업무규정,340,0.9,거래|증권시장업무규정|정의,2026-04-28
주식,공매도,ACTION,주식,제392조제2항,0.9,공매도,2026-04-28
주식,공매도 주문을 위탁,ACTION,주식,제392조제2항,0.9,공매도 주문,2026-04-28
파생상품시장업무규정,정의함,LOGICAL,유동성 공급 및 시장조성 목적,제392조제2항,0.8,유동성 공급|시장조성 목적,2026-04-28
독립거래단위,금지함,ACTION,공매도,제208조의4,0.95,공매도 금지,2026-04-28
독립거래단위,허용함,ACTION,주식 취득,제208조의4,0.95,공매도 금지 조건|주식 취득,2026-04-28
금융위원회가 정하여 고시하는 요건,정의함,LOGICAL,다음 각 호의 어느 하나에 해당하는 요건,제208조의5제2항제4호,0.95,정의함|요건,2026-04-28
차입공매도 목적으로 상장증권의 대차거래계약을 체결한 자,보고,ACTION,금융감독원장,제6-36조,0.95,보고|대차계약 체결 후 90일 경과,2026-04-28
공매도 내부통제기준,정의함,LOGICAL,제208조의7제2항제1호가목에 따른 기준 및 절차,제208조의7제2항제1호가목,0.95,공매도 내부통제기준|정의,2026-04-28
독립거래단위,관리할 것,ACTION,종목별 잔고,제208조의7제2항제1호가목,0.9,독립거래단위|종목별 잔고|관리,2026-04-28
계좌별 또는 투자자 재산별,관리할 것,ACTION,종목별 잔고,제208조의7제2항제1호가목,0.85,계좌별|투자자 재산별|종목별 잔고|관리,2026-04-28
공매도 주문,기록ㆍ관리할 것,ACTION,"일시, 종목, 수량 및 담당 임직원 등에 관한 정보",제208조의7제2항제1호가목,0.9,공매도 주문|기록|관리|정보,2026-04-28
공매도 주문,보관할 것,ACTION,5년간,제208조의7제2항제1호가목,0.9,공매도 주문|보관|5년,2026-04-28
제208조의7제2항제1호가목,준용함,STRUCTURE,제6-30조제6항,제208조의7제2항제1호가목,0.8,제6-30조제6항|준용,2026-04-28
법인,요구함,ACTION,전산설비 구축,제208조의7제3항,0.95,전산설비 구축,2026-04-28
법인,요구함,ACTION,인적 사항 등록,제208조의7제3항,0.95,인적 사항 등록,2026-04-28
법인,요구함,ACTION,공매도 등록번호 발급,제208조의7제3항,0.95,공매도 등록번호 발급,2026-04-28
법인,요구함,ACTION,공매도 등록번호 알림,제208조의7제3항,0.95,공매도 등록번호 알림,2026-04-28
법인,요구함,ACTION,전산설비 구축 및 이용,제208조의7제3항,0.95,전산설비 구축 및 이용,2026-04-28
공매도 등록번호,정의함,LOGICAL,고유번호,제208조의7제3항,0.95,공매도 등록번호|고유번호,2026-04-28
금융위원회가 정 하여 고시하는 금액,정의함,LOGICAL,1억원,제209조,0.95,정의|금액,2026-04-28
집합투자업자,요구함,ACTION,고유재산 투자금 매수,제209조제1호,0.95,고유재산 투자금|집합투자업자|집합투자증권|매수,2026-04-28
집합투자업자,요구함,ACTION,고유재산 투자금 금액이 2억원 이상,제209조제1호,0.9,고유재산 투자금|2억원 이상,2026-04-28
집합투자업자,요구함,ACTION,고유재산 투자금 일시적 집행을 1개월 이내에,제209조제1호,0.9,고유재산 투자금|1개월 이내|일시적 집행,2026-04-28
집합투자업자,예외로함,LOGICAL,고유재산 투자금 1년 이내에 4회 이하로 분할 납입 가능,제209조제1호,0.85,고유재산 투자금|1년|4회 이하|분할 납입,2026-04-28
집합투자업자,요구함,ACTION,고유재산 투자금 3년 이상 유지,제209조제1호,0.9,고유재산 투자금|3년 이상 유지,2026-04-28
집합투자업자,예외로함,LOGICAL,고유재산 투자금 3년 미만 존속기한의 집합투자기구에 대해 유지 요건이 면제,제209조제1호,0.8,고유재산 투자금|3년 미만|존속기한|면제,2026-04-28
단서,참조함,STRUCTURE,제192조제2항,제192조제1항,0.95,단서|제192조제2항,2026-04-28
제202조제1항,상위조항,STRUCTURE,제202조,제202조제1항,0.6,제202조제1항,2026-04-28
집합투자기구,정의함,LOGICAL,해지ㆍ해산,221조제1항,0.85,해지ㆍ해산|집합투자기구,2026-04-28
집합투자기구,요구함,ACTION,다. 집합투자기구 설정ㆍ설립 후 3년 이내에 다른 모집합투자기구의 자집합투자기구로 편입되거나 영,221조제1항,0.6,해지ㆍ해산|3년 이내|편입,2026-04-28
집합투자업자,요구함,ACTION,자산운용보고서에 기재하고 투자자에게 통지하고 집합투자업자 홈페이지를 이용하여 공시할 것,제245조 제5항,0.92,고유재산 투자금 회수|자산운용보고서|투자자 통지|공시,2026-04-28
집합투자업자,요구함,ACTION,2회 이상으로 분할하여 회수할 것,제245조 제5항,0.9,고유재산 투자금 회수|분할 회수,2026-04-28
집합투자업자,예외로함,LOGICAL,고유재산 투자금이 집합투자기구 원본액의 100분의 5 미만인 경우에는 분할하여 회수하지 아니할 수 있다,제245조 제5항,0.88,고유재산 투자금 회수|분할 회수 예외,2026-04-28
집합투자업자,요구함,ACTION,"1회 회수 금액은 고유재산 투자금의 100분의 50 이하로 하고, 1개월 이상이 경과한 후 다음 회차의 투자금을 회수할 것",제245조 제5항,0.91,고유재산 투자금 회수|1회 회수 금액 제한|회차 회수,2026-04-28
집합투자업자,요구함,ACTION,회수결과를 자산운용보고서에 기재하고 자산운용사 홈페이지를 통해 공시할 것,제245조 제5항,0.9,고유재산 투자금 회수|회수결과 공시,2026-04-28
집합투자업자,승인을요구함,ACTION,위험 관리위원회 등의 승인을 거칠 것,제245조 제5항,0.93,고유재산 투자금 회수|위험 관리위원회 승인,2026-04-28
집합투자업자,예외로함,LOGICAL,고유재산 투자계획을 수립하지 아니할 수 있다,제245조 제5항,0.88,고유재산 투자계획|수립 예외,2026-04-28
집합투자기구,정의함,LOGICAL,단서에 따른 성과보수를 받는 집합투자기구,제86조제1항,0.95,집합투자기구|단서에 따른 성과보수,2026-04-28
집합투자기구,받는,ACTION,성과보수,제86조제1항,0.9,집합투자기구|성과보수,2026-04-28
단기금융집합투자기구,정의함,LOGICAL,제229조제5호,229조제5호,0.9,단기금융집합투자기구|제229조제5호,2026-04-28
전환형집합투자기구,정의함,LOGICAL,전환형집합투자기구 4. 법,232,0.7,전환형집합투자기구 정의|전환형집합투자기구 4. 법,2026-04-28
전환형집합투자기구,참조함,STRUCTURE,제232조,232,0.8,전환형집합투자기구 참조|제232조,2026-04-28
상장지수집합투자기구,정의함,LOGICAL,다수 종목의 가격수준을 종합적으로 표시하는 지수의 변화에 연동하여 운용하는 것을 목표로 하는 집합투자 기구,제234조,0.95,정의|상장지수집합투자기구,2026-04-28
집합투자기구,정의함,LOGICAL,집합투자재산의 100%를 집합투자증권에 투자하는 집합투자기구,제279조,0.95,정의|집합투자기구|집합투자증권,2026-04-28
집합투자기구,정의함,LOGICAL,집합투자재산의 50%를 초과하여 파생결합증권에 운용하는 집합투자기구,제279조,0.95,정의|집합투자기구|파생결합증권,2026-04-28
집합투자기구,정의함,LOGICAL,집합투자재산의 운용업무 전부를 다른 집합투자업자(외국 집합투자업자를 포함)에 위탁한 집합투자기구,제279조,0.95,정의|집합투자기구|위탁,2026-04-28
집합투자기구,정의함,LOGICAL,세법 및 지방세관계법에 따른 조세특례가 적용되는 집합투자기구로서 개인인 투자자만을 대상으로 하는 집합투자기구,제279조,0.95,정의|집합투자기구|조세특례|개인인 투자자,2026-04-28
사채,정의함,LOGICAL,사채로서 법,제469조제2항제3호,0.95,사채|제469조제2항제3호에 따른 사채로서 법,2026-04-28
사채,참조함,STRUCTURE,제469조제2항제3호,제469조,0.9,사채|제469조제2항제3호,2026-04-28
집합투자업자,허용함,ACTION,고유재산,제4조제7항제1호,0.9,고유재산 투자금|추가 투자,2026-04-28
추가 투자,예외로함,LOGICAL,제1항 각 호의 요건,제4조제7항제1호,0.85,추가 투자|제1항 요건,2026-04-28
집합투자업자,허용함,ACTION,고유재산 투자금의 집행 연기(최대 1개월),제4조제7항제1호,0.8,고유재산 투자금|연기,2026-04-28
소규모 집합투자기구 비율,정의함,LOGICAL,금융위원회가 정하여 고시하는 집합투자기구가 차지하는 비율,제209조제1호나목,0.95,정의|금융위원회|집합투자기구,2026-04-28
소규모 집합투자기구 비율,산정 방식,LOGICAL,각 호에서 정한 방식에 따라 산정한 비율,제209조제1호나목,0.9,산정|각 호|비율,2026-04-28
소규모 집합투자기구 비율,산정 기준,LOGICAL,공모추가형 집합투자기구의 수 중 소규모 집합투자기구의 수의 비율,제209조제1호나목,0.9,공모추가형 집합투자기구|소규모 집합투자기구|비율,2026-04-28
소규모 집합투자기구 비율,산정 기준,LOGICAL,"모자형집합투자기구의 경우 모집합투자기구를 기준으로, 종류형집합투자기구의 경우 집합투자재산이 운용되는 집합투자기구를 기준으로 산정",제209조제1호나목,0.9,모자형집합투자기구|모집합투자기구|종류형집합투자기구|집합투자재산,2026-04-28
집합투자기구,산정한다,ACTION,외국집합투자기구,제279조,0.95,외국집합투자기구|산정,2026-04-28
집합투자기구,제외한다,ACTION,가. 부도 또는 소송 등의 발생으로 인하여 정상적인 매각이 어려운 자산에 집합투자재산의 100분의 50 이상을 투자하는 집합투자기구,제279조,0.9,부도|소송|매각|투자|제외,2026-04-28
집합투자기구,제외한다,ACTION,나. 종전의 「증권투자신탁업법」에 따라 설정되고 종전의 「조세특례제한법」(법률 제11614호 조세특례제한법 일부개정법률로 개정되기 전의 것을 말한다),제279조,0.9,증권투자신탁업법|조세특례제한법|제외,2026-04-28
라목에 따른 집합투자기구,제외한다,ACTION,소규모 집합투자기구의 수 산정,제279조,0.85,라목|소규모 집합투자기구|제외,2026-04-28
마목에 따른 집합투자기구,제외한다,ACTION,설정·설립 이후 2년 이내,제279조,0.85,마목|설정|설립|2년|제외,2026-04-28
집합투자기구,허용함,ACTION,조세특례,제86조제1항,0.95,조세특례|개인연금저축,2026-04-28
집합투자기구,예외로함,LOGICAL,나 목의 집합투자기구,제86조제1항,0.9,예외|나 목의 집합투자기구,2026-04-28
집합투자기구 다,정의함,LOGICAL,개인연금저축에 해당하는 집합투자기구,제86조제1항,0.9,정의|개인연금저축,2026-04-28
집합투자기구,정의함,LOGICAL,투자대상자산 및 투자전략이 유사하지 않아 모집합투자기구 이전이 불가능한 집합투자기구,제86조제1항,0.85,정의|투자대상자산|투자전략,2026-04-28
통지를 한 집합투자기구,정의함,LOGICAL,제225조의2제2항에 따른 통지를 한 집합투자기구,제225조의2제2항,0.95,통지|집합투자기구,2026-04-28
통지를 한 집합투자기구,참조함,STRUCTURE,"제225조의2제2항, 제7-25조제6항제4호, 제4-54조의2",제225조의2제2항,0.9,통지|집합투자기구,2026-04-28
금융위원회가 정하여 고시하는 경우,정의함,LOGICAL,등록하려는 집합투자기구가 공모추가형 집합투자기구에 해당하지 않는 경우,제209조제1호,0.95,정의|조건,2026-04-28
금융위원회가 정하여 고시하는 경우,정의함,LOGICAL,등록하려는 집합투자기구가 소규모 집합투자기구에 해당하지 않는 모집합투자기구의 자집합투자기구인 경우,제209조제1호,0.95,정의|조건,2026-04-28
금융위원회가 정하여 고시하는 경우,정의함,LOGICAL,등록하려는 집합투자기구가 소규모 집합투자기구에 해당하지 않는 종류형투자기구의 새로운 종류의 집합투자 증권을 발행하는 집합투자기구인 경우,제209조제1호,0.95,정의|조건,2026-04-28
금융위원회가 정하여 고시하는 경우,정의함,LOGICAL,집합투자업자가 운용하는 소규모 집합투자기구가 2개 이하인 경우,제209조제1호,0.95,정의|조건,2026-04-28
금융위원회가 정하여 고시하는 경우,정의함,LOGICAL,집합투자기구를 설정ㆍ설립할 때 출자ㆍ납입되는 금액이 50억원 이상임을 입증한 경우(이 경우 투자계획서 등 관련 증빙자료를 금융감독원장에게 제출하여야 함),제209조제1호,0.95,정의|조건,2026-04-28
금융위원회가 정하여 고시하는 경우,정의함,LOGICAL,등록하려는 집합투자기구가 제4-54조의2 각 호의 어느 하나에 해당하는 집합투자기구인 경우 제7-2조(변경등록의 적용제외),제209조제1호,0.95,정의|조건,2026-04-28
경미한 사항,정의함,LOGICAL,등록한 사항의 단순한 자구수정,제210조제2호,0.95,경미한 사항 정의,2026-04-28
경미한 사항,정의함,LOGICAL,"집합투자업자, 신탁업자, 또는 일반사무관리회사 등의 개요 및 재무정보 등 기본정보의 변경",제210조제2호,0.95,경미한 사항 정의,2026-04-28
경미한 사항,정의함,LOGICAL,제1호 및 제2호 외에 투자자의 투자판단에 영향을 미치지 않는 사항,제210조제2호,0.95,경미한 사항 정의,2026-04-28
금융위원회가 정하여 고시하는 사항,정의함,LOGICAL,손해배상책임에 관한 사항,제211조제1항제15호,0.95,정의함|항목,2026-04-28
정책,정의함,LOGICAL,소규모 집합투자기구,제223조제3호 또는 제4호,0.85,정책|소규모 집합투자기구,2026-04-28
정책,요구함,ACTION,투자자 보호,제223조제3호 또는 제4호,0.9,정책|투자자 보호,2026-04-28
정책,참조함,STRUCTURE,소규모 집합투자기구,제223조제3호 또는 제4호,0.8,정책|소규모 집합투자기구,2026-04-28
서류,정의함,LOGICAL,금융위원회가 정하여 고시하는 서류,제211조제2항제6호,0.95,정의|서류,2026-04-28
서류,정의함,LOGICAL,투자회사의 경우 감독이사의 이력서 및 결격요건에 해당하지 않음을 증빙하는 서류,제211조제2항제6호,0.95,정의|서류,2026-04-28
서류,정의함,LOGICAL,장외파생상품 또는 특별자산에 투자하는 집합투자기구의 경우 장외파생상품 또는 특별자산의 평가방법을 기재한 서류,제211조제2항제6호,0.95,정의|서류,2026-04-28
금융감독원장,권한을가짐,ACTION,장외파생상품 운용에 따른 위험관리방법에 관한 서류,제93조제2항,0.85,금융감독원장|장외파생상품 운용|위험관리방법,2026-04-28
장외파생상품 운용에 따른 위험관리방법에 관한 서류,정의함,LOGICAL,소규모 집합투자기구 비율에 관한 서류,제93조제2항,0.7,위험관리방법|소규모 집합투자기구 비율,2026-04-28
금융감독원장,권한을가짐,ACTION,소규모 집합투자기구 비율에 관한 서류,제93조제2항,0.8,금융감독원장|소규모 집합투자기구 비율,2026-04-28
집합투자기구등록부,기재함,ACTION,각 호,제182조제7항,0.95,집합투자기구등록부 기재사항|각 호,2026-04-28
양해각서,정의함,LOGICAL,아시아 지역 펀드 교차판매에 관한 양해각서(Memorandum of Cooperation on the Establishment and Implementation of the Asia Region Funds Passport),제211조의2제1항,0.95,양해각서|정의,2026-04-28
금융위원회가 정하여 고시하는 금액,정의함,LOGICAL,영,제211조의2제2항제1호,0.9,정의|금융위원회|고시,2026-04-28
운용자산규모,정의함,LOGICAL,"제211조의2제2항제3호에 따른 운용자산규모에서 미화 5억 달러를 차감한 금액의 1,000분의 1과 미화 100만 달러를 더한 금액(합산 금액이 미 화 2,000만 달러를 초과하는 경우에는 미화 2,000만 달러)",제211조의2제2항제3호,0.95,운용자산규모|계산식,2026-04-28
운용자산규모,준용함,STRUCTURE,제211조의2제2항제3호,제211조의2제2항제3호,0.9,운용자산규모|제211조의2제2항제3호,2026-04-28
금융위원회가 정하여 고시하는 기준,정의함,LOGICAL,별표 16의2 제2호 가목,제211조의2제2항제2호,0.95,정의함|비교,2026-04-28
운용자산규모,정의함,LOGICAL,투자신탁이나 투자익명조합의 집합투자업자 또는 투자회 사등과 그 특수관계인이 운용하는 집합투자재산 및 투자일임재산,제211조의2제2항제3호,0.95,운용자산규모 정의|포함 항목,2026-04-28
운용자산규모,예외로함,LOGICAL,해당 투자신탁이나 투자익명 조합의 집합투자업자 또는 투자회사등과 그 특수관계인이 운용하는 다른 집합투자기구 또는 다른 투자일임계정 법제처 177 국가법령정보센터 금융투자업규정 에 투자되는 자산,제211조의2제2항제3호,0.95,운용자산규모 정의|제외 항목,2026-04-28
환율 적용기준,정의함,LOGICAL,영,제211조의2제2항 제1호ㆍ제3호,0.99,환율 적용기준|영,2026-04-28
금융감독원장,정한다,ACTION,정해질 내용,Unknown,0.9,집합투자기구 교차판매에 관한 협약|정해질 내용,2026-04-28
금융감독원장,참조함,STRUCTURE,제211조의2제1항,Unknown,0.95,제211조의2제1항,2026-04-28
기준,정의함,LOGICAL,별표 16의2 제1호 및 제2호,제211조의2제2항제4호,0.95,정의함|기준,2026-04-28
단기금융상품,정의함,LOGICAL,금융위원회가 정하여 고시하는 단기금융상품,제211조의2제3항제1호,0.95,단기금융상품 정의|정의,2026-04-28
단기금융상품,준용함,STRUCTURE,별표 16의2 제4호 가 목 5),제211조의2제3항제1호,0.9,준용|별표 16의2 제4호 가 목 5),2026-04-28
금융위원회,정하고 고시하는,ACTION,단기금융상품,제211조의2제3항제1호,0.9,정하고 고시하는|단기금융상품,2026-04-28
금융위원회,정의함,LOGICAL,별표 16의2 제3호 각 목,제211조의2제3항제2호,0.95,적격요건|정의,2026-04-28
적격요건,정의함,LOGICAL,별표 16의2 제3호 각 목,제211조의2제3항제2호,0.9,정의,2026-04-28
금융위원회,정하여 고시하는,ACTION,요건,제211조의2제3항제3호,0.95,정하여 고시하는|요건,2026-04-28
금융위원회가 정하여 고시하는 요건,정의함,LOGICAL,별표 16의2 제4호부터 제7호까지 및 별표 16의3,제211조의2제3항제3호,0.9,정의함|별표 16의2 제4호부터 제7호까지 및 별표 16의3,2026-04-28
금융위원회가 정하여 고시하는 기간,정의함,LOGICAL,별표 17,제214조제1항제5호,0.99,정의|기간,2026-04-28
제215조제12호,상위조항,STRUCTURE,제215조,제215조제12호,0.9,제215조제12호,2026-04-28
제227조,참조함,STRUCTURE,제2조제6호가목2,227,0.2,제227조|제2조제6호가목2,2026-04-28
제234조제1항제12호,정의함,LOGICAL,제214조제1항제5호,제234조제1항제12호,0.1,제234조제1항제12호|제214조제1항제5호,2026-04-28
제236조제1항제 12호,정의함,LOGICAL,내용 없음,제236조제1항제 12호,0.9,내용 없음,2026-04-28
제236조의2제1항제12호,정의함,LOGICAL,내용 없음,제236조의2제1항제12호,0.5,제236조의2제1항제12호|내용 없음,2026-04-28
제11호,정의함,LOGICAL,제237조제1항제11호,제237조제1항제11호,0.6,제11호|제237조제1항제11호,2026-04-28
정하는 사 항,정의함,LOGICAL,투자자산별 취득한도,제239조제11호,0.95,정의|정하는 사 항|투자자산별 취득한도,2026-04-28
정하는 사 항,정의함,LOGICAL,취득한도 초과시 해소방법 및 해소기한,제239조제11호,0.95,정의|정하는 사 항|취득한도 초과시 해소방법 및 해소기한,2026-04-28
정하는 사 항,정의함,LOGICAL,법,제239조제11호,0.95,정의|정하는 사 항|법,2026-04-28
투자매매업자,요구함,ACTION,자료 교부 및 설명,제76조제4항,0.95,자료 교부 및 설명|집합투자증권,2026-04-28
자료 교부 및 설명,예외로함,LOGICAL,사모집합투자기구,제76조제4항,0.9,사모집합투자기구,2026-04-28
투자매매업자,요구함,ACTION,자료,제76조제4항,0.9,자료|집합투자증권,2026-04-28
집합투자기구,허용함,ACTION,금전,192,0.9,차입 가능성|최대 차입한도,2026-04-28
차입 가능성 및 최대 차입한도,정의함,LOGICAL,집합투자기구가 금전을 차입할 수 있는 범위,192,0.8,차입 가능성|최대 차입한도,2026-04-28
집합투자재산,요구함,ACTION,금전의 대여로 운용,제2조제7호,0.9,고난도금융투자상품|금전의 대여,2026-04-28
고난도금융투자상품,정의함,LOGICAL,해당한다는 사실,제2조제7호,0.8,고난도금융투자상품|해당,2026-04-28
금전의 대여 비중,정의함,LOGICAL,금전의 대여가 집합투자재산 총액에서 차지하는 비중,제249조의7제2항제4호,0.95,금전의 대여 비중|정의,2026-04-28
일반 사모집합투자기구,제한,ACTION,투자자,제249조의7제2항제4호,0.9,투자자 제한|일반 사모집합투자기구,2026-04-28
투자자 제한,정의함,LOGICAL,제249조의7제2항제4호,제249조의7제2항제4호,0.8,투자자 제한|제249조의7제2항제4호,2026-04-28
전문투자자,허용함,ACTION,집합투자 증권,제9조제5항,0.9,전문투자자|집합투자 증권,2026-04-28
전문투자자,허용함,ACTION,집합투자 증권의 양도ㆍ양수도,제9조제5항,0.85,전문투자자|집합투자 증권의 양도ㆍ양수도,2026-04-28
사모집합투자기구,운용,ACTION,법인에 대한 투자,제249조의7제5항,0.95,운용|법인에 대한 투자,2026-04-28
사모집합투자기구,준용함,STRUCTURE,제7-41조의7제10항제5호 또는 제6호,제249조의7제5항,0.85,제7-41조의7제10항제5호|제7-41조의7제10항제6호,2026-04-28
사모집합투자기구,참조함,STRUCTURE,제7-8조의2,제249조의7제5항,0.8,간주의결권행사의 방법과 절차,2026-04-28
수익자에게 제공하는 것,정의함,LOGICAL,집합투자업자가 수익자에게 통지하고 공시하는 것,제221조제7항,0.95,수익자에게 제공하는 것|통지|공시,2026-04-28
집합투자업자,요구함,ACTION,수익자에게 통지 및 공시,제221조제7항,0.9,수익자에게 제공하는 것|통지|공시,2026-04-28
수익자총회 결의내용,정의함,LOGICAL,수익자총회의 결의내용에 관한 사항 제7-8조의3(수익자총회 결의사항의 예외) ① 영,제190조제6항,0.95,수익자총회 결의내용|정의,2026-04-28
금융위원회가 정하여 고시하는 경우,정의함,LOGICAL,수익자 의견수렴 절차를 거친 경우로서 다음 각 호의 어느 하나에 해당하는 경우,217,0.97,정의함|금융위원회가 정하여 고시하는 경우,2026-04-28
각 목,산정한다,ACTION,기준,제217조,0.95,산정 기준,2026-04-28
모자형집 합투자기구,산정한다,ACTION,모집합투자기구,제217조,0.95,모자형집 합투자기구|모집합투자기구,2026-04-28
종류형집합투자기구,산정한다,ACTION,집합투자재산이 운용되는 집합투자기구,제217조,0.95,종류형집합투자기구|집합투자재산이 운용되는 집합투자기구,2026-04-28
각 목,산정한다,ACTION,금액 또는 기간,제217조,0.95,금액|기간,2026-04-28
집합투자기구,산정한다,ACTION,해당 투자대상 외국집합투자기구,제279조,0.95,산정 기준,2026-04-28
해당 투자대상 외국집합투자기구,산정 기준,LOGICAL,10년 이상 경과한 투자신탁일 것,제279조,0.9,산정 기준|10년 이상 경과,2026-04-28
해당 투자대상 외국집합투자기구,산정 기준,LOGICAL,최근 3년간 일평균 원본액이 50억원에 미달할 것,제279조,0.9,산정 기준|일평균 원본액 50억원 미달,2026-04-28
집합투자업자,요구함,ACTION,수익자에게 서면으로 통지,제217조제1호,0.95,수익자 의견수렴 절차|통지|2개월 전,2026-04-28
집합투자업자,위탁함,ACTION,전자등록기관,제217조제1호,0.9,통지업무|전자등록기관,2026-04-28
수익자 의견수렴 절차,정의함,LOGICAL,"집합투자업자가 신탁계약의 변경을 위한 이사회 결의일의 2개월 전까지 수익자에게 서면으로 통지하고, 그 통지업무를 전자등록기관에 위탁하는 절차",제217조제1호,0.92,수익자 의견수렴 절차|요건,2026-04-28
제1항제2호,예외로함,LOGICAL,2개월을 1개월로 본다,제217조제1호,0.85,제1항제2호|예외,2026-04-28
각호의 방법,공시,ACTION,통지,89-2,0.9,공시|통지,2026-04-28
수익증권매수청구권,정의함,LOGICAL,제191조제1항제1호에 따른 수익증권매수청구권에 관한 사항,제191조제1항제1호,0.95,수익증권매수청구권 정의,2026-04-28
수익자총회,정의함,LOGICAL,집합투자업자의 이사회,제191조제1항제1호,0.95,수익자총회 정의,2026-04-28
금융위원회가 정하여 고시하는 사항,정의함,LOGICAL,수익자에 대한 통지에 관한 사항,224조제1항제5호,0.99,정의함|고시,2026-04-28
금융위원회가 정하여 고시하는 사항,정의함,LOGICAL,해지금의 지급에 관한 사항,224조제1항제5호,0.99,정의함|고시,2026-04-28
금융위원회가 정하여 고시하는 서류,정의함,LOGICAL,해지사유를 증빙할 수 있는 서류,제224조제2항제3호,0.95,정의함|서류|해지사유 증빙,2026-04-28
금융위원회,정하는,ACTION,공정가액,제224조,0.95,정하는|공정가액,2026-04-28
공정가액,정의함,LOGICAL,미수금 채권,제224조,0.9,정의함|미수금 채권,2026-04-28
공정가액,정의함,LOGICAL,미지급금 채무,제224조,0.9,정의함|미지급금 채무,2026-04-28
집합투자업자,정함,ACTION,이자율,제224조,0.85,정함|이자율,2026-04-28
금융위원회가 정하여 고시하는 기준,정의함,LOGICAL,다음 각 호의 요건을 모두 충족하는 것을 말한다.,제224조의2제1호의2,0.95,정의|기준,2026-04-28
증권금융회사,정의함,LOGICAL,제324조,324,0.9,제324조에 따른|정의,2026-04-28
수익자,정의함,LOGICAL,각 목에 해당하는 수익자,제224조의2제1호의2,0.95,각 목에 해당하는,2026-04-28
수익자,요구함,ACTION,투자신탁,제224조의2제1호의2,0.95,자금의 통합운용에 대한 별도의 승인|집합투자업자 선임,2026-04-28
수익자,요구함,ACTION,다른 집합투자기구에 투자,제224조의2제1호의2,0.9,수익자로부터 모은 금전|운용 방식,2026-04-28
금융위원회가 정하여 고시하는 자,정의함,LOGICAL,영,제224조의2,0.95,정의|금융위원회가 정하여 고시하는 자,2026-04-28
제10조제2항제9호,정의함,LOGICAL,제10조제2항제9호,제10조제2항제9호,0.4,제10조제2항제9호,2026-04-28
자,정의함,LOGICAL,제10조제 3항제5호부터 제7호까지의 어느 하나에 해당하는 자,제10조제 3항제5호부터 제7호까지,0.95,정의,2026-04-28
자,참조함,STRUCTURE,제10조제 3항제5호부터 제7호까지,제10조제 3항제5호부터 제7호까지,0.9,참조,2026-04-28
금융위원회가 정하여 고시하는 사 항,정의함,LOGICAL,합병비율의 적정성,제225조의2제1항,0.97,정의함,2026-04-28
금융위원회가 정하여 고시하는 사 항,정의함,LOGICAL,"합병 사전 통지, 수익증권매수청구 관련 절차가 적절하게 이루어졌는지 여부",제225조의2제1항,0.97,정의함,2026-04-28
금융위원회가 정하여 고시하는 사 항,정의함,LOGICAL,합병하려는 투자신탁의 투자대상자산의 유사성 여부,제225조의2제1항,0.97,정의함,2026-04-28
금융위원회가 정하여 고시하는 사 항,정의함,LOGICAL,그 밖에 투자자 보호를 위하여 금융감독원장이 정하는 사항,제225조의2제1항,0.97,정의함,2026-04-28
금융위원회가 정하여 고시하는 자,정의함,LOGICAL,제7-11조의2제3항의 어느 하나에 해당하는 자,제231조의2제1호의2마목,0.95,정의|자,2026-04-28
금융위원회가 정하여 고시하는 자,참조함,STRUCTURE,제7-11조의2제3항,제231조의2제1호의2마목,0.9,참조|제7-11조의2제3항,2026-04-28
금융감독원장,정한다,ACTION,"제226조제6항에 따른 투자신탁 합병계획서의 서식, 작성방법 등",제226조제6항,0.95,투자신탁 합병계획서|서식|작성방법,2026-04-28
단서,준용함,ACTION,제7-8조의3,229.1,0.95,단서|제7-8조의3,2026-04-28
제217조,참조함,STRUCTURE,제2조제6호가목2,217,0.4,전문인력|제2조제6호가목2,2026-04-28
같은 조,정의함,LOGICAL,같은 항,제229조제1항,1.0,같은 조 정의|같은 항,2026-04-28
투자신탁,정의함,LOGICAL,투자회사,제229조제1항,1.0,투자신탁 정의|투자회사,2026-04-28
환매금지형투자 신탁,정의함,LOGICAL,환매금지형투자회사,제229조제1항,1.0,환매금지형투자 신탁 정의|환매금지형투자회사,2026-04-28
신탁계약,정의함,LOGICAL,정관,제229조제1항,1.0,신탁계약 정의|정관,2026-04-28
집합투자업자,정의함,LOGICAL,투자회사,제229조제1항,1.0,집합투자업자 정의|투자회사,2026-04-28
설정,정의함,LOGICAL,설립,제229조제1항,1.0,설정 정의|설립,2026-04-28
원본액,정의함,LOGICAL,주금,제229조제1항,1.0,원본액 정의|주금,2026-04-28
수익자,정의함,LOGICAL,주주,제229조제1항,1.0,수익자 정의|주주,2026-04-28
수익증권,정의함,LOGICAL,주식,제229조제1항,1.0,수익증권 정의|주식,2026-04-28
총좌수,정의함,LOGICAL,총수,제229조제1항,1.0,총좌수 정의|총수,2026-04-28
좌수,정의함,LOGICAL,수,제229조제1항,1.0,좌수 정의|수,2026-04-28
제4호,정의함,LOGICAL,제3호,제229조제1항,1.0,제4호 정의|제3호,2026-04-28
수익증권매수청구권,정의함,LOGICAL,주식매수청구권,제229조제1항,1.0,수익증권매수청구권 정의|주식매수청구권,2026-04-28
금융감독원장,결정,ACTION,보수,제203조제6항,0.95,보수 결정,2026-04-28
보수 결정,고려함,LOGICAL,이사의 보수수준,제203조제6항,0.9,이사의 보수수준,2026-04-28
보수 결정,고려함,LOGICAL,재산규모,제203조제6항,0.9,재산규모,2026-04-28
보수 결정,고려함,LOGICAL,청산업무의 난이도,제203조제6항,0.9,청산업무의 난이도,2026-04-28
보수 결정,고려함,LOGICAL,선임된 청산인과 청산감독인의 주요경력,제203조제6항,0.9,선임된 청산인과 청산감독인의 주요경력,2026-04-28
보수 결정,준용함,STRUCTURE,제7-13조의2,제203조제6항,0.9,제7-13조의2,2026-04-28
금융위원회가 정하여 고시하는 사 항,정의함,LOGICAL,제7-11조의3 각 호에 해당하는 사항,233조의2제1항,0.95,정의함|사 항,2026-04-28
금융위원회가 정하여 고시하는 사 항,참조함,STRUCTURE,제7-11조의3,233조의2제1항,0.9,참조함|정의,2026-04-28
금융위원회가 정하여 고시하는 자,정의함,LOGICAL,제7-11조의2제1항 각 호의 어느 하나에 해당하는 자,제238조제2항제1호아목,0.99,정의|금융위원회가 정하여 고시하는 자,2026-04-28
금융위원회가 정하여 고시하는 범위,정의함,LOGICAL,100분의 5,제241조제2항제1호의2,1.0,정의함|범위,2026-04-28
금융위원회가 정하여 고시하는 범위,정의함,LOGICAL,집합투자기구에서 보유하고 있는 증권 총액의 100분의 5,제241조제2항제2호,0.99,정의|범위,2026-04-28
금리조정부자산,산정,ACTION,차기 이자조정일,제241조제1항제1호가목,0.95,잔존만기 산정|변동금리부자산,2026-04-28
금리조정부자산,산정,ACTION,잔존기간 산정일의 다음날,제241조제1항제1호가목,0.95,잔존만기 산정|금리연동부자산,2026-04-28
금리조정부자산,산정,ACTION,차기 이자조정일과 처분옵션을 행사할 경우 원리금을 상환 받을 수 있는 날 중 먼저 도래하는 날,제241조제1항제1호가목,0.95,잔존만기 산정|만기가 1년 이내인 처분옵션부 변동금리부자산,2026-04-28
금리조정부자산,산정,ACTION,차기 이자조정일과 처분옵션을 행사할 경우 원리금을 상환 받을 수 있는 날 중 나중에 도래하는 날,제241조제1항제1호가목,0.95,잔존만기 산정|만기가 1년을 초과하는 처분옵션부 변동금리부자산,2026-04-28
금리조정부자산,산정,ACTION,처분옵션을 행사할 경우 원리금을 상환받을 수 있는 날,제241조제1항제1호가목,0.95,잔존만기 산정|만기가 1년을 초과하는 처분옵션부 금리연동부자산,2026-04-28
잔존만기 산정,정의함,LOGICAL,금리조정부자산의 잔존기간은 산정일부터 다음 각 호에서 규정한 날까지의 기간으로 한다.,제241조제1항제1호가목,0.9,잔존만기 산정|금리조정부자산,2026-04-28
금융위원회가 정하여 고시하는 범위,정의함,LOGICAL,다음 각 호,제241조제2항제3호,0.95,정의|범위,2026-04-28
단기금융집합투자기구,정함,LOGICAL,75일,제241조제2항제4호,0.95,정함|단기금융집합투자기구 정의,2026-04-28
단기금융집합투자기구,정의함,LOGICAL,장부가격으로 평가하지 않음,제241조제2항제4호다목 및 라목,0.95,단기금융집합투자기구 정의|장부가격 평가 제외,2026-04-28
단기금융집합투자기구,정의함,LOGICAL,120일,제241조제2항제4호다목 및 라목,0.9,단기금융집합투자기구 정의|평가기간,2026-04-28
단기금융집합투자기구,정의함,LOGICAL,60일,제241조제2항제4호다목 및 라목,0.9,단기금융집합투자기구 정의|평가기간,2026-04-28
단서,준용함,STRUCTURE,제4항제2호의 단기금융집합투자기구와 제4항제3호의 단기금융집합투자기구,제241조제2항제4호,0.95,단서에 따라|단기금융집합투자기구,2026-04-28
단기금융집합투자기구,정의함,LOGICAL,제241조제2항제4호,제241조제2항제4호,0.9,단기금융집합투자기구 정의,2026-04-28
운용제한,정의함,LOGICAL,집합투자업자는 단기금융집합투자기구의 집합투자재산을 특정 자산에 운용하여서는 아니 된다.,제7-16조,0.95,운용제한|정의,2026-04-28
집합투자업자,금지함,ACTION,자산의 원리금 또는 거래금액이 환율·증권의 가치 또는 증권지수의 변동에 따라 변동하거나 계약시점에 미리 정한 특정한 신용사건의 발생에 따라 확대 또는 축소되도록 설계된 자산에 운용하는 행위,제7-16조,0.9,금지|운용제한,2026-04-28
단기금 융집합투자기구,투자자,ACTION,외국환평형기금,제13조,0.95,단기금 융집합투자기구|외국환평형기금,2026-04-28
제13조,참조함,STRUCTURE,국가재정법,제13조,0.9,제13조|국가재정법,2026-04-28
집합투자재산,요구함,ACTION,채무증권,81,0.95,채무증권 비율|40% 이상,2026-04-28
채무증권 비율,정의함,LOGICAL,집합투자재산의 채무증권 비율,81,0.9,채무증권 비율,2026-04-28
집합투자업자,금지함,ACTION,다음 각 호의 자산 외의 자산,제4조제3항,0.95,자산 취득 금지|10% 이하,2026-04-28
다음 각 호의 자산,정의함,LOGICAL,"현금, 국채증권, 통화안정증권, 잔존만기가 1영업일 이내인 자산",제4조제3항,0.9,자산 정의,2026-04-28
사채권,제외함,ACTION,주권 관련 사채권 및 사모의 방법으로 발행 된 사채권,제71조,0.95,사채권 제외|주권 관련 사채권|사모의 방법으로 발행된 사채권,2026-04-28
집합투자업자,금지함,ACTION,다음 각 호의 자산 외의 자산을 취득,제79조제2항제5호,0.95,자산 취득 제한|집합투자업자|집합투자재산,2026-04-28
제79조제2항제5호,참조함,STRUCTURE,원화 단기금융집합투자기구,제79조제2항제5호,0.9,원화 단기금융집합투자기구|제79조제2항제5호,2026-04-28
금융위원회가 정하여 고시하는 금융상품,정의함,LOGICAL,"남은 만기가 6개월 이내인 외화표시 양도성 예금증서, 남은 만기가 5년 이내인 외화표시 국채증권 또는 해당 외국통화를 발행한 국가의 정부가 발행한 국채증권, 남은 만기가 1년 이내인 외화표시 채무증권, 남은 만기가 1년 이내인 영",제241조제1항제2호나목,0.95,정의,2026-04-28
금융위원회가 정하여 고시하는 금융상품,예외로함,LOGICAL,환매조건부매수의 경우 남은 만기 제한이 적용되지 않는다,제241조제1항제2호나목,0.9,예외,2026-04-28
외화표시 어음,정의함,LOGICAL,"기업어음증권은 제외하며, 해당 외국통화 를 발행한 국가의 외국은행이 발행ㆍ할인ㆍ매매ㆍ중개ㆍ인수 또는 보증하는 어음",제79조제2항제5호,0.95,정의|외화표시 어음,2026-04-28
외화표시 어음,참조함,STRUCTURE,제79조제2항제5호,제79조제2항제5호,0.9,참조|제79조제2항제5호,2026-04-28
외화 단기대출,정의함,LOGICAL,만기가 6개월 이내인 외화예금,제83조제4항제1호,0.92,외화 단기대출 정의|외화예금,2026-04-28
외화 단기대출,정의함,LOGICAL,다른 외화 단기금융집합투자기구의 집합투자증권,제83조제4항제1호,0.9,외화 단기대출 정의|외화 단기금융집합투자기구,2026-04-28
외화 단기대출,정의함,LOGICAL,외화표시 단기사채,제83조제4항제1호,0.88,외화 단기대출 정의|외화표시 단기사채,2026-04-28
외화 단기금융집합투자기구,금지함,ACTION,해당 자산에 운용,제241조제1항제2호,0.95,자산 운용 금지|외화 단기금융집합투자기구,2026-04-28
외화 단기금융집합투자기구,금지함,ACTION,원리금 또는 거래금액이 증권의 가치 또는 증권지수의 변동에 따라 변동하거나 계약시점에 미리 정한 특정 신용사건의 발생에 따라 확대 또는 축소되도록 설계된 자산,제241조제1항제2호,0.9,자산 운용 금지|변동성 자산,2026-04-28
외화 단기금융집합투자기구,금지함,ACTION,"원리금 또는 거래금액, 만기 또는 거래기간 등이 확정되지 아니한 자산",제241조제1항제2호,0.9,자산 운용 금지|미확정 자산,2026-04-28
외국환평형기금,투자함,ACTION,외 화 단기금융집합투자기구,제13조,0.95,외국환평형기금|투자|제13조에 따른,2026-04-28
외국환평형기금,투자함,ACTION,국가재정법,제13조,0.95,외국환평형기금|투자|제13조에 따른,2026-04-28
집합투자업자,운용하여야 한다,ACTION,외화표시 채무증권,81조,0.95,40% 이상|집합투자재산|외화 단기금융집합투자기구,2026-04-28
집합투자업자,취득하여서는 아니 된다,ACTION,다음 각 호의 자산 외의 자산,81조,0.95,10% 미만|집합투자재산|외화 단기금융집합투자기구,2026-04-28
집합투자업자,운용함에 있어,ACTION,집합투자재산,81조,0.9,운용|집합투자재산|외화 단기금융집합투자기구,2026-04-28
외화표시 어음,정의함,LOGICAL,외화표시 어음(기업어음증권은 제외한다),제79조제2항제5호,0.95,정의,2026-04-28
외화표시 어음,예외로함,LOGICAL,기업어음증권,제79조제2항제5호,0.9,예외,2026-04-28
외화표시 어음,참조함,STRUCTURE,외화표시 단기사채,제79조제2항제5호,0.85,참조,2026-04-28
외화표시 어음,참조함,STRUCTURE,외화표시 환매조건부매수,제79조제2항제5호,0.85,참조,2026-04-28
외화표시 어음,참조함,STRUCTURE,법,제79조제2항제5호,0.8,참조,2026-04-28
자산 취득 제한,정의함,LOGICAL,집합투자업자가 자산을 취득할 수 있는 범위 제한,제83조제4항제1호,0.9,자산 취득 제한,2026-04-28
기업어음증권,참조함,STRUCTURE,제4조제3항,제4조제3항,0.95,기업어음증권|제4조제3항에 따른,2026-04-28
금융기관,금지함,ACTION,"집합투자기구 자산총액의 100분의 5 이하의 채무증권, 100분의 3 이하의 어음, 100분의 1 이하의 단기사채를 운용",제79조제2항제5호,0.95,집합투자기구 자산총액 비율|운용|금지,2026-04-28
집합투자업자,금지함,ACTION,채무증권의 평가액과 그 동일인을 거래상대방으로 하는 그 밖의 거래 금액의 합계액이 집합투자기구 자산총액의 100분의 10을 초과하도록 운용,제79조제2항제5호,0.9,집합투자기구 자산총액 비율|운용|금지,2026-04-28
동일인,정의함,LOGICAL,"채무증권의 발행인, 금융기관에의 예치, 단기대출ㆍ환매조건부매수의 거래상대방, 자산유동화증권",제79조제2항제5호,0.85,동일인|정의,2026-04-28
제2항에 따른 거래 금액,예외로함,LOGICAL,자금중개회사를 경유하여 신용평가업자의 신용평가등급이 상위 2개 등급 이내인 금융기관에 단기대출한 금액,제79조제2항제5호,0.8,제2항|예외|거래 금액,2026-04-28
유동화증권 및 상법,정의함,LOGICAL,제2조제4호,제2조제4호,0.95,정의|제2조제4호에 따른,2026-04-28
제169조에서 정한 회사,정한,ACTION,자산유동화에 관한 법률,169,0.95,자산유동화에 관한 법률|제169조에서 정한 회사,2026-04-28
기초자산의 발행인,정의함,LOGICAL,그 기초자산 총액의 100분의 10 이상에 해당하는 기초자산의 발행인 또는 해당 기초자산에 대해 지급의무를 지는 자,제2조제1호,0.95,기초자산의 발행인 정의|10% 이상 조건,2026-04-28
기초자산의 발행인,예외로함,LOGICAL,보증인,제2조제1호,0.9,보증인 예외|신용평가등급 인정,2026-04-28
평가등급,정의함,LOGICAL,최상위등급 또는 최상위등급의 차하위등급 이내의 신용등급,제81조의2제8항제3호,0.95,평가등급|신용등급,2026-04-28
외부평가,정의함,LOGICAL,다음 각 호의 평가,81조의2제9항제1호,0.95,정의함|외부평가 정의,2026-04-28
각 목의 자,평가,ACTION,신용정보의 이용 및 보호에 관한 법률,제260조제2항제3호,0.9,평가|신용정보의 이용 및 보호에 관한 법률,2026-04-28
기술의 이전 및 사업화 촉진에 관한 법률,정의함,LOGICAL,제2조제8호의3다목에 따른 기술신용평가업무로서의 평가,제2조제8호의3다목,0.95,정의함|기술신용평가업무,2026-04-28
기술의 이전 및 사업화 촉진에 관한 법률,참조함,STRUCTURE,제2조제8호의3다목,제2조제8호의3다목,0.9,참조함|제2조제8호의3다목,2026-04-28
기술평가기관,준용함,STRUCTURE,제35조,제35조,0.85,제35조에 따른|기술평가기관,2026-04-28
기술평가기관,위임함,STRUCTURE,법,제35조,0.75,제35조에 따른|법,2026-04-28
과학기술분야 정부출연연구기관 등의 설립ㆍ운영 및 육성에 관한 법률,참조함,STRUCTURE,제2조제4호의 기술 평가 4,제2조제4호의 기술 평가 4,0.95,과학기술분야 정부출연연구기관 등의 설립ㆍ운영 및 육성에 관한 법률,2026-04-28
연구기관,요구함,ACTION,평가,제8조,0.9,제8조에 따른|연구기관에 의한 평가,2026-04-28
기업성장집합투자업자,구성ㆍ운영,ACTION,투자심의위원회,제81조의2제9항제2호,0.9,투자심의위원회,2026-04-28
기업성장집합투자업자,충족,ACTION,요건,제81조의2제9항제2호,0.95,투자심의위원회|요건,2026-04-28
자,구성·정할·만들,ACTION,투자심의위원회,261,0.95,구성|정할|만들,2026-04-28
자,정할,ACTION,투자심의위원회의 운영에 필요한 세부사항,261,0.9,운영|세부사항|정할,2026-04-28
자,정할,ACTION,평가기준,261,0.9,평가기준|정할,2026-04-28
검토 절차,정의함,LOGICAL,외부평가 결과의 합리성ㆍ타당성 검토 절차 및 활용방법,제241조의2제2항,0.95,검토 절차|외부평가 결과,2026-04-28
검토 절차,구성함,STRUCTURE,검토 절차 및 활용방법,제241조의2제2항,0.9,검토 절차|활용방법,2026-04-28
금융위원회가 정하여 고시하는 기준,정의함,LOGICAL,다음 각 호의 요건을 모두 충족하는 것,제83조제6항제3호,0.95,정의|기준,2026-04-28
금전 대여 타당성 분석 체계,정의함,LOGICAL,구축할 것,81조의2제9항,0.9,금전 대여 타당성 분석 체계|구축할 것,2026-04-28
내부통제체계,정의함,LOGICAL,구축ㆍ운영할 것,81조의2제9항,0.9,내부통제체계|구축ㆍ운영할 것,2026-04-28
금융위원회,정의함,LOGICAL,무담보사채,제241조의2제2항제2호,0.95,정하는|무담보사채 정의,2026-04-28
무담보사채,정의함,LOGICAL,증권,제241조의2제2항제2호,0.9,무담보사채는 증권의 일종,2026-04-28
금융위원회가 정하여 고시하는 기준,정의함,LOGICAL,기준,제241조의3제8항,0.95,정하고 고시하는 기준|정의함,2026-04-28
가격 평가,정의함,LOGICAL,각 목의 어느 하 나에 해당하는 자가 최근 6개월 이내 제공한 가격을 우선적으로 고려하여 집합투자기구가 투자한 자산을 평가하는 것,제260조제2항제3호,0.95,가격 평가|정의,2026-04-28
금융위원회가 정하여 고시하는 경우,정의함,LOGICAL,금융위원회가 정하여 고시하는 경우,제242조제1항제5호,0.95,정의함|금융위원회가 정하여 고시하는 경우,2026-04-28
집합투자증권의 우선 매수기회,정의함,LOGICAL,기존 투자자에게 부여되었으나 매수되지 아니한 집합투자증권이 있는 경우로서 기존 투자자가 아닌 자에게 매수기회를 부여하는 경우,제242조제1항제4호,0.95,집합투자증권|우선 매수기회|기존 투자자|비기존 투자자,2026-04-28
기존 투자자가 아닌 자,부여함,ACTION,집합투자증권의 우선 매수기회,제242조제1항제4호,0.9,기존 투자자가 아닌 자|집합투자증권의 우선 매수기회,2026-04-28
금융위원회가 정하여 고시하는 비율,정의함,LOGICAL,100분의 20,242,0.95,정의|금융위원회가 정하여 고시하는 비율,2026-04-28
금융위원회가 정하여 고시하는 비율,정의함,LOGICAL,100분의 50,제242조제2항제5호,0.99,정의|비율,2026-04-28
금융위원회가 정하여 고시하는 시장성 없는 자산,정의함,LOGICAL,다음 각 호의 어느 하나에 해당하는 자산,제242조제2항,0.92,시장성 없는 자산|자산,2026-04-28
제242조제2항,참조함,STRUCTURE,제242조제2항 각 호 외의 부분 단서 및 같은 조 같은 항 제4호,제242조제2항,0.85,제242조제2항|제242조제2항 각 호 외의 부분 단서,2026-04-28
부동산,제외한다,ACTION,부동산을 기초로 한 파생상품 및 부동산과 관련된 증권 등 시가 또는 공정가액으로 조기에 현금화가 가능한 경우,제229조제2호,0.95,부동산|파생상품|증권|현금화|시가|공정가액,2026-04-28
특별자산,정의함,LOGICAL,증권,229조제3호,0.95,특별자산 정의|증권|다음 각 목의 어느 하나에 해당하지 아니하는,2026-04-28
특별자산,예외로함,LOGICAL,증권시장 또는 외국시장에 상장된 증권,229조제3호,0.9,특별자산 예외|증권시장 상장증권,2026-04-28
특별자산,예외로함,LOGICAL,채무증권,229조제3호,0.9,특별자산 예외|채무증권,2026-04-28
특별자산,예외로함,LOGICAL,파생결합증권,229조제3호,0.9,특별자산 예외|파생결합증권,2026-04-28
특별자산,예외로함,LOGICAL,모집 또는 매출된 증권,229조제3호,0.9,특별자산 예외|모집 또는 매출된 증권,2026-04-28
특별자산,예외로함,LOGICAL,환매를 청구할 수 있는 집합투자증권,229조제3호,0.9,특별자산 예외|환매 청구 가능 집합투자증권,2026-04-28
특별자산,예외로함,LOGICAL,조기에 현금화가 가능한 경우,229조제3호,0.9,특별자산 예외|현금화 가능성,2026-04-28
금융위원회가 정하여 고시하는 자산,정의함,LOGICAL,영,제242조제2항제5호,0.9,정의|자산,2026-04-28
평가할 수 없는 자산,정의함,LOGICAL,"파생결합증권, 환매를 청구할 수 있는 집합투자증권, 상법",제260조제1항,0.95,평가할 수 없는 자산 정의,2026-04-28
집합투자증권,청구할 수 있는,ACTION,환매,제260조제1항,0.9,집합투자증권|환매 청구 가능,2026-04-28
법제처,정의함,LOGICAL,사채,제469조,0.7,사채 정의|금융투자업규정,2026-04-28
자산 제외,정의함,LOGICAL,다음 각 호에 해당하는 자산을 제외한 자산,제4조제7항제1호,0.95,자산 제외|정의,2026-04-28
자산 제외,예외로함,LOGICAL,제5-23조의2제1항제1호부터 제7호까지의 자산,제4조제7항제1호,0.9,자산 제외|예외,2026-04-28
자산 제외,예외로함,LOGICAL,"국채증권, 정부가 원리금의 상환을 보증한 채무증권, 지방채증권, 특수채증권 및 둘 이상의 신용평가업자로부 터 모두 상위 2개 등급에 해당하는 신용평가등급을 받은 채무증권",제4조제7항제1호,0.9,자산 제외|예외,2026-04-28
자산 제외,예외로함,LOGICAL,그 밖에 집합투자기구의 투자대상자산의 현금화가 용이한 것으로서 금융감독원장이 정하는 자산,제4조제7항제1호,0.9,자산 제외|예외,2026-04-28
금융위원회가 정하여 고시하는 사항,정의함,LOGICAL,여러 종류의 집합투자증권별 취득 자격에 제한이 있는 경우 그 내용,제243조제1항제4호,0.95,정의|금융위원회|고시,2026-04-28
금융위원회가 정하여 고시하는 사항,정의함,LOGICAL,여러 종류의 집합투자증권별 환매수수료에 관한 사항,제243조제1항제4호,0.95,정의|금융위원회|고시,2026-04-28
금융위원회가 정하여 고시하는 사항,정의함,LOGICAL,여러 종류의 집합투자증권의 기준가격 산정방법에 관한 사항,제243조제1항제4호,0.95,정의|금융위원회|고시,2026-04-28
금융위원회가 정하여 고시하는 사항,정의함,LOGICAL,종류집합투자자총회에 관한 사항 제7-24조(종류형집합투자기구의 비용부담 등),제243조제1항제4호,0.95,정의|금융위원회|고시,2026-04-28
법,참조함,STRUCTURE,제243조제5항,제243조제5항,0.9,법|제243조제5항에 따라,2026-04-28
집합투자업자등,정의함,LOGICAL,법,제230조제1항,1.0,집합투자업자등 정의|법,2026-04-28
종류형집합투자기구,요구함,ACTION,수수료 등 비용은 판매보수·판매수수료·환매수수료를 제외하고는 각 종류의 집합투자 증권별로 같도록 하여야 한다,제231조제1항,0.9,수수료|비용|같음,2026-04-28
종류형집합투자기구,예외로함,LOGICAL,특정 집합투자증권에 대하여만 발생한 비용에 대하여는 그러하지 아니하다,제231조제1항,0.8,예외|특정 집합투자증권|비용,2026-04-28
투자신탁이나 투자익명조합의 집합투자업자 또는 투자회사등,요구함,ACTION,이익금을 각 종류의 집합투자재산 총액에 비례하여 해당 집합투자재산에 분배하여야 한다,제231조제2항,0.9,이익금|분배|비례,2026-04-28
투자신탁이나 투자익명조합의 집합투자업자 또는 투자회사등,예외로함,LOGICAL,제 1항 단서에 따라 특정 집합투자증권에 대하여 비용이 발생한 경우는 그러하지 아니하다,제231조제2항,0.8,예외|비용|특정 집합투자증권,2026-04-28
투자설명서,포함해야 한다,ACTION,종류형집합투자기구의 집합투자증권의 종류,제123조제1항,0.95,투자설명서 포함사항|종류형집합투자기구의 집합투자증권의 종류,2026-04-28
투자설명서,포함해야 한다,ACTION,"각 종류의 집합투자증권별 판매보수, 판매수수료 및 환매수수료의 금액, 부과방법 및 부과기준",제123조제1항,0.95,투자설명서 포함사항|판매보수 및 수수료,2026-04-28
투자설명서,포함해야 한다,ACTION,"전환절차, 전환조건, 전환방법 등 전환에 관한 사항",제123조제1항,0.95,전환에 관한 사항|전환절차,2026-04-28
증권집합투자기구,요구함,ACTION,집합투자증권,229,0.95,집합투자증권|요건,2026-04-28
집합투자증권,정의함,LOGICAL,같은 종류의 집합투자증권,229,0.9,같은 종류|판매수수료 부과 여부|부과 시점,2026-04-28
집합투자증권,본다,LOGICAL,다른 종류의 집합투자증권,제40조의2,0.95,집합투자증권|연금저축계좌|퇴직연금계좌|다른 종류의 집합투자증권,2026-04-28
집합투자증권,판매보수 및 판매수수료가 낮다,LOGICAL,다른 종류의 집합투자증권,제40조의2,0.9,판매보수|판매수수료|집합투자증권|다른 종류의 집합투자증권,2026-04-28
집합투자증권,판매방식,ACTION,전자금융거래법에 따른 전자금융거래 방식,제40조의2,0.85,집합투자증권|전자금융거래법|전자금융거래 방식,2026-04-28
투자신탁,준용함,STRUCTURE,법,제245조제6항,0.95,제245조제6항에 따라|법에 준용,2026-04-28
자집합투자기구,정의함,LOGICAL,제123조제1항,제123조제1항,0.9,자집합투자기구 정의,2026-04-28
자집합투자기구,정의함,LOGICAL,제233조제1항에 따른 자집합투자기구,233,0.9,정의|자집합투자기구,2026-04-28
모집합투자 기구,정의함,LOGICAL,제233조제1항,233-1,0.95,정의|모집합투자 기구,2026-04-28
자집합투자기구,의결권을 행사하여야 한다,ACTION,찬반비율에 비례하도록,제127조제1항제3호,0.95,의결권|비례|찬반비율,2026-04-28
자집합투자기구,취득할 수 없다,ACTION,사모집합투자기구인 모집합투자기구의 집합투자증권,제127조제1항제3호,0.9,취득|금지,2026-04-28
자집합투자기구,요구함,ACTION,자산운용보고서,88.1,0.95,자산운용보고서|작성,2026-04-28
각 호의 사항,포함되도록 하여야 한다,ACTION,자산운용보고서,제88조제2항,0.95,포함|의무,2026-04-28
금융감독원장,달리 정할 수 있다,ACTION,자산운용보고서의 서식 및 작성방법,제88조제2항,0.9,정할 수 있다|서식|작성방법,2026-04-28
자집합투자기구인 투 자신탁이나 투자익명조합의 집합투자업자 또는 자집합투자기구인 투자회사등,준용함,STRUCTURE,같은 조,89,0.95,자집합투자기구|준용|같은 조,2026-04-28
금융위원회 기준,정의함,LOGICAL,금융위원회가 정하여 고시하는 기준,제245조제5항,0.92,정의함|금융위원회 기준,2026-04-28
집합투자기구의 종류,정의함,LOGICAL,제229조에 따른 집합투자기구의 종류를 말한다,229조,0.95,집합투자기구의 종류|정의,2026-04-28
통지,요구함,ACTION,투자자,261,0.95,통지|이전 사실|1개월 이전,2026-04-28
집합투자재산평가위원회,정의함,LOGICAL,절차와 기준,261,0.85,절차와 기준,2026-04-28
제225조의2제2항,준용함,ACTION,제225조의2제2항 각 호 및 제3항,제225조의2제2항,0.9,준용|제225조의2제2항,2026-04-28
제245조제5항제2호,참조함,STRUCTURE,영,제245조제5항제2호,0.4,제245조제5항제2호|영,2026-04-28
집합투자기구,요구함,ACTION,금융위원회,제223조제3호,0.95,집합투자재산 이전|확인받다,2026-04-28
집합투자재산 이전,참조함,STRUCTURE,제7-11조의3,제223조제3호,0.9,집합투자재산 이전|제7-11조의3,2026-04-28
금융위원회가 정하여 고시하는 시장,정의함,LOGICAL,외국법령에 따라 기초자산의 거래를 위하여 거래소에 상당하는 기능을 수행하는 자가 개설한 시장,246조제1호,0.95,정의함|시장 정의,2026-04-28
금융위원회가 정하여 고시하는 시장,정의함,LOGICAL,그 밖에 거래소의 상장규정에 따라 제1호에 상당하는 기능을 수행하는 것으로 인정하는 시장,246조제1호,0.95,정의함|시장 정의,2026-04-28
지수 구성종목,갖추다,ACTION,요건,제246조제3호,0.95,지수 구성종목|요건,2026-04-28
금융위원회,정의함,LOGICAL,요건,제246조제3호,0.9,금융위원회|요건,2026-04-28
지수 구성종목,구성하는,STRUCTURE,지수,제246조제3호,0.85,지수 구성종목|지수,2026-04-28
지수,요구함,ACTION,3종목 이상,제80조제1항제1호,0.95,채무증권으로만 구성된 지수|3종목 이상,2026-04-28
지수,요구함,ACTION,종목 비중 30% 이하,제80조제1항제1호,0.95,각 종목 비중|30% 이하,2026-04-28
지수,제외한다,ACTION,가목부터 다목까지에 해당하는 채무증권으로만 구성된 지수,80,0.8,채무증권|가목부터 다목까지,2026-04-28
지수,비중을 초과하지 아니할 것,ACTION,30%,80,0.9,비중|30%,2026-04-28
지수,발행잔액은 500억원 이상일 것,ACTION,100분의 85에 해당하는 종목,80,0.85,발행잔액|85%,2026-04-28
지수,요구함,ACTION,종목,제4조제2항제1호,0.95,지수 구성 종목 비중|10종목 이상,2026-04-28
지수 구성 종목 비중,정의함,LOGICAL,하나의 종목이 그 지수에서 차지하는 비중(그 종목의 직전 3개월의 평균시가총액을 그 지수의 직전 3개월의 평균시가총액의 합으로 나눈 값),제4조제2항제1호,0.9,지수 구성 종목 비중 정의,2026-04-28
비중,정의함,LOGICAL,종목의 직전 3개월 평균시가총액을 그 지수를 구성하는 종목의 직전 3개월 평균시가총액의 합으로 나눈 값,제4조제2항제1호,0.95,비중 정의|비중 계산,2026-04-28
비중,금지함,ACTION,100분의 30,제4조제2항제1호,0.92,비중 제한|30% 초과 금지,2026-04-28
종목,나누다,ACTION,지수의 구성 종목 평균시가총액 합,제4조제2항제1호,0.88,비중 계산 과정|종목 평균시가총액,2026-04-28
종목,요구함,ACTION,발행잔액이 500억원 이상,제4조제2항제1호,0.95,발행잔액|500억원,2026-04-28
지수,정의함,LOGICAL,지수에서 차지하는 비중 순으로 100분의 85(지수를 구성하는 종목의 수가 200종목 이상인 경우 100분의 75),제4조제2항제1호,0.9,비중|85%|75%,2026-04-28
종목,요구함,ACTION,시가총액이 150억원 이상,제4조제2항제1호,0.95,시가총액|150억원 이상,2026-04-28
종목,요구함,ACTION,거래대금이 1억원 이상,제4조제2항제1호,0.95,거래대금|1억원 이상,2026-04-28
시가총액,정의함,LOGICAL,직전 3개월간 시가총액 평균,제4조제2항제1호,0.9,시가총액|직전 3개월간 평균,2026-04-28
거래대금,정의함,LOGICAL,직전 3개월간 거래대금 평균,제4조제2항제1호,0.9,거래대금|직전 3개월간 평균,2026-04-28
운용방법,정의함,LOGICAL,다음 각 호의 어느 하나에 해당하는 운용방법,제246조제3호,0.95,운용방법 정의|상장지수집합투자기구|순자산가치|가격 및 지수 변화|배율|초과,2026-04-28
운용방법,정의함,LOGICAL,상장지수집합투자기구의 순자산가치의 변화를 가격 및 지수의 변화의 일정배율(음의 배율도 포함한다)로 연동 하여 운용하는 것,제246조제3호,0.95,상장지수집합투자기구|순자산가치|가격 및 지수 변화|배율,2026-04-28
운용방법,정의함,LOGICAL,상장지수집합투자기구의 순자산가치의 변화를 가격 및 지수의 변화를 초과하도록 운용하는 것,제246조제3호,0.95,상장지수집합투자기구|순자산가치|가격 및 지수 변화|초과,2026-04-28
금융위원회가 정하여 고시하는 일정단위,정의함,LOGICAL,상장지수집합투자기구의 설정 또는 설립에 필요한 상장지수집합투자기구의 집합투자증권의 최소수량으로서 신탁 계약 또는 투자회사의 정관에서 정한 수량,제247조제3호,0.95,정의|금융위원회|일정단위|상장지수집합투자기구|집합투자증권|최소수량|신탁 계약|정관,2026-04-28
상장지수집합투자기구,정할 수 있다,ACTION,집합투자증권 최소단위,제390조,0.95,집합투자증권 최소단위|신탁계약|투자회사의 정관,2026-04-28
지정참가회사,정의함,LOGICAL,상장지수투자신탁의 집합투자업자 또는 법제처 193 국가법령정보센터 금융투자업규정 상장지수투자회사와 지정참가계약을 체결한 자,제247조제4호,0.95,지정참가회사|정의,2026-04-28
지정참가회사,정의함,LOGICAL,상장지수투자신탁의 집합투자업자,제247조제4호,0.9,지정참가회사|상장지수투자신탁의 집합투자업자,2026-04-28
지정참가회사,정의함,LOGICAL,상장지수투자회사와 지정참가계약을 체결한 자,제247조제4호,0.9,지정참가회사|상장지수투자회사|지정참가계약,2026-04-28
금융위원회가 정하여 고시하는 경우,정의함,LOGICAL,거래소 시장에서 거래되지 않는 지수의 변화에 연동하여 운용하는 것을 목표로 하는 경우,제248조제2항,0.9,정의함|거래소 시장에서 거래되지 않는 지수의 변화에 연동하여 운용하는 것을 목표로 하는 경우,2026-04-28
금융위원회가 정하여 고시하는 경우,정의함,LOGICAL,장내파생상품 또는 장외파생상품 등에 상당하는 자산을 보유하여 운용하는 경우,제248조제2항,0.9,정의함|장내파생상품 또는 장외파생상품 등에 상당하는 자산을 보유하여 운용하는 경우,2026-04-28
금융위원회가 정하여 고시하는 경우,정의함,LOGICAL,그 밖에 거래소의 증권상장규정에서 정하는 사유로 인하여 설정단위에 상당하는 자산으로 변경이 곤란한 경 우로 인정되는 경우,제248조제2항,0.9,정의함|그 밖에 거래소의 증권상장규정에서 정하는 사유로 인하여 설정단위에 상당하는 자산으로 변경이 곤란한 경 우로 인정되는 경우,2026-04-28
상장지수집합투자기구,제248조제3항에 따라,STRUCTURE,법,제248조제3항,0.85,제248조제3항에 따라|상장지수집합투자기구의 설정 또는 설립,2026-04-28
투자자,납입을 전자등록 방법으로 하여야 한다,ACTION,지정참가회사,246,0.95,전자등록|납입,2026-04-28
투자매매업자,납입을 전자등록 방법으로 하여야 한다,ACTION,지정참가회사,246,0.95,전자등록|납입,2026-04-28
투자중개업자,납입을 전자등록 방법으로 하여야 한다,ACTION,지정참가회사,246,0.95,전자등록|납입,2026-04-28
지정참가회사,납입을 전자등록 방법으로 하여야 한다,ACTION,집합투자업자,246,0.95,전자등록|납입,2026-04-28
투자자,요청한다,ACTION,상장지수집합투자기구,246,0.9,요청,2026-04-28
투자자,정산한다,ACTION,차액,246,0.9,정산,2026-04-28
지정참가회사,이용할 수 있다,ACTION,지정참가회사 명의의 계좌,246,0.9,이용,2026-04-28
지정참가회사,환급할 수 있다,ACTION,투자자 계좌,246,0.9,환급,2026-04-28
금융위원회가 정하여 고시하는 사유,정의함,LOGICAL,"천재ㆍ지변 등으로 인한 전산장애, 그 밖에 이에 준하는 사유로 인하여 정상적으로 업무를 영위하는 것이 곤란하다고 금융위원회가 인정하는 경우",제249조제1항,0.99,정의함|사유,2026-04-28
금융위원회가 정하여 고시하는 경우,정의함,LOGICAL,상장지수집합투자기구가 증권으로 지급이 곤란한 자산을 보유하고 있는 경우,제249조제7항,0.95,정의|금융위원회가 정하여 고시하는 경우,2026-04-28
금융위원회가 정하여 고시하는 기준,정의함,LOGICAL,최근 1년간 상장지수집합투자기구의 집합투자증권의 1좌당 또는 1주당 순자산가치의 일간변동률과 상장지수 집합투자기구가 목표로 하는 지수의 변화의 일정배율(음의 배율을 포함한다)의 일간변동률간 차이의 변동성(표준편차),제251조제2항,0.95,정의|금융위원회가 정하여 고시하는 기준,2026-04-28
금융위원회가 정하여 고시하는 상장지수집합투자기구,정의함,LOGICAL,제7-26조제4항제1호의 방법으로 운용되는 상장지수집합투자기구,제252조제1항,0.95,정의|상장지수집합투자기구,2026-04-28
상장지수집합투자기구,정의함,LOGICAL,거래소에서 거래 되는 다수 종목의 가격수준을 종합적으로 표시하는 지수로서 금융감독원장이 정하는 지수에 연동하여 운용하는 상장지수집합투자기구,제252조제1항제1호,0.99,정의|상장지수집합투자기구,2026-04-28
금융위원회가 정하여 고시하는 비율,정의함,LOGICAL,100분의 10,제254조제1항제1호,0.99,비율|정의,2026-04-28
시장성 없는 자산,정의함,LOGICAL,제7-22조제1항 각 호의 어느 하나에 해당하는 자산(외화자산을 기초로 하는 파생상품이나 파생결합증권을 포함한다),제254조제1항제1호,0.95,정의함|시장성 없는 자산,2026-04-28
금융위원회가 정하여 고시하는 금액,정의함,LOGICAL,100억원,제254조제2항제1호,0.95,정의|금액,2026-04-28
금융위원회가 정하여 고시하는 금액,참조함,STRUCTURE,제7-33조(환매금액 및 이익금),제254조제2항제1호,0.85,참조|환매금액 및 이익금,2026-04-28
환매수수료 부과 기준,정한다,ACTION,환매금액 및 이익금,제255조제5항,0.95,환매수수료 부과 기준|환매금액 및 이익금,2026-04-28
환매금액,정한다,ACTION,집합투자증권의 환매시 적용하는 기준가격에 환매하는 집합투자증권의 수를 곱한 금액,제255조제5항,0.9,환매금액|집합투자증권의 환매시 적용하는 기준가격에 환매하는 집합투자증권의 수를 곱한 금액,2026-04-28
이익금,정한다,ACTION,집합투자증권의 환매시 적용하는 기준가격과 집합투자증권의 매입시 적용된 기준가격의 차에 환매하는 집합투자증권의 수를 곱한 금액,제255조제5항,0.9,이익금|집합투자증권의 환매시 적용하는 기준가격과 집합투자증권의 매입시 적용된 기준가격의 차에 환매하는 집합투자증권의 수를 곱한 금액,2026-04-28
환매금액,감안하지 아니한다,LOGICAL,관 련 세금,제255조제5항,0.85,관 련 세금|감안하지 아니한다,2026-04-28
제258조제2항,정의함,LOGICAL,법,제258조제2항,0.9,제258조제2항,2026-04-28
교차판매 집합투자기구,요구함,ACTION,환매청구일을 기준으로 투자자의 집단을 구분하고 해당 집단별로 환매청구에 응할 것,제182조의2제1항,0.95,환매청구일|집단 구분|환매청구 응답,2026-04-28
교차판매 집합투자기구,요구함,ACTION,환매청구일을 기준으로 먼저 들어온 환매청구분에 대하여 우선하여 환매대금을 지급할 것,제182조의2제1항,0.95,환매청구일|우선 지급|환매대금,2026-04-28
교차판매 집합투자기구,요구함,ACTION,"일일 환매한도 초과 시 집단 내 각 환매청구에 대해 일일 환매한도 내에서 동일한 비율로 환매하고, 환매하지 못한 잔여분은 그 다음 영업일에 연기하여 처리할 것",제182조의2제1항,0.95,일일 환매한도|비율 환매|연기 처리,2026-04-28
일일 환매한도,정의함,LOGICAL,집합투자기구 지분 가치의 100분의 10을 초과 하여 집합투자규약에서 1영업일 내 환매할 지분규모 한도를 정한 것,제182조의2제1항,0.98,집합투자기구 지분 가치|100분의 10|1영업일 내 환매한도,2026-04-28
투자신탁 및 투자익명조합의 집합투자업자 또는 투자회사,준용함,STRUCTURE,법,제259조제4항,0.85,제259조제4항에 따라|법에 따라,2026-04-28
투자매매ㆍ중개업자,요구함,ACTION,투자자에게 통지,제237조제5항,0.95,통지|부분환매,2026-04-28
투자매매ㆍ중개업자,게시함,ACTION,본·지점에 게시,제237조제5항,0.9,게시|통지내용,2026-04-28
투자신탁이나 투자익명조합의 집합투자업자 또는 투자회사등,통지해야 한다,ACTION,투자자에게 서면 또는 컴퓨터통신으로 통지,제237조제5항,0.95,통지|서면|컴퓨터통신,2026-04-28
투자신탁이나 투자익명조합의 집합투자업자 또는 투자회사등,위탁할 수 있다,ACTION,전자등록기관에 통지업무,제237조제5항,0.9,위탁|전자등록기관,2026-04-28
투자신탁이나 투자익명조합의 집합투자업자 또는 투자회사등,통지해야 한다,ACTION,금융감독원장에게 지체 없이 통지,제237조제5항,0.95,통지|금융감독원장,2026-04-28
부분환매 통지,정의함,LOGICAL,투자자에게 통지,제237조제5항,0.9,통지|부분환매,2026-04-28
부도채권 등 부실화된 자산,분류하고 평가,ACTION,4단계,제260조제2항,0.95,부실화된 자산|4단계,2026-04-28
부도채권 등 부실화된 자산,정의함,LOGICAL,"발행인 또는 거래상대방의 부도, 회생절차개시신청 또는 파산절차의 진행 등으로 인하여 원리금의 전부 또는 일부의 회수가 곤란할 것이 명백히 예상되는 자산",제260조제2항,0.9,부도채권 등 부실화된 자산 정의,2026-04-28
부도채권 등 부실화된 자산의 분류 및 평가,준용함,STRUCTURE,별표 18,제260조제2항,0.85,세부기준|별표 18,2026-04-28
세부기준,준용한다,ACTION,부도채권 등 부실화된 자산,제261조제3항제1호,0.9,부도채권 분류 및 평가|세부기준,2026-04-28
단기금융집합투자기구,정의함,LOGICAL,다음 각 호의 단기금융집합투자기구,제260조제3항,0.95,정의|금융위원회 고시,2026-04-28
단기금융집합투자기구,정의함,LOGICAL,제241조제2항제4호 가목 및 나목,241,0.95,정의|단기금융집합투자기구,2026-04-28
다목의 집합투자기구,정의함,LOGICAL,기금 여유자금의 통합운용 등에 관한 규정,제241조,0.95,정의|참조,2026-04-28
통합 집합투자기구,정의함,LOGICAL,외국환거래법,제5조,0.95,정의|통합 집합투자기구,2026-04-28
단기금융집합투자기구,적용,ACTION,제13조,13,0.95,외국환평형기금|투자자,2026-04-28
단기금융집합투자기구,정의함,LOGICAL,집합투자기구 자산총액에서 차지하는 비중이 30%를 초과하는 자산에 대한 투자금이 합산된 것,제6조,0.95,단기금융집합투자기구 정의,2026-04-28
안정적 자산 비중,정의함,LOGICAL,다음 각 목의 어느 하나의 자산에 대한 투자금이 집합투자기구 자산총액에서 차지하는 비중,제6조,0.9,안정적 자산 비중 정의,2026-04-28
단기금융집합투자기구,구성요소,STRUCTURE,"현금, 국채증권, 지방채증권, 특수채증권, 통화안정증권, 정부가 지급을 보증한 채무증권, 양도성 예금증서, 영",제6조,0.85,단기금융집합투자기구 구성요소,2026-04-28
금융기관,요구함,ACTION,단기사채 예치,제79조제2항제5호,0.95,단기사채|예치,2026-04-28
금융기관,준용함,STRUCTURE,제7-19조제3항제1호 및 제2호,제79조제2항제5호,0.9,제7-19조제3항제1호|제7-19조제3항제2호,2026-04-28
금융기관,참조함,STRUCTURE,우체국예금ㆍ보험에 관한 법률,제79조제2항제5호,0.85,우체국예금|보험법,2026-04-28
어음 또는 단기사채,정의함,LOGICAL,제79조제2항제5호,제79조제2항제5호,0.95,정의,2026-04-28
외화 단기금융집합투자기구의 안정적 자산 비중,정의함,LOGICAL,집합투자기구 자산총액에서 차지하는 비중이 30%를 초과하는 외화 단기금융집합투자기구의 투자금액,제241조제2항제4호라목,0.95,정의|자산비중|외화단기금융집합투자기구,2026-04-28
외화 단기금융집합투자기구의 안정적 자산 비중,참조함,STRUCTURE,"제7-16조의2제4항제1호부터 제3호까지의 자산, 특수채 증권 또는 외국정부가 지급을 보증한 채무증권",제241조제2항제4호라목,0.9,참조|자산|외화단기금융집합투자기구,2026-04-28
금융기관,요구함,ACTION,외화예치,제79조제2항제5호,0.95,외화예치|금융기관,2026-04-28
환매조건부 매수,예외로함,LOGICAL,제7-19조제3항제2호나목,제79조제2항제5호,0.85,환매조건부 매수|제7-19조제3항제2호나목,2026-04-28
어음 또는 단기사채,참조함,STRUCTURE,제79조제2항제5호,제79조제2항제5호,0.9,규정에 따른|참조,2026-04-28
단기금융집합투자기구,금지함,ACTION,자산 외의 자산을 취득,제241조제2항제4호다목 및 라목,0.95,안정적 자산 비중 30% 이하,2026-04-28
단기금융집합투자기구,예외로함,LOGICAL,자산 외의 자산을 취득하지 않음,제241조제2항제4호다목 및 라목,0.9,3영업일 연속 30% 이하,2026-04-28
단기금융집합투자기구,정의함,LOGICAL,집합투자규약에 안정적 자산 비중 또는 외화 단기금융집합투자기구의 안정적 자산 비중이 100분의 30 이하인 경우,제241조제2항제4호다목 및 라목,0.85,안정적 자산 비중 30% 이하,2026-04-28
장부가격,정의함,LOGICAL,"금융위원회가 정하여 고시하는 장부가격은 채무증권과 채무증권 외의 자산에 대해 취득원가와 만기액면가액의 차이를 상환기간에 걸쳐 유효이자율법에 따라 상각하고, 취득원가와 이자수익을 가감하여 산정한 가격이다.",제260조제3항,0.95,장부가격 정의|채무증권 평가|채무증권 외의 자산 평가,2026-04-28
유효이자율법,정의함,LOGICAL,채무증권의 만기일까지 기대되는 현금유입액의 현재가치를 최초 취득 원가에 일치시키는 이자율을 말한다.,제260조제3항,0.9,유효이자율법 정의|채무증권 평가,2026-04-28
금융위원회가 정하여 고시하는 비율,정의함,LOGICAL,"1,000분의 5",제260조제3항,0.99,정의|비율,2026-04-28
집합투자재산 국내 자산 평가 방법,정의함,LOGICAL,집합투자재산 중 국내 자산을 평가하는 경우 다음 각 호의 방법,제260조제4항,0.9,집합투자재산 국내 자산 평가 방법,2026-04-28
집합투자업자,요구함,ACTION,집합투자재산 국내 자산 평가 방법,제260조제4항,0.95,집합투자업자|집합투자재산 국내 자산 평가 방법,2026-04-28
집합투자업자,예외로함,LOGICAL,"천재지변, 전산시스템 오류 등 및 협회가 정하는 경우",제260조제4항,0.85,천재지변|전산시스템 오류|협회가 정하는 경우,2026-04-28
집합투자업자,의뢰함,ACTION,채권평가회사,제238조제3항제3호,0.95,가격평가|의뢰,2026-04-28
집합투자업자,요구함,ACTION,채권평가회사에게 가격평가를 의뢰할 것,제238조제3항제3호,0.9,가격평가|의무,2026-04-28
채권평가회사,요구함,ACTION,집합투자재산의 가격 평가,제238조제3항제3호,0.95,채권평가회사|집합투자재산|가격평가,2026-04-28
채권평가회사,요구함,ACTION,당일 18시 이내에 평가,제238조제3항제3호,0.9,채권평가회사|시간제한|18시,2026-04-28
채권평가회사,요구함,ACTION,집합투자업자와 정한 시간 이내에 평가,제238조제3항제3호,0.9,채권평가회사|집합투자업자|정한시간,2026-04-28
채권평가회사,정의함,LOGICAL,채권평가회사는 집합투자재산의 가격을 평가하는 회사,제238조제3항제3호,0.9,채권평가회사|정의,2026-04-28
법,권한을가짐,ACTION,기준가격의 계산,제262조제1항,0.95,기준가격|계산,2026-04-28
일반사무관리회사,정의함,LOGICAL,일반사무관리회사,제254조,0.9,일반사무관리회사 정의|제254조,2026-04-28
법,요구함,ACTION,기준가격,제262조제1항,0.95,기준가격 계산|법의 의무,2026-04-28
집합투자업자,제공,ACTION,매매체결내역,제254조,0.95,정보 제공|집합투자업자|매매체결내역|시간 제한,2026-04-28
집합투자업자,금지함,ACTION,기초자료를 당일의 집합투자재산의 평가에 반영,제254조,0.9,기초자료|평가 반영 금지,2026-04-28
기초자료,정의함,LOGICAL,이 조에서 '기초자료'라 한다,제254조,0.9,기초자료 정의,2026-04-28
한도 초과,정의함,LOGICAL,각 호의 한도를 초과하는 경우,제 262조제1항,0.92,한도 초과|한도,2026-04-28
기초자료,반영,ACTION,집합투자재산 평가,제 262조제1항,0.95,기초자료|집합투자재산 평가,2026-04-28
기준가 격,변경,ACTION,새로운 기준가 격,제 262조제1항,0.85,기준가 격|변경,2026-04-28
공고ㆍ게시,참조함,STRUCTURE,제262조제1항 후단의 절차,제262조제1항,0.9,공고ㆍ게시|절차,2026-04-28
공고ㆍ게시,정의함,LOGICAL,다시 공고ㆍ게시,제262조제1항,0.8,공고ㆍ게시|다시 공고ㆍ게시,2026-04-28
집합투자기구,요구함,ACTION,자산,제260조제4항,0.95,자산 평가|최근 1년 이내,2026-04-28
제260조제4항,구조,STRUCTURE,집합투자재산 중 다음 각호의 집합투자기구가 투자한 자산을 평가하는 경우,제260조제4항,0.9,자산 평가,2026-04-28
각 목의 어느 하나에 해당하는 자,고려함,ACTION,가격,제260조제2항제3호,0.95,가격|우선적으로,2026-04-28
부동산,준용함,STRUCTURE,제229조제2호,229조제2호,0.9,제229조제2호에 따른|부동산,2026-04-28
법,준용함,STRUCTURE,제229조제2호,229조제2호,0.9,제229조제2호에 따른|법,2026-04-28
협회,정한다,ACTION,적절한 평가방법,제229조제3호 ④,0.95,적절한 평가방법|대체할 만한,2026-04-28
기준가격 변경 보고,첨부하여야 한다,ACTION,서류,262조제3항,0.95,기준가격 변경 보고|서류 첨부,2026-04-28
기준가격 변경 보고,포함함,LOGICAL,"변경내용, 변경사유, 투자자 보호 조치 방법 등",262조제3항,0.9,기준가격 변경 보고|포함 내용,2026-04-28
집합투자업자 및 투자회사등,비치,ACTION,회계감사보고서,제265조제6항,0.95,회계감사보고서 보관|2년간 비치|다음 각 호의 장소,2026-04-28
집합투자업자 및 투자회사등,열람을 허용함,ACTION,투자자,제265조제6항,0.85,회계감사보고서 보관|투자자 열람,2026-04-28
금융위원회가 정하여 고시하는 것,정의함,LOGICAL,제4-15조제1항 각 호의 어느 하나에 해당하는 것,제268조제1항제2호,0.95,정의함|금융위원회가 정하여 고시하는 것,2026-04-28
금융위원회가 정하여 고시하는 방법,정의함,LOGICAL,"신탁업자가 자산보관ㆍ관리보고서를 신탁업자, 투자매매업자ㆍ투자중개업자 및 협회의 인터넷 홈페이지를 이용 하여 공시하는 방법",제270조제1항제2호,0.95,정의|공시방법,2026-04-28
자산보관ㆍ관리보고서의 서식 및 작성방법 등에 관하여 필요한 사항,정한다,ACTION,금융감독원장,제270조제1항제2호,0.9,규정|정의,2026-04-28
금융감독원장,권한을가짐,ACTION,자산보관ㆍ관리보고서의 서식 및 작성방법 등에 관하여 필요한 사항을 정한다,제270조제1항제2호,0.85,권한|규정,2026-04-28
투자매매업자·투자중개업자,제공함,ACTION,전자등록기관에 제공되는 정보,제270조제3항,0.95,정보 제공|자산운용보고서 교부에 필요한 정보,2026-04-28
투자매매업자·투자중개업자,제공함,ACTION,전자등록기관,제270조제3항,0.95,제공|전자등록기관,2026-04-28
전자등록기관,수신함,ACTION,정보,제270조제3항,0.9,수신|정보,2026-04-28
일반 사모집합투자업을 등록하고 자 하는 자,준용한다,ACTION,별표 2 제1호ㆍ제2호 및 제4호,제271조의2제4항,0.95,인력|전산설비|물적 설비|이해상충방지체계,2026-04-28
인력,정의함,LOGICAL,별표 2 제1호ㆍ제2호 및 제4호,제271조의2제4항,0.9,인력,2026-04-28
대주주,정의함,LOGICAL,일반 사모집합투자업을 등록하고자 하는 자의 대주주,제271조의2제5항,0.9,대주주 정의|등록자 대주주,2026-04-28
대주주,요구함,ACTION,별표 3 제1호가목(4)ㆍ(5) 및 (6),제16조제1항제6호,0.95,대주주가 금융기관인 경우,2026-04-28
대주주,요구함,ACTION,별표 3 제1호가목(4)ㆍ(5) 및 나목(2),제16조제1항제6호,0.95,대주주가 내국법인인 경우,2026-04-28
대주주,요구함,ACTION,별표 3 제1호가목(5) 및 다목(2)ㆍ(4),제16조제1항제6호,0.95,대주주가 개인인 경우,2026-04-28
대주주,요구함,ACTION,별표 3 제1호라목(2)ㆍ(4) 및 (5),제16조제1항제6호,0.95,대주주가 외국법인인 경우,2026-04-28
대주주,요구함,ACTION,위 제1호부터 제4호까지의 요건,제16조제1항제6호,0.95,대주주가 기관전용 사모집합투자기구 또는 투자목적회사인 경우,2026-04-28
대주주,참조함,STRUCTURE,제271조의2제5항,제271조의2제6항,0.9,대주주 정의|규정 참조,2026-04-28
본점,참조함,STRUCTURE,제16조제1항제7호,제16조제1항제6호,0.8,본점 참조|제7호,2026-04-28
등록검토기간,예외로함,LOGICAL,등록검토기간에 넣지 않는 기간,제271조의3제2호,0.9,등록검토기간|제7-41조의3,2026-04-28
등록검토기간,참조함,STRUCTURE,제7-41조의3,제271조의3제2호,0.85,등록검토기간|제7-41조의3,2026-04-28
등록검토기간,정의함,LOGICAL,등록검토기간에 넣지 않는 기간,제271조의3제2호,0.8,등록검토기간|제7-41조의3,2026-04-28
금융위원회가 정하여 고시하는 기간,준용함,LOGICAL,제2-3조의 본문과 단서,제24조의2제3호,0.9,준용|참조,2026-04-28
금융위원회가 정하여 고시하는 사항,정의함,LOGICAL,"집합투자업자, 신탁업자 또는 일반 사무관리회사 등의 개요 및 재무정보 등 기본정보의 변경",제271조의5제2항제4호,0.97,정의함|정의,2026-04-28
금융위원회가 정하여 고시하는 사항,정의함,LOGICAL,"제1항제1호가목부터 다목까지, 같은 호 마목 및 바목, 같은 항 제2호 가목부터 마목까지, 같은 호 아목, 같은 항 제3호 및 제4호의 사항",제271조의5,0.95,정의함|정의,2026-04-28
제271조의5제8항,상위조항,STRUCTURE,제271조의5,제271조의5제8항,0.99,제271조의5,2026-04-28
금융위원회가 고시하는 매체,정의함,LOGICAL,"문자메시지, 전신 또는 모사전송 그 밖에 이와 유사한 것으로서 금융감독원장이 정하는 매체",제249조의5제2항,0.95,정의|매체,2026-04-28
금액,정의함,LOGICAL,1억원,271조의7,0.95,금액|1억원,2026-04-28
경미한 사항,정의함,LOGICAL,보고한 사항의 단순한 자구수정,제271조의8제2호,0.95,경미한 사항 정의,2026-04-28
경미한 사항,정의함,LOGICAL,"집합투자업자, 신탁업자, 또는 종합금융투자사업자 등의 개요 및 재무정보 등 기본정보의 변경",제271조의8제2호,0.95,경미한 사항 정의,2026-04-28
경미한 사항,정의함,LOGICAL,이 규정 또는 다른 법령 개정에 따라 보고한 사항이 변경된 경우,제271조의8제2호,0.95,경미한 사항 정의,2026-04-28
경미한 사항,정의함,LOGICAL,제1호부터 제3호까지 사항 외에 투자자의 투자판단에 중대한 영향을 미치지 않는 사항,제271조의8제2호,0.95,경미한 사항 정의,2026-04-28
정하여 고시 하는 사항,정의함,LOGICAL,영,제271조의9제1항제8호,0.9,정하여 고시 하는 사항|정의,2026-04-28
주주 또는 사원,정의함,LOGICAL,주주 또는 사원에 관한 사항,제271조의19제2항제2호,0.95,주주 또는 사원에 관한 사항|말한다,2026-04-28
비율,정의함,LOGICAL,100분의 30,제271조의9제2항,0.95,비율|100분의 30,2026-04-28
금융위원회가 정하여 고시하는 서류,정의함,LOGICAL,다음 각 호의 서류,제271조의9제3항제5호,0.95,정의함|금융위원회가 정하여 고시하는 서류,2026-04-28
주주 또는 사원,요구함,ACTION,개황,제271조의19제2항제2호,0.95,공시|개황,2026-04-28
개황,정의함,LOGICAL,"기업의 연혁ㆍ목적ㆍ영업실태, 대표자 및 임원에 관한 사항 및 재무제표(연결재무제 표를 작성하는 기업의 경우에는 연결재무제표를 포함한다)",제271조의19제2항제2호,0.9,개황|정의,2026-04-28
필요한 사항,정한다,ACTION,금융감독원장,제271조의9제6항,0.95,보고 서면|서식 및 작성방법,2026-04-28
제249조의7제1항,참조함,STRUCTURE,제249조,제249조의7제1항,0.9,제249조의7제1항,2026-04-28
사모집합투자기구 및 투자목적회사,산정,ACTION,자기자본,제271조의10제2항,0.95,"자기자본 산정 기준|차입금, 채무보증 및 실질적인 차입 전날 기준",2026-04-28
자기자본 산정 기준,정의함,LOGICAL,"차입금, 채무보증 및 실질적인 차입 전날 기준",제271조의10제2항,0.85,"자기자본 산정 기준|차입금, 채무보증 및 실질적인 차입 전날 기준",2026-04-28
집합투자업자,구축할 것,ACTION,금전 대여의 타당성 분석 체계,제249조의7제2항제4호,0.9,금전 대여|타당성 분석 체계|내부 투자판단 과정,2026-04-28
일반 사모집합투자기구,위탁함,ACTION,금전 대여 업무 (본질적 업무),제249조의7제2항제4호,0.85,금전 대여|본질적 업무|위탁,2026-04-28
본질적 업무를 위탁받는 자,인가를 받거나 등록을 해야 함,ACTION,금전 대여 업무 수행에 필요한 인가 또는 등록,제249조의7제2항제4호,0.9,금전 대여|본질적 업무|인가|등록,2026-04-28
일반 사모집합투자기구,금지함,ACTION,일반 사모집합투자기구를 설정ㆍ설립,제249조의7제2항제4호,0.95,일반 사모집합투자기구|설정ㆍ설립,2026-04-28
일반 사모집합투자기구,근거함,STRUCTURE,제249조의7제2항,제249조의7제2항제4호,0.85,각 목 외의 부분 본문에 따라,2026-04-28
금융위원회가 정하여 고시하는 사항,정의함,LOGICAL,집합투자기구의 구조,제271조의10제13항제4호,1.0,정의함|집합투자기구의 구조,2026-04-28
금융위원회가 정하여 고시하는 사항,정의함,LOGICAL,투자대상 자산 현황,제271조의10제13항제4호,1.0,정의함|투자대상 자산 현황,2026-04-28
금융위원회가 정하여 고시하는 사항,정의함,LOGICAL,집합투자기구의 비시장성 자산 투자 현황,제271조의10제13항제4호,1.0,정의함|비시장성 자산 투자 현황,2026-04-28
금융위원회가 정하여 고시하는 사항,정의함,LOGICAL,동일한 집합투자업자가 운용하는 집합투자기구에 대한 투자 현황,제271조의10제13항제4호,1.0,정의함|투자 현황,2026-04-28
금융위원회가 정하여 고시하는 사항,정의함,LOGICAL,집합투자기구의 위기상황별 예상되는 유동성 위험,제271조의10제13항제4호,1.0,정의함|유동성 위험,2026-04-28
금융위원회가 정하여 고시하는 사항,정의함,LOGICAL,집합투자기구의 수익률 현황,제271조의10제13항제4호,1.0,정의함|수익률 현황,2026-04-28
금융위원회가 정하여 고시하는 사항,정의함,LOGICAL,제1호부터 제6호까지의 요인으로 인해 발생할 수 있는 집합투자기구의 운용위험에 대한 관리방안,제271조의10제13항제4호,1.0,정의함|운용위험 관리방안,2026-04-28
금융감독원장,정한다,ACTION,보고 서식 및 작성방법,제271조의10제13항 및 제14항,0.95,보고 서식 및 작성방법,2026-04-28
금융위원회가 정하여 고시하는 회사,정의함,LOGICAL,다음 각 호의 어느 하나에 해당하는 회사,제271조의10제15항제6호,0.95,정의함|금융위원회가 정하여 고시하는 회사,2026-04-28
외국회사,정의함,LOGICAL,제271조의10제15항제1호부터 제4호까지의 회사와 유사한 외국회사,제271조의10제15항제1호부터 제4호까지,0.95,외국회사 정의|유사한 회사,2026-04-28
외국회사,정의함,LOGICAL,민간투자사업법인 (사회기반시설에 대한 민간투자법에 따른),제271조의10제15항제1호부터 제4호까지,0.9,외국회사 예시|민간투자사업법인,2026-04-28
외국회사,정의함,LOGICAL,부동산개발업의 관리 및 육성에 관한 법률,제271조의10제15항제1호부터 제4호까지,0.9,외국회사 예시|부동산개발업법,2026-04-28
특수목적법인,정의함,LOGICAL,부동산개발업을 등록한 법인,4,0.95,특수목적법인 정의,2026-04-28
특수목적법인,참조함,STRUCTURE,제4조,4,0.9,제4조에 따라,2026-04-28
투자회사,한정한다,ACTION,제104조의31제1항에 따른 투자회사,104조의31제1항,0.95,제104조의31제1항에 따른 투자회사|한정,2026-04-28
법인,충족,ACTION,사회기반시설 사업이 별도의 근거 법률에 근거한 사업일 것,제2조제1호,0.9,사회기반시설사업|근거법률,2026-04-28
법인,충족,ACTION,"주무관청의 인허가, 등록, 신고 및 유사 행정절차가 있을 것",제2조제1호,0.9,사회기반시설사업|주무관청,2026-04-28
법인,충족,ACTION,주무관청과의 실시협약을 체결할 것,제2조제1호,0.9,사회기반시설사업|주무관청,2026-04-28
사회기반시설사업,정의함,LOGICAL,법인,제2조제1호,0.9,사회기반시설사업|법인,2026-04-28
금융위원회가 정하여 고시하는 것,정의함,LOGICAL,제4-20조제1항제10호의 행위,제271조의11제3항제3호,0.95,정의함|고시,2026-04-28
금융위원회가 정하여 고시하는 것,참조함,STRUCTURE,제4-20조제1항제10호,제271조의11제3항제3호,0.9,참조함|고시,2026-04-28
금융위원회,정하다,ACTION,금융위원회가 정하여 고시하는 사항,제271조의13제1항제5호,0.95,정하다|고시,2026-04-28
금융위원회가 정하여 고시하는 사항,정의함,LOGICAL,출자에 관한 사항,제271조의13제1항제5호,0.9,정의함|출자,2026-04-28
금융위원회가 정하여 고시하는 사항,정의함,LOGICAL,업무집행사원의 보수에 관한 사항,제271조의13제1항제5호,0.9,정의함|보수,2026-04-28
주주 또는 사원,관련,LOGICAL,그 주주 또는 사원에 관한 사항,제271조의19제2항제2호,0.9,주주 또는 사원|관련,2026-04-28
집합투자재산,운용함,ACTION,법인,제249조의7제5항,0.95,집합투자재산 운용|법인 투자,2026-04-28
기관전용 사모집합투자기구의 집합투자재산,운용함,ACTION,법인에 대한 투자,제249조의7제5항,0.9,기관전용 사모집합투자기구|법인 투자,2026-04-28
금융위원회가 정하여 고시하는 서류,정의함,LOGICAL,법,제335조의12제3항,0.95,정의함|서류,2026-04-28
임직원,제출,ACTION,내역 및 경력증명서,제249조의14제7항,0.95,임직원 내역 및 경력증명서,2026-04-28
비율,정의함,LOGICAL,100분의 30이상으로서 금융위원회가 정하여 고시하는 비율,제271조의13제5항,0.95,비율|정의,2026-04-28
정하여 고 시하는 경우,정의함,LOGICAL,제1-4조제2항 각 호를 모두 충족하는 경우,제271조의14제1항,0.95,정하여 고 시하는 경우|제1-4조제2항 각 호를 모두 충족하는 경우,2026-04-28
정하여 고 시하는 경우,참조함,STRUCTURE,제1-4조제2항,제271조의14제1항,0.9,정하여 고 시하는 경우|제1-4조제2항,2026-04-28
금융위원회가 정하여 고시하는 자,정의함,LOGICAL,법인세법 시행규칙,제271조의14제2항제2호,0.95,정의함|금융위원회가 정하여 고시하는 자,2026-04-28
자,정의함,LOGICAL,제56조의2제1항 및 제2항 각 호에 해당하는 자,제56조의2,0.95,자|제56조의2제1항 및 제2항 각 호에 해당하는 자,2026-04-28
금융위원회,인정하여 고시함,ACTION,금융위원회가 인정하여 고시하는 기관 또는 단체,제271조의14제5항제6호,0.95,인정|고시,2026-04-28
금융위원회가 인정하여 고시하는 기관 또는 단체,정의함,LOGICAL,"벤처투자모태조합, 한국해양진흥공사, 농림수산식품투자모태조합",제271조의14제5항제6호,0.95,정의,2026-04-28
자,되다,ACTION,유한책임사 원,제271조의14제4항제3호,0.95,유한책임사 원|기관전용 사모집합투자기구,2026-04-28
협회,제출,ACTION,서류,제271조의14제4항제3호나목,0.95,서류|요건 확인,2026-04-28
협회,정의함,LOGICAL,서류,제271조의14제4항제3호나목,0.9,서류|정의,2026-04-28
제271조의14제4항제3호나목,참조함,STRUCTURE,제5조제3호나목,제271조의14제4항제3호나목,0.8,참조,2026-04-28
100분의 30,정의함,LOGICAL,100분의 30 이상으로서 금융위원회가 정하여 고시하는 비율,제271조의14제6항,0.95,정의|비율,2026-04-28
제249조의14제6항제2호,참조함,STRUCTURE,제249조의14제6항제2호 및 영,제249조의14제6항제2호,0.6,제249조의14제6항제2호,2026-04-28
제271조의14제9항,참조함,STRUCTURE,금융회사의 지 배구조에 관한 법률,제271조의14제9항,0.95,참조|법률,2026-04-28
출자비율,금지함,ACTION,정관과 달리 정하는 행위,제31조제1항,0.95,출자비율|정관과 달리 정하는 행위,2026-04-28
출자방법 및 손익의 분배,금지함,ACTION,정관과 달리 정하는 행위,제31조제1항,0.95,출자방법 및 손익의 분배|정관과 달리 정하는 행위,2026-04-28
금융위원회가 정하여 고시하는 사항,정의함,LOGICAL,"다음 각 호의 사항: 집합투자재산 운용 현황, 차입 또는 채무보증 현황",제271조의16제3항제4호,0.95,정의함|정하는,2026-04-28
투자목적회사,포함한다,ACTION,차입 또는 채무보증 현황,제249조의13,0.95,차입|채무보증|현황,2026-04-28
제249조의13,근거함,STRUCTURE,투자목적회사의 차입 또는 채무보증 현황,제249조의13,0.9,제249조의13|투자목적회사|차입|채무보증|현황,2026-04-28
금융위원회,정의함,LOGICAL,기준 및 방법,제271조의20제2항제1호나목,0.95,금융위원회가 정하여 고시하는 기준 및 방법,2026-04-28
금융위원회가 정하여 고시하는 기준 및 방법,정의함,LOGICAL,다음 각 호의 기준 및 방법,제271조의20제2항제1호나목,0.9,정의함|다음 각 호의 기준 및 방법,2026-04-28
투자비율,정의함,LOGICAL,제271조의20제2항제1호나목,제271조의20제2항제1호나목,0.95,투자비율 정의,2026-04-28
투자비율,계산할 것,ACTION,투자하는 날,제271조의20제2항제1호나목,0.9,투자비율 계산|투자하는 날 기준,2026-04-28
투자비율,준용함,STRUCTURE,제271조의20제2항제1호나목,제271조의20제2항제1호나목,0.9,준용|제271조의20제2항제1호나목,2026-04-28
주권 관련 사채권,정의함,LOGICAL,전환권ㆍ신주인수권 등을 실질적으로 행사할 수 있는 주권 관련 사채권,제68조제4항,0.95,주권 관련 사채권|전환권|신주인수권,2026-04-28
주권 관련 사채권에 투자하는 날에 전환권ㆍ신주인수권 등의 권리가 확정되지 않는 경우,금지함,ACTION,주식을 의결권 있는 발행주식에 포함하지 않을 것,제68조제4항,0.9,주권 관련 사채권|전환권|신주인수권|의결권 있는 발행주식,2026-04-28
투자,정의함,LOGICAL,투자대상기업의 금전채권에 대한 투자,제271조의20제2항제1호바목,0.95,정의함|금융위원회가 정하여 고시하는,2026-04-28
투자대상기업,요구함,ACTION,"부동산 투자(지상권, 지역권, 전세권, 임차권, 분양권 등 부동산 관련 권리)",제249조의7제5항,0.92,투자|부동산|지상권|지역권|전세권|임차권|분양권,2026-04-28
투자대상기업,요구함,ACTION,금전채권 투자,제249조의7제5항,0.9,투자|금전채권,2026-04-28
투자대상기업,요구함,ACTION,사회기반시설에 대한 투자,제249조의7제5항,0.88,투자|사회기반시설,2026-04-28
투자대상기업,요구함,ACTION,조세특례제한법에 따른 투자,제249조의7제5항,0.85,투자|조세특례제한법,2026-04-28
투자,정의함,LOGICAL,자산,제24조제1항제1호,0.9,투자|자산,2026-04-28
투자비율,계산한다,ACTION,투자하는 날,제271조의20제2항제2호다목,0.95,투자비율|날,2026-04-28
금전의 대여,정의함,LOGICAL,투자대상기업에 대한 금전의 대여,제79조제2항제5호,0.95,금전의 대여|투자대상기업,2026-04-28
금전의 대여,허용함,ACTION,투자대상기업,제79조제2항제5호,0.9,금전의 대여|투자대상기업,2026-04-28
업무집행사원,운용,ACTION,기관전용 사모집합투자기구,제249조의14제2항,0.95,운용|기관전용 사모집합투자기구,2026-04-28
예외 사유,정의함,LOGICAL,다음 각 호에서 정한 예외 사유,제249조의14제2항,0.85,예외 사유,2026-04-28
업무집행사원,예외로함,LOGICAL,미리 금융위원회의 승인,제249조의14제2항,0.9,예외 사유|미리 승인,2026-04-28
운용,허용함,ACTION,방법,제271조의20제2항제3호,0.95,운용|방법,2026-04-28
운용,참조함,STRUCTURE,제271조의20제2항제3호부터 제5호,제271조의20제2항제3호,0.9,운용|제271조의20제2항제3호부터 제5호,2026-04-28
예외 사유,정의함,LOGICAL,다음 각 목의 어느 하나에 해당하는 경우,제271조의20제2항제3호,0.95,예외 사유 정의,2026-04-28
예외 사유,예외로함,LOGICAL,투자대상기업을 선정하기 곤란한 경우,제271조의20제2항제3호,0.9,투자대상기업 선정 곤란,2026-04-28
예외 사유,예외로함,LOGICAL,집합투자재산이 법,제271조의20제2항제3호,0.8,집합투자재산 법,2026-04-28
투자대상기업 지분증권 취득,허용함,ACTION,다. 제2항제4호에 해당하는 자산에 투자하는 경우,제249조의7제5항,0.9,투자대상기업 지분증권 취득|다. 제2항제4호에 해당하는 자산에 투자하는 경우,2026-04-28
투자대상기업 지분증권 취득,허용함,ACTION,라. 투자대상 기업의 주식에 대한 공개매수 또는 유상증자참여 등 법,제249조의7제5항,0.9,투자대상기업 지분증권 취득|라. 투자대상 기업의 주식에 대한 공개매수 또는 유상증자참여 등 법,2026-04-28
투자대상기업,요구함,ACTION,주주총회 소집,제249조의7제5항,0.95,주주총회 소집|임원 임면|절차가 진행 중인 경우,2026-04-28
투자대상기업,발생,ACTION,신용사건,제249조의7제5항,0.9,신용사건 발생|투자대상기업,2026-04-28
투자대상기업,참조함,STRUCTURE,제7-14조제5호,제249조의7제5항,0.8,제7-14조제5호 참조,2026-04-28
예외 사유,정의함,LOGICAL,가. 투자대상기업이 발행한 지분증권 또는 주권 관련 사채권을 계속 소유함으로써 사원의 이익을 명백히 해칠 우려가 있는 경우,제271조의20제2항제4호,0.95,예외 사유 정의,2026-04-28
예외 사유,정의함,LOGICAL,나. 투자대상기업의 영업이 정지된 경우,제271조의20제2항제4호,0.95,예외 사유 정의,2026-04-28
예외 사유,정의함,LOGICAL,다. 투자대상기업이 3개월 이상 조업을 중단한 경우,제271조의20제2항제4호,0.95,예외 사유 정의,2026-04-28
예외 사유,정의함,LOGICAL,라. 투자대상기업의 주식에 대한 공개매수에 응하는 경우,제271조의20제2항제4호,0.95,예외 사유 정의,2026-04-28
예외 사유,정의함,LOGICAL,마. 기관전용 사모집합투자기구의 존립기간 만료 등 해산사유가 발생한 경우,제271조의20제2항제4호,0.95,예외 사유 정의,2026-04-28
예외 사유,정의함,LOGICAL,바. 투자대상 기업의 합병 등으로 인하여 사원의 이익을 침해할 우려가 있는 경우,제271조의20제2항제4호,0.95,예외 사유 정의,2026-04-28
투자대상기업,허용함,ACTION,지분증권,제271조의20제2항제5호,0.95,예외 사유|금융위원회 확인 기간,2026-04-28
예외 사유,정의함,LOGICAL,증권시장 매매거래 정지/중단,제271조의20제2항제5호,0.9,가. 매매거래 정지/중단,2026-04-28
예외 사유,정의함,LOGICAL,가목부터 다목까지의 사유,제271조의20제2항제5호,0.9,가목부터 다목까지,2026-04-28
금융위원회,승인함,ACTION,처분하지 아니할 수 있도록,제271조의20제2항제5호,0.9,사유 신고|승인,2026-04-28
거래의 중단 또는 시장의 휴장,정의함,LOGICAL,제413조에 따라 발생한 경우,Unknown,0.85,거래 중단|시장 휴장|제413조,2026-04-28
주식 상장,간주함,LOGICAL,거래의 중단 또는 시장의 휴장,Unknown,0.75,주식 상장|거래 중단|시장 휴장,2026-04-28
주식 등록 폐지,간주함,LOGICAL,거래의 중단 또는 시장의 휴장,Unknown,0.75,주식 등록 폐지|거래 중단|시장 휴장,2026-04-28
정당한 사유,정의함,LOGICAL,"투자대상기업의 합병, 해산, 정리절차 개시 등 매각이 곤란한 경우",Unknown,0.85,정당한 사유|합병|해산|정리절차|매각 곤란,2026-04-28
증권,보유함,ACTION,투자가능 한도 이내,제271조의20제2항제2호다목,0.95,투자가능 한도|보유,2026-04-28
제271조의20제2항제2호다목,근거함,STRUCTURE,증권의 투자가능 한도 이내에서 보유하는 경우,제271조의20제2항제2호다목,0.9,투자가능 한도|보유,2026-04-28
업무집행사원,첨부하여야,ACTION,서면,제249조의14제2항,0.95,서면 첨부|승인 신청,2026-04-28
금융감독원장,정한다,ACTION,신청서식 및 절차,제249조의14제2항,0.95,신청서식·절차 정함,2026-04-28
업무집행사원,신청함,ACTION,승인,제249조의14제2항,0.9,승인 신청,2026-04-28
투자비율,정의함,LOGICAL,기금이 기관전용 사모집합투자기구의 사원이 되는 경우,제271조의20제2항제2호다목,0.95,투자비율 정의|기금 사원 조건,2026-04-28
출자금,계산할 수 있다,ACTION,각각의 구분에 따른 방법,제271조의14제11항,0.9,출자금 계산|출자 방식,2026-04-28
기금,계산함,ACTION,비율,제271조의20제2항제2호다목,0.95,비율 계산|출자금 범위에서 증권 취득 제외,2026-04-28
기금,제외하고 계산함,ACTION,그 출자금액과 그 증권취득금액을 각각 제외하고 계산하는 방법,제271조의20제2항제2호다목,0.9,출자금액 제외|증권취득금액 제외,2026-04-28
집합투자재산,계산함,ACTION,비율,제271조의20제2항제3호,0.95,비율 계산|집합투자재산,2026-04-28
금융위원회가 정하여 고시하는 방법,정의함,LOGICAL,사모집합투자기구에 출자,제271조의20제3항제1호,0.95,정의|사모집합투자기구에 출자,2026-04-28
금융위원회가 정하여 고시하는 방법,정의함,LOGICAL,벤처투자조합에 출자,제271조의20제3항제1호,0.95,정의|벤처투자조합에 출자,2026-04-28
금융위원회가 정하여 고시하는 방법,정의함,LOGICAL,신기술사 업투자조합에 출자,제271조의20제3항제1호,0.95,정의|신기술사 업투자조합에 출자,2026-04-28
금융위원회가 정하여 고시하는 방법,정의함,LOGICAL,제1호 방법으로 운용하고 남은 집합투자재산을 영,제271조의20제3항제1호,0.95,정의|제1호 방법으로 운용하고 남은 집합투자재산을 영,2026-04-28
운용,요구함,ACTION,각 목의 방법으로,제271조의20제2항제2호,0.9,운용|각 목의 방법,2026-04-28
금융위원회가 정하여 고시하는 요건,정의함,LOGICAL,다음 각 호의 요건,제271조의20제3항제2호,0.95,정의함|요건,2026-04-28
설립목적 부합,정의함,LOGICAL,설립목적,제271조의20제1항제2호,0.95,설립목적 부합|설립목적,2026-04-28
제271조의20제1항제2호,참조함,STRUCTURE,제3호 또는 제13호의 법률에서 정한 설립목적,제271조의20제1항제2호,0.9,제3호|제13호|설립목적,2026-04-28
서류 제출,요구함,ACTION,금융위원회에 서류를 제출,제271조의20제3항제1호,0.95,서류 제출|금융위원회에 서류 제출,2026-04-28
업무,정하는,LOGICAL,"증권, 장내ㆍ장외파생상품 및 부동산 등 자산을 매매하는 경우 그 가격ㆍ시기ㆍ방법 등의 결정 업무",제271조의20제4항제6호라목,0.95,정하는|업무 정의,2026-04-28
업무,정하는,LOGICAL,투자대상기업 또는 투자목적회사에 파견 또는 선임할 임원의 선정업무,제271조의20제4항제6호라목,0.95,정하는|업무 정의,2026-04-28
금융위원회가 정하여 고시하는 경우,정의함,LOGICAL,거래소의 증권시장업무규정에 정하는 프로그램매매,제271조의20제4항제7호라목,0.95,정의함|금융위원회가 정하여 고시하는 경우,2026-04-28
금융위원회가 정하여 고시하는 경우,참조함,STRUCTURE,거래소의 증권시장업무규정에 정하는 프로그램매매,제271조의20제4항제7호라목,0.9,참조함|금융위원회가 정하여 고시하는 경우,2026-04-28
업무집행사원,요구함,ACTION,집합투자재산 운용방법,제271조의20제6항,0.9,집합투자재산 운용방법|업무집행사원,2026-04-28
집합투자재산 운용방법,정의함,LOGICAL,업무집행사원이 기관전용 사모집합 투자기구의 집합투자재산을 운용하는 방법,제271조의20제6항,0.95,집합투자재산 운용방법|기관전용 사모집합 투자기구,2026-04-28
지분증권에 투자하지 않는 것,정의함,LOGICAL,투자목적회사가 설립 또는 투자한 투자목적회사의 지분증권에 투자하지 않는 것,제271조의14제4항제5호,0.95,지분증권|투자목적회사|설립|투자,2026-04-28
기관,정의함,LOGICAL,금융위원회가 정하여 고시하는 기관,제271조의21제3항,0.95,정의|금융위원회가 정하여 고시하는,2026-04-28
기간,정의함,LOGICAL,금융위원회가 정하여 고시하는 기간,제271조의21제3항,0.95,정의|금융위원회가 정하여 고시하는,2026-04-28
사람,정의함,LOGICAL,금융위원회가 정하여 고시 하는 사람,제271조의21제3항,0.95,정의|금융위원회가 정하여 고시하는,2026-04-28
재무건전성 기준,정의함,LOGICAL,금융위원회가 정하여 고시하는 기준,제271조의21제5항제1호,0.95,재무건전성 기준 정의|정의,2026-04-28
금융위원회,정의함,ACTION,재무건전성 기준,제271조의21제5항제1호,0.9,금융위원회 정의권|정의,2026-04-28
재무건전성 기준,정의함,LOGICAL,적기시정조치 기준이 있는 경우 재무상태가 그 기준을 상회할 것,제271조의21제5항제1호,0.92,적기시정조치 기준|재무상태 상회,2026-04-28
재무건전성 기준,정의함,LOGICAL,적기시정조치 기준이 없는 경우 재무상태가 유사업종의 기준을 상회할 것,제271조의21제5항제1호,0.92,적기시정조치 기준 없음|유사업종 기준 상회,2026-04-28
금융감독원장,정한다,ACTION,신청 서식 및 절차,제271조의23제 2항,0.95,신청 서식 및 절차|정한다,2026-04-28
제271조의24제1항,요구함,ACTION,금융감독원장에게 서류 제출,제271조의24제1항,0.95,제271조의24제1항|서류 제출,2026-04-28
사모집합투자기구 또는 투자목적회사,허용함,ACTION,전자문서의 방법,제271조의24제1항,0.9,사모집합투자기구|투자목적회사|전자문서,2026-04-28
경영권참여 사실의 보고를 위한 서식 및 작성방법,정한다,ACTION,금융감독원장,제271조의24제1항,0.92,경영권참여 사실의 보고|서식 및 작성방법|금융감독원장,2026-04-28
제272조제3항제3호,상위조항,STRUCTURE,제272조,272,0.9,제272조제3항제3호,2026-04-28
금융위원회가 정하 여 고시하는 기간,정의함,LOGICAL,1년,제273조제3항제3호,0.95,정의함|기간,2026-04-28
금융위원회가 정하여 고시하는 업무,정의함,LOGICAL,은행법,제272조제4항제2호,0.95,정의,2026-04-28
부수업무,정의함,LOGICAL,업무,제27조의2,0.95,부수업무 정의|업무,2026-04-28
부수업무,예외로함,LOGICAL,증권 투자 및 대여·매출,제27조의2,0.9,부수업무 예외|증권 투자 및 대여·매출,2026-04-28
부수업무,예외로함,LOGICAL,"증권의 인수·매출, 증권의 모집 또는 매출의 주선, 국공채 및 회사채의 매매",제27조의2,0.9,부수업무 예외|증권 인수·매출 및 주선,2026-04-28
부수업무,예외로함,LOGICAL,환매조건부채권 매매,제27조의2,0.9,부수업무 예외|환매조건부채권 매매,2026-04-28
부수업무,예외로함,LOGICAL,기업합병 및 매수의 중개·주선 또는 대리,제27조의2,0.9,부수업무 예외|기업합병 및 매수 중개·주선,2026-04-28
부수업무,예외로함,LOGICAL,파생상품거래,제27조의2,0.9,부수업무 예외|파생상품거래,2026-04-28
부수업무,예외로함,LOGICAL,수익증권 등 (은행법 시행령),제27조의2,0.9,부수업무 예외|수익증권 등,2026-04-28
부수업무,참조함,STRUCTURE,제27조의2,제27조의2,0.95,부수업무 참조|제27조의2,2026-04-28
금융업자,요구함,ACTION,일반사무의 수탁,제13조제1항,0.95,집합투자기구와 관련된 일반사무의 수탁,2026-04-28
금융위원회가 고시하는 업무,정의함,LOGICAL,은행업감독규정,제272조제5항제8호,0.95,정의함|금융위원회가 고시하는 업무,2026-04-28
사채관리회사의 업무,정의함,LOGICAL,제25조의2제2항제2호에 따른 사채관리회사의 업무,제25조의2제2항제2호,0.95,사채관리회사의 업무|정의,2026-04-28
금융위원회,정하는,ACTION,이해상충방지체계,제272조제5항,0.95,정하는|이해상충방지체계,2026-04-28
준용,준용함,ACTION,각 호의 사항,제272조제3항,0.95,준용|각 호의 사항,2026-04-28
투자자문업등ㆍ신탁업,정의함,LOGICAL,업무,제250조제7항,0.92,업무 정의|투자자문업등ㆍ신탁업,2026-04-28
투자자문업등ㆍ신탁업,예외로함,LOGICAL,집합투자재산의 보관·관리업무,제250조제7항,0.85,보관·관리업무 제외|예외,2026-04-28
업무,정의함,LOGICAL,제2호부터 제4호까지(제3호의 경우 집합투자재산의 보관·관리업무만 해당한다),제250조제7항,0.9,업무|집합투자재산|보관·관리업무,2026-04-28
정하여 고시하는 사항,정의함,LOGICAL,업무처리체계에 관한 사항,제286조제1항제9호,0.99,정하여 고시하는 사항|정의,2026-04-28
정하여 고시하는 사항,정의함,LOGICAL,기업집단 현황에 관한 사항,제286조제1항제9호,0.99,정하여 고시하는 사항|정의,2026-04-28
금융위원회가 정하여 고시하는 서류,정의함,LOGICAL,영업행위준칙에 관한 서류,제281조제2항제8호,0.95,정의함|정하여 고시하는 서류,2026-04-28
금융위원회가 정하여 고시하는 서류,정의함,LOGICAL,업무준칙에 관한 서류,제286조제2항제8호,1.0,정의함|업무준칙에 관한 서류,2026-04-28
외국 집합투자업자,계산한다,ACTION,운용자산규모,제301조제1항제1호가목,0.95,운용자산규모|계산,2026-04-28
연락책임자,정의함,LOGICAL,집합투자업자,제301조제1항제1호라목,0.95,연락책임자|정의함|집합투자업자,2026-04-28
연락책임자,정의함,LOGICAL,투자매매업자ㆍ투자중개업자,제301조제1항제1호라목,0.95,연락책임자|정의함|투자매매업자|투자중개업자,2026-04-28
연락책임자,정의함,LOGICAL,"변호사법에 따른 법무법인, 법무법인(유한), 법무조합, 가목의 구성원, 공동사업장에 소속된 변호사",제301조제1항제1호라목,0.95,연락책임자|정의함|변호사법|법무법인|법무법인(유한)|법무조합|가목의 구성원|공동사업장에 소속된 변호사,2026-04-28
연락책임자,정의함,LOGICAL,공인회계사법에 따른 회계법인,제301조제1항제1호라목,0.95,연락책임자|정의함|공인회계사법|회계법인,2026-04-28
금융위원회가 정하여 고시하는 요건,정의함,LOGICAL,별표 19,제301조제1항제2호라목,0.95,정의|요건,2026-04-28
투자매매업자 또는 투자중개업자,요구함,ACTION,계약,제7-56조,0.95,거래계약 체결|외국집합투자증권 매매주문,2026-04-28
계약의 체결,준용함,STRUCTURE,표준약관,제7-56조,0.9,표준약관|계약 체결,2026-04-28
계약 체결,예외로함,LOGICAL,외국환거래규정 제1-2조제4호에 따른 투자자 대상 판매,제7-56조,0.85,외국환거래규정|예외,2026-04-28
외국 집합투자증권 매매거래약관,보관함,ACTION,외국 집합투자증권 매매거래약관,제2조제2호,0.95,보관|외국 집합투자증권 매매거래약관,2026-04-28
외국 집합투자증권 매매거래약관,교부함,ACTION,사본,제2조제2호,0.95,교부|사본,2026-04-28
외국 집합투자증권 매매거래약관,의무적으로 보관 및 교부함,ACTION,보관 및 교부,제2조제2호,0.85,보관 및 교부|의무,2026-04-28
신청자,제출하여야 한다,ACTION,신청서,제304조제3호,0.95,신청서 제출|제304조제3호,2026-04-28
제304조제3호,규정에 따른,STRUCTURE,신청,제304조제3호,0.9,제304조제3호|신청,2026-04-28
신청자,첨부,ACTION,서류,제304조제3호 가목,0.95,서류 첨부|보유 확인 서류,2026-04-28
금융위원회가 정하여 고시하는 자,정의함,LOGICAL,위험관리전문인력,제307조제1항제6호,0.95,정의|위험관리전문인력,2026-04-28
금융위원회가 정하여 고시하는 것,정의함,LOGICAL,한국거래소가 개설한 금 현물시장(조세특례제한법 ...),310조제2호,0.95,정의|금융위원회가 정하여 고시하는 것,2026-04-28
금 현물시장,정의함,LOGICAL,제126조의7에 따른 금 현물시장,제126조의7,0.95,금 현물시장 정의,2026-04-28
금융위원회가 정하여 고시하는 경우,정의함,LOGICAL,법,제317조의2제3항,0.95,정의|법,2026-04-28
장외매매거래,정의함,LOGICAL,협회를 통한 장외매매거래가 불가능한 경우,제286조제1항 제5호,0.95,장외매매거래 정의|협회 통한 거래 불가능,2026-04-28
금융위원회가 정하여 고시하는 기준,정의함,LOGICAL,주주명부 폐쇄 당시에 법인의 발행주식총수의 100분의 1 미만에 해당하는 주식을 가진 주주들의 주식 의 합계가 의결권 있는 발행주식총수의 3분의 2를 초과한 경우,제18조,0.95,정의|금융위원회가 정하여 고시하는 기준,2026-04-28
금융위원회,준용함,STRUCTURE,제2-5조,제323조의4제4항,0.95,부과 조건|제2-5조 준용,2026-04-28
금융위원회,권한을가짐,ACTION,부과할 수 있는 조건,제323조의4제4항,0.9,부과 조건|권한,2026-04-28
정관 및 청산업무규정,준용함,STRUCTURE,제323조의3제2항제5호,제323조의3,0.95,정관 및 청산업무규정|제323조의3제2항제5호,2026-04-28
세부요건,정의함,LOGICAL,별표 19-3,제318조의3제2항,0.95,세부요건|별표 19-3,2026-04-28
인력ㆍ물적 설비에 관한 이행계획,요구함,ACTION,별표 19-3의 요건,제318조의3제2항,0.9,인력ㆍ물적 설비에 관한 이행계획|별표 19-3의 요건,2026-04-28
사업계획,요구함,ACTION,별표 19-3의 요건,제318조의3제2항,0.9,사업계획|별표 19-3의 요건,2026-04-28
대주주,준용,ACTION,별표 3,제318조의3제4항,0.95,대주주의 세부 요건|별표 3,2026-04-28
제318조의3제4항,준용,STRUCTURE,별표 3,제318조의3제4항,0.9,제318조의3제4항|별표 3,2026-04-28
자,정의함,LOGICAL,영,제323조의10제2항제2호,0.8,자|영,2026-04-28
금융위원회 또는 금융감독원장,근거함,STRUCTURE,제318조의3제4항,제318조의3제4항,0.9,제318조의3제4항,2026-04-28
금융위원회 또는 금융감독원장,근거함,STRUCTURE,별표3 제2호,별표3 제2호,0.85,별표3 제2호,2026-04-28
금융위원회 또는 금융감독원장,권한을가짐,ACTION,금융회사의 지배구조에 관한 법률,금융회사의 지배구조에 관한 법률,0.9,금융회사의 지배구조에 관한 법률,2026-04-28
금융투자상품거래청산회사의 주주,정의함,LOGICAL,금융회사의 지배구조에 관한 법률,금융회사의 지배구조에 관한 법률,0.85,금융투자상품거래청산회사의 주주|금융회사의 지배구조에 관한 법률,2026-04-28
자료 제출 요구,요구함,ACTION,자료,제12조제2항제6호가목,0.95,자료 제출 요구|대주주 여부 확인,2026-04-28
금융 감독원장,정함,ACTION,서식 및 작성방법,제318조의9제3항,0.95,제318조의9제3항|서식 및 작성방법,2026-04-28
보고서,제출해야 한다,ACTION,매월 말일부터 15일 이내에,제318조의9제3항,0.9,제318조의9제3항|보고서 제출,2026-04-28
금융투자상품거래청산회사,보고,ACTION,금융위원회에 거래정보,제8-3조의8,0.95,제8-3조의8|보고의 방법,2026-04-28
금융투자상품거래청산회사,보고,ACTION,"서면, 전자문서 또는 전자통신 등의 방법",제8-3조의8,0.9,제8-3조의8|보고의 방법,2026-04-28
증권금융회사는,요구함,ACTION,경영지도비율을 유지,제8-6조 ①,0.97,경영지도비율|유지,2026-04-28
금융감독원장,요구함,ACTION,이의 시정,제8-7조 ④,0.95,이의 시정|점검,2026-04-28
증권금융회사는,요구함,ACTION,부실자산 상각,제8-7조 ⑤,0.96,부실자산|상각|건전성 확보,2026-04-28
증권금융회사는,요구함,ACTION,내부통제체제 구축,제8-10조 ①,0.95,내부통제체제|위험관리,2026-04-28
증권금융회사는,요구함,ACTION,전담조직 설치,제8-11조 ②,0.94,전담조직|위험관리,2026-04-28
외국환업무 등록 증권금융회사,정의함,LOGICAL,외국환업무를 등록한 증권금융회사,제8조제1항,0.95,외국환업무 등록|증권금융회사,2026-04-28
증권금융회사,준용한다,ACTION,한국채택국제회계기준,제8-12조,0.95,회계처리|한국채택국제회계기준,2026-04-28
금융감독원장,정한다,ACTION,외국환계 정의 계리기준,제37조제2항제2호나목,0.95,외국환계 정의 계리기준|정함,2026-04-28
금융위원회,위탁함,STRUCTURE,금융감독원장,제37조제2항제2호나목,0.9,위탁|정함,2026-04-28
공시,허용함,ACTION,공시 생략,제161조제1항,0.95,공시 생략|허용,2026-04-28
공시 생략,예외로함,LOGICAL,부실채권 또는 금융사고 등이 발생한 경우,제161조제1항,0.9,조건부 허용|부실채권,2026-04-28
공시 생략,예외로함,LOGICAL,제8-15조에 따라 경영개선조치를 요구받은 경우,제161조제1항,0.9,조건부 허용|경영개선조치,2026-04-28
공시 생략,예외로함,LOGICAL,제8-6조제1항제2호에 따른 원화유동성비율을 위반한 경우,제161조제1항,0.9,조건부 허용|원화유동성비율 위반,2026-04-28
공시 생략,예외로함,LOGICAL,재무구조에 중대한 변동을 초래하는 사항이,제161조제1항,0.9,조건부 허용|재무구조 변동,2026-04-28
인력 및 물적 설비에 관한 이행계획,충족,ACTION,별표 21의2의 요건,제324조의3,0.95,인력 및 물적 설비에 관한 이행계획|별표 21의2의 요건,2026-04-28
이행계획,충족,ACTION,요건,제324조의3,0.85,이행계획|요건,2026-04-28
대주주,정의함,LOGICAL,법인,제324조의3제5항,0.9,대주주 정의|법인,2026-04-28
대주주,참조함,STRUCTURE,제324조의3제5항,제324조의3제5항,0.95,제324조의3제5항 참조,2026-04-28
대주주,참조함,STRUCTURE,별표 21의3,제12조제2항제6호가목,0.85,세부요건 기준|별표 21의3,2026-04-28
금융위원회,부과,ACTION,지분 유지 및 양도 제한 조건,제335조의5제4항,0.95,지분 유지 및 양도 제한|조건 부과,2026-04-28
지분 유지 및 양도 제한,정의함,LOGICAL,신용평가업자의 최대주주 및 특수관계인에 대한 지분 유지 및 양도 제한,제335조의5제4항,0.9,지분 유지 및 양도 제한|신용평가업자,2026-04-28
지분 유지 및 양도 제한,예외로함,LOGICAL,"자본금 증액, 발행주식 양도, 법령에 따른 의무 이행, 금융위원회가 인정한 경우",제335조의5제4항,0.85,예외|자본금 증액|법령 의무 이행,2026-04-28
지분 유지 및 양도 제한,제한함,LOGICAL,인증일로부터 3년 이내,제335조의5제4항,0.9,3년|인증일,2026-04-28
최대주주 및 특수관계인,대상이됨,STRUCTURE,지분 유지 및 양도 제한 조건,제335조의5제4항,0.9,최대주주|특수관계인,2026-04-28
신용평가업자,대상이됨,STRUCTURE,지분 유지 및 양도 제한 조건,제335조의5제4항,0.9,신용평가업자,2026-04-28
금융위원회,인정함,LOGICAL,지분 이전이나 양도의 적정성,제335조의5제4항,0.9,적정성 인정,2026-04-28
금융위원회가 정하여 고시하는 사항,정의함,LOGICAL,업무의 분장과 조직구조에 관한 사항,제324조의6제1항제4호,0.95,정의함|금융위원회가 정하여 고시하는 사항,2026-04-28
금융위원회가 정하여 고시하는 사항,정의함,LOGICAL,임직원이 업무를 수행할 때 준수하여야 하는 절차에 관한 사항,제324조의6제1항제4호,0.95,정의함|금융위원회가 정하여 고시하는 사항,2026-04-28
금융위원회가 정하여 고시하는 사항,정의함,LOGICAL,경영의사결정에 필요한 정보가 효율적으로 전달될 수 있는 체제의 구축에 관한 사항,제324조의6제1항제4호,0.95,정의함|금융위원회가 정하여 고시하는 사항,2026-04-28
금융위원회가 정하여 고시하는 사항,정의함,LOGICAL,임직원의 내부통제기준 준수 여부를 확인하는 절차ㆍ방법과 내부통제기준을 위반한 임직원의 처리에 관한 사 항,제324조의6제1항제4호,0.95,정의함|금융위원회가 정하여 고시하는 사항,2026-04-28
금융위원회가 정하여 고시하는 사항,정의함,LOGICAL,임직원의 금융투자상품 매매와 관련한 보고 등 법에 따른 불공정행위를 방지하기 위한 절차나 기준에 관한 사 항,제324조의6제1항제4호,0.95,정의함|금융위원회가 정하여 고시하는 사항,2026-04-28
금융위원회가 정하여 고시하는 사항,정의함,LOGICAL,내부통제기준의 제정이나 변경 절차에 관한 사항,제324조의6제1항제4호,0.95,정의함|금융위원회가 정하여 고시하는 사항,2026-04-28
금융위원회가 정하여 고시하는 사항,정의함,LOGICAL,법,제324조의6제1항제4호,0.9,정의함|금융위원회가 정하여 고시하는 사항,2026-04-28
관련협회등,제정할 수 있다,ACTION,표준내부통제기준,제335조의8제3항,0.95,제정|표준내부통제기준,2026-04-28
관련협회등,권고할 수 있다,ACTION,표준내부통제기준,제335조의8제3항,0.95,권고|표준내부통제기준,2026-04-28
업무,정의함,LOGICAL,금융위원회가 정하여 고시하는 업무,제324조의7제2항제3호,0.95,정의함|업무|금융위원회,2026-04-28
금융위원회,정하여 고시함,ACTION,업무,제324조의7제2항제3호,0.9,정하여 고시함|업무|금융위원회,2026-04-28
신용평가회사,정하다,ACTION,신용평가방법,제335조의11제1항,0.95,신용평가방법|정하다,2026-04-28
신용평가방법,정의함,LOGICAL,평가방법,제335조의11제1항,0.9,신용평가방법|평가방법,2026-04-28
금융위원회가 정하여 고시하는 사항,정의함,LOGICAL,"산업요인, 재무요인 등 신용등급에 영향을 미치는 요인 및 그 분석내용",제335조의11제3항제4호,0.95,정의함|정의,2026-04-28
금융위원회가 정하여 고시하는 사항,정의함,LOGICAL,신용등급을 부여하기 위하여 적용한 평가방법,제335조의11제3항제4호,0.95,정의함|정의,2026-04-28
금융위원회가 정하여 고시하는 사항,정의함,LOGICAL,"신용등급의 정의, 유효기간 및 등급에 대한 전망",제335조의11제3항제4호,0.95,정의함|정의,2026-04-28
금융위원회가 정하여 고시하는 사항,정의함,LOGICAL,신용등급 부여에 근거가 된 주요 자료,제335조의11제3항제4호,0.95,정의함|정의,2026-04-28
서류,정의함,LOGICAL,신용등급변화표,제335조의11제4항,0.95,정의함|서류 정의,2026-04-28
서류,정의함,LOGICAL,평균누적부도율표,제335조의11제4항,0.95,정의함|서류 정의,2026-04-28
자,정의함,LOGICAL,금융위원회가 정하여 고시하는 자,제324조의8제3항제5호,0.95,자|금융위원회가 정하여 고시하는 자,2026-04-28
자,정의함,LOGICAL,당해 신용평가회사의 직전 사업연도 총수익의 100분의 10 이상을 기여한 자,제324조의8제3항제5호,0.9,자|당해 신용평가회사의 직전 사업연도 총수익의 100분의 10 이상을 기여한 자,2026-04-28
자,정의함,LOGICAL,당해 신용평가회사로부터 이해상충의 소지가 있는 기타 용역(법,제324조의8제3항제5호,0.8,자|당해 신용평가회사로부터 이해상충의 소지가 있는 기타 용역(법,2026-04-28
업무,제외한다,ACTION,제335조의10제2항제1호ㆍ제2호,제335조의10제2항제1호ㆍ제2호,0.95,업무 제외|제외,2026-04-28
업무 제외,정의함,LOGICAL,제335조의10제2항제1호ㆍ제2호에 따른 업무는 제외한다.,제335조의10제2항제1호ㆍ제2호,0.9,업무 제외|정의,2026-04-28
행위,정하는,LOGICAL,신용평가대상 또는 그 대리인과의 신용평가계약 체결 및 평가의뢰ㆍ권유 등 영업업무를 수행하는 조직과 신용평가 조직을 분리(정보 및 인사교류의 제한을 포함한다)하여 운영하지 아니하는 행위,제324조의8제4항제6호,0.95,정하는|정의,2026-04-28
행위,정하는,LOGICAL,"신용평가회사가 요청인의 대표이사(자산유동화증권 신용평가의 경우 자산보유자의 대표이사, 주관회사 등 신용평가 기초자료의 작성주체를 말한다)로부터 신용평가를 위하여 제출받는 자료와 관련하여 다음 각 목의 사 항에 대하여 상당한 주의를 다하여 직접 확인ㆍ검토하였다는 사실을 확인받지 아니하고 신용평가를 하는 행위",제324조의8제4항제6호,0.95,정하는|정의,2026-04-28
신용평가회사,금지함,ACTION,신용평가 과정에서 요청인 및 그의 이해관계자에게 자사 또는 계열회사의 상품이나 서비스를 구매하도록 강요하는 행위,제335조의12제2항,0.95,신용평가|금지|강요,2026-04-28
신용평가회사,금지함,ACTION,임직원이 신용평가대상이 발행한 금융투자상품을 소유하고 있는 경우에 신용평가를 하게 하는 행위,제335조의12제2항,0.9,신용평가|금지|이해관계,2026-04-28
신용평가회사,금지함,ACTION,임직원이 신용평가대상에서 근무하거나 이직한지 1년이 경과하지 않은 경우에 신용평가를 하게 하는 행위,제335조의12제2항,0.9,신용평가|금지|근무,2026-04-28
신용평가회사,금지함,ACTION,임직원이 신용평가와 관련된 수수료를 협의하는 등 뚜렷한 이해관계가 있는 경우에 신용평가를 하게 하는 행위,제335조의12제2항,0.9,신용평가|금지|수수료,2026-04-28
신용평가회사,금지함,ACTION,"제8-19조의13제3항을 위반하여 별도의 체계에 따라 신용등급을 표시하지 않거나, 신용평가대상의 동의 또는 자료 제공 없이 평가된 정보라는 사실을 신용평가서에 기재하지 아니하는 행위",제335조의12제2항,0.9,신용평가|금지|신용등급 표시,2026-04-28
신용평가에 갈음할 수 없게 된 경우,예외로함,LOGICAL,제335조의12제2항제1호 또는 제2호,제335조의12제2항제1호,0.8,신용평가|예외,2026-04-28
신용평가회사,작성,ACTION,신용평가실적서,제335조의11제4항,0.95,신용평가실적서|작성,2026-04-28
신용평가회사,작성,ACTION,신용등급결과분석,제335조의11제4항,0.9,신용등급결과분석|작성,2026-04-28
신용평가회사,작성,ACTION,채권수익률분석,제335조의11제4항,0.9,채권수익률분석|작성,2026-04-28
신용평가회사,작성,ACTION,부도기업분석,제335조의11제4항,0.9,부도기업분석|작성,2026-04-28
신용평가회사,작성,ACTION,신용등급변동현황분석,제335조의11제4항,0.9,신용등급변동현황분석|작성,2026-04-28
신용평가회사,작성,ACTION,투명성보고서,제335조의11제4항,0.9,투명성보고서|작성,2026-04-28
신용평가실적서,작성할 것,ACTION,매분기말 기준,제335조의11제4항,0.95,신용평가실적서|작성|분기말,2026-04-28
신용평가실적서,제출할 것,ACTION,1개월 이내,제335조의11제4항,0.95,신용평가실적서|제출|기간,2026-04-28
제8-19조의9제3항 각 호의 서류,작성할 것,ACTION,매년말 기준,제8-19조의9제3항,0.9,서류|작성|년말,2026-04-28
제8-19조의9제3항 각 호의 서류,제출할 것,ACTION,1개월 이내,제8-19조의9제3항,0.9,서류|제출|기간,2026-04-28
"제1항제2호가목, 같은 항 제3호의 서류",작성할 것,ACTION,매년말 기준,제1항제2호가목,0.9,서류|작성|년말,2026-04-28
"제1항제2호가목, 같은 항 제3호의 서류",제출할 것,ACTION,3개월 이내,제1항제2호가목,0.9,서류|제출|기간,2026-04-28
제1항제2호나목의 서류,작성할 것,ACTION,매반기말 기준,제1항제2호나목,0.9,서류|작성|반기말,2026-04-28
제1항제2호나목의 서류,제출할 것,ACTION,3개월 이내,제1항제2호나목,0.9,서류|제출|기간,2026-04-28
제1항제2호다목ㆍ라목의 서류,작성할 것,ACTION,매분기말 기준,제1항제2호다목,0.9,서류|작성|분기말,2026-04-28
제1항제2호다목ㆍ라목의 서류,제출할 것,ACTION,2개월 이내,제1항제2호다목,0.9,서류|제출|기간,2026-04-28
금융위원회가 정하여 고시하는 서류,정의함,LOGICAL,제8-19조의11제1항에 따른 서류,제324조의9제2항제3호,0.95,정의함|서류,2026-04-28
금융위원회가 정하여 고시하는 서류,참조함,STRUCTURE,제8-19조의11제1항에 따른 서류,제324조의9제2항제3호,0.9,참조함|서류,2026-04-28
신용평가,금지함,ACTION,갈음,제335조의12제2항제1호,0.95,신용평가|갈음|제약,2026-04-28
사채권,발행함,ACTION,사채권 3 영,469,0.9,사채권|발행,2026-04-28
사채권,규정에 의하여 발행함,STRUCTURE,제469조제1항,469,0.8,규정|발행,2026-04-28
금융감독원장,선정,ACTION,신용평가회사,제324조의3제1항,0.95,신용평가회사 선정|신용평가회사,2026-04-28
금융감독원장,통보,ACTION,발행인,제324조의3제1항,0.9,통보|발행인,2026-04-28
금융감독원장,정하는 기준에 따라,STRUCTURE,신용평가회사 선정,제324조의3제1항,0.85,정하는 기준에 따라|신용평가회사 선정,2026-04-28
종합금융회사는,설정,ACTION,적정할인한도,제342조제4항,0.95,적정할인한도 설정|한도 이내,2026-04-28
종합금융회사는,허용함,ACTION,신용조사 및 분석 생략,제342조제4항,0.9,신용평가서 기초|생략 허용,2026-04-28
종합금융회사는,요구함,ACTION,자체신용조사 및 신용도 파악,제342조제4항,0.9,적격업체 신용상태|보유자산 건전성,2026-04-28
종합금융회사는,사용하여야 한다,ACTION,적격업체인 할인의뢰인의 한도,제342조제4항,0.9,어음 할인|한도 사용,2026-04-28
비적격업체,사용할 수 있다,ACTION,적격업체의 할인한도,제342조제4항,0.85,비적격업체|할인한도 사용,2026-04-28
평가등급,정의함,LOGICAL,A1 등급,제328조제2항제1호,0.95,정의|금융위원회 정하여 고시,2026-04-28
금융위원회가 정하여 고시하는 평가등급,정의함,LOGICAL,B 등급,제328조제2항제2호,0.99,정의함|금융위원회가 정하여 고시하는 평가등급,2026-04-28
금융감독원장,허용함,ACTION,신용평가 등급 요건을 적용하지 아니함 (별도 지정 기업이 발행한 어음에 대하여),제328조제2항제2호,0.95,무담보어음|신용평가 등급 요건,2026-04-28
금융감독원장,정한다,ACTION,무담보어음의 신용평가 등에 관하여 필요한 사항,제328조제2항제2호,0.95,무담보어음|신용평가,2026-04-28
무담보어음,예외로함,LOGICAL,신용평가 등급 요건,제328조제2항제2호,0.95,무담보어음|신용평가 등급 요건,2026-04-28
금융위원회가 정하여 고시하는 평가등급,정의함,LOGICAL,B등급,제328조제3항,0.99,정의|B등급,2026-04-28
금융감독원장,허용함,ACTION,신용평가 등급 요건을 적용하지 않음,제328조제3항,0.95,신용평가 등급 요건|금융감독원장|기업 어음,2026-04-28
신용평가업자,표시하여야,ACTION,신용평가등급,제328조제4항,0.95,신용평가등급 표시|최저등급 표시,2026-04-28
신용평가업자,비치하여야,ACTION,신용평가등급,제328조제4항,0.95,공시된 신용평가등급 비치,2026-04-28
신용평가업자,게시하여야 한다,ACTION,부도율명세,제328조제4항,0.95,부도율명세|분기별|공시,2026-04-28
어음관리계좌의 거래,허용함,ACTION,수탁금 통 장,제329조제5항,0.95,수탁금 통 장|수시로 예탁 또는 인출,2026-04-28
어음관리계좌 편입자산,이어야 한다,ACTION,환출자산의 금리수준 이상,제329조제5항,0.95,금리수준,2026-04-28
부실운용자산,교환하여야 한다,ACTION,고유계정,제329조제5항,0.95,부실운용자산 교환,2026-04-28
종합금융회사,금지함,ACTION,소유재산을 타인을 위하여 담보로 제공하는 행위,330,0.95,금지행위|제330조제5항,2026-04-28
종합금융회사,금지함,ACTION,대주주 및 그 특수관계인과 최근 3개월 이내 공인감정기관이 평가한 가액과 100분 10 이상의 차이가 나는 가 격으로 부동산을 매매하거나 교환하는 행위,330,0.95,금지행위|제330조제5항,2026-04-28
지점,요구함,ACTION,별지 제 19호의 인가신청서,제337조,0.95,지점 설치 인가 신청|제출,2026-04-28
신청서,요구함,ACTION,설치예정지의 영업소 건물현황,제337조,0.9,신청서|첨부|영업소 건물현황,2026-04-28
신청서,요구함,ACTION,설치예정지 건물의 신축 또는 사용계획서,제337조,0.9,신청서|첨부|신축 또는 사용계획서,2026-04-28
신청서,요구함,ACTION,설치예정지의 주소를 확인할 수 있는 서류,제337조,0.9,신청서|첨부|주소 확인 서류,2026-04-28
신청서,요구함,ACTION,설치 후 3년간 수지예상서,제337조,0.9,신청서|첨부|수지예상서,2026-04-28
신청서,요구함,ACTION,영,제337조,0.8,신청서|첨부|영,2026-04-28
종합금융회사,요구함,ACTION,서류,331,0.95,인가기준|입증,2026-04-28
종합금융회사,참조함,STRUCTURE,제8-27조(업무폐지 등 인가),331,0.9,제8-27조(업무폐지 등 인가),2026-04-28
업무의 폐지 또는 해산,제출해야 한다,ACTION,금융위원회,제339조제1항,0.95,별지 제20호의 신청서 및 첨부서류,2026-04-28
업무의 폐지 또는 해산을 인가하고자 하는 경우,심사기준은,LOGICAL,해산 또는 업무의 폐지가 당해 종합금융회사의 경영 및 재무상태 등에 비추어 불가피할 것,제339조제2항,0.9,불가피성,2026-04-28
업무의 폐지 또는 해산을 인가하고자 하는 경우,심사기준은,LOGICAL,금융거래자 등 이용자보호 및 신용질서 유지에 지장을 줄 염려가 없을 것,제339조제2항,0.9,이용자보호|신용질서,2026-04-28
업무의 폐지 또는 해산을 인가하고자 하는 경우,심사기준은,LOGICAL,"법, 상법, 그 밖의 관계법령에 따른 절차이행에 하자가 없을 것",제339조제2항,0.9,법적 절차,2026-04-28
종합금융회사가 제1항에 따른 인가를 받은 때,게시하고,ACTION,본점 및 지점에 게시,제339조제3항,0.95,게시,2026-04-28
종합금융회사가 제1항에 따른 인가를 받은 때,공고하고,ACTION,서울특별시에서 발행되는 일간신문에 공고,제339조제3항,0.95,공고,2026-04-28
종합금융회사가 제1항에 따른 인가를 받은 때,공시하고,ACTION,인터넷 홈페이지 등을 이용하여 공시,제339조제3항,0.95,공시,2026-04-28
금융감독원장,요구,ACTION,시정,제339조제2항,0.95,시정 요구|정관 및 업무방법 변경 보고|대상 기준,2026-04-28
금융감독원장,정한다,ACTION,정관 및 업무방법 변경 보고에 관한 세부사항,제339조제2항,0.9,정관 및 업무방법 변경 보고 세부사항|정관 및 업무방법 변경 보고,2026-04-28
금융감독원,권한을가짐,ACTION,당해 종합금융회사의 업무가 영위되는 지역의 자금의 수급상황 및 금융기관 간 경쟁관계 형성 및 신용질서 유지에 지장을 줄 염려가 없는지 여부를 심사,제339조제2항,0.9,사전신고|심사,2026-04-28
금융감독원장,권한을가짐,ACTION,본점등의 이전등에 관한 세부사항,제339조제2항,0.9,본점 이전|세부사항,2026-04-28
금융위원회가 정하여 고시하는 기간,정의함,LOGICAL,1년,제333조제2항제3호,0.99,정의함|기간,2026-04-28
금융위원회가 정하여 고시하는 업무,정의함,LOGICAL,정의된 업무,제333조제3항제1호,0.95,정의|업무,2026-04-28
업무,정의함,LOGICAL,제325조제2항제1호부터 제7호까지 (제3호를 제외한다)의 업무,제325조제2항,0.95,정의|업무 항목,2026-04-28
금융위원회가 정하여 고시하는 업무,정의함,LOGICAL,영,제333조제3항제4호,0.99,정의,2026-04-28
업무,정의함,LOGICAL,제325조제3항제2호부터 제6호까지 (제5호를 제외한다)의 업무,제325조제3항제2호부터 제6호까지,0.95,업무 정의,2026-04-28
금융위원회가 정하여 고시 하는 법인등,정의함,LOGICAL,공공기관의 운영에 관한 법률의 적용대상기관,제334조제2항제1호가목,0.95,정의|법인등,2026-04-28
금융위원회가 정하여 고시 하는 법인등,정의함,LOGICAL,지방공기업법의 적용대상기관,제334조제2항제1호가목,0.95,정의|법인등,2026-04-28
금융위원회가 정하여 고시 하는 법인등,정의함,LOGICAL,금융기관부실자산 등의 효율적 처리 및 한국자산관리공사의 설립에 관한 법률에 따른 한국자산관리공사,제334조제2항제1호가목,0.95,정의|법인등,2026-04-28
금융위원회가 정하여 고시 하는 법인등,정의함,LOGICAL,예금자보호법에 따른 예금보험공사,제334조제2항제1호가목,0.95,정의|법인등,2026-04-28
금융위원회가 정하여 고시 하는 법인등,정의함,LOGICAL,은행법에 따른 금융기관,제334조제2항제1호가목,0.95,정의|법인등,2026-04-28
금융위원회가 정하여 고시 하는 법인등,정의함,LOGICAL,위험가중자산에 대한 자기자본비율 산정기준상 위험가중치를 제5호의 기관과 동일하게 적용받는 금융기관,제334조제2항제1호가목,0.95,정의|법인등,2026-04-28
금융위원회가 인정하는 경우,정의함,LOGICAL,다른 금융기관과의 합병 또는 영업의 양수·도,제334조제2항제2호라목,0.95,금융위원회가 인정하는 경우|합병|영업의 양수·도,2026-04-28
금융위원회가 인정하는 경우,정의함,LOGICAL,동일차주 또는 관계인의 구성에 변동이 있는 경우,제334조제2항제2호라목,0.95,금융위원회가 인정하는 경우|동일차주|관계인|구성 변동,2026-04-28
금융위원회가 인정하는 경우,정의함,LOGICAL,종합금융회사 개별재무상태표 계정과목의 변경,제334조제2항제2호라목,0.95,금융위원회가 인정하는 경우|종합금융회사|개별재무상태표|계정과목 변경,2026-04-28
금융위원회가 인정하는 경우,정의함,LOGICAL,제8-33조에 따른 신용공여 범위의 변경,제334조제2항제2호라목,0.95,금융위원회가 인정하는 경우|제8-33조|신용공여|범위 변경,2026-04-28
사유,정의함,LOGICAL,각 목의 어느 하나에 해당하는 사유,제334조제2항제2호,0.85,사유|각 목의 어느 하나에 해당하는 사유,2026-04-28
한도초과사유,정의함,LOGICAL,제342조제1항부터 제4항까지에 따른 한도를 초과하는 경우로서 한도초과사유가 영,제342조,0.9,한도초과사유 정의,2026-04-28
각 호,간주함,LOGICAL,법,제334조제5항,0.9,법|각 호,2026-04-28
연장 신청자,요구함,ACTION,금융감독원장,제342조제6항,0.95,연장 신청|한도초과기간 연장,2026-04-28
연장 신청자,요구함,ACTION,연장 기간 1년 이내,제342조제6항,0.92,연장 신청|연장 기간 1년 이내,2026-04-28
연장업무,정의함,LOGICAL,단서에 따른 기간의 연장업무,제342조제6항,0.9,연장업무 정의|단서에 따른 기간,2026-04-28
금융감독원장,위탁한다,ACTION,시정계획,제334조제3항,0.95,시정계획|위탁,2026-04-28
단서 및 영,정의함,LOGICAL,정의 내용,제342조제6항,0.85,단서 및 영,2026-04-28
업무현황 보고,요구함,ACTION,금융위원회,제334조제3항ㆍ제4항,0.95,업무현황 보고|제3항ㆍ제4항,2026-04-28
업무현황 보고,정의함,LOGICAL,제334조제3항ㆍ제4항에 따른 업무현황,제334조제3항ㆍ제4항,0.9,업무현황 보고|제3항ㆍ제4항,2026-04-28
제342조제1항,참조함,STRUCTURE,제342조제1항 및 영,제342조제1항,0.6,제342조제1항|영,2026-04-28
종합금융회사,요구함,ACTION,자기자본 산출,제335조,0.95,자기자본 산출|기본자본과 보완자본의 합계에서 공제항목을 차감,2026-04-28
금융감독원장,권한을가짐,ACTION,자기자본 계산방법을 정함,제335조,0.9,자기자본 계산방법|금융감독원장,2026-04-28
별표 22,정의함,LOGICAL,"기본자본, 보완자본, 공제항목의 범위",제335조,0.88,"별표 22|기본자본, 보완자본, 공제항목의 범위",2026-04-28
신용공여,정의함,LOGICAL,별표 23,336,0.95,신용공여의 구체적 범위|별표 23,2026-04-28
단일거래금액,정하는,LOGICAL,개별 신용공여약정에 따른 약정금액,제338조제2항,0.95,정의|개별 신용공여약정|약정금액,2026-04-28
단일거래금액,정하는,LOGICAL,사채권(모집·매출의 방법에 따라 발행된 사채권에 한한다) 또는 주식 취득의 경우에 단일한 매매계약에 따른 취득금액,제338조제2항,0.92,정의|사채권|주식 취득|매매계약,2026-04-28
단일거래금액,정하는,LOGICAL,동일한 법인 또는 개인에 대하여 같은 날에 다수의 약정이 체결되는 경우에는 개별 약정금액의 합계액을 기준으로 산정한다,제338조제2항,0.9,정의|다수의 약정|합계액|산정,2026-04-28
대주주,요구함,ACTION,신용공여현황 공시,제343조제4항,0.95,신용공여현황 공시|대주주 의무,2026-04-28
신용공여현황,포함함,STRUCTURE,"자금용도, 신용공여기간, 적용금리 등 거래조건",제343조제4항,0.95,신용공여현황|거래조건,2026-04-28
신용공여현황,포함함,STRUCTURE,담보의 종류 및 평가액,제343조제4항,0.95,신용공여현황|담보,2026-04-28
신용공여현황,포함함,STRUCTURE,주요 특별약정내용,제343조제4항,0.95,신용공여현황|특별약정,2026-04-28
대주주,요구함,ACTION,대주주 발행주식 취득현황 공시,제343조제4항,0.95,공시|대주주 발행주식 취득현황,2026-04-28
대주주,요구함,ACTION,취득목적,제343조제4항,0.95,공시|취득목적,2026-04-28
대주주,요구함,ACTION,분기말 현재 보유주식의 지분율,제343조제4항,0.95,공시|분기말 현재 보유주식의 지분율,2026-04-28
대주주,요구함,ACTION,분기말 현재 보유주식의 시가,제343조제4항,0.95,공시|분기말 현재 보유주식의 시가,2026-04-28
대주주,요구함,ACTION,당해 분기 중 보유주식을 처분한 경우 처분가격 및 동 처분에 따른 손익현황,제343조제4항,0.95,공시|처분가격 및 손익현황,2026-04-28
금융감독원장,정한다,ACTION,필요한 사항(보고서식 및 작성방법 등),제343조제3항,0.95,보고서식|작성방법,2026-04-28
금융감독원장,근거함,STRUCTURE,제343조제3항,제343조제3항,0.9,제343조제3항에 따라,2026-04-28
금융산업의 구조개선,참조함,STRUCTURE,금융산업의 구조개선에 관한 법률,제339조제1항제5호,0.9,금융산업의 구조개선|법률 참조,2026-04-28
종합금융회사,전환함,ACTION,주식,제11조제6항,0.9,출자 전환|주식 소유,2026-04-28
종합금융회사,요구함,ACTION,대출 금 등 을 출자로 전환함,제11조제6항,0.8,출자 전환|신용공여,2026-04-28
종합금융회사,보고하여야 한다,ACTION,출자전환 내용,제344조,0.9,종합금융회사|출자전환|보고,2026-04-28
집합투자증권,정의함,LOGICAL,단기금융집합투자기구의 집합투자증권,제339조제1항제7호,0.95,정의함|집합투자증권 정의,2026-04-28
집합투자증권,정의함,LOGICAL,중도환매수수료 징구기간이 3개월 미만인 집합투자증권(채무증권이 주된 투자대상인 집합투자기구에 한한다),제339조제1항제7호,0.95,정의함|집합투자증권 정의,2026-04-28
집합투자증권,정의함,LOGICAL,그 밖에 금융감독원장이 정하는 집합투자증권,제339조제1항제7호,0.95,정의함|집합투자증권 정의,2026-04-28
제344조제2항,근거함,STRUCTURE,제344조,제344조제2항,0.95,제344조제2항에 따라 영,2026-04-28
증권 투자한도,정의함,LOGICAL,제339조제2항에 따른 증권 투자한도,제339조제2항,0.95,증권 투자한도 정의,2026-04-28
종합금융회사,요구함,ACTION,금융위원회의 확인,제339조제2항,0.95,한도 초과|확인,2026-04-28
증권 투자한도,참조함,STRUCTURE,제339조제2항,제339조제2항,0.95,제339조제2항 참조,2026-04-28
증권,판단함,ACTION,투자한도 초과여부,제339조제2항제4호,0.95,투자한도 초과여부 판단,2026-04-28
투자한도 초과여부 판단,정의함,LOGICAL,증권의 기초가 되는 증권을 제1호부터 제3호까지 합산하여 판단한다,제339조제2항제4호,0.9,투자한도 초과여부 판단,2026-04-28
금융위원회의 확인을 받은 주식,제한에서 제외함,LOGICAL,투자한도 초과여부 판단에 포함,제339조제2항제4호,0.85,제한 제외,2026-04-28
종합금융회사의 대주주 및 그 특수관계인,제한금액을 설정함,LOGICAL,종합금융회사 자기자본의 100분의 5,제339조제2항제4호,0.9,제한금액,2026-04-28
증권,정의함,LOGICAL,"전환사채, 신주인수권부사채 및 교환사채",제339조제2항제4호,0.95,정의함|정의,2026-04-28
법,참조함,STRUCTURE,제341조제3항,341,0.9,법|제341조제3항에 따라,2026-04-28
보유의무액,정의함,LOGICAL,영,제346조,0.95,보유의무액|지급준비자산,2026-04-28
지급준비자산,요구함,ACTION,지준대상채무,제341조제1항,0.95,매일의 잔액|반월 평균,2026-04-28
금융위원회가 정하여 고시하는 사유,정의함,LOGICAL,경매유찰 및 보류 의 사유로 금융감독원장에게 비업무용부동산 처분기한 연기보고를 한 경우,342,0.95,정의|사유,2026-04-28
연기보고 후 1년,간주함,LOGICAL,금융위원회가 정하여 고시하는 사유,342,0.9,간주|기간,2026-04-28
법,정의함,LOGICAL,제350조에서 준용하는 법,350,0.95,법|제350조에서 준용하는 법,2026-04-28
종합금융회사,준수함,ACTION,경영지도비율,제31조제1항,0.95,경영지도비율|종합금융회사,2026-04-28
종합금융회사,준수함,ACTION,위험가중자산에 대한 자기자본비율 8% 이상,제31조제1항,0.9,위험가중자산에 대한 자기자본비율|종합금융회사,2026-04-28
종합금융회사,준수함,ACTION,3개월 이내 만기도래 원화 자산ㆍ부채 비율 100% 이상,제31조제1항,0.9,원화유동성비율|종합금융회사,2026-04-28
금융감독원장,정한다,ACTION,비율의 산정방식,제31조제1항,0.9,비율의 산정방식|금융감독원장,2026-04-28
비율(제1항제1호),기준으로 한다,LOGICAL,종합금융회사의 연결재무상태표,제31조제1항,0.85,비율(제1항제1호)|연결재무상태표,2026-04-28
금융감독원장,허용함,ACTION,계획 또는 약정서 제출 / 경영개선협약 체결,제31조제1항,0.9,계획 또는 약정서 제출|경영개선협약 체결|금융감독원장,2026-04-28
종합금융회사,예외로함,LOGICAL,경영개선권고/요구/명령을 받고 있는 경우,제31조제1항,0.9,경영개선권고|경영개선요구|경영개선명령|종합금융회사,2026-04-28
법,준용함,STRUCTURE,제350조,350,0.9,법|제350조,2026-04-28
종합금융회사,요구함,ACTION,자산건전성 분류 및 대손충당금 등 적립,Unknown,0.95,자산건전성 분류|대손충당금,2026-04-28
종합금융회사,설정하여야 한다,ACTION,자산건전성 분류기준 및 대손충당금 등 적립기준,Unknown,0.9,자산건전성 분류기준|대손충당금 적립기준,2026-04-28
자산건전성 분류,정의함,LOGICAL,"5단계 분류 ('정상', '요주의', '고정', '회수의문', '추정손실')",Unknown,0.9,5단계|별표 24,2026-04-28
자산건전성 분류,준용함,STRUCTURE,별표 24,Unknown,0.85,별표 24,2026-04-28
대손충당금 등,포함함,LOGICAL,"채무보증충당금, 대손준비금, 운용리스자산처분손실충당금",Unknown,0.9,채무보증충당금|대손준비금|운용리스자산처분손실충당금,2026-04-28
종합금융회사,참조함,STRUCTURE,제31조제1항,Unknown,0.9,제31조제1항,2026-04-28
종합금융회사,준용함,STRUCTURE,제8-44조 기준,Unknown,0.9,제8-44조,2026-04-28
제350조,준용함,STRUCTURE,법,제350조,0.95,준용|법,2026-04-28
종합금융회사,요구함,ACTION,시정,제31조제1항,0.95,부적정|시정,2026-04-28
종합금융회사,점검,ACTION,자산건전성 분류 및 대손충당금 등 적립,제31조제1항,0.95,자산건전성|대손충당금,2026-04-28
종합금융회사,유지해야 한다,ACTION,독립된 여신감사 기능,제31조제1항,0.9,여신감사|독립,2026-04-28
종합금융회사,조기 상각,ACTION,부실자산,제31조제1항,0.9,부실자산|자산건전성,2026-04-28
준용하는 법,정의함,LOGICAL,제350조,350,0.95,정의함,2026-04-28
금융감독원장,요구함,ACTION,특정 부실자산의 상각,제31조제1항,0.95,부실자산 상각|요구,2026-04-28
종합금융회사,보유,STRUCTURE,부실자산,제31조제1항,0.85,부실자산|보유,2026-04-28
준용법,준용함,ACTION,법,제350조,0.95,준용법|법,2026-04-28
종합금융회사,요구함,ACTION,대손충당금 적립,제31조제1항,0.95,대손충당금|충당금 적립|대손준비금,2026-04-28
종합금융회사,요구함,ACTION,부동산프로젝트파이낸싱 자산에 대한 대손충당금 적립,제31조제2항,0.95,부동산프로젝트파이낸싱|대손충당금 적립,2026-04-28
종합금융회사,예외로함,LOGICAL,대손충당금 0원,제31조제3항,0.95,대손충당금|0원,2026-04-28
종합금융회사,요구함,ACTION,운용리스자산에 대한 대손충당금 적립,제31조제4항,0.95,운용리스자산|대손충당금 적립,2026-04-28
종합금융회사,허용함,ACTION,대손충당금 환입 및 재적립,제31조제5항,0.95,대손충당금|환입|대손준비금 적립|공시,2026-04-28
금융감독원장,요구함,ACTION,대손충당금 적립,제31조제6항,0.95,금융감독원장|대손충당금 적립,2026-04-28
종합금융회사,요구함,ACTION,종합적인 관리체제 구축·운영,제31조제1항,0.95,위험관리체제|구축·운영,2026-04-28
종합금융회사,요구함,ACTION,"위험 측정·관리 (신용위험, 시장위험, 유동성위험 등)",제31조제1항,0.9,위험관리체제|위험측정|위험관리,2026-04-28
위험관리체제,정의함,LOGICAL,종합금융회사가 구축·운영해야 하는 종합적인 관리체제,제31조제1항,0.9,위험관리체제|구축·운영,2026-04-28
부서,요구함,ACTION,위험부담한도 및 거래한도,제31조제1항,0.95,위험부담한도 및 거래한도|부서,2026-04-28
이사회,심의ㆍ의결,ACTION,위험관리에 필요한 주요사항,제31조제1항,0.95,위험관리|주요사항,2026-04-28
이사회,승인,ACTION,위험관리에 관한 정책 및 전략,제31조제1항,0.95,위험관리|정책|전략,2026-04-28
이사회,제정 및 개정,ACTION,위험관리규정,제31조제1항,0.95,위험관리|규정,2026-04-28
준용하는 법,정의함,LOGICAL,법,350,0.95,준용하는 법|법,2026-04-28
경영상 발생할 수 있는 위험,요구함,ACTION,적절한 실무조직,Unknown,0.95,위험|실무조직,2026-04-28
경영상 발생할 수 있는 위험,참조함,STRUCTURE,제31조제1항,Unknown,0.9,위험|제31조제1항,2026-04-28
종합금융회사,허용함,ACTION,기존 조직 또는 담당자,Unknown,0.9,종합금융회사|기존 조직|담당자,2026-04-28
종합금융회사,참조함,STRUCTURE,제8-47조(위험관리규정),Unknown,0.9,종합금융회사|위험관리규정,2026-04-28
종합금융회사,근거함,STRUCTURE,법,Unknown,0.9,종합금융회사|법,2026-04-28
금융기관,요구함,ACTION,내부규정 또는 지침,제31조제1항,0.95,위험관리|내부규정|지침,2026-04-28
위험관리,정의함,LOGICAL,내부규정 또는 지침,제31조제1항,0.9,위험관리|내부규정|지침,2026-04-28
회계처리 및 재무제표 작성,요구함,ACTION,한국채택국제회계기준,제32조제2항,0.95,한국채택국제회계기준|회계처리 및 재무제표 작성,2026-04-28
세부기준 및 외국환계 정의 계리기준,준수함,ACTION,금융감독원장,제32조제2항,0.9,세부기준|외국환계 정의 계리기준|금융감독원장,2026-04-28
준용,정의함,LOGICAL,법,제350조,0.9,준용|법,2026-04-28
종합금융회사,요구함,ACTION,충당금 및 준비금,제32조제2항,0.95,충당금 및 준비금 적립|내부유보 확충,2026-04-28
제32조제2항,근거함,STRUCTURE,종합금융회사의 충당금 및 준비금 적립,제32조제2항,0.9,제32조제2항에 따라,2026-04-28
부실금융기관,정의함,LOGICAL,부실금융기관,제2조제2호,1.0,정의|부실금융기관,2026-04-28
제11조제5항,참조함,STRUCTURE,적기 시정조치,제11조제5항,0.92,제11조제5항|적기 시정조치,2026-04-28
적기 시정조치,정의함,LOGICAL,"금융기관간 합병, 인수, 영업양도ㆍ양수 또는 계약이전의 결과 법",제11조제5항,0.85,적기 시정조치|금융기관간 합병|인수|영업양도|양수|계약이전,2026-04-28
제340조,근거함,STRUCTURE,제2조,340,0.5,제340조,2026-04-28
금융감독원장,제출,ACTION,한도초과 해소계획,347,0.95,한도초과 해소계획|제출,2026-04-28
금융감독원장,보고,ACTION,행상황,347,0.95,행상황|보고,2026-04-28
종합금융회사,제출,ACTION,금융감독원장,33,0.97,분기별 업무보고서|월별 업무보고서,2026-04-28
종합금융회사,제출,ACTION,분기별 업무보고서와 월별 업무보고서,33,0.95,분기별 업무보고서|월별 업무보고서,2026-04-28
금융감독원장,정한다,ACTION,보고서의 서식 및 작성방법 등에 관한 필요한 사항,33,0.95,서식|작성방법,2026-04-28
보고서 제출,정의함,LOGICAL,제33조,제33조,0.9,보고서 제출,2026-04-28
금융감독원장,공표해야 한다,ACTION,각 호의 사항,제36조제7항,0.99,공표|분기별,2026-04-28
금융감독원장,준용함,STRUCTURE,제8-41조제1항 각 호에 해당하는 비율,제36조제7항,0.95,제8-41조제1항|비율,2026-04-28
각 호의 사항,포함함,STRUCTURE,종합금융회사의 재무건전성에 관한 중요정보,제36조제7항,0.9,종합금융회사의 재무건전성|중요정보,2026-04-28
신용공여한도 초과 금액,정의함,LOGICAL,신용공여한도를 초과하여 신용공여를 한 금액,제342조,0.95,신용공여한도 초과 금액 정의,2026-04-28
제33조,내용미제공,STRUCTURE,제33조 및 영,33,0.0,내용미제공,2026-04-28
종합금융회사,요구함,ACTION,공시사항,제36조제7항,0.95,공시|종합금융회사,2026-04-28
종합금융회사,요구함,ACTION,상반기 결산결과에 대한 공시자료,제36조제7항,0.95,상반기 결산결과|공시,2026-04-28
종합금융회사,준용함,STRUCTURE,종합금융회사통일 경영공시기준,제36조제7항,0.9,공시기준|종합금융회사,2026-04-28
공시사항,포함함,LOGICAL,조직 및 인력에 관한 사항,제36조제7항,0.9,공시사항|조직 및 인력,2026-04-28
공시사항,포함함,LOGICAL,재무 및 손익에 관한 사항,제36조제7항,0.9,공시사항|재무 및 손익,2026-04-28
제33조,정의함,LOGICAL,제33조 및 영,33,0.3,제33조,2026-04-28
종합금융회사,공시,ACTION,관련 내용,제36조제7항,0.95,공시|경영의 건전성,2026-04-28
제354조,참조함,STRUCTURE,금융산업의 구조개선에 관한 법률,354,0.95,제354조|금융산업의 구조개선에 관한 법률,2026-04-28
종합금융회사,정의함,LOGICAL,외국환거래법,제8-66조,0.95,정의|종합금융회사|외국환거래법,2026-04-28
금융감독원장,정한다,ACTION,"공시의 대상, 내용, 방법 및 시기",제8-66조,0.9,"금융감독원장|정한다|공시의 대상, 내용, 방법 및 시기",2026-04-28
종합금융회사,정의함,LOGICAL,외국환업무를 등록한 회사,제8조제1항,0.95,종합금융회사 정의|외국환업무 등록,2026-04-28
종합금융회사,참조함,STRUCTURE,제8-66조(등록요건),제8조제1항,0.9,등록요건 참조,2026-04-28
자본규모와 재무구조,정의함,LOGICAL,적정,제13조제2항제1호,0.95,자본규모와 재무구조|적정,2026-04-28
자본규모와 재무구조가 적정,정의함,LOGICAL,최근 결산기 말의 자기자본이 300억원을 초과할 것,제13조제2항제1호,0.9,자본규모와 재무구조|자기자본|300억원,2026-04-28
자본규모와 재무구조가 적정,정의함,LOGICAL,제8-41조제1호에 따른 비율이 100분의 8 이상일 것,제13조제2항제1호,0.9,자본규모와 재무구조|제8-41조제1호|비율|100분의 8,2026-04-28
제13조제3항,근거함,STRUCTURE,제1항,제13조제3항,0.95,근거|제1항,2026-04-28
제13조제3항,규정함,STRUCTURE,등록요건 충족여부 확인,제13조제3항,0.9,규정|등록요건 충족여부 확인,2026-04-28
등록요건 충족여부,확인함,ACTION,제1항 기준,제13조제3항,0.85,확인|제1항 기준,2026-04-28
종합금융회사,요구함,ACTION,국내영업소,제16조제1항,0.95,외국환업무,2026-04-28
기관,요구함,ACTION,금융감독원장에게 신고,337조,0.95,신고|기관|금융감독원장,2026-04-28
금융감독원장,정한다,ACTION,제1항의 신고에 따른 세부사항,337조,0.9,정한다|제1항의 신고에 따른 세부사항,2026-04-28
종합금융회사,확인함,ACTION,외국환포지션 한도 준수여부,제21조제2호,0.95,외국환포지션 한도|확인,2026-04-28
종합금융회사,보고함,ACTION,금융감독원장,제21조제2호,0.9,위반|보고,2026-04-28
외국환포지션 한도,정의함,LOGICAL,외국환매입초과액과 매각 초과액의 한도,제21조제2호,0.9,정의|한도,2026-04-28
외국환포지션,기준함,LOGICAL,다음 영업일의 외국환 포지션과 합산한 평균잔액,제21조제2호,0.85,기준|평균잔액,2026-04-28
외화자산 및 외화부채,구분하여 관리한다,ACTION,잔존만기별,제21조제4호,0.95,구분|관리|잔존만기별,2026-04-28
외화자산 및 외화부채,비율을 유지한다,ACTION,잔존만기별 비율,제21조제4호,0.9,비율|유지|잔존만기별,2026-04-28
잔존만기 3개월 이내 외화부채,비율이,LOGICAL,잔존만기 3개월 이내 외화자산의 비율 >= 85%,제21조제4호,0.9,잔존만기 3개월 이내|비율|85% 이상,2026-04-28
잔존만기 7일이내 외화자산,비율이,LOGICAL,잔존만기 7일이내 외화부채를 초과하는 비율 >= 0%,제21조제4호,0.85,잔존만기 7일이내|비율|0% 이상,2026-04-28
잔존만기 1개월 이내 외화부채,비율이,LOGICAL,잔존만기 1개월 이내 외화자산을 초과하는 비율 <= 10%,제21조제4호,0.85,잔존만기 1개월 이내|비율|10% 이하,2026-04-28
금융감독원장,정한다,ACTION,"잔존만기 구분방법, 자산·부채 범위 및 비율 산정방법",제21조제4호,0.9,정함|구분방법|산정방법,2026-04-28
외화대출,조달하여야 한다,ACTION,외화자금,제21조제4호,0.95,외화대출 조달 비율|상환기간 1년 이상,2026-04-28
외화대출,예외로함,LOGICAL,외화대출 잔액이 미화 50백만불 미만,제21조제4호,0.9,외화대출 잔액|미화 50백만불 미만,2026-04-28
금융감독원장,정함,ACTION,외화대출 및 외화자금조달의 범위,제21조제4호,0.9,금융감독원장|정함,2026-04-28
외국환거래법,참조함,STRUCTURE,제21조제5호,제21조제5호,0.9,제21조제5호에 따라|외국환거래법,2026-04-28
역외금융,요구함,ACTION,역외금융계정 설치,제3조제 1항제15호,0.95,역외금융계정 설치|비거주자 자금 조달,2026-04-28
역외금융계정,구분,ACTION,다른 거래,제3조제 1항제15호,0.9,역외금융계정|다른 거래,2026-04-28
거래상대방,정의함,LOGICAL,제9조제5항제1호부터 제3호까지의 자 및 이에 준하는 거래의 상대방,제9조제5항,0.92,거래상대방 제외,2026-04-28
금융감독원장,제외함,ACTION,거래상대방,제9조제5항,0.95,거래상대방 제외,2026-04-28
종합금융회사,설정하여야 하며,ACTION,거래한도,제186조의2제1호,0.95,거래한도 설정,2026-04-28
종합금융회사,운영할 것,ACTION,거래잔액,제186조의2제1호,0.95,거래잔액 운영,2026-04-28
금융감독원장,요구할 수 있다,ACTION,외환파생상품거래위험 관리기준의 변경 및 시정,제186조의2제1호,0.95,외환파생상품거래위험 관리기준 변경 및 시정,2026-04-28
금융위원회가 정하여 고시하는 자,정의함,LOGICAL,금융투자업자,제345조제1항제3호,0.95,정의|금융위원회 고시,2026-04-28
금융위원회가 정하여 고시하는 자,예외로함,LOGICAL,전업투자자문업자,제345조제1항제3호,0.95,정의|금융위원회 고시,2026-04-28
금융위원회가 정하여 고시하는 자,정의함,LOGICAL,대한주택보증주식회사,제345조제1항제3호,0.95,정의|금융위원회 고시,2026-04-28
금융위원회가 정하여 고시하는 자,정의함,LOGICAL,유동화전문회사,제345조제1항제3호,0.95,정의|금융위원회 고시,2026-04-28
금융위원회가 정하여 고시하는 자,정의함,LOGICAL,한국주택금융공사,제345조제1항제3호,0.95,정의|금융위원회 고시,2026-04-28
금융위원회가 정하여 고시하는 자,예외로함,LOGICAL,주택금융신용보증기금,제345조제1항제3호,0.95,정의|금융위원회 고시,2026-04-28
금융위원회가 정하여 고시하는 자,정의함,LOGICAL,금융지주회사,제345조제1항제3호,0.95,정의|금융위원회 고시,2026-04-28
금융위원회가 정하여 고시하는 자,정의함,LOGICAL,산림조합중앙회,제345조제1항제3호,0.95,정의|금융위원회 고시,2026-04-28
금융위원회가 정하여 고시하는 자,정의함,LOGICAL,예금보험공사,제345조제1항제3호,0.95,정의|금융위원회 고시,2026-04-28
금융위원회가 정하여 고시하는 자,정의함,LOGICAL,정리금융회사,제345조제1항제3호,0.95,정의|금융위원회 고시,2026-04-28
금융위원회가 정하여 고시하는 자,정의함,LOGICAL,한국투자공사,제345조제1항제3호,0.95,정의|금융위원회 고시,2026-04-28
금융위원회가 정하여 고시하는 자,정의함,LOGICAL,법률에 따라 설립된 기금 및 그 기금을 관리·운용하는 법인,제345조제1항제3호,0.95,정의|금융위원회 고시,2026-04-28
금융위원회가 정하여 고시하는 자,정의함,LOGICAL,공제사업을 경영하는 법인,제345조제1항제3호,0.95,정의|금융위원회 고시,2026-04-28
금융위원회가 정하여 고시하는 자,정의함,LOGICAL,일반투자자,제345조제1항제3호,0.95,정의|금융위원회 고시,2026-04-28
외국 금융기관,정의함,LOGICAL,각 목의 기관에 준하는,제7조제4항제3호,0.95,정의|준하는,2026-04-28
신청인,제출함,ACTION,신청서,제355조제1항,0.97,신청서 제출|자금거래의 중개업무 인가,2026-04-28
금융위원회,허용함,ACTION,평가위원회,제355조제1항,0.95,필요하다고 판단되는 경우|자금거래의 중개업무 인가의 심사와 관련하여,2026-04-28
공고,수렴,ACTION,이해관계인의 의견,제355조제1항,0.95,공고의 방법|의견 수렴,2026-04-28
공고,공청회 개최,ACTION,공청회,제355조제1항,0.95,공고의 방법|공청회 개최,2026-04-28
영,준용함,ACTION,제345조제4항,제345조제4항,0.9,영,2026-04-28
사업계획 요건,정의함,LOGICAL,영,제16조제4항,0.95,사업계획 요건|영,2026-04-28
영,정의함,LOGICAL,제345조제4항,제345조제4항,0.95,정의|준용,2026-04-28
법제처,정한다,ACTION,별표 2 제3호 (금융투자업규정),제16조제11항,0.9,별표 2 제3호|금융투자업규정,2026-04-28
제345조제3항제1호,정한다,LOGICAL,기준,제345조,0.95,기준,2026-04-28
준용,준용함,ACTION,영,제345조제4항,0.9,준용|영,2026-04-28
준용,참조함,STRUCTURE,제345조제4항,제345조제4항,0.95,준용|제345조제4항,2026-04-28
구체적인 기준,정의함,LOGICAL,영,제16조제5항,0.9,구체적인 기준 정의,2026-04-28
제16조제5항,참조함,STRUCTURE,구체적인 기준,제16조제5항,0.8,제16조제5항 참조,2026-04-28
제345조제4항,준용함,ACTION,영,제345조제4항,0.9,준용|영,2026-04-28
금융투자업,준용함,STRUCTURE,별표 2 제1호가목부터 다목까지 및 제2호,16조제11항,0.85,금융투자업|별표 2,2026-04-28
금융투자업,정의함,LOGICAL,법,제16조제11항,0.9,정의|법,2026-04-28
금융투자업자,정의함,LOGICAL,자금중개회사,제355조제1항,1.0,금융투자업자 정의|자금중개회사,2026-04-28
대주주의 세부요건,정의함,LOGICAL,구체적인 기준은 영,제16조제6항,0.95,대주주의 세부요건|정의,2026-04-28
대주주의 세부요건,참조함,STRUCTURE,제16조제6항,제16조제6항,0.9,제16조제6항에 따른,2026-04-28
제16조제11항,정의함,LOGICAL,별표 3 제1호,제16조제11항,0.9,제16조제11항|별표 3 제1호,2026-04-28
법,준용함,ACTION,제357조제2항,제357조제2항,0.95,준용|제357조제2항,2026-04-28
자금중개회사,금지함,ACTION,금융감독원장이 정하는 규모를 초과하는 차입,제31조제1항,0.98,자산운용 건전성|자금중개회사,2026-04-28
자금중개회사,금지함,ACTION,소유자산의 타인을 위한 담보 제공,제31조제1항,0.98,자산운용 건전성|자금중개회사,2026-04-28
금융감독원장,정할 수 있다,ACTION,세부절차,제31조제1항,0.95,자산운용 건전성|자금중개회사의 건전성 유지,2026-04-28
자산운용 건전성,정의함,LOGICAL,자금중개회사의 건전성 유지,제31조제1항,0.9,자산운용 건전성,2026-04-28
제357조제2항,준용,ACTION,법,제357조제2항,0.9,준용|법,2026-04-28
제33조,참조함,STRUCTURE,제2조제6호가목2,33,0.4,제33조|제2조제6호가목2,2026-04-28
제8-63조 및 제8-64조,준용함,ACTION,자금중개회사,제36조제7항,0.95,자금중개회사|준용,2026-04-28
금융위원회가 정하여 고시하는 자,정의함,LOGICAL,국고채전문딜러,제346조제2항제5호,0.95,정의함|국고채전문딜러,2026-04-28
금융위원회가 정하여 고시하는 자,정의함,LOGICAL,한국은행법에 따른 자,제346조제2항제5호,0.9,정의함|한국은행법,2026-04-28
금융위원회가 정하여 고시하는 자,참조함,STRUCTURE,국고채권의 발행 및 국고채전문딜러 운영에 관한 규정,제346조제2항제5호,0.9,참조함|국고채권의 발행 및 국고채전문딜러 운영에 관한 규정,2026-04-28
제6호 및 제7호,참조함,STRUCTURE,제28조,제28조,0.9,제6호|제7호,2026-04-28
제68조,참조함,STRUCTURE,제2조제6호가목2,68,0.3,제2조제6호가목2,2026-04-28
대상기관,정의함,LOGICAL,금융통화위원회가 선정하는 대상기관으로 선정된 자 3. 집합투자업 인가를 받은 자 4. 법,69,0.92,대상기관 정의|금융통화위원회 선정|집합투자업 인가|법,2026-04-28
금융통화위원회,권한을가짐,ACTION,대상기관 선정,69,0.85,금융통화위원회 권한|대상기관 선정,2026-04-28
증권금융회사,인증을 받다,ACTION,금융거래지표의 관리에 관한 법률,제324조제1항,0.95,인증|금융거래지표의 관리에 관한 법률,2026-04-28
양도성예금증서,규제,ACTION,수익률,제4조,0.95,수익률|양도성예금증서,2026-04-28
금융투자업자,수행,ACTION,제출업무,제2조제5호,0.95,제2조제5호에 따른 제출업무|금융투자업자,2026-04-28
제출업무,참조함,STRUCTURE,제2조제5호,제2조제5호,0.9,제2조제5호에 따른 제출업무,2026-04-28
중개회사,요구함,ACTION,단순중개,제346조제3항,0.95,자금중개|단순중개,2026-04-28
중개회사,할 수 있다,ACTION,매매중개,제346조제3항,0.9,콜거래중개|매매중개,2026-04-28
증권금융회사,중개ㆍ주선 또는 대리,ACTION,콜 거래,제346조제3항,0.9,콜거래|중개|주선|대리,2026-04-28
자금중개,예외로함,LOGICAL,매매중개,제346조제3항,0.85,콜거래중개|매매중개,2026-04-28
단순중개,정의함,LOGICAL,자금중개회사가 일정 수수료만 받고 자금대여자와 자금차입자간의 거래를 연결해 주는 것,제346조제3항,0.9,단순중개 정의,2026-04-28
매매중개,정의함,LOGICAL,자금중개회사가 자기계산으로 거래에 직접 참여하는 것,제346조제3항,0.9,매매중개 정의,2026-04-28
제357조제2항,준용함,STRUCTURE,법,제357조제2항,0.95,준용|법,2026-04-28
제8-27조,준용한다,STRUCTURE,자금중개회 사의 업무 폐지 또는 해산의 인가,제339조제1항,0.95,자금중개회 사의 업무 폐지 또는 해산의 인가|준용,2026-04-28
자금중개회사,요구함,ACTION,금융감독원장에게 보고,제346조제4항,0.95,보고|의무,2026-04-28
이해관계인 의견 수렴,허용함,ACTION,공고,제360조제1항,0.92,공고,2026-04-28
이해관계인 의견 수렴,허용함,ACTION,공청회 개최,제360조제1항,0.88,공청회 개최,2026-04-28
제348조제6항,준용함,STRUCTURE,영,제348조제6항,0.6,준용,2026-04-28
사업계획 요건,정의함,LOGICAL,구체적인 기준,제16조제4항,0.95,사업계획 요건|구체적인 기준,2026-04-28
사업계획 요건,상위조항,STRUCTURE,제16조제4항,제16조제4항,0.9,제16조제4항,2026-04-28
준용,준용함,STRUCTURE,제348조제6항,제348조제6항,0.85,준용|제348조제6항,2026-04-28
제16조제11항,정의함,LOGICAL,별표 2 제3호[나목(2)를 제외 한다],제16조제11항,0.9,제16조제11항|별표 2 제3호,2026-04-28
별표 2 제3호,예외로함,LOGICAL,나목(2),제16조제11항,0.8,별표 2 제3호|나목(2),2026-04-28
제348조제6항,준용,ACTION,영,제348조제6항,0.95,준용,2026-04-28
세부요건,정의함,LOGICAL,"인력과 전산설비, 그 밖의 물적 설비에 대한 구체적인 기준",제16조제5항,0.9,세부요건|인력|전산설비|물적 설비,2026-04-28
단기금융업무,정의함,LOGICAL,금융투자업자가 단기금융회사로 한다,제360조제1항,0.95,단기금융업무 정의|금융투자업자 단기금융회사,2026-04-28
영,준용함,STRUCTURE,제348조제6항,제348조제6항,0.9,영|제348조제6항,2026-04-28
대주주의 세부요건,정의함,LOGICAL,구체적인 기준,제16조제6항,0.95,대주주의 세부요건|구체적인 기준,2026-04-28
준용,준용함,STRUCTURE,제 348조제6항,제 348조제6항,0.8,준용|규정,2026-04-28
별표 3 제1호,정의함,LOGICAL,제16조제11항,제16조제11항,0.9,제16조제11항에 따라|정의,2026-04-28
금융투자업자,정의함,LOGICAL,단기금융회사,제360조제1항,1.0,금융투자업자|단기금융회사,2026-04-28
정하여 고시하는 사항,정의함,LOGICAL,업무체계에 관한 사항,제351조제1항제7호,0.95,정의함|정하여 고시하는 사항,2026-04-28
서류,정의함,LOGICAL,업무체계를 확인할 수 있는 서류,제351조제2항제6호,0.95,정의함|업무체계,2026-04-28
서류,정의함,LOGICAL,기업집단현황을 확인할 수 있는 서류,제351조제2항제6호,0.95,정의함|기업집단현황,2026-04-28
사업계획,충족하여야 한다,ACTION,별표 27,제354조의3제4항,0.95,세부요건,2026-04-28
인력과 전산설비,충족하여야 한다,ACTION,별표 27,제354조의3제4항,0.95,세부요건,2026-04-28
이행계획,충족하여야 한다,ACTION,별표 27,제354조의3제4항,0.95,세부요건,2026-04-28
세부요건,정의함,LOGICAL,별표 27,제354조의3제4항,0.95,세부요건,2026-04-28
기준과 방 법,정의함,LOGICAL,다음 각 호의 요건을 모두 충족하는 것,제354조의3제8항제2호,0.95,정의함|요건 충족,2026-04-28
업무,정의함,LOGICAL,제402조제1항제1호부터 제3호까지의 업무(법,제402조,0.9,업무 정의,2026-04-28
시장감시업무등,정의함,LOGICAL,"시장감시, 이상거래의 심리, 회원에 대한 감리 및 증권시장과 파생상품시장 사 이의 연계감시에 관한 정보",제78조제3항,0.95,정의|업무범위,2026-04-28
지정거래소,수행함,ACTION,시장감시업무등,제78조제3항,0.9,의무|업무수행,2026-04-28
거래소시장의 매매체결 관련 업무를 담당하는 부서,예외로함,LOGICAL,시장감시업무등을 담당하는 부서로 해당 정보를 제공하는 경우,제78조제3항,0.9,예외|정보제공,2026-04-28
증권시장,정의함,LOGICAL,거래소가 개설한 증권시장 중 주권을 거래하는 증권시장,358,0.95,금융위원회가 정하여 고시하는|거래소가 개설한|주권을 거래하는,2026-04-28
인정 신청자,요구함,ACTION,인정신청서,제366조,0.95,인정신청서|인정 신청자,2026-04-28
금융위원회,요구함,ACTION,금융감독원장,제366조,0.9,금융위원회|금융감독원장|심사,2026-04-28
금융감독원장,요구함,ACTION,금융위원회,제366조,0.9,금융감독원장|금융위원회|심사|통지,2026-04-28
금융위원회가 정하여 고시하는 업무,정의함,LOGICAL,다음 각 호의 업무,제387조제4항,0.95,정의|업무,2026-04-28
인가,정의함,LOGICAL,3개월 (인가신청서 접수일로부터),제12조,0.9,인가 기간 정의|3개월,2026-04-28
인증,정의함,LOGICAL,인증신청서 접수일로부터 1개월,제12조,0.9,인증|인증신청서|1개월,2026-04-28
예비인가,준용함,STRUCTURE,제14조,Unknown,0.9,예비인가|제14조,2026-04-28
예비인가,정의함,LOGICAL,2개월 4일,Unknown,0.8,예비인가|기간,2026-04-28
제18조,정의함,LOGICAL,Unknown,18,0.0,Unknown,2026-04-28
제117조의4,정의함,LOGICAL,제117조의4,제117조의4,0.0,제117조의4,2026-04-28
등록,정의함,LOGICAL,등록신청서 접수일로부터 2개월,제249조의3,0.95,등록|2개월,2026-04-28
등록,요구함,ACTION,등록신청서 접수일로부터 2개월 이내에 완료,제249조의3,0.9,등록|2개월 이내,2026-04-28
지정,정의함,LOGICAL,지정신청서 접수일로부터 2개월 6일,제77조의2,0.95,지정|지정신청서|접수일|기간,2026-04-28
인가신청서,접수,ACTION,3개월 7일,제360조,0.9,인증|기간,2026-04-28
인가,기간,LOGICAL,3개월 7일,제360조,0.8,기간|인증,2026-04-28
인증,정의함,LOGICAL,2개월 8일,Unknown,0.9,인증|기간,2026-04-28
인증,참조함,STRUCTURE,제4조,Unknown,0.8,제4조|인증,2026-04-28
대주주변경승인,정의함,LOGICAL,변경신청서 접수일로부터 2개월 이내에 인가,제31조,0.7,대주주변경승인|변경신청서|2개월,2026-04-28
증권선물위원회,심의함,ACTION,제9-3조,제31조,0.8,증권선물위원회|심의|제9-3조,2026-04-28
조치,정의함,LOGICAL,다음 각 호의 어느 하나에 해당하는 조치ㆍ명령 등을 하는 경우,제3조제1항제2호,0.95,조치|정의|조치ㆍ명령,2026-04-28
조치,예외로함,LOGICAL,관리형신탁의 경우,제3조제1항제2호,0.85,예외|관리형신탁,2026-04-28
법률,부과,ACTION,과징금,제57조,0.9,과징금부과처분|제57조에 따른,2026-04-28
금융위원회,검토,ACTION,규제,제9-4조,0.95,규제의 재검토|과태료부과처분,2026-04-28
금융위원회,과태료부과처분,STRUCTURE,제69조,제9-4조,0.9,과태료부과처분|제69조,2026-04-28
금융위원회,준용함,STRUCTURE,행정규제기본법,제9-4조,0.85,행정규제기본법,2026-04-28
고시,요구함,ACTION,타당성 검토,제19조의2,0.95,검토 및 개선|타당성,2026-04-28
고시,요구함,ACTION,개선 조치,제19조의2,0.9,검토 및 개선|개선,2026-04-28
제19조의2,준용함,STRUCTURE,대통령훈령 제248호,제19조의2,0.85,훈령ㆍ예규 등의 발령 및 관리에 관한 규정,2026-04-28
이 규정,시행한다,ACTION,2026년 3월 17일,제1조,0.99,시행일|시행,2026-04-28
이 규정,정의함,LOGICAL,시행일,제1조,0.95,시행일,2026-04-28
