article_number,structural_index,entity_type,concept,subject,action,object,legal_force,full_text
제1조,[],CONCEPT,자본시장의 공정성ㆍ신뢰성 및 효율성,,촉진,금융혁신,,제1조(목적) 이 법은 자본시장에서의 금융혁신과 공정한 경쟁을 촉진하고 투자자를 보호하며 금융투자업을 건전하게 육성함으로써 자본시장의 공정성ㆍ신뢰성 및 효율성을 높여 국민경 제의 발전에 이바지함을 목적으로 한다.
제2조,[],REGULATION,국외행위에 대한 적용,이 법,적용,국외행위,MANDATORY,제2조(국외행위에 대한 적용) 이 법은 국외에서 이루어진 행위로서 그 효과가 국내에 미치는 경 우에도 적용한다.
제3조,[],DEFINITION,금융투자상품,,,,DEFINITIONAL,"제3조(금융투자상품) ① 이 법에서 “금융투자상품”이란 이익을 얻거나 손실을 회피할 목적으로 현재 또는 장래의 특정(特定) 시점에 금전, 그 밖의 재산적 가치가 있는 것(이하 “금전등”이라 한다)을 지급하기로 약정함으로써 취득하는 권리로서, 그 권리를 취득하기 위하여 지급하였 거나 지급하여야 할 금전등의 총액(판매수수료 등 대통령령으로 정하는 금액을 제외한다)이 그 권리로부터 회수하였거나 회수할 수 있는 금전등의 총액(해지수수료 등 대통령령으로 정 하는 금액을 포함한다)을 초과하게 될 위험(이하 “투자성”이라 한다)이 있는 것을 말한다. 다 만, 다음 각 호의 어느 하나에 해당하는 것을 제외한다. <개정 2011. 7. 25., 2013. 5. 28.> 1. 원화로 표시된 양도성 예금증서 2. 「신탁법」"
제78조제1항,[],DEFINITION,신탁,신탁,해당,목,DEFINITIONAL,제78조제1항에 따른 수익증권발행신탁이 아닌 신탁으로서 다음 각 목의 어느 하나에 해당하는 신탁(
제103조제1항제1호,"[None, None, 103, 1]",REGULATION,신탁,수탁자,,재산,MANDATORY,제103조제1항제1호의 재산을 신탁받는 경우는 제외하고 수탁자가 「신탁법」
제46조,[],,,,,,,
제48조,[],DEFINITION,관리형신탁,,,,DEFINITIONAL,제48조까지의 규정에 따라 처분 권한을 행사하는 경우는 포함한다. 이하 “관리형신탁”이라 한다)의 수익권 가. 위탁자(신탁계약에 따라 처분권한을 가지고 있는 수익자를 포함한다)의 지시에 따라서 만 신탁재산의 처분이 이루어지는 신탁 나. 신탁계약에 따라 신탁재산에 대하여 보존행위 또는 그 신탁재산의 성질을 변경하지 아 니하는 범위에서 이용ㆍ개량 행위만을 하는 신탁 3. 그 밖에 해당 금융투자상품의 특성 등을 고려하여 금융투자상품에서 제외하더라도 투자 자 보호 및 건전한 거래질서를 해할 우려가 없는 것으로서 대통령령으로 정하는 금융투자 상품 ② 제1항의 금융투자상품은 다음 각 호와 같이 구분한다. 1. 증권 2. 파생상품 가. 장내파생상품 나. 장외파생상품 법제처 2 국가법령정보센 터 자본시장과 금융투자업에 관한 법률
제4조,[],DEFINITION,증권,,정의한다,증권,DEFINITIONAL,"제4조(증권) ① 이 법에서 “증권”이란 내국인 또는 외국인이 발행한 금융투자상품으로서 투자자 가 취득과 동시에 지급한 금전등 외에 어떠한 명목으로든지 추가로 지급의무(투자자가 기초 자산에 대한 매매를 성립시킬 수 있는 권리를 행사하게 됨으로써 부담하게 되는 지급의무를 제외한다)를 부담하지 아니하는 것을 말한다. <개정 2013. 5. 28., 2015. 7. 24., 2026. 2. 3.> 1. 삭제<2026. 2. 3.> 2. 삭제<2026. 2. 3.> ② 제1항의 증권은 다음 각 호와 같이 구분한다. 1. 채무증권 2. 지분증권 3. 수익증권 4. 투자계약증권 5. 파생결합증권 6. 증권예탁증권 ③ 이 법에서 “채무증권”이란 국채증권, 지방채증권, 특수채증권(법률에 의하여 직접 설립된 법인이 발행한 채권을 말한다. 이하 같다), 사채권(「상법」"
Unknown,[],REGULATION,Unknown,,,,,"제469조제2항제3호에 따른 사채의 경우에는 제7항제1호에 해당하는 것으로 한정한다. 이하 같다), 기업어음증권(기업이 사업에 필요한 자금을 조달하기 위하여 발행한 약속어음으로서 대통령령으로 정하는 요건을 갖춘 것을 말한다. 이하 같다), 그 밖에 이와 유사(類似)한 것으로서 지급청구권이 표시된 것을 말 한다.<개정 2013. 5. 28.> ④ 이 법에서 “지분증권”이란 주권, 신주인수권이 표시된 것, 법률에 의하여 직접 설립된 법 인이 발행한 출자증권, 「상법」에 따른 합자회사ㆍ유한책임회사ㆍ유한회사ㆍ합자조합ㆍ익명 조합의 출자지분, 그 밖에 이와 유사한 것으로서 출자지분 또는 출자지분을 취득할 권리가 표시된 것을 말한다.<개정 2013. 5. 28.> ⑤ 이 법에서 “수익증권”이란"
제110조의 수익증권,[],CONCEPT,수익증권,,,,,"제110조의 수익증권,"
제189조,[],DEFINITION,수익증권,,정의한다,수익증권,DEFINITIONAL,"제189조의 수익증권, 그 밖에 이와 유사 한 것으로서 신탁의 수익권이 표시된 것을 말한다. ⑥ 이 법에서 “투자계약증권”이란 특정 투자자가 그 투자자와 타인(다른 투자자를 포함한다. 이하 이 항에서 같다) 간의 공동사업에 금전등을 투자하고 주로 타인이 수행한 공동사업의 결과에 따른 손익을 귀속받는 계약상의 권리가 표시된 것을 말한다. ⑦ 이 법에서 “파생결합증권”이란 기초자산의 가격ㆍ이자율ㆍ지표ㆍ단위 또는 이를 기초로 하는 지수 등의 변동과 연계하여 미리 정하여진 방법에 따라 지급하거나 회수하는 금전등이 결정되는 권리가 표시된 것을 말한다. 다만, 다음 각 호의 어느 하나에 해당하는 것은 제외한 다.<개정 2013. 5. 28., 2016. 3. 29., 2017. 4. 18., 2022. 12. 31.> 1. 발행과 동시에 투자자가 지급한 금전등에 대한 이자, 그 밖의 과실(果實)에 대하여만 해당 기초자산의 가격ㆍ이자율ㆍ지표ㆍ단위 또는 이를 기초로 하는 지수 등의 변동과 연계된 증권 2."
제5조제1항제2호,"[5, None, 1, 2]",DEFINITION,계약상의 권리,,,,DEFINITIONAL,제5조제1항제2호에 따른 계약상의 권리
제5조제1항,[],REGULATION,금융투자상품 제외,금융투자상품,제외한다,,MANDATORY,제5조제1항 각 호 외의 부분 단서에서 정하는 금 융투자상품은 제외한다) 3. 해당 사채의 발행 당시 객관적이고 합리적인 기준에 따라 미리 정하는 사유가 발생하는 경우 주식으로 전환되거나 그 사채의 상환과 이자지급 의무가 감면된다는 조건이 붙은 것 으로서
제165조의11제1항,[],DEFINITION,주권상장법인 사채,주권상장법인,발행,사채,DEFINITIONAL,제165조의11제1항에 따라 주권상장법인이 발행하는 사채 법제처 3 국가법령정보센 터 자본시장과 금융투자업에 관한 법률 3의2. 「은행법」
제33조,[],REGULATION,상각형 조건부자본증권,금융지주회사법,규정,상각형 조건부자본증권,MANDATORY,"제33조제1항제2호부터 제4호까지의 규정에 따른 상각형 조건부자본증권, 은 행주식 전환형 조건부자본증권 및 은행지주회사주식 전환형 조건부자본증권 3의3. 「금융지주회사법」"
제15조의2제1항제2호,[],DEFINITION,조건부자본증권,조건부자본증권,정의,상각형 조건부자본증권,DEFINITIONAL,제15조의2제1항제2호 또는 제3호에 따른 상각형 조건부자본증권 또는 전환형 조건부자본증권 3의4. 「보험업법」
제114조의2제1항,[],DEFINITION,조건부자본증권,조건부자본증권,정의,조건부자본증권,DEFINITIONAL,"제114조의2제1항제1호에서 제3호까지의 규정에 따른 상각형 조건부자본 증권, 보험회사주식 전환형 조건부자본증권 및 금융지주회사주식 전환형 조건부자본증권 4. 「상법」"
제469조제2항제2호,"[None, None, 469, 2]",,,,,,,"제469조제2항제2호,"
제513조,[],,,,,,,제513조 및
제516조의2,[],DEFINITION,증권예탁증권,법,정의한다,증권예탁증권,DEFINITIONAL,"제516조의2에 따른 사채 5. 그 밖에 제1호부터 제3호까지, 제3호의2부터 제3호의4까지 및 제4호에 따른 금융투자상 품과 유사한 것으로서 대통령령으로 정하는 금융투자상품 ⑧ 이 법에서 “증권예탁증권”이란 제2항제1호부터 제5호까지의 증권을 예탁받은 자가 그 증 권이 발행된 국가 외의 국가에서 발행한 것으로서 그 예탁받은 증권에 관련된 권리가 표시된 것을 말한다. ⑨ 제2항 각 호의 어느 하나에 해당하는 증권에 표시될 수 있거나 표시되어야 할 권리는 그 증권이 발행되지 아니한 경우에도 그 증권으로 본다. ⑩ 이 법에서 “기초자산”이란 다음 각 호의 어느 하나에 해당하는 것을 말한다. 1. 금융투자상품 2. 통화(외국의 통화를 포함한다) 3. 일반상품(농산물ㆍ축산물ㆍ수산물ㆍ임산물ㆍ광산물ㆍ에너지에 속하는 물품 및 이 물품을 원료로 하여 제조하거나 가공한 물품, 그 밖에 이와 유사한 것을 말한다) 4. 신용위험(당사자 또는 제삼자의 신용등급의 변동, 파산 또는 채무재조정 등으로 인한 신용 의 변동을 말한다) 5. 그 밖에 자연적ㆍ환경적ㆍ경제적 현상 등에 속하는 위험으로서 합리적이고 적정한 방법 에 의하여 가격ㆍ이자율ㆍ지표ㆍ단위의 산출이나 평가가 가능한 것"
제5조(파생상품),[],DEFINITION,파생상품,법,정의,파생상품,DEFINITIONAL,"제5조(파생상품) ① 이 법에서 “파생상품”이란 다음 각 호의 어느 하나에 해당하는 계약상의 권리를 말한다. 다만, 해당 금융투자상품의 유통 가능성, 계약당사자, 발행사유 등을 고려하여 증권으로 규제하는 것이 타당한 것으로서 대통령령으로 정하는 금융투자상품은 그러하지 않다. <개정 2013. 5. 28.> 1. 기초자산이나 기초자산의 가격ㆍ이자율ㆍ지표ㆍ단위 또는 이를 기초로 하는 지수 등에 의하여 산출된 금전등을 장래의 특정 시점에 인도할 것을 약정하는 계약 2. 당사자 어느 한쪽의 의사표시에 의하여 기초자산이나 기초자산의 가격ㆍ이자율ㆍ지표ㆍ단위 또는 이를 기초로 하는 지수 등에 의하여 산출된 금전등을 수수하는 거래를 성립시킬 수 있는 권리를 부여하는 것을 약정하는 계약 3. 장래의 일정기간 동안 미리 정한 가격으로 기초자산이나 기초자산의 가격ㆍ이자율ㆍ지표ㆍ단위 또는 이를 기초로 하는 지수 등에 의하여 산출된 금전등을 교환할 것을 약정하는 계약 4. 제1호부터 제3호까지의 규정에 따른 계약과 유사한 것으로서 대통령령으로 정하는 계약 ② 이 법에서 “장내파생상품”이란 다음 각 호의 어느 하나에 해당하는 것을 말한다.<개정 2013. 5. 28.> 1. 파생상품시장에서 거래되는 파생상품 법제처 4 국가법령정보센터 자본시장과 금융투자업에 관한 법률 2. 해외 파생상품시장(파생상품시장과 유사한 시장으로서 해외에 있는 시장과 대통령령으로 정하는 해외 파생상품거래가 이루어지는 시장을 말한다)에서 거래되는 파생상품 3. 그 밖에 금융투자상품시장을 개설하여 운영하는 자가 정하는 기준과 방법에 따라 금융투자상품시장에서 거래되는 파생상품 ③ 이 법에서 “장외파생상품”이란 파생상품으로서 장내파생상품이 아닌 것을 말한다. ④ 제1항 각 호의 어느 하나에 해당하는 계약 중 매매계약이 아닌 계약의 체결은 이 법을 적용함에 있어서 매매계약의 체결로 본다."
제6조,[],DEFINITION,금융투자업,,,,DEFINITIONAL,"제6조(금융투자업) ① 이 법에서 “금융투자업”이란 이익을 얻을 목적으로 계속적이거나 반복적 인 방법으로 행하는 행위로서 다음 각 호의 어느 하나에 해당하는 업(業)을 말한다. 1. 투자매매업 2. 투자중개업 3. 집합투자업 4. 투자자문업 5. 투자일임업 6. 신탁업 ② 이 법에서 “투자매매업”이란 누구의 명의로 하든지 자기의 계산으로 금융투자상품의 매 도ㆍ매수, 증권의 발행ㆍ인수 또는 그 청약의 권유, 청약, 청약의 승낙을 영업으로 하는 것을 말한다. ③ 이 법에서 “투자중개업”이란 누구의 명의로 하든지 타인의 계산으로 금융투자상품의 매 도ㆍ매수, 그 중개나 청약의 권유, 청약, 청약의 승낙 또는 증권의 발행ㆍ인수에 대한 청약의 권유, 청약, 청약의 승낙을 영업으로 하는 것을 말한다.<개정 2013. 5. 28.> ④ 이 법에서 “집합투자업”이란 집합투자를 영업으로 하는 것을 말한다. ⑤ 제4항에서 “집합투자”란 2인 이상의 투자자로부터 모은 금전등을 투자자로부터 일상적인 운용지시를 받지 아니하면서 재산적 가치가 있는 투자대상자산을 취득ㆍ처분, 그 밖의 방법 으로 운용하고 그 결과를 투자자에게 배분하여 귀속시키는 것을 말한다. 다만, 다음 각 호의 어느 하나에 해당하는 경우를 제외한다.<개정 2013. 5. 28., 2018. 3. 27.> 1. 대통령령으로 정하는 법률에 따라 사모(私募)의 방법으로 금전등을 모아 운용ㆍ배분하는 것으로서 대통령령으로 정하는 투자자의 총수가 대통령령으로 정하는 수 이하인 경우 2. 「자산유동화에 관한 법률」"
제3조의,[],DEFINITION,집합투자,자,운용,금전,DEFINITIONAL,"제3조의 자산유동화계획에 따라 금전등을 모아 운용ㆍ배분하 는 경우 3. 그 밖에 행위의 성격 및 투자자 보호의 필요성 등을 고려하여 대통령령으로 정하는 경우 ⑥ 제5항 각 호 외의 부분 본문에도 불구하고 다음 각 호의 어느 하나에 해당하는 자로부터 위탁받은 금전등을 그 자로부터 일상적인 운용지시를 받지 아니하면서 재산적 가치가 있는 투자대상자산을 취득ㆍ처분, 그 밖의 방법으로 운용하고 그 결과를 그 자에게 귀속시키는 행 위는 집합투자로 본다.<신설 2018. 3. 27., 2021. 12. 21.> 1. 「국가재정법」"
제9조제4항,[],DEFINITION,기금관리주체,기금관리주체,포함한다,,DEFINITIONAL,제9조제4항에 따른 기금관리주체(이에 준하는 외국기관으로서 대통령령으 로 정하는 자를 포함한다) 2. 「농업협동조합법」에 따른 농업협동조합중앙회 3. 「수산업협동조합법」에 따른 수산업협동조합중앙회 법제처 5 국가법령정보센 터 자본시장과 금융투자업에 관한 법률 4. 「신용협동조합법」에 따른 신용협동조합중앙회 5. 「상호저축은행법」에 따른 상호저축은행중앙회 6. 「산림조합법」에 따른 산림조합 7. 「새마을금고법」에 따른 새마을금고중앙회 8. 「우체국예금ㆍ보험에 관한 법률」에 따른 체신관서 9.
제251조제1항,"[None, None, 251, 1]",DEFINITION,투자신탁,보험회사,설정,투자신탁,DEFINITIONAL,"전단에 따라 보험회사가 설정한 투자신탁 10. 법률에 따라 설립된 법인 또는 단체로서 다음 각 목의 어느 하나에 해당하는 자 중에서 대통령령으로 정하는 자 가. 공제조합 나. 공제회 다. 그 밖에 이와 비슷한 법인 또는 단체로서 같은 직장ㆍ직종에 종사하거나 같은 지역에 거주하는 구성원의 상호부조, 복리증진 등을 목적으로 구성되어 공제사업을 하는 법인 또는 단체 11. 그 밖에 제7항에 따른 금융투자상품등에 대한 투자를 목적으로 2인 이상의 자로부터 금 전등을 모아 설립한 기구 또는 법인 등으로서 효율적이고 투명한 투자구조, 관리주체 등 대통령령으로 정하는 요건을 갖춘 자 ⑦ 이 법에서 “투자자문업”이란 금융투자상품, 그 밖에 대통령령으로 정하는 투자대상자산 (이하 “금융투자상품등”이라 한다)의 가치 또는 금융투자상품등에 대한 투자판단(종류, 종목, 취득ㆍ처분, 취득ㆍ처분의 방법ㆍ수량ㆍ가격 및 시기 등에 대한 판단을 말한다. 이하 같다 )에 관한 자문에 응하는 것을 영업으로 하는 것을 말한다.<개정 2013. 5. 28., 2018. 3. 27.> ⑧ 이 법에서 “투자일임업”이란 투자자로부터 금융투자상품등에 대한 투자판단의 전부 또는 일부를 일임받아 투자자별로 구분하여 그 투자자의 재산상태나 투자목적 등을 고려하여 금 융투자상품등을 취득ㆍ처분, 그 밖의 방법으로 운용하는 것을 영업으로 하는 것을 말한다. <개정 2013. 5. 28., 2018. 3. 27.> ⑨ 이 법에서 “신탁업”이란 신탁을 영업으로 하는 것을 말한다.<개정 2018. 3. 27.> ⑩ 이 법에서 “전담중개업무”란"
제9조제19항제2호,"[None, None, 9, 19]",DEFINITION,투자자,,,,DEFINITIONAL,"제9조제19항제2호에 따른 일반 사모집합투자기구, 그 밖에 대통령령으로 정하는 투자자(이하 이 조 및"
제77조의3,"[None, None, 77, 3]",DEFINITION,연계업무,일반 사모집합투자기구등,제공,업무,DEFINITIONAL,"제77조의3에서 “일반 사모집합투자기구등”이라 한다)에 대하여 다음 각 호의 어느 하나에 해당하는 업무를 효율적인 신용공여와 담보관리 등을 위하여 대통령령으로 정하는 방법에 따라 연계하여 제공하는 업무를 말한다.<신설 2013. 5. 28., 2015. 7. 24., 2018. 3. 27., 2021. 4. 20.> 1. 증권의 대여 또는 그 중개ㆍ주선이나 대리업무 2. 금전의 융자, 그 밖의 신용공여 3. 일반 사모집합투자기구등의 재산의 보관 및 관리 4. 그 밖에 일반 사모집합투자기구등의 효율적인 업무 수행을 지원하기 위하여 필요한 업무 로서 대통령령으로 정하는 업무"
제7조,[],REGULATION,금융투자업의 적용배제,자기,보지 아니 한다,투자매매업,PROHIBITIVE,"제7조(금융투자업의 적용배제) ① 자기가 증권을 발행하는 경우에는 투자매매업으로 보지 아니 한다. 다만, 다음 각 호의 어느 하나에 해당하는 증권은 그러하지 아니하다. <개정 2013. 5. 28.> 1. 투자신탁의 수익증권 2. 대통령령으로 정하는 파생결합증권 법제처 6 국가법령정보센 터 자본시장과 금융투자업에 관한 법률 3."
제77조제1항,[],DEFINITION,투자성 있는 예금계약,투자성 있는 예금계약,정하는,증권,DEFINITIONAL,"제77조제1항에서 정하는 투자성 있는 예금계약, 그 밖에 이에 준하는 것으로서 대통령령 으로 정하는 계약에 따른 증권 4."
제77조제2항,[],DEFINITION,투자성 있는 보험계약에 따른 증권,,,,DEFINITIONAL,제77조제2항에서 정하는 투자성 있는 보험계약에 따른 증권 ②
제51조제9항의,[],REGULATION,투자권유대행인,투자권유대행인,보지 아니한다,투자중개업,PROHIBITIVE,"제51조제9항의 투자권유대행인이 투자권유를 대행하는 경우에는 투자중개업으로 보지 아니한다. ③ 간행물ㆍ출판물ㆍ통신물 또는 방송 등을 통하여 개별성 없는 조언(개별 투자자를 상정하 지 아니하고 다수인을 대상으로 일방적으로 이루어지는 투자에 관한 조언을 말한다. 이하 같 다)을 하는 경우에는 투자자문업으로 보지 아니한다. 다만, 본문의 조언과 관련하여 온라인 상에서 일정한 대가를 지급한 고객과 의견을 교환할 수 있는 경우에는 그러하지 아니하다. <개정 2024. 2. 13.> ④ 투자중개업자가 투자자의 매매주문을 받아 이를 처리하는 과정에서 금융투자상품에 대한 투자판단의 전부 또는 일부를 일임받을 필요가 있는 경우로서 대통령령으로 정하는 경우에 는 투자일임업으로 보지 아니한다. ⑤ 「담보부사채신탁법」에 따른 담보부사채에 관한 신탁업, 「저작권법」에 따른 저작권신탁 관리업의 경우에는 신탁업으로 보지 아니한다.<개정 2009. 4. 22.> ⑥ 제1항부터 제5항까지 규정된 것 외에 다음 각 호의 어느 하나에 해당하는 경우에는 대통 령령으로 정하는 바에 따라"
제6조제1항,"[6, 1, None, None]",REGULATION,금융투자업,각 호,보지 아니한다,금융투자업,MANDATORY,"제6조제1항 각 호의 금융투자업으로 보지 아니한다.<개정 2013. 5. 28., 2015. 7. 24., 2021. 4. 20.> 1."
제8조의2제2항,"[8, None, 2, None]",REGULATION,거래소 개설·운영,거래소,개설·운영,증권시장 또는 파생상품시장,MANDATORY,제8조의2제2항에 따른 거래소가 증권시장 또는 파생상품시장을 개설ㆍ운영하는 경우 2. 투자매매업자를 상대방으로 하거나 투자중개업자를 통하여 금융투자상품을 매매하는 경 우 3.
제9조제29항,"[None, None, 9, 29]",REGULATION,일반 사모집합투자업자,일반 사모집합투자업자,운용하는,,,제9조제29항에 따른 일반 사모집합투자업자가 자신이 운용하는
제9조제19항제2호,[],REGULATION,집합투자증권 판매,사모집합투자기구,판매,집합투자증권,PERMISSIVE,제9조제19항제2호에 따 른 일반 사모집합투자기구의 집합투자증권을 판매하는 경우 4. 그 밖에 해당 행위의 성격 및 투자자 보호의 필요성 등을 고려하여 금융투자업의 적용에 서 제외할 필요가 있는 것으로서 대통령령으로 정하는 경우
제8조,[],DEFINITION,금융투자업자,,,,DEFINITIONAL,제8조(금융투자업자) ① 이 법에서 “금융투자업자”란
제6조제1항,"[6, 1, 1]",DEFINITION,금융투자업자,금융투자업자,영위,금융투자업,DEFINITIONAL,제6조제1항 각 호의 금융투자업에 대하여 금융위원회의 인가를 받거나 금융위원회에 등록하여 이를 영위하는 자를 말한다. <개정 2008. 2. 29.> ② 이 법에서 “투자매매업자”란 금융투자업자 중 투자매매업을 영위하는 자를 말한다. ③ 이 법에서 “투자중개업자”란 금융투자업자 중 투자중개업을 영위하는 자를 말한다. ④ 이 법에서 “집합투자업자”란 금융투자업자 중 집합투자업을 영위하는 자를 말한다. ⑤ 이 법에서 “투자자문업자”란 금융투자업자 중 투자자문업을 영위하는 자를 말한다. ⑥ 이 법에서 “투자일임업자”란 금융투자업자 중 투자일임업을 영위하는 자를 말한다. ⑦ 이 법에서 “신탁업자”란 금융투자업자 중 신탁업을 영위하는 자를 말한다. ⑧ 이 법에서 “종합금융투자사업자”란 투자매매업자 또는 투자중개업자 중
제77조의2,[],DEFINITION,겸영금융투자업자,겸영금융투자업자,겸영,금융투자업,DEFINITIONAL,"제77조의2에 따 라 금융위원회의 지정을 받은 자를 말한다.<신설 2013. 5. 28.> ⑨ 이 법에서 “겸영금융투자업자”란 다음 각 호의 어느 하나에 해당하는 자로서 금융투자업 을 겸영(兼營)하는 자를 말한다.<신설 2015. 7. 31., 2016. 5. 29.> 1. 「은행법」"
제2조의,[],DEFINITION,은행,은행,정의,,DEFINITIONAL,제2조의 은행(이하 “은행”이라 한다)
제2조의3,[],DEFINITION,보험회사,,,,DEFINITIONAL,제2조의 보험회사(이하 “보험회사”라 한다) 3. 그 밖에 대통령령으로 정하는 금융기관 등
제8조의2,[],DEFINITION,금융투자상품시장 및 거래소,이 법,정의,금융투자상품시장 및 거래소,DEFINITIONAL,"제8조의2(금융투자상품시장 등) ① 이 법에서 “금융투자상품시장”이란 증권 또는 장내파생상품 의 매매를 하는 시장을 말한다. ② 이 법에서 “거래소”란 증권 및 장내파생상품의 공정한 가격 형성과 그 매매, 그 밖의 거래 의 안정성 및 효율성을 도모하기 위하여"
제373조의2,"[None, None, 373, 2]",DEFINITION,금융 투자상품시장을 개설하는 자,자,개설,금융 투자상품시장,DEFINITIONAL,"제373조의2에 따른 금융위원회의 허가를 받아 금융 투자상품시장을 개설하는 자를 말한다. ③ 이 법에서 “거래소시장”이란 거래소가 개설하는 금융투자상품시장을 말한다. ④ 거래소시장은 다음 각 호와 같이 구분한다. 1. 증권시장: 증권의 매매를 위하여 거래소가 개설하는 시장 2. 파생상품시장: 장내파생상품의 매매를 위하여 거래소가 개설하는 시장 ⑤ 이 법에서 “다자간매매체결회사”란 정보통신망이나 전자정보처리장치를 이용하여 동시에 다수의 자를 거래상대방 또는 각 당사자로 하여 다음 각 호의 어느 하나에 해당하는 매매가 격의 결정방법으로 증권시장에 상장된 주권, 그 밖에 대통령령으로 정하는 증권(이하 “매매 체결대상상품”이라 한다)의 매매 또는 그 중개ㆍ주선이나 대리 업무(이하 “다자간매매체결업 무”라 한다)를 하는 투자매매업자 또는 투자중개업자를 말한다. 1. 경쟁매매의 방법(매매체결대상상품의 거래량이 대통령령으로 정하는 기준을 넘지 아니하 는 경우로 한정한다) 2. 매매체결대상상품이 상장증권인 경우 해당 거래소가 개설하는 증권시장에서 형성된 매매 가격을 이용하는 방법 3. 그 밖에 공정한 매매가격 형성과 매매체결의 안정성 및 효율성 등을 확보할 수 있는 방법 으로서 대통령령으로 정하는 방법 [본조신설 2013. 5. 28.]"
제9조,[],DEFINITION,대주주,,,,DEFINITIONAL,제9조(그 밖의 용어의 정의) ① 이 법에서 “대주주”란 「금융회사의 지배구조에 관한 법률」
제 2조제6호,"[2, None, 6, None]",DEFINITION,정의,이 법,정의한다,용어,DEFINITIONAL,제 2조제6호에 따른 주주를 말한다. 이 경우 “금융회사”는 “법인”으로 본다. <개정 2015. 7. 31.> ② 이 법에서 “임원”이란 이사 및 감사를 말한다. ③ 이 법에서 “사외이사”란 상시적인 업무에 종사하지 아니하는 사람으로서 「금융회사의 지 배구조에 관한 법률」
제17조,[],DEFINITION,용어 정의,,,,DEFINITIONAL,"제17조에 따라 선임되는 이사를 말한다.<개정 2015. 7. 31.> ④ 이 법에서 “투자권유”란 특정 투자자를 상대로 금융투자상품의 매매 또는 투자자문계약 ㆍ투자일임계약ㆍ신탁계약(관리형신탁계약 및 투자성 없는 신탁계약을 제외한다)의 체결을 권유하는 것을 말한다.<개정 2013. 5. 28.> ⑤ 이 법에서 “전문투자자”란 금융투자상품에 관한 전문성 구비 여부, 소유자산규모 등에 비 추어 투자에 따른 위험감수능력이 있는 투자자로서 다음 각 호의 어느 하나에 해당하는 자를 말한다. 다만, 전문투자자 중 대통령령으로 정하는 자가 일반투자자와 같은 대우를 받겠다는 의사를 금융투자업자에게 서면으로 통지하는 경우 금융투자업자는 정당한 사유가 있는 경우 를 제외하고는 이에 동의하여야 하며, 금융투자업자가 동의한 경우에는 해당 투자자는 일반 투자자로 본다.<개정 2009. 2. 3.> 1. 국가 법제처 8 국가법령정보센 터 자본시장과 금융투자업에 관한 법률 2. 한국은행 3. 대통령령으로 정하는 금융기관 4. 주권상장법인. 다만, 금융투자업자와 장외파생상품 거래를 하는 경우에는 전문투자자와 같은 대우를 받겠다는 의사를 금융투자업자에게 서면으로 통지하는 경우에 한한다. 5. 그 밖에 대통령령으로 정하는 자 ⑥ 이 법에서 “일반투자자”란 전문투자자가 아닌 투자자를 말한다. ⑦ 이 법에서 “모집”이란 대통령령으로 정하는 방법에 따라 산출한 50인 이상의 투자자에게 새로 발행되는 증권의 취득의 청약을 권유하는 것을 말한다. ⑧ 이 법에서 “사모”란 새로 발행되는 증권의 취득의 청약을 권유하는 것으로서 모집에 해당 하지 아니하는 것을 말한다. ⑨ 이 법에서 “매출”이란 대통령령으로 정하는 방법에 따라 산출한 50인 이상의 투자자에게 이미 발행된 증권의 매도의 청약을 하거나 매수의 청약을 권유하는 것을 말한다. ⑩ 이 법에서 “발행인”이란 증권을 발행하였거나 발행하고자 하는 자를 말한다. 다만, 증권예 탁증권을 발행함에 있어서는 그 기초가 되는 증권을 발행하였거나 발행하고자 하는 자를 말 한다. ⑪ 이 법에서 “인수”란 제삼자에게 증권을 취득시킬 목적으로 다음 각 호의 어느 하나에 해 당하는 행위를 하거나 그 행위를 전제로 발행인 또는 매출인을 위하여 증권의 모집ㆍ사모ㆍ 매출을 하는 것을 말한다.<개정 2013. 5. 28.> 1. 그 증권의 전부 또는 일부를 취득하거나 취득하는 것을 내용으로 하는 계약을 체결하는 것 2. 그 증권의 전부 또는 일부에 대하여 이를 취득하는 자가 없는 때에 그 나머지를 취득하는 것을 내용으로 하는 계약을 체결하는 것 ⑫ 이 법에서 “인수인”이란 증권을 모집ㆍ사모ㆍ매출하는 경우 인수를 하는 자를 말한다.<개 정 2013. 5. 28.> ⑬ 이 법에서 “주선인”이란 제11항에 따른 행위 외에 발행인 또는 매출인을 위하여 해당 증 권의 모집ㆍ사모ㆍ매출을 하거나 그 밖에 직접 또는 간접으로 증권의 모집ㆍ사모ㆍ매출을 분담하는 자를 말한다.<개정 2013. 5. 28.> ⑭ 이 법에서 “매출인”이란 증권의 소유자로서 스스로 또는 인수인이나 주선인을 통하여 그 증권을 매출하였거나 매출하려는 자를 말한다.<개정 2013. 5. 28.> ⑮ 이 법에서 “상장법인”, “비상장법인”, “주권상장법인” 및 “주권비상장법인”이란 각각 다음 각 호의 자를 말한다.<개정 2009. 2. 3.> 1. 상장법인 : 증권시장에 상장된 증권(이하 “상장증권”이라 한다)을 발행한 법인 2. 비상장법인 : 상장법인을 제외한 법인 3. 주권상장법인 : 다음 각 목의 어느 하나에 해당하는 법인 가. 증권시장에 상장된 주권을 발행한 법인 나. 주권과 관련된 증권예탁증권이 증권시장에 상장된 경우에는 그 주권을 발행한 법인 4. 주권비상장법인 : 주권상장법인을 제외한 법인 1^ 이 법에서 “외국법인등”이란 다음 각 호의 어느 하나에 해당하는 자를 말한다. 1. 외국 정부 2. 외국 지방자치단체 법제처 9 국가법령정보센 터 자본시장과 금융투자업에 관한 법률 3. 외국 공공단체 4. 외"
제283조,[],DEFINITION,한국금융투자협회,,설립,,DEFINITIONAL,제283조에 따라 설립된 한국금융투자협회(이하 “협회”라 한다) 2.
제294조,[],REGULATION,설립,한국예탁결제원,설립,,MANDATORY,제294조에 따라 설립된 한국예탁결제원(이하 “예탁결제원”이라 한다) 2의2.
제323조의3,[],DEFINITION,금융투자상품거래청산회사,인가를 받은 자,정의,금융투자상품거래청산회사,DEFINITIONAL,제323조의3에 따라 인가를 받은 자(이하 “금융투자상품거래청산회사”라 한다) 3.
제324조제1항,"[None, None, 324, 1]",DEFINITION,증권금융회사,증권금융회사,인증을 받다,자,DEFINITIONAL,제324조제1항에 따라 인가를 받은 자(이하 “증권금융회사”라 한다) 3의2.
제335조의3,[],DEFINITION,신용평가회사,,,,DEFINITIONAL,제335조의3에 따라 인가를 받은 자(이하 “신용평가회사”라 한다) 4.
제336조,[],ACTOR,종합금융회사,종합금융회사,,,,제336조에 따른 종합금융회사 5.
제355조제1항,[],DEFINITION,자금중개회사,,,,DEFINITIONAL,제355조제1항에 따라 인가를 받은 자(이하 “자금중개회사”라 한다) 6.
제360조제1항,[],DEFINITION,단기금융회사,,,,DEFINITIONAL,제360조제1항에 따라 인가를 받은 자(이하 “단기금융회사”라 한다) 7.
제365조제1항,[],DEFINITION,명의개서대행회사,등록한 자,등록한,,DEFINITIONAL,제365조제1항에 따라 등록한 자(이하 “명의개서대행회사”라 한다) 8.
제370조,[],DEFINITION,집합투자기구,이 법,정의한다,집합투자기구,DEFINITIONAL,"제370조에 따라 설립된 금융투자 관계 단체 1* 이 법에서 “집합투자기구”란 집합투자를 수행하기 위한 기구로서 다음 각 호의 것을 말한 다.<개정 2013. 5. 28.> 1. 집합투자업자인 위탁자가 신탁업자에게 신탁한 재산을 신탁업자로 하여금 그 집합투자업 자의 지시에 따라 투자ㆍ운용하게 하는 신탁 형태의 집합투자기구(이하 “투자신탁”이라 한 다) 2. 「상법」에 따른 주식회사 형태의 집합투자기구(이하 “투자회사”라 한다) 3. 「상법」에 따른 유한회사 형태의 집합투자기구(이하 “투자유한회사”라 한다) 4. 「상법」에 따른 합자회사 형태의 집합투자기구(이하 “투자합자회사”라 한다) 4의2. 「상법」에 따른 유한책임회사 형태의 집합투자기구(이하 “투자유한책임회사”라 한다) 5. 「상법」에 따른 합자조합 형태의 집합투자기구(이하 “투자합자조합”이라 한다) 6. 「상법」에 따른 익명조합 형태의 집합투자기구(이하 “투자익명조합”이라 한다) 7. 삭제<2015. 7. 24.> 1( 이 법에서 “사모집합투자기구”란 집합투자증권을 사모로만 발행하는 집합투자기구로서 대통령령으로 정하는 투자자의 총수가 대통령령으로 정하는 방법에 따라 산출한 100인 이하 인 것을 말하며, 다음 각 호와 같이 구분한다.<개정 2015. 7. 24., 2021. 4. 20.> 1."
제249조의11제6항,[],DEFINITION,집합투자재산 정의,,,,DEFINITIONAL,"제249조의11제6항에 해당하는 자만을 사원으로 하는 투자합자회사인 사모집합투자기구 (이하 “기관전용 사모집합투자기구”라 한다) 2. 기관전용 사모집합투자기구를 제외한 사모집합투자기구(이하 “일반 사모집합투자기구”라 한다) 2) 이 법에서 “집합투자재산”이란 집합투자기구의 재산으로서 투자신탁재산, 투자회사재산, 투자유한회사재산, 투자합자회사재산, 투자유한책임회사재산, 투자합자조합재산 및 투자익 명조합재산을 말한다.<개정 2013. 5. 28.> 2! 이 법에서 “집합투자증권”이란 집합투자기구에 대한 출자지분(투자신탁의 경우에는 수익 권을 말한다)이 표시된 것을 말한다. 법제처 10 국가법령정보센 터 자본시장과 금융투자업에 관한 법률 2@ 이 법에서 “집합투자규약”이란 집합투자기구의 조직, 운영 및 투자자의 권리ㆍ의무를 정 한 것으로서 투자신탁의 신탁계약, 투자회사ㆍ투자유한회사ㆍ투자합자회사ㆍ투자유한책임 회사의 정관 및 투자합자조합ㆍ투자익명조합의 조합계약을 말한다.<개정 2013. 5. 28.> 2# 이 법에서 “집합투자자총회”란 집합투자기구의 투자자 전원으로 구성된 의사결정기관으 로서 수익자총회, 주주총회, 사원총회, 조합원총회 및 익명조합원총회를 말한다. 2$ 이 법에서 “신탁”이란 「신탁법」"
제2조,[],DEFINITION,신탁,,,,DEFINITIONAL,"제2조의 신탁을 말한다.<개정 2011. 7. 25.> 2% 이 법에서 “금융투자상품거래청산업”이란 금융투자업자 및 대통령령으로 정하는 자(이하 “청산대상업자”라 한다)를 상대방으로 하여 청산대상업자가 대통령령으로 정하는 금융투자 상품의 거래(이하 “청산대상거래”라 한다)를 함에 따라 발생하는 채무를 채무인수, 경개(更改 ), 그 밖의 방법으로 부담하는 것을 영업으로 하는 것을 말한다.<신설 2013. 4. 5.> 2^ 이 법에서 “신용평가업”이란 다음 각 호의 어느 하나에 해당하는 것에 대한 신용상태를 평 가(이하 “신용평가”라 한다)하여 그 결과에 대하여 기호, 숫자 등을 사용하여 표시한 등급(이 하 “신용등급”이라 한다)을 부여하고 그 신용등급을 발행인, 인수인, 투자자, 그 밖의 이해관 계자에게 제공하거나 열람하게 하는 행위를 영업으로 하는 것을 말한다.<신설 2013. 5. 28.> 1. 금융투자상품 2. 기업ㆍ집합투자기구, 그 밖에 대통령령으로 정하는 자 2& 이 법에서 “온라인소액투자중개업자”란 온라인상에서 누구의 명의로 하든지 타인의 계산 으로 다음 각 호의 자가, 대통령령으로 정하는 방법으로 발행하는 채무증권, 지분증권, 투자 계약증권의 모집 또는 사모에 관한 중개(이하 “온라인소액투자중개”라 한다)를 영업으로 하 는 투자중개업자를 말한다.<신설 2015. 7. 24., 2021. 12. 28.> 1. 「중소기업창업 지원법」"
제2조제3호,[],REGULATION,창업기업,대통령령,정하는,자,MANDATORY,"제2조제3호에 따른 창업기업 중 대통령령으로 정하는 자 2. 그 밖에 대통령령으로 정하는 요건에 부합하는 자 2* 이 법에서 “일반 사모집합투자업”이란 집합투자업 중 일반 사모집합투자기구를 통한 집합 투자를 영업으로 하는 것을 말한다.<신설 2015. 7. 24., 2021. 4. 20.> 2( 이 법에서 “일반 사모집합투자업자”란 집합투자업자 중 일반 사모집합투자업을 영위하는 자를 말한다.<신설 2015. 7. 24., 2021. 4. 20.>"
제9조,[],DEFINITION,대주주,대주주,정의,금융회사의 지배구조에 관한 법률,DEFINITIONAL,제9조(그 밖의 용어의 정의) ① 이 법에서 “대주주”란 「금융회사의 지배구조에 관한 법률」
제 2조제6호,"[None, None, 2, 6]",DEFINITION,용어 정의,,,,DEFINITIONAL,제 2조제6호에 따른 주주를 말한다. 이 경우 “금융회사”는 “법인”으로 본다. <개정 2015. 7. 31.> ② 이 법에서 “임원”이란 이사 및 감사를 말한다. ③ 이 법에서 “사외이사”란 상시적인 업무에 종사하지 아니하는 사람으로서 「금융회사의 지 배구조에 관한 법률」
제17조,[],DEFINITION,이사,,,,DEFINITIONAL,"제17조에 따라 선임되는 이사를 말한다.<개정 2015. 7. 31.> ④ 이 법에서 “투자권유”란 특정 투자자를 상대로 금융투자상품의 매매 또는 투자자문계약 ㆍ투자일임계약ㆍ신탁계약(관리형신탁계약 및 투자성 없는 신탁계약을 제외한다)의 체결을 권유하는 것을 말한다.<개정 2013. 5. 28.> ⑤ 이 법에서 “전문투자자”란 금융투자상품에 관한 전문성 구비 여부, 소유자산규모 등에 비 추어 투자에 따른 위험감수능력이 있는 투자자로서 다음 각 호의 어느 하나에 해당하는 자를 말한다. 다만, 전문투자자 중 대통령령으로 정하는 자가 일반투자자와 같은 대우를 받겠다는 의사를 금융투자업자에게 서면으로 통지하는 경우 금융투자업자는 정당한 사유가 있는 경우 를 제외하고는 이에 동의하여야 하며, 금융투자업자가 동의한 경우에는 해당 투자자는 일반 투자자로 본다.<개정 2009. 2. 3.> 법제처 11 국가법령정보센 터 자본시장과 금융투자업에 관한 법률 1. 국가 2. 한국은행 3. 대통령령으로 정하는 금융기관 4. 주권상장법인. 다만, 금융투자업자와 장외파생상품 거래를 하는 경우에는 전문투자자와 같은 대우를 받겠다는 의사를 금융투자업자에게 서면으로 통지하는 경우에 한한다. 5. 그 밖에 대통령령으로 정하는 자 ⑥ 이 법에서 “일반투자자”란 전문투자자가 아닌 투자자를 말한다. ⑦ 이 법에서 “모집”이란 대통령령으로 정하는 방법에 따라 산출한 50인 이상의 투자자에게 새로 발행되는 증권의 취득의 청약을 권유하는 것을 말한다. ⑧ 이 법에서 “사모”란 새로 발행되는 증권의 취득의 청약을 권유하는 것으로서 모집에 해당 하지 아니하는 것을 말한다. ⑨ 이 법에서 “매출”이란 대통령령으로 정하는 방법에 따라 산출한 50인 이상의 투자자에게 이미 발행된 증권의 매도의 청약을 하거나 매수의 청약을 권유하는 것을 말한다. ⑩ 이 법에서 “발행인”이란 증권을 발행하였거나 발행하고자 하는 자를 말한다. 다만, 증권예 탁증권을 발행함에 있어서는 그 기초가 되는 증권을 발행하였거나 발행하고자 하는 자를 말 한다. ⑪ 이 법에서 “인수”란 제삼자에게 증권을 취득시킬 목적으로 다음 각 호의 어느 하나에 해 당하는 행위를 하거나 그 행위를 전제로 발행인 또는 매출인을 위하여 증권의 모집ㆍ사모ㆍ 매출을 하는 것을 말한다.<개정 2013. 5. 28.> 1. 그 증권의 전부 또는 일부를 취득하거나 취득하는 것을 내용으로 하는 계약을 체결하는 것 2. 그 증권의 전부 또는 일부에 대하여 이를 취득하는 자가 없는 때에 그 나머지를 취득하는 것을 내용으로 하는 계약을 체결하는 것 ⑫ 이 법에서 “인수인”이란 증권을 모집ㆍ사모ㆍ매출하는 경우 인수를 하는 자를 말한다.<개 정 2013. 5. 28.> ⑬ 이 법에서 “주선인”이란 제11항에 따른 행위 외에 발행인 또는 매출인을 위하여 해당 증 권의 모집ㆍ사모ㆍ매출을 하거나 그 밖에 직접 또는 간접으로 증권의 모집ㆍ사모ㆍ매출을 분담하는 자를 말한다.<개정 2013. 5. 28.> ⑭ 이 법에서 “매출인”이란 증권의 소유자로서 스스로 또는 인수인이나 주선인을 통하여 그 증권을 매출하였거나 매출하려는 자를 말한다.<개정 2013. 5. 28.> ⑮ 이 법에서 “상장법인”, “비상장법인”, “주권상장법인” 및 “주권비상장법인”이란 각각 다음 각 호의 자를 말한다.<개정 2009. 2. 3.> 1. 상장법인 : 증권시장에 상장된 증권(이하 “상장증권”이라 한다)을 발행한 법인 2. 비상장법인 : 상장법인을 제외한 법인 3. 주권상장법인 : 다음 각 목의 어느 하나에 해당하는 법인 가. 증권시장에 상장된 주권을 발행한 법인 나. 주권과 관련된 증권예탁증권이 증권시장에 상장된 경우에는 그 주권을 발행한 법인 4. 주권비상장법인 : 주권상장법인을 제외한 법인 1^ 이 법에서 “외국법인등”이란 다음 각 호의 어느 하나에 해당하는 자를 말한다. 1. 외국 정부 법제처 12 국가법령정보센 터 자본시장과 금융투자업에 관한 법률 2. 외국 지방자치단체 3. 외국 공공단체 4. 외국 법령에 따라 설립된 외국 기업 5. 대통령령으로 정하는 국제기구 6. 그 밖에 외국에 있는 법인 등으로서 대통령령으로 정하는 자 1& 이 법에서 “금융투자업관계기관”이란 다음 각 호의 자를 말한다.<개정 2009. 2. 3., 2013. 4. 5., 2013. 5. 28.> 1."
제283조,[],DEFINITION,협회,한국금융투자협회,설립된,제283조,DEFINITIONAL,제283조에 따라 설립된 한국금융투자협회(이하 “협회”라 한다) 2.
제294조,[],DEFINITION,한국예탁결제원,한국예탁결제원,설립된,,DEFINITIONAL,제294조에 따라 설립된 한국예탁결제원(이하 “예탁결제원”이라 한다) 2의2.
제323조의3,[],DEFINITION,금융투자상품거래청산회사,인가를 받은 자,정의,금융투자상품거래청산회사,DEFINITIONAL,제323조의3에 따라 인가를 받은 자(이하 “금융투자상품거래청산회사”라 한다) 3.
제324조제1항,"[None, None, 324, 1]",DEFINITION,증권금융회사,인가를 받은 자,,,DEFINITIONAL,제324조제1항에 따라 인가를 받은 자(이하 “증권금융회사”라 한다) 3의2.
제335조의3,[],DEFINITION,신용평가회사,,,,DEFINITIONAL,제335조의3에 따라 인가를 받은 자(이하 “신용평가회사”라 한다)
제336조,[],CONCEPT,종합금융회사,,,,,제336조에 따른 종합금융회사 5.
제355조제1항,[],DEFINITION,자금중개회사,,,,DEFINITIONAL,제355조제1항에 따라 인가를 받은 자(이하 “자금중개회사”라 한다) 6.
제360조제1항,"[None, None, 360, 1]",DEFINITION,단기금융회사,인가를 받은 자,인가를 받다,인가,DEFINITIONAL,제360조제1항에 따라 인가를 받은 자(이하 “단기금융회사”라 한다) 7.
제365조제1항,"[None, None, 365, 1]",DEFINITION,명의개서대행회사,등록한 자,등록,,DEFINITIONAL,제365조제1항에 따라 등록한 자(이하 “명의개서대행회사”라 한다) 8.
제370조,[],DEFINITION,집합투자기구,이 법,정의,집합투자기구,DEFINITIONAL,"제370조에 따라 설립된 금융투자 관계 단체 1* 이 법에서 “집합투자기구”란 집합투자를 수행하기 위한 기구로서 다음 각 호의 것을 말한 다.<개정 2013. 5. 28.> 1. 집합투자업자인 위탁자가 신탁업자에게 신탁한 재산을 신탁업자로 하여금 그 집합투자업 자의 지시에 따라 투자ㆍ운용하게 하는 신탁 형태의 집합투자기구(이하 “투자신탁”이라 한 다) 2. 「상법」에 따른 주식회사 형태의 집합투자기구(이하 “투자회사”라 한다) 3. 「상법」에 따른 유한회사 형태의 집합투자기구(이하 “투자유한회사”라 한다) 4. 「상법」에 따른 합자회사 형태의 집합투자기구(이하 “투자합자회사”라 한다) 4의2. 「상법」에 따른 유한책임회사 형태의 집합투자기구(이하 “투자유한책임회사”라 한다) 5. 「상법」에 따른 합자조합 형태의 집합투자기구(이하 “투자합자조합”이라 한다) 6. 「상법」에 따른 익명조합 형태의 집합투자기구(이하 “투자익명조합”이라 한다) 7. 삭제<2015. 7. 24.> 1( 이 법에서 “사모집합투자기구”란 집합투자증권을 사모로만 발행하는 집합투자기구로서 대통령령으로 정하는 투자자의 총수가 대통령령으로 정하는 방법에 따라 산출한 100인 이하 인 것을 말하며, 다음 각 호와 같이 구분한다.<개정 2015. 7. 24., 2021. 4. 20.> 1."
제249조의11제6항,"[None, None, 249, 6]",DEFINITION,집합투자재산,,,,DEFINITIONAL,"제249조의11제6항에 해당하는 자만을 사원으로 하는 투자합자회사인 사모집합투자기구 (이하 “기관전용 사모집합투자기구”라 한다) 2. 기관전용 사모집합투자기구를 제외한 사모집합투자기구(이하 “일반 사모집합투자기구”라 한다) 2) 이 법에서 “집합투자재산”이란 집합투자기구의 재산으로서 투자신탁재산, 투자회사재산, 투자유한회사재산, 투자합자회사재산, 투자유한책임회사재산, 투자합자조합재산 및 투자익 명조합재산을 말한다.<개정 2013. 5. 28.> 2! 이 법에서 “집합투자증권”이란 집합투자기구에 대한 출자지분(투자신탁의 경우에는 수익 권을 말한다)이 표시된 것을 말한다. 법제처 13 국가법령정보센 터 자본시장과 금융투자업에 관한 법률 2@ 이 법에서 “집합투자규약”이란 집합투자기구의 조직, 운영 및 투자자의 권리ㆍ의무를 정 한 것으로서 투자신탁의 신탁계약, 투자회사ㆍ투자유한회사ㆍ투자합자회사ㆍ투자유한책임 회사의 정관 및 투자합자조합ㆍ투자익명조합의 조합계약을 말한다.<개정 2013. 5. 28.> 2# 이 법에서 “집합투자자총회”란 집합투자기구의 투자자 전원으로 구성된 의사결정기관으 로서 수익자총회, 주주총회, 사원총회, 조합원총회 및 익명조합원총회를 말한다. 2$ 이 법에서 “신탁”이란 「신탁법」"
제2조,[],DEFINITION,신탁,,,,DEFINITIONAL,"제2조의 신탁을 말한다.<개정 2011. 7. 25.> 2% 이 법에서 “금융투자상품거래청산업”이란 금융투자업자 및 대통령령으로 정하는 자(이하 “청산대상업자”라 한다)를 상대방으로 하여 청산대상업자가 대통령령으로 정하는 금융투자 상품의 거래(이하 “청산대상거래”라 한다)를 함에 따라 발생하는 채무를 채무인수, 경개(更改 ), 그 밖의 방법으로 부담하는 것을 영업으로 하는 것을 말한다.<신설 2013. 4. 5.> 2^ 이 법에서 “신용평가업”이란 다음 각 호의 어느 하나에 해당하는 것에 대한 신용상태를 평 가(이하 “신용평가”라 한다)하여 그 결과에 대하여 기호, 숫자 등을 사용하여 표시한 등급(이 하 “신용등급”이라 한다)을 부여하고 그 신용등급을 발행인, 인수인, 투자자, 그 밖의 이해관 계자에게 제공하거나 열람하게 하는 행위를 영업으로 하는 것을 말한다.<신설 2013. 5. 28.> 1. 금융투자상품 2. 기업ㆍ집합투자기구, 그 밖에 대통령령으로 정하는 자 2& 이 법에서 “온라인소액투자중개업자”란 온라인상에서 누구의 명의로 하든지 타인의 계산 으로 다음 각 호의 자가, 대통령령으로 정하는 방법으로 발행하는 채무증권, 지분증권, 투자 계약증권의 모집 또는 사모에 관한 중개(이하 “온라인소액투자중개”라 한다)를 영업으로 하 는 투자중개업자를 말한다.<신설 2015. 7. 24., 2021. 12. 28.> 1. 「중소기업창업 지원법」"
제2조제3호,[],DEFINITION,"일반 사모집합투자업, 일반 사모집합투자업자, 기업성장집합투자업",,,,DEFINITIONAL,"제2조제3호에 따른 창업기업 중 대통령령으로 정하는 자 2. 그 밖에 대통령령으로 정하는 요건에 부합하는 자 2* 이 법에서 “일반 사모집합투자업”이란 집합투자업 중 일반 사모집합투자기구를 통한 집합 투자를 영업으로 하는 것을 말한다.<신설 2015. 7. 24., 2021. 4. 20.> 2( 이 법에서 “일반 사모집합투자업자”란 집합투자업자 중 일반 사모집합투자업을 영위하는 자를 말한다.<신설 2015. 7. 24., 2021. 4. 20.> 3) 이 법에서 “기업성장집합투자업”이란 집합투자업 중"
제229조제6호,[],DEFINITION,"기업성장집합 투자기구를 통한 집합투자 영업, 기업성장집합투자업자",,,,DEFINITIONAL,제229조제6호에 따른 기업성장집합 투자기구를 통한 집합투자를 영업으로 하는 것을 말한다.<신설 2025. 9. 16.> 3! 이 법에서 “기업성장집합투자업자”란 집합투자업자 중 기업성장집합투자업을 영위하는 자를 말한다.<신설 2025. 9. 16.> [시행일: 2026. 3. 17.]
제9조,[],,,,,,,
제10조,[],REGULATION,다른 법률과의 관계,이 법,따르다,법,MANDATORY,제10조(다른 법률과의 관계) ① 금융투자업에 관하여는 다른 법률에 특별한 규정이 있는 경우를 제외하고는 이 법이 정하는 바에 따른다. ② 금융투자업자가 금융투자업을 영위하는 경우에는 「형법」
제246조,[],REGULATION,제246조 적용,,적용하지 않음,제246조,PROHIBITIVE,제246조를 적용하지 아니한다. ③ 기업어음증권을 발행하는 경우에는 「전자어음의 발행 및 유통에 관한 법률」
제6조의2,"[1, 1, 6, 2]",REGULATION,제6조의2 적용,,적용하지 않는다,제6조의2,PROHIBITIVE,제6조의2를 적용하지 아니한다.
제11조,[],REGULATION,무인가 영업행위 금지,,영위,금융투자업,PROHIBITIVE,"누구든지 이 법에 따른 금융투자업인가(변경인가를 포함한다)를 받지 아니하고는 금융투자업(투자자문업, 투자일임업 및 일반 사모집합투자업은 제외한다. 이 하 이 절에서 같다)을 영위하여서는 아니 된다."
제11조의2,[],REGULATION,알선·중개행위 금지,누구든지,금지,알선·중개행위,PROHIBITIVE,제11조의2(알선ㆍ중개행위 금지) 누구든지
제11조,"[None, None, 11, None]",REGULATION,계좌 대여 알선,,알선,계좌의 대여,PROHIBITIVE,제11조에 따른 무인가 영업행위를 목적으로 계좌의 대여를 알선하거나 중개하여서는 아니 된다.
제12조,[12],REGULATION,금융투자업 인가,금융투자업 영위자,받다,금융투자업 인가,MANDATORY,"제12조(금융투자업의 인가) ① 금융투자업을 영위하려는 자는 다음 각 호의 사항을 구성요소로 하여 대통령령으로 정하는 업무 단위(이하 “인가업무 단위”라 한다)의 전부나 일부를 선택하 여 금융위원회로부터 하나의 금융투자업인가를 받아야 한다. <개정 2008. 2. 29.> 1. 금융투자업의 종류(투자매매업, 투자중개업, 집합투자업 및 신탁업을 말하되, 투자매매업 중 인수업을 포함한다) 2. 금융투자상품(집합투자업의 경우에는"
제229조,[],CONCEPT,집합투자기구의 종류,집합투자기구,말하다,종류,DEFINITIONAL,"제229조에 따른 집합투자기구의 종류를 말하며, 신 탁업의 경우에는"
제103조제1항,[],REGULATION,인가 요건,자,갖추어야 한다,요건,MANDATORY,"제103조제1항 각 호의 신탁재산을 말한다)의 범위(증권, 장내파생상품 및 장외파생상품을 말하되, 증권 중 국채증권, 사채권, 그 밖에 대통령령으로 정하는 것을 포 함하고 파생상품 중 주권을 기초자산으로 하는 파생상품ㆍ그 밖에 대통령령으로 정하는 것을 포함한다) 3. 투자자의 유형(전문투자자 및 일반투자자를 말한다. 이하 같다) ② 제1항에 따라 금융투자업인가를 받으려는 자는 다음 각 호의 요건을 모두 갖추어야 한다. <개정 2010. 3. 12., 2013. 5. 28., 2015. 7. 31.> 1. 다음 각 목의 어느 하나에 해당하는 자일 것 가. ""상법""에 따른 주식회사이거나 대통령령으로 정하는 금융기관 나. 외국 금융투자업자(외국 법령에 따라 외국에서 금융투자업에 상당하는 영업을 영위하 는 자를 말한다. 이하 같다)로서 외국에서 영위하고 있는 영업에 상당하는 금융투자업 수행에 필요한 지점, 그 밖의 영업소를 설치한 자 2. 인가업무 단위별로 5억원 이상으로서 대통령령으로 정하는 금액 이상의 자기자본을 갖출 것 3. 사업계획이 타당하고 건전할 것 4. 투자자의 보호가 가능하고 그 영위하고자 하는 금융투자업을 수행하기에 충분한 인력과 전산설비, 그 밖의 물적 설비를 갖출 것 5. 임원이 ""금융회사의 지배구조에 관한 법률"""
제5조,[],REGULATION,"출자능력, 건전한 재무상태 및 사회적 신용",,갖출,,MANDATORY,"제5조에 적합할 것 6. 대주주나 외국 금융투자업자가 다음 각 목의 구분에 따른 요건을 갖출 것 가. 제1호가목의 경우 대주주(최대주주의 특수관계인인 주주를 포함하며, 최대주주가 법인 인 경우 그 법인의 중요한 경영사항에 대하여 사실상 영향력을 행사하고 있는 자로서 대 통령령으로 정하는 자를 포함한다)가 충분한 출자능력, 건전한 재무상태 및 사회적 신용 을 갖출 것 법제처 15 국가법령정보센 터 자본시장과 금융투자업에 관한 법률 나. 제1호나목의 경우 외국 금융투자업자가 충분한 출자능력, 건전한 재무상태 및 사회적 신용을 갖출 것 6의2. 대통령령으로 정하는 건전한 재무상태와 사회적 신용을 갖출 것 7. 금융투자업자와 투자자 간, 특정 투자자와 다른 투자자 간의 이해상충(利害相衝)을 방지하 기 위한 체계를 갖출 것 ③ 제2항의 인가요건에 관하여 필요한 세부사항은 대통령령으로 정한다."
제12조,[],REGULATION,금융투자업 인가,금융투자업 영위자,받아야 한다,금융투자업인가,MANDATORY,"제12조(금융투자업의 인가) ① 금융투자업을 영위하려는 자는 다음 각 호의 사항을 구성요소로 하여 대통령령으로 정하는 업무 단위(이하 “인가업무 단위”라 한다)의 전부나 일부를 선택하 여 금융위원회로부터 하나의 금융투자업인가를 받아야 한다. <개정 2008. 2. 29.> 1. 금융투자업의 종류(투자매매업, 투자중개업, 집합투자업 및 신탁업을 말하되, 투자매매업 중 인수업을 포함한다) 2. 금융투자상품(집합투자업의 경우에는"
제229조,[],DEFINITION,집합투자기구,,말하다,집합투자기구,DEFINITIONAL,"제229조에 따른 집합투자기구의 종류를 말하며, 신 탁업의 경우에는"
제103조제1항,[],REGULATION,자격 요건,자,갖추다,요건,MANDATORY,"제103조제1항 각 호의 신탁재산을 말한다)의 범위(증권, 장내파생상품 및 장외파생상품을 말하되, 증권 중 국채증권, 사채권, 그 밖에 대통령령으로 정하는 것을 포 함하고 파생상품 중 주권을 기초자산으로 하는 파생상품ㆍ그 밖에 대통령령으로 정하는 것을 포함한다) 3. 투자자의 유형(전문투자자 및 일반투자자를 말한다. 이하 같다) ② 제1항에 따라 금융투자업인가를 받으려는 자는 다음 각 호의 요건을 모두 갖추어야 한다. <개정 2010. 3. 12., 2013. 5. 28., 2015. 7. 31., 2025. 9. 16.> 1. 다음 각 목의 어느 하나에 해당하는 자일 것 가. 「상법」에 따른 주식회사이거나 대통령령으로 정하는 금융기관 나. 외국 금융투자업자(외국 법령에 따라 외국에서 금융투자업에 상당하는 영업을 영위하 는 자를 말한다. 이하 같다)로서 외국에서 영위하고 있는 영업에 상당하는 금융투자업 수행에 필요한 지점, 그 밖의 영업소를 설치한 자 2. 인가업무 단위별로 5억원 이상으로서 대통령령으로 정하는 금액 이상의 자기자본을 갖출 것 3. 사업계획이 타당하고 건전할 것 4. 투자자의 보호가 가능하고 그 영위하고자 하는 금융투자업을 수행하기에 충분한 인력과 전산설비, 그 밖의 물적 설비를 갖출 것 5. 임원이 「금융회사의 지배구조에 관한 법률」"
제5조,[],REGULATION,요건,대주주,적합할 것,요건,MANDATORY,제5조에 적합할 것 6. 대주주나 외국 금융투자업자가 다음 각 목의 구분에 따른 요건(기업성장집합투자업의 경 우에는
제16조제2항,[],REGULATION,완화된 요건,,갖출 것,"출자능력, 건전한 재무상태 및 사회적 신용",MANDATORY,"제16조제2항의 완화된 요건으로 한다)을 갖출 것 가. 제1호가목의 경우 대주주(최대주주의 특수관계인인 주주를 포함하며, 최대주주가 법인 인 경우 그 법인의 중요한 경영사항에 대하여 사실상 영향력을 행사하고 있는 자로서 대 통령령으로 정하는 자를 포함한다)가 충분한 출자능력, 건전한 재무상태 및 사회적 신용 을 갖출 것 나. 제1호나목의 경우 외국 금융투자업자가 충분한 출자능력, 건전한 재무상태 및 사회적 신용을 갖출 것 6의2. 대통령령으로 정하는 건전한 재무상태와 사회적 신용을 갖출 것 법제처 16 국가법령정보센 터 자본시장과 금융투자업에 관한 법률 7. 금융투자업자와 투자자 간, 특정 투자자와 다른 투자자 간의 이해상충(利害相衝)을 방지하 기 위한 체계를 갖출 것 ③ 제2항의 인가요건에 관하여 필요한 세부사항은 대통령령으로 정한다. [시행일: 2026. 3. 17.]"
제12조,[],,,,,,,
제13조,[],PROCEDURE,신청 및 심사,,,,,제13조(인가의 신청 및 심사) ①
제12조제1항,"[12, 1, None, None]",REGULATION,인증서 제출 및 심사,자 및 금융위원회,제출 및 심사,인증서,MANDATORY,제12조제1항에 따른 금융투자업인가를 받으려는 자는 인가신 청서를 금융위원회에 제출하여야 한다. <개정 2008. 2. 29.> ② 금융위원회는 제1항의 인가신청서를 접수한 경우에는 그 내용을 심사하여 3개월(
제14조,[],REGULATION,예비인가,금융위원회,통지,신청인,MANDATORY,"제14조 에 따른 예비인가를 받은 경우에는 1개월) 이내에 금융투자업인가 여부를 결정하고, 그 결과 와 이유를 지체 없이 신청인에게 문서로 통지하여야 한다. 이 경우 인가신청서에 흠결(欠缺 )이 있는 때에는 보완을 요구할 수 있다.<개정 2008. 2. 29.> ③ 제2항 및 제5항 후단의 심사기간을 산정함에 있어서 인가신청서 흠결의 보완기간 등 총 리령으로 정하는 기간은 심사기간에 산입(算入)하지 아니한다.<개정 2008. 2. 29., 2013. 5. 28.> ④ 금융위원회는 제2항에 따라 금융투자업인가를 하는 경우에는 경영의 건전성 확보 및 투 자자 보호에 필요한 조건을 붙일 수 있다.<개정 2008. 2. 29.> ⑤ 제4항에 따라 조건이 붙은 금융투자업인가를 받은 자는 사정의 변경, 그 밖에 정당한 사 유가 있는 경우에는 금융위원회에 조건의 취소 또는 변경을 신청할 수 있다. 이 경우 금융위 원회는 2개월 이내에 조건의 취소 또는 변경 여부를 결정하고, 그 결과를 지체 없이 신청인 에게 문서로 통지하여야 한다.<개정 2008. 2. 29.> ⑥ 금융위원회는 제2항에 따라 금융투자업인가를 하거나 제5항에 따라 그 인가의 조건을 취 소 또는 변경한 경우에는 다음 각 호의 사항을 관보 및 인터넷 홈페이지 등에 공고하여야 한 다.<개정 2008. 2. 29.> 1. 금융투자업인가의 내용 2. 금융투자업인가의 조건(조건을 붙인 경우에 한한다) 3. 금융투자업인가의 조건을 취소하거나 변경한 경우 그 내용(조건을 취소하거나 변경한 경 우에 한한다) ⑦ 제1항부터 제6항까지의 규정에 따른 인가신청서 또는 조건의 취소ㆍ변경 신청서의 기재 사항ㆍ첨부서류 등 인가신청 또는 조건의 취소ㆍ변경의 신청에 관한 사항과 심사의 방법ㆍ 절차, 그 밖에 필요한 사항은 대통령령으로 정한다.<개정 2013. 5. 28.>"
제14조,[],,,,,,,제14조(예비인가) ①
제12조,[],PROCEDURE,예비인가 신청,자,신청,예비인가,PERMISSIVE,제12조에 따른 금융투자업인가(이하 이 조에서 “본인가”라 한다)를 받으려는 자는 미리 금융위원회에 예비인가를 신청할 수 있다. <개정 2008. 2. 29.> ② 금융위원회는 예비인가를 신청받은 경우에는 2개월 이내에
제12조제2항,"[12, 2, None, None]",REGULATION,예비인가,금융위원회,통지,신청인,MANDATORY,"제12조제2항 각 호의 요건을 갖출 수 있는지 여부를 심사하여 예비인가 여부를 결정하고, 그 결과와 이유를 지체 없이 신 청인에게 문서로 통지하여야 한다. 이 경우 예비인가신청에 관하여 흠결이 있는 때에는 보완 을 요구할 수 있다.<개정 2008. 2. 29.> ③ 제2항의 심사기간을 산정함에 있어서 예비인가신청과 관련된 흠결의 보완기간 등 총리령 으로 정하는 기간은 심사기간에 산입하지 아니한다.<개정 2008. 2. 29.> ④ 금융위원회는 제2항에 따라 예비인가를 하는 경우에는 경영의 건전성 확보 및 투자자 보 호에 필요한 조건을 붙일 수 있다.<개정 2008. 2. 29.> 법제처 17 국가법령정보센 터 자본시장과 금융투자업에 관한 법률 ⑤ 금융위원회는 예비인가를 받은 자가 본인가를 신청하는 경우에는 제4항에 따른 예비인가 의 조건을 이행하였는지 여부와"
Unknown,[],REGULATION,Unknown,,,,,"제12조제2항 각 호의 요건을 갖추었는지 여부를 확인한 후 본인가 여부를 결정하여야 한다.<개정 2008. 2. 29.> ⑥ 제1항부터 제5항까지의 규정에 따른 예비인가의 신청서 및 그 기재사항ㆍ첨부서류 등 예 비인가의 신청에 관한 사항과 예비인가심사의 방법ㆍ절차, 그 밖에 예비인가에 관하여 필요 한 사항은 대통령령으로 정한다."
제15조,[],REGULATION,인가요건,금융투자업자,,,,제15조(인가요건 등의 유지) ① 금융투자업자는
제12조,[],REGULATION,금융투자업인가,금융투자업자,영위,영업,MANDATORY,제12조에 따른 금융투자업인가를 받아 그 영업 을 영위함에 있어서
제12조제2항,[],REGULATION,인가요건,인가요건,유지,,MANDATORY,"제12조제2항 각 호의 인가요건(같은 조 같은 항 제6호가목 및 같은 항 제 6호의2를 제외하며, 같은 항 제2호 및 같은 항 제6호나목의 경우에는 대통령령으로 정하는 완화된 요건을 말한다)을 유지하여야 한다. <개정 2010. 3. 12., 2015. 7. 31., 2021. 6. 8.> ②"
제16조의2,[],REGULATION,업무 단위 추가등록,투자매매업자,영위,영업,MANDATORY,제16조의2에 따라 업무 단위 추가등록을 한 투자매매업자 또는 투자중개업자는 업무 단위 추가등록 이후 그 영업을 영위할 때에는
제12조제2항,[],REGULATION,요건,,유지,요건,MANDATORY,"제12조제2항 각 호의 요건(같은 항 제3호, 제6호 및 제6호의2는 제외하며, 같은 항 제2호의 경우에는 대통령령으로 정하는 완화된 요건을 말 한다)을 유지하여야 한다."
제16조,[],REGULATION,업무의 추가 및 인가의 변경,금융투자업자,,,,제16조(업무의 추가 및 인가의 변경) ① 금융투자업자는
제12조,[],REGULATION,인가업무 단위 추가,인가받은 인가업무 단위,추가,다른 인가업무 단위,MANDATORY,제12조에 따라 인가받은 인가업무 단 위 외에 다른 인가업무 단위를 추가하여 금융투자업을 영위하려는 경우에는
Unknown,[],REGULATION,Unknown,,,,,제12조 및
제 13조,[],REGULATION,변경인가,,받다,변경인가,MANDATORY,제 13조에 따라 금융위원회의 변경인가를 받아야 한다. 이 경우
제14조,[],REGULATION,제14조 적용,,적용,제14조,MANDATORY,"제14조를 적용한다. <개정 2008. 2. 29., 2009. 2. 3.> ② 제1항에 따른 변경인가를 함에 있어서"
제12조제2항제6호,"[None, None, 12, 2]",REGULATION,완화된 요건,대통령령,적용,완화된 요건,MANDATORY,제12조제2항제6호의 인가요건에 관하여는 같은 호에도 불구하고 대통령령으로 정하는 완화된 요건을 적용한다.<신설 2010. 3. 12.>
제16조의2,[],REGULATION,투자매매업 등의 업무 단위 추가 및 등록,,,,,제16조의2(투자매매업 등의 업무 단위 추가 및 등록) ①
제12조,[],REGULATION,금융투자업 영위,투자매매업자,영위,금융투자업,MANDATORY,제12조에 따라 금융투자업인가를 받은 투자매매업자 또는 투자중개업자(겸영금융투자업자는 제외한다)가 같은 금융투자업의 종류 에 속하는 금융투자상품을 구성요소로 하여 대통령령으로 정하는 업무 단위를 추가하여 금융 투자업을 영위하려는 경우에는
제12조제2항,[],REGULATION,업무 단위 추가등록,금융투자업자,등록,금융위원회,MANDATORY,제12조제1항에도 불구하고 금융위원회에 이를 등록(이하 “업무 단위 추가등록”이라 한다)하여야 한다. ② 제1항에 따라 업무 단위 추가등록을 하려는 금융투자업자는
제12조제2항,[],PROCEDURE,등록신청서,신청인,제출,등록신청서,MANDATORY,"제12조제2항 각 호의 요건 (같은 항 제3호 및 제6호는 제외한다)을 갖추어 금융위원회에 등록신청서를 제출하여야 한다 . ③ 금융위원회는 제2항의 등록신청서를 접수한 경우에는 그 내용을 검토하여 2개월 이내에 업무 단위 추가등록 여부를 결정하고, 그 결과와 이유를 지체 없이 신청인에게 문서로 통지 하여야 한다. 이 경우 등록신청서에 흠결이 있는 때에는 보완을 요구할 수 있다. ④ 금융위원회는 제3항에 따라 업무 단위 추가등록 여부를 결정하는 경우 다음 각 호의 어느 하나에 해당하는 사유가 없으면 등록을 거부하여서는 아니 된다. 1. 제2항에 따른 업무 단위 추가등록 요건을 갖추지 아니한 경우 2. 제2항에 따른 등록신청서를 거짓으로 작성한 경우 3. 제3항 후단에 따른 보완요구를 이행하지 아니한 경우 ⑤ 금융위원회는 제3항에 따라 업무 단위 추가등록을 결정하는 경우 경영의 건전성 확보 및 투자자 보호에 필요한 조건을 붙일 수 있다. 법제처 18 국가법령정보센 터 자본시장과 금융투자업에 관한 법률 ⑥ 제5항에 따라 조건이 붙은 업무 단위 추가등록을 한 자는 사정의 변경, 그 밖의 정당한 사 유가 있는 경우에는 금융위원회에 조건의 취소 또는 변경을 신청할 수 있다. 이 경우 금융위 원회는 그 내용을 심사하여 2개월 이내에 조건의 취소 또는 변경 여부를 결정하고, 그 결과 를 지체 없이 신청인에게 문서로 통지하여야 한다. ⑦ 제3항의 검토기간 및 제6항의 심사기간을 산정할 때에는 등록신청서 흠결의 보완기간 등 총리령으로 정하는 기간은 그 기간에서 제외한다. ⑧ 금융위원회는 제3항에 따라 업무 단위 추가등록을 결정하거나 제6항에 따라 그 등록의 조건을 취소 또는 변경한 경우에는 투자매매업자등록부 또는 투자중개업자등록부에 필요한 사항을 기재하여야 하며, 다음 각 호의 사항을 관보 및 인터넷 홈페이지 등에 공고하여야 한 다. 1. 업무 단위 추가등록의 내용 2. 업무 단위 추가등록의 조건(조건을 붙인 경우에 한정한다) 3. 업무 단위 추가등록의 조건을 취소하거나 변경한 경우 그 내용(조건을 취소하거나 변경한 경우에 한정한다) ⑨ 제3항부터 제8항까지의 규정에 따른 업무 단위 추가등록의 신청 또는 조건의 취소ㆍ변경 의 신청에 관한 사항과 등록검토 또는 조건의 취소ㆍ변경 심사의 방법ㆍ절차, 그 밖에 필요 한 사항은 대통령령으로 정한다. ⑩ 제1항에 따라 업무 단위 추가등록을 한 자는"
제16조제1항,[],DEFINITION,변경인가를 받은 것,,본다,변경인가를 받은 것,DEFINITIONAL,제16조제1항에 따른 변경인가를 받은 것으 로 본다. [본조신설 2021. 6. 8.]
제16조의3,"[None, None, 16, 3]",PROCEDURE,외국 금융투자업자 조직형태 변경 인가 특례,외국 금융투자업자,인가받다,조직형태 변경,MANDATORY,제16조의3(외국 금융투자업자의 조직형태 변경에 따른 인가에 관한 특례)
제12조제2항제1호,[],REGULATION,양도,외국 금융투자업자,양도,금융투자업 전부,DEFINITIONAL,제12조제2항제1호 각 목에 따라 금융투자업인가를 받은 외국 금융투자업자 또는 대통령령으로 정하는 외국 금융투자업자의 국내법인이 대통령령으로 정하는 조직형태 변경을 통하여 금융투자업 전부(이 에 준하는 경우를 포함한다)를 양도하는 경우로서 영업을 양수하는 자가
제12조,[],REGULATION,금융 투자업인가,대통령령,정하는,,MANDATORY,제12조에 따른 금융 투자업인가를 받아야 하는 경우에는 대통령령으로 정하는 바에 따라
제12조제2항제3호ㆍ제 4호 및 제6호,"[None, None, 12, 2]",DEFINITION,요건,,본다,요건,DEFINITIONAL,제12조제2항제3호ㆍ제 4호 및 제6호의 요건 중 전부 또는 일부를 갖춘 것으로 본다. [본조신설 2021. 6. 8.] 제2절 등록요건 및 절차
제17조,[],REGULATION,미등록 영업행위의 금지,누구든지,영위하다,투자자문업,PROHIBITIVE,제17조(미등록 영업행위의 금지) 누구든지 이 법에 따른 금융투자업등록(변경등록을 포함한다 )을 하지 아니하고는 투자자문업 또는 투자일임업을 영위하여서는 아니 된다.
제18조,[],REGULATION,투자자문업 또는 투자일임업 등록,투자자문업자,등록,금융투자업등록,MANDATORY,"제18조(투자자문업 또는 투자일임업의 등록) ① 투자자문업 또는 투자일임업을 영위하려는 자 는 다음 각 호의 사항을 구성요소로 하여 대통령령으로 정하는 업무 단위(이하 “등록업무 단 위”라 한다)의 전부나 일부를 선택하여 금융위원회에 하나의 금융투자업등록을 하여야 한다. <개정 2008. 2. 29., 2013. 5. 28.> 1. 투자자문업 또는 투자일임업 2. 금융투자상품등의 범위(증권, 장내파생상품, 장외파생상품 및 그 밖에 대통령령으로 정하 는 투자대상자산을 말한다) 법제처 19 국가법령정보센 터 자본시장과 금융투자업에 관한 법률 3. 투자자의 유형 ② 제1항에 따라 금융투자업등록을 하려는 자는 다음 각 호의 요건을 모두 갖추어야 한다. <개정 2010. 3. 12., 2011. 8. 4., 2013. 5. 28., 2015. 7. 31.> 1. 다음 각 목의 어느 하나에 해당하는 자일 것. 다만, 외국 투자자문업자(외국 법령에 따라 외국에서 투자자문업에 상당하는 영업을 영위하는 자를 말한다. 이하 같다) 또는 외국 투자 일임업자(외국 법령에 따라 외국에서 투자일임업에 상당하는 영업을 영위하는 자를 말한 다. 이하 같다)가 외국에서 국내 거주자를 상대로 직접 영업을 하거나 통신수단을 이용하여 투자자문업 또는 투자일임업을 영위하는 경우에는 적용하지 아니한다. 가. 「상법」에 따른 주식회사이거나 대통령령으로 정하는 금융기관 나. 외국 투자자문업자로서 투자자문업의 수행에 필요한 지점, 그 밖의 영업소를 설치한 자 다. 외국 투자일임업자로서 투자일임업의 수행에 필요한 지점, 그 밖의 영업소를 설치한 자 2. 등록업무 단위별로 1억원 이상으로서 대통령령으로 정하는 금액 이상의 자기자본을 갖출 것 3. 다음 각 목의 구분에 따른 투자권유자문인력("
제286조제1항제3호가목,[],DEFINITION,투자권유자 문인력,,,,DEFINITIONAL,제286조제1항제3호가목에 따른 투자권유자 문인력을 말한다. 이하 같다) 또는 투자운용인력(
제286조제1항제3호다목,"[286, 1, 3]",DEFINITION,투자운용 인력,,,,DEFINITIONAL,제286조제1항제3호다목에 따른 투자운용 인력을 말한다. 이하 같다)을 갖출 것. 이 경우 제1호 각 목 외의 부분 단서에 규정된 자가 해당 국가에서 투자권유자문인력 또는 투자운용인력에 상당하는 자를 다음 각 목의 수 이 상 확보하고 있는 때에는 해당 요건을 갖춘 것으로 본다. 가. 투자자문업의 경우에는 투자권유자문인력을 대통령령으로 정하는 수 이상 갖출 것 나. 투자일임업의 경우에는 투자운용인력을 대통령령으로 정하는 수 이상 갖출 것 4. 임원이 「금융회사의 지배구조에 관한 법률」
제5조,[],REGULATION,요건,대주주,갖출,요건,MANDATORY,제5조에 적합할 것 5. 대주주나 외국 투자자문업자 또는 외국 투자일임업자가 다음 각 목의 구분에 따른 요건을 갖출 것 가. 제1호가목의 경우 대주주(
제12조제2항제6호,[],REGULATION,사회적 신용,대주주,갖출,사회적 신용,MANDATORY,"제12조제2항제6호가목의 대주주를 말한다)가 대통령령으로 정하는 사회적 신용을 갖출 것 나. 제1호 각 목 외의 부분 단서 및 같은 호 나목ㆍ다목의 경우 외국 투자자문업자 또는 외 국 투자일임업자가 대통령령으로 정하는 사회적 신용을 갖출 것 5의2. 대통령령으로 정하는 건전한 재무상태와 사회적 신용을 갖출 것 6. 금융투자업자와 투자자 간, 특정 투자자와 다른 투자자 간의 이해상충을 방지하기 위한 체 계로서 대통령령으로 정하는 요건을 갖출 것"
제19조,[],,등록,,,,,제19조(등록의 신청 등) ①
제18조,"[None, None, 18, None]",PROCEDURE,금융투자업등록,등록신청자,제출,등록신청서,MANDATORY,"제18조에 따른 금융투자업등록을 하려는 자는 등록신청서를 금융위 원회에 제출하여야 한다. <개정 2008. 2. 29.> ② 금융위원회는 제1항의 등록신청서를 접수한 경우에는 그 내용을 검토하여 2개월 이내에 금융투자업등록 여부를 결정하고, 그 결과와 이유를 지체 없이 신청인에게 문서로 통지하여 야 한다. 이 경우 등록신청서에 흠결이 있는 때에는 보완을 요구할 수 있다.<개정 2008. 2. 29.> ③ 제2항의 검토기간을 산정함에 있어서 등록신청서 흠결의 보완기간 등 총리령으로 정하는 기간은 검토기간에 산입하지 아니한다.<개정 2008. 2. 29.> ④ 금융위원회는 제2항의 금융투자업등록 여부를 결정함에 있어서 다음 각 호의 어느 하나 에 해당하는 사유가 없는 한 등록을 거부하여서는 아니 된다.<개정 2008. 2. 29.> 법제처 20 국가법령정보센 터 자본시장과 금융투자업에 관한 법률 1."
제18조제2항의,"[18, 2, None, None]",REGULATION,금융투자업등록,금융위원회,기재,투자자문업자등록부,MANDATORY,"제18조제2항의 금융투자업등록요건을 갖추지 아니한 경우 2. 제1항의 등록신청서를 거짓으로 작성한 경우 3. 제2항 후단의 보완요구를 이행하지 아니한 경우 ⑤ 금융위원회는 제2항에 따라 금융투자업등록을 결정한 경우 투자자문업자등록부 또는 투자일임업자등록부에 필요한 사항을 기재하여야 하며, 등록결정한 내용을 관보 및 인터넷 홈 페이지 등에 공고하여야 한다.<개정 2008. 2. 29.> ⑥ 제1항부터 제5항까지의 규정에 따른 등록신청서의 기재사항ㆍ첨부서류 등 등록의 신청 에 관한 사항과 등록검토의 방법ㆍ절차, 그 밖에 필요한 사항은 대통령령으로 정한다."
제20조,[],REGULATION,등록요건의 유지,투자자문업자,영위,영업,MANDATORY,제20조(등록요건의 유지) 투자자문업자 또는 투자일임업자는 금융투자업등록 이후 그 영업을 영위함에 있어서
제18조제2항,[],REGULATION,등록요건,각 호,유지,등록요건,MANDATORY,"제18조제2항 각 호의 등록요건(같은 조 같은 항 제5호의2를 제외하며, 같은 항 제2호 및 제5호의 경우에는 대통령령으로 정하는 완화된 요건을 말한다)을 유지하여야 한 다."
제20조의2,[],REGULATION,등록 직권 말소,금융위원회,말소,등록,PERMISSIVE,"제20조의2(등록의 직권말소) ① 금융위원회는 투자자문업자, 투자일임업자 및 일반 사모집합투자업자가 다음 각 호의 어느 하나에 해당하는 경우에는 그 등록을 직권으로 말소할 수 있다. 1. 해당 등록업무 단위별 최저자기자본의 100분의 70 이상을 6개월 이상 계속해서 유지하지 아니한 경우 2. 등록을 한 날부터 6개월(일반 사모집합투자업자의 경우에는 1년) 이내에 정당한 사유 없 이 영업을 시작하지 아니하거나, 영업을 시작한 후 정당한 사유 없이 등록한 업무를 6개월 이상 계속해서 하지 아니한 경우 3. 해당 등록업무 단위별 투자권유자문인력 또는 투자운용인력 요건을 6개월 이상 계속해서 유지하지 아니한 경우 4. 월별 업무보고서를 6개월 이상 계속 제출하지 아니하고, 금융위원회로부터 그 보고서 제 출요구를 받은 날부터 1개월 이내에 이를 제출하지 아니한 경우 5. 관할 세무서장에게 폐업신고를 하거나 관할 세무서장이 사업자등록을 말소한 경우 6. 파산선고를 받은 경우 ② 금융위원회는 제1항의 등록 말소를 위하여 관할 세무서장에게 영업자의 폐업 여부에 관 한 정보를 요청할 수 있다. 이 경우 관할 세무서장은 그 정보를 제공하여야 한다. [본조신설 2021. 4. 20.]"
제21조,[],REGULATION,업무 추가 및 변경등록,금융투자업자,,,MANDATORY,제21조(업무의 추가 및 변경등록) ① 금융투자업자는
제18조,"[None, None, 18, None]",REGULATION,등록업무 단위,등록업무 단위,추가,다른 등록업무 단위,,제18조에 따라 등록한 등록업무 단위 외 에 다른 등록업무 단위를 추가하여 금융투자업을 영위하려는 경우에는
제18조,[],,,,,,,
제19조,[],REGULATION,변경등록,,등록,금융위원회,MANDATORY,제19조에 따라 금융위원회에 변경등록하여야 한다.
제18조제2항제5호,"[None, None, 18, 5]",REGULATION,등록요건,대통령령,적용한다,완화된 요건,MANDATORY,제18조제2항제5호의 등록요건에 관하여는 같은 호에도 불구하고 대통령령으로 정하는 완화된 요건을 적용한다.
제22조,[],,삭제,,,,,제22조 삭제 <2015. 7. 31.> 법제처 21 국가법령정보센 터 자본시장과 금융투자업에 관한 법률
제23조,[],,삭제,,,,,제23조 삭제 <2015. 7. 31.>
제24조,[],CONCEPT,삭제,,,,,제24조 삭제 <2015. 7. 31.>
제25조,[],CONCEPT,삭제,,,,,제25조 삭제 <2015. 7. 31.>
제26조,[],,,,,,,제26조 삭제 <2015. 7. 31.>
제27조,[],,,,,,,제27조 삭제 <2015. 7. 31.>
제28조,[],PROCEDURE,삭제,,,,,제28조 삭제 <2015. 7. 31.>
Unknown,[],REGULATION,Unknown,,,,,제28조의2(파생상품업무책임자) ① 자산규모 및 금융투자업의 종류 등을 고려하여 대통령령으 로 정하는 금융투자업자(겸영금융투자업자를 포함한다)는 상근 임원(「상법」
제401조의2제 1항,"[401, 2, 1, None]",REGULATION,파생상품업무책임자,파생상품업무책임자,두어야 한다,인,MANDATORY,"제401조의2제 1항 각 호의 자를 포함한다)으로서 대통령령으로 정하는 파생상품업무책임자를 1인 이상 두 어야 한다. <개정 2015. 7. 31., 2016. 3. 29.> ② 제1항의 파생상품업무책임자는 다음 각 호의 업무를 수행한다. 1. 파생상품 투자자보호에 필요한 절차나 기준의 수립 및 집행에 관한 관리ㆍ감독업무 2. 장외파생상품 매매에 대한 승인 업무 3. 그 밖에 대통령령으로 정하는 업무 [본조신설 2009. 2. 3.]"
제29조,"[3, 1, 29]",,,,,,,제29조 삭제 <2015. 7. 31.> 제3장 건전경영 유지 제1절 경영건전성 감독
제30조,"[0, 0, 30, 0]",REGULATION,재무건전성 유지,금융투자업자,유지,영업용순자본,MANDATORY,"제30조(재무건전성 유지) ① 금융투자업자(겸영금융투자업자, 그 밖에 대통령령으로 정하는 금 융투자업자를 제외한다. 이하 이 조에서 같다)는 제1호의 합계액에서 제2호의 합계액을 뺀 금 액(이하 “영업용순자본”이라 한다)을 금융투자업자의 자산 및 부채에 내재하거나 업무에 수반 되는 위험을 금액으로 환산하여 합계한 금액(이하 “총위험액”이라 한다) 이상으로 유지하여야 한다. <개정 2008. 2. 29.> 1. 자본금ㆍ준비금, 그 밖에 총리령으로 정하는 금액 2. 고정자산, 그 밖에 단기간 내에 유동화가 어려운 자산으로서 총리령으로 정하는 자산 ② 제1항의 영업용순자본과 총위험액의 산정에 관한 구체적인 기준 및 방법은 금융위원회가 정하여 고시한다.<개정 2008. 2. 29.> ③ 금융투자업자는 매 분기의 말일을 기준으로 영업용순자본에서 총위험액을 뺀 금액을 기 재한 서면을 해당 분기의 말일부터 45일 이내로서 대통령령으로 정하는 기간 이내에 금융위 원회에 보고하여야 하며, 보고기간 종료일부터 3개월간 본점과 지점, 그 밖의 영업소에 비치 하고, 인터넷 홈페이지 등을 이용하여 공시하여야 한다.<개정 2008. 2. 29.>"
제31조,[],REGULATION,경영건전성기준,금융투자업자,준수,경영건전성기준,MANDATORY,"제31조(경영건전성기준) ① 금융투자업자(겸영금융투자업자를 제외한다. 이하 이 절에서 같다 )는 경영의 건전성을 유지하기 위하여 다음 각 호의 사항에 관하여 금융위원회가 정하여 고시 법제처 22 국가법령정보센 터 자본시장과 금융투자업에 관한 법률 하는 경영건전성기준을 준수하여야 하며, 이를 위한 적절한 체계를 구축ㆍ시행하여야 한다. <개정 2008. 2. 29.> 1. 자기자본비율, 그 밖의 자본의 적정성에 관한 사항 2. 자산의 건전성에 관한 사항 3. 유동성에 관한 사항 4. 그 밖에 경영의 건전성 확보를 위하여 필요한 사항으로서 대통령령으로 정하는 사항 ② 금융위원회는 제1항에 따른 경영건전성기준을 정함에 있어서 금융투자업자가 영위하는 금융투자업의 종류 등을 고려하여 금융투자업별로 그 내용을 달리 정할 수 있다.<개정 2008. 2. 29.> ③ 금융위원회는 금융투자업자의 경영건전성 확보를 위한 경영실태 및 위험에 대한 평가를 할 수 있다. 다만, 자산규모 등을 고려하여 대통령령으로 정하는 금융투자업자에 대하여는 평가를 실시하여야 한다.<개정 2008. 2. 29., 2009. 2. 3.> ④ 금융위원회는 금융투자업자가 제1항 및 제2항의 기준을 충족하지 못하거나"
제30조,[],REGULATION,경영건전성 확보,금융투자업자,명할 수 있다,조치,PERMISSIVE,"제30조제1항 및 제2항을 위반한 경우에는 금융투자업자에 대하여 자본금의 증액, 이익배당의 제한 등 경 영건전성 확보를 위한 필요한 조치를 명할 수 있다.<개정 2008. 2. 29.>"
제32조,"[0, 0, 32, 0]",REGULATION,회계처리,금융투자업자,하여야 한다,회계처리,MANDATORY,"제32조(회계처리) ① 금융투자업자는 다음 각 호에 따라 회계처리를 하여야 한다. <개정 2008. 2. 29., 2009. 2. 3., 2017. 10. 31.> 1. 회계연도를 금융투자업별로 총리령으로 정하는 기간으로 할 것 2. 금융투자업자의 고유재산과 신탁재산, 그 밖에 총리령으로 정하는 투자자재산을 명확히 구분하여 회계처리할 것 3. 증권선물위원회의 심의를 거쳐 금융위원회가 정하여 고시하는 금융투자업자 회계처리준 칙 및 「주식회사 등의 외부감사에 관한 법률」"
제5조,"[None, None, 5, 2]",REGULATION,회계처리기준,금융위원회,정하고 고시한다,회계 처리,MANDATORY,"제5조에 따른 회계처리기준을 따를 것 ② 금융투자업자의 고유재산의 회계처리에 관한 사항으로서 제1항에서 정하지 아니한 회계 처리, 계정과목의 종류와 배열순서, 그 밖에 필요한 사항은 금융위원회가 정하여 고시한다. <개정 2008. 2. 29.>"
제33조,[],REGULATION,업무보고서 및 공시,금융투자업자,제출 및 공시,업무보고서 및 공시서류,MANDATORY,"제33조(업무보고서 및 공시 등) ① 금융투자업자는 매 사업연도 개시일부터 3개월간ㆍ6개월간 ㆍ9개월간 및 12개월간의 업무보고서를 작성하여 그 기간 경과 후 45일 이내로서 대통령령 으로 정하는 기간 이내에 금융위원회에 제출하여야 한다. <개정 2008. 2. 29.> ② 금융투자업자는 제1항에 따른 업무보고서를 금융위원회에 제출한 날부터 그 업무보고서 중 중요사항을 발췌한 공시서류를 1년간 본점과 지점, 그 밖의 영업소에 이를 비치하고, 인터 넷 홈페이지 등을 이용하여 공시하여야 한다.<개정 2008. 2. 29.> ③ 금융투자업자는 거액의 금융사고 또는 부실채권의 발생 등 금융투자업자의 경영상황에 중대한 영향을 미칠 사항으로서 금융투자업의 종류별로 대통령령으로 정하는 사항이 발생한 경우에는 금융위원회에 보고하고, 인터넷 홈페이지 등을 이용하여 공시하여야 한다.<개정 2008. 2. 29., 2009. 2. 3.> ④ 금융투자업자는 제1항에 따른 업무보고서 외에 매월의 업무 내용을 적은 보고서를 다음 달 말일까지 금융위원회에 제출하여야 한다.<신설 2009. 2. 3.> ⑤ 제1항에 따른 업무보고서, 제2항에 따른 공시서류의 기재사항 및 제3항에 따른 경영상황 공시, 제4항에 따른 보고서, 그 밖에 필요한 사항은 대통령령으로 정한다.<개정 2009. 2. 3.>"
제34조,"[None, None, 34, None]",REGULATION,대주주와의 거래,금융투자업자,행위,,PROHIBITIVE,"제34조(대주주와의 거래 등의 제한) ① 금융투자업자(겸영금융투자업자는 제외한다. 이하 이 절 에서 같다)는 다음 각 호의 어느 하나에 해당하는 행위를 하여서는 아니 된다. 다만, 담보권의 실행 등 권리행사에 필요한 경우,"
Unknown,[],REGULATION,Unknown,,,,,"제176조제3항제1호에 따른 안정조작 또는 같은 항 제2호에 따른 시장조성을 하는 경우, 그 밖에 금융투자업자의 건전성을 해치지 아니하는 범위에서 금 융투자업의 효율적 수행을 위하여 대통령령으로 정하는 경우에는 그러하지 아니하며, 이 경 우 금융위원회는 다음 각 호별로 그 소유기한 등을 정하여 고시할 수 있다. <개정 2009. 2. 3.> 1. 그 금융투자업자의 대주주가 발행한 증권을 소유하는 행위 2. 그 금융투자업자의 특수관계인(금융투자업자의 대주주를 제외한다) 중 대통령령으로 정하 는 자가 발행한 주식, 채권 및 약속어음(기업이 사업에 필요한 자금을 조달하기 위하여 발 행한 것에 한한다)을 소유하는 행위. 다만, 대통령령으로 정하는 비율의 범위에서 소유하는 경우를 제외한다. 3. 그 밖에 금융투자업자의 건전한 자산운용을 해할 우려가 있는 행위로서 대통령령으로 정 하는 행위 ② 금융투자업자는 대주주(그의 특수관계인을 포함한다. 이하 이 조에서 같다)에 대하여 신 용공여(금전ㆍ증권 등 경제적 가치가 있는 재산의 대여, 채무이행의 보증, 자금 지원적 성격 의 증권의 매입, 그 밖에 거래상의 신용위험을 수반하는 직접적ㆍ간접적 거래로서 대통령령 으로 정하는 거래를 말한다. 이하 이 절에서 같다)를 하여서는 아니 되며, 대주주는 그 금융 투자업자로부터 신용공여를 받아서는 아니 된다. 다만, 대주주에 대한 신용공여가 다음 각 호의 어느 하나에 해당하는 경우에는 이를 할 수 있다.<개정 2020. 12. 29.> 1. 임원에 대하여 연간 급여액(근속기간 중에 그 금융투자업자로부터 지급된 소득세 과세대 상이 되는 급여액을 말한다)과 대통령령으로 정하는 금액 중 적은 금액의 범위에서 하는 신용공여 2. 금융투자업자가 발행주식총수 또는 출자총액의 100분의 50 이상을 소유 또는 출자하거나 대통령령으로 정하는 기준에 의하여 사실상 경영을 지배하는 해외현지법인에 대한 신용공 여 3. 그 밖에 금융투자업자의 건전성을 해할 우려가 없는 신용공여로서 대통령령으로 정하는 신용공여 ③ 금융투자업자는 제1항제2호 단서 또는 제2항 단서에 해당하는 행위(대통령령으로 정하는 행위를 제외한다)를 하고자 하는 경우에는 미리 이사회 결의를 거쳐야 한다. 이 경우 이사회 결의는 재적이사 전원의 찬성으로 한다. ④ 금융투자업자는 제1항제2호 단서 또는 제2항 단서에 해당하는 행위(대통령령으로 정하는 행위를 제외한다)를 한 경우에는 그 사실을 금융위원회에 지체 없이 보고하고, 인터넷 홈페 이지 등을 이용하여 공시하여야 한다.<개정 2008. 2. 29.> ⑤ 금융투자업자는 제4항에 따른 보고사항 중 대통령령으로 정하는 사항을 종합하여 분기별 로 금융위원회에 보고하고, 인터넷 홈페이지 등을 이용하여 공시하여야 한다.<개정 2008. 2. 29.> 법제처 24 국가법령정보센 터 자본시장과 금융투자업에 관한 법률 ⑥ 금융위원회는 금융투자업자 또는 그의 대주주가 제1항부터 제5항까지의 규정을 위반한 혐의가 있다고 인정될 경우에는 금융투자업자 또는 그의 대주주에게 필요한 자료의 제출을 명할 수 있다.<개정 2008. 2. 29.> ⑦ 금융위원회는 금융투자업자의 대주주(회사에 한한다)의 부채가 자산을 초과하는 등 재무 구조의 부실로 인하여 금융투자업자의 경영건전성을 현저히 해칠 우려가 있는 경우로서 대 통령령으로 정하는 경우에는 금융투자업자에 대하여 대주주가 발행한 증권의 신규취득 및 제2항 단서에 따른 신용공여를 제한할 수 있다.<개정 2008. 2. 29.>"
제35조,[],REGULATION,부당한 영향력,대주주,행사,영향력,PROHIBITIVE,제35조(대주주의 부당한 영향력 행사의 금지) 금융투자업자의 대주주(그의 특수관계인을 포함 한다. 이하 이 조 및
제36조,[],REGULATION,부당한 영향력 행사,대주주,행위,금융투자업자,PROHIBITIVE,"제36조에서 같다)는 금융투자업자의 이익에 반하여 대주주 자신의 이익 을 얻을 목적으로 다음 각 호의 어느 하나에 해당하는 행위를 하여서는 아니 된다. <개정 2015. 7. 31.> 1. 부당한 영향력을 행사하기 위하여 금융투자업자에 대하여 외부에 공개되지 아니한 자료 또는 정보의 제공을 요구하는 행위. 다만, 「금융회사의 지배구조에 관한 법률」"
제33조제 6항,[],CONCEPT,제33조제 6항,,,,,제33조제 6항 또는 「상법」
Unknown,[],REGULATION,Unknown,,,,,제466조에 따른 권리의 행사에 해당하는 경우를 제외한다. 2. 경제적 이익 등 반대급부의 제공을 조건으로 다른 주주와 담합하여 금융투자업자의 인사 또는 경영에 부당한 영향력을 행사하는 행위 3. 그 밖에 제1호 및 제2호에 준하는 행위로서 대통령령으로 정하는 행위
제36조,[],PROCEDURE,자료 제출명령,금융위원회,명령,대주주,MANDATORY,제36조(금융위원회의 자료 제출명령) 금융위원회는 금융투자업자의 대주주가
제35조,[],REGULATION,자료 제출 명령,,명할,자료,PERMISSIVE,제35조를 위반한 혐의가 있다고 인정될 경우에는 금융투자업자 또는 그의 대주주에게 필요한 자료의 제출을 명할 수 있다.
제37조,[],REGULATION,신의성실의무,금융투자업자,영위,금융투자업,MANDATORY,제37조(신의성실의무 등) ① 금융투자업자는 신의성실의 원칙에 따라 공정하게 금융투자업을 영위하여야 한다. ② 금융투자업자는 금융투자업을 영위함에 있어서 정당한 사유 없이 투자자의 이익을 해하 면서 자기가 이익을 얻거나 제삼자가 이익을 얻도록 하여서는 아니 된다.
제38조,[],REGULATION,상호 사용 금지,금융투자업자가 아닌 자 및 투자매매업 또는 투자중개업을 영위하는 자가 아닌 자,사용,상호 중에 '금융투자' 문자 및 '증권' 문자,PROHIBITIVE,"제38조(상호) ① 금융투자업자가 아닌 자는 그 상호 중에 “금융투자”라는 문자 또는 이와 같은 의미를 가지는 외국어 문자로서 대통령령으로 정하는 문자를 사용하여서는 아니 된다. <신설 2009. 2. 3.> ② 증권을 대상으로 하여 투자매매업 또는 투자중개업을 영위하는 자가 아닌 자는 그 상호 중에 “증권”이라는 문자 또는 이와 같은 의미를 가지는 외국어문자로서 대통령령으로 정하는 문자를 사용하여서는 아니 된다. 다만,"
제229조제1호,[],DEFINITION,증권집합투자기구,,,,DEFINITIONAL,제229조제1호의 증권집합투자기구는
제183조,[],REGULATION,상호에 특정 용어 사용 금지,자,사용,상호,PROHIBITIVE,"제183조제 1항에 따라 “증권”이라는 문자 또는 이와 같은 의미를 가지는 외국어문자로서 대통령령으로 정하는 문자를 사용할 수 있다.<개정 2009. 2. 3.> 법제처 25 국가법령정보센 터 자본시장과 금융투자업에 관한 법률 ③ 장내파생상품 또는 장외파생상품을 대상으로 하여 투자매매업 또는 투자중개업을 영위하 는 자가 아닌 자는 그 상호 중에 “파생” 또는 “선물”이라는 문자 또는 이와 같은 의미를 가지는 외국어문자로서 대통령령으로 정하는 문자를 사용하여서는 아니 된다.<개정 2009. 2. 3.> ④ 집합투자업자가 아닌 자는 그 상호 중에 “집합투자”, “투자신탁” 또는 “자산운용”이라는 문자 또는 이와 같은 의미를 가지는 외국어문자로서 대통령령으로 정하는 문자를 사용하여 서는 아니 된다. 다만, 투자신탁인 집합투자기구는 “투자신탁”이라는 문자 또는 이와 같은 의 미를 가지는 외국어문자로서 대통령령으로 정하는 문자를 사용할 수 있다.<개정 2009. 2. 3.> ⑤ 투자자문업자가 아닌 자는 그 상호 중에 “투자자문”이라는 문자 또는 이와 같은 의미를 가지는 외국어문자로서 대통령령으로 정하는 문자를 사용하여서는 아니 된다. 다만, 「부동산 투자회사법」에 따른 부동산투자자문회사는 “투자자문”이라는 문자 또는 이와 같은 의미를 가지는 외국어문자로서 대통령령으로 정하는 문자를 사용할 수 있다.<개정 2009. 2. 3.> ⑥ 투자일임업자가 아닌 자는 그 상호 중에 “투자일임”이라는 문자 또는 이와 같은 의미를 가지는 외국어문자로서 대통령령으로 정하는 문자를 사용하여서는 아니 된다.<개정 2009. 2. 3.> ⑦ 신탁업자가 아닌 자는 그 상호 중에 “신탁”이라는 문자 또는 이와 같은 의미를 가지는 외 국어문자로서 대통령령으로 정하는 문자를 사용하여서는 아니 된다. 다만, 집합투자업자 또 는"
제7조제5항,"[None, None, 7, 5]",REGULATION,상호,업자,사용,상호,PERMISSIVE,제7조제5항에 따른 업을 영위하는 자는 그 상호 중에 “신탁”이라는 문자 또는 이와 같은 의미를 가지는 외국어문자로서 대통령령으로 정하는 문자를 사용할 수 있다.
제39조,"[None, None, 39, None]",REGULATION,명의대여,금융투자업자,대여,명의,PROHIBITIVE,제39조(명의대여의 금지) 금융투자업자는 자기의 명의를 대여하여 타인에게 금융투자업을 영위 하게 하여서는 아니 된다.
제40조,[],REGULATION,다른 금융업무 영위,금융투자업자,영위할 수 있다,금융업무,PERMISSIVE,"제40조(금융투자업자의 다른 금융업무 영위) ① 금융투자업자(겸영금융투자업자, 그 밖에 대통 령령으로 정하는 금융투자업자를 제외한다. 이하 이 조에서 같다)는 투자자 보호 및 건전한 거래질서를 해할 우려가 없는 금융업무로서 다음 각 호의 금융업무를 영위할 수 있다. 이 경 우 금융투자업자는 제2호부터 제5호까지의 업무를 영위하고자 하는 때에는 그 업무를 영위 하기 시작한 날부터 2주 이내에 이를 금융위원회에 보고하여야 한다. <개정 2008. 2. 29., 2020. 5. 19.> 1. 이 법 또는 대통령령으로 정하는 금융관련 법령에서 인가ㆍ허가ㆍ등록 등을 요하는 금융 업무 중 ""보험업법"""
제91조,[],REGULATION,보험대리점 업무,보험대리점,영위,금융투자업자,MANDATORY,"제91조에 따른 보험대리점의 업무 또는 보험중개사의 업무, 그 밖에 대통령령으로 정하는 금융업무 2. 이 법 또는 대통령령으로 정하는 금융관련 법령에서 정하고 있는 금융업무로서 해당 법령 에서 금융투자업자가 영위할 수 있도록 한 업무 3. 국가 또는 공공단체 업무의 대리 4. 투자자를 위하여 그 투자자가 예탁한 투자자예탁금("
제74조,[],REGULATION,겸영업무 제한,금융위원회,제한,겸영업무,PERMISSIVE,제74조제1항의 투자자예탁금을 말한 다)으로 수행하는 자금이체업무 5. 그 밖에 그 금융업무를 영위하여도 투자자 보호 및 건전한 거래질서를 해할 우려가 없는 업무로서 대통령령으로 정하는 금융업무 ② 금융위원회는 제1항에 따른 겸영업무 보고내용이 다음 각 호의 어느 하나에 해당하는 경 우에는 그 겸영업무의 영위를 제한하거나 시정할 것을 명할 수 있다.<신설 2020. 5. 19.> 법제처 26 국가법령정보센 터 자본시장과 금융투자업에 관한 법률 1. 금융투자업자의 경영건전성을 저해하는 경우 2. 투자자 보호에 지장을 초래하는 경우 3. 금융시장의 안정성을 저해하는 경우 ③ 제2항에 따른 제한명령 또는 시정명령은 제1항에 따라 보고를 받은 날부터 30일 이내에 그 내용 및 사유가 구체적으로 기재된 문서로 하여야 한다.<신설 2020. 5. 19.> ④ 금융위원회는 제1항에 따라 보고받은 겸영업무 및 제2항에 따라 제한명령 또는 시정명령 을 한 겸영업무를 대통령령으로 정하는 방법 및 절차에 따라 인터넷 홈페이지 등에 공고하여 야 한다.<신설 2020. 5. 19.>
제41조,[],REGULATION,부수업무 영위,금융투자업자,보고,금융위원회,MANDATORY,"제41조(금융투자업자의 부수업무 영위) ① 금융투자업자는 금융투자업에 부수하는 업무를 영위 하고자 하는 경우에는 그 업무를 영위하기 시작한 날부터 2주 이내에 이를 금융위원회에 보 고하여야 한다. <개정 2008. 2. 29., 2020. 5. 19.> ② 금융위원회는 제1항에 따른 부수업무 보고내용이 다음 각 호의 어느 하나에 해당하는 경 우에는 그 부수업무의 영위를 제한하거나 시정할 것을 명할 수 있다.<개정 2008. 2. 29., 2020. 5. 19.> 1. 금융투자업자의 경영건전성을 저해하는 경우 2. 인가를 받거나 등록한 금융투자업의 영위에 따른 투자자 보호에 지장을 초래하는 경우 3. 금융시장의 안정성을 저해하는 경우 ③ 제2항에 따른 제한명령 또는 시정명령은 제1항에 따라 보고를 받은 날부터 30일 이내에 그 내용 및 사유가 구체적으로 기재된 문서로 하여야 한다.<개정 2020. 5. 19.> ④ 금융위원회는 제1항에 따라 보고받은 부수업무 및 제2항에 따라 제한명령 또는 시정명령 을 한 부수업무를 대통령령으로 정하는 방법 및 절차에 따라 인터넷 홈페이지 등에 공고하여 야 한다.<개정 2008. 2. 29., 2020. 5. 19.>"
제42조,[],REGULATION,업무위탁,금융투자업자,,,,"제42조(금융투자업자의 업무위탁) ① 금융투자업자는 금융투자업,"
제40조제1항,[],REGULATION,업무,,,,,제40조제1항 각 호의 업무 및
제41조제1항,[],REGULATION,업무 위탁,금융투자업자,위탁할 수 있다,제삼자,MANDATORY,"제41조제1항의 부수업무와 관련하여 그 금융투자업자가 영위하는 업무의 일부를 제삼자 에게 위탁할 수 있다. 다만, 대통령령으로 정하는 내부통제업무(해당 업무에 관한 의사결정권 한까지 위탁하는 경우만 해당한다)는 제삼자에게 위탁하여서는 아니 된다. <개정 2020. 5. 19.> ② 금융투자업자는 제1항 본문에 따라 제삼자에게 업무를 위탁하는 경우에는 다음 각 호의 사항을 포함하는 위탁계약을 체결하여야 하며, 그 내용을 대통령령으로 정하는 방법 및 절차 에 따라 금융위원회에 보고하여야 한다.<개정 2008. 2. 29.> 1. 위탁하는 업무의 범위 2. 수탁자의 행위제한에 관한 사항 3. 위탁하는 업무의 처리에 대한 기록유지에 관한 사항 4. 그 밖에 투자자 보호 또는 건전한 거래질서를 위하여 필요한 사항으로서 대통령령으로 정 하는 사항 ③ 금융위원회는 제2항에 따른 위탁계약의 내용이 다음 각 호의 어느 하나에 해당하는 경우 에는 해당 업무의 위탁을 제한하거나 시정할 것을 명할 수 있다.<개정 2008. 2. 29.> 1. 금융투자업자의 경영건전성을 저해하는 경우 2. 투자자 보호에 지장을 초래하는 경우 법제처 27 국가법령정보센 터 자본시장과 금융투자업에 관한 법률 3. 금융시장의 안정성을 저해하는 경우 4. 금융거래질서를 문란하게 하는 경우 ④ 제1항 본문에 따라 위탁받는 업무가 본질적 업무(해당 금융투자업자가 인가를 받거나 등 록을 한 업무와 직접적으로 관련된 필수업무로서 대통령령으로 정하는 업무를 말한다. 이하 이 항에서 같다)인 경우 그 본질적 업무를 위탁받는 자는 그 업무 수행에 필요한 인가를 받거 나 등록을 한 자이어야 한다. 이 경우 그 업무를 위탁받는 자가 외국 금융투자업자로서 대통 령령으로 정하는 요건을 갖춘 경우에는 인가를 받거나 등록을 한 것으로 본다. ⑤ 제1항에 따라 금융투자업자의 업무를 위탁받은 자는 위탁한 자의 동의를 받은 경우에 한 정하여 위탁받은 업무를 제삼자에게 재위탁할 수 있다.<개정 2020. 5. 19.> ⑥ 제1항의 업무를 위탁한 자는 대통령령으로 정하는 기준에 따라 위탁한 업무의 범위에서 위탁받은 자에게 투자자의 금융투자상품의 매매, 그 밖의 거래에 관한 정보 및 투자자가 맡 긴 금전, 그 밖의 재산에 관한 정보를 제공할 수 있다. ⑦ 금융투자업자는 제1항 본문에 따라 업무위탁을 하고자 하는 경우 투자자정보 보호 및 위 험관리ㆍ평가 등에 관한 업무위탁 운영기준을 정하여야 한다. ⑧ 금융투자업자는 제1항 본문에 따라 업무위탁을 한 내용을 「금융소비자 보호에 관한 법률 」"
제23조제1항,[],,계약서류,,,,,제23조제1항에 따른 계약서류 및
제123조제1항,"[None, None, 123, 1]",REGULATION,투자설명서,집합투자업자,,투자설명서,MANDATORY,제123조제1항에 따른 투자설명서(집합투자업자의 경우
제124조제2항제3호,"[None, None, 124, 2]",REGULATION,간이투자설명서,,포함,간이투자설명서,MANDATORY,제124조제2항제3호에 따른 간이투자설명서를 포함한다.
제64조,[],,,,,,,
제86조,[],,,,,,,
제93조,[],REGULATION,통보,계약자,통보,투자자,MANDATORY,"제93조에 서 같다)에 기재하여야 하며, 투자자와 계약을 체결한 후에 업무위탁을 하거나 그 내용을 변 경한 경우에는 이를 투자자에게 통보하여야 한다.<개정 2013. 5. 28., 2020. 3. 24.> ⑨ 「민법」"
제756조,"[None, None, 756, None]",REGULATION,손해,위탁받은 자,끼친,투자자,MANDATORY,제756조는 제1항의 업무를 위탁받은 자(제5항에 따라 재위탁받은 자를 포함한다 )가 그 위탁받은 업무를 영위하는 과정에서 투자자에게 손해를 끼친 경우에 준용한다.<개정 2020. 5. 19.> ⑩
Unknown,[],REGULATION,Unknown,,,,,"제54조,"
제55조,[],CONCEPT,제55조,,,,,제55조 및 「금융실명거래 및 비밀보장에 관한 법률」
제4조,[],REGULATION,업무의 위탁ㆍ재위탁,위탁받은 자,영위,업무,MANDATORY,제4조는 제1항의 업무를 위탁받은 자가 그 위탁받은 업무를 영위하는 경우에 준용한다. ⑪ 그 밖에 업무의 위탁ㆍ재위탁의 기준ㆍ방법 및 절차에 관하여 투자자 보호 또는 건전한 거래질서를 위하여 필요한 사항은 대통령령으로 정한다.
제43조,[],REGULATION,검사 및 처분,,,,,제43조(검사 및 처분) ①
제42조제1항,"[42, 1, None, None]",REGULATION,검사,업무를 위탁받은 자,검사받다,금융감독원,MANDATORY,제42조제1항에 따라 업무를 위탁받은 자는 그 위탁받은 업무와 관련하 여 그 업무와 재산상황에 관하여 「금융위원회의 설치 등에 관한 법률」에 따라 설립된 금융감독원(이하 “금융감독원”이라 한다)의 원장(이하 “금융감독원장”이라 한다)의 검사를 받아야 한 다. 이 경우
제419조,[],REGULATION,준용,금융위원회,준용한다,제5항부터 제7항까지 및 제9항,MANDATORY,제419조제5항부터 제7항까지 및 제9항을 준용한다. <개정 2015. 7. 31.> ② 금융위원회는
제42조제1항,"[0, 0, 42, 1]",REGULATION,위탁계약,위탁받은 자,명 할 수 있다,위탁계약,PERMISSIVE,제42조제1항에 따라 업무를 위탁받은 자가 다음 각 호의 어느 하나에 해당 하는 경우에는 위탁계약의 어느 한쪽 또는 양쪽 당사자에게 위탁계약의 취소 또는 변경을 명 할 수 있다.<개정 2008. 2. 29.> 1.
제42조제10항,"[None, None, 42, 10]",CONCEPT,제42조제10항,,준용,,,제42조제10항에서 준용하는
제54조,[],,,,,,,"제54조,"
제55조,[],,금융실명거래 및 비밀보장,,,,,제55조 또는 「금융실명거래 및 비밀보장에 관한 법 률」
제4조제1항,"[None, None, 4, 1]",REGULATION,검사 거부,,거부,검사,PROHIBITIVE,"제4조제1항, 같은 조 제3항부터 제5항까지의 규정을 위반한 경우 2. 제1항 전단에 따른 검사를 거부ㆍ방해 또는 기피한 경우 3. 제1항 후단에서 준용하는"
제419조제5항,[],PROCEDURE,기록 및 관리,금융위원회,기록,내용,MANDATORY,"제419조제5항에 따른 보고 등의 요구에 불응한 경우 4. 별표 1 각 호의 어느 하나(그 위탁받은 업무와 관련된 것에 한한다)에 해당하는 경우 ③ 금융위원회는 제2항에 따라 조치를 한 경우에는 그 내용을 기록하고, 이를 유지ㆍ관리하 여야 한다."
Unknown,[],REGULATION,Unknown,,,,,제42조제1항에 따라 업무를 위탁받은 자(업무를 위탁받았던 자를 포 함한다)는 금융위원회에 자기에 대한 제2항에 따른 조치 여부 및 그 내용을 조회할 수 있다. <개정 2008. 2. 29.> ⑤ 금융위원회는 제4항의 조회요청을 받은 경우에는 정당한 사유가 없는 한 조치 여부 및 그 내용을 그 조회 요청자에게 통보하여야 한다.<개정 2008. 2. 29.> ⑥
제425조,[],REGULATION,위탁계약의 취소 또는 변경명령,제425조,준용한다,위탁계약의 취소 또는 변경명령,MANDATORY,제425조는 제2항에 따른 위탁계약의 취소 또는 변경명령에 관하여 준용한다.
제44조,[],REGULATION,이해상충,금융투자업자,방지,이해상충,MANDATORY,"제44조(이해상충의 관리) ① 금융투자업자는 금융투자업의 영위와 관련하여 금융투자업자와 투자자 간, 특정 투자자와 다른 투자자 간의 이해상충을 방지하기 위하여 이해상충이 발생할 가능성을 파악ㆍ평가하고, 「금융회사의 지배구조에 관한 법률」"
제24조,[],REGULATION,내부통제기준,금융투자업자,관리,내부통제기준,MANDATORY,"제24조에 따른 내부통제기준(이 하 “내부통제기준”이라 한다)이 정하는 방법 및 절차에 따라 이를 적절히 관리하여야 한다. <개정 2015. 7. 31.> ② 금융투자업자는 제1항에 따라 이해상충이 발생할 가능성을 파악ㆍ평가한 결과 이해상충 이 발생할 가능성이 있다고 인정되는 경우에는 그 사실을 미리 해당 투자자에게 알려야 하며 , 그 이해상충이 발생할 가능성을 내부통제기준이 정하는 방법 및 절차에 따라 투자자 보호 에 문제가 없는 수준으로 낮춘 후 매매, 그 밖의 거래를 하여야 한다. ③ 금융투자업자는 제2항에 따라 그 이해상충이 발생할 가능성을 낮추는 것이 곤란하다고 판단되는 경우에는 매매, 그 밖의 거래를 하여서는 아니 된다."
제45조,[],REGULATION,정보교류의 차단,금융투자업자,,,,"제45조(정보교류의 차단) ① 금융투자업자는 금융투자업,"
제40조제1항,[],DEFINITION,업무,,,,DEFINITIONAL,"제40조제1항 각 호의 업무,"
제41조,[],CONCEPT,부수업무,,,,,제41조제 1항에 따른 부수업무 및
제77조의3,[],REGULATION,내부통제기준,종합금융투자사업자,영위,업무,MANDATORY,제77조의3에서 종합금융투자사업자에 허용된 업무(이하 이 조에서 “금융투자업등”이라 한다)를 영위하는 경우 내부통제기준이 정하는 방법 및 절차에 따라
제 174조제1항,"[None, None, 174, 1]",REGULATION,정보 교류 차단 및 제공,금융투자업자,차단 및 제공,정보,MANDATORY,제 174조제1항 각 호 외의 부분에 따른 미공개중요정보 등 대통령령으로 정하는 정보의 교류를 적절히 차단하여야 한다. <개정 2020. 5. 19.> ② 금융투자업자는 금융투자업등을 영위하는 경우 계열회사를 포함한 제삼자에게 정보를 제 공할 때에는 내부통제기준이 정하는 방법 및 절차에 따라
Unknown,[],REGULATION,Unknown,,,,,제174조제1항 각 호 외의 부분에 따른 미공개중요정보 등 대통령령으로 정하는 정보의 교류를 적절히 차단하여야 한다.<개정 2020. 5. 19.> ③ 제1항 및 제2항의 내부통제기준은 다음 각 호의 사항을 반드시 포함하여야 한다.<신설 2020. 5. 19.> 1. 정보교류 차단을 위해 필요한 기준 및 절차 2. 정보교류 차단의 대상이 되는 정보의 예외적 교류를 위한 요건 및 절차 3. 그 밖에 정보교류 차단의 대상이 되는 정보를 활용한 이해상충 발생을 방지하기 위하여 대통령령으로 정하는 사항 ④ 금융투자업자는 제1항 및 제2항에 따른 정보교류 차단을 위하여 다음 각 호의 사항을 준 수하여야 한다.<신설 2020. 5. 19.> 1. 정보교류 차단을 위한 내부통제기준의 적정성에 대한 정기적 점검 2. 정보교류 차단과 관련되는 법령 및 내부통제기준에 대한 임직원 교육 3. 그 밖에 정보교류 차단을 위하여 대통령령으로 정하는 사항 법제처 29 국가법령정보센 터 자본시장과 금융투자업에 관한 법률 제2관 투자권유 등 <개정 2009. 2. 3.>
제46조,[],,,,,,,제46조 삭제 <2020. 3. 24.>
제46조의2,[],,삭제,,,,,제46조의2 삭제 <2020. 3. 24.>
제47조,[],,,,,,,제47조 삭제 <2020. 3. 24.>
제48조,[],REGULATION,손해배상책임,금융투자업자,,,,제48조(손해배상책임) ① 금융투자업자는 「금융소비자 보호에 관한 법률」
제19조,[],REGULATION,손해배상,위반자,배상,손해,MANDATORY,"제19조제1항 또는 제3항을 위반한 경우 이로 인하여 발생한 일반투자자의 손해를 배상할 책임이 있다. <개정 2020. 3. 24.> ② 금융투자상품의 취득으로 인하여 일반투자자가 지급하였거나 지급하여야 할 금전등의 총 액에서 그 금융투자상품의 처분, 그 밖의 방법으로 그 일반투자자가 회수하였거나 회수할 수 있는 금전등의 총액을 뺀 금액은 제1항에 따른 손해액으로 추정한다.<개정 2017. 10. 31.>"
제49조,[],,,,,,,제49조 삭제 <2020. 3. 24.>
제50조(투자권유준칙),[],REGULATION,투자권유준칙,금융투자업자,정하여야 한다,투자권유준칙,MANDATORY,"제50조(투자권유준칙) ① 금융투자업자는 투자권유를 함에 있어서 금융투자업자의 임직원이 준 수하여야 할 구체적인 기준 및 절차(이하 “투자권유준칙”이라 한다)를 정하여야 한다. 다만, 파생상품등에 대하여는 일반투자자의 투자목적ㆍ재산상황 및 투자경험 등을 고려하여 투자 자 등급별로 차등화된 투자권유준칙을 마련하여야 한다. <개정 2009. 2. 3.> ② 금융투자업자는 투자권유준칙을 정한 경우 이를 인터넷 홈페이지 등을 이용하여 공시하 여야 한다. 투자권유준칙을 변경한 경우에도 또한 같다. ③ 협회는 투자권유준칙과 관련하여 금융투자업자가 공통으로 사용할 수 있는 표준투자권유 준칙을 제정할 수 있다."
제50조(투자권유준칙),[],REGULATION,투자권유준칙,금융투자업자,정하고 공시한다,투자권유준칙,MANDATORY,"제50조(투자권유준칙) ① 금융투자업자는 투자권유를 함에 있어서 금융투자업자의 임직원이 준 수하여야 할 구체적인 기준 및 절차(이하 “투자권유준칙”이라 한다)를 정하여야 한다. 다만, 파생상품, 그 밖에 대통령령으로 정하는 금융투자상품(이하 “파생상품등”이라 한다)에 대하여 는 일반투자자의 투자목적ㆍ재산상황 및 투자경험 등을 고려하여 투자자 등급별로 차등화된 투자권유준칙을 마련하여야 한다. <개정 2009. 2. 3., 2026. 2. 3.> ② 금융투자업자는 투자권유준칙을 정한 경우 이를 인터넷 홈페이지 등을 이용하여 공시하 여야 한다. 투자권유준칙을 변경한 경우에도 또한 같다. ③ 협회는 투자권유준칙과 관련하여 금융투자업자가 공통으로 사용할 수 있는 표준투자권유 준칙을 제정할 수 있다. [시행일: 2026. 8. 4.]"
제50조제1항,[],CONCEPT,단서,,,,,단서
제51조,[],REGULATION,투자권유,금융투자업자,위탁,투자권유,PERMISSIVE,제51조(투자권유대행인의 등록 등) ① 금융투자업자는 다음 각 호의 요건을 모두 갖춘 자(개인 에 한한다)에게 투자권유(파생상품등에 대한 투자권유를 제외한다)를 위탁할 수 있다. 이 경 우
제42조,[],REGULATION,제42조 적용 제외,자,적용하지 않는다,제42조,MANDATORY,"제42조를 적용하지 아니한다. <개정 2008. 2. 29., 2009. 2. 3.> 1. 제3항에 따라 금융위원회에 등록된 자가 아닐 것 2. 금융투자상품에 관한 전문 지식이 있는 자로서 대통령령으로 정하는 자격을 갖출 것 법제처 30 국가법령정보센 터 자본시장과 금융투자업에 관한 법률 3."
제53조,[],REGULATION,등록,금융투자업자,등록,투자권유대행인,MANDATORY,"제53조제2항에 따라 등록이 취소된 경우 그 등록이 취소된 날부터 3년이 경과하였을 것 ② 제1항에 따라 투자권유를 위탁받은 자는 제3항에 따른 등록 전에는 투자권유를 하여서는 아니 된다. ③ 금융투자업자는 제1항에 따라 투자권유를 위탁한 경우에는 위탁받은 자를 금융위원회에 등록하여야 한다. 이 경우 금융위원회는 그 등록업무를 대통령령으로 정하는 바에 따라 협회 에 위탁할 수 있다.<개정 2008. 2. 29.> ④ 금융투자업자는 제3항에 따라 투자권유를 위탁받은 자를 등록하고자 하는 경우에는 금융 위원회(제3항 후단에 따라 협회에 위탁한 경우에는 협회를 말한다. 이하 이 조에서 같다)에 등록신청서를 제출하여야 한다.<개정 2008. 2. 29.> ⑤ 금융위원회는 제4항의 등록신청서를 접수한 경우에는 그 내용을 검토하여 2주 이내에 등 록 여부를 결정하고, 그 결과와 이유를 지체 없이 신청인에게 문서로 통지하여야 한다. 이 경 우 등록신청서에 흠결이 있는 때에는 보완을 요구할 수 있다.<개정 2008. 2. 29.> ⑥ 제5항의 검토기간을 산정함에 있어서 등록신청서 흠결의 보완기간 등 총리령으로 정하는 기간은 검토기간에 산입하지 아니한다.<개정 2008. 2. 29.> ⑦ 금융위원회는 제5항의 등록 여부를 결정함에 있어서 다음 각 호의 어느 하나에 해당하는 사유가 없는 한 등록을 거부하여서는 아니 된다.<개정 2008. 2. 29.> 1. 제1항의 요건을 갖추지 아니한 경우 2. 제4항의 등록신청서를 거짓으로 작성한 경우 3. 제5항 후단의 보완요구를 이행하지 아니한 경우 ⑧ 금융위원회는 제5항에 따라 등록을 결정한 경우 투자권유대행인등록부에 필요한 사항을 기재하여야 하며, 등록결정한 내용을 인터넷 홈페이지 등에 공고하여야 한다.<개정 2008. 2. 29.> ⑨ 제3항에 따라 등록된 자(이하 “투자권유대행인”이라 한다)는 등록 이후 그 영업을 영위함 에 있어서 제1항제2호의 요건을 유지하여야 한다. ⑩ 제3항부터 제8항까지의 규정에 따른 등록신청서의 기재사항ㆍ첨부서류 등 등록의 신청 에 관한 사항과 등록검토의 방법ㆍ절차, 그 밖에 등록에 관하여 필요한 사항은 대통령령으로 정한다."
제52조,[],REGULATION,투자권유대행인,금융투자업자,투자권유대행인 외의 자에게 투자권유를 대행하게 하여서는 아니 된다,투자권유,PROHIBITIVE,"제52조(투자권유대행인의 금지행위 등) ① 금융투자업자는 투자권유대행인 외의 자에게 투자권유를 대행하게 하여서는 아니 된다. ② 삭제<2020. 3. 24.> ③ 삭제<2020. 3. 24.> ④ 금융투자업자는 투자권유대행인이 투자권유를 대행함에 있어서 법령을 준수하고 건전한 거래질서를 해하는 일이 없도록 성실히 관리하여야 하며, 이를 위한 투자권유대행기준을 정 하여야 한다. ⑤ 삭제<2020. 3. 24.> ⑥"
제48조,[],,,,,,,
제54조,[],,,,,,,
제55조,[],,금융실명거래 및 비밀보장에 관한 법률,,,,,제55조 및 「금융실명거래 및 비밀보장에 관한 법률」
제4조,[],REGULATION,투자권유 대행인,투자권유 대행인,준용한다,투자권유,MANDATORY,제4조는 투자권유 대행인이 투자권유를 대행하는 경우에 준용한다.<개정 2020. 3. 24.>
제53조,"[None, None, 53, 1]",REGULATION,검사,투자권유대행인,검사받다,검사,MANDATORY,제53조(검사 및 조치) ① 투자권유대행인은 투자권유의 대행과 관련하여 그 업무와 재산상황에 관하여 금융감독원장의 검사를 받아야 한다. 이 경우
제419조제5항부터 제7항까지 및 제9항,[],REGULATION,등록 취소 및 정지,금융위원회,취소하거나 정지할 수 있다,투자권유대행인 등록,PERMISSIVE,"제419조제5항부터 제7항까지 및 제9항 법제처 31 국가법령정보센 터 자본시장과 금융투자업에 관한 법률 을 준용한다. ② 금융위원회는 투자권유대행인이 다음 각 호의 어느 하나에 해당하는 경우에는 금융투자 업자의 투자권유대행인 등록을 취소하거나 그 투자권유대행인에 대하여 6개월 이내의 투자 권유대행업무 정지를 할 수 있다.<개정 2008. 2. 29., 2020. 3. 24.> 1."
제51조제9항,[],PENALTY,등록요건 유지의무,,위반,등록요건 유지의무,MANDATORY,제51조제9항에 따른 등록요건 유지의무를 위반한 경우 2.
제52조제6항,[],,,,,,,
제54조,[],,,,,,,
제55조,[],,금융실명거래 및 비밀보장에 관한 법률,,,,,제55조 및 「금융실명거래 및 비밀보장에 관한 법률」
제4조제1항,"[None, None, 4, 1]",PENALTY,검사 거부,,거부,검사,PROHIBITIVE,"제4조제1항, 같 은 조 제3항부터 제5항까지의 규정을 준용하는 경우에 한한다)을 위반한 경우 3. 제1항 전단에 따른 검사를 거부ㆍ방해 또는 기피한 경우 4. 제1항 후단에서 준용하는"
제419조제5항,[],REGULATION,보고 등의 요구,,불응,보고 등의 요구,,제419조제5항에 따른 보고 등의 요구에 불응한 경우 5. 「금융소비자 보호에 관한 법률」
제51조제1항제3호~제5호,[],CONCEPT,금융소비자 보호에 관한 법률,,,금융소비자 보호에 관한 법률,,제51조제1항제3호부터 제5호까지의 어느 하나에 해당하는 경우 6. 「금융소비자 보호에 관한 법률」
제51조제2항,"[None, None, 51, 2]",REGULATION,투자권유대행인 등록 취소 및 정지,금융위원회,유지ㆍ관리,투자권유대행인 등록 취소 및 정지 내용,MANDATORY,"제51조제2항 각 호 외의 부분 본문 중 대통령령으로 정하는 경우(투자권유대행업무를 정지하는 경우로 한정한다) ③ 금융위원회는 제2항에 따라 투자권유대행인 등록을 취소하거나 투자권유대행업무를 정지한 경우에는 그 내용을 기록하고, 이를 유지ㆍ관리하여야 한다.<개정 2008. 2. 29.> ④ 금융위원회는 제2항에 따라 투자권유대행인 등록을 취소하거나 투자권유대행업무를 정지한 경우에는 그 사실을 인터넷 홈페이지 등에 공고하여야 한다.<개정 2008. 2. 29.> ⑤ 금융투자업자 또는 투자권유대행인(투자권유대행인이었던 자를 포함한다)은 금융위원회에 자기에 대한 제2항에 따른 조치 여부 및 그 내용을 조회할 수 있다.<개정 2008. 2. 29.> ⑥ 금융위원회는 제5항의 조회요청을 받은 경우에는 정당한 사유가 없는 한 조치 여부 및 그 내용을 그 조회 요청자에게 통보하여야 한다.<개정 2008. 2. 29.> ⑦"
제423조,[],REGULATION,투자권유대행인 등록 취소,제423조,준용,투자권유대행인 등록 취소,MANDATORY,"제423조(제2호를 제외한다)는 제2항에 따른 투자권유대행인 등록의 취소에 관하여 준용 하고,"
제425조,[],REGULATION,투자권유대행인 등록 취소 및 정지,투자권유대행인,취소 및 정지,등록 및 업무,MANDATORY,제425조는 제2항에 따른 투자권유대행인 등록의 취소 및 투자권유대행업무의 정지에 관하여 준용한다. 제3관 직무관련 정보의 이용 금지 등
제54조,[],REGULATION,직무관련 정보,금융투자업자,이용,정보,PROHIBITIVE,제54조(직무관련 정보의 이용 금지) ① 금융투자업자는 직무상 알게 된 정보로서 외부에 공개되지 않은 정보를 정당한 사유 없이 자기 또는 제삼자의 이익을 위하여 이용하여서는 아니 된 다. <개정 2020. 5. 19.> ② 금융투자업자 및 그 임직원은
제45조제1항 또는 제2항,[],REGULATION,정보교류 차단,본인,이용,정보,PROHIBITIVE,제45조제1항 또는 제2항에 따라 정보교류 차단의 대상이 되는 정보를 정당한 사유 없이 본인이 이용하거나 제삼자에게 이용하게 하여서는 아니 된다.
제55조,[],REGULATION,손실보전,금융투자업자,금지,금융투자상품의 매매,PROHIBITIVE,"제55조(손실보전 등의 금지) 금융투자업자는 금융투자상품의 매매, 그 밖의 거래와 관련하여"
제 103조제3항,"[103, 3]",REGULATION,보전·보장 행위 금지,금융투자업자,행위,보전·보장 행위,PROHIBITIVE,"제 103조제3항에 따라 손실의 보전 또는 이익의 보장을 하는 경우, 그 밖에 건전한 거래질서를 해할 우려가 없는 경우로서 정당한 사유가 있는 경우를 제외하고는 다음 각 호의 어느 하나에 해당하는 행위를 하여서는 아니 된다. 금융투자업자의 임직원이 자기의 계산으로 하는 경우에도 또한 같다. 1. 투자자가 입을 손실의 전부 또는 일부를 보전하여 줄 것을 사전에 약속하는 행위 법제처 32 국가법령정보센터 자본시장과 금융투자업에 관한 법률 2. 투자자가 입은 손실의 전부 또는 일부를 사후에 보전하여 주는 행위 3. 투자자에게 일정한 이익을 보장할 것을 사전에 약속하는 행위 4. 투자자에게 일정한 이익을 사후에 제공하는 행위"
제56조,[],REGULATION,약관 제정·변경 보고·공시,금융투자업자,보고,약관,MANDATORY,"제56조(약관) ① 금융투자업자는 금융투자업의 영위와 관련하여 약관을 제정 또는 변경하는 경 우에는 약관의 제정 또는 변경 후 7일 이내에 금융위원회 및 협회에 보고하여야 한다. 다만, 투자자의 권리나 의무에 중대한 영향을 미칠 우려가 있는 경우로서 대통령령으로 정하는 경 우에는 약관의 제정 또는 변경 전에 미리 금융위원회에 신고하여야 한다. <개정 2018. 12. 31.> ② 금융투자업자는 약관을 제정 또는 변경한 경우에는 인터넷 홈페이지 등을 이용하여 공시 하여야 한다. ③ 협회는 건전한 거래질서를 확립하고 불공정한 내용의 약관이 통용되는 것을 방지하기 위 하여 금융투자업 영위와 관련하여 표준이 되는 약관(이하 이 조에서 “표준약관”이라 한다)을 제정할 수 있다. ④ 협회는 표준약관을 제정 또는 변경하고자 하는 경우에는 미리 금융위원회에 신고하여야 한다. 다만, 전문투자자만을 대상으로 하는 표준약관을 제정 또는 변경하는 경우에는 그 표준약관을 제정 또는 변경한 후 7일 이내에 금융위원회에 보고하여야 한다.<개정 2008. 2. 29.> ⑤ 금융위원회는 제1항 단서 또는 제4항 본문에 따른 신고를 받은 경우 그 내용을 검토하여 이 법에 적합하면 신고를 수리하여야 한다.<신설 2018. 12. 31.> ⑥ 제1항에 따라 약관을 신고 또는 보고받거나 제4항에 따라 표준약관을 신고 또는 보고받 은 금융위원회는 그 약관 또는 표준약관을 공정거래위원회에 통보하여야 한다. 이 경우 공정 거래위원회는 통보받은 약관 또는 표준약관이 「약관의 규제에 관한 법률」"
Unknown,[],REGULATION,Unknown,,,,,제6조부터
제 14조,[],REGULATION,금융위원회,금융위원회,요청,시정,MANDATORY,"제 14조까지의 규정에 위반된 사실이 있다고 인정될 때에는 금융위원회에 그 사실을 통보하고 그 시정에 필요한 조치를 취하도록 요청할 수 있으며, 금융위원회는 특별한 사유가 없는 한 이에 응하여야 한다.<개정 2008. 2. 29., 2018. 12. 31.> ⑦ 금융위원회는 약관 또는 표준약관이 이 법 또는 금융과 관련되는 법령에 위반되거나 그 밖에 투자자의 이익을 침해할 우려가 있다고 인정되는 경우에는 금융투자업자 또는 협회에 그 내용을 구체적으로 기재한 서면에 의하여 약관 또는 표준약관을 변경할 것을 명할 수 있 다.<개정 2008. 2. 29., 2018. 12. 31.>"
제57조,[],,,,,,,제57조 삭제 <2020. 3. 24.>
제58조,"[0, 0, 58, 0]",REGULATION,수수료 부과기준 및 절차,금융투자업자,정하고 공시하여야 한다,수수료 부과기준 및 절차,MANDATORY,"제58조(수수료) ① 금융투자업자는 투자자로부터 받는 수수료의 부과기준 및 절차에 관한 사항 을 정하고, 인터넷 홈페이지 등을 이용하여 공시하여야 한다. ② 금융투자업자는 제1항에 따른 수수료 부과기준을 정함에 있어서 투자자를 정당한 사유 없이 차별하여서는 아니 된다. ③ 금융투자업자는 제1항에 따른 수수료 부과기준 및 절차에 관한 사항을 협회에 통보하여야 한다. ④ 협회는 제3항에 따라 통보받은 사항을 금융투자업자별로 비교하여 공시하여야 한다."
제59조,[],,,,,,,제59조 삭제 <2020. 3. 24.> 법제처 33 국가법령정보센터 자본시장과 금융투자업에 관한 법률
제60조,"[0, 0, 60, 0]",REGULATION,자료 기록 및 유지,금융투자업자,기록ㆍ유지 및 수립ㆍ시행,자료,MANDATORY,제60조(자료의 기록ㆍ유지) ① 금융투자업자는 금융투자업 영위와 관련한 자료를 대통령령으로 정하는 자료의 종류별로 대통령령으로 정하는 기간 동안 기록ㆍ유지하여야 한다. ② 금융투자업자는 제1항에 따라 기록ㆍ유지하여야 하는 자료가 멸실되거나 위조 또는 변조 가 되지 아니하도록 적절한 대책을 수립ㆍ시행하여야 한다.
제61조,[],REGULATION,소유증권의 예탁,금융투자업자,예탁,증권,MANDATORY,"제61조(소유증권의 예탁) ①금융투자업자(겸영금융투자업자를 제외한다. 이하 이 조에서 같다 )는 그 고유재산을 운용함에 따라 소유하게 되는 증권(대통령령으로 정하는 것을 포함한다)을 예탁결제원에 지체 없이 예탁하여야 한다. 다만, 해당 증권의 유통 가능성, 다른 법령에 따른 유통방법이 있는지 여부, 예탁의 실행 가능성 등을 고려하여 대통령령으로 정하는 경우에는 예탁결제원에 예탁하지 아니할 수 있다. <개정 2013. 5. 28.> ② 금융투자업자가 제1항 본문에 따라 외화증권(「외국환거래법」"
제3조제1항제8호,[],DEFINITION,외화증권,,말한다,외화증권,DEFINITIONAL,제3조제1항제8호의 외화증 권을 말한다. 이하 같다)을 예탁결제원에 예탁하는 경우에는 대통령령으로 정하는 방법에 따 라 예탁하여야 한다.<신설 2013. 5. 28.>
Unknown,[],REGULATION,Unknown,,,,,"제62조(금융투자업 폐지 공고 등) ① 금융투자업자는 금융투자업 또는 지점, 그 밖의 영업소의 영업을 폐지하고자 하는 경우에는 그 뜻을 폐지 30일 전에 전국을 보급지역으로 하는 둘 이 상의 일간신문에 공고하여야 하며, 알고 있는 채권자에게는 각각 통지하여야 한다. ② 금융투자업자는 다음 각 호의 어느 하나에 해당하는 경우에는 그 금융투자업자가 행한 금 융투자상품의 매매, 그 밖의 거래를 종결시켜야 한다. 이 경우 그 금융투자업자는 그 매매, 그 밖의 거래를 종결시키는 범위에서 금융투자업자로 본다. 1."
제417조제1항제6호,[],PROCEDURE,금융투자업 폐지의 승인,금융투자업,받은,금융투자업 폐지의 승인,,제417조제1항제6호에 따라 금융투자업 폐지의 승인을 받은 경우 2.
제417조제1항제7호,"[417, 1, 7]",REGULATION,금융투자업 폐지,금융투자업자,받다,승인,,제417조제1항제7호에 따라 금융투자업 폐지의 승인을 받은 경우 3.
제420조제1항,[],,,,,,,제420조제1항 또는
제421조제1항,"[None, None, 421, 1]",CONCEPT,금융투자업인가 또는 금융투자업등록 취소,금융투자업등록,취소,,DEFINITIONAL,제421조제1항(같은 조 제4항에서 준용하는 경우를 포함한다)에 따라 금융투자업인가 또는 금융투자업등록이 취소된 경우
제63조,[],REGULATION,임직원 금융투자상품 매매,임직원,매매할 것,금융투자상품,MANDATORY,"제63조(임직원의 금융투자상품 매매) ① 금융투자업자의 임직원(겸영금융투자업자 중 대통령령 으로 정하는 금융투자업자의 경우에는 금융투자업의 직무를 수행하는 임직원에 한한다. 이하 이 조에서 같다)은 자기의 계산으로 대통령령으로 정하는 금융투자상품을 매매하는 경우에는 다음 각 호의 방법에 따라야 한다. 1. 자기의 명의로 매매할 것 2. 투자중개업자 중 하나의 회사(투자중개업자의 임직원의 경우에는 그가 소속된 투자중개업 자에 한하되, 그 투자중개업자가 그 임직원이 매매하려는 금융투자상품을 취급하지 아니하 는 경우에는 다른 투자중개업자를 이용할 수 있다)를 선택하여 하나의 계좌를 통하여 매매 할 것. 다만, 금융투자상품의 종류, 계좌의 성격 등을 고려하여 대통령령으로 정하는 경우 에는 둘 이상의 회사 또는 둘 이상의 계좌를 통하여 매매할 수 있다. 3. 매매명세를 분기별(투자권유자문인력,"
제286조제1항제3호나목,"[286, 1, 3, 2]",REGULATION,불공정행위 방지,금융투자업자,정하다,기준 및 절차,MANDATORY,제286조제1항제3호나목의 조사분석인력 및 투자운 용인력의 경우에는 월별로 한다. 이하 이 조에서 같다)로 소속 금융투자업자에게 통지할 것 4. 그 밖에 불공정행위의 방지 또는 투자자와의 이해상충의 방지를 위하여 대통령령으로 정 하는 방법 및 절차를 준수할 것 ② 금융투자업자는 그 임직원의 자기계산에 의한 금융투자상품 매매와 관련하여 불공정행위 의 방지 또는 투자자와의 이해상충의 방지를 위하여 그 금융투자업자의 임직원이 따라야 할 적절한 기준 및 절차를 정하여야 한다. 법제처 34 국가법령정보센 터 자본시장과 금융투자업에 관한 법률 ③ 금융투자업자는 분기별로 임직원의 금융투자상품의 매매명세를 제2항의 기준 및 절차에 따라 확인하여야 한다.
제63조의2,[],REGULATION,고객응대직원 보호 조치,금융투자업자,조치,고객응대직원,MANDATORY,"제63조의2(고객응대직원에 대한 보호 조치 의무) ① 금융투자업자는 고객을 직접 응대하는 직 원(이하 “고객응대직원”이라 한다)을 고객의 폭언이나 성희롱, 폭행 등으로부터 보호하기 위 하여 다음 각 호의 조치를 하여야 한다. 1. 고객응대직원이 요청하는 경우 해당 고객으로부터의 분리 및 업무담당자 교체 2. 고객응대직원에 대한 치료 및 상담 지원 3. 고객응대직원을 위한 상시적 고충처리 기구 설치 또는 「근로자참여 및 협력증진에 관한 법률」"
제26조,[],REGULATION,고충처리위원,고충처리위원,선임,고객응대직원,MANDATORY,제26조에 따라 고충처리위원을 두는 경우에는 고객응대직원을 위한 고충처리위원 의 선임 또는 위촉 4. 그 밖에 고객응대직원의 보호를 위하여 필요한 법적 조치 등 대통령령으로 정하는 조치 ② 고객응대직원은 금융투자업자에 대하여 제1항 각 호의 조치를 요구할 수 있다. ③ 금융투자업자는 제2항에 따른 요구를 이유로 고객응대직원에게 불이익을 주어서는 아니 된다. [본조신설 2016. 3. 29.]
제64조,[],REGULATION,손해배상책임,금융투자업자,지다,손해배상책임,MANDATORY,제64조(손해배상책임) ① 금융투자업자는 법령ㆍ약관ㆍ집합투자규약ㆍ투자설명서(
제123조제 1항,"[123, 1, None, None]",REGULATION,배상 책임,금융 투자업자,배상할 책임이 있다,손해,MANDATORY,"제123조제 1항에 따른 투자설명서를 말한다)에 위반하는 행위를 하거나 그 업무를 소홀히 하여 투자자 에게 손해를 발생시킨 경우에는 그 손해를 배상할 책임이 있다. 다만, 배상의 책임을 질 금융 투자업자가"
제37조제2항,[],,,,,,,
제44조,[],,,,,,,
제45조,[],,,,,,,"제45조,"
제71조,[],,,,,,,제71조 또는
Unknown,[],REGULATION,Unknown,,,,,"제85조를 위반한 경우(투자매매업 또 는 투자중개업과 집합투자업을 함께 영위함에 따라 발생하는 이해상충과 관련된 경우에 한한 다)로서 그 금융투자업자가 상당한 주의를 하였음을 증명하거나 투자자가 금융투자상품의 매 매, 그 밖의 거래를 할 때에 그 사실을 안 경우에는 배상의 책임을 지지 아니한다. ② 금융투자업자가 제1항에 따른 손해배상책임을 지는 경우로서 관련되는 임원에게도 귀책 사유(歸責事由)가 있는 경우에는 그 금융투자업자와 관련되는 임원이 연대하여 그 손해를 배 상할 책임이 있다."
제65조,[],REGULATION,외국 금융투자업자,외국 금융투자업자,적용함,법,MANDATORY,"제65조(외국 금융투자업자의 특례) ① 외국 금융투자업자의 지점, 그 밖의 영업소(이하 이 조에 서 “국내지점등”이라 한다)에 대하여 이 법을 적용함에 있어서 대통령령으로 정하는 영업기금 은 이를 자본금으로 보고, 자본금ㆍ적립금 및 이월이익잉여금의 합계액은 이를 자기자본으로 보며, 국내대표자는 임원으로 본다. <개정 2009. 2. 3.> ② 국내지점등은 제1항의 영업기금과 부채의 합계액에 상당하는 자산을 대통령령으로 정하 는 방법으로 국내에 두어야 한다.<개정 2009. 2. 3.> ③ 국내지점등이 청산 또는 파산하는 경우 그 국내에 두는 자산은 국내에 주소 또는 거소가 있는 자에 대한 채무의 변제에 우선 충당하여야 한다.<개정 2009. 2. 3.> ④ 금융위원회는 다음 각 호의 요건을 모두 충족하는 국내지점등의 대표자의 직무를 일시 대 행할 자(이하 이 항에서 “직무대행자”라 한다)를 지정하여야 하며, 그 국내지점등은 그 사실 을 소재지에서 등기하여야 한다. 이 경우 금융위원회는 직무대행자에게 적정한 보수를 지급 할 것을 그 국내지점등에 명할 수 있다.<신설 2009. 2. 3.> 1. 국내지점등의 대표자가 없거나 대표자가 그 직무를 수행할 수 없음에도 불구하고 대표자 를 새로 선임하지 아니하거나 직무대행자를 지정하지 아니하는 경우로서 국내지점등과 이 법제처 35 국가법령정보센 터 자본시장과 금융투자업에 관한 법률 해관계가 있는 자가 금융위원회에 직무대행자의 선임을 요구할 것 2. 금융위원회가 제1호의 요구에 따라 그 국내지점등에 대하여 10일 이내에 대표자 또는 직무대행자를 선임하거나 지정할 것을 요청할 것 3. 제2호의 요청을 받은 국내지점등이 제2호에 따른 기간 이내에 대표자 또는 직무대행자를 선임하거나 지정하지 아니할 것 ⑤ 제1항부터 제4항까지에 규정된 사항 외에 결산에 관한 사항 등 국내지점등의 금융투자업 의 영위에 관하여 필요한 사항은 대통령령으로 정한다.<개정 2009. 2. 3.> 제2절 금융투자업자별 영업행위 규칙 제1관 투자매매업자 및 투자중개업자의 영업행위 규칙"
제66조,"[None, None, 66, None]",REGULATION,투자매매업자/투자중개업자,투자매매업자,밝히다,투자자,MANDATORY,투자매매업자 또는 투자중개업자는 투자자로부터 금융투자상품의 매 매에 관한 청약 또는 주문을 받는 경우에는 사전에 그 투자자에게 자기가 투자매매업자인지 투자중개업자인지를 밝혀야 한다.
제67조,[],REGULATION,자기계약 금지,투자매매업자,되다,투자중개업자,PROHIBITIVE,"제67조(자기계약의 금지) 투자매매업자 또는 투자중개업자는 금융투자상품에 관한 같은 매매에 있어 자신이 본인이 됨과 동시에 상대방의 투자중개업자가 되어서는 아니 된다. 다만, 다음 각 호의 어느 하나에 해당하는 경우에는 그러하지 아니하다. <개정 2013. 5. 28.> 1. 투자매매업자 또는 투자중개업자가 증권시장 또는 파생상품시장을 통하여 매매가 이루어 지도록 한 경우 2. 그 밖에 투자자 보호 및 건전한 거래질서를 해할 우려가 없는 경우로서 대통령령으로 정 하는 경우"
제68조(최선집행의무),[],REGULATION,최선집행의무,투자매매업자,집행,최선집행기준,MANDATORY,"제68조(최선집행의무) ① 투자매매업자 또는 투자중개업자는 금융투자상품의 매매(대통령령으 로 정하는 거래는 제외한다. 이하 이 조에서 같다)에 관한 투자자의 청약 또는 주문을 처리하 기 위하여 대통령령으로 정하는 바에 따라 최선의 거래조건으로 집행하기 위한 기준(이하 이 조에서 “최선집행기준”이라 한다)을 마련하고 이를 공표하여야 한다. ② 투자매매업자 또는 투자중개업자는 최선집행기준에 따라 금융투자상품의 매매에 관한 청 약 또는 주문을 집행하여야 한다. ③ 투자매매업자 또는 투자중개업자는 대통령령으로 정하는 기간마다 최선집행기준의 내용 을 점검하여야 한다. 이 경우 최선집행기준의 내용이 제2항에 따른 청약 또는 주문을 집행하 기에 적합하지 아니한 것으로 인정되는 때에는 이를 변경하고, 그 변경 사실을 공표하여야 한다. ④ 투자매매업자 또는 투자중개업자는 금융투자상품의 매매에 관한 청약 또는 주문을 받는 경우에는 미리 문서, 전자문서, 그 밖에 대통령령으로 정하는 방법으로 최선집행기준을 기재 또는 표시한 설명서를 투자자에게 교부하여야 한다. 다만, 이미 해당 설명서(제3항에 따라 최 선집행기준을 변경한 경우에는 변경한 내용이 기재 또는 표시된 설명서를 말한다)를 교부한 경우에는 그러하지 아니하다. ⑤ 제1항에 따른 최선의 거래조건의 구체적인 내용, 최선집행기준의 공표의 방법과 제2항에 따른 청약ㆍ주문의 집행 방법 및 제3항에 따른 최선집행기준의 점검ㆍ변경 및 변경 사실의 공표 방법 등에 관하여 필요한 사항은 대통령령으로 정한다. 법제처 36 국가법령정보센 터 자본시장과 금융투자업에 관한 법률 [전문개정 2013. 5. 28.]"
Unknown,[],REGULATION,Unknown,,,,,제69조(자기주식의 예외적 취득) 투자매매업자는 투자자로부터 그 투자매매업자가 발행한 자기 주식으로서 증권시장(다자간매매체결회사에서의 거래를 포함한다. 이하 이 조에서 같다)의 매매 수량단위 미만의 주식에 대하여 매도의 청약을 받은 경우에는 이를 증권시장 밖에서 취 득할 수 있다. 이 경우 취득한 자기주식은 대통령령으로 정하는 기간 이내에 처분하여야 한다 . <개정 2013. 5. 28.>
제70조,[],REGULATION,임의매매,투자매매업자,매매,금융 투자상품,PROHIBITIVE,투자매매업자 또는 투자중개업자는 투자자나 그 대리인으로부터 금융 투자상품의 매매의 청약 또는 주문을 받지 아니하고는 투자자로부터 예탁받은 재산으로 금융 투자상품의 매매를 하여서는 아니 된다.
제71조(불건전 영업행위의 금지),"[None, None, 71, None]",REGULATION,불건전 영업행위 금지,투자매매업자,금지,불건전 영업행위,PROHIBITIVE,"제71조(불건전 영업행위의 금지) 투자매매업자 또는 투자중개업자는 다음 각 호의 어느 하나에 해당하는 행위를 하여서는 아니 된다. 다만, 투자자 보호 및 건전한 거래질서를 해할 우려가 없는 경우로서 대통령령으로 정하는 경우에는 이를 할 수 있다. <개정 2009. 2. 3., 2013. 5. 28.> 1. 투자자로부터 금융투자상품의 가격에 중대한 영향을 미칠 수 있는 매수 또는 매도의 청약 이나 주문을 받거나 받게 될 가능성이 큰 경우 이를 체결시키기 전에 그 금융투자상품을 자기의 계산으로 매수 또는 매도하거나 제삼자에게 매수 또는 매도를 권유하는 행위 2. 특정 금융투자상품의 가치에 대한 주장이나 예측을 담고 있는 자료(이하 “조사분석자료 ”라 한다)를 투자자에게 공표함에 있어서 그 조사분석자료의 내용이 사실상 확정된 때부터 공표 후 24시간이 경과하기 전까지 그 조사분석자료의 대상이 된 금융투자상품을 자기의 계산으로 매매하는 행위 3. 조사분석자료 작성을 담당하는 자에 대하여 대통령령으로 정하는 기업금융업무와 연동된 성과보수를 지급하는 행위 4. 다음 각 목의 어느 하나에 해당하는 증권의 모집 또는 매출과 관련한 계약을 체결한 날부 터 그 증권이 증권시장에 최초로 상장된 후 대통령령으로 정하는 기간 이내에 그 증권에 대한 조사분석자료를 공표하거나 특정인에게 제공하는 행위 가. 주권 나. 대통령령으로 정하는 주권 관련 사채권 다. 가목 또는 나목과 관련된 증권예탁증권 5. 투자권유대행인 및 투자권유자문인력이 아닌 자에게 투자권유를 하게 하는 행위 6. 투자자로부터 금융투자상품에 대한 투자판단의 전부 또는 일부를 일임받아 투자자별로 구분하여 금융투자상품을 취득ㆍ처분, 그 밖의 방법으로 운용하는 행위. 다만, 투자일임업 으로서 행하는 경우와"
제7조제4항,[],REGULATION,행위,제7조제4항에 해당하는 경우,할 수 있다,행위,PERMISSIVE,제7조제4항에 해당하는 경우에는 이를 할 수 있다. 7. 그 밖에 투자자 보호 또는 건전한 거래질서를 해할 우려가 있는 행위로서 대통령령으로 정하는 행위
제72조(신용공여),[],REGULATION,신용공여,투자매매업자,공여,투자자,PERMISSIVE,"제72조(신용공여) ① 투자매매업자 또는 투자중개업자는 증권과 관련하여 금전의 융자 또는 증권의 대여의 방법으로 투자자에게 신용을 공여할 수 있다. 다만, 투자매매업자는 증권의 인수 일부터 3개월 이내에 투자자에게 그 증권을 매수하게 하기 위하여 그 투자자에게 금전의 융자, 그 밖의 신용공여를 하여서는 아니 된다. 법제처 37 국가법령정보센터 자본시장과 금융투자업에 관한 법률 ② 제1항에 따른 신용공여의 기준 및 방법에 관하여 필요한 사항은 대통령령으로 정한다."
제73조,[],REGULATION,통지,투자매매업자,통지,투자자,MANDATORY,제73조(매매명세의 통지) 투자매매업자 또는 투자중개업자는 금융투자상품의 매매가 체결된 경 우에는 그 명세를 대통령령으로 정하는 방법에 따라 투자자에게 통지하여야 한다.
제74조,"[None, None, 74, None]",REGULATION,투자자예탁금,투자매매업자,예치,투자자예탁금,MANDATORY,"제74조(투자자예탁금의 별도예치) ① 투자매매업자 또는 투자중개업자는 투자자예탁금(투자자 로부터 금융투자상품의 매매, 그 밖의 거래와 관련하여 예탁받은 금전을 말한다. 이하 같다 )을 고유재산과 구분하여 증권금융회사에 예치(預置) 또는 신탁하여야 한다. ② 겸영금융투자업자 중 대통령령으로 정하는 투자매매업자 또는 투자중개업자는 제1항에 불구하고 투자자예탁금을 제1항에 따른 예치 또는 신탁 외에 신탁업자(증권금융회사를 제외 한다. 이하 이 조에서 같다)에게 신탁할 수 있다. 이 경우 그 투자매매업자 또는 투자중개업 자가 신탁업을 영위하는 경우에는 「신탁법」"
제3조제1항,[],REGULATION,자기계약,,할 수 있다,,PERMISSIVE,제3조제1항에 불구하고 자기계약을 할 수 있다.
제6조제1항제1호,[],REGULATION,금융투자업 전부 양도,금융투자업 전부,양도,승인,,제6조제1항제1호 및 제2호의 금융투자업 전부 양도가 승인된 경우 5.
제6조,[],REGULATION,금융투자업 전부 폐지,금융투자업 전부 폐지,승인,,,제6조제1항제1호 및 제2호의 금융투자업 전부 폐지가 승인된 경우 6.
제6조,[],REGULATION,정지명령,금융위원회,통지,예금보험공사,MANDATORY,"제6조제1항제1호 및 제2호의 금융투자업 전부의 정지명령을 받은 경우 7. 그 밖에 제1호부터 제6호까지의 사유에 준하는 사유가 발생한 경우 ⑥ 금융위원회는 제5항 각 호의 어느 하나에 해당하는 사유가 발생한 경우 그 사실을 해당 예치금융투자업자, 예치기관 및 「예금자보호법」에 따른 예금보험공사(이하 “예금보험공사 ”라 한다)에 즉시 통지하여야 한다.<신설 2021. 6. 8.> ⑦ 제6항에 따라 통지를 받은 예치기관은 투자자예탁금 별도예치 관련 정보를 예금보험공사 에 제공하여야 하고, 그 통지를 받은 날부터 2개월 이내에 투자자예탁금의 지급시기ㆍ지급 장소, 그 밖에 투자자예탁금의 지급과 관련된 사항을 둘 이상의 일간신문과 인터넷 홈페이지 등을 이용하여 공고하여야 한다. 다만, 예치기관은 불가피한 사유가 발생하여 그 기간 내에 공고를 할 수 없는 경우에는 금융위원회의 확인을 받아 1개월의 범위에서 그 기간을 연장할 수 있다.<신설 2021. 6. 8.> 법제처 38 국가법령정보센 터 자본시장과 금융투자업에 관한 법률 ⑧ 예치기관은 제5항에 따른 투자자예탁금을 지급할 때 투자자가 「예금자보호법」"
제21조의 2제1항,[],REGULATION,투자자예탁금,예치금융투자업자,보류,지급,PERMISSIVE,제21조의 2제1항에 따른 부실관련자에 해당하거나 부실관련자와 대통령령으로 정하는 특수관계에 있는 경우에는 그 투자자예탁금에 대하여 대통령령으로 정하는 바에 따라 제7항에 따른 투자자예탁금의 지급시기 등의 공고일부터 6개월의 범위에서 그 지급을 보류할 수 있다.<신설 2021. 6. 8.> ⑨ 예치금융투자업자는 제5항 각 호의 어느 하나에 해당하는 사유가 발생한 경우 「금융실명 거래 및 비밀보장에 관한 법률」
제4조제1항,"[None, None, 4, 1]",CONCEPT,신용정보의 이용 및 보호에 관한 법률,,,,,제4조제1항 및 「신용정보의 이용 및 보호에 관한 법률」
Unknown,[],REGULATION,Unknown,,,,,제 32조ㆍ
제33조,[],CONCEPT,금융실명거래 및 비밀보장에 관한 법률,,,,,제33조에도 불구하고 「금융실명거래 및 비밀보장에 관한 법률」
제4조,[],REGULATION,금융거래의 내용에 대한 정보 또는 자료,금융거래,,신용정보의 이용 및 보호에 관한 법률,,제4조에 따른 금융거래의 내용에 대한 정보 또는 자료 및 「신용정보의 이용 및 보호에 관한 법률」
Unknown,[],REGULATION,Unknown,,,,,"제32조제1항 에 따른 개인신용정보를 다음 각 호의 사항에 관하여 금융위원회가 정하는 방법과 절차에 따 라 예치기관에 투자자예탁금 지급에 이용하게 할 목적으로 제공할 수 있다.<신설 2021. 6. 8.> 1. 제공할 수 있는 정보의 범위 2. 투자자정보의 암호화 등 처리방법 3. 투자자정보의 분리 보관 4. 투자자정보의 이용기간 및 이용목적 5. 이용기간 경과 시 투자자정보의 삭제 6. 그 밖에 투자자정보의 엄격한 관리를 위하여 대통령령으로 정하는 사항 ⑩ 제5항에 따라 예치기관이 투자자예탁금을 투자자에게 직접 지급한 경우 예치금융투자업 자에 대한 예치기관의 투자자예탁금 지급채무와 투자자에 대한 예치금융투자업자의 투자자 예탁금 지급채무는 그 범위에서 각각 소멸한 것으로 본다.<신설 2021. 6. 8.> ⑪ 예치기관은 그 예치기관이 제5항 각 호의 어느 하나에 해당하게 된 경우에는 예치금융투 자업자에게 예치 또는 신탁받은 투자자예탁금을 우선하여 지급하여야 한다.<개정 2021. 6. 8.> ⑫ 예치기관은 다음 각 호의 어느 하나에 해당하는 방법으로 투자자예탁금을 운용하여야 한 다.<개정 2021. 6. 8.> 1. 국채증권 또는 지방채증권의 매수 2. 정부ㆍ지방자치단체 또는 대통령령으로 정하는 금융기관이 지급을 보증한 채무증권의 매 수 3. 그 밖에 투자자예탁금의 안정적 운용을 해할 우려가 없는 것으로서 대통령령으로 정하는 방법 ⑬ 제1항 또는 제2항에 따라 투자매매업자 또는 투자중개업자가 예치기관에 예치 또는 신탁 하여야 하는 투자자예탁금의 범위, 예치 또는 신탁의 비율, 예치 또는 신탁한 투자자예탁금 의 인출, 예치기관의 투자자예탁금 관리, 그 밖에 투자자예탁금의 예치 또는 신탁에 관하여 필요한 사항은 대통령령으로 정한다. 이 경우 예치 또는 신탁의 비율은 투자매매업자 또는 투자중개업자의 재무상황 등을 고려하여 인가받은 투자매매업자 또는 투자중개업자별로 달 리 정할 수 있다.<개정 2021. 6. 8.>"
제75조,[],REGULATION,예탁,투자매매업자 또는 투자중개업자,예탁,증권,MANDATORY,"제75조(투자자 예탁증권의 예탁) ①투자매매업자 또는 투자중개업자는 금융투자상품의 매매, 그 밖의 거래에 따라 보관하게 되는 투자자 소유의 증권(대통령령으로 정하는 것을 포함한다 )을 예탁결제원에 지체 없이 예탁하여야 한다. 다만, 해당 증권의 유통 가능성, 다른 법령에 따른 유통방법이 있는지 여부, 예탁의 실행 가능성 등을 고려하여 대통령령으로 정하는 경우에는 예탁결제원에 예탁하지 아니할 수 있다. <개정 2013. 5. 28.> 법제처 39 국가법령정보센터 자본시장과 금융투자업에 관한 법률 ② 투자매매업자 또는 투자중개업자가 제1항 본문에 따라 외화증권을 예탁결제원에 예탁하는 경우에는 대통령령으로 정하는 방법에 따라 예탁하여야 한다.<신설 2013. 5. 28.>"
제76조,[],REGULATION,집합투자증권 판매,,판매,집합투자증권,,제76조(집합투자증권 판매 등에 관한 특례) ① 투자매매업자 또는 투자중개업자는 집합투자증 권을 판매하는 경우 투자자가 집합투자증권의 취득을 위하여 금전등을 납입한 후 최초로 산 정되는 기준가격(
제238조제6항,"[None, None, 238, 6]",REGULATION,기준가격,투자매매업자,판매,기준가격,MANDATORY,"제238조제6항에 따른 기준가격을 말한다. 이하 같다)으로 판매하여야 한다. 다만, 투자자의 이익을 해할 우려가 없는 경우로서 대통령령으로 정하는 경우에는 대통령령 으로 정하는 기준가격으로 판매하여야 한다. ② 투자매매업자 또는 투자중개업자는"
제92조제1항,[],,,,,,,제92조제1항(
제186조제2항,[],REGULATION,집합투자증권 판매 금지,,판매,집합투자증권,PROHIBITIVE,"제186조제2항에서 준용하는 경우를 포 함한다)에 따른 통지를 받은 경우에는 해당 집합투자증권을 판매하여서는 아니 된다. 다만,"
제92조제2항,[],,,,,,,
제186조제2항,[],REGULATION,판매 재시작,투자매매업자 또는 투자중개업자,다시 시작,판매,PERMISSIVE,제186조제2항에서 준용하는 경우를 포함한다)에 따른 통지를 받은 경우에는 판매를 다시 시작할 수 있다. ③ 투자매매업자 또는 투자중개업자는 집합투자기구가
제182조,[],REGULATION,판매 및 광고 금지,투자매매업자,판매,집합투자증권,PROHIBITIVE,"제182조에 따라 등록되기 전에는 해 당 집합투자증권을 판매하거나 판매를 위한 광고를 하여서는 아니 된다. 다만, 투자자의 이 익을 해할 우려가 없는 경우로서 대통령령으로 정하는 경우에는 판매를 위한 광고를 할 수 있다. ④ 투자매매업자 또는 투자중개업자는 집합투자증권의 판매와 관련하여 판매수수료(집합투자증권을 판매하는 행위에 대한 대가로 투자자로부터 직접 받는 금전을 말한다. 이하 같다) 및 판매보수(집합투자증권을 판매한 투자매매업자, 투자중개업자가 투자자에게 지속적으로 제공하는 용역의 대가로 집합투자기구로부터 받는 금전을 말한다. 이하 같다)를 받는 경우 집합투자기구의 운용실적에 연동(連동)하여 판매수수료 또는 판매보수를 받아서는 아니"
제77조,[],REGULATION,투자성 있는 예금계약,은행,체결,계약,,"제77조(투자성 있는 예금ㆍ보험에 대한 특례) ① 은행이 투자성 있는 예금계약, 그 밖에 이에 준 하는 것으로서 대통령령으로 정하는 계약을 체결하는 경우에는"
제12조,[],REGULATION,금융투자업인가,투자매매업에 관한 금융투자업인가,받다,금융투자업인가,DEFINITIONAL,제12조에 따라 투자매매업에 관한 금융투자업인가를 받은 것으로 본다. 이 경우
제15조,[],,,,,,,
Unknown,[],REGULATION,Unknown,,,,,제39조부터
Unknown,[],REGULATION,Unknown,,,,,"제45조까지,"
Unknown,[],REGULATION,Unknown,,,,,"제56조,"
제58조,[],,,,,,,"제58조,"
제61조,[],,,,,,,
제65조,[],REGULATION,적용,보험회사,적용,외화예금계약,PROHIBITIVE,"제65조까지 및 제2편제2장ㆍ제3장ㆍ제4장제2절제1관을 적용하지 아니 하며, 제3편제1장은 투자성 있는 외화예금계약을 체결하는 경우에 대하여는 적용하지 아니한 다. <개정 2013. 5. 28., 2020. 3. 24.> ② 보험회사(「보험업법」"
제2조제8호부터 제10호까지,[],REGULATION,투자성 있는 보험 계약,자,체결,보험 계약,,제2조제8호부터 제10호까지의 자를 포함한다)가 투자성 있는 보험 계약을 체결하거나 그 중개 또는 대리를 하는 경우에는
제12조,[],DEFINITION,금융투자업인가,,받은,금융투자업인가,DEFINITIONAL,제12조에 따라 투자매매업 또는 투자중개업에 관한 금융투자업인가를 받은 것으로 본다. 이 경우
제15조,[],,,,,,,
제39조,[],,,,,,,
"제45조까 지,",[],,,,,,,"제45조까 지,"
Unknown,[],REGULATION,Unknown,,,,,제51조부터
제53조,[],,,,,,,
제56조,[],,,,,,,
제58조,[],,,,,,,
제61조,[],,,,,,,
제65조,[],REGULATION,적용제외,,적용하지 않는다,"제2편제2장, 제3장, 제4장제2절제1관, 제3편제1장",PROHIBITIVE,"제65조까지, 제2편제2장ㆍ제3장ㆍ 제4장제2절제1관 및 제3편제1장을 적용하지 아니한다.<개정 2020. 3. 24.> 법제처 40 국가법령정보센 터 자본시장과 금융투자업에 관한 법률"
제77조의2,"[0, 0, 77, 2]",REGULATION,종합금융투자사업자 지정,금융위원회,지정할 수 있다,종합금융투자사업자,PERMISSIVE,"제77조의2(종합금융투자사업자의 지정 등) ① 금융위원회는 투자매매업자 또는 투자중개업자 로서 다음 각 호의 기준을 모두 충족하는 자를 종합금융투자사업자로 지정할 수 있다. 1. 「상법」에 따른 주식회사일 것 2. 증권에 관한 인수업을 영위할 것 3. 3조원 이상으로서 대통령령으로 정하는 금액 이상의 자기자본을 갖출 것 4. 그 밖에 해당 투자매매업자 또는 투자중개업자의 신용공여 업무수행에 따른 위험관리 능 력 등을 고려하여 대통령령으로 정하는 기준 ② 투자매매업자 또는 투자중개업자로서 종합금융투자사업자로 지정받고자 하는 자는 금융 위원회에 신청하여야 한다. ③ 금융위원회는 제1항에 따른 종합금융투자사업자의 지정을 위하여 필요한 경우에는 자료 의 제출을 요청할 수 있다. ④ 금융위원회는 종합금융투자사업자가 다음 각 호의 어느 하나에 해당하는 경우에는 제1항 에 따른 지정을 취소할 수 있다. 1. 거짓, 그 밖의 부정한 방법으로 지정받은 경우 2. 제1항 각 호의 기준을 충족하지 못하는 경우 ⑤ 제1항 및 제4항에 따른 지정 및 지정취소 절차 등에 관한 세부적인 사항은 대통령령으로 정한다. ⑥ 제1항제3호에 따른 자기자본의 구체적인 세부기준은 금융위원회가 정하여 고시한다. [본조신설 2013. 5. 28.]}"
제77조의3,[],REGULATION,전담중개업무,종합금융투자사업자,영위할 수 없다,전담중개업무,PROHIBITIVE,"제77조의3(종합금융투자사업자에 관한 특례) ① 종합금융투자사업자가 아니고는 전담중개업무 를 영위할 수 없다. ② 종합금융투자사업자는 일반 사모집합투자기구등 중 투자대상, 차입 여부 등을 감안하여 대통령령으로 정하는 자에 대하여 전담중개업무를 제공하는 경우에는 미리 해당 일반 사모 집합투자기구등, 그 밖에 대통령령으로 정하는 자와 다음 각 호의 사항을 포함하는 내용에 관한 계약을 체결하여야 한다.<개정 2015. 7. 24., 2021. 4. 20.> 1. 전담중개업무와 관련된 종합금융투자사업자와 일반 사모집합투자기구등의 역할 및 책임 에 관한 사항 2. 종합금융투자사업자가 일반 사모집합투자기구등의 재산을 제삼자에 대한 담보, 대여, 그 밖에 대통령령으로 정하는 방법으로 이용하는 경우 그 이용에 관한 사항 3. 종합금융투자사업자가 제2호에 따라 이용한 일반 사모집합투자기구등의 재산 현황 등에 관한 정보를 일반 사모집합투자기구등에게 제공하는 절차 및 방법 4. 그 밖에 대통령령으로 정하는 사항 ③ 종합금융투자사업자는 이 법 또는 다른 금융관련 법령에도 불구하고 다음 각 호의 업무를 영위할 수 있다. 1. 기업에 대한 신용공여 업무 2. 그 밖에 해당 종합금융투자사업자의 건전성, 해당 업무의 효율적 수행에 이바지할 가능성 등을 고려하여 종합금융투자사업자에만 허용하는 것이 적합한 업무로서 대통령령으로 정 하는 것 ④ 종합금융투자사업자가 전담중개업무를 영위하는 경우에는"
제72조,[],REGULATION,신용공여,종합금융투자사업자,평가하고 관리,위험수준,MANDATORY,"제72조에도 불구하고 증권 외 의 금전등에 대한 투자와 관련하여 일반 사모집합투자기구등에 신용공여를 할 수 있다. 이 법제처 41 국가법령정보센 터 자본시장과 금융투자업에 관한 법률 경우 종합금융투자사업자는 일반 사모집합투자기구등의 신용공여와 관련한 위험수준에 대 하여 평가하고 적정한 수준으로 관리하여야 한다.<신설 2018. 3. 27., 2021. 4. 20.> ⑤ 종합금융투자사업자가 제3항제1호, 제4항 또는"
제72조제1항,[],REGULATION,신용공여 총 합계액,신용공여,초과,자기자본,PROHIBITIVE,"제72조제1항 본문에 따라 신용공여를 하는 경우에는 신용공여의 총 합계액이 자기자본의 100분의 200을 초과하여서는 아니 된다. 다만, 종합금융투자사업자 업무의 특성, 해당 신용공여가 종합금융투자사업자의 건전성에 미치는 영향 등을 고려하여 대통령령으로 정하는 경우에는 그러하지 아니하다.<개정 2018. 3. 27.> ⑥ 종합금융투자사업자가 제3항제1호, 제4항 또는"
제72조제1항,"[None, None, 72, 1]",REGULATION,신용공여,신용공여,초과하다,자기자본,PROHIBITIVE,제72조제1항 본문에 따라 신용공여를 하는 경우에는 다음 각 호의 신용공여를 제외한 신용공여의 합계액이 자기자본의 100분의 100을 초과하여서는 아니 된다.<신설 2018. 3. 27.> 1.
제71조제3호,[],REGULATION,신용공여,,,신용공여,,제71조제3호에 따른 기업금융업무 관련 신용공여 2. 「중소기업기본법」
제2조제1항,[],REGULATION,신용공여,종합금융투자사업자,제한,신용공여,PROHIBITIVE,"제2조제1항에 따른 중소기업에 대한 신용공여 ⑦ 종합금융투자사업자가 제3항제1호에 따라 신용공여를 하는 경우 동일한 법인 및 그 법인 과 대통령령으로 정하는 신용위험을 공유하는 자에 대하여 그 종합금융투자사업자의 자기자본의 100분의 25의 범위에서 대통령령으로 정하는 비율에 해당하는 금액을 초과하는 신용공여를 할 수 없다.<개정 2018. 3. 27.> ⑧ 종합금융투자사업자가 추가로 신용공여를 하지 아니하였음에도 불구하고 자기자본의 변동, 동일차주 구성의 변동 등으로 인하여 제5항부터 제7항까지의 한도를 초과하게 되는 경우 에는 그 한도를 초과하게 된 날부터 1년 이내에 그 한도에 적합하도록 하여야 한다.<개정 2018. 3. 27.> ⑨ 종합금융투자사업자는 그와 계열회사의 관계에 있는 법인(대통령령으로 정하는 해외법인 을 포함한다. 이하 이 항에서 같다)에 대하여 제3항제1호에 따른 신용공여를 하거나 또는 그 법인이 운용하는 일반 사모집합투자기구에 대하여 전담중개업무를 제공하여서는 아니 된다. 다만, 종합금융투자사업자가 발행주식총수 또는 출자총액의 100분의 50 이상을 소유 또는 출자하거나 대통령령으로 정하는 기준에 의하여 사실상 경영을 지배하는 해외현지법인에 대 해서는 대통령령으로 정하는 바에 따라 제3항제1호에 따른 신용공여를 할 수 있다.<개정 2015. 7. 24., 2018. 3. 27., 2020. 12. 29., 2021. 4. 20.> ⑩ 종합금융투자사업자에 대하여는 「한국은행법」과 「은행법」을 적용하지 아니한다.<개정 2018. 3. 27.> ⑪ 제3항제1호에 따른 신용공여의 구체적 범위 등에 관하여 필요한 사항은 대통령령으로 정 한다.<개정 2018. 3. 27.> [본조신설 2013. 5. 28.]}"
제78조,[],REGULATION,다자간매매체결회사,다자간매매체결회사,준수,업무기준,MANDATORY,"제78조(다자간매매체결회사에 관한 특례) ① 다자간매매체결회사는 다자간매매체결업무를 함 에 있어서 다음 각 호의 사항에 대하여 대통령령으로 정하는 업무기준을 준수하여야 한다. 1. 매매체결대상상품 및 다자간매매체결회사에서의 거래에 참가하는 자(이하 이 조,"
제402조,[],,,,,,,제402조 및
제404조,[],REGULATION,거래참가자,자본시장과 금융투자업에 관한 법률,정함,거래참가자,MANDATORY,제404조에서 “거래참가자”라 한다)에 관한 사항 2. 매매체결대상상품의 매매정지 및 그 해제에 관한 사항 3. 매매확인 등 매매계약의 체결에 관한 사항과 채무인수ㆍ차감 및 결제방법ㆍ결제책임 등 청산ㆍ결제에 관한 사항 법제처 42 국가법령정보센 터 자본시장과 금융투자업에 관한 법률 4. 증거금 등 거래참가자의 매매수탁에 관한 사항 5. 매매체결대상상품의 발행인 등의 신고ㆍ공시에 관한 사항 6. 매매결과의 공표 및 보고에 관한 사항 7. 다자간매매체결업무의 개폐ㆍ정지 및 중단에 관한 사항 8. 그 밖에 다자간매매체결업무의 수행과 관련하여 필요한 사항 ②
제40조,[],,,,,,,
제68조,[],,,,,,,
제72조,[],,,,,,,"제72조,"
제73조,[],,,,,,,제73조 및
제419조,[],REGULATION,다자간매매체 결회사,규정,적용하지 않는다,다자간매매체 결회사,PROHIBITIVE,제419조제2항부터 제4항까지의 규정은 다자간매매체 결회사에는 적용하지 아니한다.
제402조,[],,,,,,,제402조 및
제404조,[],REGULATION,감시,지정거래소,감시,다자간매매체결회사,MANDATORY,"제404조에서 “지정거래소”라 한다 )는 다자간매매체결회사에서의 투자자 보호 및 건전한 거래질서를 위하여 다음 각 호의 사항 을 감시할 수 있다. 1. 매매체결대상상품의 매매에 관한 청약 또는 주문이나 거래참가자가 다자간매매체결회사 에 제출하는 호가의 상황 2. 매매체결대상상품에 관련된 풍문ㆍ제보나 보도 3. 매매체결대상상품의 발행인 등에 관한 신고 또는 공시 4. 그 밖에 매매체결대상상품의 가격 형성이나 거래량에 영향을 미치는 상황 또는 요인으로 서 대통령령으로 정하는 것 ④ 지정거래소는 다음 각 호의 어느 하나에 해당하는 경우에는 거래참가자에게 그 사유를 밝 힌 서면으로 관련 자료의 제출을 요청하거나, 거래참가자에 대하여 그와 관련된 업무ㆍ재산 상황ㆍ장부ㆍ서류, 그 밖의 물건을 감리할 수 있다. 이 경우"
제404조제2항 및 제3항,[],PROCEDURE,준용,,준용,제404조제2항 및 제3항,MANDATORY,제404조제2항 및 제3항을 준용 한다.
제377조제1항제8호,[],REGULATION,주식 소유 제한,누구든지,소유,주식,PROHIBITIVE,제377조제1항제8호에서 정하는 이상거래의 혐의가 있다고 인정되는 매매체결대상상품의 종목 또는 매매 품목의 거래상황을 파악하기 위한 경우 2. 거래참가자가 제1항에 따른 업무기준을 준수하는지를 확인하기 위한 경우 ⑤ 누구든지 다음 각 호의 어느 하나에 해당하는 경우를 제외하고는 다자간매매체결회사의 의결권 있는 발행주식총수의 100분의 15를 초과하여 다자간매매체결회사가 발행한 주식을 소유할 수 없다. 이 경우
제406조,[],,,,,,,
제407조,[],REGULATION,소유,집합투자기구,소유,,MANDATORY,제407조를 준용한다. 1. 집합투자기구가 소유하는 경우(사모집합투자기구가 소유하는 경우는 제외한다) 2. 정부가 소유하는 경우 3. 그 밖에 대통령령으로 정하는 바에 따라 금융위원회의 승인을 받아 소유하는 경우 ⑥
제383조제1항ㆍ제2항,[],,,,,,,
제408조,[],,,,,,,
제413조,[],REGULATION,다자간매매체결회사,,준용,다자간매매체결회사,MANDATORY,제413조는 다자간매매체결회사에 준용한다. ⑦ 다자간매매체결회사(
제8조의2제5항제1호,[],REGULATION,대통령령으로 정하는 조치,대통령령,정하는,조치,MANDATORY,"제8조의2제5항제1호의 방법에 따라 매매가격을 결정하는 다자간매 매체결회사는 제외한다)는 매매체결대상상품의 거래량이 대통령령으로 정하는 기준을 넘는 경우에는 투자자 보호 및 매매체결의 안정성 확보 등을 위하여 대통령령으로 정하는 조치를 하여야 한다. ⑧ 다자간매매체결회사의 업무 방법 및 절차, 그 밖에 공정한 매매가격 형성과 매매체결의 안정성 및 효율성 등의 확보를 위하여 필요한 세부사항은 대통령령으로 정한다. [전문개정 2013. 5. 28.] 제2관 집합투자업자의 영업행위 규칙 법제처 43 국가법령정보센터 자본시장과 금융투자업에 관한 법률"
제79조,[],REGULATION,선관의무 및 충실의무,집합투자업자,운용,집합투자재산,MANDATORY,제79조(선관의무 및 충실의무) ① 집합투자업자는 투자자에 대하여 선량한 관리자의 주의로써 집합투자재산을 운용하여야 한다. ② 집합투자업자는 투자자의 이익을 보호하기 위하여 해당 업무를 충실하게 수행하여야 한다.
제80조,[],REGULATION,자산운용,집합투자업자,지시,투자신탁재산,MANDATORY,"제80조(자산운용의 지시 및 실행) ① 투자신탁의 집합투자업자는 투자신탁재산을 운용함에 있어서 그 투자신탁재산을 보관·관리하는 신탁업자에 대하여 대통령령으로 정하는 방법에 따라 투자신탁재산별로 투자대상자산의 취득·처분 등에 관하여 필요한 지시를 하여야 하며, 그 신탁업자는 집합투자업자의 지시에 따라 투자대상자산의 취득·처분 등을 하여야 한다. 다만, 집합투자업자는 투자신탁재산의 효율적 운용을 위하여 불가피한 경우로서 대통령령으로 정하는 경우에는 자신의 명의로 직접 투자대상자산의 취득·처분 등을 할 수 있다. ② 투자신탁의 집합투자업자(그 투자신탁재산을 보관·관리하는 신탁업자를 포함한다. 이하 이 항에서 같다)는 제1항에 따라 투자대상자산의 취득·처분 등을 한 경우 그 투자신탁재산을 한도로 하여 그 이행 책임을 부담한다. 다만, 그 집합투자업자가"
제64조제1항,"[64, 1, 0, 0]",ACTOR,집합투자업자,집합투자업자,배분하여야 한다,자산배분명세,MANDATORY,"제64조제1항에 따라 손 해배상책임을 지는 경우에는 그러하지 아니하다.<개정 2018. 3. 27.> ③ 집합투자업자는 제1항 단서에 따라 투자대상자산의 취득ㆍ처분 등의 업무를 수행하는 경 우에는 투자신탁재산별로 미리 정하여진 자산배분명세에 따라 취득ㆍ처분 등의 결과를 공정 하게 배분하여야 한다. 이 경우 집합투자업자는 자산배분명세, 취득ㆍ처분 등의 결과, 배분결 과 등에 관한 장부 및 서류를 총리령으로 정하는 방법에 따라 작성하고 이를 유지ㆍ관리하여야 한다.<개정 2008. 2. 29.> ④ 제3항의 자산배분명세 등에 관하여 필요한 사항은 총리령으로 정한다.<개정 2008. 2. 29.> ⑤ 투자신탁을 제외한 집합투자기구의 집합투자업자는 그 집합투자재산을 운용함에 있어서 집합투자기구의 명의(투자익명조합의 경우에는 그 집합투자업자의 명의를 말한다)로 대통령 령으로 정하는 방법에 따라 집합투자재산(투자신탁재산은 제외한다)별로 투자대상자산의 취득ㆍ처분 등을 하고, 그 집합투자기구의 신탁업자에게 취득ㆍ처분 등을 한 자산의 보관ㆍ관 리에 필요한 지시를 하여야 하며, 그 신탁업자는 집합투자업자의 지시에 따라야 한다. 이 경 우 집합투자업자가 투자대상자산의 취득ㆍ처분 등을 함에 있어서는 집합투자업자가 그 집합 투자기구를 대표한다는 사실을 표시하여야 한다.<개정 2009. 2. 3.>"
Unknown,[],REGULATION,Unknown,,,,,"제81조(자산운용의 제한) ① 집합투자업자는 집합투자재산을 운용함에 있어서 다음 각 호의 어 느 하나에 해당하는 행위를 하여서는 아니 된다. 다만, 투자자 보호 및 집합투자재산의 안정 적 운용을 해할 우려가 없는 경우로서 대통령령으로 정하는 경우에는 이를 할 수 있다. <개정 2015. 7. 24.> 1. 집합투자재산을 증권(집합투자증권, 그 밖에 대통령령으로 정하는 증권을 제외하며, 대통 령령으로 정하는 투자대상자산을 포함한다. 이하 이 호에서 같다) 또는 파생상품에 운용함 에 있어서 다음 각 목의 어느 하나에 해당하는 행위 가. 각 집합투자기구 자산총액의 100분의 10 이내의 범위에서 대통령령으로 정하는 비율 을 초과하여 동일종목의 증권에 투자하는 행위. 이 경우 동일법인 등이 발행한 증권 중 지분증권(그 법인 등이 발행한 지분증권과 관련된 증권예탁증권을 포함한다. 이하 이 관 에서 같다)과 지분증권을 제외한 증권은 각각 동일종목으로 본다. 법제처 44 국가법령정보센 터 자본시장과 금융투자업에 관한 법률 나. 각 집합투자업자가 운용하는 전체 집합투자기구 자산총액으로 동일법인 등이 발행한 지분증권 총수의 100분의 20을 초과하여 투자하는 행위 다. 각 집합투자기구 자산총액으로 동일법인 등이 발행한 지분증권 총수의 100분의 10을 초과하여 투자하는 행위 라. 대통령령으로 정하는 적격 요건을 갖추지 못한 자와 장외파생상품을 매매하는 행위 마. 파생상품의 매매에 따른 위험평가액이 대통령령으로 정하는 기준을 초과하여 투자하는 행위 바. 파생상품의 매매와 관련하여 기초자산 중 동일법인 등이 발행한 증권(그 법인 등이 발 행한 증권과 관련된 증권예탁증권을 포함한다)의 가격변동으로 인한 위험평가액이 각 집합투자기구 자산총액의 100분의 10을 초과하여 투자하는 행위 사. 같은 거래상대방과의 장외파생상품 매매에 따른 거래상대방 위험평가액이 각 집합투자 기구 자산총액의 100분의 10을 초과하여 투자하는 행위 2. 집합투자재산을 부동산에 운용함에 있어서 다음 각 목의 어느 하나에 해당하는 행위 가. 부동산을 취득한 후 5년 이내의 범위에서 대통령령으로 정하는 기간 이내에 이를 처분 하는 행위. 다만, 부동산개발사업(토지를 택지ㆍ공장용지 등으로 개발하거나 그 토지 위 에 건축물, 그 밖의 공작물을 신축 또는 재축하는 사업을 말한다. 이하 같다)에 따라 조성 하거나 설치한 토지ㆍ건축물 등을 분양하는 경우, 그 밖에 투자자 보호를 위하여 필요한 경우로서 대통령령으로 정하는 경우를 제외한다. 나. 건축물, 그 밖의 공작물이 없는 토지로서 그 토지에 대하여 부동산개발사업을 시행하기 전에 이를 처분하는 행위. 다만, 집합투자기구의 합병ㆍ해지 또는 해산, 그 밖에 투자자 보호를 위하여 필요한 경우로서 대통령령으로 정하는 경우를 제외한다. 3. 집합투자재산을 집합투자증권("
제279조제1항,[],REGULATION,외국 집합투자증권,같은 집합투자업자,초과,자산총액의 100분의 50,PROHIBITIVE,제279조제1항의 외국 집합투자증권을 포함한다. 이하 이 호에서 같다)에 운용함에 있어서 다음 각 목의 어느 하나에 해당하는 행위 가. 각 집합투자기구 자산총액의 100분의 50을 초과하여 같은 집합투자업자(
제279조제1항,[],DEFINITION,외국 집합투자업자,외국 집합투자업자,운용하는,집합투자기구,DEFINITIONAL,제279조제1항 의 외국 집합투자업자를 포함한다)가 운용하는 집합투자기구(
제279조제1항,[],REGULATION,집합투자증권에 투자,외국 집합 투자기구,투자,집합투자증권,,제279조제1항의 외국 집합 투자기구를 포함한다)의 집합투자증권에 투자하는 행위 나. 각 집합투자기구 자산총액의 100분의 20을 초과하여 같은 집합투자기구(
제279조제1항,[],DEFINITION,외국 집합투자기구,외국 집합투자기구,포함한다,집합투자증권,DEFINITIONAL,제279조제1항 의 외국 집합투자기구를 포함한다)의 집합투자증권에 투자하는 행위 다. 집합투자증권에 자산총액의 100분의 40을 초과하여 투자할 수 있는 집합투자기구(
제 279조 제1항,[],REGULATION,집합투자증권에 투자하는 행위,집합투자기구,투자하는,집합투자증권,PROHIBITIVE,제 279조제1항의 외국 집합투자기구를 포함한다)의 집합투자증권에 투자하는 행위 라. 각 집합투자기구 자산총액의 100분의 5 이내에서 대통령령으로 정하는 비율을 초과하 여 사모집합투자기구(사모집합투자기구에 상당하는 외국 사모집합투자기구를 포함한다 )의 집합투자증권에 투자하는 행위 마. 각 집합투자기구의 집합투자재산으로 같은 집합투자기구(
제279조제1항,[],REGULATION,투자 비율 초과,외국 집합투자기구,투자,집합투자증권 총수,PROHIBITIVE,제279조제1항의 외국 집합투자기구를 포함한다)의 집합투자증권 총수의 100분의 20을 초과하여 투자하는 행위. 이 경우 그 비율의 계산은 투자하는 날을 기준으로 한다. 바. 집합투자기구의 집합투자증권을 판매하는 투자매매업자 또는 투자중개업자가 받는 판 매수수료 및 판매보수와 그 집합투자기구가 투자하는 다른 집합투자기구(
제279조제1항,"[279, 1, None, None]",REGULATION,판매수수료 및 판매보수,투자매매업자,받는다,판매수수료 및 판매보수의 합계,PROHIBITIVE,"제279조제1항 의 외국 집합투자기구를 포함한다)의 집합투자증권을 판매하는 투자매매업자{외국 투자 매매업자(외국 법령에 따라 외국에서 투자매매업에 상당하는 영업을 영위하는 자를 말 한다)를 포함한다} 또는 투자중개업자{외국 투자중개업자(외국 법령에 따라 외국에서 투 법제처 45 국가법령정보센 터 자본시장과 금융투자업에 관한 법률 자중개업에 상당하는 영업을 영위하는 자를 말한다)를 포함한다}가 받는 판매수수료 및 판매보수의 합계가 대통령령으로 정하는 기준을 초과하여 집합투자증권에 투자하는 행 위 4. 그 밖에 투자자 보호 또는 집합투자재산의 안정적 운용 등을 해할 우려가 있는 행위로서 대통령령으로 정하는 행위 ② 제1항제1호마목의 위험평가액, 같은 항 같은 호 바목의 위험평가액 및 같은 항 같은 호 사 목의 거래상대방 위험평가액의 산정방법 등에 관하여 필요한 사항은 금융위원회가 정하여 고시한다.<개정 2008. 2. 29.> ③ 집합투자재산에 속하는 투자대상자산의 가격 변동 등 대통령령으로 정하는 사유로 불가 피하게 제1항에 따른 투자한도를 초과하게 된 경우에는 초과일부터 대통령령으로 정하는 기 간까지는 그 투자한도에 적합한 것으로 본다. ④ 제1항제1호가목 및 마목부터 사목까지와 제3호가목ㆍ나목,"
제229조,[],REGULATION,투자비율,집합투자기구,정한다,투자비율,MANDATORY,제229조 각 호에 따른 투자비 율은 집합투자기구의 최초 설정일 또는 설립일부터 6개월(
제229조제2호,[],REGULATION,적용 제외,부동산집합 투자기구,적용하지 않는다,정하는 기간,PROHIBITIVE,제229조제2호에 따른 부동산집합 투자기구의 경우 1년) 이내의 범위에서 대통령령으로 정하는 기간까지는 적용하지 아니한다.
제81조,"[None, None, 81, None]",REGULATION,자산운용 제한,집합투자업자,운용,집합투자재산,PROHIBITIVE,"제81조(자산운용의 제한) ① 집합투자업자는 집합투자재산을 운용(기업성장집합투자업자가 제 5항제1호에 따른 주투자대상기업에 투자하는 경우는 제외한다)할 때 다음 각 호의 행위를 하 여서는 아니 된다. 다만, 투자자 보호 및 집합투자재산의 안정적 운용을 해칠 우려가 없는 경 우로서 대통령령으로 정하는 경우에는 각 호의 행위를 할 수 있다. <개정 2015. 7. 24., 2025. 9. 16.> 1. 집합투자재산을 증권(집합투자증권, 그 밖에 대통령령으로 정하는 증권을 제외하며, 대통 령령으로 정하는 투자대상자산을 포함한다. 이하 이 호에서 같다) 또는 파생상품에 운용함 에 있어서 다음 각 목의 어느 하나에 해당하는 행위 가. 각 집합투자기구 자산총액의 100분의 10 이내의 범위에서 대통령령으로 정하는 비율 을 초과하여 동일종목의 증권에 투자하는 행위. 이 경우 동일법인 등이 발행한 증권 중 지분증권(그 법인 등이 발행한 지분증권과 관련된 증권예탁증권을 포함한다. 이하 이 관 에서 같다)과 지분증권을 제외한 증권은 각각 동일종목으로 본다. 나. 각 집합투자업자가 운용하는 전체 집합투자기구 자산총액으로 동일법인 등이 발행한 지분증권 총수의 100분의 20을 초과하여 투자하는 행위 다. 각 집합투자기구 자산총액으로 동일법인 등이 발행한 지분증권 총수의 100분의 10을 초과하여 투자하는 행위 라. 대통령령으로 정하는 적격 요건을 갖추지 못한 자와 장외파생상품을 매매하는 행위 마. 파생상품의 매매에 따른 위험평가액이 대통령령으로 정하는 기준을 초과하여 투자하는 행위 바. 파생상품의 매매와 관련하여 기초자산 중 동일법인 등이 발행한 증권(그 법인 등이 발행한 증권과 관련된 증권예탁증권을 포함한다)의 가격변동으로 인한 위험평가액이 각 집합투자기구 자산총액의 100분의 10을 초과하여 투자하는 행위 사. 같은 거래상대방과의 장외파생상품 매매에 따른 거래상대방 위험평가액이 각 집합투자 기구 자산총액의 100분의 10을 초과하여 투자하는 행위 법제처 46 국가법령정보센 터 자본시장과 금융투자업에 관한 법률 2. 집합투자재산을 부동산에 운용함에 있어서 다음 각 목의 어느 하나에 해당하는 행위 가. 부동산을 취득한 후 5년 이내의 범위에서 대통령령으로 정하는 기간 이내에 이를 처분 하는 행위. 다만, 부동산개발사업(토지를 택지ㆍ공장용지 등으로 개발하거나 그 토지 위 에 건축물, 그 밖의 공작물을 신축 또는 재축하는 사업을 말한다. 이하 같다)에 따라 조성 하거나 설치한 토지ㆍ건축물 등을 분양하는 경우, 그 밖에 투자자 보호를 위하여 필요한 경우로서 대통령령으로 정하는 경우를 제외한다. 나. 건축물, 그 밖의 공작물이 없는 토지로서 그 토지에 대하여 부동산개발사업을 시행하기 전에 이를 처분하는 행위. 다만, 집합투자기구의 합병ㆍ해지 또는 해산, 그 밖에 투자자 보호를 위하여 필요한 경우로서 대통령령으로 정하는 경우를 제외한다. 3. 집합투자재산을 집합투자증권("
제279조제1항,[],REGULATION,외국 집합투자증권,집합투자업자,운용함,집합투자기구 자산총액,PROHIBITIVE,제279조제1항의 외국 집합투자증권을 포함한다. 이하 이 호에서 같다)에 운용함에 있어서 다음 각 목의 어느 하나에 해당하는 행위 가. 각 집합투자기구 자산총액의 100분의 50을 초과하여 같은 집합투자업자(
제279조제1항,[],DEFINITION,외국 집합투자업자,외국 집합투자업자,포함한다,집합투자기구,DEFINITIONAL,제279조제1항 의 외국 집합투자업자를 포함한다)가 운용하는 집합투자기구(
제279조제1항,"[279, 1]",REGULATION,집합투자증권에 투자,외국 집합 투자기구,투자,집합투자증권,,제279조제1항의 외국 집합 투자기구를 포함한다)의 집합투자증권에 투자하는 행위 나. 각 집합투자기구 자산총액의 100분의 20을 초과하여 같은 집합투자기구(
제279조제1항,[],DEFINITION,투자,외국 집합투자기구,투자,집합투자증권,PERMISSIVE,제279조제1항 의 외국 집합투자기구를 포함한다)의 집합투자증권에 투자하는 행위 다. 집합투자증권에 자산총액의 100분의 40을 초과하여 투자할 수 있는 집합투자기구(
제 279조제1항,[],REGULATION,집합투자증권에 투자하는 행위,사모집합투자기구,투자하는,집합투자증권,PROHIBITIVE,제 279조제1항의 외국 집합투자기구를 포함한다)의 집합투자증권에 투자하는 행위 라. 각 집합투자기구 자산총액의 100분의 5 이내에서 대통령령으로 정하는 비율을 초과하 여 사모집합투자기구(사모집합투자기구에 상당하는 외국 사모집합투자기구를 포함한다 )의 집합투자증권에 투자하는 행위 마. 각 집합투자기구의 집합투자재산으로 같은 집합투자기구(
제279조제1항,[],REGULATION,투자 비율 초과,외국 집합투자구,투자,집합투자증권 총수,PROHIBITIVE,제279조제1항의 외국 집합투 자기구를 포함한다)의 집합투자증권 총수의 100분의 20을 초과하여 투자하는 행위. 이 경우 그 비율의 계산은 투자하는 날을 기준으로 한다. 바. 집합투자기구의 집합투자증권을 판매하는 투자매매업자 또는 투자중개업자가 받는 판 매수수료 및 판매보수와 그 집합투자기구가 투자하는 다른 집합투자기구(
제279조제1항,[],REGULATION,판매수수료,투자매매업자,받는다,판매수수료,PROHIBITIVE,"제279조제1항 의 외국 집합투자기구를 포함한다)의 집합투자증권을 판매하는 투자매매업자{외국 투자 매매업자(외국 법령에 따라 외국에서 투자매매업에 상당하는 영업을 영위하는 자를 말 한다)를 포함한다} 또는 투자중개업자{외국 투자중개업자(외국 법령에 따라 외국에서 투 자중개업에 상당하는 영업을 영위하는 자를 말한다)를 포함한다}가 받는 판매수수료 및 판매보수의 합계가 대통령령으로 정하는 기준을 초과하여 집합투자증권에 투자하는 행 위 4. 그 밖에 투자자 보호 또는 집합투자재산의 안정적 운용 등을 해할 우려가 있는 행위로서 대통령령으로 정하는 행위 ② 제1항제1호마목의 위험평가액, 같은 항 같은 호 바목의 위험평가액 및 같은 항 같은 호 사 목의 거래상대방 위험평가액의 산정방법 등에 관하여 필요한 사항은 금융위원회가 정하여 고시한다.<개정 2008. 2. 29.> ③ 집합투자재산에 속하는 투자대상자산의 가격 변동 등 대통령령으로 정하는 사유로 불가 피하게 제1항에 따른 투자한도를 초과하게 된 경우에는 초과일부터 대통령령으로 정하는 기 간까지는 그 투자한도에 적합한 것으로 본다. 법제처 47 국가법령정보센 터 자본시장과 금융투자업에 관한 법률 ④ 제1항제1호가목 및 마목부터 사목까지와 제3호가목ㆍ나목,"
제229조,[],DEFINITION,투자비율,집합투자기구,정한다,6개월,DEFINITIONAL,제229조 각 호에 따른 투자비 율은 집합투자기구의 최초 설정일 또는 설립일부터 6개월(
제229조제2호,[],REGULATION,적용,기업성장집합투자기구,적용,기간,PROHIBITIVE,"제229조제2호에 따른 부동산집합 투자기구와 같은 조 제6호에 따른 기업성장집합투자기구의 경우 1년) 이내의 범위에서 대통 령령으로 정하는 기간까지는 적용하지 아니한다.<개정 2009. 2. 3., 2016. 3. 29., 2025. 9. 16.> ⑤ 기업성장집합투자업자는"
제229조제6호,[],REGULATION,기업성장집합투자기구,기업성장집합투자기구,위반,주투자대상기업,PROHIBITIVE,"제229조제6호에 따른 기업성장집합투자기구의 집합투자재산을 운용할 때 다음 각 호의 행위를 하여서는 아니 된다. 다만, 가격 변동 등 대통령령으로 정하는 불가피한 사유로 제1호부터 제4호까지를 위반하게 된 경우에는 해당 행위를 그 위반한 날부터 대통령령으로 정하는 기간까지 제1호부터 제4호까지를 위반한 것으로 보지 아니한 다.<신설 2025. 9. 16.> 1. 성장가능성이 높은 「벤처기업육성에 관한 특별법」에 따른 벤처기업 등 대통령령으로 정 하는 법인 또는 조합 등(이하 “주투자대상기업”이라 한다)에 대하여"
제229조제6호,[],REGULATION,투자,기업성장집합투자기구,투자,집합투자재산,MANDATORY,"제229조제6호에 따른 금액 이하의 집합투자재산을 투자하는 행위 2. 각 기업성장집합투자기구 자산총액의 100분의 10 이하로서 대통령령으로 정하는 비율을 초과하여 동일한 주투자대상기업에 동일방식으로 투자하는 행위. 이 경우 동일법인 등이 발행한 지분증권에 투자하는 방식과 그 외의 투자방식은 각각 동일방식으로 본다. 3. 주투자대상기업이 발행한 지분증권 총수의 100분의 50 이하로서 대통령령으로 정하는 비 율(동일한 기업성장집합투자업자가 설정ㆍ설립한 기업성장집합투자기구가 둘 이상인 경우 에는 동일한 기업성장집합투자업자가 설정ㆍ설립한 기업성장집합투자기구가 투자한 지분 증권 수를 모두 더한 지분증권 수를 주투자대상기업이 발행한 지분증권 총수로 나눈 비율 을 말한다)을 초과하여 투자하는 행위 4. 각 기업성장집합투자기구 자산총액의 100분의 10 이상으로서 대통령령으로 정하는 비율 미만의 집합투자재산을 다음 각 목의 자산으로 보유하는 행위 가. 국채증권, 지방채증권, 특수채증권 나. 「한국은행법」"
제69조,[],DEFINITION,한국은행통화안정증권,,,,DEFINITIONAL,제69조에 따른 한국은행통화안정증권 다. 국가나 지방자치단체가 원리금의 지급을 보증한 채권 라. 현금 마. 대통령령으로 정하는 금융기관에의 예치 바. 그 밖에 금융투자업자의 경영건전성을 저해하지 아니하고 투자성이 낮거나 없는 것으 로서 대통령령으로 정하는 자산 5. 주투자대상기업에 투자한 재산 외의 집합투자재산을
제229조제2호,"[229, 2, None, None]",REGULATION,투자 행위,투자자,투자,투자 대상,PROHIBITIVE,제229조제2호의 부동산에 투자하는 행위 6. 성장가능성 등에 대하여 대통령령으로 정하는 방법에 따른 평가를 거치지 아니한 주투자 대상기업에 투자하는 행위 7. 그 밖에 투자자 보호 또는 집합투자재산의 안정적 운용 등을 해칠 우려가 있는 행위로서 대통령령으로 정하는 행위 [시행일: 2026. 3. 17.]
제81조,[],,,,,,,
제82조,[],REGULATION,자기집합투자증권 취득 제한,집합투자업자,취득,집합투자증권,PROHIBITIVE,"제82조(자기집합투자증권의 취득 제한) 투자신탁이나 투자익명조합의 집합투자업자는 집합투 자기구의 계산으로 그 집합투자기구의 집합투자증권을 취득하거나 질권의 목적으로 받지 못 한다. 다만, 다음 각 호의 어느 하나에 해당하는 경우에는 집합투자기구의 계산으로 그 집합 투자기구의 집합투자증권을 취득할 수 있다. 법제처 48 국가법령정보센 터 자본시장과 금융투자업에 관한 법률 1. 담보권의 실행 등 권리 행사에 필요한 경우. 이 경우 취득한 집합투자증권은 대통령령으로 정하는 방법에 따라 처분하여야 한다. 2."
제191조,[],REGULATION,수익증권 매수,,매수,수익증권,,제191조에 따라 수익증권을 매수하는 경우
제83조,[],REGULATION,금전차입,집합투자업자,차입,금전,PROHIBITIVE,"제83조(금전차입 등의 제한) ① 집합투자업자는 집합투자재산을 운용함에 있어서 집합투자기구 의 계산으로 금전을 차입(借入)하지 못한다. 다만, 다음 각 호의 어느 하나에 해당하는 경우에 는 집합투자기구의 계산으로 금전을 차입할 수 있다. <개정 2018. 3. 27.> 1."
제235조,[],REGULATION,환매청구,환매청구,발생,환매대금,,제235조에 따른 집합투자증권의 환매청구가 대량으로 발생하여 일시적으로 환매대금의 지급이 곤란한 때 2.
제191조,[],,,,,,,
제201조제4항,"[201, 4, None, None]",REGULATION,금전 차입 및 대여 제한,집합투자기구,차입,금전,PROHIBITIVE,제201조제4항에 따른 매수청구가 대량으로 발생하여 일시적으로 매수
제83조,[],REGULATION,금전 차입 제한,집합투자업자,차입,금전,PROHIBITIVE,"제83조(금전차입 등의 제한) ① 집합투자업자는 집합투자재산을 운용함에 있어서 집합투자기구 의 계산으로 금전을 차입(借入)하지 못한다. 다만, 다음 각 호의 어느 하나에 해당하는 경우에 는 집합투자기구의 계산으로 금전을 차입할 수 있다. <개정 2018. 3. 27.> 1."
제235조,"[None, None, 235, 2]",CONCEPT,환매청구,집합투자증권,발생,환매청구,,제235조에 따른 집합투자증권의 환매청구가 대량으로 발생하여 일시적으로 환매대금의 지급이 곤란한 때 2.
Unknown,[],REGULATION,Unknown,,,,,제191조 및
제201조제4항,[],REGULATION,금전 차입,집합투자기구,차입,금전,MANDATORY,"제201조제4항에 따른 매수청구가 대량으로 발생하여 일시적으로 매수대금의 지급이 곤란한 때 3. 그 밖에 집합투자기구의 운용 및 결제 과정에서 일시적으로 금전의 차입이 필요하고 투자 자 보호 및 건전한 거래질서를 해할 우려가 없는 때로서 대통령령으로 정하는 때 ② 제1항에 따라 집합투자기구의 계산으로 금전을 차입하는 경우 그 차입금의 총액은 차입 당시 집합투자기구 자산총액에서 부채총액을 뺀 가액의 100분의 10을 초과하여서는 아니 된다.<개정 2015. 7. 24.> ③ 제1항에 따른 금전차입의 방법, 차입금 상환 전 투자대상자산의 취득 제한 등에 관하여 필요한 사항은 대통령령으로 정한다. ④ 집합투자업자는 집합투자재산을 운용할 때 집합투자재산 중 금전을 대여하여서는 아니 된다. 다만, 다음 각 호의 경우에는 금전을 대여할 수 있다.<개정 2025. 9. 16.> 1. 대통령령으로 정하는 금융기관에 30일 이내의 단기대출을 하는 경우 법제처 49 국가법령정보센 터 자본시장과 금융투자업에 관한 법률 2."
Unknown,[],REGULATION,Unknown,,,,,제229조제6호에 따른 기업성장집합투자기구가 전체 주투자대상기업에 대한 투자금액의 100분의 50 이하로서 대통령령으로 정하는 한도 내에서 금전 대여의 절차ㆍ방법 등 대통 령령으로 정하는 기준에 따라 주투자대상기업에 금전을 대여하는 경우 ⑤ 집합투자업자는 집합투자재산을 운용함에 있어서 집합투자재산으로 해당 집합투자기구 외의 자를 위하여 채무보증 또는 담보제공을 하여서는 아니 된다. [시행일: 2026. 3. 17.]
제83조,[],,,,,,,
제84조,"[None, None, 84, None]",REGULATION,이해관계인과의 거래제한,집합투자업자,거래행위,이해관계인,PROHIBITIVE,"제84조(이해관계인과의 거래제한 등) ① 집합투자업자는 집합투자재산을 운용함에 있어서 대통 령령으로 정하는 이해관계인(이하 이 절에서 “이해관계인”이라 한다)과 거래행위를 하여서는 아니 된다. 다만, 집합투자기구와 이해가 상충될 우려가 없는 거래로서 다음 각 호의 어느 하 나에 해당하는 거래의 경우에는 이를 할 수 있다. 1. 이해관계인이 되기 6개월 이전에 체결한 계약에 따른 거래 2. 증권시장 등 불특정다수인이 참여하는 공개시장을 통한 거래 3. 일반적인 거래조건에 비추어 집합투자기구에 유리한 거래 4. 그 밖에 대통령령으로 정하는 거래 ② 집합투자업자는 제1항 단서에 따라 허용되는 이해관계인과의 거래가 있는 경우 또는 이 해관계인의 변경이 있는 경우에는 그 내용을 해당 집합투자재산을 보관ㆍ관리하는 신탁업자 에게 즉시 통보하여야 한다. ③ 집합투자업자는 집합투자재산을 운용함에 있어서 집합투자기구의 계산으로 그 집합투자 업자가 발행한 증권"
제189조,[],REGULATION,수익증권,수익증권,취득,,PROHIBITIVE,제189조의 수익증권을 제외한다)을 취득하여서는 아니 된다. ④ 집합투자업자는 집합투자재산을 운용함에 있어서 대통령령으로 정하는 한도를 초과하여 그 집합투자업자의 계열회사가 발행한 증권(
제189조,[],REGULATION,취득 제한,증권,취득,증권,PROHIBITIVE,"제189조의 수익증권, 그 밖에 대통령령으로 정 하는 증권을 제외하며, 계열회사가 발행한 지분증권과 관련한 증권예탁증권 및 대통령령으 로 정하는 투자대상자산을 포함한다. 이하 이 조에서 같다)을 취득하여서는 아니 된다. ⑤ 제4항에 따른 계열회사가 발행한 증권의 취득 제한에 관하여 필요한 사항은 대통령령으 로 정한다."
제85조,[],REGULATION,불건전 영업행위,집합투자업자,행위,집합투자재산,PROHIBITIVE,"제85조(불건전 영업행위의 금지) 집합투자업자는 다음 각 호의 어느 하나에 해당하는 행위를 하여서는 아니 된다. 다만, 투자자 보호 및 건전한 거래질서를 해할 우려가 없는 경우로서 대통령으로 정하는 경우에는 이를 할 수 있다. 1. 집합투자재산을 운용함에 있어서 금융투자상품, 그 밖의 투자대상자산의 가격에 중대한 영향을 미칠 수 있는 매수 또는 매도 의사를 결정한 후 이를 실행하기 전에 그 금융투자상 품, 그 밖의 투자대상자산을 집합투자업자 자기의 계산으로 매수 또는 매도하거나 제삼자에게 매수 또는 매도를 권유하는 행위 2. 자기 또는 대통령령으로 정하는 관계인수인(이하 이 절에서 “관계인수인”이라 한다)이 인수한 증권을 집합투자재산으로 매수하는 행위 3. 자기 또는 관계인수인이 대통령령으로 정하는 인수업무를 담당한 법인의 특정증권등"
제 172조제1항,"[None, None, 172, 1]",DEFINITION,특정증권등,,말한다,특정증권등,DEFINITIONAL,제 172조제1항의 특정증권등을 말한다. 이하 이 호에서 같다)에 대하여 인위적인 시세(
제 176조제2항제1호,[],REGULATION,시세,집합투자재산,투자,특정증권등,PROHIBITIVE,"제 176조제2항제1호의 시세를 말한다)를 형성하기 위하여 집합투자재산으로 그 특정증권등 을 매매하는 행위 법제처 50 국가법령정보센 터 자본시장과 금융투자업에 관한 법률 4. 특정 집합투자기구의 이익을 해하면서 자기 또는 제삼자의 이익을 도모하는 행위 5. 특정 집합투자재산을 집합투자업자의 고유재산 또는 그 집합투자업자가 운용하는 다른 집합투자재산, 투자일임재산(투자자로부터 투자판단을 일임받아 운용하는 재산을 말한다. 이하 같다) 또는 신탁재산과 거래하는 행위 6. 제삼자와의 계약 또는 담합 등에 의하여 집합투자재산으로 특정 자산에 교차하여 투자하 는 행위 7. 투자운용인력이 아닌 자에게 집합투자재산을 운용하게 하는 행위 8. 그 밖에 투자자 보호 또는 건전한 거래질서를 해할 우려가 있는 행위로서 대통령령으로 정하는 행위"
제86조,"[None, None, 86, None]",REGULATION,성과보수,집합투자업자,받다,성과보수,PROHIBITIVE,"제86조(성과보수의 제한) ① 집합투자업자는 집합투자기구의 운용실적에 연동하여 미리 정하여 진 산정방식에 따른 보수(이하 “성과보수”라 한다)를 받아서는 아니 된다. 다만, 다음 각 호의 어느 하나에 해당하는 경우에는 성과보수를 받을 수 있다. 1. 집합투자기구가 사모집합투자기구인 경우 2. 사모집합투자기구 외의 집합투자기구 중 운용보수의 산정방식, 투자자의 구성 등을 고려 하여 투자자 보호 및 건전한 거래질서를 해할 우려가 없는 경우로서 대통령령으로 정하는 경우 ② 집합투자업자는 제1항 단서에 따라 성과보수를 받고자 하는 경우에는 그 성과보수의 산 정방식, 그 밖에 대통령령으로 정하는 사항을 해당 투자설명서("
제123조제1항,[],REGULATION,투자설명서,집합투자규약,기재,투자설명서,MANDATORY,제123조제1항에 따른 투자설 명서를 말한다) 및 집합투자규약에 기재하여야 한다.
제87조,[],REGULATION,의결권,집합투자업자,행사,의결권,MANDATORY,"제87조(의결권 등) ① 집합투자업자(투자신탁이나 투자익명조합의 집합투자업자에 한한다. 이 하 이 조에서 같다)는 투자자의 이익을 보호하기 위하여 집합투자재산에 속하는 주식의 의결 권을 충실하게 행사하여야 한다. <개정 2013. 5. 28.> 1. 삭제<2013. 5. 28.> 2. 삭제<2013. 5. 28.> 3. 삭제<2013. 5. 28.> ② 제1항에도 불구하고 집합투자업자는 다음 각 호의 어느 하나에 해당하는 경우에는 집합 투자재산에 속하는 주식을 발행한 법인의 주주총회에 참석한 주주가 소유하는 주식수에서 집합투자재산에 속하는 주식수를 뺀 주식수의 결의내용에 영향을 미치지 아니하도록 의결권 을 행사하여야 한다.<개정 2013. 5. 28.> 1. 다음 각 목의 어느 하나에 해당하는 자가 그 집합투자재산에 속하는 주식을 발행한 법인 을 계열회사로 편입하기 위한 경우 가. 그 집합투자업자 및 그와 대통령령으로 정하는 이해관계가 있는 자 나. 그 집합투자업자에 대하여 사실상의 지배력을 행사하는 자로서 대통령령으로 정하는 자 2. 그 집합투자재산에 속하는 주식을 발행한 법인이 그 집합투자업자와 다음 각 목의 어느 하나에 해당하는 관계가 있는 경우 가. 계열회사의 관계가 있는 경우 나. 그 집합투자업자에 대하여 사실상의 지배력을 행사하는 관계로서 대통령령으로 정하는 관계가 있는 경우 법제처 51 국가법령정보센 터 자본시장과 금융투자업에 관한 법률 3. 그 밖에 투자자 보호 또는 집합투자재산의 적정한 운용을 해할 우려가 있는 경우로서 대 통령령으로 정하는 경우 ③ 제2항에도 불구하고 집합투자업자는 법인의 합병, 영업의 양도ㆍ양수, 임원의 임면, 정관 변경, 그 밖에 이에 준하는 사항으로서 투자자의 이익에 명백한 영향을 미치는 사항(이하 이 조에서 “주요의결사항”이라 한다)에 대하여 제2항의 방법에 따라 의결권을 행사하는 경우 집 합투자재산에 손실을 초래할 것이 명백하게 예상되는 때에는 제1항에 따라 의결권을 행사할 수 있다. 다만, 「독점규제 및 공정거래에 관한 법률」"
제31조제1항,"[0, 0, 31, 1]",REGULATION,의결권 행사,집합투자업자,행사,의결권,MANDATORY,"제31조제1항에 따른 상호출자제한기업 집단(이하 “상호출자제한기업집단”이라 한다)에 속하는 집합투자업자는 집합투자재산으로 그와 계열회사의 관계에 있는 주권상장법인이 발행한 주식을 소유하고 있는 경우에는 다음 각 호의 요건을 모두 충족하는 방법으로만 의결권을 행사할 수 있다.<개정 2013. 5. 28., 2020. 12. 29.> 1. 그 주권상장법인의 특수관계인(「독점규제 및 공정거래에 관한 법률」"
Unknown,[],REGULATION,Unknown,,,,,제9조제1항제5호가 목에 따른 특수관계인을 말한다)이 의결권을 행사할 수 있는 주식의 수를 합하여 그 법인 의 발행주식총수의 100분의 15를 초과하지 아니하도록 의결권을 행사할 것 2. 집합투자업자가
제81조제1항,[],REGULATION,투자한도 초과 주식,주주,결권 행사,결의내용,MANDATORY,제81조제1항 각 호 외의 부분 단서에 따라 같은 항 제1호가목의 투자한도 를 초과하여 취득한 주식은 그 주식을 발행한 법인의 주주총회에 참석한 주주가 소유한 주식수에서 집합투자재산인 주식수를 뺀 주식수의 결의내용에 영향을 미치지 아니하도록 의 결권을 행사할 것 ④ 집합투자업자는
제81조제1항,[],,,,,,,제81조제1항 및
제84조제4항,[],REGULATION,의결권,주식,행사,의결권,PROHIBITIVE,"제84조제4항에 따른 투자한도를 초과하여 취득한 주식 에 대하여는 그 주식의 의결권을 행사할 수 없다. ⑤ 집합투자업자는 제삼자와의 계약에 의하여 의결권을 교차하여 행사하는 등 제2항부터 제 4항까지의 규정의 적용을 면하기 위한 행위를 하여서는 아니 된다.<개정 2013. 5. 28.> ⑥ 금융위원회는 집합투자업자가 제2항부터 제5항까지의 규정을 위반하여 집합투자재산에 속하는 주식의 의결권을 행사한 경우에는 6개월 이내의 기간을 정하여 그 주식의 처분을 명 할 수 있다.<개정 2008. 2. 29., 2013. 5. 28.> ⑦ 집합투자업자는 각 집합투자재산에서 대통령령으로 정하는 비율 또는 금액 이상을 소유 하는 주식을 발행한 법인(이하 이 조에서 “의결권공시대상법인”이라 한다)에 대한 의결권 행 사 여부 및 그 내용(의결권을 행사하지 아니한 경우에는 그 사유)을 대통령령으로 정하는 방 법에 따라 기록ㆍ유지하여야 한다. ⑧ 집합투자업자는 집합투자재산에 속하는 주식 중 대통령령으로 정하는 주식("
제9조제15항,[],REGULATION,의결권 공시,주권상장법인,공시,의결권 행사 내용,MANDATORY,"제9조제15항 제3호나목에 따른 주권상장법인의 경우에는 주식과 관련된 증권예탁증권을 포함한다)의 의 결권 행사 내용 등을 다음 각 호의 구분에 따라 공시하여야 한다. 이 경우 공시 방법 등에 관 하여 필요한 사항은 대통령령으로 정한다.<개정 2009. 2. 3., 2013. 5. 28.> 1. 제2항 및 제3항에 따라 주요의결사항에 대하여 의결권을 행사하는 경우 : 의결권의 구체 적인 행사내용 및 그 사유 2. 의결권공시대상법인에 대하여 의결권을 행사하는 경우 : 제7항에 따른 의결권의 구체적인 행사내용 및 그 사유 3. 의결권공시대상법인에 대하여 의결권을 행사하지 아니한 경우 : 제7항에 따른 의결권을 행사하지 아니한 구체적인 사유 ⑨ 집합투자업자는 제8항에 따라 의결권 행사 여부에 관한 사항 등을 공시하는 경우에는 투 자자가 그 의결권 행사 여부의 적정성 등을 파악하는 데에 필요한 자료로서 대통령령으로 정 법제처 52 국가법령정보센 터 자본시장과 금융투자업에 관한 법률 하는 자료를 함께 공시하여야 한다."
제87조,[],REGULATION,의결권,집합투자업자,행사,의결권,MANDATORY,"제87조(의결권 등) ① 집합투자업자(투자신탁이나 투자익명조합의 집합투자업자에 한한다. 이 하 이 조에서 같다)는 투자자의 이익을 보호하기 위하여 집합투자재산에 속하는 주식의 의결 권을 충실하게 행사하여야 한다. <개정 2013. 5. 28.> 1. 삭제<2013. 5. 28.> 2. 삭제<2013. 5. 28.> 3. 삭제<2013. 5. 28.> ② 제1항에도 불구하고 집합투자업자는 다음 각 호의 어느 하나에 해당하는 경우에는 집합 투자재산에 속하는 주식을 발행한 법인의 주주총회에 참석한 주주가 소유하는 주식수에서 집합투자재산에 속하는 주식수를 뺀 주식수의 결의내용에 영향을 미치지 아니하도록 의결권 을 행사하여야 한다.<개정 2013. 5. 28.> 1. 다음 각 목의 어느 하나에 해당하는 자가 그 집합투자재산에 속하는 주식을 발행한 법인 을 계열회사로 편입하기 위한 경우 가. 그 집합투자업자 및 그와 대통령령으로 정하는 이해관계가 있는 자 나. 그 집합투자업자에 대하여 사실상의 지배력을 행사하는 자로서 대통령령으로 정하는 자 2. 그 집합투자재산에 속하는 주식을 발행한 법인이 그 집합투자업자와 다음 각 목의 어느 하나에 해당하는 관계가 있는 경우 가. 계열회사의 관계가 있는 경우 나. 그 집합투자업자에 대하여 사실상의 지배력을 행사하는 관계로서 대통령령으로 정하는 관계가 있는 경우 3. 그 밖에 투자자 보호 또는 집합투자재산의 적정한 운용을 해할 우려가 있는 경우로서 대 통령령으로 정하는 경우 ③ 제2항에도 불구하고 집합투자업자는 법인의 합병, 영업의 양도ㆍ양수, 임원의 임면, 정관 변경, 그 밖에 이에 준하는 사항으로서 투자자의 이익에 명백한 영향을 미치는 사항(이하 이 조에서 “주요의결사항”이라 한다)에 대하여 제2항의 방법에 따라 의결권을 행사하는 경우 집 합투자재산에 손실을 초래할 것이 명백하게 예상되는 때에는 제1항에 따라 의결권을 행사할 수 있다. 다만, 「독점규제 및 공정거래에 관한 법률」"
제31조제1항,[],REGULATION,의결권 행사,집합투자업자,행사,의결권,PROHIBITIVE,"제31조제1항에 따른 상호출자제한기업 집단(이하 “상호출자제한기업집단”이라 한다)에 속하는 집합투자업자는 집합투자재산으로 그와 계열회사의 관계에 있는 주권상장법인이 발행한 주식을 소유하고 있는 경우에는 다음 각 호의 요건을 모두 충족하는 방법으로만 의결권을 행사할 수 있다.<개정 2013. 5. 28., 2020. 12. 29.> 1. 그 주권상장법인의 특수관계인(「독점규제 및 공정거래에 관한 법률」"
제9조제1항제5호,[],REGULATION,특수관계인,특수관계인,행사,의결권,MANDATORY,제9조제1항제5호가 목에 따른 특수관계인을 말한다)이 의결권을 행사할 수 있는 주식의 수를 합하여 그 법인 의 발행주식총수의 100분의 15를 초과하지 아니하도록 의결권을 행사할 것 2. 집합투자업자가
제81조제1항,[],REGULATION,의결권 행사,주주,행사할 것,의결권,MANDATORY,제81조제1항 각 호 외의 부분 단서에 따라 같은 항 제1호가목의 투자한도 를 초과하여 취득한 주식은 그 주식을 발행한 법인의 주주총회에 참석한 주주가 소유한 주식수에서 집합투자재산인 주식수를 뺀 주식수의 결의내용에 영향을 미치지 아니하도록 의 결권을 행사할 것 법제처 53 국가법령정보센 터 자본시장과 금융투자업에 관한 법률 ④ 집합투자업자는
제81조제1항,[],,,,,,,"제81조제1항, 같은 조 제5항제2호ㆍ제3호 및"
제84조,[],REGULATION,의결권 제한,,행사할 수 없다,의결권,PROHIBITIVE,"제84조제4항에 따른 투자 한도를 초과하여 취득한 주식에 대하여는 그 주식의 의결권을 행사할 수 없다.<개정 2025. 9. 16.> ⑤ 집합투자업자는 제삼자와의 계약에 의하여 의결권을 교차하여 행사하는 등 제2항부터 제 4항까지의 규정의 적용을 면하기 위한 행위를 하여서는 아니 된다.<개정 2013. 5. 28.> ⑥ 금융위원회는 집합투자업자가 제2항부터 제5항까지의 규정을 위반하여 집합투자재산에 속하는 주식의 의결권을 행사한 경우에는 6개월 이내의 기간을 정하여 그 주식의 처분을 명 할 수 있다.<개정 2008. 2. 29., 2013. 5. 28.> ⑦ 집합투자업자는 각 집합투자재산에서 대통령령으로 정하는 비율 또는 금액 이상을 소유 하는 주식을 발행한 법인(이하 이 조에서 “의결권공시대상법인”이라 한다)에 대한 의결권 행 사 여부 및 그 내용(의결권을 행사하지 아니한 경우에는 그 사유)을 대통령령으로 정하는 방 법에 따라 기록ㆍ유지하여야 한다. ⑧ 집합투자업자는 집합투자재산에 속하는 주식 중 대통령령으로 정하는 주식("
제9조제15항,"[9, 15, 3, None]",REGULATION,공시,주권상장법인,공시,의결권 행사 내용,MANDATORY,"제9조제15항 제3호나목에 따른 주권상장법인의 경우에는 주식과 관련된 증권예탁증권을 포함한다)의 의 결권 행사 내용 등을 다음 각 호의 구분에 따라 공시하여야 한다. 이 경우 공시 방법 등에 관 하여 필요한 사항은 대통령령으로 정한다.<개정 2009. 2. 3., 2013. 5. 28.> 1. 제2항 및 제3항에 따라 주요의결사항에 대하여 의결권을 행사하는 경우 : 의결권의 구체 적인 행사내용 및 그 사유 2. 의결권공시대상법인에 대하여 의결권을 행사하는 경우 : 제7항에 따른 의결권의 구체적인 행사내용 및 그 사유 3. 의결권공시대상법인에 대하여 의결권을 행사하지 아니한 경우 : 제7항에 따른 의결권을 행사하지 아니한 구체적인 사유 ⑨ 집합투자업자는 제8항에 따라 의결권 행사 여부에 관한 사항 등을 공시하는 경우에는 투 자자가 그 의결권 행사 여부의 적정성 등을 파악하는 데에 필요한 자료로서 대통령령으로 정 하는 자료를 함께 공시하여야 한다. [시행일: 2026. 3. 17.]"
제87조,[],,,,,,,
제88조,[],REGULATION,자산운용보고서,집합투자업자,교부,투자자,MANDATORY,"제88조(자산운용보고서의 교부) ① 집합투자업자는 자산운용보고서를 작성하여 해당 집합투자 재산을 보관ㆍ관리하는 신탁업자의 확인을 받아 3개월마다 1회 이상 해당 집합투자기구의 투자자에게 교부하여야 한다. 다만, 투자자가 수시로 변동되는 등 투자자의 이익을 해할 우려 가 없는 경우로서 대통령령으로 정하는 경우에는 자산운용보고서를 투자자에게 교부하지 아 니할 수 있다. <개정 2009. 2. 3.> ② 집합투자업자는 제1항에 따른 자산운용보고서에 다음 각 호의 사항을 기재하여야 한다. 1. 다음 각 목의 어느 하나에 해당하는 날(이하 이 조에서 “기준일”이라 한다) 현재의 해당 집 합투자기구의 자산ㆍ부채 및 집합투자증권의 기준가격 가. 회계기간의 개시일부터 3개월이 종료되는 날 나. 회계기간의 말일 다. 계약기간의 종료일 또는 존속기간의 만료일 라. 해지일 또는 해산일 2. 직전의 기준일(직전의 기준일이 없는 경우에는 해당 집합투자기구의 최초 설정일 또는 성 립일을 말한다)부터 해당 기준일까지의 기간(이하 이 조에서 “해당 운용기간”이라 한다) 중 법제처 54 국가법령정보센 터 자본시장과 금융투자업에 관한 법률 운용경과의 개요 및 해당 운용기간 중의 손익 사항 3. 기준일 현재 집합투자재산에 속하는 자산의 종류별 평가액과 집합투자재산 총액에 대한 각각의 비율 4. 해당 운용기간 중 매매한 주식의 총수, 매매금액 및 대통령령으로 정하는 매매회전율 5. 그 밖에 대통령령으로 정하는 사항 ③ 제1항에 따른 자산운용보고서의 교부시기 및 방법, 비용부담 등에 관하여 필요한 사항은 대통령령으로 정한다.<개정 2009. 2. 3.> [제목개정 2009. 2. 3.]"
제89조,[],REGULATION,공시,집합투자업자,공시,정보,MANDATORY,"제89조(수시공시) ①투자신탁이나 투자익명조합의 집합투자업자는 다음 각 호의 어느 하나에 해당하는 사항이 발생한 경우 대통령령으로 정하는 바에 따라 이를 지체 없이 공시하여야 한 다. <개정 2009. 2. 3., 2011. 8. 4., 2021. 4. 20.> 1. 투자운용인력의 변경이 있는 경우 그 사실과 변경된 투자운용인력의 운용경력(운용한 집 합투자기구의 명칭, 집합투자재산의 규모와 수익률을 말한다) 2. 환매연기 또는 환매재개의 결정 및 그 사유("
제230조,[],REGULATION,수시공시,집합투자업자,공시,정보,MANDATORY,"제230조에 따른 환매금지형집합투자기구의 만 기를 변경하거나 만기상환을 거부하는 결정 및 그 사유를 포함한다) 3. 대통령령으로 정하는 부실자산이 발생한 경우 그 명세 및 상각률 4. 집합투자자총회의 결의내용 5. 그 밖에 투자자 보호를 위하여 필요한 사항으로서 대통령령으로 정하는 사항 ② 제1항에 따른 수시공시는 다음 각 호의 방법으로 한다.<신설 2009. 2. 3.> 1. 집합투자업자, 집합투자증권을 판매한 투자매매업자 또는 투자중개업자 및 협회의 인터넷 홈페이지를 이용하여 공시하는 방법 2. 집합투자증권을 판매한 투자매매업자 또는 투자중개업자로 하여금 전자우편을 이용하여 투자자에게 알리는 방법 3. 집합투자업자, 집합투자증권을 판매한 투자매매업자 또는 투자중개업자의 본점과 지점, 그 밖의 영업소에 게시하는 방법"
제90조,[],REGULATION,보고,집합투자업자,작성 및 제출,영업보고서,MANDATORY,"제90조(집합투자재산에 관한 보고 등) ① 집합투자업자(투자신탁이나 투자익명조합의 집합투자 업자에 한한다. 이하 이 조에서 같다)는 대통령령으로 정하는 방법에 따라 집합투자재산에 관 한 매 분기의 영업보고서를 작성하여 매 분기 종료 후 2개월 이내에 금융위원회 및 협회에 제 출하여야 한다. <개정 2008. 2. 29., 2009. 2. 3.> ② 집합투자업자는 집합투자기구에 대하여 다음 각 호의 어느 하나에 해당하는 사유가 발생 한 경우 그 사유가 발생한 날부터 2개월 이내에"
제239조,[],REGULATION,결산서류,금융위원회 및 협회,제출,결산서류,MANDATORY,제239조에 따른 결산서류를 금융위원회 및 협회에 제출하여야 한다.<개정 2008. 2. 29.> 1. 집합투자기구의 회계기간 종료 2. 집합투자기구의 계약기간 또는 존속기간의 종료 3. 집합투자기구의 해지 또는 해산 ③ 금융위원회 및 협회는 제1항 및 제2항에 따라 제출받은 서류를 인터넷 홈페이지 등을 이 용하여 공시하여야 한다.<개정 2008. 2. 29.> ④ 협회는 대통령령으로 정하는 방법에 따라 각 집합투자재산의 순자산가치의 변동명세가 포함된 운용실적을 비교하여 그 결과를 인터넷 홈페이지 등을 이용하여 공시하여야 한다.
제91조,[],REGULATION,열람 및 공시,투자자,청구,장부ㆍ서류,MANDATORY,"제91조(장부ㆍ서류의 열람 및 공시 등) ① 투자자는 집합투자업자(투자신탁이나 투자익명조합 의 집합투자업자에 한하며, 해당 집합투자증권을 판매한 투자매매업자 및 투자중개업자를 포 함한다. 이하 이 조에서 같다)에게 영업시간 중에 이유를 기재한 서면으로 그 투자자에 관련 된 집합투자재산에 관한 장부ㆍ서류의 열람이나 등본 또는 초본의 교부를 청구할 수 있다. 이 경우 그 집합투자업자는 대통령령으로 정하는 정당한 사유가 없는 한 이를 거절하여서는 아 니 된다. ② 제1항에 따른 열람이나 등본 또는 초본의 교부 청구의 대상이 되는 장부ㆍ서류의 범위 등 에 관하여 필요한 사항은 대통령령으로 정한다. ③ 집합투자업자는 집합투자규약을 인터넷 홈페이지 등을 이용하여 공시하여야 한다."
제92조,[],PROCEDURE,통지,집합투자업자,통지,투자매매업자 또는 투자중개업자,MANDATORY,제92조(환매연기 등의 통지) ① 집합투자업자(투자신탁이나 투자익명조합의 집합투자업자에 한 한다. 이하 이 조에서 같다)는 다음 각 호의 어느 하나에 해당하는 사유가 발생한 경우 해당 집합투자증권을 판매한 투자매매업자 또는 투자중개업자에게 이를 즉시 통지하여야 한다. <개정 2021. 4. 20.> 1.
제237조제1항,"[None, None, 237, 1]",REGULATION,환매 연기,집합투자증권,연기,환매,,제237조제1항에 따라 집합투자증권의 환매를 연기한 경우
제230조,[],REGULATION,환매금지형집 합투자기구,환매금지형집 합투자기구,결정,만기,DEFINITIONAL,제230조에 따른 환매금지형집 합투자기구의 만기를 변경하거나 만기상환을 거부하기로 결정한 경우를 포함한다) 2.
제240조제3항,[],REGULATION,통지 의무,집합투자업자,통지,투자매매 업자 또는 투자중개업자,MANDATORY,제240조제3항에 따른 집합투자기구에 대한 회계감사인의 감사의견이 적정의견이 아닌 경 우 3. 그 밖에 투자자에게 미치는 영향이 중대한 사유로서 대통령령으로 정하는 경우 ② 집합투자업자는 제1항의 사유가 해소된 경우에는 해당 집합투자증권을 판매한 투자매매 업자 또는 투자중개업자에게 이를 즉시 통지하여야 한다.
제93조,[],REGULATION,위험평가액,집합투자업자,평가,위험평가액,MANDATORY,제93조(파생상품의 운용 특례) ① 집합투자업자는 파생상품 매매에 따른 위험평가액...
제81조,"[None, None, 81, None]",REGULATION,위험평가액,집합투자기구,공시,위험에 관한 지표,MANDATORY,"제81조제 1항제1호마목의 위험평가액을 말한다. 이하 이 조에서 같다)이 대통령령으로 정하는 기준을 초과하여 투자할 수 있는 집합투자기구의 집합투자재산을 파생상품에 운용하는 경우에는 계 약금액, 그 밖에 대통령령으로 정하는 위험에 관한 지표를 인터넷 홈페이지 등을 이용하여 공 시하여야 한다. 이 경우 그 집합투자기구의 투자설명서("
제123조제1항,"[None, None, 123, 1]",PROCEDURE,투자설명서,집합투자업자,신고,금융위원회,MANDATORY,제123조제1항에 따른 투자설명서를 말한다)에 해당 위험에 관한 지표의 개요 및 위험에 관한 지표가 공시된다는 사실을 기재하여 야 한다. ② 집합투자업자는 장외파생상품 매매에 따른 위험평가액이 대통령령으로 정하는 기준을 초 과하여 투자할 수 있는 집합투자기구의 집합투자재산을 장외파생상품에 운용하는 경우에는 장외파생상품 운용에 따른 위험관리방법을 작성하여 그 집합투자재산을 보관ㆍ관리하는 신 탁업자의 확인을 받아 금융위원회에 신고하여야 한다.<개정 2008. 2. 29.>
제94조,"[0, 0, 94, 0]",ACTOR,부동산의 운용 특례,집합투자업자,,,,제94조(부동산의 운용 특례) ① 집합투자업자는
제83조제1항,"[None, None, 83, 1]",REGULATION,집합투자재산 부동산 취득,집합투자재산,취득,부동산,MANDATORY,제83조제1항 각 호 외의 부분 본문에 불구하고 집합투자재산으로 부동산을 취득하는 경우
제229조제2호,[],REGULATION,차입,부동산집합투자기구,차입,금전,PERMISSIVE,제229조제2호에 따른 부동산집합투자기구는 운 용하는 경우를 포함한다)에는 대통령령으로 정하는 방법에 따라 집합투자기구의 계산으로 금 전을 차입할 수 있다. <개정 2016. 3. 29.> ② 집합투자업자는
제83조제4항,[],REGULATION,대여,법인,대여,금전,PERMISSIVE,"제83조제4항에 불구하고 집합투자재산으로 부동산개발사업을 영위하는 법인(부동산신탁업자, 그 밖에 대통령령으로 정하는 자를 포함한다)에 대하여 대통령령으로 정하는 방법에 따라 금전을 대여할 수 있다."
제81조,"[None, None, 81, None]",PERMISSIVE,수익자 기록,신탁원부,기록하지 않다,수익자,PERMISSIVE,"제81조를 적용할 때에는 그 신탁원부에 수익자를 기록하지 아니할 수 있다.<개정 2011. 4. 12.> ⑥ 제1항 및 제2항에 따른 금전 차입과 금전 대여의 한도, 차입한 금전의 운용 제한 등에 관 하여 필요한 사항은 대통령령으로 정한다."
제95조,"[0, 0, 95, 0]",REGULATION,청산,금융위원회,감독,청산사무,MANDATORY,"제95조(청산) ① 금융위원회는 집합투자업을 영위하는 금융투자업자의 청산사무를 감독한다. <개정 2008. 2. 29.> ② 금융위원회는 청산사무 및 재산의 상황을 검사하거나 재산의 공탁명령, 그 밖에 청산의 감독에 필요한 명령을 할 수 있다.<개정 2008. 2. 29.> ③ 금융위원회는 집합투자업을 영위하는 금융투자업자가 금융투자업인가의 취소로 인하여 해산한 경우에는 직권으로 청산인을 선임한다.<개정 2008. 2. 29.> ④ 금융위원회는 집합투자업을 영위하는 금융투자업자가 법원의 명령 또는 판결에 의하여 해산하는 경우와 청산인이 없는 경우에는 직권으로 또는 이해관계인의 청구에 의하여 청산인을 선임한다.<개정 2008. 2. 29.> ⑤ 금융위원회는 청산인을 선임한 경우에는 집합투자업을 영위하는 금융투자업자에게 보수를 주게 할 수 있다. 이 경우 보수액은 금융위원회가 정하여 고시한다.<개정 2008. 2. 29.> ⑥ 금융위원회는 청산인이 업무를 집행함에 있어서 현저하게 부적합하거나 중대한 법령 위반사항이 있는 경우에는 직권으로 또는 이해관계인의 청구에 의하여 청산인을 해임할 수 있다.<개정 2008. 2. 29.>"
제96조,"[0, 0, 96, 0]",ACTOR,선관의무 및 충실의무,투자자문업자 및 투자일임업자,응하여야 하며 운용하여야 하며 수행하여야 한다,투자자 및 투자일임재산,MANDATORY,"제96조(선관의무 및 충실의무) ① 투자자문업자는 투자자에 대하여 선량한 관리자의 주의로써 투자자문에 응하여야 하며, 투자일임업자는 투자자에 대하여 선량한 관리자의 주의로써 투자 일임재산을 운용하여야 한다. ② 투자자문업자 및 투자일임업자는 투자자의 이익을 보호하기 위하여 해당 업무를 충실하게 수행하여야 한다."
제97조,[],REGULATION,서면자료 교부,투자자문업자 또는 투자일임업자,교부,일반투자자,MANDATORY,제97조(계약의 체결) ① 투자자문업자 또는 투자일임업자는 일반투자자와 투자자문계약 또는 투자일임계약을 체결하고자 하는 경우에는 다음 각 호의 사항을 기재한 서면자료를 미리 일 반투자자에게 교부하여야 한다. <개정 2013. 5. 28.> 1. 투자자문의 범위 및 제공방법 또는 투자일임의 범위 및 투자대상 금융투자상품등 법제처 57 국가법령정보센 터 자본시장과 금융투자업에 관한 법률 2. 투자자문업 또는 투자일임업의 수행에 관하여 투자자문업자 또는 투자일임업자가 정하고 있는 일반적인 기준 및 절차 3. 투자자문업 또는 투자일임업을 실제로 수행하는 임직원의 성명 및 주요경력 4. 투자자와의 이해상충방지를 위하여 투자자문업자 또는 투자일임업자가 정한 기준 및 절 차 5. 투자자문계약 또는 투자일임계약과 관련하여 투자결과가 투자자에게 귀속된다는 사실 및 투자자가 부담하는 책임에 관한 사항 6. 수수료에 관한 사항 7. 투자실적의 평가 및 투자결과를 투자자에게 통보하는 방법(투자일임계약의 경우에 한한다 ) 7의2. 투자자는 투자일임재산의 운용방법을 변경하거나 계약의 해지를 요구할 수 있다는 사 실 8. 그 밖에 투자자가 계약체결 여부를 결정하는 데에 중요한 판단기준이 되는 사항으로서 대 통령령으로 정하는 사항 ② 투자자문업자 또는 투자일임업자는 일반투자자와 투자자문계약 또는 투자일임계약을 체 결하는 경우 「금융소비자 보호에 관한 법률」
제23조제1항,[],REGULATION,계약서류 기재사항,,기재,각 호의 사항,MANDATORY,"제23조제1항에 따라 일반투자자에게 교부하는 계약서류에 다음 각 호의 사항을 기재하여야 한다. 이 경우 그 기재내용은 제1항에 따라 교 부한 서면자료에 기재된 내용과 달라서는 아니 된다.<개정 2020. 3. 24.> 1. 제1항 각 호의 사항 2. 계약당사자에 관한 사항 3. 계약기간 및 계약일자 4. 계약변경 및 계약해지에 관한 사항 5. 투자일임재산이 예탁된 투자매매업자ㆍ투자중개업자, 그 밖의 금융기관의 명칭 및 영업소 명"
제98조,[],REGULATION,불건전 영업행위의 금지,투자자문업자,행위,불건전 영업행위,PROHIBITIVE,"제98조(불건전 영업행위의 금지) ① 투자자문업자 또는 투자일임업자는 다음 각 호의 어느 하나 에 해당하는 행위를 하여서는 아니 된다. 다만, 투자자 보호 및 건전한 거래질서를 해할 우려 가 없는 경우로서 대통령령으로 정하는 경우에는 이를 할 수 있다. <개정 2013. 5. 28.> 1. 투자자로부터 금전ㆍ증권, 그 밖의 재산의 보관ㆍ예탁을 받는 행위 2. 투자자에게 금전ㆍ증권, 그 밖의 재산을 대여하거나 투자자에 대한 제삼자의 금전ㆍ증권, 그 밖의 재산의 대여를 중개ㆍ주선 또는 대리하는 행위 3. 투자권유자문인력 또는 투자운용인력이 아닌 자에게 투자자문업 또는 투자일임업을 수행 하게 하는 행위 4. 계약으로 정한 수수료 외의 대가를 추가로 받는 행위 5. 투자자문에 응하거나 투자일임재산을 운용하는 경우 금융투자상품등의 가격에 중대한 영 향을 미칠 수 있는 투자판단에 관한 자문 또는 매매 의사를 결정한 후 이를 실행하기 전에 그 금융투자상품등을 자기의 계산으로 매매하거나 제삼자에게 매매를 권유하는 행위 ② 투자일임업자는 투자일임재산을 운용함에 있어서 다음 각 호의 어느 하나에 해당하는 행 위를 하여서는 아니 된다. 다만, 투자자 보호 및 건전한 거래질서를 해할 우려가 없는 경우로 서 대통령령으로 정하는 경우에는 이를 할 수 있다.<개정 2013. 5. 28.> 법제처 58 국가법령정보센 터 자본시장과 금융투자업에 관한 법률 1. 정당한 사유 없이 투자자의 운용방법의 변경 또는 계약의 해지 요구에 응하지 아니하는 행위 2. 자기 또는 관계인수인이 인수한 증권을 투자일임재산으로 매수하는 행위 3. 자기 또는 관계인수인이 대통령령으로 정하는 인수업무를 담당한 법인의 특정증권등( ... )"
제 172조제1항,"[None, None, 172, 1]",DEFINITION,특정증권등,,말한다,특정증권등,DEFINITIONAL,제 172조제1항의 특정증권등을 말한다. 이하 이 호에서 같다)에 대하여 인위적인 시세(
제176조제2항제1호,"[None, None, 176, 1]",REGULATION,투자일임재산,투자일임업자,위반,투자일임재산,PROHIBITIVE,"제 176조제2항제1호의 시세를 말한다)를 형성하기 위하여 투자일임재산으로 그 특정증권등 을 매매하는 행위 4. 특정 투자자의 이익을 해하면서 자기 또는 제삼자의 이익을 도모하는 행위 5. 투자일임재산으로 자기가 운용하는 다른 투자일임재산, 집합투자재산 또는 신탁재산과 거 래하는 행위 6. 투자일임재산으로 투자일임업자 또는 그 이해관계인의 고유재산과 거래하는 행위 7. 투자자의 동의 없이 투자일임재산으로 투자일임업자 또는 그 이해관계인이 발행한 증권 에 투자하는 행위 8. 투자일임재산을 각각의 투자자별로 운용하지 아니하고 여러 투자자의 자산을 집합하여 운용하는 행위 9. 투자자로부터 다음 각 목의 행위를 위임받는 행위 가. 투자일임재산을 예탁하는 투자매매업자ㆍ투자중개업자, 그 밖의 금융기관을 지정하거 나 변경하는 행위 나. 투자일임재산을 예탁하거나 인출하는 행위 다. 투자일임재산에 속하는 증권의 의결권, 그 밖의 권리를 행사하는 행위 10. 그 밖에 투자자 보호 또는 건전한 거래질서를 해할 우려가 있는 행위로서 대통령령으로 정하는 행위"
제98조의2,[],REGULATION,성과보수,투자자문업자,받다,성과보수,PROHIBITIVE,"제98조의2(성과보수의 제한) ① 투자자문업자 또는 투자일임업자는 투자자문과 관련한 투자결 과 또는 투자일임재산의 운용실적과 연동된 성과보수를 받아서는 아니 된다. 다만, 투자자 보 호 및 건전한 거래질서를 해할 우려가 없는 경우로서 대통령령으로 정하는 경우에는 성과보 수를 받을 수 있다. ② 투자자문업자 또는 투자일임업자가 제1항 단서에 따라 성과보수를 받고자 하는 경우에는 그 성과보수의 산정방식, 그 밖에 대통령령으로 정하는 사항을 해당 투자자문 또는 투자일임 의 계약서류에 기재하여야 한다. [본조신설 2013. 5. 28.]"
제99조,[],REGULATION,투자일임보고서,투자일임업자,작성,투자일임보고서,MANDATORY,제99조(투자일임보고서의 교부) ① 투자일임업자는 다음 각 호의 사항에 대한 보고서(이하 이 조에서 “투자일임보고서”라 한다)를 작성하여 3개월마다 1회 이상 투자일임계약을 체결한 일반투자자에게 교부하여야 한다. <개정 2009. 2. 3.> 1. 투자일임재산의 운용현황 2. 투자일임재산 중 특정 자산을 그 투자일임업자의 고유재산과 거래한 실적이 있는 경우 그 거래시기ㆍ거래실적 및 잔액 ② 투자일임보고서의 기재사항 및 교부방법 등에 관하여 필요한 사항은 대통령령으로 정한 다. 법제처 59 국가법령정보센터 자본시장과 금융투자업에 관한 법률
제100조,[],REGULATION,역외투자자문업자,,,,,제100조(역외투자자문업자 등의 특례) ①
제28조의2,[],,,,,,,"제28조의2,"
Unknown,[],REGULATION,Unknown,,,,,제30조부터
Unknown,[],REGULATION,Unknown,,,,,"제36조까지,"
제38조,[],,,,,,,
제40조,[],,,,,,,
제41조,[],,,,,,,
제44조,[],,,,,,,"제44조,"
제45조,[],,,,,,,"제45조,"
Unknown,[],REGULATION,Unknown,,,,,제50조부터
제52조,[],,,,,,,
제56조,[],,,,,,,
Unknown,[],REGULATION,Unknown,,,,,제61조부터
Unknown,[],REGULATION,Unknown,,,,,제63조까지의 규정 은
제18조제2항제1호,"[None, None, 18, 1]",REGULATION,역외투자자문업자,역외투자자문업자,두어야 하며 포함하여야 한다,연락책임자 및 계약,MANDATORY,제18조제2항제1호 각 목 외의 부분 단
제98조,[],REGULATION,역외투자일임업자,역외투자일임업자,제출,업무보고서,MANDATORY,"제98조에서 정한 사항의 준수 여부 점검 등 을 위하여 임직원이 그 직무를 수행함에 있어서 따라야 할 적절한 기준 및 절차를 마련하고, 그 운영실태를 정기적으로 점검하여야 한다. ⑤ 역외투자자문업자 또는 역외투자일임업자는 대통령령으로 정하는 방법에 따라 업무보고 서를 작성하여 금융위원회에 제출하여야 한다.<개정 2008. 2. 29.> ⑥ 역외투자일임업자는 전문투자자 중 대통령령으로 정하는 자 외의 자를 대상으로 투자일 임업을 영위하여서는 아니 된다. ⑦ 역외투자일임업자는 투자일임재산으로 취득한 외화증권을 대통령령으로 정하는 외국 보 관기관에 보관하여야 한다. ⑧ 그 밖에 역외투자자문업자 또는 역외투자일임업자의 업무방법 및 절차 등에 관하여 필요 한 사항은 대통령령으로 정한다."
제101조,[],REGULATION,유사투자자문업,투자자문업자 외의 자,신고,유사투자자문업,MANDATORY,제101조(유사투자자문업의 신고) ① 투자자문업자 외의 자로서 고객으로부터 일정한 대가를 받 고 간행물ㆍ출판물ㆍ통신물 또는 방송 등을 통하여 행하는 금융투자상품에 대한 투자판단 또 는 금융투자상품의 가치에 관한 개별성 없는 조언을 하는 것을 업(이하 이 조 및
제101조의 2,[],REGULATION,신고,자,신고,금융위원회,MANDATORY,"제101조의 2에서 “유사투자자문업”이라 한다)으로 영위하고자 하는 자는 금융위원회가 정하여 고시하는 서식에 따라 금융위원회에 신고하여야 한다. <개정 2008. 2. 29., 2024. 2. 13.> ② 유사투자자문업을 영위하는 자(이하 이 조,"
제101조의2,[],,,,,,,제101조의2 및
제101조의3,[],REGULATION,보고,유사투자자문업자,보고,금융위원회,MANDATORY,"제101조의3에서 “유사투자자 문업자”라 한다)는 다음 각 호의 어느 하나에 해당하는 경우 2주 이내에 이를 금융위원회에 보고하여야 한다.<개정 2008. 2. 29., 2024. 2. 13.> 1. 유사투자자문업을 폐지한 경우 2. 명칭 또는 소재지를 변경한 경우 3. 대표자 또는 임원을 변경한 경우 ③ 금융위원회는 유사투자자문업의 질서유지 및 고객보호 등을 위하여 필요하다고 인정되는 경우에는 유사투자자문업을 영위하는 자에 대하여 영업내용 및 업무방법 등에 관한 자료의 제출을 요구할 수 있다. 이 경우 자료의 제출을 요구받은 자는 정당한 사유가 없으면 그 요구 에 따라야 한다.<개정 2008. 2. 29., 2018. 12. 31.> ④ 삭제<2024. 2. 13.> ⑤ 제1항에도 불구하고 다음 각 호의 어느 하나에 해당하는 자에 대하여 유사투자자문업 신 고를 수리하지 아니할 수 있다.<신설 2018. 12. 31., 2024. 2. 13.> 법제처 60 국가법령정보센 터 자본시장과 금융투자업에 관한 법률 1. 이 법, 「유사수신행위의 규제에 관한 법률」 또는 「방문판매 등에 관한 법률」 등 대통령령 으로 정하는 금융 또는 소비자 보호 관련 법령을 위반하여 벌금 이상의 형을 선고받고 그 집행이 끝나거나(집행이 끝난 것으로 보는 경우를 포함한다) 면제된 날부터 5년이 지나지 아니한 자(법인인 경우 임원을 포함한다) 2. 제2항에 따라 유사투자자문업의 폐지를 보고하고 1년이 지나지 아니한 자 3. 제7항에 따른 교육을 받지 아니한 자 4. 제9항에 따라 신고가 말소되고 5년이 지나지 아니한 자(법인인 경우 말소에 책임 있는 임 원을 포함한다) 5. 그 밖에 제1호부터 제4호까지에 준하는 경우로서 투자자 보호의 필요성 등을 고려하여 대 통령령으로 정하는 자 ⑥ 제1항에 따른 신고의 유효기간은 신고를 수리한 날부터 5년으로 한다.<신설 2018. 12. 31.> ⑦ 제1항에 따른 신고를 하려는 자는 투자자 보호를 위하여 유사투자자문업의 영위에 필요 한 교육을 받아야 한다.<신설 2018. 12. 31.> ⑧ 제7항에 따른 교육의 실시기관, 대상, 내용, 방법 및 절차 등에 관하여 필요한 사항은 금융 위원회가 정하여 고시한다.<신설 2018. 12. 31.> ⑨ 금융위원회는 다음 각 호의 어느 하나에 해당하는 자에 대한 신고사항을 직권으로 말소할 수 있다.<신설 2018. 12. 31., 2024. 2. 13.> 1. 유사투자자문업자가 「부가가치세법」"
제8조,[],PROCEDURE,폐업신고,사업자,폐업신고,관할 세무서장,MANDATORY,제8조에 따라 관할 세무서장에게 폐업신고를 하거 나 관할 세무서장이 사업자등록을 말소한 자 1의2. 「방문판매 등에 관한 법률」
제49조,[],CONCEPT,전자상거래 등에서의 소비자보호에 관한 법,,,,,제49조 또는 「전자상거래 등에서의 소비자보호에 관한 법 률」
제32조,[],DEFINITION,시정조치,자,이행하지 않다,시정조치,DEFINITIONAL,"제32조에 따른 시정조치를 이행하지 아니한 자 2. 이 조,"
제101조의2,[],,,,,,,제101조의2
제101조의3,[],,,,,,,
Unknown,[],REGULATION,Unknown,,,,,"제173조의2제1항,"
Unknown,[],REGULATION,Unknown,,,,,"제178조의2,"
제180조,[],,,,,,,제180조 또는
제180조의 2,[],,,,,,,제180조의 2부터
제180조의4,[],REGULATION,과태료 및 과징금,금융위원회,요청,정보,PROHIBITIVE,제180조의4까지를 위반하여 과태료 또는 과징금 처분을 받고 그 처분을 받은 날부 터 5년 이내에 위 규정 중 어느 하나를 다시 위반하여 과태료 또는 과징금 처분을 받은 자 (법인인 경우에는 대표자 및 임원이 받은 과태료 또는 과징금 처분을 포함한다) 3. 제5항 각 호의 어느 하나에 해당하는 자 ⑩ 금융위원회는 제9항제1호 또는 제1호의2의 말소를 위하여 필요한 경우 관할 세무서장에 게 영업자의 폐업 여부에 관한 정보의 제공을 요청하거나 공정거래위원회 위원장에게 시정 조치 이행여부에 관한 정보의 제공을 요청할 수 있다. 이 경우 요청을 받은 관할 세무서장 또 는 공정거래위원회 위원장은 「전자정부법」
제39조,[],REGULATION,정보 제공,영업자,제공,정보,MANDATORY,제39조에 따라 영업자의 폐업 여부 또는 시정조 치 이행여부에 관한 정보를 제공한다.
제419조,[],REGULATION,보고,유사투자자문업자,보고,제2항,MANDATORY,"제419조를 준용한다.<신설 2018. 12. 31., 2024. 2. 13.> 1. 유사투자자문업자가 제2항에 따른 보고를 하지 않거나 거짓으로 보고한 경우 2. 유사투자자문업자가 제3항 후단에 따른 정당한 사유 없이 자료제출을 하지 않거나 거짓으 로 제출한 경우 3. 유사투자자문업자가"
제101조의2,[],PENALTY,불건전 영업행위,유사투자자문업자,위반,불건전 영업행위,MANDATORY,제101조의2에 따른 불건전 영업행위의 금지 의무 등을 위반한 경우 4. 유사투자자문업자가
제101조의3,[],REGULATION,위반,준수사항,위반,,,제101조의3에 따른 준수사항을 위반한 경우
제101조의2,[],REGULATION,불건전 영업행위 금지,유사투자자문업자,,,,제101조의2(불건전 영업행위 금지 등) ① 유사투자자문업자에 대하여는
제55조,[],,,,,,,
제98조제 1항(제3호를 제외한다),[],REGULATION,유사투자자문업자,유사투자자문업자,표시 또는 광고,,PROHIBITIVE,"제98조제 1항(제3호를 제외한다)을 준용한다. 이 경우 “금융투자업자” 및 “투자자문업자 또는 투자일임 법제처 61 국가법령정보센 터 자본시장과 금융투자업에 관한 법률 업자”는 “유사투자자문업자”로, “투자자문업 또는 투자일임업”은 “유사투자자문업”으로 본다. ② 유사투자자문업자는 다음 각 호의 어느 하나에 해당하는 표시 또는 광고를 하여서는 아니 된다. 1. 유사투자자문업자를 금융회사로 오인하게 하는 표시 또는 광고 2. 손실보전 또는 이익보장이 되는 것으로 오인하게 하는 표시 또는 광고 3. 수익률을 사실과 다르게 표시하거나 실현되지 아니한 수익률을 제시하는 표시 또는 광고 4. 비교의 대상 및 기준을 명시하지 아니하거나 객관적인 근거 없이 자기의 금융투자상품에 대한 투자판단 또는 금융투자상품의 가치에 관한 조언이 다른 유사투자자문업자보다 유리 하다고 주장하는 표시 또는 광고 5. 그 밖에 투자자 보호 또는 건전한 거래질서를 해할 우려가 있는 표시 또는 광고로서 대통 령령으로 정하는 표시 또는 광고 [본조신설 2024. 2. 13.]"
제101조의3,[],REGULATION,유사투자자문업자,유사투자자문업자,포함,표시,MANDATORY,제101조의3(유사투자자문업자의 준수사항) 유사투자자문업자는 그 업무나 금융투자상품에 관 하여 표시 또는 광고를 하는 경우 그 표시 또는 광고에 다음 각 호의 사항을 포함하여야 한다. 1. 개별적인 투자 상담과 자금운용이 불가능하다는 사항 2. 원금에 손실이 발생할 수 있으며 그 손실은 투자자에게 귀속된다는 사항 3. 정식 금융투자업자가 아닌 유사투자자문업자라는 사항 [본조신설 2024. 2. 13.] 제4관 신탁업자의 영업행위 규칙
제102조,[],REGULATION,선관의무 및 충실의무,신탁업자,운용,신탁재산,MANDATORY,제102조(선관의무 및 충실의무) ① 신탁업자는 수익자에 대하여 선량한 관리자의 주의로써 신탁재산을 운용하여야 한다. ② 신탁업자는 수익자의 이익을 보호하기 위하여 해당 업무를 충실하게 수행하여야 한다.
제103조,[],REGULATION,신탁재산 제한,신탁업자,수탁,재산,PROHIBITIVE,"제103조(신탁재산의 제한 등) ① 신탁업자는 다음 각 호의 재산 외의 재산을 수탁할 수 없다. <개정 2011. 5. 19.> 1. 금전 2. 증권 3. 금전채권 4. 동산 5. 부동산 6. 지상권, 전세권, 부동산임차권, 부동산소유권 이전등기청구권, 그 밖의 부동산 관련 권리 7. 무체재산권(지식재산권을 포함한다) ② 신탁업자는 하나의 신탁계약에 의하여 위탁자로부터 제1항 각 호의 재산 중 둘 이상의 재산을 종합하여 수탁할 수 있다. ③ 제1항 각 호의 재산의 신탁 및 제2항의 종합재산신탁의 수탁과 관련한 신탁의 종류, 손실 의 보전 또는 이익의 보장, 그 밖의 신탁거래조건 등에 관하여 필요한 사항은 대통령령으로 정한다. 법제처 62 국가법령정보센 터 자본시장과 금융투자업에 관한 법률 ④ 신탁업자는 부동산개발사업을 목적으로 하는 신탁계약을 체결한 경우에는 그 신탁계약에 의한 부동산개발사업별로 제1항제1호의 재산을 대통령령으로 정하는 사업비의 100분의 15 이내에서 수탁할 수 있다."
제104조,[],DEFINITION,신탁재산과 고유재산의 구분,,,,,제104조(신탁재산과 고유재산의 구분) ① 「신탁법」
제34조제2항,"[34, 2, None, None]",REGULATION,신탁 재산을 고유재산으로 취득,신탁업자,취득할 수 있다,신탁 재산,PERMISSIVE,"제34조제2항은 신탁업자에게는 적용하지 아니한다. <개정 2011. 7. 25., 2018. 3. 27.> ② 신탁업자는 다음 각 호의 어느 하나에 해당하는 경우 신탁계약이 정하는 바에 따라 신탁 재산을 고유재산으로 취득할 수 있다.<개정 2013. 5. 28.> 1. 신탁행위에 따라 수익자에 대하여 부담하는 채무를 이행하기 위하여 필요한 경우{금전신 탁재산의 운용으로 취득한 자산이 거래소시장(다자간매매체결회사에서의 거래를 포함한다 ) 또는 이와 유사한 시장으로서 해외에 있는 시장에서 시세("
제176조제2항제1호,"[176, 2, 1, None]",DEFINITION,시세,,말한다,,DEFINITIONAL,"제176조제2항제1호의 시세를 말한다)가 있는 경우에 한한다} 2. 신탁계약의 해지, 그 밖에 수익자 보호를 위하여 불가피한 경우로서 대통령령으로 정하는 경우"
제103조제3항,[],REGULATION,신탁계약,,한한다,신탁계약,MANDATORY,제103조제3항에 따라 손실이 보전되거나 이익이 보장되는 신탁계약에 한한다
제105조,[],REGULATION,운용 제한,신탁업자,운용,신탁재산,MANDATORY,제105조(신탁재산 등 운용의 제한) ① 신탁업자는 신탁재산에 속하는 금전을 다음 각 호의 방법 으로 운용하여야 한다. 1. 증권(대통령령으로 정하는 증권에 한한다)의 매수 2. 장내파생상품 또는 장외파생상품의 매수 3. 대통령령으로 정하는 금융기관에의 예치 4. 금전채권의 매수 5. 대출 6. 어음의 매수 7. 실물자산의 매수 8. 무체재산권의 매수 9. 부동산의 매수 또는 개발 10. 그 밖에 신탁재산의 안전성ㆍ수익성 등을 고려하여 대통령령으로 정하는 방법 ② 신탁업자는
제103조제1항제5호 및 제6호,[],REGULATION,신탁업자 고유재산 차입 금지,신탁업자,차입,금전,PROHIBITIVE,"제103조제1항제5호 및 제6호의 재산만을 신탁받는 경우, 그 밖에 대통령령으 로 정하는 경우를 제외하고는 신탁의 계산으로 그 신탁업자의 고유재산으로부터 금전을 차 입할 수 없다. ③ 제1항 및 제2항에 따른 신탁재산 운용의 구체적 범위ㆍ조건ㆍ한도, 그 밖의 신탁재산의 운용방법 및 제한에 관하여 필요한 사항은 대통령령으로 정한다."
제106조,[],REGULATION,여유자금의 운용,신탁업자,,,,제106조(여유자금의 운용) 신탁업자는
제103조제1항제5호 및 제6호,"[103, 1, 5, None]",REGULATION,여유자금 운용,신탁재산,운용,여유자금,MANDATORY,"제103조제1항제5호 및 제6호의 재산만을 신탁받는 경우 그 신탁재산을 운용함에 따라 발생한 여유자금을 다음 각 호의 방법으로 운용하여야 한다. 1. 대통령령으로 정하는 금융기관에의 예치 2. 국채증권, 지방채증권 또는 특수채증권의 매수 3. 정부 또는 대통령령으로 정하는 금융기관이 지급을 보증한 증권의 매수 4. 그 밖에"
제103조제1항제5호 및 제6호,[],REGULATION,대통령령으로 정하는 방법,,정하는,방법,DEFINITIONAL,제103조제1항제5호 및 제6호에 따른 신탁재산의 안정성ㆍ수익성 등을 저해하지 아니하는 방법으로서 대통령령으로 정하는 방법
제107조,[],REGULATION,삭제,,삭제,제107조,,제107조 삭제 <2009. 2. 3.>
Unknown,[],REGULATION,Unknown,,,,,"제108조(불건전 영업행위의 금지) 신탁업자는 다음 각 호의 어느 하나에 해당하는 행위를 하여 서는 아니 된다. 다만, 수익자 보호 및 건전한 거래질서를 해할 우려가 없는 경우로서 대통령 령으로 정하는 경우에는 이를 할 수 있다. 1. 신탁재산을 운용함에 있어서 금융투자상품, 그 밖의 투자대상자산의 가격에 중대한 영향 을 미칠 수 있는 매수 또는 매도 의사를 결정한 후 이를 실행하기 전에 그 금융투자상품, 그 밖의 투자대상자산을 자기의 계산으로 매수 또는 매도하거나 제삼자에게 매수 또는 매 도를 권유하는 행위 2. 자기 또는 관계인수인이 인수한 증권을 신탁재산으로 매수하는 행위 3. 자기 또는 관계인수인이 대통령령으로 정하는 인수업무를 담당한 법인의 특정증권등("
제 172조제1항,[],DEFINITION,특정증권등,,,,DEFINITIONAL,제 172조제1항의 특정증권등을 말한다. 이하 이 호에서 같다)에 대하여 인위적인 시세(
제 176조제2항제1호,"[176, 2, 1, None]",REGULATION,시세,신탁재산,거래,다른 신탁재산,PROHIBITIVE,"제 176조제2항제1호의 시세를 말한다)를 형성시키기 위하여 신탁재산으로 그 특정증권등을 매매하는 행위 4. 특정 신탁재산의 이익을 해하면서 자기 또는 제삼자의 이익을 도모하는 행위 5. 신탁재산으로 그 신탁업자가 운용하는 다른 신탁재산, 집합투자재산 또는 투자일임재산과 거래하는 행위 6. 신탁재산으로 신탁업자 또는 그 이해관계인의 고유재산과 거래하는 행위 7. 수익자의 동의 없이 신탁재산으로 신탁업자 또는 그 이해관계인이 발행한 증권에 투자하 는 행위 8. 투자운용인력이 아닌 자에게 신탁재산을 운용하게 하는 행위 9. 그 밖에 수익자 보호 또는 건전한 거래질서를 해할 우려가 있는 행위로서 대통령령으로 정하는 행위"
제109조,[],REGULATION,신탁계약,신탁업자,체결,신탁계약,MANDATORY,신탁업자는 위탁자와 신탁계약을 체결하는 경우 「금융소비자 보호에 관한 법률」
제23조제1항,"[None, None, 23, 1]",REGULATION,계약서류 기재사항,위탁자,기재,계약서류,MANDATORY,"제23조제1항에 따라 위탁자에게 교부하는 계약서류에 다음 각 호의 사항을 기재하여야 한다. <개정 2020. 3. 24.> 1. 위탁자, 수익자 및 신탁업자의 성명 또는 명칭 2. 수익자의 지정 및 변경에 관한 사항 3. 신탁재산의 종류ㆍ수량과 가격 4. 신탁의 목적 5. 계약기간 6. 신탁재산의 운용에 의하여 취득할 재산을 특정한 경우에는 그 내용 7. 손실의 보전 또는 이익의 보장을 하는 경우 그 보전ㆍ보장 비율 등에 관한 사항 8. 신탁업자가 받을 보수에 관한 사항 9. 신탁계약의 해지에 관한 사항 10. 그 밖에 수익자 보호 또는 건전한 거래질서를 위하여 필요한 사항으로서 대통령령으로 정하는 사항"
제110조,[],REGULATION,수익증권,신탁업자,발행할 수 있다,수익증권,PERMISSIVE,"제110조(수익증권) ① 신탁업자는 금전신탁계약에 의한 수익권이 표시된 수익증권을 발행할 수 있다. 법제처 64 국가법령정보센 터 자본시장과 금융투자업에 관한 법률 ② 신탁업자는 제1항에 따라 수익증권을 발행하고자 하는 경우에는 대통령령으로 정하는 서 류를 첨부하여 금융위원회에 미리 신고하여야 한다.<개정 2008. 2. 29.> ③ 수익증권은 무기명식으로 한다. 다만, 수익자의 청구가 있는 경우에는 기명식으로 할 수 있다. ④ 기명식 수익증권은 수익자의 청구에 의하여 무기명식으로 할 수 있다. ⑤ 수익증권에는 다음 각 호의 사항을 기재하고 신탁업자의 대표자가 이에 기명날인 또는 서 명하여야 한다. 1. 신탁업자의 상호 2. 기명식의 경우에는 수익자의 성명 또는 명칭 3. 액면액 4. 운용방법을 정한 경우 그 내용 5."
제103조제3항,[],REGULATION,수익권,수익권,양도 및 행사,수익증권,MANDATORY,"제103조제3항에 따른 손실의 보전 또는 이익의 보장에 관한 계약을 체결한 경우에는 그 내용 6. 신탁계약기간 7. 신탁의 원금의 상환과 수익분배의 기간 및 장소 8. 신탁보수의 계산방법 9. 그 밖에 대통령령으로 정하는 사항 ⑥ 수익증권이 발행된 경우에는 해당 신탁계약에 의한 수익권의 양도 및 행사는 그 수익증권 으로 하여야 한다. 다만, 기명식 수익증권의 경우에는 수익증권으로 하지 아니할 수 있다."
제111조,[],REGULATION,수익증권 매수,신탁업자,매수할 수 있다,수익증권,PERMISSIVE,제111조(수익증권의 매수) 신탁업자는 대통령령으로 정하는 방법에 따라 수익증권을 그 고유재산으로 매수할 수 있다. 이 경우 「신탁법」
제36조,[],REGULATION,제36조 적용,,적용하지 않다,제36조,PROHIBITIVE,제36조를 적용하지 아니한다.
제112조(의결권 등),[],REGULATION,의결권 행사,신탁업자,행사,의결권,MANDATORY,"제112조(의결권 등) ① 신탁재산으로 취득한 주식에 대한 권리는 신탁업자가 행사한다. 이 경우 신탁업자는 수익자의 이익을 보호하기 위하여 신탁재산에 속하는 주식의 의결권을 충실하게 행사하여야 한다. <개정 2013. 5. 28.> ② 신탁업자는 신탁재산에 속하는 주식의 의결권을 행사함에 있어서 다음 각 호의 어느 하나 에 해당하는 경우에는 제1항에 불구하고 신탁재산에 속하는 주식을 발행한 법인의 주주총회 의 참석 주식수에서 신탁재산에 속하는 주식수를 뺀 주식수의 결의내용에 영향을 미치지 아 니하도록 의결권을 행사하여야 한다. 다만, 신탁재산에 속하는 주식을 발행한 법인의 합병, 영업의 양도ㆍ양수, 임원의 선임, 그 밖에 이에 준하는 사항으로서 신탁재산에 손실을 초래 할 것이 명백하게 예상되는 경우에는 그러하지 아니하다. 1. 다음 각 목의 어느 하나에 해당하는 자가 그 신탁재산에 속하는 주식을 발행한 법인을 계 열회사로 편입하기 위한 경우 가. 신탁업자 또는 그와 대통령령으로 정하는 특수관계에 있는 자 나. 신탁업자에 대하여 사실상의 지배력을 행사하는 자로서 대통령령으로 정하는 자 2. 신탁재산에 속하는 주식을 발행한 법인이 그 신탁업자와 다음 각 목의 어느 하나에 해당 하는 관계에 있는 경우 가. 계열회사의 관계에 있는 경우 나. 신탁업자에 대하여 사실상의 지배력을 행사하는 관계로서 대통령령으로 정하는 관계에 있는 경우 법제처 65 국가법령정보센 터 자본시장과 금융투자업에 관한 법률 3. 그 밖에 수익자의 보호 또는 신탁재산의 적정한 운용을 해할 우려가 있는 경우로서 대통 령령으로 정하는 경우 ③ 신탁업자는 신탁재산에 속하는 주식이 다음 각 호의 어느 하나에 해당하는 경우에는 그 주식의 의결권을 행사할 수 없다. 1. 동일법인이 발행한 주식 총수의 100분의 15를 초과하여 주식을 취득한 경우 그 초과하는 주식 2. 신탁재산에 속하는 주식을 발행한 법인이 자기주식을 확보하기 위하여 신탁계약에 따라 신탁업자에게 취득하게 한 그 법인의 주식 ④ 신탁업자는 제삼자와의 계약 등에 의하여 의결권을 교차하여 행사하는 등 제2항 및 제 3항의 적용을 면하기 위한 행위를 하여서는 아니 된다. ⑤ 제2항 각 호 외의 부분 단서는 상호출자제한기업집단에 속하는 신탁업자에게는 적용하지 아니한다. ⑥ 금융위원회는 신탁업자가 제2항부터 제5항까지의 규정을 위반하여 신탁재산에 속하는 주식의 의결권을 행사한 경우에는 6개월 이내의 기간을 정하여 그 주식의 처분을 명할 수 있 다.<개정 2008. 2. 29.> ⑦ 신탁업자는 합병, 영업의 양도ㆍ양수, 임원의 선임 등 경영권의 변경과 관련된 사항에 대 하여 제2항에 따라 의결권을 행사하는 경우에는 대통령령으로 정하는 방법에 따라 인터넷 홈페이지 등을 이용하여 공시하여야 한다."
제113조,[],REGULATION,장부·서류 열람,수익자,청구,장부·서류,MANDATORY,제113조(장부ㆍ서류의 열람 및 공시 등) ① 수익자는 신탁업자에게 영업시간 중에 이유를 기재 한 서면으로 그 수익자에 관련된 신탁재산에 관한 장부ㆍ서류의 열람이나 등본 또는 초본의 교부를 청구할 수 있다. 이 경우 그 신탁업자는 대통령령으로 정하는 정당한 사유가 없는 한 이를 거절하여서는 아니 된다. ② 제1항에 따른 열람이나 등본 또는 초본의 교부 청구의 대상이 되는 장부ㆍ서류의 범위 등 에 관하여 필요한 사항은 대통령령으로 정한다.
제114조,"[None, None, 114, None]",REGULATION,회계처리기준,신탁업자,따라야 한다,회계처리기준,MANDATORY,제114조(신탁재산의 회계처리 등) ① 신탁업자는 신탁재산에 관하여 회계처리를 하는 경우 금 융위원회가 증권선물위원회의 심의를 거쳐 정하여 고시한 회계처리기준에 따라야 한다. <개 정 2008. 2. 29.> ② 금융위원회는 제1항에 따른 회계처리기준의 제정 또는 개정을 전문성을 갖춘 민간법인 또는 단체로서 대통령령으로 정하는 자에게 위탁할 수 있다. 이 경우 그 민간법인 또는 단체 는 회계처리기준을 제정 또는 개정한 때에는 이를 금융위원회에 지체 없이 보고하여야 한다. <개정 2008. 2. 29.> ③ 신탁업자는 신탁재산에 대하여 그 신탁업자의 매 회계연도 종료 후 2개월 이내에 「주식 회사 등의 외부감사에 관한 법률」
제2조제7호,[],REGULATION,회계감사,신탁업자,보고,금융위원회,MANDATORY,"제2조제7호에 따른 감사인(이하 “회계감사인”이라 한다)의 회계감사를 받아야 한다. 다만, 수익자의 이익을 해할 우려가 없는 경우로서 대통령령으로 정하는 경우에는 회계감사를 받지 아니할 수 있다.<개정 2017. 10. 31.> ④ 신탁업자는 신탁재산의 회계감사인을 선임하거나 교체하는 경우에는 그 선임일 또는 교 체일부터 1주 이내에 금융위원회에 그 사실을 보고하여야 한다.<개정 2008. 2. 29.> ⑤ 회계감사인은 신탁업자가 행하는 수익증권의 기준가격 산정업무 및 신탁재산의 회계처리 업무를 감사할 때 관련 법령을 준수하였는지 여부를 감사하고 그 결과를 신탁업자의 감사(감 법제처 66 국가법령정보센 터 자본시장과 금융투자업에 관한 법률 사위원회가 설치된 경우에는 감사위원회를 말한다)에게 통보하여야 한다. ⑥ 회계감사인은 제9항에 따른 감사기준 및 「주식회사 등의 외부감사에 관한 법률」"
제16조,[],REGULATION,회계감사,회계감사인,요청,자료,MANDATORY,"제16조 에 따른 회계감사기준에 따라 회계감사를 실시하여야 한다.<개정 2009. 2. 3., 2017. 10. 31.> ⑦ 회계감사인은 신탁업자에게 신탁재산의 회계장부 등 관계 자료의 열람ㆍ복사를 요청하거 나 회계감사에 필요한 자료의 제출을 요구할 수 있다. 이 경우 신탁업자는 지체 없이 이에 응 하여야 한다. ⑧ 「주식회사 등의 외부감사에 관한 법률」"
제20조,[],REGULATION,회계감사,제20조,준용한다,신탁재산의 회계감사,MANDATORY,"제20조는 제3항에 따른 신탁재산의 회계감사에 관하여 준용한다.<개정 2017. 10. 31.> ⑨ 회계감사인의 선임기준, 감사기준, 회계감사인의 권한, 회계감사보고서의 제출 및 공시 등 에 관하여 필요한 사항은 대통령령으로 정한다.<개정 2009. 2. 3.>"
제115조,[],REGULATION,손해배상책임,회계감사인,,,,제115조(회계감사인의 손해배상책임) ① 회계감사인은
제114조제3항,[],REGULATION,손해배상 책임,회계감사보고서,배상,손해,MANDATORY,제114조제3항에 따른 회계감사의 결과 회계감사보고서 중 중요사항에 관하여 거짓의 기재 또는 표시가 있거나 중요사항이 기재 또 는 표시되지 아니함으로써 이를 이용한 수익자에게 손해를 끼친 경우에는 그 수익자에 대하 여 손해를 배상할 책임을 진다. 이 경우 「주식회사 등의 외부감사에 관한 법률」
제2조제7호,[],REGULATION,연대배상 책임,감사반,배상,손해,MANDATORY,"제2조제7호 나목에 따른 감사반이 회계감사인인 때에는 그 신탁재산에 대한 감사에 참여한 자가 연대하 여 손해를 배상할 책임을 진다. <개정 2017. 10. 31.> ② 회계감사인이 수익자에 대하여 손해를 배상할 책임이 있는 경우로서 그 신탁업자의 이사 ㆍ감사(감사위원회가 설치된 경우에는 감사위원회의 위원을 말한다. 이하 이 항에서 같다)에 게도 귀책사유가 있는 경우에는 그 회계감사인과 신탁업자의 이사ㆍ감사는 연대하여 손해를 배상할 책임을 진다. 다만, 손해를 배상할 책임이 있는 자가 고의가 없는 경우에 그 자는 법 원이 귀책사유에 따라 정하는 책임비율에 따라 손해를 배상할 책임이 있다.<개정 2014. 1. 28.> ③ 제2항 단서에도 불구하고 손해배상을 청구하는 자의 소득인정액(「국민기초생활 보장법」"
제2조제8호,[],REGULATION,소득인정액,회계감사인과 신탁업자 이사·감사,배상,손해,MANDATORY,제2조제8호에 따른 소득인정액을 말한다)이 대통령령으로 정하는 금액 이하에 해당되는 경 우에는 회계감사인과 신탁업자의 이사ㆍ감사는 연대하여 손해를 배상할 책임이 있다.<신설 2014. 1. 28.> ④ 「주식회사 등의 외부감사에 관한 법률」
제31조제6항,[],REGULATION,준용,규정,준용한다,제1항 및 제2항의 경우,MANDATORY,"제31조제6항부터 제9항까지의 규정은 제1항 및 제2항의 경우에 준용한다.<개정 2014. 1. 28., 2017. 10. 31.>"
제116조,[],REGULATION,신탁업자,신탁업자,승계,권리의무,MANDATORY,제116조(합병 등) ① 신탁업자가 합병하는 경우 합병 후 존속하는 신탁업자 또는 합병으로 인하 여 설립된 신탁업자는 합병으로 인하여 소멸된 신탁업자의 신탁에 관한 권리의무를 승계한다 . ② 「신탁법」
제12조,[],,,,,,,제12조
제21조제2항 및 제3항,[],REGULATION,신탁업자,금융위원회,명할 수 있다,공탁,PERMISSIVE,"제21조제2항 및 제3항은 신탁업자의 합병에 관하여 이의를 제기한 수 익자가 있는 경우 그 신탁업자의 임무 종료 및 새로운 신탁업자의 선임 등에 관하여 준용한 다.<개정 2011. 7. 25.> ③ 금융위원회는 신탁업자가 그 목적을 변경하여 다른 업무를 행하는 회사로서 존속하는 경 우에는 그 회사가 신탁에 관한 채무 전부를 변제하기에 이르기까지 재산의 공탁을 명하거나, 그 밖에 필요한 명령을 할 수 있다. 합병으로 인하여 신탁업자가 아닌 회사가 신탁업자의 임 무 종료를 위하여 필요한 사무를 처리하는 동안에도 또한 같다.<개정 2008. 2. 29.>"
제117조,[],REGULATION,청산,,,,,제117조(청산)
제95조,[],REGULATION,준용,금융투자업자,준용한다,청산,MANDATORY,제95조는 신탁업을 영위하는 금융투자업자의 청산에 관하여 준용한다.
제117조의2,[],CONCEPT,관리형신탁,,,,,제117조의2(관리형신탁에 관한 특례) ①
제103조제1항제4호부터 제6호까지,"[None, None, 103, None]",REGULATION,신탁재산 수탁,신탁업자,수탁,금전채권,PERMISSIVE,제103조제1항제4호부터 제6호까지의 어느 하나에 규정된 재산만을 수탁받는 신탁업자가 관리형신탁계약을 체결하는 경우 그 신탁재산에 수반되는 금전채권을 수탁할 수 있다. ② 제1항에 따른 신탁재산의 운용방법 및 제한에 관하여 필요한 사항은 대통령령으로 정한 다.
제117조의3,[],REGULATION,미등록 영업행위의 금지,등록을 하지 아니한 자,할 수 없다,온라인소액투자중개,PROHIBITIVE,제117조의3(미등록 영업행위의 금지) 누구든지 이 법에 따라 온라인소액투자중개업자 등록을 하지 아니한 자는 온라인소액투자중개를 할 수 없다. [본조신설 2015. 7. 24.]
제117조의4,[],REGULATION,등록,자,등록,금융위원회,MANDATORY,제117조의4(등록) ① 온라인소액투자중개업자가 되고자 하는 자는 금융위원회에 등록하는 경우
제12조,[],REGULATION,등록 요건,등록자,갖추다,요건,MANDATORY,"제12조에 따른 인가를 받은 것으로 본다. ② 제1항에 따라 등록을 하려는 자는 다음 각 호의 요건을 모두 갖추어야 한다.<개정 2015. 7. 31.> 1. 다음 각 목의 어느 하나에 해당하는 자일 것 가. 「상법」에 따른 주식회사 나. 외국 온라인소액투자중개업자(외국 법령에 따라 외국에서 온라인소액투자중개에 상당 하는 영업을 영위하는 자를 말한다. 이하 같다)로서 온라인소액투자중개에 필요한 지점, 그 밖의 영업소를 설치한 자 2. 5억원 이상으로서 대통령령으로 정하는 금액 이상의 자기자본을 갖출 것 3. 사업계획이 타당하고 건전할 것 4. 투자자의 보호가 가능하고 그 영위하고자 하는 업을 수행하기에 충분한 인력과 전산설비, 그 밖의 물적 설비를 갖출 것 5. 임원이 「금융회사의 지배구조에 관한 법률」"
제5조,[],ACTOR,대주주,대주주,,,,제5조에 적합할 것 6. 대주주(
제12조,"[12, None, None, None]",REGULATION,등록요건,온라인소액투자중개업자,등록,등록신청서,MANDATORY,"제12조제2항제6호가목의 대주주를 말한다)나 외국 온라인소액투자중개업자가 충 분한 출자능력, 건전한 재무상태 및 사회적 신용을 갖출 것 7. 경영건전성기준 등 대통령령으로 정하는 건전한 재무상태와 법령 위반사실이 없는 등 대 통령령으로 정하는 건전한 사회적 신용을 갖출 것 8. 온라인소액투자중개업자와 투자자 간, 특정 투자자와 다른 투자자 간의 이해상충을 방지 하기 위한 체계로서 대통령령으로 정하는 요건을 갖출 것 ③ 제1항에 따른 등록을 하려는 자는 등록신청서를 금융위원회에 제출하여야 한다. ④ 금융위원회는 제3항의 등록신청서를 접수한 경우에는 그 내용을 검토하여 2개월 이내에 등록 여부를 결정하고, 그 결과와 이유를 지체 없이 신청인에게 문서로 통지하여야 한다. 이 경우 등록신청서에 흠결이 있는 때에는 보완을 요구할 수 있다. ⑤ 제4항의 검토기간을 산정할 때 등록신청서 흠결의 보완기간 등 총리령으로 정하는 기간 은 검토기간에 산입하지 아니한다. ⑥ 금융위원회는 제4항의 등록 여부를 결정할 때 다음 각 호의 어느 하나에 해당하는 사유가 없으면 등록을 거부하여서는 아니 된다. 법제처 68 국가법령정보센 터 자본시장과 금융투자업에 관한 법률 1. 제2항의 등록요건을 갖추지 아니한 경우 2. 제3항의 등록신청서를 거짓으로 작성한 경우 3. 제4항 후단의 보완요구를 이행하지 아니한 경우 ⑦ 금융위원회는 제4항에 따라 등록을 결정한 경우 온라인소액투자중개업자등록부에 필요 한 사항을 기재하여야 하며, 등록결정한 내용을 관보 및 인터넷 홈페이지 등에 공고하여야 한다. ⑧ 온라인소액투자중개업자는 등록 이후 그 영업을 영위하는 경우 제2항 각 호의 등록요건 (같은 항 제7호는 제외하며, 같은 항 제2호 및 제6호의 경우에는 대통령령으로 정하는 완화 된 요건을 말한다)을 유지하여야 한다. ⑨ 제1항부터 제8항까지의 규정에 따른 등록요건, 등록신청서의 기재사항ㆍ첨부서류 등 등 록의 신청에 관한 사항 및 등록검토의 방법ㆍ절차, 그 밖에 필요한 사항은 대통령령으로 정 한다. [본조신설 2015. 7. 24.]"
제117조의5,"[None, None, 117, 5]",REGULATION,유사명칭의 사용 금지,온라인소액투자중개업자,사용,명칭,PROHIBITIVE,제117조의5(유사명칭의 사용 금지 등) ① 다른 금융투자업(투자중개업 중 온라인소액투자중개 에 해당하지 아니하는 것을 포함한다)을 영위하지 아니하는 온라인소액투자중개업자는 상호 에 “금융투자” 및 이와 유사한 의미를 가지는 외국어 문자로서 대통령령으로 정하는 문자를 사용하여서는 아니 된다. ② 온라인소액투자중개업자가 아닌 자는 “온라인소액투자중개” 또는 이와 유사한 명칭을 사 용하여서는 아니 된다. [본조신설 2015. 7. 24.]
제117조의6,[],REGULATION,온라인소액투자중개업자,온라인소액투자중개업자,보고,금융위원회,MANDATORY,제117조의6(지배구조 등) ① 온라인소액투자중개업자는 대주주가 변경된 경우에는 이를 2주 이 내에 금융위원회에 보고하여야 한다. <개정 2018. 3. 27.> ② 온라인소액투자중개업자는 그 임직원이 직무를 수행할 때 준수하여야 할 적절한 기준 및 절차로서 대통령령으로 정하는 사항을 포함하는 내부통제기준을 정하여야 한다. ③
제28조,[],,,,,,,
제28조의2,[],,,,,,,
Unknown,[],REGULATION,Unknown,,,,,"제29조,"
제30조,[],,,,,,,
제31조,[],REGULATION,온라인소액투자중개업자,온라인소액투자중개업자,적용,,PROHIBITIVE,제31조는 온라인소액투자중개업자에 대하여 적용하 지 아니한다. [본조신설 2015. 7. 24.]
제117조의7,[],REGULATION,영업행위의 규제,,,,,제117조의7(영업행위의 규제 등) ①
제40조,[],,,,,,,
제48조,[],,,,,,,
Unknown,[],REGULATION,Unknown,,,,,제50조부터
Unknown,[],REGULATION,Unknown,,,,,"제53조까지,"
제61조,[],,,,,,,
제66조부 터,[],,,,,,,제66조부 터
Unknown,[],REGULATION,Unknown,,,,,"제70조까지,"
Unknown,[],REGULATION,Unknown,,,,,제72조부터
Unknown,[],REGULATION,Unknown,,,,,"제77조까지,"
제77조의2,[],,,,,,,
제77조의3,[],,,,,,,
제78조,[],CONCEPT,제78조,,,,,제78조 및 「금융소비자 보호 에 관한 법률」
Unknown,[],REGULATION,Unknown,,,,,제17조부터
Unknown,[],REGULATION,Unknown,,,,,"제19조까지,"
제21조,[],,,,,,,"제21조,"
제23조,[],,,,,,,
제25조제1항,[],,,,,,,
제26조,[],,,,,,,
Unknown,[],REGULATION,Unknown,,,,,제44조부터
제 46조,[],REGULATION,온라인소액투자중개업자,온라인소액투자중개업자,하지 않는다,증권,PROHIBITIVE,"제 46조까지의 규정은 온라인소액투자중개업자에게 적용하지 아니한다. <개정 2020. 3. 24.> ② 온라인소액투자중개업자는 자신이 온라인소액투자중개를 하는 증권을 자기의 계산으로 취득하거나, 증권의 발행 또는 그 청약을 주선 또는 대리하는 행위를 하여서는 아니 된다. ③ 온라인소액투자중개업자는 온라인소액투자중개를 통하여 증권을 발행하는 자(이하 이 장 에서 “온라인소액증권발행인”이라 한다)의 신용 또는 투자 여부에 대한 투자자의 판단에 영 향을 미칠 수 있는 자문이나 온라인소액증권발행인의 경영에 관한 자문에 응하여서는 아니 된다. ④ 온라인소액투자중개업자는 투자자가 청약의 내용, 투자에 따르는 위험, 증권의 매도 제한, 증권의 발행조건과 온라인소액증권발행인의 재무상태가 기재된 서류 및 사업계획서의 내용 법제처 69 국가법령정보센 터 자본시장과 금융투자업에 관한 법률 을 충분히 확인하였는지의 여부를 투자자의 서명 등 대통령령으로 정하는 방법으로 확인하 기 전에는 그 청약의 의사 표시를 받아서는 아니 된다. ⑤ 온라인소액투자중개업자는 온라인소액증권발행인의 요청에 따라 투자자의 자격 등을 합 리적이고 명확한 기준에 따라 제한할 수 있다. ⑥ 온라인소액투자중개업자는 투자자가 청약의 의사를 표시하지 아니한 상태에서 투자자의 재산으로 증권의 청약을 하여서는 아니 된다. ⑦ 온라인소액투자중개업자는 온라인소액증권발행인에 관한 정보의 제공, 청약주문의 처리 등의 업무를 수행할 때 특정한 온라인소액증권발행인 또는 투자자를 부당하게 우대하거나 차별하여서는 아니 된다. 다만, 투자자가 청약의 의사를 먼저 표시하는 등 대통령령으로 정 하는 정당한 사유가 있는 경우에는 그러하지 아니하다. ⑧ 온라인소액투자중개업자는 증권의 청약기간이 만료된 경우에는 증권의 청약 및 발행에 관한 내역을 금융위원회가 정하여 고시하는 방법에 따라 지체 없이 투자자에게 통지하여야 한다. ⑨ 온라인소액투자중개업자는"
제117조의10,[],REGULATION,온라인소액투자중개업자,온라인소액투자중개업자,권유,증권의 청약,PROHIBITIVE,제117조의10제1항과 제6항에 따른 증권의 발행한도와 투자 자의 투자한도가 준수될 수 있도록 필요한 조치를 취하여야 한다. ⑩ 온라인소액투자중개업자는 다음 각 호의 행위를 제외하고는 증권의 청약을 권유하는 일 체의 행위를 하여서는 아니 된다.<개정 2017. 10. 31.> 1.
제117조의9제1항,[],REGULATION,투자광고 게시,,게시,투자광고,DEFINITIONAL,제117조의9제1항 본문에 따른 투자광고를 자신의 인터넷 홈페이지에 게시하거나 같은 항 단서에 따라 같은 항 각 호의 사항을 제공하는 행위 2.
제117조의10제2항,[],REGULATION,온라인소액증권발행인,온라인소액증권발행인,게시,인터넷 홈페이지,MANDATORY,"제117조의10제2항에 따라 온라인소액증권발행인이 게재하는 내용을 자신의 인터넷 홈페 이지에 게시하는 행위 3. 자신의 인터넷 홈페이지를 통하여 자신이 중개하는 증권 또는 그 온라인소액증권발행인 에 대한 투자자들의 의견이 교환될 수 있도록 관리하는 행위. 다만, 온라인소액투자중개업 자는 자신의 인터넷 홈페이지를 통하여 공개되는 투자자들의 의견을 임의로 삭제하거나 수정하여서는 아니 된다. 4. 사모의 방식으로 증권의 청약을 권유하는 경우에는"
제117조의10제2항,"[0, 0, 117, 2]",PROCEDURE,전송,온라인소액 증권발행인,전송,특정 투자자,MANDATORY,제117조의10제2항에 따라 온라인소액 증권발행인이 게재하는 내용을 특정 투자자에게 전송하는 행위 [본조신설 2015. 7. 24.]
제117조의8,[],REGULATION,청약증거금,온라인소액투자중개업자,관리,청약증거금,MANDATORY,"제117조의8(청약증거금의 관리) ① 온라인소액투자중개업자는 투자자로부터 일체의 금전ㆍ증권, 그 밖의 재산의 보관ㆍ예탁을 받아서는 아니 된다. ② 온라인소액투자중개업자는 투자자의 청약증거금이 대통령령으로 정하는 은행(이하 이 조에서 “은행”이라 한다) 또는 증권금융회사에 예치 또는 신탁되도록 하여야 한다. ③ 온라인소액투자중개업자는 제2항에 따라 은행 또는 증권금융회사에 예치 또는 신탁된 투자자의 청약증거금이 투자자의 재산이라는 뜻을 밝혀야 한다. ④ 누구든지 제2항에 따라 은행 또는 증권금융회사에 예치 또는 신탁된 투자자의 청약증거금이 상계ㆍ압류(가압류를 포함한다)하지 못하며, 온라인소액투자중개업자는 대통령령으로 정하는 경우 외에는 은행 또는 증권금융회사에 예치 또는 신탁된 투자자의 청약증거금을 양도하거나 담보로 제공하여서는 아니 된다. ⑤ 온라인소액투자중개업자는 등록취소, 해산결의 등 대통령령으로 정하는 사유가 발생한 경우 제2항에 따라 은행 또는 증권금융회사에 예치 또는 신탁된 투자자의 청약증거금이 법제처 70 국가법령정보센터 자본시장과 금융투자업에 관한 법률 자자에게 우선하여 지급될 수 있도록 조치하여야 한다. ⑥ 그 밖에 제1항부터 제5항까지의 청약증거금의 예치 또는 신탁 등과 관련하여 필요한 사 항은 대통령령으로 정한다. [본조신설 2015. 7. 24.]"
제117조의9,[],REGULATION,투자광고,온라인소액투자중개업자·온라인소액증권발행인,투자광고를 하다,수단,PROHIBITIVE,"제117조의9(투자광고의 특례) ① 온라인소액투자중개업자 또는 온라인소액증권발행인은 온라 인소액투자중개업자가 개설한 인터넷 홈페이지 이외의 수단을 통해서 투자광고를 하여서는 아니 된다. 다만, 온라인소액투자중개업자 또는 온라인소액증권발행인은 다른 매체를 이용하 여 다음 각 호의 사항을 제공할 수 있다. <개정 2017. 10. 31.> 1. 투자광고가 게시된 인터넷 홈페이지 주소 2. 투자광고가 게시된 인터넷 홈페이지에 접속할 수 있는 장치 3. 온라인소액투자중개업자ㆍ온라인소액증권발행인의 명칭, 온라인소액증권발행인의 업종 및 증권의 청약기간[온라인소액증권발행인이 개설한 인터넷 홈페이지 또는 「정보통신망 이용촉진 및 정보보호 등에 관한 법률」"
제2조제1항제3호,"[2, 1, 3]",REGULATION,투자광고,자,광고,투자광고,PROHIBITIVE,제2조제1항제3호의 정보통신서비스 제공자가 운영 하는 포털서비스(다른 인터넷주소ㆍ정보 등의 검색과 전자우편ㆍ커뮤니티 등을 제공하는 서비스를 말한다)를 이용하여 제공하는 경우에 한정한다] ② 온라인소액투자중개업자 또는 온라인소액증권발행인이 아닌 자는 온라인소액투자중개에 대한 투자광고를 하여서는 아니 된다. ③ 온라인소액투자중개업자 또는 온라인소액증권발행인이 투자광고를 하는 경우 이 조에서 규정하지 아니한 사항은
제57조,[],REGULATION,준용,본조,준용,제57조,MANDATORY,제57조를 준용한다. [본조신설 2015. 7. 24.]
제117조의10,[],REGULATION,증권 모집,온라인소액투자중개자,모집,증권,,제117조의10(증권 모집의 특례) ① 온라인소액투자중개의 방법으로 대통령령으로 정하는 금액 이하의 증권을 모집하는 경우에는
제119조,[],,,,,,,제119조 및
제130조,[],REGULATION,온라인소액증권발행인,온라인소액증권발행인,게재하고,홈페이지,MANDATORY,"제130조를 적용하지 아니한다. ② 온라인소액증권발행인은 투자자를 보호하기 위하여 증권의 발행조건과 재무상태, 사업계획서 및 그 밖에 대통령령으로 정하는 사항을 온라인소액투자중개업자가 개설한 홈페이지에 게재하고, 그 밖에 대통령령으로 정하는 조치를 하여야 한다. ③ 온라인소액증권발행인은 온라인소액투자중개의 방법으로 증권을 모집하는 경우 청약금 액이 모집예정금액에 대통령령으로 정하는 비율을 곱한 금액에 미달하는 때에는 그 발행을 취소하여야 한다. ④ 온라인소액증권발행인은 증권의 청약기간의 종료일부터 7일 전까지"
제117조의7제10항 제3호,[],REGULATION,온라인소액투자중개업자,온라인소액투자중개업자,제공,정보,PERMISSIVE,"제117조의7제10항 제3호에 따라 온라인소액투자중개업자가 관리하는 인터넷 홈페이지를 통하여 투자자의 투 자판단에 도움을 줄 수 있는 정보를 제공할 수 있다. 다만, 온라인소액증권발행인은 대통령 령으로 정하는 바에 따라 투자자의 투자판단에 영향을 미칠 수 있는 중요한 사항을 포함하고 있는 정보가 제2항에 따른 게재의 내용과 상이한 경우에는 제2항에 따른 게재의 내용을 즉 시 정정하고 온라인소액투자중개업자가 관리하는 인터넷 홈페이지를 통하여 정정 게재(정정 게재일이 청약기간의 말일부터 7일 이내인 경우에는 청약기간의 말일은 그 게재일부터 7일 후로 변경된 것으로 본다)하여야 한다. ⑤ 온라인소액증권발행인과 그 대주주(온라인소액투자중개의 방법으로 자금을 모집하기 직 전을 기준으로 한 대주주를 말한다)는 온라인소액증권발행인이 온라인소액투자중개 방식으 로 증권을 발행한 후 1년 이상으로서 대통령령으로 정하는 기간 동안은 보유한 온라인소액 법제처 71 국가법령정보센 터 자본시장과 금융투자업에 관한 법률 증권발행인의 지분을 누구에게도 매도할 수 없다.<개정 2018. 3. 27.> ⑥ 투자자(전문투자자 등 대통령령으로 정하는 자를 제외한다)가 온라인소액투자중개를 통 하여 투자하는 금액은 다음 각 호의 한도를 초과하여서는 아니 된다.<개정 2017. 10. 31.> 1. 소득 등 대통령령으로 정하는 요건을 갖춘 자 가. 최근 1년간 동일 온라인소액증권발행인에 대한 누적투자금액: 1천만원 이하로서 대통 령령으로 정하는 금액 나. 최근 1년간 누적투자금액: 2천만원 이하로서 대통령령으로 정하는 금액 2. 제1호의 요건을 갖추지 못한 자 가. 최근 1년간 동일 온라인소액증권발행인에 대한 누적투자금액: 500만원 이하로서 대통 령령으로 정하는 금액 나. 최근 1년간 누적투자금액: 1천만원 이하로서 대통령령으로 정하는 금액 ⑦ 투자자는 온라인소액투자중개를 통하여 발행된 증권을 지체 없이"
제309조제5항,[],REGULATION,증권 매도 및 양도 제한,투자자,매도,증권,MANDATORY,"제309조제5항에서 정 하는 방법으로 예탁결제원에 예탁하거나 보호예수하여야 하며, 그 예탁일 또는 보호예수일 부터 6개월간 해당 증권(증권에 부여된 권리의 행사로 취득하는 증권을 포함한다)을 매도, 그 밖의 방법으로 양도할 수 없다. 다만, 다음 각 호의 어느 하나에 해당하는 경우에는 증권을 매도하거나 양도할 수 있다.<개정 2017. 10. 31.> 1. 전문투자자에 대한 매도 2. 해당 증권의 투자 손실가능성 및 낮은 유통 가능성 등을 인지하고 있는 자로서 대통령령 으로 정하는 자에 대한 매도 ⑧ 투자자는 온라인소액투자중개를 통하여 발행되는 증권의 청약기간의 종료일까지 대통령 령으로 정하는 바에 따라 청약의 의사를 철회할 수 있다. 이 경우 온라인소액투자중개업자는 그 투자자의 청약증거금을 지체 없이 반환하여야 한다. [본조신설 2015. 7. 24.]"
제117조의11,"[None, None, 117, 11]",REGULATION,사실확인,온라인소액투자중개업자,확인,온라인소액증권발행인,MANDATORY,제117조의11(게재 내용의 사실확인) ① 온라인소액투자중개업자는 온라인소액투자중개 전에 해당 온라인소액증권발행인에 관한 다음 각 호의 사항에 관한 사실을 확인하여야 한다. 1. 온라인소액증권발행인의 재무상황 2. 온라인소액증권발행인의 사업계획이 투자자 보호를 위하여 대통령령으로 정하는 항목을 포함하였는지 여부 3. 온라인소액증권발행인의 대표자 및 경영진의 이력 4. 모집 자금의 사용 계획이 투자자 보호를 위하여 대통령령으로 정하는 항목을 포함하였는 지 여부 5. 그 밖에 온라인소액증권발행인의 신뢰성을 확인할 수 있는 사항으로서 대통령령으로 정 하는 사항 ② 제1항 각 호의 사항에 관한 사실을 확인하는 방법 및 절차는 금융위원회가 정하여 고시하 는 바에 따른다. [본조신설 2015. 7. 24.]
제117조의12,[],CONCEPT,손해배상책임,,,,,제117조의12(손해배상책임 등) ①
제117조의10제2항,"[None, None, 117, 2]",REGULATION,발행조건,증권,기재,서류,MANDATORY,제117조의10제2항에 따라 게재한 증권의 발행조건과 재무상 태 등을 기재한 서류 또는 사업계획서
제117조의10제4항,[],REGULATION,배상책임,자,진다,손해,MANDATORY,"제117조의10제4항에 따라 정정하여 게재한 경우를 포 함한다) 중 중요사항에 관한 거짓의 기재 또는 표시가 있거나, 중요사항이 기재 또는 표시되 법제처 72 국가법령정보센 터 자본시장과 금융투자업에 관한 법률 지 아니함으로써 온라인소액투자중개를 통하여 증권을 취득한 자가 손해를 입은 경우에는 다 음 각 호의 자는 그 손해에 관하여 배상책임을 진다. 다만, 배상의 책임을 질 자가 상당한 주 의를 하였음에도 불구하고 이를 알 수 없었음을 증명하거나 그 증권의 취득자가 취득의 청약 을 할 때에 그 사실을 안 경우에는 배상의 책임을 지지 아니한다. 1. 온라인소액증권발행인 2. 그 증권의 발행조건과 재무상태 등을 기재한 서류 또는 사업계획서의 작성 당시의 온라인 소액증권발행인의 대표자 또는 이사(이사가 없는 경우에는 이에 준하는 자를 말하며, 법인 의 설립 전에 작성된 경우에는 그 발기인을 말한다) 3. 「상법」"
제401조의2제1항,"[None, None, 401, 1]",DEFINITION,자,자,정의,자,DEFINITIONAL,제401조의2제1항 각 호의 어느 하나에 해당하는 자로서 그 증권의 발행조건과 재 무상태 등을 기재한 서류 또는 사업계획서의 작성을 지시하거나 집행한 자 4. 그 증권의 발행조건과 재무상태 등을 기재한 서류 또는 사업계획서가 진실 또는 정확하다 고 증명하여 서명한 공인회계사ㆍ감정인 또는 신용평가를 전문으로 하는 자 등(그 소속 단 체를 포함한다) 대통령령으로 정하는 자 5. 그 증권의 발행조건과 재무상태 등을 기재한 서류 또는 사업계획서에 자기의 평가ㆍ분석 ㆍ확인 의견이 기재되는 것에 동의하고 그 기재 내용을 확인하는 자 ② 제1항에 따른 손해배상액의 산정에 관하여는
제126조,[],REGULATION,배상 책임 소멸,청구권자,소멸,배상의 책임,MANDATORY,제126조를 준용한다. ③ 제1항에 따른 배상의 책임은 그 청구권자가 해당 사실을 안 날부터 1년 이내 또는 해당 증권의 청약기간의 종료일 전 7일부터 3년 이내에 청구권을 행사하지 아니한 경우에는 소멸 한다. [본조신설 2015. 7. 24.]
제117조의13,[],REGULATION,자료 제공,온라인소액투자중개업자,제공,중앙기록관리기관,MANDATORY,"제117조의13(중앙기록관리기관) ① 온라인소액투자중개업자는 온라인소액증권발행인으로부터 증권의 모집 또는 사모의 중개에 관한 의뢰를 받거나 투자자로부터 청약의 주문을 받은 경우 의뢰 또는 주문의 내용, 온라인소액증권발행인과 투자자에 대한 정보 등 대통령령으로 정하 는 자료를 지체 없이 중앙기록관리기관(대통령령으로 정하는 바에 따라 온라인소액투자중개 업자로부터 온라인소액증권발행인과 투자자에 대한 정보를 제공받아 관리하는 기관을 말한 다. 이하 같다)에 제공하여야 한다. ② 온라인소액투자중개업자는"
제117조의7제9항,[],REGULATION,위탁,중앙기록관리기관,위탁,필요한 사항,MANDATORY,"제117조의7제9항에 따른 조치를 하기 위하여 필요한 사항을 중앙기록관리기관에 위탁하여야 한다. ③ 중앙기록관리기관은 제1항에 따라 제공받은 자료를 대통령령으로 정하는 방법에 따라 보 관ㆍ관리하여야 한다. ④ 중앙기록관리기관은 제1항에 따라 제공받은 자료를 타인에게 제공하여서는 아니 된다. 다만, 온라인소액투자중개업자 또는 해당 온라인소액증권발행인에게 제공하는 경우, 그 밖에 대통령령으로 정하는 경우에는 이를 제공할 수 있다. [본조신설 2015. 7. 24.]"
제117조의14,[],REGULATION,투자자명부 관리,온라인소액증권발행인,위탁,예탁결제원,MANDATORY,"제117조의14(투자자명부의 관리) ① 온라인소액증권발행인은 투자자명부(주주명부 등 증권의 소유자 내역을 기재ㆍ관리하는 명부를 말한다)의 관리에 관한 업무를 예탁결제원에 위탁하여야 한다. ② 예탁결제원은 제1항에 따라 위탁을 받은 경우 다음 각 호의 사항을 기재한 투자자명부를 작성ㆍ비치하여야 한다. 법제처 73 국가법령정보센터 자본시장과 금융투자업에 관한 법률 1. 투자자의 주소 및 성명 2. 투자자가 소유하는 증권의 수량 3. 증권의 실물을 발행한 경우에는 그 번호 ③ 예탁결제원은 제2항 각 호에 관한 정보를 타인에게 제공하여서는 아니 된다. 다만, 온라인 소액투자중개업자 또는 해당 온라인소액증권발행인에게 제공하는 경우, 그 밖에 대통령령으로 정하는 경우에는 이를 제공할 수 있다. ④ 「상법」"
제358조의2,[],REGULATION,준용,제358조의2제1항 및 제2항,준용한다,증권,MANDATORY,제358조의2제1항 및 제2항은 온라인소액투자중개를 통하여 발행된 증권에 관하여 준용한다. [본조신설 2015. 7. 24.]
제117조의15,[],CONCEPT,정보통신망 이용촉진 및 정보보호 등에 관한 법률,,,,,제117조의15(전자게시판서비스 제공자의 책임) ① 「정보통신망 이용촉진 및 정보보호 등에 관 한 법률」
제2조제1항제9호,[],DEFINITION,전자게시판서비스 제공자,정보통신서비스 제공자,운영,게시판,DEFINITIONAL,제2조제1항제9호의 게시판을 운영하는 같은 항 제3호의 정보통신서비스 제공자(이 하 “전자게시판서비스 제공자”라 한다)는 해당 게시판을 통하여
제117조의9제1항,[],REGULATION,온라인소액증권발행인,온라인소액증권발행인,이용,게시판,MANDATORY,제117조의9제1항 각 호의 사 항의 제공이 이루어지는 경우 이로 인한 투자자 피해가 발생하지 아니하도록 다음 각 호의 사 항을 이행하여야 한다. <개정 2017. 10. 31.> 1. 온라인소액증권발행인 또는 온라인소액투자중개업자가 게시판을 이용하여
제117조의9제 1항,[],REGULATION,제117조의9제 1항,,제공,각 호의 사항,,제117조의9제 1항 각 호의 사항을 제공하는 경우
제117조의9,[],PROCEDURE,의무 준수,,안내,의무,PERMISSIVE,제117조의9에 따른 의무를 준수하도록 안내하고 권고 할 것 2. 게시판을 이용하여
제117조의9제1항,"[117, 9, 1, None]",REGULATION,위반 시 조치,온라인소액증권발행인,이행,조치,MANDATORY,"제117조의9제1항 각 호의 사항을 제공하는 온라인소액증권발행인 또는 온라인소액투자중개업자가 이 법을 위반하는 경우 다음 각 목의 조치를 이행할 것 가. 위반자에 대한 접속 제한, 법을 위반하여 게재된 정보의 삭제 등 투자자 피해를 방지하 기 위한 조치 나. 위반자의 법 위반 사실을 금융위원회에 신고 3. 그 밖에 대통령령으로 정하는 사항 ② 금융위원회는 전자게시판서비스 제공자가 제1항에 따른 이행을 하지 아니하는 경우 방송 미디어통신위원회에 시정명령을 하거나 과태료를 부과하도록 요구할 수 있다.<개정 2025. 10. 1.> [본조신설 2015. 7. 24.]"
제117조의16,[],REGULATION,검사 및 조치,금융감독원,검사 및 조치,금융기관,MANDATORY,
제419조제2항부터 제4항까지 및 제8항,"[None, None, 419, None]",REGULATION,온라인소액투자중개업자,온라인소액투자중개업자,적용,제419조제2항부터 제4항까지 및 제8항,PROHIBITIVE,제419조제2항부터 제4항까지 및 제8항은 온라인소액투자중개업자에게 적용하지 아니한다. [본조신설 2015. 7. 24.]
제118조,[],REGULATION,적용 제외,이 장,적용하지 않음,증권,PROHIBITIVE,"이 장은 국채증권, 지방채증권, 대통령령으로 정하는 법률에 따라 직접 설립 된 법인이 발행한 채권, 그 밖에 다른 법률에 따라 충분한 공시가 행하여지는 등 투자자 보호 가 이루어지고 있다고 인정되는 증권으로서 대통령령으로 정하는 증권에 관하여는 적용하지 아니한다."
제119조,[],REGULATION,모집·매출 신고,발행인,제출,신고서,MANDATORY,"제119조(모집 또는 매출의 신고) ① 증권의 모집 또는 매출(대통령령으로 정하는 방법에 따라 산정한 모집가액 또는 매출가액 각각의 총액이 대통령령으로 정하는 금액 이상인 경우에 한 한다)은 발행인이 그 모집 또는 매출에 관한 신고서를 금융위원회에 제출하여 수리되지 아니 하면 이를 할 수 없다. <개정 2008. 2. 29.> ② 제1항에 불구하고 증권의 종류, 발행예정기간, 발행횟수, 발행인의 요건 등을 고려하여 대 통령령으로 정하는 기준과 방법에 따라 일정기간 동안 모집하거나 매출할 증권의 총액을 일 괄하여 기재한 신고서(이하 “일괄신고서”라 한다)를 금융위원회에 제출하여 수리된 경우에는 그 기간 중에 그 증권을 모집하거나 매출할 때마다 제출하여야 하는 신고서를 따로 제출하지 아니하고 그 증권을 모집하거나 매출할 수 있다. 이 경우 그 증권(집합투자증권 및 파생결합 증권 중 대통령령으로 정하는 것을 제외한다)을 모집하거나 매출할 때마다 대통령령으로 정 하는 일괄신고와 관련된 서류(이하 “일괄신고추가서류”라 한다)를 제출하여야 한다.<개정 2008. 2. 29., 2013. 5. 28.> ③ 발행인은 제1항의 신고서와 제2항의 일괄신고서(이하 “증권신고서”라 한다)에 발행인(투 자신탁의 수익증권 및 투자익명조합의 지분증권의 경우에는 그 투자신탁 및 투자익명조합을 말한다. 이하 이 항에서 같다)의 미래의 재무상태나 영업실적 등에 대한 예측 또는 전망에 관 한 사항으로서 다음 각 호의 사항(이하 “예측정보”라 한다)을 기재 또는 표시할 수 있다. 이 경우 예측정보의 기재 또는 표시는"
제125조제2항제1호ㆍ제2호 및 제4호,[],REGULATION,증권신고서 기재사항,발행인,기재,증권신고서,MANDATORY,"제125조제2항제1호ㆍ제2호 및 제4호의 방법에 따라야 한다. 1. 매출규모ㆍ이익규모 등 발행인의 영업실적, 그 밖의 경영성과에 대한 예측 또는 전망에 관 한 사항 2. 자본금규모ㆍ자금흐름 등 발행인의 재무상태에 대한 예측 또는 전망에 관한 사항 3. 특정한 사실의 발생 또는 특정한 계획의 수립으로 인한 발행인의 경영성과 또는 재무상태 의 변동 및 일정시점에서의 목표수준에 관한 사항 4. 그 밖에 발행인의 미래에 대한 예측 또는 전망에 관한 사항으로서 대통령령으로 정하는 사항 ④ 증권신고서를 제출하는 경우 증권신고서에 기재하여야 할 사항이나 그 첨부서류에 이미 제출된 것과 같은 부분이 있는 때에는 그 부분을 적시하여 이를 참조하라는 뜻을 기재한 서 면으로 갈음할 수 있다. ⑤ 증권신고서를 제출하는 경우 신고 당시 해당 발행인의 대표이사(집행임원 설치회사의 경 우 대표집행임원을 말한다. 이하 이 조에서 같다) 및 신고업무를 담당하는 이사(대표이사 및 신고업무를 담당하는 이사가 없는 경우 이에 준하는 자를 말한다)는 그 증권신고서의 기재사 항 중 중요사항에 관하여 거짓의 기재 또는 표시가 있거나 중요사항의 기재 또는 표시가 누 락되어 있지 아니하다는 사실 등 대통령령으로 정하는 사항을 확인ㆍ검토하고 이에 각각 서 명하여야 한다.<개정 2013. 5. 28.> ⑥ 제1항부터 제5항까지의 규정에도 불구하고 발행인 및 같은 종류의 증권에 대하여 충분한 공시가 이루어지고 있는 등 대통령령으로 정한 사유에 해당하는 때에는 매출에 관한 증권신 고서를 제출하지 아니할 수 있다.<신설 2013. 5. 28.> ⑦ 제1항부터 제4항까지의 증권신고서의 기재사항 및 그 첨부서류에 관하여 필요한 사항은 대통령령으로 정한다.<개정 2013. 5. 28.> ⑧ 자금조달 계획의 동일성 등 대통령령으로 정하는 사항을 종합적으로 고려하여 둘 이상의 증권의 발행 또는 매도가 사실상 동일한 증권의 발행 또는 매도로 인정되는 경우에는 하나의 법제처 75 국가법령정보센 터 자본시장과 금융투자업에 관한 법률 증권의 발행 또는 매도로 보아 제1항을 적용한다.<신설 2017. 10. 31.>"
제119조의2,[],REGULATION,자료요구권,종속회사,요구,자료,PERMISSIVE,제119조의2(자료요구권 등) ① 종속회사(발행인이 지배회사로서 그 회사와 「주식회사 등의 외 부감사에 관한 법률」
제2조제3호,"[None, None, 2, 3]",REGULATION,종속회사,연결재무제표 작성대상법인,요구할 수 있다,종속회사,PERMISSIVE,"제2조제3호에 따른 대통령령으로 정하는 지배ㆍ종속의 관계에 있는 경 우 그에 종속되는 회사를 말하며, 국제회계기준 등 발행인이 적용한 회계기준에 따라 연결재무제표 작성대상 종속회사를 보유한 외국법인등의 경우에는 해당 회계기준에 따른 종속회사 를 말한다. 이하 같다)가 있는 법인(이하 “연결재무제표 작성대상법인”이라 한다) 중 증권신고 서를 제출하여야 하는 법인은 증권신고서의 작성을 위하여 필요한 범위에서 종속회사에게 관 련 자료의 제출을 요구할 수 있다. <개정 2017. 10. 31.> ② 연결재무제표 작성대상법인 중 증권신고서를 제출하여야 하는 법인은 증권신고서의 작성 을 위하여 필요한 자료를 입수할 수 없거나 종속회사가 제출한 자료의 내용을 확인할 필요가 있는 때에는 종속회사의 업무와 재산상태를 조사할 수 있다. [본조신설 2013. 5. 28.]"
제120조,[],REGULATION,신고의 효력발생시기,,,,,제120조(신고의 효력발생시기 등) ①
제119조제1항 및 제2항,"[None, None, 119, None]",REGULATION,증권신고,금융위원회,제출,증권신고서,MANDATORY,제119조제1항 및 제2항에 따른 증권의 신고(이하 “증권신 고”라 한다)는 그 증권신고서가 금융위원회에 제출되어 수리된 날부터 증권의 종류 또는 거래 의 특성 등을 고려하여 총리령으로 정하는 기간이 경과한 날에 그 효력이 발생한다. <개정 2008. 2. 29.> ② 금융위원회는 증권신고서의 형식을 제대로 갖추지 아니한 경우 또는 그 증권신고서 중 중 요사항에 관하여 거짓의 기재 또는 표시가 있거나 중요사항이 기재 또는 표시되지 아니한 경 우를 제외하고는 그 수리를 거부하여서는 아니 된다.<개정 2008. 2. 29.> ③ 제1항의 효력의 발생은 그 증권신고서의 기재사항이 진실 또는 정확하다는 것을 인정하 거나 정부에서 그 증권의 가치를 보증 또는 승인하는 효력을 가지지 아니한다. ④ 증권의 발행인은 증권신고를 철회하고자 하는 경우에는 그 증권신고서에 기재된 증권의 취득 또는 매수의 청약일 전일까지 철회신고서를 금융위원회에 제출하여야 한다.<개정 2008. 2. 29.>
제121조,[],REGULATION,거래의 제한,,,,,제121조(거래의 제한) ①
제120조,[],REGULATION,신고의 효력이 발생하지 아니한 증권의 취득 또는 매수의 청약,발행인·매출인과 대리인,승낙,청약,PROHIBITIVE,제120조에 따른 신고의 효력이 발생하지 아니한 증권의 취득 또는 매수의 청약이 있는 경우에 그 증권의 발행인·매출인과 그 대리인은 그 청약의 승낙을 하여서는 아니 된다.
제119조제2항,"[119, 2]",REGULATION,승낙 금지,발행인ㆍ매출인과 대리인,승낙,청약,PROHIBITIVE,제119조제2항에 따라 일괄신고추가서류를 제출하여야 하는 경우 그 일괄신고추가서류가 제출되지 아니하면 그 증권의 발행인ㆍ매출인과 그 대리인은 그 증권에 관한 취득 또는 매수 의 청약에 대한 승낙을 하여서는 아니 된다.
제122조,[],REGULATION,정정신고서,금융위원회,요구,정정신고서,MANDATORY,"제122조(정정신고서) ① 금융위원회는 증권신고서의 형식을 제대로 갖추지 아니한 경우 또는 그 증권신고서 중 중요사항에 관하여 거짓의 기재 또는 표시가 있거나 중요사항이 기재 또는 표시되지 아니한 경우와 중요사항의 기재나 표시내용이 불분명하여 투자자의 합리적인 투자 판단을 저해하거나 투자자에게 중대한 오해를 일으킬 수 있는 경우에는 그 증권신고서에 기 재된 증권의 취득 또는 매수의 청약일 전일까지 그 이유를 제시하고 그 증권신고서의 기재내 용을 정정한 신고서(이하 이 장에서 “정정신고서”라 한다)의 제출을 요구할 수 있다. <개정 2008. 2. 29., 2009. 2. 3.> 법제처 76 국가법령정보센 터 자본시장과 금융투자업에 관한 법률 ② 제1항에 따른 요구가 있는 경우 그 증권신고서는 그 요구를 한 날부터 수리되지 아니한 것으로 본다. ③ 증권신고서("
제119조,[119],REGULATION,정정신고서 제출,증권신고서 제출자,제출,정정신고서,MANDATORY,"제119조제2항의 일괄신고추가서류를 포함한다. 이하 이 항에서 같다)를 제출 한 자는 그 증권신고서의 기재사항을 정정하고자 하는 경우에는 그 증권신고서에 기재된 증 권의 취득 또는 매수의 청약일 전일까지 정정신고서를 제출할 수 있다. 이 경우 대통령령으 로 정하는 중요한 사항을 정정하고자 하는 경우 또는 투자자 보호를 위하여 그 증권신고서에 기재된 내용을 정정할 필요가 있는 경우로서 대통령령으로 정하는 경우에는 반드시 정정신 고서를 제출하여야 한다.<개정 2013. 5. 28.> ④ 일괄신고서를 제출한 자는 제3항에 불구하고 그 발행예정기간 종료 전까지 정정신고서를 제출할 수 있다. 이 경우 집합투자증권 중 대통령령으로 정하는 것을 제외하고는 발행예정금 액 및 발행예정기간은 이를 정정하여서는 아니 된다. 다만, 발행예정금액의 100분의 20의 범 위에서 대통령령으로 정하는 한도 이하로 감액되는 발행예정금액은 정정할 수 있다.<개정 2009. 2. 3.> ⑤ 제1항ㆍ제3항 또는 제4항에 따라 정정신고서가 제출된 경우에는 그 정정신고서가 수리된 날에 그 증권신고서가 수리된 것으로 본다. ⑥ 제1항에 따른 요구를 받은 후 대통령령으로 정하는 기한 이내에 발행인이 정정신고서를 제출하지 아니하는 경우에는 해당 증권신고서를 철회한 것으로 본다.<신설 2013. 5. 28.>"
제123조,[],,투자설명서,,,,,제123조(투자설명서의 작성ㆍ공시) ①
제119조,[],REGULATION,투자설명서,발행인,작성,투자설명서,MANDATORY,제119조에 따라 증권을 모집하거나 매출하는 경우 그 발 행인은 대통령령으로 정하는 방법에 따라 작성한 투자설명서(이하 “투자설명서”라 한다) 및
제124조제2항제3호,"[124, 2, 3, None]",PROCEDURE,간이투자설명서,,제공,간이투자설명서,MANDATORY,제124조제2항제3호에 따른 간이투자설명서(모집 또는 매출하는 증권이 집합투자증권인 경우 로 한정한다. 이하 이 조에서 같다)를 그 증권신고의 효력이 발생하는 날(
제119조제2항,[],REGULATION,일괄신고추가서류,일괄신고추가서류,제출,금융위원회,MANDATORY,"제119조제2항에 따 라 일괄신고추가서류를 제출하여야 하는 경우에는 그 일괄신고추가서류를 제출하는 날로 한 다)에 금융위원회에 제출하여야 하며, 이를 총리령으로 정하는 장소에 비치하고 일반인이 열 람할 수 있도록 하여야 한다. <개정 2008. 2. 29., 2013. 5. 28.> ② 투자설명서에는 증권신고서("
제119조제2항,[],REGULATION,투자설명서 제출 및 비치,발행인,제출 및 비치,투자설명서 및 간이투자설명서,MANDATORY,"제119조제2항의 일괄신고추가서류를 포함한다. 이하 이 장에 서 같다)에 기재된 내용과 다른 내용을 표시하거나 그 기재사항을 누락하여서는 아니 된다. 다만, 기업경영 등 비밀유지와 투자자 보호와의 형평 등을 고려하여 기재를 생략할 필요가 있는 사항으로서 대통령령으로 정하는 사항에 대하여는 그 기재를 생략할 수 있다. ③ 대통령령으로 정하는 집합투자증권 및 파생결합증권의 발행인은 제1항 외에 다음 각 호 의 구분에 따라 투자설명서 및 간이투자설명서를 금융위원회에 추가로 제출하여야 하며, 이 를 총리령으로 정하는 장소에 비치하고 일반인이 열람할 수 있도록 하여야 한다. 다만, 그 집 합투자증권 및 파생결합증권의 모집 또는 매출을 중지한 경우에는 제출ㆍ비치 및 공시를 하 지 아니할 수 있다.<개정 2008. 2. 29., 2013. 5. 28.> 1. 제1항에 따라 투자설명서 및 간이투자설명서를 제출한 후 총리령으로 정하는 기간마다 1회 이상 다시 고친 투자설명서 및 간이투자설명서를 제출할 것 2."
제182조제8항,[],REGULATION,변경등록,,제출,투자설명서 및 간이투자설명서,MANDATORY,제182조제8항에 따라 변경등록을 한 경우 변경등록의 통지를 받은 날부터 5일 이내에 그 내용을 반영한 투자설명서 및 간이투자설명서를 제출할 것
제124조,[],REGULATION,정당한 투자설명서,자,취득,증권,,"제124조(정당한 투자설명서의 사용) ① 누구든지 증권신고의 효력이 발생한 증권을 취득하고자 하는 자(전문투자자, 그 밖에 대통령령으로 정하는 자를 제외한다)에게"
제123조,[],DEFINITION,투자자,투자자,,,DEFINITIONAL,제123조에 적합한 투 법제처 77 국가법령정보센 터 자본시장과 금융투자업에 관한 법률 자설명서(집합투자증권의 경우 투자자가
제123조,[],DEFINITION,간이투자설명서,간이투자설명서,말한다,간이투자설명서,DEFINITIONAL,제123조에 따른 투자설명서의 교부를 별도로 요청 하지 아니하는 경우에는 제2항제3호에 따른 간이투자설명서를 말한다. 이하 이 항 및
제 132조,[],REGULATION,미리 교부,,취득,그 증권,PROHIBITIVE,제 132조에서 같다)를 미리 교부하지 아니하면 그 증권을 취득하게 하거나 매도하여서는 아니 된다. 이 경우 투자설명서가
제436조,[],REGULATION,전자문서 교부,전자문서수신자,교부,전자문서,MANDATORY,"제436조에 따른 전자문서의 방법에 따르는 때에는 다음 각 호의 요건을 모두 충족하는 때에 이를 교부한 것으로 본다. <개정 2013. 5. 28.> 1. 전자문서에 의하여 투자설명서를 받는 것을 전자문서를 받을 자(이하 “전자문서수신자”라 한다)가 동의할 것 2. 전자문서수신자가 전자문서를 받을 전자전달매체의 종류와 장소를 지정할 것 3. 전자문서수신자가 그 전자문서를 받은 사실이 확인될 것 4. 전자문서의 내용이 서면에 의한 투자설명서의 내용과 동일할 것 ② 누구든지 증권신고의 대상이 되는 증권의 모집 또는 매출, 그 밖의 거래를 위하여 청약의 권유 등을 하고자 하는 경우에는 다음 각 호의 어느 하나에 해당하는 방법에 따라야 한다. 1."
제120조제1항,"[120, 1, None, None]",PROCEDURE,투자설명서 사용,투자설명서,사용,,PERMISSIVE,제120조제1항에 따라 증권신고의 효력이 발생한 후 투자설명서를 사용하는 방법 2.
제120조제1항,[],PROCEDURE,예비투자설명서,발행인,사용,예비투자설명서,MANDATORY,제120조제1항에 따라 증권신고서가 수리된 후 신고의 효력이 발생하기 전에 발행인이 대 통령령으로 정하는 방법에 따라 작성한 예비투자설명서(신고의 효력이 발생되지 아니한 사실을 덧붙여 적은 투자설명서를 말한다. 이하 같다)를 사용하는 방법 3.
제120조제1항,"[None, None, 120, 1]",REGULATION,간이투자설명서 사용,발행인,사용,간이투자설명서,MANDATORY,"제120조제1항에 따라 증권신고서가 수리된 후 신문ㆍ방송ㆍ잡지 등을 이용한 광고, 안내 문ㆍ홍보전단 또는 전자전달매체를 통하여 발행인이 대통령령으로 정하는 방법에 따라 작 성한 간이투자설명서(투자설명서에 기재하여야 할 사항 중 그 일부를 생략하거나 중요한 사항만을 발췌하여 기재 또는 표시한 문서, 전자문서, 그 밖에 이에 준하는 기재 또는 표시 를 말한다. 이하 같다)를 사용하는 방법 ③ 집합투자증권의 경우 제2항에도 불구하고 간이투자설명서를 사용할 수 있다. 다만, 투자 자가"
제123조,[],REGULATION,투자설명서,투자설명서의 사용,요청,투자설명서,PROHIBITIVE,제123조에 따른 투자설명서의 사용을 별도로 요청하는 경우에는 그러하지 아니하다. <신설 2013. 5. 28.> ④ 제1항 및 제3항에 따라 집합투자증권의 간이투자설명서를 교부하거나 사용하는 경우에 는 투자자에게
제123조,[],REGULATION,투자설명서,,알려야 한다,투자설명서,MANDATORY,제123조에 따른 투자설명서를 별도로 요청할 수 있음을 알려야 한다.<신설 2013. 5. 28.>
제125조,[],REGULATION,배상책임,신고인,진다,손해,MANDATORY,"제125조(거짓의 기재 등으로 인한 배상책임) ① 증권신고서(정정신고서 및 첨부서류를 포함한 다. 이하 이 조에서 같다)와 투자설명서(예비투자설명서 및 간이투자설명서를 포함한다. 이하 이 조에서 같다) 중 중요사항에 관하여 거짓의 기재 또는 표시가 있거나 중요사항이 기재 또 는 표시되지 아니함으로써 증권의 취득자가 손해를 입은 경우에는 다음 각 호의 자는 그 손해 에 관하여 배상의 책임을 진다. 다만, 배상의 책임을 질 자가 상당한 주의를 하였음에도 불구 하고 이를 알 수 없었음을 증명하거나 그 증권의 취득자가 취득의 청약을 할 때에 그 사실을 안 경우에는 배상의 책임을 지지 아니한다. <개정 2009. 2. 3., 2013. 5. 28.> 1. 그 증권신고서의 신고인과 신고 당시의 발행인의 이사(이사가 없는 경우 이에 준하는 자 를 말하며, 법인의 설립 전에 신고된 경우에는 그 발기인을 말한다) 2. 「상법」"
제401조의2제1항,"[401, 2, 1, None]",REGULATION,증권신고서,자,지시,증권신고서,MANDATORY,"제401조의2제1항 각 호의 어느 하나에 해당하는 자로서 그 증권신고서의 작성을 지시하거나 집행한 자 3. 그 증권신고서의 기재사항 또는 그 첨부서류가 진실 또는 정확하다고 증명하여 서명한 공 인회계사ㆍ감정인 또는 신용평가를 전문으로 하는 자 등(그 소속단체를 포함한다) 대통령 법제처 78 국가법령정보센 터 자본시장과 금융투자업에 관한 법률 령으로 정하는 자 4. 그 증권신고서의 기재사항 또는 그 첨부서류에 자기의 평가ㆍ분석ㆍ확인 의견이 기재되 는 것에 대하여 동의하고 그 기재내용을 확인한 자 5. 그 증권의 인수인 또는 주선인(인수인 또는 주선인이 2인 이상인 경우에는 대통령령으로 정하는 자를 말한다) 6. 그 증권의 인수인 또는 주선인(인수인 또는 주선인이 2인 이상인 경우에는 대통령령으로 정하는 자를 말한다) 7. 그 투자설명서를 작성하거나 교부한 자 6. 매출의 방법에 의한 경우 매출신고 당시의 매출인 ② 예측정보가 다음 각 호에 따라 기재 또는 표시된 경우에는 제1항에 불구하고 제1항 각 호 의 자는 그 손해에 관하여 배상의 책임을 지지 아니한다. 다만, 그 증권의 취득자가 취득의 청약 시에 예측정보 중 중요사항에 관하여 거짓의 기재 또는 표시가 있거나 중요사항이 기재 또는 표시되지 아니한 사실을 알지 못한 경우로서 제1항 각 호의 자에게 그 기재 또는 표시 와 관련하여 고의 또는 중대한 과실이 있었음을 증명한 경우에는 배상의 책임을 진다. 1. 그 기재 또는 표시가 예측정보라는 사실이 밝혀져 있을 것 2. 예측 또는 전망과 관련된 가정이나 판단의 근거가 밝혀져 있을 것 3. 그 기재 또는 표시가 합리적 근거나 가정에 기초하여 성실하게 행하여졌을 것 4. 그 기재 또는 표시에 대하여 예측치와 실제 결과치가 다를 수 있다는 주의문구가 밝혀져 있을 것 ③ 제2항은 주권비상장법인이 최초로 주권을 모집 또는 매출하기 위하여 증권신고서를 제출 하는 경우에는 적용하지 아니한다."
제126조,[],CONCEPT,손해배상액,,,,,제126조(손해배상액) ①
제125조,[],REGULATION,배상금액 추정,청구권자,추정한다,배상금액,MANDATORY,제125조에 따라 배상할 금액은 청구권자가 해당 증권을 취득함에 있어 서 실제로 지급한 금액에서 다음 각 호의 어느 하나에 해당하는 금액을 뺀 금액으로 추정한다 . 1.
제125조,[],REGULATION,증권의 시장가격,증권,종결될 때,시장가격,MANDATORY,제125조에 따라 손해배상을 청구하는 소송의 변론이 종결될 때의 그 증권의 시장가격(시 장가격이 없는 경우에는 추정처분가격을 말한다) 2. 제1호의 변론종결 전에 그 증권을 처분한 경우에는 그 처분가격 ② 제1항에 불구하고
제125조,[],REGULATION,배상책임,배상책임을 질 자,지지,배상책임,MANDATORY,제125조에 따라 배상책임을 질 자는 청구권자가 입은 손해액의 전부 또는 일부가 중요사항에 관하여 거짓의 기재 또는 표시가 있거나 중요사항이 기재 또는 표시 되지 아니함으로써 발생한 것이 아님을 증명한 경우에는 그 부분에 대하여 배상책임을 지지 아니한다.
제127조,[],REGULATION,배상청구권의 소멸,,,,,제127조(배상청구권의 소멸)
제125조,[],REGULATION,배상의 책임 소멸,청구권자,소멸,배상의 책임,MANDATORY,제125조에 따른 배상의 책임은 그 청구권자가 해당 사실을 안 날 부터 1년 이내 또는 해당 증권에 관하여 증권신고서의 효력이 발생한 날부터 3년 이내에 청구권을 행사하지 아니한 경우에는 소멸한다.
제128조,[],REGULATION,증권발행실적보고서,발행인,제출,증권발행실적보고서,MANDATORY,증권신고의 효력이 발생한 증권의 발행인은 금융위원회가 정하 여 고시하는 방법에 따라 그 발행실적에 관한 보고서(이하 “증권발행실적보고서”라 한다)를 금융위원회에 제출하여야 한다.
제129조,[],REGULATION,공시,금융위원회,공시,서류,MANDATORY,"제129조(신고서와 보고서의 공시) 금융위원회는 다음 각 호의 서류를 3년간 일정한 장소에 비 치하고, 인터넷 홈페이지 등을 이용하여 공시하여야 한다. 이 경우 기업경영 등 비밀유지와 투자자 보호와의 형평 등을 고려하여 대통령령으로 정하는 사항을 제외하고 비치 및 공시할 법제처 79 국가법령정보센 터 자본시장과 금융투자업에 관한 법률 수 있다. <개정 2008. 2. 29., 2013. 5. 28.> 1. 증권신고서 및 정정신고서 2. 투자설명서(집합투자증권의 경우"
제124조제2항제3호,[],REGULATION,간이투자설명서,,포함한다,간이투자설명서,MANDATORY,제124조제2항제3호에 따른 간이투자설명서를 포함한다) 3. 증권발행실적보고서
제130조,[],REGULATION,신고서 제출,,,,,제130조(신고서를 제출하지 아니하는 모집ㆍ매출) ①
제119조제1항,[],REGULATION,공시,발행인,공시,재무상태,MANDATORY,"제119조제1항에 따른 신고서를 제출하지 아니하고 증권을 모집 또는 매출하는 발행인은 투자자를 보호하기 위하여 재무상태에 관한 사항의 공시, 그 밖에 대통령령으로 정하는 조치를 하여야 한다. 다만,"
제119조,[],REGULATION,증권의 발행 또는 매도,자금조달 계획의 동일성,보아,제1항,MANDATORY,"제119조제6항에서 정 한 사유에 해당하는 때에는 그러하지 아니하다. <개정 2013. 5. 28., 2017. 10. 31.> ② 자금조달 계획의 동일성 등 대통령령으로 정하는 사항을 종합적으로 고려하여 둘 이상의 증권의 발행 또는 매도가 사실상 동일한 증권의 발행 또는 매도로 인정되는 경우에는 하나의 증권의 발행 또는 매도로 보아 제1항을 적용한다.<신설 2017. 10. 31.>"
Unknown,[],REGULATION,Unknown,,,,,"제131조(보고 및 조사) ① 금융위원회는 투자자 보호를 위하여 필요한 경우에는 증권신고의 신 고인, 증권의 발행인ㆍ매출인ㆍ인수인, 그 밖의 관계인에 대하여 참고가 될 보고 또는 자료의 제출을 명하거나, 금융감독원장에게 그 장부ㆍ서류, 그 밖의 물건을 조사하게 할 수 있다. <개 정 2008. 2. 29.> ② 제1항에 따라 조사를 하는 자는 그 권한을 표시하는 증표를 지니고 이를 관계인에게 내보 여야 한다."
제132조,[],REGULATION,위원회의 조치,금융위원회,정정 명령,증권신고인,PERMISSIVE,"제132조(위원회의 조치) 금융위원회는 다음 각 호의 어느 하나에 해당하는 경우에는 증권신고 의 신고인, 증권의 발행인ㆍ매출인ㆍ인수인 또는 주선인에 대하여 이유를 제시한 후 그 사실 을 공고하고 정정을 명할 수 있으며, 필요한 때에는 그 증권의 발행ㆍ모집ㆍ매출, 그 밖의 거 래를 정지 또는 금지하거나 대통령령으로 정하는 조치를 할 수 있다. 이 경우 그 조치에 필요 한 절차 및 조치기준은 총리령으로 정한다. <개정 2008. 2. 29., 2009. 2. 3., 2013. 5. 28.> 1. 증권신고서ㆍ정정신고서 또는 증권발행실적보고서를 제출하지 아니한 경우 2. 증권신고서ㆍ정정신고서 또는 증권발행실적보고서 중 중요사항에 관하여 거짓의 기재 또 는 표시가 있거나 중요사항이 기재 또는 표시되지 아니한 경우 3."
제121조,[],REGULATION,투자설명서,,한,증권의 취득,,제121조를 위반하여 증권의 취득 또는 매수의 청약에 대한 승낙을 한 경우 4. 투자설명서에 관하여
제123조,[],,,,,,,제123조 또는
제124조,[],PENALTY,증권의 모집ㆍ매출,,위반,제124조,MANDATORY,"제124조를 위반한 경우 5. 예비투자설명서 또는 간이투자설명서에 의한 증권의 모집ㆍ매출, 그 밖의 거래에 관하여"
제124조제2항,[],PENALTY,위반,위반자,위반,제124조제2항,MANDATORY,제124조제2항을 위반한 경우 6.
제130조,"[2, 1, 130, None]",REGULATION,조치,,하지 않다,조치,PROHIBITIVE,제130조에 따른 조치를 하지 아니한 경우 제2장 기업의 인수ㆍ합병 관련제도 제1절 공개매수
제133조,"[None, None, 133, None]",REGULATION,공개매수,공개매수,해야,주식등,MANDATORY,"제133조(공개매수의 적용대상) ① 이 절에서 “공개매수”란 불특정 다수인에 대하여 의결권 있는 주식, 그 밖에 대통령령으로 정하는 증권(이하 “주식등”이라 한다)의 매수(다른 증권과의 교환 을 포함한다. 이하 이 절에서 같다)의 청약을 하거나 매도(다른 증권과의 교환을 포함한다. 이 하 이 절에서 같다)의 청약을 권유하고 증권시장(증권시장과 유사한 시장으로서 해외에 있는 시장, 다자간매매체결회사 및 외국 법령에 따라 외국에서 다자간매매체결업무에 상당하는 영 법제처 80 국가법령정보센 터 자본시장과 금융투자업에 관한 법률 업을 영위하는 자를 포함한다. 이하 이 절에서 같다) 밖에서 그 주식등을 매수하는 것을 말한 다. <개정 2013. 5. 28., 2025. 3. 6.> ② 이 절에서 “공개매수사무취급자”란 공개매수를 하고자 하는 자를 대리하여 매수ㆍ교환ㆍ 입찰, 그 밖의 유상취득(이하 이 절에서 “매수등”이라 한다)을 할 주식등의 보관, 공개매수에 필요한 자금 또는 교환대상 증권의 지급, 그 밖의 공개매수 관련 사무를 취급하는 자를 말한 다. ③ 주식등을 대통령령으로 정하는 기간 동안 증권시장 밖에서 대통령령으로 정하는 수 이상 의 자로부터 매수등을 하고자 하는 자는 그 매수등을 한 후에 본인과 그 특별관계자(대통령 령으로 정하는 특별한 관계가 있는 자를 말한다. 이하 같다)가 보유(소유, 그 밖에 이에 준하 는 경우로서 대통령령으로 정하는 경우를 포함한다. 이하 이 절 및 제2절에서 같다)하게 되 는 주식등의 수의 합계가 그 주식등의 총수의 100분의 5 이상이 되는 경우(본인과 그 특별관 계자가 보"
제134조,"[None, None, 134, None]",REGULATION,공개매수공고,공개매수자,제출,공개매수공고,MANDATORY,"제134조(공개매수공고 및 공개매수신고서의 제출) ① 공개매수를 하고자 하는 자는 대통령령으 로 정하는 방법에 따라 다음 각 호의 사항을 공고(이하 “공개매수공고”라 한다)하여야 한다. 1. 공개매수를 하고자 하는 자 2. 공개매수할 주식등의 발행인(그 주식등과 관련된 증권예탁증권, 그 밖에 대통령령으로 정 하는 주식등의 경우에는 대통령령으로 정하는 자를 말한다. 이하 이 절에서 같다) 3. 공개매수의 목적 4. 공개매수할 주식등의 종류 및 수 5. 공개매수기간ㆍ가격ㆍ결제일 등 공개매수조건 6. 매수자금의 명세, 그 밖에 투자자 보호를 위하여 필요한 사항으로서 대통령령으로 정하는 사항 ② 공개매수공고를 한 자(이하 “공개매수자”라 한다)는 대통령령으로 정하는 방법에 따라 다 음 각 호의 사항을 기재한 신고서(이하 “공개매수신고서”라 한다)를 그 공개매수공고를 한 날 (이하 “공개매수공고일”이라 한다)에 금융위원회와 거래소에 제출하여야 한다. 다만, 공개매 수공고일이 공휴일(「노동절 제정에 관한 법률」에 따른 노동절 및 토요일을 포함한다), 그 밖 에 금융위원회가 정하여 고시하는 날에 해당되는 경우에는 그 다음 날에 제출할 수 있다.<개 정 2008. 2. 29., 2025. 11. 11.> 1. 공개매수자 및 그 특별관계자에 관한 사항 2. 공개매수할 주식등의 발행인 3. 공개매수의 목적 4. 공개매수할 주식등의 종류 및 수 법제처 81 국가법령정보센 터 자본시장과 금융투자업에 관한 법률 5. 공개매수기간ㆍ가격ㆍ결제일 등 공개매수조건 6. 공개매수공고일 이후에 공개매수에 의하지 아니하고 주식등의 매수등을 하는 계약이 있 는 경우에는 그 계약의 내용 7. 매수자금의 명세, 그 밖에 투자자 보호를 위하여 필요한 사항으로서 대통령령으로 정하는 사항 ③ 제1항 및 제2항에 따른 공개매수기간은 대통령령으로 정하는 기간 이내여야 한다. ④ 공개매수자는 공개매수신고서에 그 주식등의 발행인의 예측정보를 기재 또는 표시할 수 있다. 이 경우 예측정보의 기재 또는 표시는"
Unknown,[],REGULATION,Unknown,,,,,"제125조제2항제1호ㆍ제2호 및 제4호의 방법에 따라야 한다. ⑤ 공개매수신고서의 첨부서류, 그 밖에 공개매수신고서에 관하여 필요한 사항은 대통령령 으로 정한다."
제135조,"[None, None, 135, None]",PROCEDURE,송부,공개매수자,송부,발행인,MANDATORY,제135조(신고서 사본의 송부) 공개매수자는 공개매수신고서를 제출한 경우에는 지체 없이 그 사본을 공개매수할 주식등의 발행인에게 송부하여야 한다.
제136조,[],REGULATION,정정신고,금융위원회,요구,정정신고서,PERMISSIVE,"제136조(정정신고ㆍ공고 등) ① 금융위원회는 공개매수신고서의 형식을 제대로 갖추지 아니한 경우 또는 그 공개매수신고서 중 중요사항에 관하여 거짓의 기재 또는 표시가 있거나 중요사 항이 기재 또는 표시되지 아니한 경우에는 공개매수기간이 종료하는 날까지 그 이유를 제시 하고 그 공개매수신고서의 기재내용을 정정한 신고서(이하 이 절에서 “정정신고서”라 한다)의 제출을 요구할 수 있다. <개정 2008. 2. 29.> ② 제1항에 따른 요구가 있는 경우 그 공개매수신고서는 그 요구를 한 날부터 제출되지 아니 한 것으로 본다. ③ 공개매수자는 공개매수조건, 그 밖에 공개매수신고서의 기재사항을 정정하고자 하는 경 우 또는 투자자 보호를 위하여 그 공개매수신고서에 기재된 내용을 정정할 필요가 있는 경우 로서 총리령으로 정하는 경우에는 공개매수기간이 종료하는 날까지 금융위원회와 거래소에 정정신고서를 제출하여야 한다. 다만, 매수가격의 인하, 매수예정 주식등의 수의 감소, 매수 대금 지급기간의 연장(제4항제1호의 경우를 제외한다), 그 밖에 대통령령으로 정하는 공개매 수조건 등은 변경할 수 없다.<개정 2008. 2. 29.> ④ 공개매수자가 제1항 또는 제3항에 따라 공개매수신고서의 정정신고서를 제출하는 경우 공개매수기간의 종료일은 다음 각 호와 같다. 1. 그 정정신고서를 제출한 날이"
제134조제1항제5호,"[None, None, 134, 5]",REGULATION,정정신고서 제출,정정신고서,제출,,MANDATORY,제134조제1항제5호에 따라 공고한 공개매수기간 종료일 전 10일 이내에 해당하는 경우에는 그 정정신고서를 제출한 날부터 10일이 경과한 날 2. 그 정정신고서를 제출한 날이
제134조제1항제5호,"[None, None, 134, 5]",REGULATION,공고,공개매수자,공고,내용,MANDATORY,제134조제1항제5호에 따라 공고한 공개매수기간 종료일 전 10일 이내에 해당하지 아니하는 경우에는 그 공개매수기간이 종료하는 날 ⑤ 공개매수자는 제1항 또는 제3항에 따라 정정신고서를 제출한 경우에는 지체 없이 그 사 실과 정정한 내용(공개매수공고에 포함된 사항에 한한다)을 공고하여야 한다. 이 경우 공고 의 방법은
제134조제1항,[],REGULATION,공개매수자,공개매수자,송부,발행인,MANDATORY,제134조제1항에 따른다. ⑥ 공개매수자는 공개매수신고서의 정정신고서를 제출한 경우에는 지체 없이 그 사본을 공 개매수할 주식등의 발행인에게 송부하여야 한다.
제137조,[],REGULATION,공개매수설명서,공개매수자,작성하고 제출하고 비치하고 열람할 수 있도록 하여야 한다,공개매수설명서,MANDATORY,"제137조(공개매수설명서의 작성ㆍ공시) ① 공개매수자(공개매수사무취급자를 포함한다. 이하 이 조에서 같다)는 공개매수를 하고자 하는 경우에는 대통령령으로 정하는 방법에 따라 그 공 법제처 82 국가법령정보센 터 자본시장과 금융투자업에 관한 법률 개매수에 관한 설명서(이하 “공개매수설명서”라 한다)를 작성하여 공개매수공고일에 금융위 원회와 거래소에 제출하여야 하며, 이를 총리령으로 정하는 장소에 비치하고 일반인이 열람 할 수 있도록 하여야 한다. 이 경우"
Unknown,[],REGULATION,Unknown,,,,,제134조제2항 각 호 외의 부분 단서를 준용한다. <개정 2008. 2. 29.> ② 공개매수설명서에는 공개매수신고서에 기재된 내용과 다른 내용을 표시하거나 그 기재사 항을 누락하여서는 아니 된다. ③ 공개매수자는 공개매수할 주식등을 매도하고자 하는 자에게 제1항에 적합한 공개매수설 명서를 미리 교부하지 아니하면 그 주식등을 매수하여서는 아니 된다. 이 경우 공개매수설명 서가
제436조,[],REGULATION,전자문서 교부,전자문서,본다,교부,MANDATORY,제436조에 따른 전자문서의 방법에 따르는 때에는 다음 각 호의 요건을 모두 충족하는 때에 이를 교부한 것으로 본다. 1. 전자문서에 의하여 공개매수설명서를 받는 것을 전자문서수신자가 동의할 것 2. 전자문서수신자가 전자문서를 받을 전자전달매체의 종류와 장소를 지정할 것 3. 전자문서수신자가 그 전자문서를 받은 사실이 확인될 것 4. 전자문서의 내용이 서면에 의한 공개매수설명서의 내용과 동일할 것
제138조,[],REGULATION,공개매수,발행인,표명,의견,MANDATORY,제138조(공개매수에 관한 의견표명) ① 공개매수신고서가 제출된 주식등의 발행인은 대통령령 으로 정하는 방법에 따라 그 공개매수에 관한 의견을 표명할 수 있다. ② 발행인은 제1항에 따라 의견을 표명한 경우에는 그 내용을 기재한 문서를 지체 없이 금융 위원회와 거래소에 제출하여야 한다.<개정 2008. 2. 29.>
제139조,[],REGULATION,공개매수 철회,공개매수자,철회할 수 없다,공개매수,PROHIBITIVE,"제139조(공개매수의 철회 등) ① 공개매수자는 공개매수공고일 이후에는 공개매수를 철회할 수 없다. 다만, 대항공개매수(공개매수기간 중 그 공개매수에 대항하는 공개매수를 말한다)가 있 는 경우, 공개매수자가 사망ㆍ해산ㆍ파산한 경우, 그 밖에 투자자 보호를 해할 우려가 없는 경우로서 대통령령으로 정하는 경우에는 공개매수기간의 말일까지 철회할 수 있다. ② 공개매수자는 제1항에 따라 공개매수를 철회하고자 하는 경우에는 철회신고서를 금융위 원회와 거래소에 제출하고, 그 내용을 공고하여야 한다. 이 경우 공고의 방법은"
제134조,[],ACTOR,공개매수,공개매수자,송부하여야 한다,주식등의 발행인,MANDATORY,제134조제 1항에 따른다.<개정 2008. 2. 29.> ③ 공개매수자는 공개매수의 철회신고서를 제출한 경우에는 지체 없이 그 사본을 공개매수 를 철회할 주식등의 발행인에게 송부하여야 한다. ④ 공개매수대상 주식등의 매수의 청약에 대한 승낙 또는 매도의 청약(이하 “응모”라 한다)을 한 자(이하 “응모주주”라 한다)는 공개매수기간 중에는 언제든지 응모를 취소할 수 있다. 이 경우 공개매수자는 응모주주에 대하여 그 응모의 취소에 따른 손해배상 또는 위약금의 지급 을 청구할 수 없다.
제140조,[],REGULATION,매수등 금지,공개매수자,매수등을 하지 못한다,주식등,PROHIBITIVE,"제140조(공개매수에 의하지 아니한 매수등의 금지) 공개매수자(그 특별관계자 및 공개매수사무 취급자를 포함한다)는 공개매수공고일부터 그 매수기간이 종료하는 날까지 그 주식등을 공개 매수에 의하지 아니하고는 매수등을 하지 못한다. 다만, 공개매수에 의하지 아니하고 그 주식 등의 매수등을 하더라도 다른 주주의 권익침해가 없는 경우로서 대통령령으로 정하는 경우에 는 공개매수에 의하지 아니하고 매수등을 할 수 있다."
제141조,[],REGULATION,공개매수,공개매수자,매수,주식,MANDATORY,"제141조(공개매수의 조건과 방법) ① 공개매수자는 공개매수신고서에 기재한 매수조건과 방법 에 따라 응모한 주식등의 전부를 공개매수기간이 종료하는 날의 다음 날 이후 지체 없이 매수 법제처 83 국가법령정보센 터 자본시장과 금융투자업에 관한 법률 하여야 한다. 다만, 다음 각 호의 어느 하나에 해당하는 조건을 공개매수공고에 게재하고 공 개매수신고서에 기재한 경우에는 그 조건에 따라 응모한 주식등의 전부 또는 일부를 매수하 지 아니할 수 있다. 1. 응모한 주식등의 총수가 공개매수 예정주식등의 수에 미달할 경우 응모 주식등의 전부를 매수하지 아니한다는 조건 2. 응모한 주식등의 총수가 공개매수 예정주식등의 수를 초과할 경우에는 공개매수 예정주 식등의 수의 범위에서 비례배분하여 매수하고 그 초과 부분의 전부 또는 일부를 매수하지 아니한다는 조건 ② 공개매수자가 제1항에 따라 공개매수를 하는 경우 그 매수가격은 균일하여야 한다."
제142조,[],REGULATION,배상책임,공개매수자,배상책임을 진다,손해,MANDATORY,"제142조(공개매수자 등의 배상책임) ① 공개매수신고서(그 첨부서류를 포함한다. 이하 이 조에 서 같다) 및 그 공고, 정정신고서(그 첨부서류를 포함한다. 이하 이 조에서 같다) 및 그 공고 또는 공개매수설명서 중 중요사항에 관하여 거짓의 기재 또는 표시가 있거나 중요사항이 기 재 또는 표시되지 아니함으로써 응모주주가 손해를 입은 경우에는 다음 각 호의 자는 그 손해 에 관하여 배상의 책임을 진다. 다만, 배상의 책임을 질 자가 상당한 주의를 하였음에도 불구 하고 이를 알 수 없었음을 증명하거나 응모주주가 응모를 할 때에 그 사실을 안 경우에는 배 상의 책임을 지지 아니한다. 1. 공개매수신고서 및 그 정정신고서의 신고인(신고인의 특별관계자를 포함하며, 신고인이 법인인 경우 그 이사를 포함한다)과 그 대리인 2. 공개매수설명서의 작성자와 그 대리인 ② 예측정보가 다음 각 호에 따라 기재 또는 표시된 경우에는 제1항에 불구하고 제1항 각 호 의 자는 그 손해에 관하여 배상의 책임을 지지 아니한다. 다만, 응모주주가 주식등의 응모를 할 때에 예측정보 중 중요사항에 관하여 거짓의 기재 또는 표시가 있거나 중요사항이 기재 또는 표시되지 아니한 사실을 알지 못한 경우로서 제1항 각 호의 자에게 그 기재 또는 표시 와 관련하여 고의 또는 중대한 과실이 있었음을 증명한 경우에는 배상의 책임을 진다. 1. 그 기재 또는 표시가 예측정보라는 사실이 밝혀져 있을 것 2. 예측 또는 전망과 관련된 가정 또는 판단의 근거가 밝혀져 있을 것 3. 그 기재 또는 표시가 합리적 근거 또는 가정에 기초하여 성실하게 행하여졌을 것 4. 그 기재 또는 표시에 대하여 예측치와 실제 결과치가 다를 수 있다는 주의문구가 밝혀져 있을 것 ③ 제1항 및 제2항에 따라 배상할 금액은 손해배상을 청구하는 소송의 변론이 종결될 때의 그 주식등의 시장가격(시장가격이 없는 경우에는 추정처분가격을 말한다)에서 응모의 대가 로 실제로 받은 금액을 뺀 금액으로 추정한다. ④ 제3항에 불구하고 제1항 및 제2항에 따라 배상책임을 질 자는 응모주주가 입은 손해액의 전부 또는 일부가 중요사항에 관하여 거짓의 기재 또는 표시가 있거나 중요사항을 기재 또는 표시하지 아니함으로써 발생한 것이 아님을 증명한 경우에는 그 부분에 대하여 배상의 책임 을 지지 아니한다. ⑤ 제1항 및 제2항에 따른 배상책임은 응모주주가 해당 사실을 안 날부터 1년 이내 또는 해 당 공개매수공고일부터 3년 이내에 청구권을 행사하지 아니한 경우에는 소멸한다. 법제처 84 국가법령정보센 터 자본시장과 금융투자업에 관한 법률"
제143조,[],ACTOR,공개매수결과보고서,공개매수자,제출,보고서,MANDATORY,공개매수자는 금융위원회가 정하여 고시하는 방법에 따라 공개 매수의 결과를 기재한 보고서(이하 “공개매수결과보고서”라 한다)를 금융위원회와 거래소에 제출하여야 한다.
제144조,[],REGULATION,공시,금융위원회와 거래소,공시,서류,MANDATORY,"제144조(신고서 등의 공시) 금융위원회와 거래소는 다음 각 호의 서류를 그 접수일부터 3년간 비치하고, 인터넷 홈페이지 등을 이용하여 공시하여야 한다. <개정 2008. 2. 29.> 1. 공개매수신고서 및 정정신고서 2. 공개매수설명서 3."
제138조,[],CONCEPT,문서,,,,,제138조에 따른 문서 4.
제139조제2항,"[None, None, 139, 2]",DEFINITION,공개매수결과보고서,공개매수결과보고서,,,DEFINITIONAL,제139조제2항에 따른 철회신고서 5. 공개매수결과보고서
제145조(의결권 제한 등),[],,,,,,,
제133조제3항,[],,,,,,,제133조제3항 또는
제134조,[],REGULATION,의결권 제한,주식등의 매수자,제한,의결권,PROHIBITIVE,"제134조제1항ㆍ제2항을 위반하여 주식등의 매수 등을 한 경우에는 그 날부터 그 주식(그 주식등과 관련한 권리 행사 등으로 취득한 주식을 포함한다)에 대한 의결권을 행사할 수 없으며, 금융위원회는 6개월 이내의 기간을 정하여 그 주식등(그 주식등과 관련한 권리 행사 등으로 취득한 주식을 포함한다)의 처분을 명할 수 있다. <개정 2008. 2. 29.>"
제146조,[],REGULATION,조사 및 조치,금융위원회,명하거나 조사하게 할 수 있다,공개매수자,PERMISSIVE,"제146조(조사 및 조치) ① 금융위원회는 투자자 보호를 위하여 필요한 경우에는 공개매수자, 공 개매수자의 특별관계자, 공개매수사무취급자, 그 밖의 관계인에 대하여 참고가 될 보고 또는 자료의 제출을 명하거나, 금융감독원장에게 그 장부ㆍ서류, 그 밖의 물건을 조사하게 할 수 있다. 이 경우"
제131조제2항,[],REGULATION,공개매수,금융위원회,정정,공개매수자,PERMISSIVE,"제131조제2항을 준용한다. <개정 2008. 2. 29.> ② 금융위원회는 다음 각 호의 어느 하나에 해당하는 경우에는 공개매수자, 공개매수자의 특 별관계자 또는 공개매수사무취급자에 대하여 이유를 제시한 후 그 사실을 공고하고 정정을 명할 수 있으며, 필요한 때에는 그 공개매수를 정지 또는 금지하거나 대통령령으로 정하는 조치를 할 수 있다. 이 경우 그 조치에 필요한 절차 및 조치기준은 총리령으로 정한다.<개정 2008. 2. 29., 2009. 2. 3.> 1. 공개매수공고 또는"
제136조제5항,[],REGULATION,공고 및 제출,,공고 및 제출,공개매수신고서,MANDATORY,"제136조제5항의 공고를 하지 아니한 경우 2. 공개매수신고서, 정정신고서 또는 공개매수결과보고서를 제출하지 아니한 경우 3. 공개매수공고, 공개매수신고서, 정정신고서,"
제136조제5항,[],REGULATION,거짓의 기재 또는 표시,공고,기재,중요사항,,제136조제5항의 공고 또는 공개매수결과보고 서 중 중요사항에 관하여 거짓의 기재 또는 표시가 있거나 중요사항이 기재 또는 표시되지 아니한 경우 4.
제135조,[],,,,,,,
제136조제6항,"[None, None, 136, 6]",,제136조제6항,,,,,제136조제6항 또는
제139조제3항,"[None, None, 139, 3]",PENALTY,공개매수신고서 사본 송부,발행인,송부하지 아니한,공개매수신고서 사본,,"제139조제3항을 위반하여 공개매수신고서, 정정신고서 또는 철회신고서의 사본을 발행인에게 송부하지 아니한 경우 5."
제135조,[],,,,,,,
제136조제6항,"[None, None, 136, 6]",,제136조제6항,,,,,제136조제6항 또는
제139조제3항,[],REGULATION,신고서 사본,,송부,신고서 사본,MANDATORY,제139조제3항에 따른 신고서 사본에 신고서에 기재된 내용 과 다른 내용이 표시하거나 그 내용을 누락하여 송부한 경우 6. 공개매수설명서에 관하여
제137조,"[None, None, 137, None]",REGULATION,위반,제137조,위반한,,,제137조를 위반한 경우 7.
제139조제1항 또는 제2항,[],PENALTY,공개매수 철회,공개매수자,철회,공개매수,,제139조제1항 또는 제2항을 위반하여 공개매수를 철회한 경우 8.
제140조,[],PENALTY,제140조 위반,자,위반,제140조,PROHIBITIVE,제140조를 위반하여 공개매수에 의하지 아니하고 매수등을 한 경우 9.
제141조,[],PENALTY,제141조 위반,공개매수자,위반,제141조,MANDATORY,제141조를 위반하여 공개매수를 한 경우 10.
제145조,[],REGULATION,제145조 위반,자본시장과 금융투자업에 관한 법률,위반,의결권,,"제145조를 위반하여 의결권을 행사하거나, 같은 조에 따른 처분명령을 위반한 경우 법제처 85 국가법령정보센 터 자본시장과 금융투자업에 관한 법률 제2절 주식등의 대량보유상황의 보고"
제147조,[],REGULATION,대량보유,주권상장법인,보고,주식등,MANDATORY,제147조(주식등의 대량보유 등의 보고) ① 주권상장법인의 주식등(
제234조제1항,[],PROCEDURE,대량보유보고,보유자,보고,금융위원회와 거래소,MANDATORY,"제234조제1항에 따른 상장지 수집합투자기구인 투자회사의 주식은 제외한다. 이하 이 절에서 같다)을 대량보유(본인과 그 특별관계자가 보유하게 되는 주식등의 수의 합계가 그 주식등의 총수의 100분의 5 이상인 경 우를 말한다)하게 된 자는 그 날부터 5일(대통령령으로 정하는 날은 산입하지 아니한다. 이하 이 절에서 같다) 이내에 그 보유상황, 보유 목적(발행인의 경영권에 영향을 주기 위한 목적 여 부를 말한다), 그 보유 주식등에 관한 주요계약내용, 그 밖에 대통령령으로 정하는 사항을 대 통령령으로 정하는 방법에 따라 금융위원회와 거래소에 보고하여야 하며, 그 보유 주식등의 수의 합계가 그 주식등의 총수의 100분의 1 이상 변동된 경우(그 보유 주식등의 수가 변동되 지 아니한 경우, 그 밖에 대통령령으로 정하는 경우를 제외한다)에는 그 변동된 날부터 5일 이내에 그 변동내용을 대통령령으로 정하는 방법에 따라 금융위원회와 거래소에 보고하여야 한다. 이 경우 그 보유 목적이 발행인의 경영권에 영향을 주기 위한 것(임원의 선임ㆍ해임 또 는 직무의 정지, 이사회 등 회사의 기관과 관련된 정관의 변경 등 대통령령으로 정하는 것을 말한다)이 아닌 경우와 전문투자자 중 대통령령으로 정하는 자의 경우에는 그 보고내용 및 보 고시기 등을 대통령령으로 달리 정할 수 있다. <개정 2008. 2. 29., 2016. 3. 29.> ② 제1항에 따른 주식등의 수 및 주식등의 총수는 총리령으로 정하는 방법에 따라 산정한 수 로 한다.<개정 2008. 2. 29.> ③ 제1항에 따라 주식등의 대량보유상황ㆍ보유 목적 또는 그 변동내용을 보고하는 날 전일 까지 새로 변동내용을 보고하여야 할 사유가 발생한 경우 새로 보고하여야 하는 변동내용은 당초의 대량보유상황, 보유 목적 또는 그 변동내용을 보고할 때 이를 함께 보고하여야 한다. ④ 제1항에 따라 보고한 자는 그 보유 목적이나 그 보유 주식등에 관한 주요계약내용 등 대 통령령으로 정하는 중요한 사항의 변경이 있는 경우에는 5일 이내에 금융위원회와 거래소에 보고하여야 한다.<개정 2008. 2. 29.>"
제148조,[],REGULATION,송부,,송부,보고서,MANDATORY,제148조(대량보유보고서 등의 발행인에 대한 송부)
제147조제1항,[],REGULATION,송부,보고한 자,송부,발행인,MANDATORY,제147조제1항 또는 제4항에 따라 보고한 자는 지체 없이 그 사본을 해당 주식등의 발행인(대통령령으로 정하는 주식등의 경우에는 대통 령령으로 정하는 자를 말한다)에게 송부하여야 한다.
제149조,[],REGULATION,공시,,,,,제149조(보고서 등의 공시) 금융위원회 및 거래소는
제147조,[],REGULATION,보고서 보관 및 공시,,비치 및 공시,보고서,MANDATORY,"제147조제1항 및 제4항에 따라 제출받은 보고서를 3년간 비치하고, 인터넷 홈페이지 등을 이용하여 공시하여야 한다. <개정 2008. 2. 29.>"
제150조,[],CONCEPT,위반 주식등의 의결권행사 제한,,,,DEFINITIONAL,제150조(위반 주식등의 의결권행사 제한 등) ①
제147조제1항,[],REGULATION,보고,자,보고하지 않다,보고,PROHIBITIVE,"제147조제1항ㆍ제3항 및 제4항에 따라 보고(그 정정보고를 포함한다)하지 아니한 자 또는 대통령령으로 정하는 중요한 사항을 거짓으로 보 고하거나 대통령령으로 정하는 중요한 사항의 기재를 누락한 자는 대통령령으로 정하는 기간 동안 의결권 있는 발행주식총수의 100분의 5를 초과하는 부분 중 위반분에 대하여 그 의결권 을 행사하여서는 아니 되며, 금융위원회는 6개월 이내의 기간을 정하여 그 위반분의 처분을 명할 수 있다. <개정 2008. 2. 29.> ②"
제147조제1항ㆍ제3항 및 제4항,[],REGULATION,보유 목적 보고,보고하는 자,취득하거나 행사할 수 없다,주식등,PROHIBITIVE,"제147조제1항ㆍ제3항 및 제4항에 따라 주식등의 보유 목적을 발행인의 경영권에 영향을 주기 위한 것으로 보고하는 자는 그 보고하여야 할 사유가 발생한 날부터 보고한 날 이후 법제처 86 국가법령정보센터 자본시장과 금융투자업에 관한 법률 5일까지 그 발행인의 주식등을 추가로 취득하거나 보유 주식등에 대하여 그 의결권을 행사 할 수 없다. ③ 제2항을 위반하여 주식등을 추가로 취득한 자는 그 추가 취득분에 대하여 그 의결권을 행 사할 수 없으며, 금융위원회는 6개월 이내의 기간을 정하여 그 추가 취득분의 처분을 명할 수 있다.<개정 2008. 2. 29.>"
제151조,[],REGULATION,조사 및 정정요구,금융위원회,,투자자 보호,,제151조(조사 및 정정요구 등) ① 금융위원회는 투자자 보호를 위하여 필요한 경우에는
제147조제1항,[],REGULATION,보고서 제출,금융감독원장,명하거나 조사할 수 있다,보고서 또는 자료,PERMISSIVE,"제 147조제1항 또는 제4항에 따라 보고서를 제출한 자, 그 밖의 관계인에 대하여 참고가 될 보고 또는 자료의 제출을 명하거나, 금융감독원장에게 그 장부ㆍ서류, 그 밖의 물건을 조사하게 할 수 있다. 이 경우"
제131조제2항,[],REGULATION,준용,금융위원회,준용한다,제131조제2항,MANDATORY,제131조제2항을 준용한다. <개정 2008. 2. 29.> ② 금융위원회는
제147조제1항,[],REGULATION,보고서 정정,,정정 명령,보고서,PERMISSIVE,"제147조제1항 또는 제4항에 따라 제출된 보고서의 형식을 제대로 갖추지 아니한 경우 또는 그 보고서 중 중요사항에 관하여 거짓의 기재 또는 표시가 있거나 중요사 항의 기재 또는 표시가 누락된 경우에는 그 이유를 제시하고 그 보고서의 정정을 명할 수 있 으며, 필요한 때에는 거래를 정지 또는 금지하거나 대통령령으로 정하는 조치를 할 수 있다. <개정 2008. 2. 29.> 제3절 의결권 대리행사의 권유 제한"
제152조,[],REGULATION,의결권 대리행사의 권유,의결권권유자,권유,의결권피권유자,MANDATORY,"제152조(의결권 대리행사의 권유) ① 상장주권(그 상장주권과 관련된 증권예탁증권을 포함한다 . 이하 이 절에서 같다)의 의결권 대리행사의 권유를 하고자 하는 자(이하 “의결권권유자”라 한다)는 그 권유에 있어서 그 상대방(이하 “의결권피권유자”라 한다)에게 대통령령으로 정하는 방법에 따라 위임장 용지 및 참고서류를 교부하여야 한다. ② 제1항에서 “의결권 대리행사의 권유”란 다음 각 호의 어느 하나에 해당하는 행위를 말한 다. 다만, 의결권피권유자의 수 등을 고려하여 대통령령으로 정하는 경우에는 의결권 대리행사의 권유로 보지 아니한다. 1. 자기 또는 제삼자에게 의결권의 행사를 대리시키도록 권유하는 행위 2. 의결권의 행사 또는 불행사를 요구하거나 의결권 위임의 철회를 요구하는 행위 3. 의결권의 확보 또는 그 취소 등을 목적으로 주주에게 위임장 용지를 송부하거나, 그 밖의 방법으로 의견을 제시하는 행위 ③ 국가기간산업 등 국민경제상 중요한 산업을 영위하는 법인으로서 대통령령으로 정하는 상장법인(이하 “공공적 법인”이라 한다)의 경우에는 그 공공적 법인만이 그 주식의 의결권 대리행사의 권유를 할 수 있다. ④ 제1항의 위임장 용지는 주주총회의 목적사항 각 항목에 대하여 의결권피권유자가 찬반 (贊反)을 명기할 수 있도록 하여야 한다. ⑤ 의결권권유자는 위임장 용지에 나타난 의결권피권유자의 의사에 반하여 의결권을 행사할 수 없다. ⑥ 위임장 용지 및 참고서류의 기재사항 등에 관하여 필요한 사항은 대통령령으로 정한다."
제152조의2,[],REGULATION,의결권권유자,발행인,응하다,요구,MANDATORY,제152조의2(발행인과 의결권권유자와의 관계) ① 발행인이 아닌 의결권권유자는 발행인이 의 결권 대리행사의 권유를 하는 경우에는 그 발행인에 대하여 다음 각 호의 어느 하나에 해당하는 행위를 할 것을 요구할 수 있다. <개정 2016. 3. 22.> 법제처 87 국가법령정보센 터 자본시장과 금융투자업에 관한 법률 1. 발행인이 아닌 의결권권유자에 대하여 주주명부의 열람ㆍ등사를 허용하는 행위 2. 발행인이 아닌 의결권권유자를 위하여 그 의결권권유자의 비용으로 위임장 용지 및 참고 서류를 주주에게 송부하는 행위 ② 발행인은 제1항에 따른 요구가 있는 경우에는 요구받은 날부터 2일(대통령령으로 정하는 날은 제외한다) 이내에 이에 응하여야 한다. [본조신설 2013. 5. 28.]
제153조,[],REGULATION,위임장 용지 및 참고서류의 비치 및 열람,의결권권유자,,,,제153조(위임장 용지 및 참고서류의 비치 및 열람) 의결권권유자는
제152조,[],PROCEDURE,제출,의결권피권유자,제출,위임장 및 참고서류,MANDATORY,"제152조에 따라 위임장 용 지 및 참고서류를 의결권피권유자에게 제공하는 날 2일(대통령령으로 정하는 날을 제외한다) 전까지 이를 금융위원회와 거래소에 제출하여야 하며, 총리령으로 정하는 장소에 이를 비치 하고 일반인이 열람할 수 있도록 하여야 한다. <개정 2008. 2. 29., 2013. 5. 28.>"
제154조,[],REGULATION,의결권 위임,의결권권유자,기재,의결권 위임 관련 중요사항,PROHIBITIVE,제154조(정당한 위임장 용지 등의 사용) 의결권권유자는 위임장 용지 및 참고서류 중 의결권피 권유자의 의결권 위임 여부 판단에 중대한 영향을 미칠 수 있는 사항(이하 이 절에서 “의결권 위임 관련 중요사항”이라 한다)에 관하여 거짓의 기재 또는 표시를 하거나 의결권 위임 관련 중요사항의 기재 또는 표시를 누락하여서는 아니 된다.
제155조(의견표명),[],REGULATION,의견표명,상장주권의 발행인,제출,금융위원회와 거래소,MANDATORY,의결권 대리행사의 권유대상이 되는 상장주권의 발행인은 의결권 대리행사 의 권유에 대하여 의견을 표명한 경우에는 그 내용을 기재한 서면을 지체 없이 금융위원회와 거래소에 제출하여야 한다.
제156조,[],REGULATION,정정요구,금융위원회,요구,위임장용지 및 참고서류,PERMISSIVE,제156조(정정요구 등) ① 금융위원회는 위임장용지 및 참고서류의 형식을 제대로 갖추지 아니 한 경우 또는 위임장 용지 및 참고서류 중 의결권 위임 관련 중요사항에 관하여 거짓의 기재 또는 표시가 있거나 의결권 위임 관련 중요사항이 기재 또는 표시되지 아니한 경우에는 그 이 유를 제시하고 위임장용지 및 참고서류를 정정하여 제출할 것을 요구할 수 있다. <개정 2008. 2. 29.> ② 제1항에 따른 요구가 있는 경우에는 당초 제출한 위임장용지 및 참고서류는 제출하지 아 니한 것으로 본다. ③ 의결권권유자는 위임장 용지 및 참고서류의 기재사항을 정정하고자 하는 경우에는 그 권 유와 관련된 주주총회일 7일(대통령령으로 정하는 날을 제외한다) 전까지 이를 정정하여 제 출할 수 있다. 이 경우 대통령령으로 정하는 중요한 사항을 정정하고자 하는 경우 또는 투자 자 보호를 위하여 그 위임장 용지 및 참고서류에 기재된 내용을 정정할 필요가 있는 경우로 서 대통령령으로 정하는 경우에는 반드시 이를 정정하여 제출하여야 한다.
제157조,[],REGULATION,공시,금융위원회와 거래소,,,,제157조(위임장용지 등의 공시) 금융위원회와 거래소는
제152조,[],DEFINITION,위임장용지 및 참고서 류,,,,DEFINITIONAL,"제152조에 따른 위임장용지 및 참고서 류,"
제155조,[],,서면,,,,,제155조에 따른 서면 및
제156조,[],REGULATION,정정내용,,비치 및 공시,정정내용,MANDATORY,"제156조에 따른 정정내용을 그 접수일부터 3년간 비치하고, 인터 넷 홈페이지 등을 이용하여 공시하여야 한다. <개정 2008. 2. 29.>"
제158조,[],REGULATION,조사 및 조치,금융위원회,조사,장부ㆍ서류,PERMISSIVE,"제158조(조사 및 조치) ① 금융위원회는 투자자 보호를 위하여 필요한 경우에는 의결권권유자, 그 밖의 관계인에 대하여 참고가 될 보고 또는 자료의 제출을 명하거나, 금융감독원장에게 그 장부ㆍ서류, 그 밖의 물건을 조사하게 할 수 있다. 이 경우"
제131조제2항,[],PROCEDURE,정정,금융위원회,정할,정정,PERMISSIVE,"제131조제2항을 준용한다. <개정 2008. 2. 29.> 법제처 88 국가법령정보센 터 자본시장과 금융투자업에 관한 법률 ② 금융위원회는 다음 각 호의 어느 하나에 해당하는 경우에는 의결권권유자에 대하여 이유 를 제시한 후 그 사실을 공고하고 정정을 명할 수 있으며, 필요한 때에는 의결권 대리행사의 권유를 정지 또는 금지하거나 대통령령으로 정하는 조치를 할 수 있다. 이 경우 그 조치에 필 요한 절차 및 조치기준은 총리령으로 정한다.<개정 2008. 2. 29., 2009. 2. 3.> 1."
제152조제1항,"[None, None, 152, 1]",PENALTY,제152조제1항 위반,,교부하지 않음,위임장 용지 및 참고서류,,제152조제1항을 위반하여 위임장 용지 및 참고서류를 의결권피권유자에게 교부하지 아니 한 경우 2.
제152조제3항,"[152, None, 3, None]",REGULATION,위임장 용지 및 참고서류,공공적 법인이 아닌 자,권유,의결권 대리행사,,제152조제3항을 위반하여 공공적 법인이 아닌 자가 의결권 대리행사의 권유를 한 경우 3. 위임장 용지 및 참고서류에 관하여
제153조,[],,,,,,,제153조 또는
제154조,[],REGULATION,제154조 위반,제154조,위반,,PROHIBITIVE,제154조를 위반한 경우 4.
제153조,[],,,,,,,제153조 또는
제156조제1항ㆍ제3항,[],PENALTY,의결권 위임 관련 중요사항,위임장 용지 및 참고서류,기재,의결권 위임 관련 중요사항,MANDATORY,제156조제1항ㆍ제3항에 따라 제출하는 위임장 용지 및 참고서류 중 의결권 위임 관련 중요사항에 관하여 거짓의 기재 또는 표시가 있거나 의결권 위임 관련 중요사항 이 기재 또는 표시되지 아니한 경우 5.
제156조제3항,"[None, None, 156, 3]",REGULATION,정정서류,제156조제3항 후단을 위반한 자,제출하지 않음,정정서류,MANDATORY,제156조제3항 후단을 위반하여 정정서류를 제출하지 아니한 경우 제3장 상장법인의 사업보고서 등
제159조,[],REGULATION,사업보고서 제출,주권상장법인,제출,사업보고서,MANDATORY,"제159조(사업보고서 등의 제출) ① 주권상장법인, 그 밖에 대통령령으로 정하는 법인(이하 “사 업보고서 제출대상법인”이라 한다)은 그 사업보고서를 각 사업연도 경과 후 90일 이내에 금 융위원회와 거래소에 제출하여야 한다. 다만, 파산, 그 밖의 사유로 인하여 사업보고서의 제출 이 사실상 불가능하거나 실효성이 없는 경우로서 대통령령으로 정하는 경우에는 사업보고서 를 제출하지 아니할 수 있다. <개정 2008. 2. 29.> ② 사업보고서 제출대상법인은 제1항의 사업보고서에 다음 각 호의 사항을 기재하고, 대통 령령으로 정하는 서류를 첨부하여야 한다.<개정 2013. 5. 28., 2016. 3. 29.> 1. 회사의 목적, 상호, 사업내용 2. 임원보수(「상법」, 그 밖의 법률에 따른 주식매수선택권을 포함하되, 대통령령으로 정하는 것에 한한다. 이하 이 항에서 같다) 3. 임원 개인별 보수와 그 구체적인 산정기준 및 방법(임원 개인에게 지급된 보수가 5억원 이 내의 범위에서 대통령령으로 정하는 금액 이상인 경우에 한한다) 3의2. 보수총액 기준 상위 5명의 개인별 보수와 그 구체적인 산정기준 및 방법(개인에게 지 급된 보수가 5억원 이내의 범위에서 대통령령으로 정하는 금액 이상인 경우에 한정한다) 4. 재무에 관한 사항 5. 그 밖에 대통령령으로 정하는 사항 ③ 최초로 제1항에 따라 사업보고서를 제출하여야 하는 법인은 사업보고서 제출대상법인에 해당하게 된 날부터 5일(제1항에 따른 사업보고서의 제출기간 중에 사업보고서 제출대상법 인에 해당하게 된 경우에는 그 제출기한으로 한다) 이내에 그 직전 사업연도의 사업보고서를 금융위원회와 거래소에 제출하여야 한다. 다만, 그 법인이 증권신고서 등을 통하여 이미 직 전 사업연도의 사업보고서에 준하는 사항을 공시한 경우에는 직전 사업연도의 사업보고서를 제출하지 아니할 수 있다.<개정 2008. 2. 29., 2009. 2. 3.> ④ 사업보고서 제출대상법인은 제1항의 사업보고서를 작성함에 있어서 금융위원회가 정하 여 고시하는 기재방법 및 서식에 따라야 한다.<개정 2008. 2. 29., 2009. 2. 3.> ⑤ 삭제<2009. 2. 3.> 법제처 89 국가법령정보센 터 자본시장과 금융투자업에 관한 법률 ⑥ 사업보고서 제출대상법인은 사업보고서에 그 법인의 예측정보를 기재 또는 표시할 수 있 다. 이 경우 예측정보의 기재 또는 표시는"
제125조제2항제1호,[],PROCEDURE,사업보고서 제출,대표이사,서명,사업보고서,MANDATORY,제125조제2항제1호ㆍ제2호 및 제4호의 방법에 따 라야 한다. ⑦ 사업보고서를 제출하는 경우 제출 당시 그 법인의 대표이사(집행임원 설치회사의 경우 대 표집행임원을 말한다) 및 제출업무를 담당하는 이사는 그 사업보고서의 기재사항 중 중요사 항에 관하여 거짓의 기재 또는 표시가 있거나 중요사항의 기재 또는 표시가 누락되어 있지 아니하다는 사실 등 대통령령으로 정하는 사항을 확인ㆍ검토하고 이에 각각 서명하여야 한 다.<개정 2013. 5. 28.>
제160조,[],REGULATION,반기보고서 및 분기보고서 제출,사업보고서 제출대상법인,제출,금융위원회와 거래소,MANDATORY,"제160조(반기ㆍ분기보고서의 제출) ① 사업보고서 제출대상법인은 그 사업연도 개시일부터 6개월간의 사업보고서(이하 “반기보고서”라 한다)와 사업연도 개시일부터 3개월간 및 9개월 간의 사업보고서(이하 “분기보고서”라 한다)를 각각 그 기간 경과 후 45일 이내에 금융위원회 와 거래소에 제출하여야 하되, 사업보고서 제출대상법인이 재무에 관한 사항과 그 부속명세, 그 밖에 금융위원회가 정하여 고시하는 사항을 연결재무제표를 기준으로 기재하여 작성한 반 기보고서와 분기보고서를 금융위원회와 거래소에 제출하는 경우에는 그 최초의 사업연도와 그 다음 사업연도에 한하여 그 기간 경과 후 60일 이내에 제출할 수 있다. 이 경우"
제159조,[],REGULATION,분기보고서,분기보고서,제외,제3호 및 제3호의2,MANDATORY,"제159조제 2항(분기보고서에 대하여는 같은 항 제3호 및 제3호의2는 제외한다)ㆍ제4항ㆍ제6항 및 제 7항을 준위한다. <개정 2008. 2. 29., 2009. 2. 3., 2016. 3. 29., 2025. 1. 21.> ② 최초로"
제159조제1항,"[None, None, 159, 1]",REGULATION,사업보고서 제출,법인,제출,사업보고서,MANDATORY,"제159조제1항 본문에 따라 사업보고서를 제출하여야 하는 법인은 사업보고서 제 출대상법인에 해당하게 된 날부터 5일(제1항 전단에 따른 반기보고서 또는 분기보고서의 제 출기간 중에 사업보고서 제출대상법인에 해당하게 된 경우에는 그 제출기한으로 한다) 이내 에 그 직전 반기보고서 또는 분기보고서를 금융위원회와 거래소에 제출하여야 한다. 다만, 그 법인이 증권신고서 등을 통하여 이미 직전 반기보고서 또는 분기보고서에 준하는 사항을 공시한 경우에는 직전 반기보고서 또는 분기보고서를 제출하지 아니할 수 있다."
제161조,[],PROCEDURE,주요사항보고서,사업보고서 제출대상법인,제출,주요사항보고서,MANDATORY,"제161조(주요사항보고서의 제출) ① 사업보고서 제출대상법인은 다음 각 호의 어느 하나에 해 당하는 사실이 발생한 경우에는 그 사실이 발생한 날의 다음 날까지(제6호의 경우에는 그 사 실이 발생한 날부터 3일까지, 제9호의 경우에는 그 사실이 발생한 다음 날과 납입기일의 1주 전 중 먼저 도래하는 날까지로 한다) 그 내용을 기재한 보고서(이하 “주요사항보고서”라 한다 )를 금융위원회에 제출하여야 한다. 이 경우"
Unknown,[],REGULATION,Unknown,,,,,"제159조제6항 및 제7항을 준용한다. <개정 2008. 2. 29., 2013. 5. 28., 2014. 12. 30., 2016. 3. 29., 2025. 1. 21.> 1. 발행한 어음 또는 수표가 부도로 되거나 은행과의 당좌거래가 정지 또는 금지된 때 2. 영업활동의 전부 또는 중요한 일부가 정지되거나 그 정지에 관한 이사회 등의 결정이 있 은 때 3. 「채무자 회생 및 파산에 관한 법률」에 따른 회생절차개시 또는 간이회생절차개시의 신청 이 있은 때 4. 이 법, 「상법」, 그 밖의 법률에 따른 해산사유가 발생한 때 5. 대통령령으로 정하는 경우에 해당하는 자본 또는 부채의 변동에 관한 이사회 등의 결정이 있은 때 법제처 90 국가법령정보센 터 자본시장과 금융투자업에 관한 법률 6. 「상법」"
제360조의2,[],,,,,,,
Unknown,[],REGULATION,Unknown,,,,,"제360조의15,"
제522조,[],,,,,,,
제530조의2,[],REGULATION,결의,,결의,양수/양도,MANDATORY,"제530조의2에 규정된 사실이 발생한 때 7. 대통령령으로 정하는 중요한 영업 또는 자산을 양수하거나 양도할 것을 결의한 때 8. 자기주식을 취득(자기주식의 취득을 목적으로 하는 신탁계약의 체결을 포함한다) 또는 처 분(자기주식의 취득을 목적으로 하는 신탁계약의 해지를 포함한다)할 것을 결의한 때 9. 전환사채, 교환사채 또는 신주인수권부사채의 발행에 관한 결정이 있은 때. 다만, 해당 주 권 관련 사채권의 발행이 증권의 모집 또는 매출에 따른 것으로서"
제119조제1항,"[119, 1, None, None]",REGULATION,주요사항보고서,금융위원회,제출,주요사항보고서,MANDATORY,"제119조제1항에 따라 신 고서를 제출하는 경우는 제외한다. 10. 그 밖에 그 법인의 경영ㆍ재산 등에 관하여 중대한 영향을 미치는 사항으로서 대통령령 으로 정하는 사실이 발생한 때 ② 사업보고서 제출대상법인은 제1항에 따라 주요사항보고서를 제출하는 경우에는 제1항 각 호의 항목별로 대통령령으로 정하는 서류를 첨부하여야 한다. ③ 사업보고서 제출대상법인은 주요사항보고서를 작성함에 있어서 금융위원회가 정하여 고 시하는 기재방법 및 서식에 따라야 한다.<개정 2008. 2. 29.> ④ 금융위원회는 제출된 주요사항보고서가 투자자의 투자판단에 중대한 영향을 미칠 우려가 있어 그 내용을 신속하게 알릴 필요가 있는 경우에는 대통령령으로 정하는 방법에 따라 행정 기관, 그 밖의 관계기관에 대하여 필요한 정보의 제공 또는 교환을 요청할 수 있다. 이 경우 요청을 받은 기관은 특별한 사유가 없는 한 이에 협조하여야 한다.<개정 2008. 2. 29.> ⑤ 금융위원회는 제1항에 따라 주요사항보고서가 제출된 경우 이를 거래소에 지체 없이 송 부하여야 한다.<개정 2008. 2. 29.>"
제161조의2,[],REGULATION,자료요구권,연결재무제표 작성대상법인 중 사업보고서 제출대상법인,,,,제161조의2(자료요구권 등) ① 연결재무제표 작성대상법인 중 사업보고서 제출대상법인은
제 159조,[],REGULATION,자료 제출,사업보고서 제출대상법인,요구,자료,PERMISSIVE,"제 159조의 사업보고서, 반기보고서, 분기보고서 및 주요사항보고서(이하 “사업보고서등”이라 한다)의 작성을 위하여 필요한 범위에서 종속회사에게 관련 자료의 제출을 요구할 수 있다. <개정 2025. 1. 21.> ② 연결재무제표 작성대상법인 중 사업보고서 제출대상법인은 사업보고서등의 작성을 위하 여 필요한 자료를 입수할 수 없거나 종속회사가 제출한 자료의 내용을 확인할 필요가 있는 때에는 종속회사의 업무와 재산상태를 조사할 수 있다.<개정 2025. 1. 21.> [본조신설 2013. 5. 28.]"
제162조,[],REGULATION,배상책임,사업보고서등의 제출인,배상 책임을 진다,손해,MANDATORY,"제162조(거짓의 기재 등에 의한 배상책임) ① 사업보고서등과 그 첨부서류(회계감사인의 감사 보고서는 제외한다) 중 중요사항에 관하여 거짓의 기재 또는 표시가 있거나 중요사항이 기재 또는 표시되지 아니함으로써 사업보고서 제출대상법인이 발행한 증권(그 증권과 관련된 증권 예탁증권, 그 밖에 대통령령으로 정하는 증권을 포함한다. 이하 이 조에서 같다)의 취득자 또 는 처분자가 손해를 입은 경우에는 다음 각 호의 자는 그 손해에 관하여 배상의 책임을 진다. 다만, 배상의 책임을 질 자가 상당한 주의를 하였음에도 불구하고 이를 알 수 없었음을 증명 하거나 그 증권의 취득자 또는 처분자가 그 증권의 취득 또는 처분을 할 때에 그 사실을 안 경우에는 배상의 책임을 지지 아니한다. <개정 2009. 2. 3., 2025. 1. 21.> 1. 그 사업보고서등의 제출인과 제출당시의 그 사업보고서 제출대상법인의 이사 2. 「상법」"
제401조의2제1항,"[401, 2, 1, None]",REGULATION,배상 책임,사업보고서 작성자,작성,사업보고서,PROHIBITIVE,"제401조의2제1항 각 호의 어느 하나에 해당하는 자로서 그 사업보고서등의 작성 을 지시하거나 집행한 자 법제처 91 국가법령정보센 터 자본시장과 금융투자업에 관한 법률 3. 그 사업보고서등의 기재사항 및 그 첨부서류가 진실 또는 정확하다고 증명하여 서명한 공 인회계사ㆍ감정인 또는 신용평가를 전문으로 하는 자 등(그 소속단체를 포함한다) 대통령 령으로 정하는 자 4. 그 사업보고서등의 기재사항 및 그 첨부서류에 자기의 평가ㆍ분석ㆍ확인 의견이 기재되 는 것에 대하여 동의하고 그 기재내용을 확인한 자 ② 예측정보가 다음 각 호에 따라 기재 또는 표시된 경우에는 제1항에 불구하고 제1항 각 호 의 자는 그 손해에 관하여 배상의 책임을 지지 아니한다. 다만, 해당 증권의 취득자 또는 처 분자가 그 취득 또는 처분을 할 때에 예측정보 중 중요사항에 관하여 거짓의 기재 또는 표시 가 있거나 중요사항이 기재 또는 표시되지 아니한 사실을 알지 못한 경우로서 제1항 각 호의 자에게 그 기재 또는 표시와 관련하여 고의 또는 중대한 과실이 있었음을 증명한 경우에는 배상의 책임을 진다. 1. 그 기재 또는 표시가 예측정보라는 사실이 밝혀져 있을 것 2. 예측 또는 전망과 관련된 가정 또는 판단의 근거가 밝혀져 있을 것 3. 그 기재 또는 표시가 합리적 근거 또는 가정에 기초하여 성실하게 행하여졌을 것 4. 그 기재 또는 표시에 대하여 예측치와 실제 결과치가 다를 수 있다는 주의문구가 밝혀져 있을 것 ③ 제1항 및 제2항에 따라 배상할 금액은 청구권자가 그 증권을 취득 또는 처분함에 있어서 실제로 지급한 금액 또는 받은 금액과 다음 각 호의 어느 하나에 해당하는 금액(처분의 경우 에는 제1호에 한한다)과의 차액으로 추정한다. 1. 제1항 및 제2항에 따라 손해배상을 청구하는 소송의 변론이 종결될 때의 그 증권의 시장 가격(시장가격이 없는 경우에는 추정처분가격을 말한다) 2. 제1호의 변론종결 전에 그 증권을 처분한 경우에는 그 처분가격 ④ 제3항에 불구하고 제1항 및 제2항에 따라 배상책임을 질 자는 청구권자가 입은 손해액의 전부 또는 일부가 중요사항에 관하여 거짓의 기재 또는 표시가 있거나 중요사항이 기재 또는 표시되지 아니함으로써 발생한 것이 아님을 증명한 경우에는 그 부분에 대하여 배상책임을 지지 아니한다. ⑤ 제1항 및 제2항에 따른 배상의 책임은 그 청구권자가 해당 사실을 안 날부터 1년 이내 또 는 해당 제출일부터 3년 이내에 청구권을 행사하지 아니한 경우에는 소멸한다."
제163조,[],REGULATION,사업보고서등의 공시,금융위원회와 거래소,비치하고 공시하여야 한다,사업보고서등,MANDATORY,"제163조(사업보고서등의 공시) 금융위원회와 거래소는 사업보고서등을 3년간 일정한 장소에 비치하고, 인터넷 홈페이지 등을 이용하여 공시하여야 한다. 이 경우 기업경영 등 비밀유지와 투자자 보호와의 형평 등을 고려하여 대통령령으로 정하는 사항을 제외하고 비치 및 공시할 수 있다. <개정 2008. 2. 29.>"
제164조,[],REGULATION,조사 및 조치,금융위원회,명하거나 조사하게 할 수 있다,자료,PERMISSIVE,"제164조(조사 및 조치) ① 금융위원회는 투자자 보호를 위하여 필요한 경우에는 사업보고서 제 출대상법인, 그 밖의 관계인에 대하여 참고가 될 보고 또는 자료의 제출을 명하거나, 금융감독원장에게 그 장부ㆍ서류, 그 밖의 물건을 조사하게 할 수 있다. 이 경우"
제131조제2항,"[None, None, 131, 2]",REGULATION,사업보고서 제출대상법인,금융위원회,정정,사업보고서 제출대상법인,PERMISSIVE,"제131조제2항을 준 용한다. <개정 2008. 2. 29.> ② 금융위원회는 다음 각 호의 어느 하나에 해당하는 경우에는 사업보고서 제출대상법인에 대하여 이유를 제시한 후 그 사실을 공고하고 정정을 명할 수 있으며, 필요한 때에는 증권의 발행, 그 밖의 거래를 정지 또는 금지하거나 대통령령으로 정하는 조치를 할 수 있다.이 경우 법제처 92 국가법령정보센 터 자본시장과 금융투자업에 관한 법률 그 조치에 필요한 절차 및 조치기준은 총리령으로 정한다.<개정 2008. 2. 29., 2009. 2. 3.> 1. 사업보고서등을 제출하지 아니한 경우 2. 사업보고서등 중 중요사항에 관하여 거짓의 기재 또는 표시가 있거나 중요사항이 기재 또 는 표시되지 아니한 경우"
제165조,[],REGULATION,사업보고서 제출,,,,,제165조(사업보고서등의 제출에 관한 특례) ①
제159조,[],,,,,,,
제161조,[],REGULATION,제출의무 면제,외국법인,면제,제출의무,PERMISSIVE,제161조까지의 규정에 불구하고 외 국법인등의 경우에는 대통령령으로 정하는 기준 및 방법에 따라 제출의무를 면제하거나 제출 기한을 달리하는 등 그 적용을 달리할 수 있다. <개정 2013. 8. 13.> ②
제160조,[],CONCEPT,중소기업기본법,,,중소기업기본법,,제160조에도 불구하고 「중소기업기본법」
제2조,[],REGULATION,보고서 제출의무,법인,면제,보고서,PERMISSIVE,제2조에 따른 중소기업이 발행한 주권을 매매 하는 대통령령으로 정하는 증권시장에 상장된 주권을 발행한 법인의 경우에는 대통령령으로 정하는 기준 및 방법에 따라 반기ㆍ분기보고서의 제출의무를 면제하거나 제출기한을 달리하는 등 그 적용을 달리할 수 있다.
제159조,[],,,,,,,제159조 및
제160조,[],PROCEDURE,제출기한 연장,사업보고서 제출대상법인,합의,제출기한 연장,MANDATORY,제160조에도 불구하고 사업보고서 제출대상법인은 그 회계감사인과 감사보 고서 작성을 위하여 부득이 사업보고서등(주요사항보고서는 제외한다. 이하 이 항에서 같다 )의 제출기한 연장이 필요하다고 미리 합의하고
제159조제1항,[],,,,,,,제159조제1항 및
제160조제1항,[],REGULATION,사업보고서 제출기한 연장,사업보고서 제출대상법인,제출할 수 있다,사업보고서등,PERMISSIVE,"제160조제1항에 따른 사업 보고서등의 제출기한 만료 7일 전까지 금융위원회와 거래소에 기한 연장 사유를 기재하여 신고한 경우에는 연 1회에 한정하여 사업보고서등 제출기한을 5영업일 이내에서 연장하여 제출할 수 있다.<신설 2017. 10. 31., 2025. 1. 21.> ④ 사업보고서 제출대상법인이 제3항에 따라 금융위원회와 거래소에 신고하는 경우에는 금 융위원회가 정하여 고시하는 기재방법 및 서식에 따라야 하고, 회계감사인이 기재하여 서명 날인한 기한 연장 사유서를 첨부하여야 한다.<신설 2017. 10. 31.> [제목개정 2025. 1. 21.] 제3장의2 주권상장법인에 대한 특례 <신설 2009. 2. 3.>"
제165조의2,[],REGULATION,주권상장법인,이 장,적용,주권상장법인,MANDATORY,"제165조의2(적용범위) ① 이 장은 다음 각 호의 어느 하나에 해당하지 아니하는 주권상장법인 에 대하여 적용한다. 1. 외국법인등. 다만,"
제165조의16,[],,,,,,,제165조의16 및
제165조의18,[],REGULATION,주권상장법인,이 장,적용,상법 제3편,MANDATORY,제165조의18은 그러하지 아니하다. 2. 투자회사 ② 이 장은 주권상장법인에 관하여 「상법」 제3편에 우선하여 적용한다. [전문개정 2013. 4. 5.]
제165조의3,[],REGULATION,자기주식 취득,주권상장법인,취득,자기주식,PERMISSIVE,제165조의3(자기주식 취득 및 처분의 특례) ① 주권상장법인은 다음 각 호의 방법으로 자기주식을 취득할 수 있다. 1. 「상법」
제341조제1항,"[None, None, 341, 1]",PROCEDURE,신탁계약 해지 시 반환 방법,신탁업자,반환받는,자기주식,,제341조제1항에 따른 방법 2. 신탁계약에 따라 자기주식을 취득한 신탁업자로부터 신탁계약이 해지되거나 종료된 때 반환받는 방법(신탁업자가 해당 주권상장법인의 자기주식을 「상법」
제341조제1항,[],REGULATION,자기주식의 취득가액,자기주식의 취득가액,정한다,상법,DEFINITIONAL,제341조제1항의 방법 으로 취득한 경우로 한정한다) ② 제1항의 경우 자기주식의 취득가액의 총액은 「상법」
제462조제1항,"[None, None, 462, 1]",REGULATION,이익배당,,이어야 한다,한도,MANDATORY,제462조제1항에 따른 이익배당을 할 수 있는 한도 이내이어야 한다. 법제처 93 국가법령정보센 터 자본시장과 금융투자업에 관한 법률 ③ 주권상장법인은 제1항의 방법 또는 「상법」
제341조제1항,[],REGULATION,자기주식,주권상장법인,취득·처분,자기주식,MANDATORY,제341조제1항 각 호의 어느 하나에 해당하는 방법으로 자기주식을 취득하는 경우에는 같은 조 제2항에도 불구하고 이사회의 결의로써 자 기주식을 취득할 수 있다. ④ 주권상장법인은 제1항에 따라 자기주식을 취득(자기주식을 취득하기로 하는 신탁업자와 의 신탁계약의 체결을 포함한다)하거나 이에 따라 취득한 자기주식을 처분(자기주식을 취득 하기로 하는 신탁업자와의 신탁계약의 해지를 포함한다)하는 경우에는 대통령령으로 정하는 요건ㆍ방법 등의 기준에 따라야 한다. [전문개정 2013. 4. 5.]
제165조의4,[],REGULATION,합병 등,주권상장법인,수행,합병 등,MANDATORY,제165조의4(합병 등의 특례) ①주권상장법인은 다음 각 호의 어느 하나에 해당하는 행위(이하 이 조에서 “합병 등”이라 한다)를 하려면 대통령령으로 정하는 요건ㆍ방법 등의 기준에 따라 야 한다. <개정 2013. 5. 28.> 1. 다른 법인과의 합병 2. 대통령령으로 정하는 중요한 영업 또는 자산의 양수 또는 양도 3. 주식의 포괄적 교환 또는 포괄적 이전 4. 분할 또는 분할합병 ② 주권상장법인은 합병 등을 하는 경우 투자자 보호 및 건전한 거래질서를 위하여 대통령령 으로 정하는 바에 따라 외부의 전문평가기관(이하 이 조 및
제165조의18,[],REGULATION,외부평가기관,금융위원회,제한할 수 있다,평가 업무,PERMISSIVE,"제165조의18에서 “외부평가기관 ”이라 한다)으로부터 합병 등의 가액, 그 밖에 대통령령으로 정하는 사항에 관한 평가를 받아 야 한다.<신설 2013. 5. 28.> ③ 금융위원회는 외부평가기관의 합병 등에 관한 평가가 현저히 부실한 경우, 그 밖에 투자 자 보호 또는 건전한 거래질서를 해할 우려가 있는 경우로서 대통령령으로 정하는 경우에는 제2항에 따른 평가 업무를 제한할 수 있다.<신설 2013. 5. 28.> ④ 외부평가기관의 범위, 제3항에 따른 평가 업무 제한의 방법 등에 대하여는 대통령령으로 정한다.<신설 2013. 5. 28.> [본조신설 2009. 2. 3.]"
제165조의5,[],REGULATION,주식매수청구권의 특례,주권상장법인,,상법,,제165조의5(주식매수청구권의 특례) ① 주권상장법인이 「상법」
제360조의3,[],,,,,,,제360조의3
제360조의9,"[None, None, 360, 9]",,,,,,,제360조의9ㆍ
제 360조의16,[],,,,,,,
제374조,[],,,,,,,
Unknown,[],REGULATION,Unknown,,,,,제522조ㆍ
제527조의2,[],,제527조의2,,,,,제527조의2 및
제530조의3,[],,,,,,,제530조의3(같은 법
제530조의2,[],REGULATION,주주 반대,주주,반대,이사회 결의,MANDATORY,제530조의2에 따른 분 할합병 및 같은 조에 따른 분할로서 대통령령으로 정하는 경우만 해당한다)에서 규정하는 의 결사항에 관한 이사회 결의에 반대하는 주주(「상법」
제344조의3제1항,[],DEFINITION,종류주식의 주주,주주,포함,종류주식,DEFINITIONAL,제344조의3제1항에 따른 의결권이 없거 나 제한되는 종류주식의 주주를 포함한다. 이하 이 조에서 같다)는 주주총회 전(「상법」
제 360조의9,[],DEFINITION,완전자회사가 되는 회사의 주주와 같은 법,완전자회사가 되는 회사,,주주와 같은 법,DEFINITIONAL,제 360조의9에 따른 완전자회사가 되는 회사의 주주와 같은 법
제527조의2,[],REGULATION,소멸하는 회사의 주주,주주,,법,,제527조의2에 따른 소멸하는 회 사의 주주의 경우에는 같은 법
제360조의9제2항,[],,,,,,,제360조의9제2항 및
제527조의2제2항,"[527, 2, 2, None]",PROCEDURE,반대 의사 통지,주주,통지,주식,MANDATORY,제527조의2제2항에 따른 공고 또는 통지 를 한 날부터 2주 이내)에 해당 법인에 대하여 서면으로 그 결의에 반대하는 의사를 통지한 경우에만 자기가 소유하고 있는 주식(반대 의사를 통지한 주주가
제391조,[],REGULATION,주식 매수,주주총회,결의,주식 매수,MANDATORY,"제391조에 따라 이사회 결 의 사실이 공시되기 이전에 취득하였음을 증명한 주식과, 이사회 결의 사실이 공시된 이후에 취득하였지만 대통령령으로 정하는 경우에 해당함을 증명한 주식만 해당한다)을 매수하여 줄 것을 해당 법인에 대하여 주주총회의 결의일(「상법」"
제360조의9,[],DEFINITION,완전자회사가 되는 회사의 주주,주주,같다,법,DEFINITIONAL,제360조의9에 따른 완전자회사가 되는 회사의 주주와 같은 법
제527조의2,[],REGULATION,소멸하는 회사의 주주,소멸하는 회사의 주주,적용,같은 법,MANDATORY,제527조의2에 따른 소멸하는 회사의 주주의 경우에는 같은 법
제 360조의9제2항,"[360, None, 9, 2]",,,,,,,제 360조의9제2항 및
제527조의2제2항,[],REGULATION,주식 매수청구,법인,청구,주식,MANDATORY,"제527조의2제2항에 따른 공고 또는 통지를 한 날부터 2주가 경과한 날)부 법제처 94 국가법령정보센 터 자본시장과 금융투자업에 관한 법률 터 20일 이내에 주식의 종류와 수를 기재한 서면으로 청구할 수 있다. <개정 2013. 4. 5., 2013. 5. 28.> ② 제1항의 청구를 받으면 해당 법인은 매수청구기간이 종료하는 날부터 1개월 이내에 해당 주식을 매수하여야 한다. ③ 제2항에 따른 주식의 매수가격은 주주와 해당 법인 간의 협의로 결정한다. 다만, 협의가 이루어지지 아니하는 경우의 매수가격은 이사회 결의일 이전에 증권시장에서 거래된 해당 주식의 거래가격을 기준으로 하여 대통령령으로 정하는 방법에 따라 산정된 금액으로 하며, 해당 법인이나 매수를 청구한 주주가 그 매수가격에 대하여도 반대하면 법원에 매수가격의 결정을 청구할 수 있다. ④ 주권상장법인이 제1항에 따라 매수한 주식은 대통령령으로 정하는 기간 이내에 처분하여 야 한다.<개정 2013. 4. 5.> ⑤ 주권상장법인은 「상법」"
제363조,[],REGULATION,제363조,,,,,제363조에 따라 같은 법
제360조의3,[],,,,,,,
제360조의16,[],,,,,,,"제360조의16,"
제374조,[],,,,,,,
Unknown,[],REGULATION,Unknown,,,,,제 522조 및
제530조의3,[],,,,,,,제530조의3(같은 법
제530조의2,[],PROCEDURE,주주총회 소집 통지,주주총회,통지,결의사항,MANDATORY,제530조의2에 따른 분할합병 및 같은 조에 따른 분할로서 대 통령령으로 정하는 경우만 해당한다)에서 규정하는 결의사항에 관한 주주총회 소집의 통지 또는 공고를 하거나 같은 법
제360조의9제2항,"[360, 9, 2, None]",,,,,,,제360조의9제2항 및
제527조의2제2항,"[527, 2, 2, None]",REGULATION,주식매수청구권,,명시,주식매수청구권,MANDATORY,제527조의2제2항에 따른 통지 또는 공고 를 하는 경우에는 제1항에 따른 주식매수청구권의 내용 및 행사방법을 명시하여야 한다. 이 경우 같은 법
제344조의3제1항,"[344, 3, 1]",REGULATION,의결권이 없거나 제한되는 종류주식의 주주,주주,통지하거나 공고,그 사항,MANDATORY,"제344조의3제1항에 따른 의결권이 없거나 제한되는 종류주식의 주주에게도 그 사항을 통지하거나 공고하여야 한다.<개정 2013. 4. 5., 2013. 5. 28.> [본조신설 2009. 2. 3.]"
제165조의6,"[None, None, 165, 6]",REGULATION,신주 배정,주권상장법인,배정,신주,MANDATORY,"제165조의6(주식의 발행 및 배정 등에 관한 특례) ① 주권상장법인이 신주(제3호의 경우에는 이 미 발행한 주식을 포함한다. 이하 이 항 및 제4항에서 같다)를 배정하는 경우 다음 각 호의 방 식에 따른다. 1. 주주에게 그가 가진 주식 수에 따라서 신주를 배정하기 위하여 신주인수의 청약을 할 기 회를 부여하는 방식 2. 신기술의 도입, 재무구조의 개선 등 회사의 경영상 목적을 달성하기 위하여 필요한 경우 제1호 외의 방법으로 특정한 자(해당 주권상장법인의 주식을 소유한 자를 포함한다)에게 신주를 배정하기 위하여 신주인수의 청약을 할 기회를 부여하는 방식 3. 제1호 외의 방법으로 불특정 다수인(해당 주권상장법인의 주식을 소유한 자를 포함한다 )에게 신주인수의 청약을 할 기회를 부여하고 이에 따라 청약을 한 자에 대하여 신주를 배 정하는 방식 ② 주권상장법인은 신주를 배정하는 경우 그 기일까지 신주인수의 청약을 하지 아니하거나 그 가액을 납입하지 아니한 주식[이하 이 조 및"
제165조의18,[],REGULATION,실권주,발행,철회,실권주,MANDATORY,"제165조의18에서 “실권주”(失權株)라 한다]에 대하여 발행을 철회하여야 한다. 다만, 금융위원회가 정하여 고시하는 방법에 따라 산정한 가격 이상으로 신주를 발행하는 경우로서 다음 각 호의 어느 하나에 해당하는 경우에는 그러 하지 아니하다. 1. 실권주가 발생하는 경우 대통령령으로 정하는 특수한 관계에 있지 아니한 투자매매업자 가 인수인으로서 그 실권주 전부를 취득하는 것을 내용으로 하는 계약을 해당 주권상장법 인과 체결하는 경우 2. 제1항제1호의 경우 신주인수의 청약 당시에 해당 주권상장법인과 주주 간의 별도의 합의 에 따라 실권주가 발생하는 때에는 신주인수의 청약에 따라 배정받을 주식수를 초과하는 법제처 95 국가법령정보센 터 자본시장과 금융투자업에 관한 법률 내용의 청약(이하 이 호에서 “초과청약”이라 한다)을 하여 그 초과청약을 한 주주에게 우선 적으로 그 실권주를 배정하기로 하는 경우. 이 경우 신주인수의 청약에 따라 배정받을 주 식수에 대통령령으로 정하는 비율을 곱한 주식수를 초과할 수 없다. 3. 그 밖에 주권상장법인의 자금조달의 효율성, 주주 등의 이익 보호, 공정한 시장질서 유지 의 필요성을 종합적으로 고려하여 대통령령으로 정하는 경우 ③ 주권상장법인은 제1항제1호의 방식으로 신주를 배정하는 경우 「상법」"
제416조,[],REGULATION,신주인수권증서 발행,,발행,신주인수권증서,MANDATORY,"제416조제5호 및 제6호에도 불구하고 주주에게 신주인수권증서를 발행하여야 한다. 이 경우 주주 등의 이익 보호, 공정한 시장질서 유지의 필요성 등을 고려하여 대통령령으로 정하는 방법에 따라 신주 인수권증서가 유통될 수 있도록 하여야 한다. ④ 제1항제3호의 방식으로 신주를 배정하는 경우에는 정관으로 정하는 바에 따라 이사회의 결의로 다음 각 호의 어느 하나에 해당하는 방식으로 신주를 배정하여야 한다. 이 경우 「상 법」"
제418조,"[418, 1, None, None]",REGULATION,단서 적용 금지,단서,적용하지 않다,,PROHIBITIVE,제418조제1항 및 같은 조 제2항 단서를 적용하지 아니한다. 1. 신주인수의 청약을 할 기회를 부여하는 자의 유형을 분류하지 아니하고 불특정 다수의 청 약자에게 신주를 배정하는 방식 2.
제165조의7,[],REGULATION,신주인수 청약 기회 부여,우리사주조합원,부여,신주인수 청약 기회,MANDATORY,제165조의7에 따라 우리사주조합원에 대하여 신주를 배정하고 청약되지 아니한 주식까지 포함하여 불특정 다수인에게 신주인수의 청약을 할 기회를 부여하는 방식 3. 주주에 대하여 우선적으로 신주인수의 청약을 할 수 있는 기회를 부여하고 청약되지 아니 한 주식이 있는 경우 이를 불특정 다수인에게 신주를 배정받을 기회를 부여하는 방식 4. 투자매매업자 또는 투자중개업자가 인수인 또는 주선인으로서 마련한 수요예측 등 대통 령령으로 정하는 합리적인 기준에 따라 특정한 유형의 자에게 신주인수의 청약을 할 수 있 는 기회를 부여하는 경우로서 금융위원회가 인정하는 방식 [전문개정 2013. 5. 28.]
제165조의7,[],REGULATION,주식 배정,해 당 법인,모집,주식,MANDATORY,제165조의7(우리사주조합원에 대한 주식의 배정 등에 관한 특례) ① 대통령령으로 정하는 주권 상장법인 또는 주권을 대통령령으로 정하는 증권시장에 상장하려는 법인(이하 이 조에서 “해 당 법인”이라 한다)이 주식을 모집하거나 매출하는 경우 「상법」
제418조,[],REGULATION,주식배정,법인,배정,주식,MANDATORY,"제418조에도 불구하고 해당 법인의 우리사주조합원(「근로복지기본법」에 따른 우리사주조합원을 말한다. 이하 같다)에 대 하여 모집하거나 매출하는 주식총수의 100분의 20을 배정하여야 한다. 다만, 다음 각 호의 어 느 하나에 해당하는 경우에는 그러하지 아니하다. <개정 2010. 6. 8., 2013. 4. 5., 2013. 5.28.> 1. 「외국인투자 촉진법」에 따른 외국인투자기업 중 대통령령으로 정하는 법인이 주식을 발 행하는 경우 2. 그 밖에 해당 법인이 우리사주조합원에 대하여 우선배정을 하기 어려운 경우로서 대통령 령으로 정하는 경우 ② 우리사주조합원이 소유하는 주식수가 신규로 발행되는 주식과 이미 발행된 주식의 총수 의 100분의 20을 초과하는 경우에는 제1항을 적용하지 아니한다. ③"
제165조의6제1항제1호,[],REGULATION,신주 발행,우리사주조합원,배정,신주,MANDATORY,제165조의6제1항제1호의 방식으로 신주를 발행하는 경우 제1항에 따른 우리사주조합원 에 대한 배정분에 대하여는 「상법」
제419조,[],REGULATION,주식 배정,금융위원회,정하고 고시,주식 배정 및 처분 기준,PERMISSIVE,제419조제1항부터 제3항까지의 규정을 적용하지 아니한 다.<신설 2013. 5. 28.> ④ 금융위원회는 제1항에 따른 우리사주조합원에 대한 주식의 배정과 그 주식의 처분 등에 필요한 기준을 정하여 고시할 수 있다.<개정 2013. 5. 28.> 법제처 96 국가법령정보센 터 자본시장과 금융투자업에 관한 법률 [본조신설 2009. 2. 3.] [제목개정 2013. 4. 5.]
제165조의8,[],DEFINITION,주권상장법인,주권상장법인,,상법,DEFINITIONAL,주권상장법인은 「상법」
제417조,[],REGULATION,법원의 인 가 없이 같은 법,법원,인가,같은 법,MANDATORY,제417조에도 불구하고 법원의 인 가 없이 같은 법
제434조,[],REGULATION,액면미달 발행,주주총회,발행,주식,MANDATORY,"제434조에 따른 주주총회의 결의만으로 주식을 액면미달의 가액으로 발행할 수 있다. 다만, 그 액면미달금액의 총액에 대하여 상각(償却)을 완료하지 아니한 경우에는 그 러하지 아니하다. <개정 2013. 4. 5.> ② 제1항에 따른 주주총회의 결의에서는 주식의 최저발행가액을 정하여야 한다. 이 경우 최 저발행가액은 대통령령으로 정하는 방법에 따라 산정한 가격 이상이어야 한다. ③ 주권상장법인은 주주총회에서 다르게 정하는 경우를 제외하고는 제1항에 따른 주식을 주 주총회의 결의일부터 1개월 이내에 발행하여야 한다. [본조신설 2009. 2. 3.]"
제165조의9,[],REGULATION,주주 통지,주권상장법인,통지,주주,MANDATORY,제165조의9(주주에 대한 통지 또는 공고의 특례) 주권상장법인
제165조의6,[],CONCEPT,제165조의6,,,,,제165조의6 또는 「상법」
제 418조제2항,[],PROCEDURE,신주 배정,신주,배정,,,제 418조제2항의 방식으로 신주를 배정할 때
제161조제1항제5호,[],DEFINITION,주요사항보고서,,,,DEFINITIONAL,제161조제1항제5호에 따라 금융위원회에 제출한 주요사항보고서가
제163조,[],REGULATION,공시,금융위원회와 거래소,공시,납입기일,MANDATORY,제163조에 따라 금융위원회와 거래소에 그 납입기일의 1주 전까지 공시된 경우에는 「상법」
제418조제4항,[],REGULATION,제418조제4항 적용 금지,,적용하지 않다,제418조제4항,PROHIBITIVE,제418조제4항을 적용하지 아니한다. <개정 2017. 10. 31.> [전문개정 2013. 4. 5.]
제165조의10,"[None, None, 165, 10]",REGULATION,사채 발행,주권상장법인,발행,사채,,제165조의10(사채의 발행 및 배정 등에 관한 특례) ① 주권상장법인이 다음 각 호의 사채(이하 “주권 관련 사채권”이라 한다)를 발행하는 경우에는
제165조의6제1항,[],,,,,,,제165조의6제1항ㆍ제2항ㆍ제4항 및
제 165조의9,[],PROCEDURE,준용,,준용,제 165조의9,MANDATORY,제 165조의9를 준용한다.
제165조의11제1항,[],DEFINITION,사채,사채,정한다,주식 전환 사채,DEFINITIONAL,제165조의11제1항에 따른 사채(주식으로 전환되는 조건이 붙은 사채로 한정한다) 2. 「상법」
제469조제2항제2호,"[None, None, 469, 2]",,,,,,,"제469조제2항제2호,"
제513조,[],,,,,,,제513조 및
제516조의2,[],DEFINITION,사채 ② 주권상장법인,사채 ② 주권상장법인,정의된다,상법,DEFINITIONAL,제516조의2에 따른 사채 ② 주권상장법인이 「상법」
제516조의2제1항,"[None, None, 516, 1]",REGULATION,사모의 방법으로 발행,사채,발행할 수 없다,사모의 방법,PROHIBITIVE,제516조의2제1항에 따른 사채를 발행할 때 같은 조 제2항제4호 에도 불구하고 사채권자가 신주인수권증권만을 양도할 수 있는 사채는 사모의 방법으로 발 행할 수 없다.<개정 2015. 7. 24.> [본조신설 2013. 5. 28.]
제165조의11,[],REGULATION,조건부자본증권,주권상장법인,발행,조건부자본증권,,제165조의11(조건부자본증권의 발행 등) ① 주권상장법인(「은행법」
제33조제1항제2호ㆍ제3호,[],REGULATION,금융지주회사법,,,금융지주회사법,,제33조제1항제2호ㆍ제3호 또는 「금융지주회사법」
제15조의2제1항제2호ㆍ제3호,[],,제15조의2,,,,,제15조의2제1항제2호ㆍ제3호 또는 「보험업법」
제114조의2,[],REGULATION,사채 발행자 제외,발행자,제외한다,사채,MANDATORY,제114조의2제1항제 1호ㆍ제2호에 따라 해당 사채를 발행할 수 있는 자를 제외한다)은 정관으로 정하는 바에 따 라 이사회의 결의로 「상법」
제469조제2항,[],,,,,,,
제513조,[],,,,,,,
제516조의2,[],REGULATION,사채 발행,발행자,발행,사채,PERMISSIVE,"제516조의2에 따른 사채와 다른 종류 의 사채로서 해당 사채의 발행 당시 객관적이고 합리적인 기준에 따라 미리 정하는 사유가 발생하는 경우 주식으로 전환되거나 그 사채의 상환과 이자지급 의무가 감면된다는 조건이 붙은 사채, 그 밖에 대통령령으로 정하는 사채를 발행할 수 있다. <개정 2016. 3. 29., 2017. 4. 18., 2022. 12. 31.> ② 제1항에 따라 발행하는 사채의 내용, 발행사항 및 유통 등의 방법, 조건의 세부내용 등 필 요한 사항은 대통령령으로 정한다. [전문개정 2013. 5. 28.] 법제처 97 국가법령정보센터 자본시장과 금융투자업에 관한 법률"
제165조의12,"[None, None, 165, 12]",REGULATION,이익배당,주권상장법인,할 수 있다,이익배당,PERMISSIVE,"제165조의12(이익배당의 특례) ① 연 1회의 결산기를 정한 주권상장법인은 정관으로 정하는 바 에 따라 사업연도 중 그 사업연도 개시일부터 3월, 6월 및 9월 말일부터 45일 이내의 이사회 결의로써 금전으로 이익배당(이하 “분기배당”이라 한다)을 할 수 있다. <개정 2025. 1. 21.> ② 삭제<2025. 1. 21.> ③ 제1항에 따른 분기배당금은 이사회 결의일부터 1개월 이내에 지급하여야 한다. 다만, 정 관 또는 이사회에서 그 지급시기를 따로 정한 경우에는 그에 따른다.<개정 2025. 1. 21.> ④ 분기배당은 직전 결산기의 재무상태표상의 순자산액에서 다음 각 호의 금액을 뺀 금액을 한도로 한다.<개정 2021. 4. 20.> 1. 직전 결산기의 자본의 액 2. 직전 결산기까지 적립된 자본준비금과 이익준비금의 합계액 3. 직전 결산기의 정기총회에서 이익배당을 하기로 정한 금액 4. 분기배당에 따라 해당 결산기에 적립하여야 할 이익준비금의 합계액 ⑤ 해당 결산기의 재무상태표상의 순자산액이 「상법」"
제462조제1항,[],REGULATION,분기배당,분기배당,하여서는 아니 된다,,PROHIBITIVE,제462조제1항 각 호의 금액의 합계액 에 미치지 못할 우려가 있으면 분기배당을 하여서는 아니 된다.<개정 2021. 4. 20.> ⑥ 해당 결산기의 재무상태표상의 순자산액이 「상법」
제462조제1항,[],REGULATION,배상 책임,이사,배상,법인,MANDATORY,"제462조제1항 각 호의 금액의 합계액 에 미치지 못함에도 불구하고 분기배당을 한다는 이사회 결의에 찬성한 이사는 해당 법인에 대하여 연대하여 그 차액(분기배당액의 합계액이 그 차액보다 적을 경우에는 분기배당액의 합계액)을 배상할 책임이 있다. 다만, 그 이사가 상당한 주의를 하였음에도 불구하고 제5항의 우려가 있다는 것을 알 수 없었음을 증명하면 배상할 책임이 없다.<개정 2021. 4. 20.> ⑦ 「상법」"
제340조제1항,[],,,,,,,
제344조제1항,"[None, None, 344, 1]",,,,,,,"제344조제1항,"
제354조제1항,[],,,,,,,제354조제1항
제370조제1항,[],,,,,,,
제457조제2항,[],,,,,,,
제 458조,[],,,,,,,
제464조,[],,,,,,,제464조 및
제625조제3호,[],REGULATION,분기배당,분기배당,적용,법,MANDATORY,제625조제3호의 적용에 관하여는 분기배당을 같은 법
제462조제1항,[],DEFINITION,이익의 배당,,보고,이익의 배당,DEFINITIONAL,"제462조제1항에 따른 이익의 배당으로 보고, 같은 법"
제635조제1항제22호의2,[],REGULATION,적용,제635조제1항제22호의2,적용,제3항의 기 간,DEFINITIONAL,제635조제1항제22호의2의 적용에 관하여는 제3항의 기 간을 같은 법
제464조의2제1항,[],DEFINITION,기간,제464조의2제1항,본다,기간,DEFINITIONAL,제464조의2제1항의 기간으로 본다.<개정 2020. 12. 29.> ⑧ 제6항에 따라 이사가 연대책임을 지는 경우에 관하여는 「상법」
제399조제3항,[],,,,,,,제399조제3항 및
제 400조,[],REGULATION,분기배당,분기배당,한,상법,MANDATORY,"제 400조를 준용하고, 제4항을 위반하여 분기배당을 한 경우에 관하여는 「상법」"
제462조제2항,[],REGULATION,준용,,준용한다,제462조제2항 및 제3항,MANDATORY,제462조제2항 및 제3항을 준용한다. ⑨ 주권상장법인이 「상법」
제462조제2항,[],REGULATION,배당액 보고,이사,보고,주주총회,MANDATORY,제462조제2항 단서에 따라 이사회의 결의로 이익배당을 정한 경 우 이사는 배당액의 산정근거 등 대통령령으로 정하는 사항을 주주총회에 보고하여야 한다. <신설 2016. 3. 29.> [본조신설 2009. 2. 3.]
제165조의13,[],DEFINITION,주권상장법인,주권상장법인,,상법,DEFINITIONAL,제165조의13(주식배당의 특례) ① 주권상장법인은 「상법」
제462조의2제1항,[],REGULATION,이익배당총액,,배당,주식,PERMISSIVE,"제462조의2제1항 단서에도 불구 하 고 이익배당총액에 상당하는 금액까지는 새로 발행하는 주식으로 이익배당을 할 수 있다. 다 만, 해당 주식의 시가가 액면액에 미치지 못하면 「상법」"
제462조의2제1항,"[None, None, 462, 1]",REGULATION,시가 산정방법,대통령령,정한다,시가 산정방법,MANDATORY,제462조의2제1항 단서에 따른다. ② 제1항 단서에 따른 주식의 시가 산정방법은 대통령령으로 정한다. [본조신설 2009. 2. 3.]
제165조의14,[],REGULATION,배당,공공적 법인,배당,배당금,MANDATORY,제165조의14(공공적 법인의 배당 등의 특례) ① 공공적 법인은 이익이나 이자를 배당할 때 정부 에 지급할 배당금의 전부 또는 일부를 「상법」
제464조,[],REGULATION,지급,법인,지급,주주,PERMISSIVE,제464조에도 불구하고 대통령령으로 정하는 방법에 따라 해당 법인의 주주 중 다음 각 호의 어느 하나에 해당하는 자에게 지급할 수 있다. 법제처 98 국가법령정보센 터 자본시장과 금융투자업에 관한 법률 1. 해당 주식을 발행한 법인의 우리사주조합원 2. 연간소득수준 및 소유재산규모 등을 고려하여 대통령령으로 정하는 기준에 해당하는 자 ② 공공적 법인은 준비금의 전부 또는 일부를 자본에 전입할 때에는 정부에 대하여 발행할 주식의 전부 또는 일부를 「상법」
제461조제2항,"[None, None, 461, 2]",REGULATION,공공적 법인 발행주식,공공적 법인,발행,주주,PERMISSIVE,제461조제2항에도 불구하고 대통령령으로 정하는 기준 및 방법에 따라 공공적 법인의 발행주식을 일정 기간 소유하는 주주에게 발행할 수 있다.
제165조의15,[],,의결권이 없거나 제한되는 주식,,,,,제165조의15(의결권이 없거나 제한되는 주식의 특례) ① 「상법」
제344조의3제1항,"[344, 3, 1, None]",REGULATION,의결권 없는 주식,주권상장법인,발행,의결권 없는 주식,MANDATORY,"제344조의3제1항에 따른 의결 권이 없거나 제한되는 주식의 총수에 관한 한도를 적용할 때 주권상장법인(주권을 신규로 상 장하기 위하여 주권을 모집하거나 매출하는 법인을 포함한다. 이하 이 조에서 같다)이 다음 각 호의 어느 하나에 해당하는 경우에 발행하는 의결권 없는 주식은 그 한도를 계산할 때 산 입하지 아니한다. <개정 2013. 4. 5., 2013. 5. 28.> 1. 대통령령으로 정하는 방법에 따라 외국에서 주식을 발행하거나, 외국에서 발행한 주권 관 련 사채권, 그 밖에 주식과 관련된 증권의 권리행사로 주식을 발행하는 경우 2. 국가기간산업 등 국민경제상 중요한 산업을 경영하는 법인 중 대통령령으로 정하는 기준 에 해당하는 법인으로서 금융위원회가 의결권 없는 주식의 발행이 필요하다고 인정하는 법인이 주식을 발행하는 경우 ② 제1항 각 호의 어느 하나에 해당하는 의결권 없는 주식과 「상법」"
제344조의3,[],REGULATION,의결권 없는 주식,의결권이 없거나 제한되는 주식,초과하다,발행주식총수의 2분의 1,MANDATORY,"제344조의3제1항에 따 른 의결권이 없거나 제한되는 주식을 합한 의결권 없는 주식의 총수는 발행주식총수의 2분 의 1을 초과하여서는 아니 된다.<개정 2013. 4. 5.> ③ 의결권이 없거나 제한되는 주식 총수의 발행주식총수에 대한 비율이 4분의 1을 초과하는 주권상장법인은 제2항에 따른 비율 이내에서 대통령령으로 정하는 방법에 따라 신주인수권 의 행사, 준비금의 자본전입 또는 주식배당 등의 방법으로 의결권 없는 주식을 발행할 수 있 다.<개정 2013. 4. 5.> [본조신설 2009. 2. 3.] [제목개정 2013. 4. 5.]"
제165조의16,"[None, None, 165, 16]",REGULATION,주권상장법인 재무관리기준,금융위원회,정하고 고시하거나 권고를 할 수 있다,주권상장법인 재무관리기준,PERMISSIVE,"제165조의16(주권상장법인 재무관리기준) ① 금융위원회는 투자자를 보호하고 공정한 거래질 서를 확립하기 위하여 다음 각 호의 사항에 관하여 주권상장법인 재무관리기준을 정하여 고 시하거나 그 밖에 필요한 권고를 할 수 있다. 다만,"
제9조제15항제3호나목,"[9, 15, 3, None]",REGULATION,주권상장법인 재무관리기준,법인,정할 수 있다,주권상장법인 재무관리기준,PERMISSIVE,제9조제15항제3호나목에 따른 법인에 대 하여는 주권상장법인 재무관리기준을 다르게 정할 수 있다. <개정 2013. 5. 28.> 1. 유상증자의 요건에 관한 사항 1의2. 주권 관련 사채권의 발행에 관한 사항 2. 배당에 관한 사항 3. 대통령령으로 정하는 해외증권의 발행에 관한 사항 4. 그 밖에 건전한 재무관리에 필요한 것으로서 대통령령으로 정하는 사항 ② 주권상장법인은 제1항에 따른 재무관리기준에 따라야 한다. [본조신설 2009. 2. 3.]
제165조의17,[],DEFINITION,주식매수선택권 부여신고,,,,DEFINITIONAL,제165조의17(주식매수선택권 부여신고 등) ① 「상법」
제340조의2,[],,,,,,,제340조의2 또는
제542조의3,[],REGULATION,주식매수선택권,주권상장법인,신고,주식매수선택권,MANDATORY,"제542조의3에 따른 주식매수선택권을 부여한 주권상장법인은 주주총회 또는 이사회에서 주식매수선택권을 부여하기로 결의한 경우 대통령령으로 정하는 방법에 따라 금융위원회와 거래소에 그 사실을 신고 법제처 99 국가법령정보센터 자본시장과 금융투자업에 관한 법률 하여야 하며, 금융위원회와 거래소는 신고일부터 주식매수선택권의 존속기한까지 그 사실에 대한 기록을 갖추어 두고, 인터넷 홈페이지 등을 이용하여 그 사실을 공시하여야 한다. <개정 2013. 4. 5.> ② 「공기업의 경영구조개선 및 민영화에 관한 법률」, 「금융회사의 지배구조에 관한 법률」, 그 밖의 법률에 따라 선임된 주권상장법인의 비상임이사 또는 사외이사는 「상법」에 따른 요건 및 절차 등에 따라 선임된 사외이사로 본다.<개정 2015. 7. 31.> ③ 주권상장법인은 사외이사를 선임 또는 해임하거나 사외이사가 임기만료 외의 사유로 퇴임한 경우에는 그 내용을 선임ㆍ해임 또는 퇴임한 날의 다음 날까지 금융위원회와 거래소에 신고하여야 한다. [본조신설 2009. 2. 3.]"
제165조의18,"[None, None, 165, 18]",REGULATION,주권상장법인에 대한 조치,금융위원회,정할 수 있다,주권상장법인,MANDATORY,"금융위원회는 다음 각 호의 어느 하나에 해당하는 경 우에는 주권상장법인에 대하여 이유를 제시한 후 그 사실을 공고하고 정정을 명할 수 있으며, 필요하면 그 법인의 주주총회에 대한 임원의 해임 권고, 일정 기간 증권의 발행 제한, 그 밖에 대통령령으로 정하는 조치를 할 수 있다. 이 경우 그 조치에 필요한 절차 및 조치기준은 총리 령으로 정한다."
제165조의3제2항,[],REGULATION,자기주식 취득,,위반,제165조의3제2항,PROHIBITIVE,제165조의3제2항을 위반하여 자기주식을 취득한 경우 2.
제165조의3제4항,"[None, None, 165, 4]",REGULATION,자기주식 취득/처분,,위반,제165조의3제4항,PROHIBITIVE,제165조의3제4항을 위반하여 자기주식을 취득(자기주식을 취득하기로 한 신탁업자와의 신탁계약의 체결을 포함한다)하거나 처분(자기주식을 취득하기로 한 신탁업자와의 신탁계 약의 해지를 포함한다)한 경우 3.
제165조의4제1항,[],PENALTY,위반,,위반,제165조의4제1항,,제165조의4제1항을 위반하여 같은 항 각 호의 어느 하나에 해당하는 행위를 한 경우 4.
제165조의4제2항,"[None, None, 165, 2]",PENALTY,외부평가기관 평가 미수,,받지 않다,평가,,제165조의4제2항을 위반하여 외부평가기관으로부터 평가를 받지 아니한 경우 5.
제165조의5제2항,"[0, 0, 165, 5, 2]",PENALTY,주식 매수,주식 매수자,매수,주식,,제165조의5제2항을 위반하여 주식매수청구기간이 종료하는 날부터 1개월 이내에 해당 주식을 매수하지 아니한 경우 6.
제165조의5제4항,[],PENALTY,주식 처분,,처분,주식,,제165조의5제4항을 위반하여 대통령령으로 정하는 기간 이내에 주식을 처분하지 아니한 경우 7.
제165조의5제5항,[],PENALTY,통지 또는 공고,위반자,하다,통지,MANDATORY,"제165조의5제5항의 절차를 위반하여 통지 또는 공고를 하거나, 같은 항에 따른 통지 또는 공고를 하지 아니한 경우 8."
제165조의6제2항,[],REGULATION,실권주의 발행 철회,실권주의 발행,철회,,MANDATORY,제165조의6제2항을 위반하여 실권주의 발행을 철회하지 아니한 경우 9.
제165조의6제3항,"[None, None, 165, 6]",PENALTY,신주인수권증서,,발행하지 않다,신주인수권증서,MANDATORY,제165조의6제3항을 위반하여 신주인수권증서를 발행하지 아니하거나 유통될 수 있도록 하지 아니한 경우 10.
제165조의6제4항,"[165, 4]",PENALTY,신주 배정,위반자,배정,신주,MANDATORY,제165조의6제4항을 위반하여 불특정 다수인(해당 주권상장법인의 주식을 소유한 자를 포함한다)에게 신주를 배정한 경우 11.
제165조의7,[],PENALTY,주식 배정,위반자,배정,주식,MANDATORY,제165조의7을 위반하여 우리사주조합원에 대하여 주식의 배정을 한 경우 12.
제165조의8제1항,[],PENALTY,액면미달 주식 발행,발행자,발행,주식,MANDATORY,단서를 위반하여 액면미달의 가액으로 주식을 발행한 경우 13.
제165조의8제2항,"[None, None, 165, 8]",PENALTY,최저발행가액,,위반,최저발행가액,MANDATORY,제165조의8제2항을 위반하여 최저발행가액을 정하지 아니하거나 같은 항 후단에 따른 방법에 따라 산정하지 아니한 경우 14.
Unknown,[],REGULATION,Unknown,,,,,제165조의8제3항을 위반하여 주주총회의 결의일부터 1개월 이내에 주식을 발행하지 아 니한 경우 15.
제165조의10,[],REGULATION,사채 발행,,위반,제165조의10,PROHIBITIVE,제165조의10을 위반하여 사채를 발행한 경우 법제처 100 국가법령정보 센터 자본시장과 금융투자업에 관한 법률 16.
제165조의11,[],PENALTY,조건부자본증권,위반자,발행한,조건부자본증권,,제165조의11을 위반하여 조건부자본증권 등을 발행한 경우 17.
제165조의12제1항,[],PENALTY,제165조의12제1항 위반,이사회,배당,분기배당,MANDATORY,제165조의12제1항을 위반하여 이사회 결의를 거치지 아니하고 분기배당을 한 경우 18.
제165조의12제3항,[],REGULATION,제165조의12제3항 위반,,위반,제165조의12제3항,,제165조의12제3항을 위반하여 분기배당금을 지급하지 아니한 경우 19.
제165조의12제5항,[],PENALTY,분기배당,,분기배당,제165조의12제5항,MANDATORY,제165조의12제5항을 위반하여 분기배당을 한 경우 20.
제165조의13제1항,[],PENALTY,주식배당,,위반,제165조의13제1항,,제165조의13제1항을 위반하여 주식배당을 한 경우 21.
제165조의13제2항,[],REGULATION,주식 시가 산정,주식의 시가,산정,,,제165조의13제2항을 위반하여 주식의 시가를 산정한 경우 22.
제165조의15제2항,[],PENALTY,의결권 제한 주식,발행자,발행,의결권 제한 주식,MANDATORY,제165조의15제2항을 위반하여 의결권이 없거나 제한되는 주식을 발행한 경우 23.
제165조의16제2항,[],PENALTY,재무관리기준 위반,,위반,재무관리기준,MANDATORY,제165조의16제2항을 위반하여 재무관리기준에 따르지 아니한 경우 24.
제165조의17제1항,[],PENALTY,주식매수선택권 부여에 관한 신고,,하지 않다,주식매수선택권 부여에 관한 신고,MANDATORY,제165조의17제1항을 위반하여 같은 항에 따른 방법에 따라 주식매수선택권 부여에 관한 신고를 하지 아니한 경우 25.
제165조의17제3항,"[0, 0, 165, 17, 3]",PENALTY,사외이사 신고,사외이사,신고하지 않다,선임ㆍ해임 또는 퇴임 사실,PROHIBITIVE,제165조의17제3항을 위반하여 사외이사의 선임ㆍ해임 또는 퇴임 사실을 신고하지 아니 한 경우 [본조신설 2009. 2. 3.]
제165조의19,[],REGULATION,사외이사 및 상근감사,,,,,제165조의19(사외이사 및 상근감사에 관한 특례) 「중소기업기본법」
제2조,[],DEFINITION,상법,법인,발행한,주권,DEFINITIONAL,제2조에 따른 중소기업이 발행한 주권을 매매하는 대통령령으로 정하는 증권시장에 상장된 주권을 발행한 법인에 대하여 「상법」
제542조의8,[],REGULATION,제1항 단서 제외,,제외,제1항 단서,MANDATORY,"제542조의8(제1항 단서, 제4항 및 제5항은 제외한다) 및"
제542조의10,[],REGULATION,제542조의10 적용,,적용,제542조의10,PROHIBITIVE,제542조의10을 적용하 지 아니한다. [본조신설 2013. 8. 13.]
제165조의20,"[4, None, 165, 20]",REGULATION,이사회의 성별 구성,주권상장법인,구성하지 않다,특정 성의 이사,PROHIBITIVE,제165조의20(이사회의 성별 구성에 관한 특례) 최근 사업연도말 현재 자산총액[금융업 또는 보 험업을 영위하는 회사의 경우 자본총액(재무상태표상의 자산총액에서 부채총액을 뺀 금액을 말한다) 또는 자본금 중 큰 금액으로 한다]이 2조원 이상인 주권상장법인의 경우 이사회의 이 사 전원을 특정 성(性)의 이사로 구성하지 아니하여야 한다. <개정 2021. 4. 20.> [본조신설 2020. 2. 4.] 제4장 장외거래 등
제166조,[],REGULATION,장외거래,대통령령,정한다,사항,MANDATORY,"제166조(장외거래) 거래소시장 또는 다자간매매체결회사 외에서 금융투자상품을 매매, 그 밖의 거래를 하는 경우 그 매매, 그 밖의 거래방법 및 결제의 방법 등 필요한 사항은 대통령령으로 정한다. <개정 2009. 2. 3., 2013. 5. 28.>"
제166조,[],REGULATION,장외거래,장외거래,거래하는 방법으로 하여야 한다,단일 당사자,MANDATORY,"제166조(장외거래) ① 거래소시장 또는 다자간매매체결회사 외에서 이루어지는 금융투자상품 의 매매, 그 밖의 거래(이하 “장외거래”라 한다)는 다음 각 호의 어느 하나에 해당하는 경우를 제외하고는 단일의 당사자 간에 거래하는 방법으로 하여야 한다. 1. 협회 또는 종합금융투자사업자를 통한 장외거래로서 대통령령으로 정하는 경우 2. 다자간 장외거래를 구성요소로 하는 대통령령으로 정하는 인가업무 단위를 인가받은 투 자중개업자를 통한 장외거래인 경우 3. 그 밖에 금융투자상품의 원활한 장외거래를 위하여 필요하다고 인정되는 경우로서 대통 령령으로 정하는 경우 ② 제1항제2호의 투자중개업자의 그 인가업무에 대해서는"
제16조의2,[],,,,,,,
제40조,[],,,,,,,
Unknown,[],REGULATION,Unknown,,,,,제51조부터
제53조,[],,,,,,,
제72조,[],REGULATION,장외거래 금액,일반투자자,정한다,금액,MANDATORY,"제72조를 적용하지 아니한다. 법제처 101 국가법령정보 센터 자본시장과 금융투자업에 관한 법률 ③ 일반투자자가 제1항제2호에 따라 장외거래를 할 수 있는 금액은 투자자의 투자목적, 재산 상황, 투자경험, 증권의 종류 등을 고려하여 대통령령으로 구분하여 정한다. ④ 장외거래의 구체적인 방법 및 결제의 방법 등 필요한 사항은 대통령령으로 정한다. [전문개정 2026. 2. 3.] [시행일: 2027. 2. 4.]"
제166조,[],,,,,,,
제166조의2,[],REGULATION,장외파생상품 매매 기준,투자매매업자 또는 투자중개업자,준수,기준,MANDATORY,"제166조의2(장외파생상품의 매매 등) ① 투자매매업자 또는 투자중개업자는 장외파생상품을 대상으로 하여 투자매매업 또는 투자중개업을 하는 경우에는 다음 각 호의 기준을 준수하여야 한다. <개정 2010. 3. 12., 2017. 4. 18.> 1. 장외파생상품의 매매 및 그 중개ㆍ주선 또는 대리의 상대방이 일반투자자인 경우에는 그 일반투자자가 대통령령으로 정하는 위험회피 목적의 거래를 하는 경우에 한할 것. 이 경우 투자매매업자 또는 투자중개업자는 일반투자자가 장외파생상품 거래를 통하여 회피하려는 위험의 종류와 금액을 확인하고, 관련 자료를 보관하여야 한다. 2. 장외파생상품의 매매에 따른 위험액(금융위원회가 정하여 고시하는 위험액을 말한다)이 금융위원회가 정하여 고시하는 한도를 초과하지 아니할 것 3. 영업용순자본에서 총위험액을 차감한 금액을"
제15조,[],,,,,,,
Unknown,[],REGULATION,Unknown,,,,,"제20조,"
제117조의4제8항,[],,,,,,,제117조의4제8항 또는
제 249조의3제8항,[],REGULATION,자기자본 비율,금융기관,중지,장외파생상품의 매매,MANDATORY,"제 249조의3제8항에서 요구하는 인가업무 또는 등록업무 단위별 자기자본(각 해당 조항에서 대통령령으로 정하는 완화된 요건을 말한다)을 합계한 금액으로 나눈 값이 100분의 150에 미달하는 경우(겸영금융투자업자의 경우에는 금융위원회가 정하여 고시하는 경우를 말한 다)에는 그 미달상태가 해소될 때까지 새로운 장외파생상품의 매매를 중지하고, 미종결거 래의 정리나 위험회피에 관련된 업무만을 수행할 것 4. 장외파생상품의 매매를 할 때마다"
제28조의2,[],PROCEDURE,파생상품업무책임자 승인,,승인받다,파생상품업무책임자,MANDATORY,"제28조의2의 파생상품업무책임자의 승인을 받을 것. 다 만, 금융위원회가 정하여 고시하는 기준을 충족하는 계약으로서 거래당사자 간에 미리 합 의된 계약조건에 따라 장외파생상품을 매매하는 경우는 제외한다. 5. 월별 장외파생상품(파생결합증권을 포함한다)의 매매, 그 중개ㆍ주선 또는 대리의 거래내 역을 다음 달 10일까지 금융위원회에 보고할 것 6. 다음 각 목의 어느 하나에 해당하는 장외파생상품을 신규로 취급하는 경우 협회의 사전심 의를 받을 것. 다만, 대통령령으로 정하는 경우는 제외한다. 가. 기초자산이"
제4조제10항제4호 또는 제5호에 해당하는 장외파생상품,[],REGULATION,장외파생상품 거래 위험관리,,,,,"제4조제10항제4호 또는 제5호에 해당하는 장외파생상품 나. 일반투자자를 대상으로 하는 장외파생상품 ② 장외파생상품 거래의 매매에 따른 위험관리, 그 밖에 투자자를 보호하기 위하여 필요한 사항은 금융위원회가 정하여 고시할 수 있다. ③ 금융감독원장은 투자매매업자 및 투자중개업자의 장외파생상품의 매매 등과 관련하여 제 1항 각 호의 기준 준수 여부를 감독하여야 한다. [본조신설 2009. 2. 3.]"
제166조의3,[],REGULATION,청산의무,금융투자업자,부담하게 하여야 한다,채무,MANDATORY,"제166조의3(장외거래의 청산의무) 금융투자업자는 다른 금융투자업자 및 대통령령으로 정하는 자(이하 이 조에서 “거래상대방”이라 한다)와 대통령령으로 정하는 장외파생상품의 매매 및 그 밖의 장외거래(그 거래에 따른 채무의 불이행이 국내 자본시장에 중대한 영향을 줄 우려가 있는 경우로 한정하며, 이하 이 조에서 “청산의무거래”라 한다)를 하는 경우 금융투자상품거 래청산회사, 그 밖에 이에 준하는 자로서 대통령령으로 정하는 자에게 청산의무거래에 따른 법제처 102 국가법령정보 센터 자본시장과 금융투자업에 관한 법률 자기와 거래상대방의 채무를 채무인수, 경개, 그 밖의 방법으로 부담하게 하여야 한다. [본조신설 2013. 4. 5.]"
제167조,[],REGULATION,주식 소유제한,,소유,주식,PROHIBITIVE,"제167조(공공적 법인이 발행한 주식의 소유제한) ① 누구든지 공공적 법인이 발행한 주식을 누 구의 명의로 하든지 자기의 계산으로 다음 각 호의 기준을 초과하여 소유할 수 없다. 이 경우 의결권 없는 주식은 발행주식총수에 포함되지 아니하며, 그 특수관계인의 명의로 소유하는 때에는 자기의 계산으로 취득한 것으로 본다. 1. 그 주식이 상장된 당시에 발행주식총수의 100분의 10 이상을 소유한 주주는 그 소유비율 2. 제1호에 따른 주주 외의 자는 발행주식총수의 100분의 3 이내에서 정관이 정하는 비율 ② 제1항에 불구하고 소유비율 한도에 관하여 금융위원회의 승인을 받은 경우에는 그 소유 비율 한도까지 공공적 법인이 발행한 주식을 소유할 수 있다.<개정 2008. 2. 29.> ③ 제1항 및 제2항에서 규정하는 기준을 초과하여 사실상 주식을 소유하는 자는 그 초과분 에 대하여는 의결권을 행사할 수 없으며, 금융위원회는 그 기준을 초과하여 사실상 주식을 소유하고 있는 자에 대하여 6개월 이내의 기간을 정하여 그 기준을 충족하도록 시정할 것을 명할 수 있다.<개정 2008. 2. 29.>"
제168조,[],REGULATION,외국인 증권 거래 제한,외국인,제한할 수 있다,증권 또는 장내파생상품의 매매,PERMISSIVE,"제168조(외국인의 증권 또는 장내파생상품 거래의 제한) ① 외국인(국내에 6개월 이상 주소 또 는 거소를 두지 아니한 개인을 말한다. 이하 이 조에서 같다) 또는 외국법인등에 의한 증권 또 는 장내파생상품의 매매, 그 밖의 거래에 관하여는 대통령령으로 정하는 기준 및 방법에 따라 그 취득한도 등을 제한할 수 있다. <개정 2009. 2. 3.> ② 외국인 또는 외국법인등에 의한 공공적 법인의 주식 취득에 관하여는 제1항에 따른 제한 에 추가하여 그 공공적 법인의 정관이 정하는 바에 따라 따로 이를 제한할 수 있다. ③ 제1항 또는 제2항을 위반하여 주식을 취득한 자는 그 주식에 대한 의결권을 행사할 수 없 으며, 금융위원회는 제1항 또는 제2항을 위반하여 증권 또는 장내파생상품을 매매한 자에게 6개월 이내의 기간을 정하여 그 시정을 명할 수 있다.<개정 2008. 2. 29.> ④ 그 밖에 외국인 또는 외국법인등에 의한 증권 또는 장내파생상품의 매매, 그 밖의 거래와 관련하여 투자자 보호 및 건전한 거래질서를 위하여 필요한 사항은 대통령령으로 정한다."
제169조,[],REGULATION,회계감사,자,회계감사를 받아야 한다,회계감사,MANDATORY,"제169조(회계감사인에 의한 감사증명) ① 이 편에 따라 금융위원회와 거래소에 재무에 관한 서 류를 제출하는 자 중 대통령령으로 정하는 자는 「주식회사 등의 외부감사에 관한 법률」에 따 라 회계감사를 받아야 한다. 다만, 기업경영 등 비밀유지 및 기업부담과 투자자 보호와의 형 평 등을 고려하여 대통령령으로 정하는 사항에 대하여는 그러하지 아니하다. <개정 2008. 2. 29., 2017. 10. 31.> ② 금융위원회는 투자자 보호를 위하여 필요하다고 인정되는 경우에는 제1항에 따라 회계감 사를 한 회계감사인 또는 회계감사를 받은 법인에 대하여 자료의 제출 및 보고를 명하거나, 그 밖에 필요한 조치를 할 수 있다.<개정 2008. 2. 29.> ③ 외국법인등이 외국 금융투자업관련 법령에 따라 회계감사를 받은 경우로서 대통령령으로 정하는 기준을 충족하였을 경우에는 제1항 본문에 따른 회계감사를 받은 것으로 본다. 이 경 우 제2항은 외국 금융투자업관련 법령에 따라 회계감사를 한 회계감사인(이하 “외국회계감 사인”이라 한다) 또는 회계감사를 받은 외국법인등에게 준용한다. 법제처 103 국가법령정보 센터 자본시장과 금융투자업에 관한 법률"
제170조,[],REGULATION,손해배상책임,회계감사인,배상,손해,MANDATORY,제170조(회계감사인의 손해배상책임) ① 「주식회사 등의 외부감사에 관한 법률」
제31조,[],REGULATION,손해배상책임,회계감사인,준용,손해배상책임,MANDATORY,"제31조제2항 부터 제9항까지의 규정은 선의의 투자자가 사업보고서등에 첨부된 회계감사인(외국회계감사 인을 포함한다. 이하 이 조에서 같다)의 감사보고서를 신뢰하여 손해를 입은 경우 그 회계감 사인의 손해배상책임에 관하여 준용한다. <개정 2009. 2. 3., 2014. 1. 28., 2017. 10. 31.> ② 제1항에 따라 배상할 금액은 청구권자가 그 증권(그 증권과 관련된 증권예탁증권, 그 밖 에 대통령령으로 정하는 증권을 포함한다. 이하 이 조에서 같다)을 취득 또는 처분함에 있어 서 실제로 지급한 금액 또는 받은 금액과 다음 각 호의 어느 하나에 해당하는 금액(처분의 경 우에는 제1호에 한한다)과의 차액으로 추정한다. 1. 제1항에 따라 손해배상을 청구하는 소송의 변론이 종결될 때의 그 증권의 시장가격(시장 가격이 없는 경우에는 추정처분가격을 말한다) 2. 제1호의 변론종결 전에 그 증권을 처분한 경우에는 그 처분가격 ③ 제2항에 불구하고 제1항에 따라 배상책임을 질 자는 청구권자가 입은 손해액의 전부 또 는 일부가 중요사항에 관하여 거짓의 기재 또는 표시가 있거나 중요사항이 기재 또는 표시되 지 아니함으로써 발생한 것이 아님을 증명한 경우에는 그 부분에 대하여 배상책임을 지지 아 니한다."
제171조,"[None, None, 171, None]",REGULATION,대신 납부,공공기관,대신 납부,보증금,PERMISSIVE,"제171조(보증금 등의 대신 납부) ① 국가ㆍ지방자치단체 또는 ""공공기관의 운영에 관한 법률"" 에 따른 공공기관(이하 이 조에서 “공공기관”이라 한다)에 납부할 보증금 또는 공탁금 중 대통 령으로 정하는 보증금이나 공탁금은 상장증권으로 대신 납부할 수 있다. ② 국가ㆍ지방자치단체 또는 공공기관은 제1항에 따라 상장증권으로 대신 납부하는 경우 이 를 거부하여서는 아니 된다. ③ 제1항에 따라 국가ㆍ지방자치단체 또는 공공기관에 대신 납부할 수 있는 상장증권 및 그 상장증권의 대신 납부하는 가액의 평가기준은 대통령령으로 정한다. ④ 삭제<2016. 3. 22.> ⑤ 삭제<2016. 3. 22.> ⑥ 삭제<2016. 3. 22.> 제4편 불공정거래의 규제 제1장 내부자 거래 등"
제172조,[],REGULATION,내부자 단기매매차익 반환,주권상장법인 임원,반환,단기매매차익,MANDATORY,제172조(내부자의 단기매매차익 반환) ① 주권상장법인의 임원(「상법」
제401조의2제1항,"[401, 2, 1, None]",REGULATION,자,각 호,포함한다,자,MANDATORY,"제401조의2제1항 각 호 의 자를 포함한다. 이하 이 장에서 같다), 직원(직무상"
제174조제1항,[],REGULATION,단기매매차익,법인,청구,단기매매차익,MANDATORY,"제174조제1항의 미공개중요정보를 알 수 있는 자로서 대통령령으로 정하는 자에 한한다. 이하 이 조에서 같다) 또는 주요주주가 다 음 각 호의 어느 하나에 해당하는 금융투자상품(이하 “특정증권등”이라 한다)을 매수(권리 행 사의 상대방이 되는 경우로서 매수자의 지위를 가지게 되는 특정증권등의 매도를 포함한다. 이하 이 조에서 같다)한 후 6개월 이내에 매도(권리를 행사할 수 있는 경우로서 매도자의 지 위를 가지게 되는 특정증권등의 매수를 포함한다. 이하 이 조에서 같다)하거나 특정증권등을 매도한 후 6개월 이내에 매수하여 이익을 얻은 경우에는 그 법인은 그 임직원 또는 주요주주 에게 그 이익(이하 “단기매매차익”이라 한다)을 그 법인에게 반환할 것을 청구할 수 있다. 이 경우 이익의 산정기준ㆍ반환절차 등에 관하여 필요한 사항은 대통령령으로 정한다. 법제처 104 국가법령정보 센터 자본시장과 금융투자업에 관한 법률 1. 그 법인이 발행한 증권(대통령령으로 정하는 증권을 제외한다) 2. 제1호의 증권과 관련된 증권예탁증권 3. 그 법인 외의 자가 발행한 것으로서 제1호 또는 제2호의 증권과 교환을 청구할 수 있는 교 환사채권 4. 제1호부터 제3호까지의 증권만을 기초자산으로 하는 금융투자상품 ② 해당 법인의 주주(주권 외의 지분증권 또는 증권예탁증권을 소유한 자를 포함한다. 이하 이 조에서 같다)는 그 법인으로 하여금 제1항에 따른 단기매매차익을 얻은 자에게 단기매매 차익의 반환청구를 하도록 요구할 수 있으며, 그 법인이 그 요구를 받은 날부터 2개월 이내 에 그 청구를 하지 아니하는 경우에는 그 주주는 그 법인을 대위(代位)하여 그 청구를 할 수 있다. ③ 증권선물위원회는 제1항에 따른 단기매매차익의 발생사실을 알게 된 경우에는 해당 법인 에 이를 통보하여야 한다. 이 경우 그 법인은 통보받은 내용을 대통령령으로 정하는 방법에 따라 인터넷 홈페이지 등을 이용하여 공시하여야 한다. ④ 제2항의 청구에 관한 소를 제기한 주주가 승소한 경우에는 그 주주는 회사에 대하여 소송 비용, 그 밖에 소송으로 인한 모든 비용의 지급을 청구할 수 있다. ⑤ 제1항 및 제2항에 따른 권리는 이익을 취득한 날부터 2년 이내에 행사하지 아니한 경우에 는 소멸한다. ⑥ 제1항은 임직원 또는 주요주주로서 행한 매도 또는 매수의 성격, 그 밖의 사정 등을 고려 하여 대통령령으로 정하는 경우 및 주요주주가 매도ㆍ매수한 시기 중 어느 한 시기에 있어서 주요주주가 아닌 경우에는 적용하지 아니한다. ⑦ 제1항 및 제2항은 주권상장법인이 모집ㆍ사모ㆍ매출하는 특정증권등을 인수한 투자매매 업자에게 대통령령으로 정하는 기간 동안 준용한다."
제173조,[],REGULATION,소유상황 보고,임원,보고,특정증권등의 소유상황,MANDATORY,"제173조(임원 등의 특정증권등 소유상황 보고) ① 주권상장법인의 임원 또는 주요주주는 임원 또는 주요주주가 된 날부터 5일(대통령령으로 정하는 날은 산입하지 아니한다. 이하 이 조에 서 같다) 이내에 누구의 명의로 하든지 자기의 계산으로 소유하고 있는 특정증권등의 소유상황을, 그 특정증권등의 소유상황에 변동이 있는 경우(대통령령으로 정하는 경미한 소유상황 의 변동은 제외한다. 이하 이 조에서 같다)에는 그 변동이 있는 날부터 5일까지 그 내용을 대 통령령으로 정하는 방법에 따라 각각 증권선물위원회와 거래소에 보고하여야 한다. 이 경우 대통령령으로 정하는 부득이한 사유에 따라 특정증권등의 소유상황에 변동이 있는 경우와 전 문투자자 중 대통령령으로 정하는 자에 대하여는 그 보고 내용 및 시기를 대통령령으로 달리 정할 수 있다. <개정 2013. 5. 28.> ② 증권선물위원회와 거래소는 제1항의 보고서를 3년간 갖추어 두고, 인터넷 홈페이지 등을 이용하여 공시하여야 한다.<개정 2009. 2. 3.>"
제173조의2,[],REGULATION,대량보유 보고,,,장내파생상품,MANDATORY,제173조의2(장내파생상품의 대량보유 보고 등) ① 동일 품목의 장내파생상품(
제4조제10항제 3호,[],REGULATION,보고,보유자,보고,보유 상황,MANDATORY,"제4조제10항제 3호에 따른 일반상품, 그 밖에 대통령령으로 정하는 것을 기초자산으로 하는 파생상품으로서 파생상품시장에서 거래되는 것만 해당한다. 이하 이 조에서 같다)을 금융위원회가 정하여 고 시하는 수량 이상 보유(누구의 명의로든지 자기의 계산으로 소유하는 경우를 말한다. 이하 이 항에서 같다)하게 된 자는 그 날부터 5일(대통령령으로 정하는 날은 산입하지 아니한다. 이하 이 조에서 같다) 이내에 그 보유 상황, 그 밖에 대통령령으로 정하는 사항을 대통령령으로 정 법제처 105 국가법령정보 센터 자본시장과 금융투자업에 관한 법률 하는 방법에 따라 금융위원회와 거래소에 보고하여야 하며, 그 보유 수량이 금융위원회가 정 하여 고시하는 수량 이상으로 변동된 경우에는 그 변동된 날부터 5일 이내에 그 변동 내용을 대통령령으로 정하는 방법에 따라 금융위원회와 거래소에 보고하여야 한다. <개정 2013. 5. 28.> ② 다음 각 호의 어느 하나에 해당하는 자로서 파생상품시장에서의 시세에 영향을 미칠 수 있는 정보를 업무와 관련하여 알게 된 자와 그 자로부터 그 정보를 전달받은 자는 그 정보를 누설하거나, 제1항에 따른 장내파생상품 및 그 기초자산의 매매나 그 밖의 거래에 이용하거 나, 타인으로 하여금 이용하게 하여서는 아니 된다.<개정 2013. 5. 28.> 1. 장내파생상품의 시세에 영향을 미칠 수 있는 정책을 입안ㆍ수립 또는 집행하는 자 2. 장내파생상품의 시세에 영향을 미칠 수 있는 정보를 생성ㆍ관리하는 자 3. 장내파생상품의 기초자산의 중개ㆍ유통 또는 검사와 관련된 업무에 종사하는 자 [본조신설 2009. 2. 3.]"
제173조의3,[],PROCEDURE,거래계획 보고,임원,보고,거래계획,MANDATORY,"제173조의3(임원 등의 특정증권등 거래계획 보고) ① 주권상장법인의 임원 또는 주요주주(대통 령령으로 정하는 자는 제외한다)가 특정증권등의 매매, 그 밖의 거래(상속ㆍ주식배당 등 대통 령령으로 정하는 부득이한 사유로 하는 매매, 그 밖의 거래를 제외한다. 이하 이 조 및"
제 429조,"[None, None, 429, None]",REGULATION,거래계획 보고,거래계획 보고자,보고,거래계획,MANDATORY,"제 429조에서 “거래등”이라 한다)를 하려는 때에는 거래목적, 거래가격, 거래수량, 거래기간 등 대통령령으로 정하는 사항(이하 “거래계획”이라 한다)을 그 거래기간의 개시일 전 30일 이상 90일 이내의 대통령령으로 정하는 기간까지 증권선물위원회와 거래소에 각각 보고하여야 한 다. 다만, 거래계획의 거래수량 및 거래금액과 그 거래계획의 개시일 기준 과거 6개월간 거래 수량 및 거래금액을 합산하여 대통령령으로 정하는 규모 미만인 경우에는 그러하지 아니하다 . ② 제1항에 따라 거래계획을 보고한 자(이 조에서 “거래계획 보고자”라 한다)는 그 거래 계획을 보고한 때부터 그 거래계획에 따른 거래기간의 종료일까지는 새로운 거래계획을 보 고하여서는 아니 된다. ③ 거래계획 보고자는 그 거래계획에 따라 특정증권등의 거래등을 하여야 한다. 다만, 거래 당시의 시장 상황 등을 반영하여 필요한 경우에 한정하여 거래금액의 100분의 30 이하의 비 율로서 대통령령으로 정하는 바에 따라 거래계획과 달리 거래등을 할 수 있다. ④ 거래계획 보고자는 사망, 파산, 시장변동성 확대로 과도한 손실이 예상되는 경우 등 대통 령령으로 정하는 부득이한 사유가 발생하는 때에는 대통령령으로 정하는 바에 따라 증권선 물위원회와 거래소에 보고한 후 그 거래계획을 철회할 수 있다. ⑤ 증권선물위원회와 거래소는 제1항에 따라 보고된 거래계획(제4항에 따라 철회된 경우를 포함한다)을 3년간 갖추어 두고, 인터넷 홈페이지 등을 이용하여 공시하여야 한다. ⑥ 제1항부터 제5항까지에서 규정한 사항 외에 거래계획의 보고 등에 필요한 사항은 대통령 령으로 정한다. [본조신설 2024. 1. 23.]"
제174조,[],REGULATION,미공개중요정보 이용행위 금지,자,금지,미공개중요정보 이용행위,PROHIBITIVE,"제174조(미공개중요정보 이용행위 금지) ① 다음 각 호의 어느 하나에 해당하는 자(제1호부터 제5호까지의 어느 하나의 자에 해당하지 아니하게 된 날부터 1년이 경과하지 아니한 자를 포 함한다)는 상장법인[6개월 이내에 상장하는 법인 또는 6개월 이내에 상장법인과의 합병, 주식 의 포괄적 교환, 그 밖에 대통령령으로 정하는 기업결합 방법에 따라 상장되는 효과가 있는 비상장법인(이하 이 항에서 “상장예정법인등”이라 한다)을 포함한다. 이하 이 항 및"
제443조,[],DEFINITION,미공개중요정보,,,,DEFINITIONAL,제443조 법제처 106 국가법령정보 센터 자본시장과 금융투자업에 관한 법률 제1항제1호에서 같다]의 업무 등과 관련된 미공개중요정보(투자자의 투자판단에 중대한 영향 을 미칠 수 있는 정보로서 대통령령으로 정하는 방법에 따라 불특정 다수인이 알 수 있도록 공개되기 전의 것을 말한다. 이하 이 항에서 같다)를 특정증권등(상장예정법인등이 발행한 해 당 특정증권등을 포함한다. 이하
제443조제1항제1호에서 같다),"[443, 1, 1, 1]",REGULATION,미공개중요정보,법인,이용,거래,PROHIBITIVE,"제443조제1항제1호에서 같다)의 매매, 그 밖의 거래에 이용 하거나 타인에게 이용하게 하여서는 아니 된다. <개정 2009. 2. 3., 2013. 5. 28.> 1. 그 법인(그 계열회사를 포함한다. 이하 이 호 및 제2호에서 같다) 및 그 법인의 임직원ㆍ대 리인으로서 그 직무와 관련하여 미공개중요정보를 알게 된 자 2. 그 법인의 주요주주로서 그 권리를 행사하는 과정에서 미공개중요정보를 알게 된 자 3. 그 법인에 대하여 법령에 따른 허가ㆍ인가ㆍ지도ㆍ감독, 그 밖의 권한을 가지는 자로서 그 권한을 행사하는 과정에서 미공개중요정보를 알게 된 자 4. 그 법인과 계약을 체결하고 있거나 체결을 교섭하고 있는 자로서 그 계약을 체결ㆍ교섭 또는 이행하는 과정에서 미공개중요정보를 알게 된 자 5. 제2호부터 제4호까지의 어느 하나에 해당하는 자의 대리인(이에 해당하는 자가 법인인 경 우에는 그 임직원 및 대리인을 포함한다)ㆍ사용인, 그 밖의 종업원(제2호부터 제4호까지의 어느 하나에 해당하는 자가 법인인 경우에는 그 임직원 및 대리인)으로서 그 직무와 관련 하여 미공개중요정보를 알게 된 자 6. 제1호부터 제5호까지의 어느 하나에 해당하는 자(제1호부터 제5호까지의 어느 하나의 자 에 해당하지 아니하게 된 날부터 1년이 경과하지 아니한 자를 포함한다)로부터 미공개중요 정보를 받은 자 ② 다음 각 호의 어느 하나에 해당하는 자(제1호부터 제5호까지의 어느 하나의 자에 해당하 지 아니하게 된 날부터 1년이 경과하지 아니한 자를 포함한다)는 주식등에 대한 공개매수("
제133조제1항,[],REGULATION,미공개정보,공개매수예정자,이용,미공개정보,PROHIBITIVE,"제 133조제1항의 공개매수를 말한다. 이하 이 항에서 같다)의 실시 또는 중지에 관한 미공개정 보(대통령령으로 정하는 방법에 따라 불특정 다수인이 알 수 있도록 공개되기 전의 것을 말 한다. 이하 이 항에서 같다)를 그 주식등과 관련된 특정증권등의 매매, 그 밖의 거래에 이용 하거나 타인에게 이용하게 하여서는 아니 된다. 다만, 공개매수를 하려는 자(이하 이 조에서 “공개매수예정자”라 한다)가 공개매수공고 이후에도 상당한 기간 동안 주식등을 보유하는 등 주식등에 대한 공개매수의 실시 또는 중지에 관한 미공개정보를 그 주식등과 관련된 특정증권등의 매매, 그 밖의 거래에 이용할 의사가 없다고 인정되는 경우에는 그러하지 아니하다. <개정 2009. 2. 3., 2013. 5. 28.> 1. 공개매수예정자(그 계열회사를 포함한다. 이하 이 호 및 제2호에서 같다) 및 공개매수예정 자의 임직원ㆍ대리인으로서 그 직무와 관련하여 공개매수의 실시 또는 중지에 관한 미공 개정보를 알게 된 자 2. 공개매수예정자의 주요주주로서 그 권리를 행사하는 과정에서 공개매수의 실시 또는 중 지에 관한 미공개정보를 알게 된 자 3. 공개매수예정자에 대하여 법령에 따른 허가ㆍ인가ㆍ지도ㆍ감독, 그 밖의 권한을 가지는 자로서 그 권한을 행사하는 과정에서 공개매수의 실시 또는 중지에 관한 미공개정보를 알 게 된 자 4. 공개매수예정자와 계약을 체결하고 있거나 체결을 교섭하고 있는 자로서 그 계약을 체결 ㆍ교섭 또는 이행하는 과정에서 공개매수의 실시 또는 중지에 관한 미공개정보를 알게 된 자 법제처 107 국가법령정보 센터 자본시장과 금융투자업에 관한 법률 5. 제2호부터 제4호까지의 어느 하나에 해당하는 자의 대리인(이에 해당하는 자가 법인인 경 우에는 그 임직원 및 대리인을 포함한다)ㆍ사용인, 그 밖의 종업원(제2호부터 제4호까지의 어느 하나에 해당하는 자가 법인인 경우에는 그 임직원 및 대리인)으로서 그 직무와 관련 하여 공개매수의 실시 또는 중지에 관한 미공개정보를 알게 된 자 6. 공개매수예정자 또는 제1호부터 제5호까지의 어느 하나에 해당하는 자(제1호부터 제5호 까지의 어느 하나의 자에 해당하지 아니하게 된 날부터 1년이 경과하지 아니한 자를 포함 한다)로부터 공개매수의 실시 또는 중지에 관한 미공개정보를 받은 자 ③ 다음 각 호의 어느 하나에 해당하는 자(제1호부터 제5호까지의 어느 하나의 자에 해당하 지 아니하게 된 날부터 1년이 경과하지 아니한 자를 포함한다)는 주식등의 대량취득ㆍ처분 (경영권에 영향을 줄 가능성이 있는 대량취득ㆍ처분으로서 대통령령으로 정하는 취득ㆍ처분 을 말한다. 이하 이 항에서 같다)의 실시 또는 중지에 관한 미공개정보(대통령령으로 정하는 방법에 따라 불특정 다수인이 알 수 있도록 공개되기 전의 것을 말한다. 이하 이 항에서 같다 )를 그 주식등과 관련된 특정증권등의 매매, 그 밖의 거래에 이용하거나 타인에게 이용하게 하여서는 아니 된다. 다만, 대량취득ㆍ처분을 하려는 자가"
제149조,[],REGULATION,대량취득ㆍ처분,대량취득ㆍ처분을 하려는 자,보유,주식등,PROHIBITIVE,"제149조에 따른 공시 이후에도 상 당한 기간 동안 주식등을 보유하는 등 주식등에 대한 대량취득ㆍ처분의 실시 또는 중지에 관 한 미공개정보를 그 주식등과 관련된 특정증권등의 매매, 그 밖의 거래에 이용할 의사가 없 다고 인정되는 경우에는 그러하지 아니하다.<개정 2009. 2. 3., 2013. 5. 28.> 1. 대량취득ㆍ처분을 하려는 자(그 계열회사를 포함한다. 이하 이 호 및 제2호에서 같다) 및 대량취득ㆍ처분을 하려는 자의 임직원ㆍ대리인으로서 그 직무와 관련하여 대량취득ㆍ처 분의 실시 또는 중지에 관한 미공개정보를 알게 된 자 2. 대량취득ㆍ처분을 하려는 자의 주요주주로서 그 권리를 행사하는 과정에서 대량취득ㆍ처 분의 실시 또는 중지에 관한 미공개정보를 알게 된 자 3. 대량취득ㆍ처분을 하려는 자에 대하여 법령에 따른 허가ㆍ인가ㆍ지도ㆍ감독, 그 밖의 권 한을 가지는 자로서 그 권한을 행사하는 과정에서 대량취득ㆍ처분의 실시 또는 중지에 관 한 미공개정보를 알게 된 자 4. 대량취득ㆍ처분을 하려는 자와 계약을 체결하고 있거나 체결을 교섭하고 있는 자로서 그 계약을 체결ㆍ교섭 또는 이행하는 과정에서 대량취득ㆍ처분의 실시 또는 중지에 관한 미 공개정보를 알게 된 자 5. 제2호부터 제4호까지의 어느 하나에 해당하는 자의 대리인(이에 해당하는 자가 법인인"
제175조,[],CONCEPT,미공개중요정보 이용행위의 배상책임,,,,DEFINITIONAL,제175조(미공개중요정보 이용행위의 배상책임) ①
제174조,[],REGULATION,손해배상,자,배상,손해,MANDATORY,"제174조를 위반한 자는 해당 특정증권등의 매매, 그 밖의 거래를 한 자가 그 매매, 그 밖의 거래와 관련하여 입은 손해를 배상할 책임을 진다. ② 제1항에 따른 손해배상청구권은 청구권자가"
제174조,"[2, None, 174, None]",REGULATION,시효,행위,소멸,시효,MANDATORY,제174조를 위반한 행위가 있었던 사실을 안 때부터 2년간 또는 그 행위가 있었던 때부터 5년간 이를 행사하지 아니한 경우에는 시효로 법제처 108 국가법령정보 센터 자본시장과 금융투자업에 관한 법률 인하여 소멸한다.
Unknown,[],REGULATION,Unknown,,,,,"제176조(시세조종행위 등의 금지) ① 누구든지 상장증권 또는 장내파생상품의 매매에 관하여 그 매매가 성황을 이루고 있는 듯이 잘못 알게 하거나, 그 밖에 타인에게 그릇된 판단을 하게 할 목적으로 다음 각 호의 어느 하나에 해당하는 행위를 하여서는 아니 된다. 1. 자기가 매도하는 것과 같은 시기에 그와 같은 가격 또는 약정수치로 타인이 그 증권 또는 장내파생상품을 매수할 것을 사전에 그 자와 서로 짠 후 매도하는 행위 2. 자기가 매수하는 것과 같은 시기에 그와 같은 가격 또는 약정수치로 타인이 그 증권 또는 장내파생상품을 매도할 것을 사전에 그 자와 서로 짠 후 매수하는 행위 3. 그 증권 또는 장내파생상품의 매매를 함에 있어서 그 권리의 이전을 목적으로 하지 아니 하는 거짓으로 꾸민 매매를 하는 행위 4. 제1호부터 제3호까지의 행위를 위탁하거나 수탁하는 행위 ② 누구든지 상장증권 또는 장내파생상품의 매매를 유인할 목적으로 다음 각 호의 어느 하나 에 해당하는 행위를 하여서는 아니 된다.<개정 2013. 5. 28.> 1. 그 증권 또는 장내파생상품의 매매가 성황을 이루고 있는 듯이 잘못 알게 하거나 그 시세 (증권시장 또는 파생상품시장에서 형성된 시세, 다자간매매체결회사가 상장주권의 매매를 중개함에 있어서 형성된 시세, 그 밖에 대통령령으로 정하는 시세를 말한다. 이하 같다)를 변동시키는 매매 또는 그 위탁이나 수탁을 하는 행위 2. 그 증권 또는 장내파생상품의 시세가 자기 또는 타인의 시장 조작에 의하여 변동한다는 말을 유포하는 행위 3. 그 증권 또는 장내파생상품의 매매를 함에 있어서 중요한 사실에 관하여 거짓의 표시 또 는 오해를 유발시키는 표시를 하는 행위 ③ 누구든지 상장증권 또는 장내파생상품의 시세를 고정시키거나 안정시킬 목적으로 그 증 권 또는 장내파생상품에 관한 일련의 매매 또는 그 위탁이나 수탁을 하는 행위를 하여서는 아니 된다. 다만, 다음 각 호의 어느 하나에 해당하는 경우에는 그러하지 아니하다. 1. 투자매매업자(모집 또는 매출되는 증권의 발행인 또는 소유자와 인수계약을 체결한 투자 매매업자로서 대통령령으로 정하는 자에 한한다. 이하 이 조에서 같다)가 대통령령으로 정 하는 방법에 따라 그 증권의 모집 또는 매출의 청약기간의 종료일 전 30일의 범위에서 대 통령령으로 정하는 날부터 그 청약기간의 종료일까지의 기간 동안 증권의 가격을 안정시 킴으로써 증권의 모집 또는 매출을 원활하도록 하기 위한 매매거래(이하 이 항에서 “안정 조작”이라 한다)를 하는 경우 2. 투자매매업자가 대통령령으로 정하는 방법에 따라 모집 또는 매출한 증권의 수요ㆍ공급 을 그 증권이 상장된 날부터 6개월의 범위에서 대통령령으로 정하는 기간 동안 조성하는 매매거래(이하 이 항에서 “시장조성”이라 한다)를 하는 경우 3. 모집 또는 매출되는 증권 발행인의 임원 등 대통령령으로 정하는 자가 투자매매업자에게 안정조작을 위탁하는 경우 4. 투자매매업자가 제3호에 따라 안정조작을 수탁하는 경우 5. 모집 또는 매출되는 증권의 인수인이 투자매매업자에게 시장조성을 위탁하는 경우 법제처 109 국가법령정보 센터 자본시장과 금융투자업에 관한 법률 6. 투자매매업자가 제5호에 따라 시장조성을 수탁하는 경우 ④ 누구든지 증권, 파생상품 또는 그 증권ㆍ파생상품의 기초자산 중 어느 하나가 거래소에 상장되거나 그 밖에 이에 준하는 경우로서 대통령령으로 정하는 경우에는 그 증권 또는 파생 상품에 관한 매매, 그 밖의 거래(이하 이 항,"
제177조,[],,,,,,,
제443조제1항제7호,"[443, 1, 7]",REGULATION,시세 변동 또는 고정,,변동,시세,PROHIBITIVE,"제443조제1항제7호에서 “매매등”이 라 한다)와 관련하여 다음 각 호의 어느 하나에 해당하는 행위를 하여서는 아니 된다.<개정 2009. 2. 3., 2013. 5. 28.> 1. 파생상품의 매매등에서 부당한 이익을 얻거나 제삼자에게 부당한 이익을 얻게 할 목적으 로 그 파생상품의 기초자산의 시세를 변동 또는 고정시키는 행위 2. 파생상품의 기초자산의 매매등에서 부당한 이익을 얻거나 제삼자에게 부당한 이익을 얻게 할 목적으로 그 파생상품의 시세를 변동 또는 고정시키는 행위 3. 증권의 매매등에서 부당한 이익을 얻거나 제삼자에게 부당한 이익을 얻게 할 목적으로 그 증권과 연계된 증권으로서 대통령령으로 정하는 증권 또는 그 증권의 기초자산의 시세를 변동 또는 고정시키는 행위 4. 증권의 기초자산의 매매등에서 부당한 이익을 얻거나 제삼자에게 부당한 이익을 얻게 할 목적으로 그 증권의 시세를 변동 또는 고정시키는 행위 5. 파생상품의 매매등에서 부당한 이익을 얻거나 제삼자에게 부당한 이익을 얻게 할 목적으 로 그 파생상품과 기초자산이 동일하거나 유사한 파생상품의 시세를 변동 또는 고정시키는 행위"
제177조,[],REGULATION,시세조종의 배상책임,,,,,제177조(시세조종의 배상책임) ①
제176조,[],REGULATION,손해배상,위반한 자,배상,손해,MANDATORY,제176조를 위반한 자는 다음 각 호의 구분에 따른 손해를 배 상할 책임을 진다. <개정 2013. 5. 28.> 1. 그 위반행위로 인하여 형성된 가격에 의하여 해당 증권 또는 파생상품에 관한 매매등을 하거나 그 위탁을 한 자가 그 매매등 또는 위탁으로 인하여 입은 손해 2. 제1호의 손해 외에 그 위반행위(
제176조제4항,[],REGULATION,손해,자,매매,기초자산,DEFINITIONAL,"제176조제4항 각 호의 어느 하나에 해당하는 행위로 한정 한다)로 인하여 가격에 영향을 받은 다른 증권, 파생상품 또는 그 증권ㆍ파생상품의 기초자 산에 대한 매매등을 하거나 그 위탁을 한 자가 그 매매등 또는 위탁으로 인하여 입은 손해 3. 제1호 및 제2호의 손해 외에 그 위반행위("
제176조제4항,"[176, 4, 0, 0]",REGULATION,손해배상청구권,청구권자,청구,손해배상청구권,DEFINITIONAL,제176조제4항 각 호의 어느 하나에 해당하는 행 위로 한정한다)로 인하여 특정 시점의 가격 또는 수치에 따라 권리행사 또는 조건성취 여 부가 결정되거나 금전등이 결제되는 증권 또는 파생상품과 관련하여 그 증권 또는 파생상 품을 보유한 자가 그 위반행위로 형성된 가격 또는 수치에 따라 결정되거나 결제됨으로써 입은 손해 ② 제1항에 따른 손해배상청구권은 청구권자가
제176조,"[3, None, 176, None]",REGULATION,시효,시효,소멸,,MANDATORY,제176조를 위반한 행위가 있었던 사실을 안 때부터 2년간 또는 그 행위가 있었던 때부터 5년간 이를 행사하지 아니한 경우에는 시효로 인하여 소멸한다.
제178조,[],REGULATION,부정거래행위,,금지,부정거래행위,PROHIBITIVE,제178조(부정거래행위 등의 금지) ① 누구든지 금융투자상품의 매매(증권의 경우 모집ㆍ사모ㆍ 매출을 포함한다. 이하 이 조 및
제179조,[],REGULATION,금지,인물,위반,행위,PROHIBITIVE,"제179조에서 같다), 그 밖의 거래와 관련하여 다음 각 호의 어느 하나에 해당하는 행위를 하여서는 아니 된다. 법제처 110 국가법령정보 센터 자본시장과 금융투자업에 관한 법률 1. 부정한 수단, 계획 또는 기교를 사용하는 행위 2. 중요사항에 관하여 거짓의 기재 또는 표시를 하거나 타인에게 오해를 유발시키지 아니하 기 위하여 필요한 중요사항의 기재 또는 표시가 누락된 문서, 그 밖의 기재 또는 표시를 사 용하여 금전, 그 밖의 재산상의 이익을 얻고자 하는 행위 3. 금융투자상품의 매매, 그 밖의 거래를 유인할 목적으로 거짓의 시세를 이용하는 행위 ② 누구든지 금융투자상품의 매매, 그 밖의 거래를 할 목적이나 그 시세의 변동을 도모할 목 적으로 풍문의 유포, 위계(僞計)의 사용, 폭행 또는 협박을 하여서는 아니 된다."
제178조의2,[],REGULATION,시장질서 교란행위,자,,,PROHIBITIVE,제178조의2(시장질서 교란행위의 금지) ① 제1호에 해당하는 자는 제2호에 해당하는 정보를 증 권시장에 상장된 증권(
제174조제1항,[],REGULATION,지정 금융투자상품,지정 금융투자상품,이용,매매등,PROHIBITIVE,"제174조제1항에 따른 상장예정법인등이 발행한 증권을 포함한다)이나 장내파생상품 또는 이를 기초자산으로 하는 파생상품(이를 모두 포괄하여 이하 이 항에서 “지정 금융투자상품”이라 한다)의 매매, 그 밖의 거래(이하 이 조에서 “매매등”이라 한다)에 이용 하거나 타인에게 이용하게 하는 행위를 하여서는 아니 된다. 다만, 투자자 보호 및 건전한 시 장질서를 해할 우려가 없는 행위로서 대통령령으로 정하는 경우 및 그 행위가"
제173조의2제 2항,[],,,,,,,
제174조,[],,,,,,,제174조 또는
제178조,[],REGULATION,제178조 제외,자,제외,제178조에 해당하는 경우,MANDATORY,제178조에 해당하는 경우는 제외한다. 1. 다음 각 목의 어느 하나에 해당하는 자 가.
제174조,[],REGULATION,미공개중요정보,인물,알게 된,미공개중요정보,PROHIBITIVE,"제174조 각 항 각 호의 어느 하나에 해당하는 자로부터 나온 미공개중요정보 또는 미 공개정보인 정을 알면서 이를 받거나 전득(轉得)한 자 나. 자신의 직무와 관련하여 제2호에 해당하는 정보(이하 이 호에서 “정보”라 한다)를 생산 하거나 알게 된 자 다. 해킹, 절취(竊取), 기망(欺罔), 협박, 그 밖의 부정한 방법으로 정보를 알게 된 자 라. 나목 또는 다목의 어느 하나에 해당하는 자로부터 나온 정보인 정을 알면서 이를 받거 나 전득한 자 2. 다음 각 목의 모두에 해당하는 정보 가. 그 정보가 지정 금융투자상품의 매매등 여부 또는 매매등의 조건에 중대한 영향을 줄 가능성이 있을 것 나. 그 정보가 투자자들이 알지 못하는 사실에 관한 정보로서 불특정 다수인이 알 수 있도 록 공개되기 전일 것 ② 누구든지 상장증권 또는 장내파생상품에 관한 매매등과 관련하여 다음 각 호의 어느 하나 에 해당하는 행위..."
제176조,[],,,,,,,제176조 또는
제178조,[],REGULATION,제178조 제외,제178조,제외한다,제178조에 해당하는 경우,MANDATORY,제178조에 해당하는 경우는 제외한다. 1. 거래 성립 가능성이 희박한 호가를 대량으로 제출하거나 호가를 제출한 후 해당 호가를 반복적으로 정정ㆍ취소하여 시세에 부당한 영향을 주거나 줄 우려가 있는 행위 2. 권리의 이전을 목적으로 하지 아니함에도 불구하고 거짓으로 꾸민 매매를 하여 시세에 부 당한 영향을 주거나 줄 우려가 있는 행위 3. 손익이전 또는 조세회피 목적으로 자기가 매매하는 것과 같은 시기에 그와 같은 가격 또 는 약정수치로 타인이 그 상장증권 또는 장내파생상품을 매수할 것을 사전에 그 자와 서로 짠 후 매매를 하여 시세에 부당한 영향을 주거나 영향을 줄 우려가 있는 행위 4. 풍문을 유포하거나 거짓으로 계책을 꾸미는 등으로 상장증권 또는 장내파생상품의 수요 ㆍ공급 상황이나 그 가격에 대하여 타인에게 잘못된 판단이나 오해를 유발하거나 상장증 권 또는 장내파생상품의 가격을 왜곡할 우려가 있는 행위 법제처 111 국가법령정보 센터 자본시장과 금융투자업에 관한 법률 [본조신설 2014. 12. 30.]
제178조의3,[],REGULATION,불공정거래행위 통보,증권선물위원회,,,,제178조의3(불공정거래행위 통보 등) ① 증권선물위원회는
Unknown,[],REGULATION,Unknown,,,,,제429조 및
제429조의2,[],REGULATION,과징금 사건,과징금 사건,,,,제429조의2의 과징금 사건이
Unknown,[],REGULATION,Unknown,,,,,"제173조의2제2항,"
제174조,[],,,,,,,
제176조,[],,,,,,,제176조 또는
제178조,[],REGULATION,위반 혐의,인정하는 사람,통보,검찰총장,MANDATORY,제178조의 위반 혐의가 있다고 인정하는 경우에는 검찰총장에게 이를 통보하여야 한다.
Unknown,[],REGULATION,Unknown,,,,,"제173조의2제2항,"
제174조,[],,,,,,,
제176조,[],,,,,,,제176조 또는
Unknown,[],REGULATION,Unknown,,,,,제178조를 위반 한 자를 소추하기 위하여 관련 정보를 요구하는 경우에는 이를 제공할 수 있다. [본조신설 2014. 12. 30.]
제179조,[],REGULATION,배상책임,,,,,제179조(부정거래행위 등의 배상책임) ①
제178조,[],REGULATION,배상 책임,위반한 자,배상할 책임을 진다,손해,MANDATORY,"제178조를 위반한 자는 그 위반행위로 인하여 금융투자상품의 매매, 그 밖의 거래를 한 자가 그 매매, 그 밖의 거래와 관련하여 입은 손해를 배상 할 책임을 진다. ② 제1항에 따른 손해배상청구권은 청구권자가"
제178조,"[0, 0, 178, None]",REGULATION,시효,행위,소멸,,MANDATORY,제178조를 위반한 행위가 있었던 사실을 안 때부터 2년간 또는 그 행위가 있었던 때부터 5년간 이를 행사하지 아니한 경우에는 시효로 인하여 소멸한다.<개정 2018. 3. 27.>
제180조,"[0, 0, 180, 0]",REGULATION,공매도 제한,누구든지,매도,상장증권,PROHIBITIVE,"제180조(공매도의 제한) ① 누구든지 증권시장(다자간매매체결회사에서의 증권의 매매거래를 포함한다. 이하 이 장에서 같다)에서 상장증권(대통령령으로 정하는 증권에 한한다. 이하 이 장에서 같다)에 대하여 다음 각 호의 어느 하나에 해당하는 매도(이하 “공매도”라 한다)를 하 거나 그 위탁 또는 수탁을 하여서는 아니 된다. 다만, 제2호에 해당하는 경우로서(이하 “차입 공매도”라 한다) 증권시장의 안정성 및 공정한 가격형성을 위하여 대통령령으로 정하는 방법 에 따르는 경우에는 이를 할 수 있다. <개정 2013. 5. 28., 2016. 3. 29.> 1. 소유하지 아니한 상장증권의 매도 2. 차입한 상장증권으로 결제하고자 하는 매도 ② 제1항 본문에 불구하고 다음 각 호의 어느 하나에 해당하는 경우에는 이를 공매도로 보지 아니한다. 1. 증권시장에서 매수계약이 체결된 상장증권을 해당 수량의 범위에서 결제일 전에 매도하 는 경우 2. 전환사채ㆍ교환사채ㆍ신주인수권부사채 등의 권리 행사, 유ㆍ무상증자, 주식배당 등으로 취득할 주식을 매도하는 경우로서 결제일까지 그 주식이 상장되어 결제가 가능한 경우 3. 그 밖에 결제를 이행하지 아니할 우려가 없는 경우로서 대통령령으로 정하는 경우 ③ 금융위원회는 증권시장의 안정성 및 공정한 가격형성을 저해할 우려가 있는 경우에는 거 래소의 요청에 따라 상장증권의 범위, 매매거래의 유형 및 기한 등을 정하여 차입공매도를 제한할 수 있다.<신설 2016. 3. 29., 2021. 1. 5.>"
제180조의2,"[None, None, 180, 2]",PROCEDURE,순보유잔고의 보고,,,,,제180조의2(순보유잔고의 보고) ①
제180조제1항,[],REGULATION,보고의무,매도자,보고,금융위원회와 거래소,MANDATORY,"제180조제1항 각 호 외의 부분 단서에 따라 상장증권을 차 입공매도한 자(대통령령으로 정하는 거래에 따라 증권을 차입공매도한 자는 제외하며, 이하 이 장에서 “매도자”라 한다)는 해당 증권에 관한 매수, 그 밖의 거래에 따라 보유하게 된 순보 유잔고(이하 이 장에서 “순보유잔고”라 한다)가 발행주식 수의 일정 비율을 초과하는 경우에 는 매도자의 순보유잔고에 관한 사항과 그 밖에 필요한 사항을 금융위원회와 거래소에 보고 하여야 한다. 법제처 112 국가법령정보 센터 자본시장과 금융투자업에 관한 법률 ② 금융위원회는 제1항에 따라 제출된 보고서에 거짓의 기재 또는 표시가 있거나 기재사항 이 누락된 경우에는 그 이유를 제시하고 그 보고서의 정정을 명할 수 있다. ③ 전문투자자로서 제1항에 따른 보고의무가 있는 자는 대통령령으로 정하는 기간 동안 순 보유잔고 산정에 관한 자료를 보관하여야 하며, 금융위원회가 자료제출을 요구하는 경우 이 를 지체 없이 제출하여야 한다. ④ 제1항의 매도자의 구체적인 범위, 순보유잔고의 산출방법, 순보유잔고의 비율 등 보고의 기준, 그 밖에 필요한 보고 사항은 대통령령으로 정하고, 보고의 절차 및 방법은 금융위원회 가 정하여 고시한다. [본조신설 2016. 3. 29.]"
제180조의3,[],REGULATION,순보유잔고의 공시,매도자,공시,사항,MANDATORY,"제180조의3(순보유잔고의 공시) ① 대통령령으로 정하는 상장증권의 종목별 발행총수 대비 매 도자의 해당 증권에 대한 종목별 순보유잔고의 비율이 대통령령으로 정하는 기준에 해당하는 경우 매도자는 매도자에 관한 사항, 순보유잔고에 관한 사항, 그 밖에 대통령령으로 정하는 사항을 공시하여야 한다. ② 제1항에 따른 공시에 필요한 절차 및 방법 등의 세부사항은 금융위원회가 정하여 고시한 다. [본조신설 2016. 3. 29.]"
제180조의4,[],REGULATION,공매도 제한,,취득,,PROHIBITIVE,"제180조의4(공매도 거래자의 모집 또는 매출 등에 따른 증권 취득 제한) ① 누구든지 증권시장 에 상장된 주식에 대한 모집 또는 매출 계획이 공시된 이후부터 해당 주식의 모집가액 또는 매출가액이 결정되기 전까지 대통령령으로 정하는 기간 동안 모집 또는 매출 대상 주식과 동 일한 종목에 대하여 증권시장에서 공매도를 하거나 공매도 주문을 위탁한 경우에는 해당 모 집 또는 매출에 따른 주식을 취득하여서는 아니 된다. 다만, 모집가액 또는 매출가액의 공정 한 가격형성을 저해하지 아니하는 경우로서 대통령령으로 정하는 경우에는 그러하지 아니하 다. <개정 2024. 10. 22.> ② 누구든지 주권상장법인의 전환사채 또는 신주인수권부사채 발행 계획이 공시된 이후부터 전환가액 또는 신주인수권행사가액이 결정되기 전까지 대통령령으로 정하는 기간 동안 해당 주권상장법인의 주식에 대하여 증권시장에서 공매도를 하거나 공매도 주문을 위탁한 경우에 는 해당 사채 발행에 따른 전환사채 또는 신주인수권부사채를 취득하여서는 아니 된다. 다만 , 전환가액 또는 신주인수권행사가액의 공정한 가격형성을 저해하지 아니하는 경우로서 대 통령령으로 정하는 경우에는 그러하지 아니하다.<신설 2024. 10. 22.> [본조신설 2021. 1. 5.] [제목개정 2024. 10. 22.]"
제180조의5,[],REGULATION,차입공매도,자,보관·제출·체결,대차거래정보,MANDATORY,"제180조의5(차입공매도를 위한 대차거래) ① 차입공매도를 목적으로 상장증권의 대차거래 계 약을 체결한 자는 계약체결 일시, 종목 및 수량 등 대통령령으로 정하는 대차거래정보를 대통 령령으로 정하는 방법으로 5년간 보관하여야 한다. ② 제1항에 따라 대차거래정보의 보관의무를 지는 자는 금융위원회 및 거래소가 그 자료의 제출을 요구하는 경우 이를 지체 없이 제출하여야 한다. ③ 차입공매도를 목적으로 대통령령으로 정하는 상장증권의 대차거래 계약을 체결하려는 자 는 대통령령으로 정하는 바에 따라 상환기간을 정하여 계약을 체결하여야 한다.<신설 2024. 10. 22.> 법제처 113 국가법령정보 센터 자본시장과 금융투자업에 관한 법률 ④ 증권의 대차거래의 중개ㆍ주선이나 대리업무를 하려는 자는 차입자가 차입공매도를 목적 으로 대차거래 계약을 체결하는 경우 제3항의 상환기간이 적용되도록 대차거래 계약을 구분 하여 관리하여야 한다.<신설 2024. 10. 22.> [본조신설 2021. 1. 5.] [제목개정 2024. 10. 22.]"
제180조의6,"[None, None, 180, 6]",REGULATION,무차입공매도 방지조치,법인,준수,기준 및 절차,MANDATORY,제180조의6(무차입공매도 방지조치) ① 대통령령으로 정하는 상장증권을 차입공매도하려는 법인은 임직원이 공매도 관련 직무를 수행할 때 준수하여야 할 기준 및 절차를 마련하고 전산설비를 갖추는 등
제180조제1항,"[5, 1, 180, 1]",REGULATION,무차입공매도 방지 조치,투자중개업자,조치를 하여야 한다,무차입공매도 방지,MANDATORY,제180조제1항 각 호 외의 부분 단서에 따른 차입공매도에 해당하지 아니하는 공매도(이하 “무차입공매도”라 한다)를 방지하기 위하여 필요한 조치를 하여야 한다. ② 투자중개업자는 법인으로부터 공매도의 위탁을 받는 경우 그 법인이 제1항에 따른 조치를 하였는지 확인하는 등 대통령령으로 정하는 방법에 따라 무차입공매도를 방지하기 위한 조치를 하여야 한다. ③ 제1항에 따른 조치를 하여야 하는 법인의 범위와 조치의 내용 등에 관하여 필요한 세부사 항은 대통령령으로 정한다. [본조신설 2024. 10. 22.] 제5편 집합투자기구 제1장 총칙
제181조,[],REGULATION,적용,집합투자기구,받는다,상법 및 민법,MANDATORY,제181조(관련 법률의 적용) 집합투자기구는 이 법에서 특별히 정한 경우를 제외하고는 「상법」 및 「민법」의 적용을 받는다.
제182조,[],REGULATION,집합투자기구 등록,투자회 사등,등록,금융위원회,MANDATORY,"제182조(집합투자기구의 등록) ① 투자신탁이나 투자익명조합의 집합투자업자 또는 투자회사 ㆍ투자유한회사ㆍ투자합자회사ㆍ투자유한책임회사 및 투자합자조합(이하 이 편에서 “투자회 사등”이라 한다)은 집합투자기구가 설정ㆍ설립된 경우 그 집합투자기구를 금융위원회에 등록 하여야 한다. <개정 2008. 2. 29., 2013. 5. 28.> ② 제1항에 따른 집합투자기구의 등록요건은 다음 각 호와 같다. 1. 다음 각 목의 자가 업무정지기간 중에 있지 아니할 것 가. 그 집합투자재산을 운용하는 집합투자업자 나. 그 집합투자재산을 보관ㆍ관리하는 신탁업자 다. 그 집합투자증권을 판매하는 투자매매업자ㆍ투자중개업자 라. 투자회사인 경우 그 투자회사로부터"
제184조제6항,[],ACTOR,일반사무관리회 사,일반사무관리회 사,위탁받다,업무,,제184조제6항의 업무를 위탁받은 일반사무관리회 사
제254조,[],CONCEPT,일반사무관리회사,,,,DEFINITIONAL,제254조에 따른 일반사무관리회사를 말한다. 이하 같다) 2. 집합투자기구가 이 법에 따라 적법하게 설정ㆍ설립되었을 것 3. 집합투자규약이 법령을 위반하거나 투자자의 이익을 명백히 침해하지 아니할 것 4. 그 밖에
제9조제18항,"[9, 18]",REGULATION,집합투자기구 등록,금융위원회,등록 여부 결정,집합투자기구,MANDATORY,"제9조제18항 각 호의 집합투자기구의 형태 등을 고려하여 대통령령으로 정하는 요건을 갖출 것 ③ 투자신탁이나 투자익명조합의 집합투자업자 또는 투자회사등은 집합투자기구를 등록하 려는 경우에는 금융위원회에 등록신청서를 제출하여야 한다.<개정 2008. 2. 29.> 법제처 114 국가법령정보 센터 자본시장과 금융투자업에 관한 법률 ④ 금융위원회는 제3항의 등록신청서를 접수한 경우에는 그 내용을 검토하여 20일 이내에 등록 여부를 결정하고, 그 결과와 이유를 지체 없이 신청인에게 문서로 통지하여야 한다. 이 경우 등록신청서에 흠결이 있는 때에는 보완을 요구할 수 있다.<개정 2008. 2. 29.> ⑤ 제4항의 검토기간을 산정함에 있어서 등록신청서 흠결의 보완기간 등 총리령으로 정하는 기간은 검토기간에 산입하지 아니한다.<개정 2008. 2. 29.> ⑥ 금융위원회는 제4항의 등록 여부를 결정함에 있어서 다음 각 호의 어느 하나에 해당하는 사유가 없는 한 그 등록을 거부하여서는 아니 된다.<개정 2008. 2. 29.> 1. 제2항의 등록요건을 갖추지 아니한 경우 2. 제3항의 등록신청서를 거짓으로 작성한 경우 3. 제4항 후단의 보완요구를 이행하지 아니한 경우 ⑦ 금융위원회는 제4항에 따라 등록을 결정한 경우 집합투자기구등록부에 필요한 사항을 기 재하여야 하며, 등록내용을 인터넷 홈페이지 등에 공고하여야 한다.<개정 2008. 2. 29.> ⑧ 투자신탁이나 투자익명조합의 집합투자업자 또는 투자회사등은 제1항에 따라 등록된 사 항이 변경된 경우에는 투자자 보호를 해할 우려가 없는 경우로서 대통령령으로 정하는 경우 를 제외하고는 2주 이내에 그 내용을 금융위원회에 변경등록하여야 한다. 이 경우 제2항부터 제7항까지의 규정을 준용한다.<개정 2008. 2. 29.> ⑨ 제1항부터 제8항까지의 규정에 따른 등록신청서의 기재사항 및 첨부서류 등 등록 및 변 경등록의 신청에 관한 사항과 등록검토의 방법ㆍ절차, 그 밖에 필요한 사항은 대통령령으로 정한다."
제182조의2,[],REGULATION,교차판매 집합투자기구 등록,집합투자업자,등록,교차판매 집합투자기구,PERMISSIVE,제182조의2(교차판매 집합투자기구의 등록) ① 투자신탁이나 투자익명조합의 집합투자업자 또 는 투자회사등은 집합투자기구의 집합투자증권을 대한민국 정부와 외국 정부 간 체결한 것으 로서 대통령령으로 정하는 집합투자기구 교차판매에 관한 협약 등(이하 “교차판매협약등”이 라 한다)을 체결한 해당 외국에서 판매하려는 경우에는 그 집합투자기구를 금융위원회에 교 차판매 집합투자기구로 등록할 수 있다. ② 제1항에 따른 교차판매 집합투자기구(이하 “교차판매 집합투자기구”라 한다)의 등록요건 은 다음 각 호와 같다. 1.
제182조제1항,[],REGULATION,적격 요건,집합투자업자,갖출,적격 요건,MANDATORY,"제182조제1항에 따라 등록된 집합투자기구일 것 2. 교차판매 집합투자기구를 운용하는 투자신탁이나 투자익명조합의 집합투자업자 또는 투 자회사등이 자기자본, 임원 및 운용인력 등 대통령령으로 정하는 적격 요건을 갖출 것 3. 그 밖에 집합투자재산의 투자대상자산 등 교차판매협약등의 내용 등을 고려하여 대통령 령으로 정하는 요건을 갖출 것 ③ 투자신탁이나 투자익명조합의 집합투자업자 또는 투자회사등은 제1항에 따라 등록한 사 항이 변경된 경우에는 투자자 보호를 해할 우려가 없는 경우로서 대통령령으로 정하는 경우 를 제외하고는 2주 이내에 그 내용을 금융위원회에 변경등록하여야 한다. ④ 제1항 및 제3항에 따른 교차판매 집합투자기구의 등록과 변경등록의 절차 등에 관하여는"
제182조,[],REGULATION,규정 준용,대통령령,정한다,사항,MANDATORY,"제182조제3항부터 제7항까지의 규정을 준용한다. 이 경우 등록신청서 및 변경등록신청서의 기재사항, 첨부서류 등 필요한 사항은 대통령령으로 정한다. [본조신설 2019. 11. 26.] 법제처 115 국가법령정보 센터 자본시장과 금융투자업에 관한 법률"
제183조,[],DEFINITION,집합투자기구,집합투자기구,정의,명칭,DEFINITIONAL,제183조(집합투자기구의 명칭) ① 집합투자기구는 그 상호 또는 명칭 중에
제229조,[],REGULATION,집합투자기구 종류 표시 문자,집합투자기구,사용,문자,MANDATORY,"제229조 각 호의 집 합투자기구의 종류를 표시하는 문자(증권ㆍ부동산ㆍ특별자산ㆍ혼합자산 및 단기금융을 말한 다)를 사용하여야 한다. ② 이 법에 따른 집합투자기구가 아닌 자는 “집합투자”, “간접투자”, “투자신탁”, “투자회사”, “투자유한회사”, “투자합자회사”, “기관전용 사모집합투자기구”, “투자유한책임회사”, “투자합 자조합”, “투자익명조합”, 그 밖에 이와 유사한 명칭을 사용하여서는 아니 된다. 다만, 집합투 자업자 및"
제6조제5항제1호,"[None, None, 6, 5]",REGULATION,사용,규정된 것,사용,이것,PERMISSIVE,제6조제5항제1호에 규정된 것의 경우에는 이를 사용할 수 있다.
제183조,[],DEFINITION,집합투자기구의 명칭,집합투자기구,,,DEFINITIONAL,제183조(집합투자기구의 명칭) ① 집합투자기구는 그 상호 또는 명칭 중에
제229조,[],REGULATION,집합투자기구 명칭 사용 규정,집합투자기구,사용,명칭,MANDATORY,"제229조 각 호의 집합투자기구의 종류를 표시하는 문자(증권ㆍ부동산ㆍ특별자산ㆍ혼합자산ㆍ단기금융 및 기업 성장을 말한다)를 사용하여야 한다. <개정 2025. 9. 16.> ② 이 법에 따른 집합투자기구가 아닌 자는 “집합투자”, “간접투자”, “투자신탁”, “투자회사”, “투자유한회사”, “투자합자회사”, “기관전용 사모집합투자기구”, “투자유한책임회사”, “투자합자조합”, “투자익명조합”, 그 밖에 이와 유사한 명칭을 사용하여서는 아니 된다. 다만, 집합투자업자 및"
제6조제5항제1호,[],REGULATION,사용,규정된 것,사용,이것,PERMISSIVE,"제6조제5항제1호에 규정된 것의 경우에는 이를 사용할 수 있다.<개정 2013. 5. 28., 2015. 7. 24., 2021. 4. 20.> [시행일: 2026. 3. 17.]"
제183조,[],,,,,,,
제184조,[],REGULATION,집합투자기구의 업무수행,집합투자업자,수행,의결권 행사,MANDATORY,"제184조(집합투자기구의 업무수행 등) ① 투자신탁재산 또는 투자익명조합재산에 속하는 지분 증권(그 지분증권과 관련된 증권예탁증권을 포함한다. 이하 이 조에서 같다)의 의결권 행사는 그 투자신탁 또는 투자익명조합의 집합투자업자가 수행하여야 하며, 투자회사등의 집합투자 재산에 속하는 지분증권의 의결권 행사는 그 투자회사등이 수행하여야 한다. 다만, 투자회사 등은 그 투자회사등의 집합투자업자에게 그 투자회사등의 집합투자재산에 속하는 지분증권 의 의결권 행사를 위탁할 수 있다. ② 투자신탁재산 또는 투자익명조합재산의 운용업무는 그 투자신탁 또는 투자익명조합의 집 합투자업자가 이를 수행하며, 투자회사등의 집합투자재산 운용업무는 그 투자회사등의 법인 이사ㆍ업무집행사원ㆍ업무집행자 또는 업무집행조합원인 집합투자업자가 이를 수행한다. <개정 2013. 5. 28.> ③ 투자신탁이나 투자익명조합의 집합투자업자 또는 투자회사등은 집합투자재산의 보관ㆍ 관리업무를 신탁업자에게 위탁하여야 한다. ④ 집합투자업자는 자신이 운용하는 집합투자재산을 보관ㆍ관리하는 신탁업자가 되어서는 아니 된다. ⑤ 투자신탁이나 투자익명조합의 집합투자업자 또는 투자회사등은 집합투자기구의 집합투 자증권을 판매하고자 하는 경우 투자매매업자와 판매계약을 체결하거나 투자중개업자와 위 탁판매계약을 체결하여야 한다. 다만, 투자신탁이나 투자익명조합의 집합투자업자가 투자매 매업자 또는 투자중개업자로서 집합투자기구의 집합투자증권을 판매하는 경우에는 판매계 약 또는 위탁판매계약을 체결하지 아니한다. ⑥ 투자회사는 다음 각 호의 업무를 일반사무관리회사에 위탁하여야 한다. 1. 투자회사 주식의 발행 및 명의개서(名義改書) 법제처 116 국가법령정보 센터 자본시장과 금융투자업에 관한 법률 2. 투자회사재산의 계산 3. 법령 또는 정관에 의한 통지 및 공고 4. 이사회 및 주주총회의 소집ㆍ개최ㆍ의사록 작성 등에 관한 업무 5. 그 밖에 투자회사의 사무를 처리하기 위하여 필요한 업무로서 대통령령으로 정하는 업무 ⑦ 투자회사등은 상근임원 또는 직원을 둘 수 없으며, 본점 외의 영업소를 설치할 수 없다."
제185조,[],REGULATION,연대책임,업자,집니다,연대책임,MANDATORY,제185조(연대책임) 집합투자업자ㆍ신탁업자ㆍ투자매매업자ㆍ투자중개업자ㆍ일반사무관리회 사ㆍ집합투자기구평가회사
제258조,[],DEFINITION,집합투자기구평가회사,,,,DEFINITIONAL,제258조에 따른 집합투자기구평가회사를 말한다) 및 채권평가회 사(
제263조,[],DEFINITION,채권평가회사,채권평가회사,진다,손해배상책임,MANDATORY,제263조에 따른 채권평가회사를 말한다)는 이 법에 따라 투자자에 대한 손해배상책임을 부담하는 경우 귀책사유가 있는 경우에는 연대하여 손해배상책임을 진다.
제186조,[],REGULATION,자기집합투자증권 취득 제한,투자회사,취득,집합투자증권,MANDATORY,"제186조(자기집합투자증권의 취득 제한 등) ① 투자회사등은 자기의 계산으로 자기가 발행한 집합투자증권을 취득하거나 질권의 목적으로 받지 못한다. 다만, 다음 각 호의 어느 하나에 해당하는 경우에는 자기의 계산으로 자기가 발행한 집합투자증권을 취득할 수 있다. 1. 담보권의 실행 등 권리 행사에 필요한 경우. 이 경우 취득한 집합투자증권은 대통령령으로 정하는 방법에 따라 처분하여야 한다. 2."
제235조,[],REGULATION,환매,투자회사,환매,집합투자증권,PERMISSIVE,제235조에 따라 투자회사등의 집합투자증권을 환매하는 경우 3.
제201조제4항,"[None, None, 201, 4]",REGULATION,주식 매수,,매수,주식,,제201조제4항에 따라 주식을 매수하는 경우 ②
제87조,[],,,,,,,제87조 및
Unknown,[],REGULATION,Unknown,,,,,제89조부터
제92조,[],REGULATION,준용,규정,준용한다,투자회사등,MANDATORY,제92조까지의 규정은 투자회사등에 준용한다. 이 경우
제87조,[],DEFINITION,집합투자업자,집합투자업자,정의한다,투자회사등,DEFINITIONAL,"제87조 중 “집합투자업자(투자신탁이나 투자익명조합의 집합투자업자에 한한다. 이하 이 조에서 같다 )는”은 “투자회사등(투자회사등이 의결권 행사를 집합투자업자에게 위탁한 경우에는 집합투 자업자를 말한다. 이하 이 조에서 같다)은”으로, “집합투자업자”는 각각 “투자회사등”으로 보 고,"
제89조제1항,[],DEFINITION,투자신탁이나 투자익명조합의 집합투자업자,투자신탁,정의,투자회사등,DEFINITIONAL,"제89조제1항 중 “투자신탁이나 투자익명조합의 집합투자업자는”은 “투자회사등은”으로 보며,"
제90조,[],,,,,,,
제92조,[],DEFINITION,집합투자업자,집합투자업자,보고,투자회사등은,DEFINITIONAL,"제92조 중 “집합투자업자(투자신탁이나 투자익명조합의 집합투자업자에 한 한다. 이하 이 조에서 같다)는” 및 “집합투자업자는”은 각각 “투자회사등은”으로 보고,"
제91조,[],DEFINITION,집합투자업자,집합투자업자,본다,투자회사 등,DEFINITIONAL,"제91조 중 “집합투자업자(투자신탁이나 투자익명조합의 집합투자업자에 한하며, 해당 집합투자증권 을 판매한 투자매매업자 및 투자중개업자를 포함한다. 이하 이 조에서 같다)는”은 “투자회사 등(해당 집합투자증권을 판매한 투자매매업자 및 투자중개업자를 포함한다. 이하 이 조에서 같다)은”으로, “집합투자업자”는 각각 “투자회사등”으로 본다.<개정 2009. 2. 3.>"
제187조,"[2, 1, 187, None]",REGULATION,자료의 기록·유지,투자회사등,기록·유지,자료,MANDATORY,제187조(자료의 기록ㆍ유지) ① 투자회사등은 투자회사등의 업무와 관련한 자료를 대통령령으 로 정하는 자료의 종류별로 대통령령으로 정하는 기간 동안 기록ㆍ유지하여야 한다. ② 투자회사등은 제1항에 따라 기록ㆍ유지하여야 하는 자료가 멸실되거나 위조 또는 변조되 지 아니하도록 적절한 대책을 수립ㆍ시행하여야 한다.
제188조,[],REGULATION,신탁계약 체결,집합투자업자,체결,신탁계약,MANDATORY,제188조(신탁계약의 체결 등) ① 투자신탁을 설정하고자 하는 집합투자업자는 다음 각 호의 사 항이 기재된 신탁계약서에 의하여 신탁업자와 신탁계약을 체결하여야 한다. <개정 2016. 3. 22.> 1. 집합투자업자 및 신탁업자의 상호 법제처 117 국가법령정보 센터 자본시장과 금융투자업에 관한 법률 2. 신탁원본의 가액 및
제189조,[],REGULATION,투자신탁 수익권,투자신탁,발행,수익권,MANDATORY,"제189조제1항 및 제3항에 따라 발행하는 투자신탁의 수익권(이하 “수익증권”이라 한다)의 총좌수에 관한 사항 3. 투자신탁재산의 운용 및 관리에 관한 사항 4. 이익분배 및 환매에 관한 사항 5. 집합투자업자ㆍ신탁업자 등이 받는 보수, 그 밖의 수수료의 계산방법과 지급시기ㆍ방법에 관한 사항. 다만, 집합투자업자가 기준가격 산정업무를 위탁하는 경우에는 그 수수료는 해 당 투자신탁재산에서 부담한다는 내용을 포함하여야 한다. 6. 수익자총회에 관한 사항 7. 공시 및 보고서에 관한 사항 8. 그 밖에 수익자 보호를 위하여 필요한 사항으로서 대통령령으로 정하는 사항 ② 투자신탁을 설정한 집합투자업자는 신탁계약을 변경하고자 하는 경우에는 신탁업자와 변 경계약을 체결하여야 한다. 이 경우 신탁계약 중 다음 각 호의 어느 하나에 해당하는 사항을 변경하는 경우에는 미리"
제190조제5항,[],REGULATION,수익자총회의 결의,수익자총회,결의,,MANDATORY,"제190조제5항 본문에 따른 수익자총회의 결의를 거쳐야 한다.<개정 2013. 5. 28.> 1. 집합투자업자ㆍ신탁업자 등이 받는 보수, 그 밖의 수수료의 인상 2. 신탁업자의 변경(합병ㆍ분할ㆍ분할합병, 그 밖에 대통령령으로 정하는 사유로 변경되는 경우를 제외한다) 3. 신탁계약기간의 변경(투자신탁을 설정할 당시에 그 기간변경이 신탁계약서에 명시되어 있 는 경우는 제외한다) 4. 그 밖에 수익자의 이익과 관련된 중요한 사항으로서 대통령령으로 정하는 사항 ③ 투자신탁을 설정한 집합투자업자는 제2항에 따라 신탁계약을 변경한 경우에는 인터넷 홈 페이지 등을 이용하여 공시하여야 하며, 제2항 후단에 따라 신탁계약을 변경한 경우에는 공시 외에 이를 수익자에게 통지하여야 한다. ④ 집합투자업자는 제1항에 따라 투자신탁을 설정하는 경우(그 투자신탁을 추가로 설정하는 경우를 포함한다) 신탁업자에게 해당 신탁계약에서 정한 신탁원본 전액을 금전으로 납입하여야 한다."
제189조,[],REGULATION,투자신탁 수익권,집합투자업자,발행한다,수익증권,MANDATORY,"제189조(투자신탁의 수익권 등) ① 투자신탁을 설정한 집합투자업자는 투자신탁의 수익권을 균 등하게 분할하여 수익증권을 발행한다. <개정 2016. 3. 22.> ② 수익자는 신탁원본의 상환 및 이익의 분배 등에 관하여 수익증권의 좌수에 따라 균등한 권리를 가진다. ③투자신탁을 설정한 집합투자업자는 신탁계약에서 정한 신탁원본 전액이 납입된 경우 신탁 업자의 확인을 받아 「주식ㆍ사채 등의 전자등록에 관한 법률」에 따른 전자등록의 방법으로 투자신탁의 수익권을 발행하여야 한다.<개정 2016. 3. 22.> ④ 수익증권은 무액면 기명식으로 한다. ⑤ 투자신탁을 설정한 집합투자업자는 제3항에 따른 수익증권을 발행하는 경우에는 다음 각 호의 사항이 「주식ㆍ사채 등의 전자등록에 관한 법률」에 따라 전자등록 또는 기록되도록 하 여야 한다. 이 경우 그 집합투자업자 및 그 투자신탁재산을 보관ㆍ관리하는 신탁업자의 대표 이사(집행임원 설치회사의 경우 대표집행임원을 말한다)로부터 대통령령으로 정하는 방법과 절차에 따라 확인을 받아야 한다.<개정 2013. 5. 28., 2016. 3. 22.> 법제처 118 국가법령정보 센터 자본시장과 금융투자업에 관한 법률 1. 집합투자업자 및 신탁업자의 상호 2. 수익자의 성명 또는 명칭 3. 신탁계약을 체결할 당시의 신탁원본의 가액 및 수익증권의 총좌수 4. 수익증권의 발행일 5. 삭제<2016. 3. 22.> ⑥ 투자신탁을 설정한 집합투자업자는 수익자명부의 작성에 관한 업무를 「주식ㆍ사채 등의 전자등록에 관한 법률」"
제2조제6호,[],REGULATION,수익자명부,전자등록기관,작성,수익자명부,MANDATORY,"제2조제6호에 따른 전자등록기관(이하 “전자등록기관”이라 한다)에 위탁하여야 한다.<개정 2016. 3. 22.> ⑦ 전자등록기관은 제6항에 따라 위탁을 받은 경우 다음 각 호의 사항을 기재한 수익자명부 를 작성ㆍ비치하여야 한다.<개정 2016. 3. 22.> 1. 수익자의 주소 및 성명 2. 수익자가 소유하는 수익증권의 좌수 3. 삭제<2016. 3. 22.> ⑧ 전자등록기관은 제7항 각 호에 관한 정보를 타인에게 제공해서는 아니 된다. 다만, 수익자 총회 개최를 위하여 집합투자업자에게 제공하는 경우, 그 밖에 대통령령으로 정하는 경우에 는 이를 제공할 수 있다.<개정 2016. 3. 22.> ⑨ 「상법」"
제337조,[],,,,,,,
제339조,[],,,,,,,
제340조,[],,,,,,,
제35조 제3항 후단,[],REGULATION,수익권 및 수익증권,제35조 제3항 후단,준용,수익권 및 수익증권,MANDATORY,"제35조 제3항 후단은 수익권 및 수익증권에 관하여 준용하며, 「상법」"
Unknown,[],REGULATION,Unknown,,,,,제353조 및
제354조,[],REGULATION,수익자 명부,,준용,수익자 명부,MANDATORY,제354조는 수익자 명부에 관하여 준용한다.
제190조,[],REGULATION,수익자총회,수익자총회,결의할 수 있다,법,PERMISSIVE,"제190조(수익자총회) ① 투자신탁에는 전체 수익자로 구성되는 수익자총회를 두며, 수익자총회 는 이 법 또는 신탁계약에서 정한 사항에 대하여만 결의할 수 있다. ② 수익자총회는 투자신탁을 설정한 집합투자업자가 소집한다. ③ 투자신탁을 설정한 집합투자업자는 투자신탁재산을 보관ㆍ관리하는 신탁업자 또는 발행 된 수익증권의 총좌수의 100분의 5 이상을 소유한 수익자가 수익자총회의 목적과 소집의 이 유를 기재한 서면을 제출하여 수익자총회의 소집을 그 집합투자업자에 요청하는 경우 1개월 이내에 수익자총회를 소집하여야 한다. 이 경우 집합투자업자가 정당한 사유 없이 수익자총 회를 소집하기 위한 절차를 거치지 아니하는 경우에는 그 신탁업자 또는 발행된 수익증권총 좌수의 100분의 5 이상을 소유한 수익자는 금융위원회의 승인을 받아 수익자총회를 개최할 수 있다.<개정 2008. 2. 29.> ④ 「상법」"
제363조,"[None, None, 363, None]",REGULATION,수익자총회 소집통지,제363조제1항 및 제2항,준용,수익자총회 소집통지,MANDATORY,"제363조제1항 및 제2항은 수익자총회의 소집통지에 관하여 준용한다. 이 경우 “주주”는 각각 “수익자”로, “주주명부”는 “수익자명부”로, “회사”는 “집합투자업자”로 본다. ⑤ 수익자총회는 출석한 수익자의 의결권의 과반수와 발행된 수익증권 총좌수의 4분의 1 이 상의 수로 결의한다. 다만, 이 법에서 정한 수익자총회의 결의사항 외에 신탁계약으로 정한 수익자총회의 결의사항에 대하여는 출석한 수익자의 의결권의 과반수와 발행된 수익증권의 총좌수의 5분의 1 이상의 수로 결의할 수 있다.<개정 2013. 5. 28.> ⑥ 수익자는 수익자총회에 출석하지 아니하고 서면에 의하여 의결권을 행사할 수 있다. 다만 , 다음 각 호의 요건을 모두 충족하는 경우에는 수익자총회에 출석한 수익자가 소유한 수익 증권의 총좌수의 결의내용에 영향을 미치지 아니하도록 의결권을 행사(이하 이 항에서 “간주 의결권행사”라 한다)한 것으로 본다.<개정 2013. 5. 28.> 법제처 119 국가법령정보 센터 자본시장과 금융투자업에 관한 법률 1. 수익자에게 대통령령으로 정하는 방법에 따라 의결권 행사에 관한 통지가 있었으나 의결 권이 행사되지 아니하였을 것 2. 간주의결권행사의 방법이 집합투자규약에 기재되어 있을 것 3. 수익자총회에서 의결권을 행사한 수익증권의 총좌수가 발행된 수익증권의 총좌수의 10분 의 1 이상일 것 4. 그 밖에 수익자를 보호하기 위하여 대통령령으로 정하는 방법 및 절차를 따를 것 ⑦ 투자신탁을 설정한 집합투자업자(제3항 후단에 따라 수익자총회를 소집하는 신탁업자 또 는 발행된 수익증권 총좌수의 100분의 5 이상을 소유한 수익자를 포함한다. 이하 이 항에서 같다)는 제5항에 따른 수익자총회의 결의가 이루어지지 아니한 경우 그 날부터 2주 이내에 연기된 수익자총회(이하 “연기수익자총회”라 한다)를 소집하여야 한다.<개정 2013. 5. 28.> ⑧ 연기수익자총회의 결의에 관하여는 제5항 및 제6항을 준용한다. 이 경우 “발행된 수익증 권 총좌수의 4분의 1 이상”은 “발행된 수익증권 총좌수의 8분의 1 이상”으로 보고, “수익증권 의 총좌수의 5분의 1 이상”은 “수익증권의 총좌수의 10분의 1 이상”으로 본다.<개정 2013. 5. 28.> ⑨ 수익자총회 및 연기수익자총회의 소집 방법, 서면에 의한 의결권 행사 방법, 그 밖에 수익 자총회에 관하여 필요한 사항은 대통령령으로 정한다. ⑩ 「상법」"
제364조,[],,,,,,,
제366조의2,[],,,,,,,제366조의2제2항ㆍ제3항
제367조,[],,,,,,,
제368조제3항ㆍ제4항,[],,,,,,,"제368조제3항ㆍ제4항,"
제368조의4,[],,,,,,,"제368조의4,"
제369조,[],,,,,,,"제369조제1항ㆍ제2항,"
제371조,[],,,,,,,
Unknown,[],REGULATION,Unknown,,,,,"제373조까지,"
제376조,[],,,,,,,
제377조,[],,,,,,,제377조 및
Unknown,[],REGULATION,Unknown,,,,,제379조부터
제 381조,[],REGULATION,수익자총회,수익자총회,준용한다,제 381조까지의 규정,MANDATORY,"제 381조까지의 규정은 수익자총회에 관하여 준용한다. 이 경우 “주주”는 각각 “수익자”로, “정 관”은 각각 “신탁계약”으로, “주식”은 “수익증권”으로, “회사”는 각각 “집합투자업자”로, “이사 회의 결의”는 각각 “집합투자업자의 결정”으로 본다.<개정 2013. 5. 28.>"
제191조,[],REGULATION,수익증권 매수 청구권,수익자,청구,수익증권,PERMISSIVE,제191조(반대수익자의 수익증권매수청구권) ① 투자신탁의 수익자는 다음 각 호의 어느 하나에 해당하는 경우 집합투자업자에게 수익증권의 수를 기재한 서면으로 자기가 소유하고 있는 수익증권의 매수를 청구할 수 있다. <개정 2013. 5. 28.> 1.
제188조제2항,[],REGULATION,신탁계약,신탁계약,변경,,,제188조제2항 각 호 외의 부분 후단에 따른 신탁계약의 변경 또는
제193조제2항,[],PROCEDURE,수익자 증권 매수 청구,수익자,매수를 청구,수익증권,,제193조제2항에 따른 투자신탁의 합병에 대한 수익자총회의 결의에 반대(수익자총회 전에 해당 집합투자업자에 게 서면으로 그 결의에 반대하는 의사를 통지한 경우로 한정한다)하는 수익자가 그 수익자 총회의 결의일부터 20일 이내에 수익증권의 매수를 청구하는 경우 2.
제193조제2항,"[None, None, 193, 2]",REGULATION,투자신탁 합병,집합투자업자,매수,수익증권,MANDATORY,"제193조제2항 각 호 외의 부분 단서에 따른 투자신탁의 합병에 반대하는 수익자가 대통령 령으로 정하는 방법에 따라 수익증권의 매수를 청구하는 경우 ② 투자신탁을 설정한 집합투자업자는 제1항에 따른 청구가 있는 경우 해당 수익자에게 수익증권의 매수에 따른 수수료, 그 밖의 비용을 부담시켜서는 아니 된다. ③ 투자신탁을 설정한 집합투자업자는 제1항에 따른 청구가 있는 경우에는 매수청구기간이 만료된 날부터 15일 이내에 그 투자신탁재산으로 대통령령으로 정하는 방법에 따라 그 수익 증권을 매수하여야 한다. 다만, 매수자금이 부족하여 매수에 응할 수 없는 경우에는 금융위 원회의 승인을 받아 수익증권의 매수를 연기할 수 있다.<개정 2008. 2. 29.> ④ 투자신탁을 설정한 집합투자업자는 제3항 본문에 따라 수익증권을 매수한 경우에는 지체 없이 그 수익증권을 소각(消却)하여야 한다. 법제처 120 국가법령정보 센터 자본시장과 금융투자업에 관한 법률"
제192조,[],REGULATION,투자신탁 해지,집합투자업자,해지,투자신탁,MANDATORY,"제192조(투자신탁의 해지) ① 투자신탁을 설정한 집합투자업자는 금융위원회의 승인을 받아 투 자신탁을 해지할 수 있다. 다만, 수익자의 이익을 해할 우려가 없는 경우로서 대통령령으로 정하는 경우에는 금융위원회의 승인을 받지 아니하고 투자신탁을 해지할 수 있으며, 이 경우 집합투자업자는 그 해지사실을 지체 없이 금융위원회에 보고하여야 한다. <개정 2008. 2. 29.> ② 투자신탁을 설정한 집합투자업자는 다음 각 호의 어느 하나에 해당하는 경우에는 지체 없 이 투자신탁을 해지하여야 한다. 이 경우 집합투자업자는 그 해지사실을 지체 없이 금융위원 회에 보고하여야 한다.<개정 2008. 2. 29., 2013. 5. 28., 2015. 7. 24., 2018. 3. 27., 2021. 4. 20.> 1. 신탁계약에서 정한 신탁계약기간의 종료 2. 수익자총회의 투자신탁 해지 결의 3. 투자신탁의 피흡수합병 4. 투자신탁의 등록 취소 5. 수익자의 총수가 1인이 되는 경우. 다만,"
제6조제6항,[],REGULATION,건전한 거래질서,대통령령으로 정하는 경우,제외한다,건전한 거래질서,PROHIBITIVE,제6조제6항에 따라 인정되거나 건전한 거래질서 를 해할 우려가 없는 경우로서 대통령령으로 정하는 경우는 제외한다. 6.
제249조의9제1항,"[249, 9, 1, None]",REGULATION,투자신탁 해지,집합투자업자,지급,자산,PERMISSIVE,"제249조의9제1항에 따라 투자신탁인 일반 사모집합투자기구의 해지 명령을 받은 경우 ③ 투자신탁을 설정한 집합투자업자는 제1항 또는 제2항(제3호를 제외한다)에 따라 투자신 탁을 해지하는 경우에는 신탁계약이 정하는 바에 따라 투자신탁재산에 속하는 자산을 해당 수익자에게 지급할 수 있다. ④ 제1항에 따라 해지 승인을 신청하는 경우 신청서의 기재사항 및 첨부서류, 제1항ㆍ제2항 에 따라 투자신탁이 해지되는 경우 미수금 및 미지급금 등의 처리방법, 그 밖에 투자신탁의 해지에 관하여 필요한 사항은 대통령령으로 정한다. ⑤ 투자신탁을 설정한 집합투자업자는 수익자의 환매청구에 응하는 등 대통령령으로 정하는 경우에는 투자신탁의 일부를 해지할 수 있다."
제193조,[],REGULATION,투자신탁 합병,집합투자업자,합병,투자신탁,MANDATORY,"제193조(투자신탁의 합병) ① 투자신탁을 설정한 집합투자업자는 그 집합투자업자가 운용하는 다른 투자신탁을 흡수하는 방법으로 투자신탁을 합병할 수 있다. ② 투자신탁을 설정한 집합투자업자는 제1항에 따라 투자신탁을 합병하고자 하는 경우 다음 각 호의 사항을 기재한 합병계획서를 작성하여 합병하는 각 투자신탁의 수익자총회의 결의 를 거쳐야 한다. 다만, 건전한 거래질서를 해할 우려가 적은 소규모 투자신탁의 합병 등 대통 령령으로 정하는 경우는 제외한다.<개정 2013. 5. 28.> 1. 투자신탁의 합병으로 인하여 존속하는 투자신탁의 증가하는 신탁원본의 가액 및 수익증 권의 좌수 2. 투자신탁의 합병으로 인하여 소멸하는 투자신탁의 수익자에게 발행하는 수익증권의 배정 에 관한 사항 3. 투자신탁의 합병으로 인하여 소멸하는 투자신탁의 수익자에게 현금을 지급하는 경우 그 내용 4. 합병하는 각 투자신탁의 수익자총회의 회일 5. 합병을 할 날 6. 투자신탁의 합병으로 인하여 존속하는 투자신탁의 신탁계약을 변경하는 경우 그 내용 7. 그 밖에 대통령령으로 정하는 사항 ③ 「상법」"
제527조의5,[],REGULATION,투자신탁 합병,집합투자업자,비치하다,서류,MANDATORY,"제527조의5제1항 및 제3항은 채권자가 있는 투자신탁이 합병하는 경우에 준용한 다. 이 경우 “회사”는 각각 “집합투자업자”로, “주주총회”는 “수익자총회”로 본다. 법제처 121 국가법령정보 센터 자본시장과 금융투자업에 관한 법률 ④ 투자신탁을 설정한 집합투자업자는 수익자총회일의 2주 전부터 합병 후 6개월이 경과하는 날까지 다음 각 호의 서류를 본점 및 투자매매업자 또는 투자중개업자의 영업소에 비치하여야 한다. 이 경우 그 투자신탁의 수익자 및 채권자는 영업시간 중 언제든지 그 서류를 열람 할 수 있으며, 그 서류의 등본 또는 초본의 교부를 청구할 수 있다. 1. 합병하는 각 투자신탁의 최종의 결산서류 2. 합병으로 인하여 소멸하는 투자신탁의 수익자에게 발행하는 수익증권의 배정에 관한 사 항 및 그 이유를 기재한 서면 3. 합병계획서 ⑤ 투자신탁을 설정한 집합투자업자는 제1항에 따라 투자신탁을 합병한 경우에는 그 사실을 지체 없이 금융위원회에 보고하여야 한다. 이 경우 합병되는 투자신탁의 수익증권이 증권시 장에 상장되어 있는 때에는 거래소에도 보고하여야 한다.<개정 2008. 2. 29.> ⑥ 투자신탁의 합병은 존속하는 투자신탁의 집합투자업자가 제5항에 따라 금융위원회에 보 고를 한 때에 그 효력이 발생한다. 이 경우 소멸하는 투자신탁은 해지된 것으로 본다.<개정 2008. 2. 29.> ⑦ 합병 후 존속하는 투자신탁은 합병으로 인하여 소멸된 투자신탁의 권리ㆍ의무를 승계한 다. ⑧ 수익증권의 합병가액 산정방식, 수익자총회 승인사항의 수익자 통지, 그 밖에 투자신탁의 합병에 관하여 필요한 사항은 대통령령으로 정한다. 제2절 회사 형태의 집합투자기구 제1관 투자회사"
제194조,[],CONCEPT,금융회사의 지배구조에 관한 법률,,,,,제194조(투자회사의 설립 등) ① 「금융회사의 지배구조에 관한 법률」
제5조,[],ACTOR,발기인,발기인,되다,투자회사의 발기인,PROHIBITIVE,"제5조에 적합하지 아니한 자는 투자회사의 발기인이 될 수 없다. <개정 2013. 5. 28., 2015. 7. 31.> ② 발기인은 투자회사를 설립하는 경우 다음 각 호의 사항을 기재한 정관을 작성하여 발기인 전원이 기명날인 또는 서명하여야 한다.<개정 2009. 2. 3.> 1. 목적 2. 상호 3. 발행할 주식의 총수 4. 설립시에 발행하는 주식의 총수 및 발행가액 5. 회사의 소재지 6. 투자회사재산의 운용 및 관리에 관한 사항 7. 그 투자회사가 유지하여야 하는 순자산액(자산에서 부채를 뺀 금액을 말한다)의 최저액(이 하 “최저순자산액”이라 한다) 8. 이익분배 및 환매에 관한 사항 9. 공시 및 보고서에 관한 사항 10. 공고방법 11. 그 밖에 주주를 보호하기 위하여 필요한 사항으로서 대통령령으로 정하는 사항 ③ 투자회사 설립시의 자본금은 주식 발행가액의 총액으로 한다. 법제처 122 국가법령정보 센터 자본시장과 금융투자업에 관한 법률 ④ 투자회사가 설립시에 발행하는 주식의 총수는 그 상한과 하한을 두는 방법으로 정할 수 있다. ⑤ 삭제<2015. 7. 24.> ⑥ 투자회사의 발기인은 투자회사의 설립시에 발행하는 주식의 총수를 인수(「상법」"
제 293조,[],REGULATION,인수,발기인,납입,인수가액,MANDATORY,"제 293조에 따른 인수를 말한다. 이하 이 장에서 같다)하여야 한다. ⑦ 제6항에 따라 주식을 인수한 발기인은 지체 없이 주식의 인수가액을 금전으로 납입하여 야 한다. ⑧ 발기인은 투자회사 설립시에 발행하는 주식의 인수가액의 납입이 완료된 경우에는 지체 없이 의결권 과반수의 찬성으로 이사를 선임하여야 하며, 선임된 이사는 투자회사의 설립에 관하여 법령이나 투자회사의 정관을 위반한 사항이 있는지를 조사하여 그 결과를 이사회에 보고하여야 한다. ⑨ 이사는 제8항에 따른 조사결과 법령 또는 투자회사의 정관을 위반한 사항을 발견한 경우 에는 지체 없이 이를 발기인에게 보고하여야 한다. ⑩ 투자회사의 발기인은 다음 각 호의 사항을 제8항에 따른 보고를 종료한 날부터 2주 이내 에 대통령령으로 정하는 서류를 첨부하여 설립등기를 하여야 한다. 1. 제2항제1호부터 제3호까지의 사항 및 같은 항 제5호ㆍ제7호ㆍ제10호의 사항 2. 정관으로 투자회사의 존속기간 또는 해산사유를 정한 경우 그 내용 3. 이사의 성명ㆍ주민등록번호(법인인 경우에는 상호ㆍ사업자등록번호) ⑪ 투자회사의 발기인은 투자회사재산을 선박에 투자하는 투자회사를 설립하여서는 아니 되 며, 투자회사는 설립 후에도 투자회사재산을 선박에 투자하는 투자회사에 해당하도록 그 투 자회사의 정관을 변경하여서는 아니 된다.<개정 2016. 3. 29.>"
제195조,[],REGULATION,정관 변경,투자회사,변경할 수 있다,정관,PERMISSIVE,"제195조(정관의 변경 등) ① 투자회사는 이사회 결의로 정관을 변경할 수 있다. 다만, 정관의 내 용 중 다음 각 호의 어느 하나에 해당하는 사항을 변경하고자 하는 경우에는"
제201조제2항,[],REGULATION,주주총회 결의,투자회사,결의,정관,MANDATORY,"제201조제2항 본문에 따른 주주총회의 결의를 거쳐야 한다. <개정 2013. 5. 28.> 1. 집합투자업자ㆍ신탁업자 등이 받는 보수, 그 밖의 수수료의 인상 2. 집합투자업자 또는 신탁업자의 변경 3. 정관으로 투자회사의 존속기간 또는 해산사유를 정한 경우 존속기간 또는 해산사유의 변 경 4. 그 밖에 주주의 이익과 관련된 중요한 사항으로서 대통령령으로 정하는 사항 ② 투자회사는 제1항에 불구하고 합병ㆍ분할ㆍ분할합병, 그 밖에 대통령령으로 정하는 사유 로 집합투자업자 또는 신탁업자가 변경된 경우에는 이사회 결의 및 주주총회의 결의 없이 정 관을 변경할 수 있다. ③ 투자회사는 제1항 또는 제2항에 따라 정관을 변경한 경우에는 인터넷 홈페이지 등을 이 용하여 공시하여야 하며, 제1항 단서에 따라 정관을 변경한 경우에는 공시 외에 이를 주주에 게 통지하여야 한다."
제196조,[],REGULATION,주식,투자회사,발행,주식,MANDATORY,"제196조(투자회사의 주식) ① 투자회사의 주식은 무액면 기명식으로 한다. ② 투자회사는 회사 성립일 또는 신주(新株)의 납입기일에 지체 없이 「주식ㆍ사채 등의 전자 등록에 관한 법률」에 따른 전자등록의 방법으로 주식을 발행하여야 한다.<개정 2016. 3. 22.> 법제처 123 국가법령정보 센터 자본시장과 금융투자업에 관한 법률 ③ 투자회사가 그 성립 후에 신주를 발행하는 경우 신주의 수, 발행가액 및 납입기일은 이사 회가 결정한다. 다만, 정관에서 달리 정하고 있는 경우에는 그에 따른다. ④ 주주의 청구가 있는 경우 그 주주의 주식을 매수할 수 있는 투자회사(이하 이 조에서 “개 방형투자회사”라 한다)가 그 성립 후에 신주를 발행하는 경우 이사회는 다음 각 호의 사항을 결정할 수 있다. 이 경우 개방형투자회사는 제3호의 방법에 따라 확정된 매일의 발행가액을 그 투자회사의 주식을 판매하는 투자매매업자 또는 투자중개업자의 지점, 그 밖의 영업소에 게시하고, 인터넷 홈페이지 등을 이용하여 공시하여야 한다. 1. 신주의 발행기간 2. 제1호의 발행기간 이내에 발행하는 신주수의 상한 3. 제1호의 발행기간 동안 매일의 발행가액 및 주금납입기일을 정하는 방법 ⑤ 투자회사는 그 성립 후에 신주를 발행하는 경우 같은 날에 발행하는 신주의 발행가액, 그 밖의 발행조건은 균등하게 정하여야 한다. 이 경우 신주의 발행가액은 그 투자회사가 소유하 는 자산의 순자산액에 기초하여 대통령령으로 정하는 방법에 따라 산정한다. ⑥"
제194조제7항,"[194, 7]",REGULATION,주식인수인,주식인수인,가진다,주주 의 권리ㆍ의무,,제194조제7항은 신주를 발행하는 경우의 주식인수인에게 준용한다. ⑦ 주식인수인은 투자회사가 그 성립 후에 신주를 발행하는 경우 주금의 납입과 동시에 주주 의 권리ㆍ의무를 가진다.
제197조,"[0, 0, 197, 0]",REGULATION,이사 선임,투자회사,선임,이사,MANDATORY,제197조(이사의 구분 등) ① 투자회사의 이사는 집합투자업자인 이사(이하 이 관에서 “법인이사 ”라 한다)와 감독이사로 구분한다. ② 투자회사는 법인이사 1인과 감독이사 2인 이상을 선임하여야 한다.
제198조,"[None, None, 198, None]",REGULATION,법인이사,법인이사,대표하고 집행한다,투자회사의 업무,MANDATORY,제198조(법인이사) ① 법인이사는 투자회사를 대표하고 투자회사의 업무를 집행한다. ② 법인이사는 다음 각 호의 어느 하나에 해당하는 업무를 집행하고자 하는 경우에는 이사회 결의를 거쳐야 한다. 1. 집합투자업자ㆍ신탁업자ㆍ투자매매업자ㆍ투자중개업자 및 일반사무관리회사와의 업무위탁계약(변경계약을 포함한다)의 체결 2. 자산의 운용 또는 보관 등에 따르는 보수의 지급 3. 금전의 분배 및 주식의 배당에 관한 사항 4. 그 밖에 투자회사의 운영상 중요하다고 인정되는 사항으로서 정관이 정하는 사항 ③ 법인이사는 3개월마다 1회 이상 그 업무의 집행상황 및 자산의 운용 내용을 이사회에 보 고하여야 한다. ④ 법인이사는 법인이사의 직무를 정하여 그 직무를 수행할 자를 그 임직원 중에서 선임할 수 있다. 이 경우 집합투자업자는 이를 투자회사에 서면으로 통보하여야 한다. ⑤ 제4항에 의하여 투자회사에 통보된 자가 그 직무 범위에서 행한 행위는 법인이사의 행위 로 본다.
제199조,[],REGULATION,감독이사,감독이사,감독,법인이사의 업무집행,MANDATORY,"제199조(감독이사) ① 감독이사는 법인이사의 업무집행을 감독하며, 투자회사의 업무 및 재산 상황을 파악하기 위하여 필요한 경우에는 법인이사와 그 투자회사재산을 보관ㆍ관리하는 신 탁업자, 그 투자회사의 주식을 판매하는 투자매매업자ㆍ투자중개업자 또는 그 투자회사로부 터"
제184조제6항,[],REGULATION,보고 요구,감독이사,요구,보고,PERMISSIVE,제184조제6항의 업무를 위탁받은 일반사무관리회사에 대하여 그 투자회사와 관련되는 업 무 및 재산상황에 관한 보고를 요구할 수 있다. 법제처 124 국가법령정보 센터 자본시장과 금융투자업에 관한 법률 ② 감독이사는 그 직무를 수행함에 있어서 필요하다고 인정되는 경우에는
제240조제3항,"[None, None, 240, 3]",PROCEDURE,회계감사에 관한 보고,회계감사인,요구할 수 있다,보고,PERMISSIVE,"제240조제3항에 따른 회계감사인에 대하여 회계감사에 관한 보고를 요구할 수 있다. ③ 제1항 또는 제2항에 따라 감독이사의 요구를 받은 자는 특별한 사유가 없는 한 이에 응하 여야 한다. ④ 다음 각 호의 어느 하나에 해당하는 자는 감독이사가 될 수 없으며, 감독이사가 된 후 이 에 해당하게 된 경우에는 그 직을 상실한다.<개정 2013. 5. 28., 2015. 7. 31.> 1. 「금융회사의 지배구조에 관한 법률」"
제5조,[],ACTOR,발기인,해당 투자회사,,,,제5조에 적합하지 아니한 자 2. 해당 투자회사의 발기인(
제194조제8항,"[194, 8, None, None]",REGULATION,감독이사 선임 제한,감독이사,선임,투자회사,PROHIBITIVE,제194조제8항에 따라 최초로 투자회사의 감독이사를 선임하는 경우에 한한다) 3. 투자회사의 대주주 및 그 특수관계인 4. 법인이사의 특수관계인 또는 법인이사로부터 계속적으로 보수를 지급받고 있는 자 5. 그 투자회사의 주식을 판매하는 투자매매업자 또는 투자중개업자의 특수관계인 6. 그 투자회사의 이사가 다른 법인의 이사로 있는 경우 그 법인의 상근 임직원인 자 7. 그 밖에 감독이사로서의 중립성을 해할 우려가 있는 자로서 대통령령으로 정하는 자 ⑤
제54조,[],REGULATION,준용,감독이사,준용,제54조,MANDATORY,제54조는 감독이사에게 준용한다.
제200조(이사회),[],REGULATION,이사회 소집,이사회,소집,이사,MANDATORY,"제200조(이사회) ① 이사회는 각 이사가 소집한다. ② 이사는 이사회를 소집하고자 하는 경우에는 그 회의일 3일 전까지 각 이사에게 소집을 통지하여야 한다. 다만, 정관이 정하는 바에 따라 통지기간을 단축할 수 있다. ③ 이사회는 이 법과 정관이 정하는 사항에 대하여만 결의한다. ④ 이사회는 이사가 결원된 경우 이사를 선임하기 위한 주주총회를 즉시 소집하여야 한다. ⑤ 이사회 결의는 이사 과반수의 출석과 출석한 이사 과반수의 찬성으로 한다."
제201조(주주총회),[],REGULATION,주주총회,주주총회,결의한다,의결권,MANDATORY,"제201조(주주총회) ① 투자회사의 주주총회는 이사회가 소집한다. ② 주주총회는 출석한 주주의 의결권의 과반수와 발행주식총수의 4분의 1 이상의 수로 결의 한다. 다만, 이 법에서 정한 주주총회의 결의사항 외에 집합투자규약으로 정한 주주총회의 결의사항에 대하여는 출석한 주주의 의결권의 과반수와 발행주식총수의 5분의 1 이상의 수 로 결의할 수 있다.<개정 2013. 5. 28.> ③"
제190조제1항ㆍ제3항 및 제6항부터 제9항까지,[],REGULATION,주주총회,규정,준용,주주총회,MANDATORY,"제190조제1항ㆍ제3항 및 제6항부터 제9항까지의 규정은 투자회사의 주주총회에 관하여 준용한다. 이 경우 “투자신탁”은 “투자회사”로, “신탁계약”은 “정관”으로, “투자신탁을 설정한 집합투자업자”및 “집합투자업자”는 각각 “투자회사의 이사회”로, “투자신탁재산”은 “투자회 사재산”으로, “수익증권”은 각각 “주식”으로, “총좌수”는 각각 “총수”로, “수익자”는 각각 “주 주”로, “수익자총회”는 각각 “주주총회”로, “좌수”는 각각 “수”로, 같은 조 제8항 중 “제5항”은 “제2항”으로 본다.<개정 2013. 5. 28.> ④"
제191조,[],,투자회사,투자회사,,,,제191조는 투자회사가
제195조제1항,"[None, None, 195, 1]",REGULATION,정관의 변경,,변경,정관,MANDATORY,제195조제1항 단서에 따른 정관의 변경 또는
제204조제2항,[],DEFINITION,용어 정의,용어,정의,정관,DEFINITIONAL,"제204조제2항에 따 른 합병에 반대하는 주주에게 준용한다. 이 경우 “신탁계약”은 “정관”으로, “투자신탁”, “집합 투자업자” 및 “투자신탁을 설정한 집합투자업자”는 각각 “투자회사”로, “수익자총회”는 각각 “주주총회”로, “수익자”는 각각 “주주”로, “수익증권”은 각각 “주식”으로, “투자신탁재산”은 “투자회사재산”으로 본다.<개정 2013. 5. 28.>"
Unknown,[],REGULATION,Unknown,,,,,"제202조(해산) ① 투자회사는 다음 각 호의 어느 하나에 해당하는 사유로 해산한다. 이 경우 청 산인은 해산일부터 30일 이내에 해산의 사유 및 연월일, 청산인 및 청산감독인의 성명ㆍ주민 법제처 125 국가법령정보 센터 자본시장과 금융투자업에 관한 법률 등록번호(청산인이 법인이사인 경우에는 상호ㆍ사업자등록번호)를 금융위원회에 보고하여야 한다. <개정 2008. 2. 29., 2013. 5. 28.> 1. 정관에서 정한 존속기간의 만료, 그 밖의 해산사유의 발생 2. 주주총회의 해산 결의 3. 투자회사의 피흡수합병 4. 투자회사의 파산 5. 법원의 명령 또는 판결 6. 투자회사 등록의 취소 7. 주주(법인이사인 주주는 제외한다)의 총수가 1인이 되는 경우. 다만, 건전한 거래질서를 해 할 우려가 없는 경우로서 대통령령으로 정하는 경우는 제외한다. ② 투자회사는 해산한 경우 법인이사가 청산인이 되는 때에는 해산일부터 2주 이내에, 청산 인이 선임된 때에는 그 선임일부터 2주 이내에 대통령령으로 정하는 서류를 첨부하여 다음 각 호의 사항을 등기하여야 한다. 1. 청산인의 성명ㆍ주민등록번호(청산인이 법인이사인 경우에는 상호ㆍ사업자등록번호) 2. 청산인 중에서 대표청산인을 정하도록 하거나 2인 이상의 청산인이 공동으로 투자회사를 대표할 것을 정한 경우에는 그 내용 ③ 투자회사는 해산한 경우 감독이사가 청산감독인이 되는 때에는 해산일부터 2주 이내에, 청산감독인이 선임된 때에는 선임일부터 2주 이내에 대통령령으로 정하는 서류를 첨부하여 청산감독인의 성명 및 주민등록번호를 등기하여야 한다. ④ 투자회사가 해산한 경우(제1항제3호 및 제4호의 사유로 해산한 경우를 제외한다)에는 청 산인 및 청산감독인으로 구성되는 청산인회를 둔다. ⑤ 투자회사가 제1항제1호ㆍ제2호 또는 제7호의 사유로 해산한 때에는 정관 또는 주주총회 에서 달리 정한 경우 외에는 법인이사 및 감독이사가 각각 청산인 및 청산감독인이 된다.<개 정 2013. 5. 28.> ⑥ 투자회사가 다음 각 호의 어느 하나에 해당하는 경우에는 금융위원회가 이해관계인의 청 구에 의하여 청산인 및 청산감독인을 선임한다.<개정 2008. 2. 29.> 1. 제1항제5호의 사유로 해산한 경우 2. 청산인 또는 청산감독인이 없는 경우 3. 「상법」"
제193조제1항에 따라 청산하는 경우,[],REGULATION,청산인 선임,금융위원회,선임한다,청산인,MANDATORY,제193조제1항에 따라 청산하는 경우 ⑦ 투자회사가 제1항제6호의 사유로 해산한 경우에는 금융위원회가 직권으로 청산인 및 청산감독인을 선임한다.<개정 2008. 2. 29.> ⑧ 금융위원회는 청산인 또는 청산감독인이 업무를 집행함에 있어서 현저하게 부적합하거나 중대한 법령 위반사항이 있는 경우에는 직권으로 또는 이해관계인의 청구에 의하여 이들을 해임할 수 있다. 이 경우 금융위원회는 직권으로 새로운 청산인 또는 청산감독인을 선임할 수 있다.<개정 2008. 2. 29.> ⑨ 금융위원회는 다음 각 호의 어느 하나에 해당하는 경우에는 등기원인을 증명하는 서면을 첨부하여 투자회사의 소재지를 관할하는 등기소에 해당 등기를 촉탁하여야 한다.<개정 2008. 2. 29.> 1. 제1항제6호의 사유로 투자회사가 해산한 경우 2. 금융위원회가 직권으로 청산인 또는 청산감독인을 해임한 경우 법제처 126 국가법령정보 센터 자본시장과 금융투자업에 관한 법률
제203조,[],REGULATION,청산,청산인,작성,재산목록과 재무상태표,MANDATORY,"제203조(청산) ① 청산인은 취임 후 지체 없이 투자회사의 재산상황을 조사하여 총리령으로 정 하는 기간 이내에 재산목록과 재무상태표를 작성하여 이를 청산인회에 제출하여 승인을 받아 야 하며, 그 등본을 지체 없이 금융위원회에 제출하여야 한다. <개정 2008. 2. 29., 2021. 4. 20.> ② 청산감독인은 청산인이 업무수행과 관련하여 법령이나 정관을 위반하거나, 그 밖에 투자 회사에 대하여 현저하게 손해를 끼칠 우려가 있는 사실을 발견한 경우에는 금융위원회에 이 를 보고하여야 한다.<개정 2008. 2. 29.> ③ 청산인은 취임한 날부터 1개월 이내에 투자회사의 채권자에 대하여 일정 기간 이내에 그 채권을 신고할 것과 그 기간 이내에 신고하지 아니하면 청산에서 제외된다는 뜻을 2회 이상 공고함으로써 최고하여야 한다. 이 경우 그 신고기간은 1개월 이상으로 하여야 한다. ④ 청산인은 자금차입ㆍ채무보증 또는 담보제공이 제한되는 투자회사의 경우 제3항에 불구 하고 대통령령으로 정하는 방법에 따라 채권자에 대한 최고절차를 생략할 수 있다. 다만, 장 내파생상품 매매에 따른 계약이행책임이 있는 경우 등 대통령령으로 정하는 경우에는 그 절 차를 생략하여서는 아니 된다. ⑤ 청산인은 청산사무가 종결된 경우에는 지체 없이 결산보고서를 작성하여 주주총회의 승 인을 받아야 한다. 이 경우 그 결산보고서를 공고하고, 이를 금융위원회 및 협회에 제출하여 야 한다.<개정 2008. 2. 29.> ⑥ 청산인 또는 청산감독인은"
제202조,[202],REGULATION,보수 지급,청산인,비치,재산목록,MANDATORY,"제202조제5항에 따른 경우에는 정관 또는 주주총회가 정하는 바에 따라, 같은 조 제6항 및 제7항에 따라 선임된 경우에는 금융위원회가 정하는 바에 따라 투자회사로부터 보수를 지급받을 수 있다.<개정 2008. 2. 29.> ⑦ 청산인은 제1항에 따라 승인을 얻은 재산목록과 재무상태표를 청산종결시까지 투자회사 에 비치하여야 하며, 이를 집합투자업자 및 투자매매업자ㆍ투자중개업자에게 송부하여 그 영업소에 비치하도록 하여야 한다.<개정 2021. 4. 20.>"
제204조,[],REGULATION,합병,투자회사,합병할 수 없다,다른 회사,PROHIBITIVE,제204조(합병) ① 투자회사는 그 투자회사와 법인이사가 같은 다른 투자회사를 흡수하는 방법 으로 합병하는 경우가 아니면 다른 회사와 합병할 수 없다. ② 투자회사는 제1항에 따라 합병하고자 하는 경우에는
제201조제2항,[],REGULATION,주주총 회의 결의,주주총 회의 결의,거치다,,MANDATORY,"제201조제2항 단서에 따른 주주총 회의 결의를 거쳐야 한다. 다만, 건전한 거래질서를 해할 우려가 적은 소규모 투자회사의 합 병 등 대통령령으로 정하는 경우는 제외한다.<개정 2013. 5. 28.> ③"
제193조제4항ㆍ제5항 및 제8항,[],DEFINITION,투자회사,투자신탁,본다,투자회사,DEFINITIONAL,"제193조제4항ㆍ제5항 및 제8항은 투자회사의 합병에 관하여 준용한다. 이 경우 “투자신탁을 설정한 집합투자업자”, “투자신탁” 및 “투자신탁의 집합투자업자”는 각각 “투자회사”로, “수익자총회”는 각각 “주주총회”로, “수익자”는 각각 “주주”로, “수익증권”은 각각 “주식”으로 본다."
제205조,[],REGULATION,투자회사의 특례,투자회사,적용하지 않는다,투자회사,PROHIBITIVE,제205조(투자회사의 특례) ① 제3편제3장은 투자회사에는 적용하지 아니한다. ② 투자회사의 주주에 관하여는 「금융회사의 지배구조에 관한 법률」
제33조,[],REGULATION,제33조 준용,금융회사,보고,투자회사,MANDATORY,"제33조를 준용한다. 이 경우 “금융회사”는 “투자회사”로 보고, 같은 조 제1항 중 “1만분의 10”은 “1천분의 10”으로, 같은 조 제2항 전단 중 “1만분의 150”은 “1천분의 30”으로, “1만분의 75”는 “1천분의 15”으로 보고, 같은 조 제3항 중 “10만분의 250”은 “1만분의 50”으로, “10만분의 125”는 “1만분의 25”로 보며, 같은 조 제4항 중 “100만분의 250”은 “10만분의 50”으로, “100만분의 125”는 “10만분의 25”로 보고, 같은 조 제5항 중 “10만분의 1”은 “1만분의 1”로 보며, 같은 조 제6항 중 “10만분의 50”은 “1만분의 10”으로, “10만분의 25”는 “1만분의 5”로 본다.<개정 2015. 7. 31.> 법제처 127 국가법령정보 센터 자본시장과 금융투자업에 관한 법률"
제206조,[],REGULATION,상법 적용,투자회사,적용,상법,MANDATORY,제206조(「상법」과의 관계) ① 투자회사에 「상법」을 적용함에 있어서 「상법」
제259조제4항,[],,,,,,,
제298조제4항,[],,,,,,,"제 298조제4항,"
제299조,[],,,,,,,"제299조,"
제299조의2,"[None, None, 299, 2]",,,,,,,"제299조의2,"
Unknown,[],REGULATION,Unknown,,,,,"제300조,"
제325조,[],,,,,,,"제325조,"
제422조,[],,,,,,,
제467조제1항부터 제3항까지,[],,,,,,,
제536조,[],,,,,,,
제539조,[],,,,,,,
제541조,[],DEFINITION,법원,법원,정의,금융위원회,DEFINITIONAL,"제541조 중 “법원”은 각각 “금융위원회”로,"
제176조,[],DEFINITION,검사,검사,본다,금융위원회,DEFINITIONAL,제176조 중 “검사”는 각각 “금융위원회”로 본다.
Unknown,[],REGULATION,Unknown,,,,,"제19조,"
제177조,[],,,,,,,"제177조,"
제288조,[],,,,,,,"제288조,"
제292조,[],,,,,,,"제292조,"
제298조,[],,,,,,,
제301조,[],,,,,,,
제313조,[],,,,,,,
제330조,[],,,,,,,제330조
제335조제1항,"[None, None, 335, 1]",CONCEPT,단서,,,,,"단서,"
제335조의2,[],,,,,,,
제335조의7,[],,,,,,,
제341조,[],,,,,,,
Unknown,[],REGULATION,Unknown,,,,,"제 341조의2,"
제341조의3,[],,,,,,,"제341조의3,"
제342조,[],,,,,,,
제342조의2,[],,,,,,,
제342조의3,[],,,,,,,"제342조의3,"
제343조,[],,,,,,,
제344조,[],,,,,,,
제344조의2,[],,,,,,,
제344조의3,[],,,,,,,"제344조의3,"
제345조,[],,,,,,,제345조부터
Unknown,[],REGULATION,Unknown,,,,,"제351조까지,"
제365조,[],,,,,,,
Unknown,[],REGULATION,Unknown,,,,,"제374조의2,"
제383조,[],,,,,,,
제389조제1항,[],,,,,,,"제389조제1항,"
제 397조,[],,,,,,,"제 397조,"
제408조의2,[],,,,,,,제408조의2부터
Unknown,[],REGULATION,Unknown,,,,,"제408조의9까지,"
제409조,[],,,,,,,
제409조의2,[],,,,,,,
제410조,[],,,,,,,
Unknown,[],REGULATION,Unknown,,,,,"제412조까지,"
제412조의2,[],,,,,,,제412조의2부터
제412조의5,[],,,,,,,
제413조,[],,,,,,,
제413조의2,[],,,,,,,"제413조의2,"
제414조,[],,,,,,,"제414조,"
제415조,[],,,,,,,
제415조의2,[],,,,,,,제415조의2
제 417조,[],,,,,,,
제420조까지,[],,,,,,,
Unknown,[],REGULATION,Unknown,,,,,제420조의2부터
제420조의5,[],,,,,,,제420조의5까지
제438조,[],,,,,,,
제439조,[],,,,,,,
제449조,[],,,,,,,
제 449조의2,[],,,,,,,
제450조,[],,,,,,,"제450조,"
제458조,[],,,,,,,
제461조,[],,,,,,,
제461조의2,[],,,,,,,제461조의2 및
제604조,[],REGULATION,투자회사,제604조,적용,투자회사,PROHIBITIVE,제604조는 투자회사에 적용 하지 아니한다.
제207조,[],REGULATION,정관 작성,집합투자업자,작성,정관,MANDATORY,제207조(투자유한회사의 설립 등) ① 집합투자업자는 투자유한회사를 설립하는 경우 다음 각 호의 사항을 기재한 정관을 작성하여 기명날인 또는 서명하여야 한다. 1. 목적 2. 상호 3.
제209조제2항,"[209, None, None, None]",REGULATION,출자금 납입,집합투자업자,납입,출자금,MANDATORY,집합투자업자는 정관을 작성한 후 투자유한회사 설립시에 출자금을 금전으로 납입하여야 한다.
제182조,[],REGULATION,사원 가입,집합투자업자 외의 자,가입,사원,PROHIBITIVE,제182조에 따라 등록하기 전에는 집합투자업자 외의 자를 사원으로 가입 시켜서는 아니 된다.
Unknown,[],REGULATION,Unknown,,,,,"제208조(지분증권) ① 투자유한회사의 사원은 출자금액의 반환 및 이익의 분배 등에 관하여 지 분증권의 수에 따라 균등한 권리를 가진다. ② 투자유한회사의 지분증권에는 다음 각 호의 사항을 기재하고,"
제209조제1항,[],ACTOR,기명날인,법인 이사,서명,,MANDATORY,제209조제1항에 따른 법인 이사가 기명날인 또는 서명하여야 한다. 법제처 128 국가법령정보 센터 자본시장과 금융투자업에 관한 법률 1. 회사의 상호 2. 회사의 성립연월일 3. 지분증권의 발행일 4. 사원의 성명(법인인 경우에는 상호) 5. 그 밖에 투자유한회사 사원의 보호에 필요한 사항으로서 대통령령으로 정하는 사항 ③
제196조,[],DEFINITION,지분증권,주식,본다,지분증권,DEFINITIONAL,"제196조(제2항은 제외한다)는 투자유한회사의 지분증권에 관하여 준용한다. 이 경우 “투자회사”는 각각 “투자유한회사”로, “주식”은 각각 “지분증권”으로, “신주”는 각각 “새 지분증권”으로, “이사회”는 각각 “법인이사”로, “주주”는 각각 “사원”으로, “주금”은 각각 “지분증권 대금”으로 본다.<개정 2013. 5. 28.>"
제209조,[],REGULATION,법인이사,투자유한회사,둔다,이사,MANDATORY,제209조(법인이사) ① 투자유한회사에는 집합투자업자인 이사(이하 이 관에서 “법인이사”라 한 다) 1인을 둔다. ②
제198조,[],REGULATION,투자유한회사,법인이사,준용,제198조,MANDATORY,제198조제1항ㆍ제4항 및 제5항은 투자유한회사의 법인이사에게 준용한다. 이 경우 “투자 회사”는 각각 “투자유한회사”로 본다.
제210조(사원총회),[],REGULATION,사원총회,사원총회,결의,의결권,MANDATORY,"제210조(사원총회) ① 투자유한회사의 사원총회는 법인이사가 소집한다. ② 투자유한회사의 사원총회는 출석한 사원의 의결권의 과반수와 발행된 지분증권 총수의 4분의 1 이상의 수로 결의한다. 다만, 이 법에서 정한 사원총회의 결의사항 외에 정관으로 정 한 사원총회의 결의사항에 대하여는 출석한 사원의 의결권의 과반수와 발행된 지분증권총수 의 5분의 1 이상의 수로 결의할 수 있다.<개정 2013. 5. 28.> ③"
제190조,[],REGULATION,투자유한회사의 사원 총회 준용,투자유한회사의 사원 총회,준용한다,제190조 규정,MANDATORY,"제190조제1항ㆍ제3항ㆍ제4항 및 제6항부터 제10항까지의 규정은 투자유한회사의 사원 총회에 관하여 준용한다. 이 경우 “투자신탁을 설정한 집합투자업자” 및 “집합투자업자”는 각 각 “투자유한회사의 법인이사”로, “투자신탁재산”은 “투자유한회사재산”으로, “수익증권”은 각각 “지분증권”으로, “총좌수”는 각각 “총수”로, “수익자”는 각각 “사원”으로, “수익자총회”는 각각 “사원총회”로, “수익자명부”는 “사원명부”로, “좌수”는 각각 “수”로 보고, 같은 조 제8항 중 “제5항”은 “제2항”으로 본다.<개정 2013. 5. 28.>"
제211조,[],DEFINITION,준용규정,,,,DEFINITIONAL,제211조(준용규정) ①
제195조,[],REGULATION,정관변경,,준용한다,투자유한회사의 정관변경,MANDATORY,"제195조는 투자유한회사의 정관변경에 관하여 준용한다. 이 경우 “투자 회사”는 각각 “투자유한회사”로, 같은 조 제1항 중 “이사회 결의로”는 “법인이사가”로, “"
제 201조제2항,[],,,,,,,제 201조제2항 단서”는 “
Unknown,[],REGULATION,Unknown,,,,,"제210조제2항 단서”로, 같은 조 제1항 중 “주주총회의 결의” 및 같은 조 제2항 중 “이사회 결의 및 주주총회의 결의”는 각각 “사원총회의 결의”로, “주주”는 각각 “사 원”으로 본다. ②"
제202조,[],REGULATION,제3항 및 제4항 제외,,제외,제3항 및 제4항,MANDATORY,제202조(제3항 및 제4항을 제외한다)
제203조,[],REGULATION,제2항 제외,,제외한다,제2항,MANDATORY,제203조(제2항을 제외한다) 및
제204조,[],REGULATION,준용,투자유한 회사,준용,해산ㆍ청산 및 합병,MANDATORY,"제204조는 투자유한 회사의 해산ㆍ청산 및 합병에 관하여 준용한다. 이 경우 “주주”는 “사원(법인이사인 사원은 제외한다)”으로, “투자회사”는 각각 “투자유한회사”로, “주주총회”는 각각 “사원총회”로, “법인 이사 및 감독이사”는 “법인이사”로, “청산인 및 청산감독인” 및 “청산인 또는 청산감독인”은 각각 “청산인”으로, “재산목록과 재무상태표를 작성하여 이를 청산인회에 제출하여 그 승인 을 받은 후 그 등본을”은 “재산목록과 재무상태표를 작성하여 그 등본을”로"
제201조제2항,[],,,,,,,제201조제2항 단서”는 “
제210조제2항,[],DEFINITION,주식,주식,본다,지분증권,DEFINITIONAL,"단서”로, “주식”은 “지분증권”으로 본다."
제212조,[212],REGULATION,상법 적용,투자유한회사,적용,상법,MANDATORY,제212조(「상법」과의 관계) ① 투자유한회사에 「상법」을 적용함에 있어서 같은 법
제582조,[],,,,,,,
제 613조제1항,[],,,,,,,
제259조제4항,[],,,,,,,
제536조제2항,[],,,,,,,제536조제2항 및
제541조제2항,[],REGULATION,준위,자본시장과 금융투자업에 관한 법률,준위,제541조제2항,PROHIBITIVE,제541조제2항을 준위하는 경우에 한한다) 및 같 법제처 129 국가법령정보 센터 자본시장과 금융투자업에 관한 법률 은 조 제2항(
제539조,[],DEFINITION,법원,법원,본다,금융위원회,DEFINITIONAL,제539조를 준용하는 경우에 한한다) 중 “법원”은 각각 “금융위원회”로 본다. <개 정 2008. 2. 29.> ② 「상법」
제543조제3항,[],,,,,,,
제546조,[],,,,,,,
제560조,[],,,,,,,
제341조의3,[],,,,,,,
제342조,[],,,,,,,
제343조제1항,[],REGULATION,준용,,준용,제343조제1항,MANDATORY,제343조제1항을 준용하는 경우에 한한다
제568조,[],,,,,,,
제570조,[],,,,,,,"제570조까지,"
제575조,[],DEFINITION,단서,,,,DEFINITIONAL,"제575조 단서,"
제583조,[],,,,,,,
제449조제1항ㆍ제 2항,[],,,,,,,
제450조,[],,,,,,,
Unknown,[],REGULATION,Unknown,,,,,제458조부터
제460조,[],REGULATION,규정 준용,제460조까지의 규정,준용,,MANDATORY,"제460조까지의 규정을 준용하는 경우에 한한다),"
Unknown,[],REGULATION,Unknown,,,,,제584조부터
제592조,[],,,,,,,"제592조까지,"
제597조,[],,,,,,,
제439조제1항 및 제2항,"[None, None, 439, 1]",REGULATION,준수,,준수,제439조제1항 및 제2항,MANDATORY,제439조제1항 및 제2항을 준수하는 경우에 한한다) 및
제607조,[],REGULATION,적용,제607조,적용하지 않는다,투자 자유한 회사,PROHIBITIVE,제607조는 투 자유한회사에는 적용하지 아니한다.<개정 2013. 5. 28.> 제3관 투자합자회사
제213조,"[None, None, 213, None]",REGULATION,투자합자회사 설립,집합투자업자,설립,투자합자회사,MANDATORY,제213조(투자합자회사의 설립 등) ① 집합투자업자는 투자합자회사를 설립하는 경우 다음 각 호의 사항을 기재한 정관을 작성하여 무한책임사원 1인과 유한책임사원 1인이 기명날인 또 는 서명하여야 한다. 1. 목적 2. 상호 3. 업무집행사원의 상호ㆍ사업자등록번호 4. 회사의 소재지 5. 투자합자회사재산의 운용 및 관리에 관한 사항 6. 이익분배 및 환매에 관한 사항 7. 공시 및 보고서에 관한 사항 8. 그 밖에 사원을 보호하기 위하여 필요한 사항으로서 대통령령으로 정하는 사항 ② 집합투자업자는 정관을 작성한 후 투자합자회사 설립시에 출자금을 금전으로 납입하여야 한다. ③ 집합투자업자는 다음 각 호의 사항을 출자금액이 납입된 날부터 2주 이내에 대통령령으 로 정하는 서류를 첨부하여 설립등기를 하여야 한다. 1. 제1항제1호부터 제4호까지의 사항 2. 정관으로 투자합자회사의 존속기간 또는 해산사유를 정한 경우 그 내용 ④ 투자합자회사 사원의 출자의 목적은 금전에 한한다. ⑤ 투자합자회사는
제182조,[],REGULATION,사원 가입,사원 외의 자,가입시켜서,사원,PROHIBITIVE,제182조에 따라 등록하기 전에는 제1항에 따른 사원 외의 자를 사원으로 가입시켜서는 아니 된다.
제214조,[],REGULATION,무한책임사원,투자합자회사,두다,무한책임사원,PROHIBITIVE,제214조(업무집행사원) ① 투자합자회사는 업무집행사원 1인 외의 무한책임사원을 둘 수 없다. 이 경우 업무집행사원은 「상법」
제173조,[],REGULATION,집합투자업자,집합투자업자,이어야 한다,,MANDATORY,제173조에 불구하고 집합투자업자이어야 한다. ②
제198조,[],REGULATION,준용,제198조,준용,투자합자회사의 업무집행사원,MANDATORY,"제198조제1항ㆍ제4항 및 제5항은 투자합자회사의 업무집행사원에게 준용한다. 이 경우 “법인이사”는 각각 “업무집행사원”으로, “투자회사”는 각각 “투자합자회사”로 본다."
제215조,[],REGULATION,사원총회,사원총회,결의한다,이 법 또는 정관에서 정한 사항,PERMISSIVE,"제215조(사원총회) ① 투자합자회사에 사원 전원으로 구성되는 사원총회를 두며, 사원총회는 이 법 또는 정관에서 정한 사항에 대하여만 결의할 수 있다. ② 투자합자회사의 사원총회는 업무집행사원이 소집한다. ③ 투자합자회사의 사원총회는 출석한 사원의 의결권의 과반수와 발행된 지분증권 총수의 4분의 1 이상의 수로 결의한다. 다만, 이 법에서 정한 사원총회의 결의사항 외에 정관으로 정 법제처 130 국가법령정보 센터 자본시장과 금융투자업에 관한 법률 한 사원총회의 결의사항에 대하여는 출석한 사원의 의결권의 과반수와 발행된 지분증권총수 의 5분의 1 이상의 수로 결의할 수 있다.<개정 2013. 5. 28.> ④"
제190조,[],REGULATION,준용,규정,준용,사원총회,MANDATORY,"제190조제3항ㆍ제4항 및 제6항부터 제10항까지의 규정은 투자합자회사의 사원총회에 관 하여 준용한다. 이 경우 “투자신탁을 설정한 집합투자업자” 및 “집합투자업자”는 각각 “투자 합자회사의 업무집행사원”으로, “투자신탁재산”은 “투자합자회사재산”으로, “수익증권”은 각 각 “지분증권”으로, “총좌수”는 각각 “총수”로, “수익자”는 각각 “사원”으로, “수익자총회”는 각각 “사원총회”로, “수익자명부”는 “사원명부”로, “좌수”는 각각 “수”로 보고, 같은 조 제8항 중 “제5항”은 “제3항”으로 본다.<개정 2013. 5. 28.>"
제216조,[],DEFINITION,준용규정,,,,DEFINITIONAL,제216조(준용규정) ①
제195조,[],REGULATION,정관변경,투자합자회사,준용한다,정관변경,MANDATORY,"제195조는 투자합자회사의 정관변경에 관하여 준용한다. 이 경우 “투자 회사”는 각각 “투자합자회사”로, 같은 조 제1항 중 “이사회 결의로”는 “업무집행사원이”로, “"
제 201조제2항,[],,,,,,,제 201조제2항 단서”는 “
제215조제3항,[],DEFINITION,주주,,본다,사원,DEFINITIONAL,"제215조제3항”으로, 같은 조 제1항 중 “주주총회의 결의” 및 같은 조 제 2항 중 “이사회 결의 및 주주총회의 결의”는 각각 “사원총회의 결의”로, “주주”는 각각 “사원 ”으로 본다. ②"
제208조,[],REGULATION,지분증권,투자합자회사,준용한다,지분증권,MANDATORY,"제208조는 투자합자회사의 지분증권에 관하여 준용한다. 이 경우 “투자유한회사”는 각각 “투자합자회사”로, “"
제209조제1항,[],DEFINITION,법인이사,법인이사,보며,업무집행사원,DEFINITIONAL,"제209조제1항에 따른 법인이사” 및 “법인이사”는 각각 “업무집행사원”으 로 보며, 같은 조 제1항 중 “사원”은 “유한책임사원”으로 본다. ③"
제202조,[],REGULATION,제3항 및 제4항 제외,제202조,제외,제3항 및 제4항,MANDATORY,제202조(제3항 및 제4항을 제외한다)
제203조,[],REGULATION,제2항 제외,,제외한다,제2항,MANDATORY,제203조(제2항을 제외한다) 및
제204조,[],REGULATION,해산ㆍ청산 및 합병,투자합자 회사,준용,해산ㆍ청산 및 합병,MANDATORY,"제204조는 투자합자 회사의 해산ㆍ청산 및 합병에 관하여 준용한다. 이 경우 “주주”는 “사원(업무집행사원은 제외 한다)”으로, “투자회사”는 각각 “투자합자회사”로, “주주총회”는 각각 “사원총회”로, “법인이사 ” 및 “법인이사 및 감독이사”는 각각 “업무집행사원”으로, “청산인 및 청산감독인” 및 “청산인 또는 청산감독인”은 각각 “청산인”으로, “재산목록과 재무상태표를 작성하여 이를 청산인회 에 제출하여 승인을 받은 후 그 등본을”은 “재산목록과 재무상태표를 작성하여 그 등본을”로, “"
제201조제2항,[],,,,,,,제201조제2항 단서”는 “
제215조제3항,"[None, None, 215, 3]",DEFINITION,주식,주식,본다,지분증권,DEFINITIONAL,"제215조제3항”으로, “주식”은 각각 “지분증권”으로 본다.<개정 2013. 5. 28., 2021. 4. 20.>"
제217조,[],REGULATION,상법 적용,상법,적용,투자합자회사,MANDATORY,제217조(「상법」과의 관계) ① 투자합자회사에 「상법」을 적용함에 있어서 같은 법
제200조의2,[],,,,,,,"제200조의2,"
Unknown,[],REGULATION,Unknown,,,,,"제205조,"
제259조,[],,,,,,,제259조 및
제277조,[],DEFINITION,법원,법원,본다,금융위원회,DEFINITIONAL,제277조 중 “법원”은 각각 “금융위원회”로 본다. <개정 2008. 2. 29.> ② 「상법」
제198조,[],,,,,,,
Unknown,[],REGULATION,Unknown,,,,,제217조부터
제220조,[],,,,,,,
제224조,[],,,,,,,
제280조,[],,,,,,,제280조 및
제286조,[],REGULATION,투자합자회사,제286조,적용하지 않는다,투자합자회사,PROHIBITIVE,제286조는 투자합자회 사에 적용하지 아니한다. ③ 투자합자회사의 유한책임사원은 「상법」
제279조,"[None, None, 279, None]",REGULATION,책임,투자합자회사,책임을 진다,출자금액,MANDATORY,제279조에 불구하고 투자합자회사의 채무에 대 하여 출자를 이행한 금액을 한도로 하여 책임을 진다. ④ 투자합자회사는 정관이 정하는 바에 따라 이익을 배당함에 있어서 무한책임사원과 유한 책임사원의 배당률 또는 배당순서 등을 달리 정할 수 있다. ⑤ 투자합자회사는 손실을 배분함에 있어서 무한책임사원과 유한책임사원의 배분율 또는 배 분순서 등을 달리 하여서는 아니 된다. 제4관 투자유한책임회사 <신설 2013. 5. 28.>
제217조의2,[],REGULATION,정관 작성,집합투자업자,작성,정관,MANDATORY,제217조의2(투자유한책임회사의 설립 등) ① 집합투자업자는 투자유한책임회사를 설립하는 경 우 다음 각 호의 사항을 기재한 정관을 작성하여 사원 1인이 기명날인 또는 서명하여야 한다.
제217조의4제1항,[],ACTOR,출자금 납입,사원,납입,출자금,MANDATORY,제217조의4제1항에 따른 업무집행자의 상호ㆍ사업자등록번호 4. 회사의 소재지 5. 투자유한책임회사재산의 운용 및 관리에 관한 사항 6. 이익분배 및 환매에 관한 사항 7. 공시 및 보고서에 관한 사항 8. 그 밖에 사원을 보호하기 위하여 필요한 사항으로서 대통령령으로 정하는 사항 ② 투자유한책임회사의 사원은 정관을 작성한 후 설립등기를 할 때까지 출자금을 금전으로 납입하여야 한다. ③ 집합투자업자는 다음 각 호의 사항을 출자금액이 납입된 날부터 2주 이내에 대통령령으 로 정하는 서류를 첨부하여 설립등기를 하여야 한다. 1. 제1항제1호부터 제4호까지의 사항 2. 정관으로 투자유한책임회사의 존속기간 또는 해산사유를 정한 경우 그 내용 ④ 투자유한책임회사 사원의 출자의 목적은 금전에 한한다. ⑤ 투자유한책임회사는
Unknown,[],REGULATION,Unknown,,,,,제182조에 따라 등록하기 전에는 제1항에 따른 사원 외의 자를 사원 으로 가입시켜서는 아니 된다. [본조신설 2013. 5. 28.]
제217조의3,[],REGULATION,지분증권,투자유한책임회사의 사원,가진다,지분증권,MANDATORY,"제217조의3(지분증권) ① 투자유한책임회사의 사원은 출자금액의 반환 및 이익의 분배 등에 관 하여 지분증권의 수에 따라 균등한 권리를 가진다. ② 투자유한책임회사의 지분증권에는 다음 각 호의 사항을 기재하고,"
제217조의4제1항,"[None, None, 217, 1]",REGULATION,기명날인,업무집행자,서명,항목,MANDATORY,제217조의4제1항에 따르는 업무집행자가 기명날인 또는 서명하여야 한다. 1. 회사의 상호 2. 회사의 성립연월일 3. 지분증권의 발행일 4. 사원의 성명(법인인 경우에는 상호) 5. 그 밖에 투자유한책임회사 사원의 보호에 필요한 사항으로서 대통령령으로 정하는 사항 ③
제196조,"[None, None, 196, None]",DEFINITION,투자유한책임회사의 지분증권,,,,DEFINITIONAL,"제196조(제2항은 제외한다)는 투자유한책임회사의 지분증권에 관하여 준용한다. 이 경우 “투자회사”는 각각 “투자유한책임회사”로, “주식”은 각각 “지분증권”으로, “신주”는 각각 “새 지분증권”으로, “이사회”는 각각 “업무집행자”로, “주주”는 각각 “사원”으로, “주금”은 각각 “지분증권 대금”으로 본다. [본조신설 2013. 5. 28.]"
제217조의4,[],REGULATION,업무집행자,투자유한책임회사,두다,업무집행자,MANDATORY,제217조의4(업무집행자) ① 투자유한책임회사는 사원 또는 사원이 아닌 자로 업무집행자(이하 이 관에서 “업무집행자”라 한다) 1인을 두어야 한다. 이 경우 업무집행자는 집합투자업자이어야 한다. ②
제198조,[],REGULATION,준용,제198조,준용한다,업무집행자,MANDATORY,"제198조제1항ㆍ제4항 및 제5항은 투자유한책임회사의 업무집행자에게 준용한다. 이 경 우 “법인이사”는 각각 “업무집행자”로, “투자회사”는 각각 “투자유한책임회사”로 본다."
제217조의5,[],REGULATION,사원총회,사원총회,결의한다,사항,MANDATORY,"제217조의5(사원총회) ① 투자유한책임회사의 사원 전원으로 구성되는 사원총회를 두며, 사원 총회는 이 법 또는 정관에서 정한 사항에 대하여만 결의할 수 있다. ② 투자유한책임회사의 사원총회는 업무집행자가 소집한다. ③ 투자유한책임회사의 사원총회는 출석한 사원의 의결권의 과반수와 발행된 지분증권 총수 의 4분의 1 이상의 수로 결의한다. 다만, 이 법에서 정한 사원총회의 결의사항 외에 정관으로 정한 사원총회의 결의사항에 대하여는 출석한 사원의 의결권의 과반수와 발행된 지분증권총 수의 5분의 1 이상의 수로 결의할 수 있다. ④"
제190조,"[190, 3, None, None]",DEFINITION,사원총회,규정,준용한다,사원총회,DEFINITIONAL,"제190조제3항ㆍ제4항 및 제6항부터 제10항까지의 규정은 투자유한책임회사의 사원총회 에 관하여 준용한다. 이 경우 “투자신탁을 설정한 집합투자업자” 및 “집합투자업자”는 각각 “투자유한책임회사의 업무집행자”로, “투자신탁재산”은 “투자유한책임회사재산”으로, “수익 증권”은 각각 “지분증권”으로, “총좌수”는 각각 “총수”로, “수익자”는 각각 “사원”으로, “수익 자총회”는 각각 “사원총회”로, “수익자명부”는 “사원명부”로, “좌수”는 각각 “수”로 보고, 같은 조 제8항 중 “제5항”은 “제3항”으로 본다. ⑤"
제191조,[],DEFINITION,투자유한책임회사,,,,DEFINITIONAL,제191조는 투자유한책임회사의
제195조제1항,[],REGULATION,정관의 변경,,변경,정관,MANDATORY,제195조제1항 단서에 따른 정관의 변경 또는
제204조제 2항,"[None, None, 204, 2]",REGULATION,합병에 반대하는 사원,사원,준용한다,합병,MANDATORY,"제204조제 2항에 따른 합병에 반대하는 사원에게 준용한다. 이 경우 “신탁계약”은 “정관”으로, “투자신 탁”, “집합투자업자” 및 “투자신탁을 설정한 집합투자업자”는 각각 “투자유한책임회사”로, “수익자총회”는 각각 “사원총회”로, “수익자”는 각각 “사원”으로, “수익증권”은 각각 “지분증 권”으로, “투자신탁재산”은 “투자유한책임회사재산”으로 본다. [본조신설 2013. 5. 28.]"
제217조의6,[],REGULATION,준용규정,,,,,제217조의6(준용규정) ①
제195조,[],REGULATION,정관변경,투자유한책임회사,준용,정관변경,MANDATORY,"제195조는 투자유한책임회사의 정관변경에 관하여 준용한다. 이 경우 “투자회사”는 각각 “투자유한책임회사”로, 같은 조 제1항 중 “이사회 결의로”는 “업무집행자가 ”로, “"
제201조제2항,[],,,,,,,제201조제2항”은 “
제217조의5제3항,[],DEFINITION,주주총회의 결의,주주총회의 결의,본다,사원총회의 결의,DEFINITIONAL,"제217조의5제3항”으로, 같은 조 제1항 중 “주주총회의 결의” 및 같은 조 제2항 중 “이사회 결의 및 주주총회의 결의”는 각각 “사원총회의 결의”로, “주주”는 각각 “사원”으로 본다. ②"
제202조,"[None, None, 202, None]",REGULATION,제3항 및 제4항 제외,제3항 및 제4항,제외한다,,MANDATORY,제202조(제3항 및 제4항은 제외한다)
제203조,[],REGULATION,제2항 제외,,,,,제203조(제2항은 제외한다) 및
제204조,[],DEFINITION,투자유한 책임회사의 해산ㆍ청산 및 합병,제204조,준용한다,투자유한 책임회사의 해산ㆍ청산 및 합병,MANDATORY,"제204조는 투자유한 책임회사의 해산ㆍ청산 및 합병에 관하여 준용한다. 이 경우 “주주”는 “사원(업무집행자인 사 원은 제외한다)”으로, “투자회사”는 각각 “투자유한책임회사”로, “주주총회”는 각각 “사원총회 ”로, “법인이사 및 감독이사”는 “업무집행자”로, “청산인 및 청산감독인” 및 “청산인 또는 청 산감독인”은 각각 “청산인”으로, “재산목록과 재무상태표를 작성하여 이를 청산인회에 제출 하여 승인을 받아야 하며, 그 등본을”은 “재산목록과 재무상태표를 작성하여 그 등본을”로, “"
제201조제2항,[],,,,,,,제201조제2항 단서”는 “
제217조의5제3항,"[None, None, 217, 3]",DEFINITION,주식,주식,본다,지분증권,DEFINITIONAL,"제217조의5제3항”으로, “주식”은 “지분증권”으로 본다.<개정 2021. 4. 20.> [본조신설 2013. 5. 28.]"
제217조의7,[],REGULATION,상법 적용,투자유한책임회사,적용,상법,MANDATORY,제217조의7(「상법」과의 관계) ① 투자유한책임회사에 「상법」을 적용함에 있어서 같은 법
제 287조의13,[],,,,,,,제 287조의13(
제200조의2,[],REGULATION,제200조의2 준용,본 조항,한정한다,제200조의2,MANDATORY,"제200조의2를 준용하는 경우로 한정한다),"
제287조의14,[],,,,,,,제287조의14(
제277조,[],REGULATION,제277조 준용,경우,한정한다,제277조,MANDATORY,"제277조를 준용하는 경우로 한정한다),"
제287조의17,[],,,,,,,
제205조,[],REGULATION,제205조 준용,,한정,,MANDATORY,제205조를 준용하는 경우로 한정한다
제287조의45,[],,,,,,,제287조의45(
제259조,[],DEFINITION,법원,법원,본다,금융위원회,DEFINITIONAL,제259조제 4항을 준용하는 경우로 한정한다) 중 “법원”은 각각 “금융위원회”로 본다. ② 「상법」
제287조의9,[],,,,,,,"제287조의9,"
Unknown,[],REGULATION,Unknown,,,,,"제287조의10,"
제287조의12,[],,,,,,,"제287조의12,"
제287조의15,[],,,,,,,
제287조의16,[],,,,,,,
제287조의 23제3항,[],,,,,,,"제287조의 23제3항,"
제287조의24,[],,,,,,,제287조의24부터
제287조의44,[],REGULATION,적용,투자유한책임회사,적용하지,,PROHIBITIVE,제287조의44까지는 투자유한책임회사에는 적용하지 아니한다.
제218조,[],REGULATION,투자합자조합 설립,집합투자업자,작성,조합계약,MANDATORY,제218조(투자합자조합의 설립 등) ① 집합투자업자는 투자합자조합을 설립하는 경우 다음 각 호의 사항을 기재한 조합계약을 작성하여
제219조제1항,[],REGULATION,기명날인,조합원,기명날인,,MANDATORY,제219조제1항에 따른 업무집행조합원 1인과 유한 책임조합원 1인이 기명날인 또는 서명하여야 한다.
Unknown,[],REGULATION,Unknown,,,,,제182조에 따라 등록하기 전에는 제1항에 따른 조합원 외의 자를 조합원 으로 가입시켜서는 아니 된다.<개정 2013. 5. 28.> ④ 투자합자조합은 설립 후 2주 이내에 대통령령으로 정하는 서류를 첨부하여 다음 각 호의 사항을 등기하여야 한다.<신설 2013. 5. 28.> 1. 제1항제1호부터 제4호까지의 사항 2. 조합계약으로 투자합자조합의 존속기간 또는 해산사유를 정한 경우 그 내용 [제목개정 2013. 5. 28.]
제219조,[],REGULATION,조합 구성,투자합자조합,구성,조합원,MANDATORY,제219조(업무집행조합원 등) ① 투자합자조합은 투자합자조합의 채무에 대하여 무한책임을 지는 집합투자업자인 업무집행조합원 1인과 출자액을 한도로 하여 유한책임을 지는 유한책임 조합원으로 구성된다. <개정 2013. 5. 28.> ②
제198조,[],REGULATION,준용,,준용,업무집행조합원,MANDATORY,"제198조제1항ㆍ제4항 및 제5항은 투자합자조합의 업무집행조합원에게 준용한다. 이 경 우 “법인이사”는 각각 “업무집행조합원”으로, “투자회사”는 각각 “투자합자조합”으로 본다. <개정 2013. 5. 28.>"
제220조,[],REGULATION,조합원총회,투자합자조합,결의한다,정한 사항,MANDATORY,"제220조(조합원총회) ① 투자합자조합에 조합원 전원으로 구성되는 조합원총회를 두며, 조합원 총회는 이 법 또는 조합계약에서 정한 사항에 대하여만 결의할 수 있다. <개정 2013. 5. 28.> ② 투자합자조합의 조합원총회는 업무집행조합원이 소집한다.<개정 2013. 5. 28.> ③ 투자합자조합의 조합원총회는 출석한 조합원의 의결권의 과반수와 발행된 지분증권 총수 의 4분의 1 이상의 수로 결의한다. 다만, 이 법에서 정한 조합원총회의 결의사항 외에 조합계 약으로 정한 조합원총회의 결의사항에 대하여는 출석한 조합원의 의결권의 과반수와 발행된 지분증권 총수의 5분의 1 이상의 수로 결의할 수 있다.<개정 2013. 5. 28.> 법제처 134 국가법령정보 센터 자본시장과 금융투자업에 관한 법률 ④"
제190조제3항ㆍ제4항 및 제6항부터 제10항까지,[],REGULATION,준용,투자합자조합의 조합원총회,준용,제190조제3항ㆍ제4항 및 제6항부터 제10항까지의 규정,MANDATORY,"제190조제3항ㆍ제4항 및 제6항부터 제10항까지의 규정은 투자합자조합의 조합원총회에 관하여 준용한다. 이 경우 “투자신탁을 설정한 집합투자업자” 및 “집합투자업자”는 각각 “투자합자조합의 업무집행조합원”으로, “투자신탁재산”은 “투자합자조합재산”으로, “수익증권 ”은 각각 “지분증권”으로, “총좌수”는 각각 “총수”로, “수익자”는 각각 “조합원”으로, “수익자 총회”는 각각 “조합원총회”로, “수익자명부”는 “조합원명부”로, “좌수”는 각각 “수”로 보고, 같은 조 제8항 중 “제5항”은 “제3항”으로 본다.<개정 2013. 5. 28.>"
제221조,"[0, 0, 221, 0]",REGULATION,해산 사유,투자합자조합,해산,해산 사유,MANDATORY,"제221조(투자합자조합의 해산 및 청산) ① 투자합자조합은 다음 각 호의 어느 하나에 해당하는 사유로 해산한다. 이 경우 청산인은 대통령령으로 정하는 사항을 금융위원회에 보고하여야 한다. <개정 2008. 2. 29., 2013. 5. 28.> 1. 조합계약에서 정한 존속기간의 만료, 그 밖의 해산사유의 발생 2. 조합원총회의 결의 3. 투자합자조합 등록의 취소 4. 유한책임조합원의 총수가 1인이 되는 경우. 다만, 건전한 거래질서를 해할 우려가 없는 경 우로서 대통령령으로 정하는 경우는 제외한다. ② 투자합자조합이 해산하는 경우 조합계약 또는 조합원총회에서 달리 정한 경우를 제외하 고는 업무집행조합원이 청산인이 된다.<개정 2013. 5. 28.> ③ 금융위원회는 투자합자조합이 제2항에 따른 청산인이 없거나 없게 된 경우에는 직권으로 청산인을 선임한다.<개정 2008. 2. 29., 2013. 5. 28.> ④ 금융위원회는 청산인이 업무를 집행함에 있어서 현저하게 부적합하거나 중대한 법령 위 반사항이 있는 경우에는 직권으로 또는 이해관계인의 청구에 의하여 청산인을 해임할 수 있 다. 이 경우 금융위원회는 직권으로 새로운 청산인을 선임할 수 있다.<개정 2008. 2. 29.> ⑤ 청산인은 투자합자조합의 잔여재산을 조합원에게 분배함에 있어서 조합계약이 정하는 바 에 따라 투자합자조합재산에 속하는 자산을 그 조합원에게 지급할 수 있다.<개정 2013. 5. 28.> ⑥"
제203조,[],REGULATION,투자합자조합 청산,투자합자조합,준용,청산,MANDATORY,"제203조(제2항을 제외한다)는 투자합자조합의 청산에 관하여 준용한다. 이 경우 “투자회 사”는 각각 “투자합자조합”으로, “재산목록과 재무상태표를 작성하여 이를 청산인회에 제출 하여 승인을 받은 후 그 등본을”은 “재산목록과 재무상태표를 작성하여 그 등본을”로, “주주 총회”는 “조합원총회”로, “청산인 및 청산감독인”은 “청산인”으로 본다.<개정 2013. 5. 28., 2021. 4. 20.> [제목개정 2013. 5. 28.]"
제222조,[],,,,,,,제222조(준용규정) ①
제195조,[],REGULATION,조합계약변경,투자합자조합,준용,조합계약변경,MANDATORY,"제195조는 투자합자조합의 조합계약변경에 관하여 준용한다. 이 경우 “투자회사”는 각각 “투자합자조합”으로, 같은 조 제1항 중 “이사회 결의로”는 “업무집행조합원 이”로, “"
제201조제2항,[],,,,,,,제201조제2항”는 “
제220조제3항,"[None, None, 220, 3]",DEFINITION,주주,주주,본다,조합원,DEFINITIONAL,"제220조제3항”으로, 같은 조 제1항 중 “주주총회의 결의” 및 같은 조 제2항 중 “이사회 결의 및 주주총회의 결의”는 각각 “조합원총회의 결의”로, “주주”는 각각 “조합원”으로 본다. <개정 2013. 5. 28.> ②"
제208조,[],REGULATION,지분증권,제208조,준용한다,투자합자조합의 지분증권,MANDATORY,"제208조는 투자합자조합의 지분증권에 관하여 준용한다. 이 경우 “투자유한회사” 및 “회 사”는 각각 “투자합자조합”으로, “"
제209조,[],DEFINITION,정의,,,,DEFINITIONAL,"제209조제1항에 따른 법인이사” 및 “법인이사”는 각각 “업무집행조합원”으로, “정관”은 “조합계약”으로, 같은 조 제1항 중 “사원”은 “유한책임조합원”으 로, 같은 조 제2항 및 제3항 중 “사원”은 각각 “조합원”으로 본다.<개정 2013. 5. 28.> 법제처 135 국가법령정보 센터 자본시장과 금융투자업에 관한 법률"
제223조,[],REGULATION,상법 적용,투자합자조합,적용,상법,MANDATORY,제223조(「상법」 및 「민법」과의 관계) ① 투자합자조합에 「상법」을 적용함에 있어서 같은 법
제 86조의8제2항,[],,,,,,,제 86조의8제2항(
제200조의2,[],REGULATION,준용,제200조의2를 준용하는 경우,한정,,MANDATORY,"제200조의2를 준용하는 경우로 한정한다), 같은 조 제3항("
제277조,[],DEFINITION,법원,,본다,금융위원회,DEFINITIONAL,제277조를 준용하는 경우로 한정한다) 중 “법원”은 각각 “금융위원회”로 본다. ② 「상법」
제86조의8제2항,[],,,,,,,제86조의8제2항(
제198조,[],,,,,,,
제208조제2항,[],,,,,,,
제287조,[],REGULATION,제287조 준용,제287조 준용,적용하지 않는다,투자합자조합,PROHIBITIVE,제287조를 준용하는 경우로 한정한다 )은 투자합자조합에는 적용하지 아니한다. ③ 「민법」
제703조,[],,,,,,,"제703조,"
Unknown,[],REGULATION,Unknown,,,,,제706조부터
제713조까지 및,[],,,,,,,제713조까지 및
제716조,[],,,,,,,제716조부터
제724조,[],REGULATION,투자합자조합,제724조까지의 규정,적용하지 않는다,투자합자조합,PROHIBITIVE,제724조까지의 규정은 투자 합자조합에 적용하지 아니한다. ④ 투자자가 투자합자조합의 지분증권을 매수한 경우 투자합자조합에 가입한 것으로 본다. ⑤ 투자합자조합은 조합계약으로 정하는 바에 따라 이익을 배당함에 있어서 무한책임조합원 과 유한책임조합원의 배당률 또는 배당순서 등을 달리 정할 수 있다. ⑥ 투자합자조합은 손실을 배분함에 있어서 무한책임조합원과 유한책임조합원의 배분율 또 는 배분순서 등을 달리 하여서는 아니 된다. [전문개정 2013. 5. 28.] 제2관 투자익명조합
제224조,[],REGULATION,투자익명조합 설립,집합투자업자,작성,익명조합계약,MANDATORY,제224조(투자익명조합의 설립 등) ① 집합투자업자는 투자익명조합을 설립하는 경우 다음 각 호의 사항을 기재한 익명조합계약을 작성하여 영업자 1인과 익명조합원 1인이 기명날인 또 는 서명하여야 한다. 1. 목적 2. 투자익명조합의 명칭 3. 영업자의 상호ㆍ사업자등록번호 4. 투자익명조합의 소재지 5. 투자익명조합재산의 운용 및 관리에 관한 사항 6. 존속기간 또는 해산사유를 정한 경우에는 그 내용 7. 이익분배 및 환매에 관한 사항 8. 공시 및 보고서에 관한 사항 9. 그 밖에 익명조합원을 보호하기 위하여 필요한 사항으로서 대통령령으로 정하는 사항 ② 익명조합원의 출자의 목적은 금전에 한한다. ③ 투자익명조합의 영업자는
제182조,[],REGULATION,익명조합원 가입,등록자,가입시키다,익명조합원,PROHIBITIVE,제182조에 따라 등록하기 전에는 제1항에 따른 익명조합원 외 의 자를 익명조합원으로 가입시켜서는 아니 된다.
제225조,"[None, None, 225, None]",REGULATION,운용,영업자,운용,투자익명조합재산,MANDATORY,제225조(영업자) ① 투자익명조합재산은 집합투자업자인 영업자 1인이 운용한다. ②
제198조,[],REGULATION,준용,제198조제1항ㆍ제4항 및 제5항,준용,영업자,MANDATORY,"제198조제1항ㆍ제4항 및 제5항은 투자익명조합의 영업자에게 준용한다. 이 경우 “법인이 사”는 각각 “영업자”로, “투자회사”는 각각 “투자익명조합”으로 본다."
제226조,[],REGULATION,익명조합원총회,익명조합원총회,두다,익명조합원총회,MANDATORY,"제226조(익명조합원총회) ① 투자익명조합에 익명조합원 전원으로 구성되는 익명조합원총회를 두며, 익명조합원총회는 이 법 또는 익명조합계약에서 정한 사항에 대하여만 결의할 수 있다. ② 투자익명조합의 익명조합원총회는 영업자가 소집한다. ③ 투자익명조합의 익명조합원총회는 출석한 익명조합원의 의결권의 과반수와 발행된 지분 증권 총수의 4분의 1 이상의 수로 결의한다. 다만, 이 법에서 정한 익명조합원총회의 결의사 법제처 136 국가법령정보 센터 자본시장과 금융투자업에 관한 법률 항 외에 익명조합계약으로 정한 익명조합원총회의 결의사항에 대하여는 출석한 익명조합원 의 의결권의 과반수와 발행된 지분증권 총수의 5분의 1 이상의 수로 결의할 수 있다.<개정 2013. 5. 28.> ④"
제190조,[],DEFINITION,투자익명조합의 영업자,투자익명조합의 영업자,정의된다,집합투자업자,DEFINITIONAL,"제190조제3항ㆍ제4항 및 제6항부터 제10항까지의 규정은 투자익명조합의 익명조합원총 회에 관하여 준용한다. 이 경우 “투자신탁을 설정한 집합투자업자” 및 “집합투자업자”는 각각 “투자익명조합의 영업자”로, “투자신탁재산”은 “투자익명조합재산”으로, “수익증권”은 각각 “지분증권”으로, “총좌수”는 각각 “총수”로, “수익자”는 각각 “익명조합원”으로, “수익자총회 ”는 각각 “익명조합원총회”로, “수익자명부”는 “익명조합원명부”로, “좌수”는 각각 “수”로 보 고, 같은 조 제8항 중 “제5항”은 “제3항”으로 본다.<개정 2013. 5. 28.>"
제227조,[],,,,,,,제227조(준용규정) ①
제195조,[],REGULATION,준용,,준용한다,투자익명조합의 익명조합계약변경,MANDATORY,"제195조는 투자익명조합의 익명조합계약변경에 관하여 준용한다. 이 경 우 “투자회사”는 각각 “투자익명조합”으로, 같은 조 제1항 중 “이사회 결의로”는 “영업자가”로, “"
제201조제2항,[],,,,,,,제201조제2항 단서”는 “
제226조제3항,"[None, None, 226, 3]",DEFINITION,익명조합원,주주,본다,익명조합원,DEFINITIONAL,"제226조제3항”으로, 같은 조 제1항 중 “주주총회의 결의” 및 같은 조 제2항 중 “이사회 결의 및 주주총회의 결의”는 각각 “익명조합원총회의 결의”로, “주주”는 각 각 “익명조합원”으로 본다. ②"
제208조,[],REGULATION,지분증권,투자익명조합,준용한다,지분증권,MANDATORY,"제208조는 투자익명조합의 지분증권에 관하여 준용한다. 이 경우 “투자유한회사” 및 “회 사”는 각각 “투자익명조합”으로, “"
제209조제1항,[],DEFINITION,용어 정의,,본다,영업자,DEFINITIONAL,"제209조제1항에 따른 법인이사” 및 “법인이사”는 각각 “영업자”로, “사원”은 각각 “익명조합원”으로, “정관”은 “익명조합계약”으로 본다. ③"
제221조,"[0, 0, 221, 0]",DEFINITION,투자익명조합,투자합자조합,본다,투자익명조합,DEFINITIONAL,"제221조는 투자익명조합의 해산ㆍ청산에 관하여 준용한다. 이 경우 “투자합자조합”은 각 각 “투자익명조합”으로, “유한책임조합원”은 “익명조합원”으로, “조합원총회”는 각각 “익명조 합원총회”로, “업무집행조합원”은 각각 “영업자”로 본다.<개정 2013. 5. 28.>"
제228조,[],CONCEPT,상법,,,,,「상법」
제82조제3항,[],,,,,,,
제83조,[],,,,,,,제83조 및
제84조,[],REGULATION,투자익명조합,제84조,적용하지 않는다,투자익명조합,PROHIBITIVE,"제84조는 투자익명조합에 적용하지 아니한다. ② 「신탁법」 제3장은 투자익명조합에 준용한다. 이 경우 “신탁재산”은 “투자익명조합재산”으로, “수탁자”는 “영업자”로, “신탁”은 “투자익명조합 가입”으로, “위탁자” 및 “수익자”는 각각 “익명조합원”으로 본다. ③ 투자자가 투자익명조합의 지분증권을 매수한 경우 투자익명조합에 가입한 것으로 본다. 제3장 집합투자기구의 종류 등 제1절 집합투자기구의 종류"
제229조,[],DEFINITION,집합투자기구의 종류,집합투자기구,구분한다,집합투자재산의 운용대상,DEFINITIONAL,"제229조(집합투자기구의 종류) 집합투자기구는 집합투자재산의 운용대상에 따라 다음 각 호와 같이 구분한다. 1. 증권집합투자기구 : 집합투자재산의 100분의 40 이상으로서 대통령령으로 정하는 비율을 초과하여 증권(대통령령으로 정하는 증권을 제외하며, 대통령령으로 정하는 증권 외의 증 권을 기초자산으로 한 파생상품을 포함한다. 이하 이 조에서 같다)에 투자하는 집합투자기 구로서 제2호 및 제3호에 해당하지 아니하는 집합투자기구 2. 부동산집합투자기구 : 집합투자재산의 100분의 40 이상으로서 대통령령으로 정하는 비율 을 초과하여 부동산(부동산을 기초자산으로 한 파생상품, 부동산 개발과 관련된 법인에 대 한 대출, 그 밖에 대통령령으로 정하는 방법으로 부동산 및 대통령령으로 정하는 부동산과 법제처 137 국가법령정보 센터 자본시장과 금융투자업에 관한 법률 관련된 증권에 투자하는 경우를 포함한다. 이하 이 조에서 같다)에 투자하는 집합투자기구 3. 특별자산집합투자기구 : 집합투자재산의 100분의 40 이상으로서 대통령령으로 정하는 비 율을 초과하여 특별자산(증권 및 부동산을 제외한 투자대상자산을 말한다)에 투자하는 집 합투자기구 4. 혼합자산집합투자기구 : 집합투자재산을 운용함에 있어서 제1호부터 제3호까지의 규정의 제한을 받지 아니하는 집합투자기구 5. 단기금융집합투자기구 : 집합투자재산 전부를 대통령령으로 정하는 단기금융상품에 투자 하는 집합투자기구로서 대통령령으로 정하는 방법으로 운용되는 집합투자기구"
제229조,[],DEFINITION,집합투자기구의 종류,,,,DEFINITIONAL,"제229조(집합투자기구의 종류) 집합투자기구는 집합투자재산의 운용대상에 따라 다음 각 호와 같이 구분한다. <개정 2025. 9. 16.> 1. 증권집합투자기구 : 집합투자재산의 100분의 40 이상으로서 대통령령으로 정하는 비율을 초과하여 증권(대통령령으로 정하는 증권을 제외하며, 대통령령으로 정하는 증권 외의 증 권을 기초자산으로 한 파생상품을 포함한다. 이하 이 조에서 같다)에 투자하는 집합투자기 구로서 제2호ㆍ제3호 및 제6호에 해당하지 아니하는 집합투자기구 2. 부동산집합투자기구 : 집합투자재산의 100분의 40 이상으로서 대통령령으로 정하는 비율 을 초과하여 부동산(부동산을 기초자산으로 한 파생상품, 부동산 개발과 관련된 법인에 대 한 대출, 그 밖에 대통령령으로 정하는 방법으로 부동산 및 대통령령으로 정하는 부동산과 관련된 증권에 투자하는 경우를 포함한다. 이하 이 조에서 같다)에 투자하는 집합투자기구 3. 특별자산집합투자기구 : 집합투자재산의 100분의 40 이상으로서 대통령령으로 정하는 비 율을 초과하여 특별자산(증권 및 부동산을 제외한 투자대상자산을 말한다)에 투자하는 집 합투자기구 4. 혼합자산집합투자기구 : 집합투자재산을 운용할 때 제1호부터 제3호까지 및 제6호에 따른 제한을 받지 아니하는 집합투자기구 5. 단기금융집합투자기구 : 집합투자재산 전부를 대통령령으로 정하는 단기금융상품에 투자 하는 집합투자기구로서 대통령령으로 정하는 방법으로 운용되는 집합투자기구 6. 기업성장집합투자기구 : 집합투자기구의 자산총액 중 100분의 50 이상으로서 대통령령으 로 정하는 비율을 초과하는 집합투자재산을 주투자대상기업에 금전의 대여, 증권의 매입 등 대통령령으로 정하는 방법으로 투자하는 집합투자기구 [시행일: 2026. 3. 17.]"
제229조,[],,,,,,,
제229조의2,[],REGULATION,기업성장집합투자기구 설정 요건,기업성장집합투자기구,설정ㆍ설립,요건,MANDATORY,"제229조의2(기업성장집합투자기구) ① 기업성장집합투자기구를 설정ㆍ설립하는 경우에는 다음 각 호의 요건을 모두 갖추어야 한다. 다만, 전문투자자의 투자금만으로 기업성장집합투자기구를 설정ㆍ설립하는 경우에는 그 설정ㆍ설립일부터 3년 이하의 범위에서 대통령령으로 정 하는 기간까지 제4호의 요건을 갖추어야 한다. 1. 투자신탁 또는 투자회사로 설정ㆍ설립할 것 2."
제230조,[],REGULATION,환매금지형집합투자기구,기업성장집합투자업자,설정,환매금지형집합투자기구,MANDATORY,"제230조에 따른 환매금지형집합투자기구로 설정ㆍ설립할 것 3. 계약기간 또는 존속기간이 5년 이상으로서 대통령령으로 정하는 기간일 것 4. 모집가액이 500억원 이하의 범위에서 대통령령으로 정하는 금액 이상일 것 ② 기업성장집합투자업자는 자기가 설정ㆍ설립한 각 기업성장집합투자기구 집합투자증권 총수(추가설정 또는 신규발행된 증권 수를 포함한다)의 100분의 10 이하로서 대통령령으로 법제처 138 국가법령정보 센터 자본시장과 금융투자업에 관한 법률 정하는 비율 이상의 집합투자증권을 3년 이상의 범위에서 대통령령으로 정하는 기간 동안 보유하여야 한다. ③ 기업성장집합투자업자는 대통령령으로 정하는 방법에 따라 집합투자재산을 시가에 따라 평가하되, 평가일 현재 신뢰할 만한 시가가 없는 경우에는 분기별로 1회 이상 대통령령으로 정하는 공정가액으로 평가하여야 한다. ④ 제1항 및 제2항에서 규정한 사항 외에 기업성장집합투자기구의 설정ㆍ설립ㆍ운용ㆍ공시 ㆍ해지ㆍ해산, 주투자대상기업에 대한 투자비율의 산정, 집합투자증권의 발행ㆍ상장 등에 필 요한 사항은 대통령령으로 정한다. [본조신설 2025. 9. 16.] [시행일: 2026. 3. 17.]"
제229조의2,"[None, 2, 229, None]",CONCEPT,특수한 형태의 집합투자기구,,,,,제229조의2 제2절 특수한 형태의 집합투자기구
제230조,[],REGULATION,설정·설립,집합투자업자,설정·설립,투자신탁,MANDATORY,제230조(환매금지형집합투자기구) ① 투자신탁ㆍ투자유한회사ㆍ투자합자회사ㆍ투자유한책임 회사ㆍ투자합자조합 및 투자익명조합을 설정ㆍ설립하고자 하는 집합투자업자 또는 투자회사 의 발기인(이하 이 절에서 “집합투자업자등”이라 한다)은
Unknown,[],REGULATION,Unknown,,,,,제235조제1항에 불구하고 존속기간 을 정한 집합투자기구에 대하여만 집합투자증권의 환매를 청구할 수 없는 집합투자기구(이하 이 조에서 “환매금지형집합투자기구”라 한다)를 설정ㆍ설립할 수 있다. <개정 2013. 5. 28.> ② 투자신탁이나 투자익명조합의 집합투자업자 또는 투자회사등은 기존 투자자의 이익을 해 할 우려가 없는 등 대통령령으로 정하는 때에만 환매금지형집합투자기구의 집합투자증권을 추가로 발행할 수 있다. ③ 투자신탁의 집합투자업자 또는 투자회사는 신탁계약 또는 정관에 투자자의 환금성 보장 등을 위한 별도의 방법을 정하지 아니한 경우에는 환매금지형집합투자기구의 집합투자증권 을 최초로 발행한 날부터 90일 이내에 그 집합투자증권을 증권시장에 상장하여야 한다. ④
제238조제6항,[],REGULATION,환매금지형집합투자기구,집합투자업자,설정ㆍ설립,환매금지형집합투자기구,MANDATORY,"제238조제6항부터 제8항까지의 규정은 환매금지형집합투자기구의 집합투자증권에 관하여는 적용하지 아니한다. 다만, 제2항에 따라 추가로 집합투자증권을 발행할 수 있는 환매금 지형집합투자기구의 경우에는 적용한다. ⑤ 집합투자업자등은 집합투자기구의 투자대상자산의 현금화하기 곤란한 사정 등을 고려하여 대통령령으로 정하는 경우에는 그 집합투자기구를 환매금지형집합투자기구로 설정ㆍ설립하여야 한다."
제230조,[],ACTOR,집합투자업자등,집합투자업자등,,투자신탁ㆍ투자유한회사ㆍ투자합자회사ㆍ투자유한책임회사ㆍ투자합자조합 및 투자익명조합,,제230조(환매금지형집합투자기구) ① 투자신탁ㆍ투자유한회사ㆍ투자합자회사ㆍ투자유한책임 회사ㆍ투자합자조합 및 투자익명조합을 설정ㆍ설립하고자 하는 집합투자업자 또는 투자회사 의 발기인(이하 이 절에서 “집합투자업자등”이라 한다)은
제235조제1항,"[None, None, 235, 1]",REGULATION,환매금지형집합투자기구,집합투자기구,설정·설립·발행·상장,환매금지형집합투자기구,MANDATORY,제235조제1항에 불구하고 존속기간 을 정한 집합투자기구에 대하여만 집합투자증권의 환매를 청구할 수 없는 집합투자기구(이하 이 조에서 “환매금지형집합투자기구”라 한다)를 설정ㆍ설립할 수 있다. <개정 2013. 5. 28.> ② 투자신탁이나 투자익명조합의 집합투자업자 또는 투자회사등은 기존 투자자의 이익을 해 할 우려가 없는 등 대통령령으로 정하는 때에만 환매금지형집합투자기구의 집합투자증권을 추가로 발행할 수 있다. ③ 투자신탁의 집합투자업자 또는 투자회사는 신탁계약 또는 정관에 투자자의 환금성 보장 등을 위한 별도의 방법을 정하지 아니한 경우에는 환매금지형집합투자기구의 집합투자증권 법제처 139 국가법령정보 센터 자본시장과 금융투자업에 관한 법률 을 최초로 발행한 날부터 90일(전문투자자의 투자금만으로 기업성장집합투자기구를 설정ㆍ 설립하는 경우에는 3년) 이내에 그 집합투자증권을 증권시장에 상장하여야 한다.<개정 2025. 9. 16.> ④
제238조제6항부터 제8항까지,[],REGULATION,환매금지형집합투자기구,집합투자업자등,설정ㆍ설립,환매금지형집합투자기구,MANDATORY,"제238조제6항부터 제8항까지의 규정은 환매금지형집합투자기구의 집합투자증권에 관하여는 적용하지 아니한다. 다만, 제2항에 따라 추가로 집합투자증권을 발행할 수 있는 환매금 지형집합투자기구의 경우에는 적용한다. ⑤ 집합투자업자등은 집합투자기구의 투자대상자산의 현금화하기 곤란한 사정 등을 고려하 여 대통령령으로 정하는 경우에는 그 집합투자기구를 환매금지형집합투자기구로 설정ㆍ설 립하여야 한다. [시행일: 2026. 3. 17.]"
제230조,[],,,,,,,
제231조,[],,종류형집합투자기구,집합투자업자,,,,제231조(종류형집합투자기구) ① 집합투자업자등은
제189조제2항,[],,,,,,,"제189조제2항,"
제196조제5항,[],,,,,,,제196조제5항 및
제208조 제1항,[],,,,,,,제208조 제1항
제216조제2항,[],,,,,,,
제222조제2항,[],,,,,,,제222조제2항 및
제227조제2항,[],REGULATION,집합투자기구,집합투자기구,준용,제227조제2항,MANDATORY,제227조제2항에서 준용하는 경우를 포함한다)에 불구 하고 같은 집합투자기구에서
제76조,[],DEFINITION,종류형집합투자기구,종류형집합투자기구,설정ㆍ설립,집합투자기구,DEFINITIONAL,"제76조제4항에 따른 판매보수의 차이로 인하여 기준가격이 다 르거나 판매수수료가 다른 여러 종류의 집합투자증권을 발행하는 집합투자기구(이하 이 조에 서 “종류형집합투자기구”라 한다)를 설정ㆍ설립할 수 있다. ② 종류형집합투자기구는 집합투자자총회의 결의가 필요한 경우로서 특정 종류의 집합투자 증권의 투자자에 대하여만 이해관계가 있는 경우에는 그 종류의 투자자만으로 종류집합투자자총회를 개최할 수 있다. ③ 종류형집합투자기구의 설정ㆍ설립, 집합투자증권의 발행ㆍ판매ㆍ환매, 그 밖에 종류형집합투자기구에 관하여 필요한 사항은 대통령령으로 정한다."
제232조,[],REGULATION,전환형집합투자기구,집합투자업자,설정ㆍ설립,전환형집합투자기구,MANDATORY,제232조(전환형집합투자기구) ① 집합투자업자등은 복수의 집합투자기구 간에 각 집합투자기 구의 투자자가 소유하고 있는 집합투자증권을 다른 집합투자기구의 집합투자증권으로 전환 할 수 있는 권리를 투자자에게 부여하는 구조의 집합투자기구(이하 이 조에서 “전환형집합투 자기구”라 한다)를 설정ㆍ설립하는 경우에는 다음 각 호의 요건을 모두 충족하여야 한다. <개 정 2015. 7. 24.> 1. 복수의 집합투자기구 간에 공통으로 적용되는 집합투자규약이 있을 것 2. 집합투자규약에
제9조,[],REGULATION,전환 금지 및 필요사항 정의,집합투자기구,전환,집합투자기구,PROHIBITIVE,"제9조제18항제1호부터 제4호까지, 제4호의2, 제5호, 제6호 및 같은 조 제 19항제1호의 규정에 따른 집합투자기구 간의 전환이 금지되어 있을 것 ② 집합투자증권의 전환, 그 밖에 전환형집합투자기구에 관하여 필요한 사항은 대통령령으로 정한다."
제233조,[],REGULATION,모자형집합투자기구,집합투자업자,설정ㆍ설립,자집합투자기구,MANDATORY,제233조(모자형집합투자기구) ① 집합투자업자등은 다른 집합투자기구(이하 이 조에서 “모집합 투자기구”라 한다)가 발행하는 집합투자증권을 취득하는 구조의 집합투자기구(이하 이 조에 서 “자집합투자기구”라 한다)를 설정ㆍ설립하는 경우에는 다음 각 호의 요건을 모두 충족하여 야 한다. 1. 자집합투자기구가 모집합투자기구의 집합투자증권 외의 다른 집합투자증권을 취득하는 것이 허용되지 아니할 것 2. 자집합투자기구 외의 자가 모집합투자기구의 집합투자증권을 취득하는 것이 허용되지 아 니할 것 법제처 140 국가법령정보 센터 자본시장과 금융투자업에 관한 법률 3. 자집합투자기구와 모집합투자기구의 집합투자재산을 운용하는 집합투자업자가 동일할 것 ②
제81조제1항제3호,"[None, None, 81, 3]",REGULATION,집합투자증권,대통령령,정한다,필요한 사항,MANDATORY,"제81조제1항제3호(라목을 제외한다)는 자집합투자기구가 모집합투자기구의 집합투자증 권을 취득하는 경우에는 적용하지 아니한다. ③ 모집합투자기구 및 자집합투자기구(이하 이 조에서 “모자형집합투자기구”라 한다)의 설정 ㆍ설립, 집합투자증권의 판매ㆍ환매, 그 밖에 모자형집합투자기구에 관하여 필요한 사항은 대통령령으로 정한다."
제234조,[],DEFINITION,상장지수집합투자기구,,,,DEFINITIONAL,제234조(상장지수집합투자기구) ①
제34조제1항제1호ㆍ제2호,[],,,,,,,"제34조제1항제1호ㆍ제2호,"
제87조제3항,[],,,,,,,제87조제3항(
제186조제2항,[],DEFINITION,준용,제186조제2항,포함한다,준용하는 경우,DEFINITIONAL,"제186조제2항에서 준용하는 경우를 포함한다),"
제88조,[],,,,,,,
제147조,[],,,,,,,
제172조,[],,,,,,,
Unknown,[],REGULATION,Unknown,,,,,제173조 및
Unknown,[],REGULATION,Unknown,,,,,제235조부터
제237조,[],REGULATION,상장지수집합투자기구,상장지수집합투자기구,적용하지 않다,상장지수집합투자기구,PROHIBITIVE,"제237조까 지의 규정은 다음 각 호의 요건을 모두 갖춘 집합투자기구(이하 이 조에서 “상장지수집합투자 기구”라 한다)에는 적용하지 아니한다. <개정 2009. 2. 3., 2013. 5. 28.> 1. 기초자산의 가격 또는 기초자산의 종류에 따라 다수 종목의 가격수준을 종합적으로 표시 하는 지수의 변화에 연동하여 운용하는 것을 목표로 할 것. 이 경우 기초자산의 가격 또는 지수는 대통령령으로 정하는 요건을 갖추어야 한다. 2. 수익증권 또는 투자회사 주식의 환매가 허용될 것 3. 수익증권 또는 투자회사 주식이 해당 투자신탁의 설정일 또는 투자회사의 설립일부터 30일 이내에 증권시장에 상장될 것 ② 투자매매업자 또는 투자중개업자 중 대통령령으로 정하는 자가 상장지수집합투자기구의 설정ㆍ설립을 위하여 자기 또는 타인의 계산으로 증권을 매매하는 경우에는 투자일임업을 영위하는 것으로 보지 아니한다. ③ 상장지수집합투자기구를 설정ㆍ추가설정 또는 설립ㆍ신주발행하는 경우"
제188조제4항,[],,,,,,,제188조제4항 및
제194조제7항,[],,,,,,,
제196조제6항,"[None, None, 196, 4]",REGULATION,자산 납입 및 상장지수집합투자기구 설정,,납입,자산,PERMISSIVE,"제196조제6항에서 준용하는 경우를 포함한다)에 불구하고 금전 외의 자산 으로 납입할 수 있다.<개정 2009. 2. 3.> ④ 상장지수집합투자기구의 설정ㆍ추가설정ㆍ설립 및 신주발행, 집합투자증권의 판매 및 환 매, 상장 및 상장폐지, 소유 재산의 공고, 그 밖에 필요한 사항은 대통령령으로 정한다.<개정 2009. 2. 3.>"
제234조의2,"[4, None, 234, 2]",,제234조의2,,,,,제234조의2 삭제 <2013. 8. 13.> 제4장 집합투자증권의 환매
제235조,[],REGULATION,환매청구,투자자,청구할 수 있다,집합투자증권,PERMISSIVE,"제235조(환매청구 및 방법 등) ① 투자자는 언제든지 집합투자증권의 환매를 청구할 수 있다. ② 투자자는 집합투자증권의 환매를 청구하고자 하는 경우에는 그 집합투자증권을 판매한 투자매매업자 또는 투자중개업자에게 청구하여야 한다. 다만, 투자매매업자 또는 투자중개업 자가 해산ㆍ인가취소 또는 업무정지, 그 밖에 대통령령으로 정하는 사유(이하 이 항에서 “해 산등”이라 한다)로 인하여 환매청구에 응할 수 없는 경우에는 총리령으로 정하는 방법에 따 라 해당 집합투자기구의 집합투자업자에게 직접 청구할 수 있으며, 환매청구를 받은 집합투 자업자가 해산등으로 인하여 환매에 응할 수 없는 경우에는 해당 집합투자재산을 보관ㆍ관 리하는 신탁업자에게 청구할 수 있다.<개정 2008. 2. 29.> ③ 제2항 본문에 따라 환매청구를 받은 투자매매업자 또는 투자중개업자는 수익증권 또는 투자익명조합의 지분증권인 경우 해당 투자신탁 또는 투자익명조합의 집합투자업자에 대하 법제처 141 국가법령정보 센터 자본시장과 금융투자업에 관한 법률 여, 투자회사등이 발행한 집합투자증권인 경우 그 투자회사등에 대하여 각각 지체 없이 환매 에 응할 것을 요구하여야 하며, 제2항 단서에 따라 투자회사등이 발행한 집합투자증권의 환 매청구를 받은 집합투자업자 또는 신탁업자는 투자회사등에 대하여 지체 없이 환매에 응할 것을 요구하여야 한다. ④ 제2항 및 제3항에 따라 환매청구를 받거나 환매에 응할 것을 요구받은 투자신탁이나 투 자익명조합의 집합투자업자(해당 집합투자재산을 보관ㆍ관리하는 신탁업자를 포함한다) 또 는 투자"
제236조,[],REGULATION,환매가격 및 수수료,투자자,환매,집합투자증권,MANDATORY,"제236조(환매가격 및 수수료) ① 투자신탁이나 투자익명조합의 집합투자업자 또는 투자회사등 은 집합투자증권을 환매하는 경우 환매청구일 후에 산정되는 기준가격으로 하여야 한다. 다 만, 투자자의 이익 또는 집합투자재산의 안정적 운용을 해할 우려가 없는 경우로서 대통령령 으로 정하는 경우에는 환매청구일 이전에 산정된 기준가격으로 환매할 수 있다. ② 집합투자증권을 환매하는 경우에 부과하는 환매수수료는 대통령령으로 정하는 방법에 따 라 집합투자증권의 환매를 청구하는 해당 투자자가 부담하며, 투자자가 부담한 환매수수료 는 집합투자재산에 귀속된다. ③ 제1항에 따른 환매청구일 후의 기준가격의 결정 등 환매가격에 관하여 필요한 사항은 대 통령령으로 정한다."
제237조,[],REGULATION,환매 연기,투자신탁,연기,환매,PERMISSIVE,제237조(환매의 연기) ① 투자신탁이나 투자익명조합의 집합투자업자 또는 투자회사등은 집합 투자재산인 자산의 처분이 불가능한 경우 등 대통령령으로 정하는 사유로 인하여 집합투자규 약에서 정한 환매일에 집합투자증권을 환매할 수 없게 된 경우에는 그 집합투자증권의 환매 를 연기할 수 있다. 이 경우 투자신탁이나 투자익명조합의 집합투자업자 또는 투자회사등은 환매를 연기한 날부터 6주 이내에 집합투자자총회에서 집합투자증권의 환매에 관한 사항으 로서 대통령령으로 정하는 사항을 결의(
제190조제5항,[],,,,,,,"제190조제5항 본문,"
제201조제2항,"[None, None, 201, 2]",CONCEPT,단서,,,,,"제201조제2항 단서,"
제210조제,[],CONCEPT,자본시장과 금융투자업에 관한 법률,법제처,,자본시장과 금융투자업에 관한 법률,,"제210조제 법제처 142 국가법령정보 센터 자본시장과 금융투자업에 관한 법률 2항 단서,"
제215조제3항,"[None, None, 215, 3]",,,,,,,"제215조제3항,"
제220조제3항,[],,,,,,,제220조제3항 및
제226조제3항,[],REGULATION,환매,집합투자업자,통지,투자자,MANDATORY,제226조제3항의 결의를 말한다)하여야 한다. ② 투자신탁이나 투자익명조합의 집합투자업자 또는 투자회사등은 제1항 후단의 집합투자 자총회에서 집합투자증권의 환매에 관한 사항을 정하지 아니하거나 환매에 관하여 정한 사 항의 실행이 불가능한 경우에는 계속하여 환매를 연기할 수 있다. ③ 투자신탁이나 투자익명조합의 집합투자업자 또는 투자회사등은 제1항 후단의 집합투자 자총회에서 환매에 관한 사항이 결의되거나 제2항에 따라 환매의 연기를 계속하는 경우 지 체 없이 다음 각 호의 구분에 따라 정한 사항을 투자자에게 통지하여야 한다. 1. 집합투자자총회에서 환매에 관한 사항을 결의한 경우 가. 환매에 관하여 결의한 사항 나. 그 밖에 대통령령으로 정하는 사항 2. 환매연기를 계속하는 경우 가. 환매를 연기하는 사유 나. 환매를 연기하는 기간 다. 환매를 재개하는 경우 환매대금의 지급방법 라. 그 밖에 대통령령으로 정하는 사항 ④ 투자신탁이나 투자익명조합의 집합투자업자 또는 투자회사등은 환매연기사유의 전부 또 는 일부가 해소된 경우에는 환매가 연기된 투자자에 대하여 환매한다는 뜻을 통지하고 대통 령령으로 정하는 방법에 따라 환매대금을 지급하여야 한다. ⑤ 투자신탁이나 투자익명조합의 집합투자업자 또는 투자회사등은 집합투자재산의 일부가 제1항에 따른 환매연기사유에 해당하는 경우 그 일부에 대하여는 환매를 연기하고 나머지에 대하여는 투자자가 소유하고 있는 집합투자증권의 지분(持分)에 따라 환매에 응할 수 있다. ⑥ 투자신탁이나 투자익명조합의 집합투자업자 또는 투자회사등은 제5항에 따라 환매가 연 기된 집합투자재산만으로 별도의 집합투자기구를 설정 또는 설립할 수 있다. 이 경우
제81조,[],,,,,,,
제88조,[],,,,,,,"제88조,"
제238조제7항,[],,,,,,,
Unknown,[],REGULATION,Unknown,,,,,제240조제3항부터 제8항까지 및
제248조,[],REGULATION,제248조 적용 및 필요 사항 정의,대통령령,정한다,필요한 사항,MANDATORY,제248조를 적용하지 아니한다. ⑦ 제5항에 따른 환매대금의 지급방법 및 제6항에 따른 별도의 집합투자기구의 설정 또는 설립 등에 관하여 필요한 사항은 대통령령으로 정한다. ⑧ 투자신탁이나 투자익명조합의 집합투자업자 또는 투자회사등은 다음 각 호의 어느 하나 에 해당하는 경우에는
제235조제1항,[],REGULATION,환매청구에 응하지 않음,집합투자기구,응하지 않음,환매청구,PERMISSIVE,"제235조제1항에 따른 환매청구에 응하지 아니할 수 있다. 1. 집합투자기구(투자신탁을 제외한다)가 해산한 경우 2. 투자회사의 순자산액이 정관이 정하는 최저순자산액에 미달하는 경우 3. 법령 또는 법령에 따른 명령에 따라 환매가 제한되는 경우 4. 투자신탁의 수익자, 투자회사의 주주 또는 그 수익자ㆍ주주의 질권자로서 권리를 행사할 자를 정하기 위하여 「상법」"
제354조제1항,"[None, None, 354, 1]",,,,,,,제354조제1항(
제189조제9항,[],REGULATION,환매청구,수익자,청구,환매청구,DEFINITIONAL,제189조제9항에서 준용하는 경우를 포함한다. 이하 이 조에서 같다)에 따라 일정한 날을 정하여 수익자명부 또는 주주명부에 기재된 수익자ㆍ주주 또는 질권자를 그 권리를 행사할 수익자ㆍ주주 또는 질권자로 보도록 한 경우 로서 이 일정한 날과 그 권리를 행사할 날의 사이에 환매청구를 한 경우. 이 경우 같은 법
제354조제3항,"[None, None, 354, 3]",REGULATION,기간 정의 변경,제354조제3항,대체,3월,MANDATORY,제354조제3항을 적용함에 있어서 “3월”을 “2개월”로 한다.
제238조,[],REGULATION,집합투자재산 평가,집합투자업자,평가,집합투자재산,MANDATORY,"제238조(집합투자재산의 평가 및 기준가격의 산정 등) ① 집합투자업자는 대통령령으로 정하는 방법에 따라 집합투자재산을 시가에 따라 평가하되, 평가일 현재 신뢰할 만한 시가가 없는 경우에는 대통령령으로 정하는 공정가액으로 평가하여야 한다. 다만, 투자자가 수시로 변동되는 등 투자자의 이익을 해할 우려가 적은 경우로서 대통령령으로 정하는 경우에는 대통령령으로 정하는 가액으로 평가할 수 있다. ② 집합투자업자는 제1항에 따른 집합투자재산의 평가업무를 수행하기 위하여 대통령령으로 정하는 방법에 따라 평가위원회를 구성ㆍ운영하여야 한다. ③ 집합투자업자는 집합투자재산에 대한 평가가 공정하고 정확하게 이루어질 수 있도록 그 집합투자재산을 보관ㆍ관리하는 신탁업자의 확인을 받아 다음 각 호의 사항이 포함된 집합 투자재산의 평가와 절차에 관한 기준(이하 이 조에서 “집합투자재산평가기준”이라 한다)을 마련하여야 한다. 1. 제2항에 따른 평가위원회의 구성 및 운영에 관한 사항 2. 집합투자재산의 평가의 일관성 유지에 관한 사항 3. 집합투자재산의 종류별로 해당 재산의 가격을 평가하는 채권평가회사"
제263조,[],REGULATION,기준가격 산정,집합투자업자,산정,기준가격,MANDATORY,"제263조에 따른 채 권평가회사를 말한다)를 두는 경우 그 선정 및 변경과 해당 채권평가회사가 제공하는 가격 의 적용에 관한 사항 4. 그 밖에 대통령령으로 정하는 사항 ④ 집합투자업자는 제2항에 따른 평가위원회가 집합투자재산을 평가한 경우 그 평가명세를 지체 없이 그 집합투자재산을 보관ㆍ관리하는 신탁업자에게 통보하여야 한다. ⑤ 집합투자재산을 보관ㆍ관리하는 신탁업자는 집합투자업자의 집합투자재산에 대한 평가 가 법령 및 집합투자재산평가기준에 따라 공정하게 이루어졌는지 확인하여야 한다. ⑥ 투자신탁이나 투자익명조합의 집합투자업자 또는 투자회사등은 제1항부터 제5항까지의 규정에 따른 집합투자재산의 평가결과에 따라 대통령령으로 정하는 방법으로 집합투자증권 의 기준가격을 산정하여야 한다. ⑦ 투자신탁이나 투자익명조합의 집합투자업자 또는 투자회사등은 제6항에 따라 산정된 기 준가격을 매일 공고ㆍ게시하여야 한다. 다만, 기준가격을 매일 공고ㆍ게시하기 곤란한 경우 등 대통령령으로 정하는 경우에는 해당 집합투자규약에서 기준가격의 공고ㆍ게시주기를 15일 이내의 범위에서 별도로 정할 수 있다. ⑧ 금융위원회는 투자신탁이나 투자익명조합의 집합투자업자 또는 투자회사등이 제6항을 위반하여 거짓으로 기준가격을 산정한 경우에는 그 투자신탁이나 투자익명조합의 집합투자 업자 또는 투자회사등에 대하여 기준가격 산정업무를 일반사무관리회사에 그 범위를 정하여 위탁하도록 명할 수 있다. 이 경우 해당 집합투자업자 및 그 집합투자업자의 계열회사, 투자 회사ㆍ투자유한회사ㆍ투자합자회사ㆍ투자유한책임회사의 계열회사는 그 수탁대상에서 제 외된다.<개정 2008. 2. 29., 2013. 5. 28.>"
제239조,[],REGULATION,결산서류,집합투자업자,작성,결산서류,MANDATORY,제239조(결산서류의 작성 등) ① 투자신탁이나 투자익명조합의 집합투자업자 또는 투자회사등 은 집합투자기구의 결산기마다 다음 각 호의 서류 및 부속명세서(이하 이 조에서 “결산서류 ”라 한다)를 작성하여야 한다. <개정 2021. 4. 20.> 1. 재무상태표 2. 손익계산서 법제처 144 국가법령정보 센터 자본시장과 금융투자업에 관한 법률 3.
제88조,[],REGULATION,보고서,투자회사의 법인이사,제출,결산서류,MANDATORY,"제88조에 따른 자산운용보고서 ② 투자회사의 법인이사는 결산서류의 승인을 위하여 이사회 개최 1주 전까지 그 결산서류 를 이사회에 제출하여 그 승인을 받아야 한다. ③ 투자신탁이나 투자익명조합의 집합투자업자 또는 투자회사등은 다음 각 호의 서류를 본 점(투자회사등의 경우 그 투자회사등의 집합투자재산을 운용하는 집합투자업자의 본점을 포 함한다)에 비치하여야 하며, 해당 집합투자증권을 판매한 투자매매업자 또는 투자중개업자 에게 이를 송부하여 그 영업소에 비치하도록 하여야 한다. 1. 결산서류 2. 회계감사보고서 3. 집합투자자총회 의사록 4. 이사회 의사록(투자회사의 경우에 한한다) ④ 투자신탁이나 투자익명조합의 집합투자업자, 투자회사등 및 해당 집합투자증권을 판매한 투자매매업자 또는 투자중개업자는 결산서류 및 회계감사보고서를 제3항의 비치일부터 5년 간 보존하여야 한다. ⑤ 집합투자기구의 투자자 및 채권자는 영업시간 중 언제든지 제3항에 따라 비치된 서류를 열람할 수 있으며, 그 서류의 등본 또는 초본의 교부를 청구할 수 있다. ⑥ 결산서류의 기재사항 등에 관하여 필요한 사항은 금융위원회가 정하여 고시한다.<개정 2008. 2. 29.>"
제240조,[],REGULATION,회계처리기준,투자신탁,정한다,회계처리기준,MANDATORY,"제240조(집합투자재산의 회계처리 등) ① 투자신탁이나 투자익명조합의 집합투자업자 또는 투자회사등은 집합투자재산에 관하여 회계처리를 하는 경우 금융위원회가 증권선물위원회의 심의를 거쳐 정하여 고시한 회계처리기준에 따라야 한다. <개정 2008. 2. 29.> ② 금융위원회는 제1항에 따른 회계처리기준의 제정 또는 개정을 전문성을 갖춘 민간법인 또는 단체로서 대통령령으로 정하는 자에게 위탁할 수 있다. 이 경우 그 민간법인 또는 단체는 회계처리기준을 제정 또는 개정한 때에는 이를 금융위원회에 지체 없이 보고하여야 한다. <개정 2008. 2. 29.> ③ 투자신탁이나 투자익명조합의 집합투자업자 또는 투자회사등은 집합투자재산에 대하여 회계기간의 말일 및 다음 각 호의 날부터 2개월 이내에 회계감사인의 회계감사를 받아야 한다. 다만, 투자자의 이익을 해할 우려가 없는 경우로서 대통령령으로 정하는 경우에는 그러하지 아니하다. 1. 계약기간 종료 또는 해지의 경우 : 그 종료일 또는 해지일 2. 존속기간 만료 또는 해산의 경우 : 그 만료일 또는 해산일 ④ 투자신탁이나 투자익명조합의 집합투자업자 또는 투자회사등은 집합투자재산의 회계감사를 선임하거나 교체한 경우에는 지체 없이 그 집합투자재산을 보관ㆍ관리하는 신탁업자에게 그 사실을 통지하여야 하며, 그 선임일 또는 교체일부터 1주 이내에 금융위원회에 그 사실을 보고하여야 한다.<개정 2008. 2. 29.> ⑤ 회계감사인은 투자신탁이나 투자익명조합재산의 집합투자업자 또는 투자회사등의 집합투자증권의 기준가격 산정업무 및 집합투자재산의 회계처리 업무를 감사함에 있어서 집합투자재산평가기준을 준수하는지 감사하고 그 결과를 투자신탁이나 투자익명조합의 집합투자업자의 감사(감사위원회가 설치된 경우에는 감사위원회를 말한다) 또는 투자회사등에 통보 하여야 한다. 법제처 145 국가법령정보 센터 자본시장과 금융투자업에 관한 법률 ⑥ 회계감사인은 제10항에 따른 감사기준 및 「주식회사 등의 외부감사에 관한 법률」"
제16조,[],REGULATION,회계감사,회계감사인,요청,회계장부,MANDATORY,"제16조 에 따른 회계감사기준에 따라 회계감사를 실시하여야 한다.<개정 2009. 2. 3., 2017. 10. 31.> ⑦ 회계감사인은 다음 각 호의 자에게 집합투자재산의 회계장부 등 관계 자료의 열람ㆍ복사 를 요청하거나 회계감사에 필요한 자료의 제출을 요구할 수 있다. 이 경우 요청 또는 요구를 받은 자는 지체 없이 이에 응하여야 한다. 1. 그 집합투자재산을 운용하는 집합투자업자 2. 그 집합투자재산을 보관ㆍ관리하는 신탁업자 3. 해당 집합투자증권을 판매하는 투자매매업자ㆍ투자중개업자 4."
제184조제6항,[],DEFINITION,일반사무관리회사,일반사무관리회사,위탁받은,투자회사,DEFINITIONAL,제184조제6항에 따라 해당 투자회사로부터 업무를 위탁받은 일반사무관리회사 또는
제 238조제8항,"[None, None, 238, 8]",REGULATION,기준가격 산정업무,일반사무관리회사,위탁받다,기준가격 산정업무,DEFINITIONAL,제 238조제8항에 따라 투자신탁이나 투자익명조합의 집합투자업자 또는 투자회사등으로부터 기준가격 산정업무를 위탁받은 일반사무관리회사 ⑧ 「주식회사 등의 외부감사에 관한 법률」
제20조,[],REGULATION,회계감사,제20조,준용한다,집합투자재산의 회계감사,MANDATORY,제20조는 제3항에 따른 집합투자재산의 회계감 사에 관하여 준용한다.<개정 2017. 10. 31.> ⑨ 「주식회사 등의 외부감사에 관한 법률」
제4조,[],,,,,,,제4조 및
제8조,[],REGULATION,회계감사인,대통령령,정한다,필요한 사항,MANDATORY,"제8조는 투자회사에는 적용하지 아니한 다.<개정 2017. 10. 31.> ⑩ 회계감사인의 선임기준, 감사기준, 회계감사인의 권한, 회계감사보고서의 제출 및 공시 등 에 관하여 필요한 사항은 대통령령으로 정한다.<개정 2009. 2. 3.>"
제241조,[],REGULATION,손해배상책임,회계감사인,,,,제241조(회계감사인의 손해배상책임) ① 회계감사인은
Unknown,[],REGULATION,Unknown,,,,,제240조제3항에 따른 회계감사의 결과 회계감사보고서 중 중요사항에 관하여 거짓의 기재 또는 표시가 있거나 중요사항이 기재 또 는 표시되지 아니함으로써 이를 이용한 투자자에게 손해를 끼친 경우에는 그 투자자에 대하 여 손해를 배상할 책임을 진다. 이 경우 「주식회사 등의 외부감사에 관한 법률」
Unknown,[],REGULATION,Unknown,,,,,"제2조제7호 나목에 따른 감사반이 회계감사인인 경우에는 해당 집합투자재산에 대한 감사에 참여한 자가 연대하여 손해를 배상할 책임을 진다. <개정 2017. 10. 31.> ② 회계감사인이 투자자에 대하여 손해를 배상할 책임이 있는 경우로서 해당 집합투자재산 을 운용하는 집합투자업자의 이사ㆍ감사(감사위원회가 설치된 경우에는 감사위원회의 위원 을 말한다. 이하 이 항에서 같다) 또는 투자회사의 감독이사에게도 귀책사유가 있는 경우에 는 그 회계감사인과 집합투자업자의 이사ㆍ감사 또는 투자회사의 감독이사는 연대하여 손해 를 배상할 책임을 진다. 다만, 손해를 배상할 책임이 있는 자가 고의가 없는 경우에 그 자는 법원이 귀책사유에 따라 정하는 책임비율에 따라 손해를 배상할 책임이 있다.<개정 2014. 1. 28.> ③ 제2항 단서에도 불구하고 손해배상을 청구하는 자의 소득인정액(「국민기초생활 보장법」"
제2조제8호,"[None, None, 2, 8]",REGULATION,배상 책임,감사인,배상,손해,MANDATORY,제2조제8호에 따른 소득인정액을 말한다)이 대통령령으로 정하는 금액 이하에 해당되는 경 우에는 회계감사인과 집합투자업자의 이사ㆍ감사 또는 투자회사의 감독이사는 연대하여 손 해를 배상할 책임이 있다.<신설 2014. 1. 28.> ④ 「주식회사 등의 외부감사에 관한 법률」
제31조제6항부터 제9항까지,[],REGULATION,준용,규정,준용,제1항 및 제2항,MANDATORY,"제31조제6항부터 제9항까지의 규정은 제1항 및 제2항의 경우에 준용한다.<개정 2014. 1. 28., 2017. 10. 31.>"
제242조,"[0, 0, 242, 0]",REGULATION,이익금 분배,집합투자업자,분배,이익금,MANDATORY,"제242조(이익금의 분배) ① 투자신탁이나 투자익명조합의 집합투자업자 또는 투자회사등은 집합투자기구의 집합투자재산 운용에 따라 발생한 이익금을 투자자에게 금전 또는 새로 발행하는 집합투자증권으로 분배하여야 한다. 다만, 집합투자기구의 특성을 고려하여 대통령령으로 법제처 146 국가법령정보 센터 자본시장과 금융투자업에 관한 법률 정하는 집합투자기구의 경우에는 집합투자규약이 정하는 바에 따라 이익금의 분배를 집합투자기구에 유보할 수 있다. ② 투자신탁이나 투자익명조합의 집합투자업자 또는 투자회사등은 집합투자기구의 특성에 따라 이익금을 초과하여 분배할 필요가 있는 경우에는 이익금을 초과하여 금전으로 분배할 수 있다. 다만, 투자회사의 경우에는 순자산액에서 최저순자산액을 뺀 금액을 초과하여 분배 할 수 없다. ③ 제1항에 따른 이익금의 분배 및 제2항에 따른 이익금을 초과하는 금전의 분배에 관하여 필요한 사항은 대통령령으로 정한다.<개정 2009. 2. 3.>"
제243조,"[6, None, 243, None]",,삭제,,,,,제243조 삭제 <2015. 7. 24.> 제6장 집합투자재산의 보관 및 관리
제244조,[],REGULATION,선관주의의무,신탁업자,보관ㆍ관리 및 보호,집합투자재산 및 투자자의 이익,MANDATORY,"제244조(선관주의의무) 집합투자재산을 보관ㆍ관리하는 신탁업자는 선량한 관리자의 주의로써 집합투자재산을 보관ㆍ관리하여야 하며, 투자자의 이익을 보호하여야 한다."
제245조,"[2, 4, 2, 4]",CONCEPT,적용배제,,,,,
제116조,[],,,,,,,
제117조,[],REGULATION,신탁업자,신탁업자,신탁받는다,투자신탁재산,PROHIBITIVE,제117조를 제외한다)은 신탁업자가 투자 신탁재산을 신탁받는 경우 그 투자신탁에 관하여는 적용하지 아니한다.
제246조,[],REGULATION,신탁업자 업무제한,신탁업자,보관·관리,집합투자재산,MANDATORY,"제246조(신탁업자의 업무제한 등) ① 집합투자재산을 보관ㆍ관리하는 신탁업자는 다음 각 호의 어느 하나에 해당하는 자의 계열회사여서는 아니 된다. <개정 2013. 5. 28.> 1. 해당 집합투자기구(투자회사ㆍ투자유한회사ㆍ투자합자회사 및 투자유한책임회사로 한정 한다) 2. 그 집합투자재산을 운용하는 집합투자업자 ② 집합투자재산을 보관ㆍ관리하는 신탁업자는 집합투자재산을 자신의 고유재산, 다른 집합 투자재산 또는 제삼자로부터 보관을 위탁받은 재산과 구분하여 관리하여야 한다. 이 경우 집 합투자재산이라는 사실과 위탁자를 명기하여야 한다. ③ 집합투자재산을 보관ㆍ관리하는 신탁업자는 집합투자재산 중 증권, 그 밖에 대통령령으 로 정하는 것을 자신의 고유재산과 구분하여 집합투자기구별로 예탁결제원에 예탁하여야 한 다. 다만, 해당 증권의 유통 가능성, 다른 법령에 따른 유통방법이 있는지 여부, 예탁의 실행 가능성 등을 고려하여 대통령령으로 정하는 경우에는 그러하지 아니하다.<개정 2013. 5. 28.> ④ 집합투자재산을 보관ㆍ관리하는 신탁업자는 집합투자재산을 운용하는 집합투자업자가"
제80조,[],REGULATION,집합투자재산 거래 및 정보 이용 금지,신탁업자,거래,집합투자재산,PROHIBITIVE,"제80조에 따라 그 신탁업자에 대하여 자산의 취득ㆍ처분 등의 이행 또는 보관ㆍ관리 등에 필요한 지시를 하는 경우 대통령령으로 정하는 방법에 따라 이를 각각의 집합투자기구별로 이행하여야 한다. ⑤ 집합투자재산을 보관ㆍ관리하는 신탁업자는 자신이 보관ㆍ관리하는 집합투자재산을 자 신의 고유재산, 다른 집합투자재산 또는 제삼자로부터 보관을 위탁받은 재산과 거래하여서는 아니 된다. 다만, 집합투자재산을 효율적으로 운용하기 위하여 필요한 경우로서 대통령령 으로 정하는 경우에는 그러하지 아니하다.<신설 2009. 2. 3., 2013. 5. 28.> ⑥ 집합투자재산을 보관ㆍ관리하는 신탁업자는 자신이 보관ㆍ관리하는 집합투자재산을 그 이해관계인의 고유재산과 거래하여서는 아니 된다.<신설 2009. 2. 3.> 법제처 147 국가법령정보 센터 자본시장과 금융투자업에 관한 법률 ⑦ 집합투자재산을 보관ㆍ관리하는 신탁업자는 그 집합투자기구의 집합투자재산에 관한 정 보를 자기의 고유재산의 운용, 자기가 운용하는 집합투자재산의 운용 또는 자기가 판매하는 집합투자증권의 판매를 위하여 이용하여서는 아니 된다.<신설 2009. 2. 3.>"
제247조,[],REGULATION,운용행위감시,신탁업자,확인하고 요구하여야 한다,집합투자재산,MANDATORY,"제247조(운용행위감시 등) ① 집합투자재산(투자회사재산을 제외한다)을 보관ㆍ관리하는 신탁 업자는 그 집합투자재산을 운용하는 집합투자업자의 운용지시 또는 운용행위가 법령, 집합투 자규약 또는 투자설명서(예비투자설명서 및 간이투자설명서를 포함한다. 이하 이 조에서 같 다) 등을 위반하는지 여부에 대하여 대통령령으로 정하는 기준 및 방법에 따라 확인하고 위반 사항이 있는 경우에는 그 집합투자업자에 대하여 그 운용지시 또는 운용행위의 철회ㆍ변경 또는 시정을 요구하여야 한다. ② 투자회사재산을 보관ㆍ관리하는 신탁업자는 그 투자회사재산을 운용하는 집합투자업자 의 운용행위가 법령, 정관 또는 투자설명서 등을 위반하는지의 여부에 대하여 대통령령으로 정하는 기준 및 방법에 따라 확인하고 위반이 있는 경우에는 그 투자회사의 감독이사에게 보 고하여야 하며, 보고를 받은 투자회사의 감독이사는 그 투자회사재산을 운용하는 집합투자 업자에 대하여 그 운용행위의 시정을 요구하여야 한다. ③ 집합투자재산(투자회사재산을 제외한다)을 보관ㆍ관리하는 신탁업자 또는 투자회사의 감 독이사는 해당 집합투자재산을 운용하는 집합투자업자가 제1항 또는 제2항에 따른 요구를 3영업일 이내에 이행하지 아니하는 경우에는 그 사실을 금융위원회에 보고하여야 하며, 대 통령령으로 정하는 사항을 대통령령으로 정하는 방법에 따라 공시하여야 한다. 다만, 투자회 사의 감독이사가 금융위원회에 대한 보고 또는 공시에 관한 업무를 이행하지 아니한 경우에 는 그 투자회사재산을 보관ㆍ관리하는 신탁업자가 이를 이행하여야 한다.<개정 2008. 2. 29., 2021. 4. 20.> ④ 집합투자업자는 제1항 또는 제2항의 요구에 대하여 금융위원회에 이의를 신청할 수 있다. 이 경우 관련 당사자는 대통령령으로 정하는 기준에 따라 행하는 금융위원회의 결정에 따라 야 한다.<개정 2008. 2. 29.> ⑤ 집합투자재산을 보관ㆍ관리하는 신탁업자는 집합투자재산과 관련하여 다음 각 호의 사항 을 확인하여야 한다. 1. 투자설명서가 법령 및 집합투자규약에 부합하는지 여부 2."
제88조제1항ㆍ제2항,[],REGULATION,자산운용보고서,,작성,자산운용보고서,,제88조제1항ㆍ제2항에 따른 자산운용보고서의 작성이 적정한지 여부 3.
제93조제2항,[],CONCEPT,위험관리방법,작성,적정하다,위험관리방법,,제93조제2항에 따른 위험관리방법의 작성이 적정한지 여부 4.
제238조제1항,[],CONCEPT,평가 공정성,평가,,공정성,,제238조제1항에 따른 집합투자재산의 평가가 공정한지 여부 5.
제238조제6항,[],REGULATION,집합투자업자 이행명세,집합투자업자,이행명세,집합투자재산,MANDATORY,"제238조제6항에 따른 기준가격 산정이 적정한지 여부 6. 제1항 또는 제2항의 시정요구 등에 대한 집합투자업자의 이행명세 7. 그 밖에 투자자 보호를 위하여 필요한 사항으로서 대통령령으로 정하는 사항 ⑥ 집합투자재산을 보관ㆍ관리하는 신탁업자는 제1항에 따른 요구를 하거나 제2항에 따른 보고를 하기 위하여 필요한 경우 또는 제5항 각 호의 사항을 확인하기 위하여 필요한 경우에 는 해당 집합투자업자, 투자회사등 또는 투자회사로부터"
제184조제6항,"[None, None, 184, 6]",REGULATION,자료 제출,일반사무관리회사,요구,자료,PERMISSIVE,"제184조제6항의 업무를 위탁받은 일반사무관리회사에 대하여 관련된 자료의 제출을 요구할 수 있다. 이 경우 그 집합투자업자 , 투자회사등 또는 일반사무관리회사는 정당한 사유가 없는 한 이에 응하여야 한다."
제248조,[],REGULATION,자산보관·관리보고서,신탁업자,교부,집합투자자재산,MANDATORY,제248조(자산보관ㆍ관리보고서의 교부) ① 집합투자재산을 보관ㆍ관리하는 신탁업자는 집합투자자재산에 관하여
제90조제2항,"[None, None, 90, 2]",REGULATION,자산보관ㆍ관리보고서,,작성,자산보관ㆍ관리보고서,MANDATORY,"제90조제2항 각 호의 어느 하나의 사유가 발생한 날부터 2개월 이내에 다음 각 호의 사항이 기재된 자산보관ㆍ관리보고서를 작성하여 투자자에게 교부하여야 한다. 다만 , 투자자가 수시로 변동되는 등 투자자의 이익을 해할 우려가 없는 경우로서 대통령령으로 정 하는 경우에는 자산보관ㆍ관리보고서를 투자자에게 교부하지 아니할 수 있다. <개정 2009. 2. 3.> 1. 집합투자규약의 주요 변경사항 2. 투자운용인력의 변경 3. 집합투자자총회의 결의내용 4."
제247조제5항,"[None, None, 247, 5]",REGULATION,자산보관ㆍ관리보고서 교부,신탁업자,교부,금융위원회 및 협회,MANDATORY,"제247조제5항 각 호의 사항 5. 그 밖에 대통령령으로 정하는 사항 ② 신탁업자는 제1항에 따른 자산보관ㆍ관리보고서를 제1항의 기간 이내에 금융위원회 및 협회에 교부하여야 한다.<개정 2008. 2. 29., 2009. 2. 3.> ③ 제1항에 따른 자산보관ㆍ관리보고서의 제공시기 및 방법, 비용부담 등에 관하여 필요한 사항은 대통령령으로 정한다. [제목개정 2009. 2. 3.]"
제249조,[],REGULATION,미등록 영업행위,누구든지,영위하다,일반 사모집합투자업,PROHIBITIVE,제249조(미등록 영업행위의 금지) 누구든지 이 법에 따른 일반 사모집합투자업 등록을 하지 아니하고는 일반 사모집합투자업을 영위해서는 아니 된다. <개정 2021. 4. 20.> [전문개정 2015. 7. 24.]
제249조의2,"[None, None, 249, 2]",REGULATION,적격투자자,일반 사모집합투자기구,발행,집합투자증권,PERMISSIVE,"제249조의2(일반 사모집합투자기구의 투자자) 일반 사모집합투자기구인 투자신탁이나 투자익 명조합의 일반 사모집합투자업자 또는 일반 사모집합투자기구인 투자회사등은 다음 각 호의 어느 하나에 해당하는 투자자(이하 이 장에서 “적격투자자”라 한다)에 한정하여 집합투자증권 을 발행할 수 있다. <개정 2021. 4. 20.> 1. 전문투자자로서 대통령령으로 정하는 투자자 2. 1억원 이상으로서 대통령령으로 정하는 금액 이상을 투자하는 개인 또는 법인, 그 밖의 단 체(「국가재정법」 별표 2에서 정한 법률에 따른 기금과 집합투자기구를 포함한다) [전문개정 2015. 7. 24.] [제목개정 2021. 4. 20.]"
Unknown,[],REGULATION,Unknown,,,,,"제249조의3(일반 사모집합투자업의 등록) ① 일반 사모집합투자업을 영위하려는 자는 금융위 원회에 일반 사모집합투자업 등록을 하여야 한다. <개정 2021. 4. 20.> ② 제1항에 따라 등록을 하려는 자는 다음 각 호의 요건을 모두 갖추어야 한다.<개정 2015. 7. 31., 2021. 4. 20.> 법제처 149 국가법령정보 센터 자본시장과 금융투자업에 관한 법률 1. 다음 각 목의 어느 하나에 해당하는 자일 것 가. 「상법」에 따른 주식회사이거나 대통령령으로 정하는 금융회사 나. 외국 집합투자업자(외국 법령에 따라 외국에서 집합투자업에 상당하는 영업을 영위하 는 자를 말한다. 이하 이 조에서 같다)로서 외국에서 영위하고 있는 영업에 상당하는 집 합투자업 수행에 필요한 지점, 그 밖의 영업소를 설치한 자 2. 5억원 이상으로서 대통령령으로 정하는 금액 이상의 자기자본을 갖출 것 3. 투자자의 보호가 가능하고 그 영위하려는 일반 사모집합투자업을 수행하기에 충분한 인 력과 전산설비, 그 밖의 물적 설비를 갖출 것 4. 임원이 「금융회사의 지배구조에 관한 법률」"
제5조,"[0, 0, 5, 0]",REGULATION,요건,대주주,갖출,요건,MANDATORY,제5조에 적합할 것 5. 대주주나 외국 집합투자업자가 다음 각 목의 구분에 따른 요건을 갖출 것 가. 제1호가목의 경우 대주주(
제12조제2항제6호,"[12, 2, 6, None]",PROCEDURE,등록신청,금융위원회,검토,등록신청서,MANDATORY,"제12조제2항제6호가목의 대주주를 말한다)가 충분한 출자능 력, 건전한 재무상태 및 사회적 신용을 갖출 것 나. 제1호나목의 경우 외국 집합투자업자가 충분한 출자능력, 건전한 재무상태 및 사회적 신용을 갖출 것 6. 경영건전성기준 등 대통령령으로 정하는 건전한 재무상태와 법령 위반사실이 없는 등 대 통령령으로 정하는 건전한 사회적 신용을 갖출 것 7. 일반 사모집합투자업자와 투자자 간, 특정 투자자와 다른 투자자 간의 이해상충을 방지하 기 위한 체계를 갖출 것 ③ 제1항에 따른 일반 사모집합투자업 등록을 하려는 자는 등록신청서를 금융위원회에 제출 하여야 한다.<개정 2021. 4. 20.> ④ 금융위원회는 제3항의 등록신청서를 접수한 경우에는 그 내용을 검토하여 2개월 이내에 일반 사모집합투자업 등록 여부를 결정하고, 그 결과와 이유를 지체 없이 신청인에게 문서로 통지하여야 한다. 이 경우 등록신청서에 흠결이 있는 때에는 보완을 요구할 수 있다.<개정 2021. 4. 20.> ⑤ 제4항의 검토기간을 산정할 때 등록신청서 흠결의 보완기간 등 총리령으로 정하는 기간 은 검토기간에 산입하지 아니한다. ⑥ 금융위원회는 제4항의 일반 사모집합투자업 등록 여부를 결정할 때 다음 각 호의 어느 하 나에 해당하는 사유가 없으면 등록을 거부해서는 아니 된다.<개정 2021. 4. 20.> 1. 제2항의 일반 사모집합투자업 등록요건을 갖추지 아니한 경우 2. 제3항의 등록신청서를 거짓으로 작성한 경우 3. 제4항 후단의 보완요구를 이행하지 아니한 경우 ⑦ 금융위원회는 제4항에 따라 일반 사모집합투자업 등록을 결정한 경우 일반 사모집합투자 업자 등록부에 필요한 사항을 적어야 하며, 등록결정한 내용을 관보 및 인터넷 홈페이지 등 에 공고하여야 한다.<개정 2021. 4. 20.> ⑧ 일반 사모집합투자업자는 등록 이후 그 영업을 영위하는 경우 제2항 각 호의 등록요건(같 은 항 제6호는 제외하며, 같은 항 제2호 및 제5호의 경우에는 대통령령으로 정하는 완화된 요건을 말한다)을 유지하여야 한다.<개정 2021. 4. 20.> ⑨ 제1항부터 제8항까지의 규정에 따른 등록요건, 등록신청서의 기재사항ㆍ첨부서류 등 등 록의 신청에 관한 사항 및 등록검토의 방법ㆍ절차, 그 밖에 필요한 사항은 대통령령으로 정 한다. 법제처 150 국가법령정보 센터 자본시장과 금융투자업에 관한 법률 [본조신설 2015. 7. 24.] [제목개정 2021. 4. 20.]"
제249조의4,[],REGULATION,투자권유,금융투자업자,확인,투자자,MANDATORY,제249조의4(일반 사모집합투자기구의 투자권유 등) ① 일반 사모집합투자기구의 집합투자증권 을 판매하는 금융투자업자는 투자자가 적격투자자인지를 확인하여야 한다. ② 일반 사모집합투자기구의 집합투자증권을 발행하는 집합투자업자는 「금융소비자 보호에 관한 법률」
제19조,[],REGULATION,핵심상품설명서,투자권유자,제공,핵심상품설명서,MANDATORY,"제19조에도 불구하고 대통령령으로 정하는 사항이 포함된 설명서(이하 “핵심상 품설명서”라 한다)를 작성하여 그 일반 사모집합투자기구의 집합투자증권을 투자권유 또는 판매하는 자에게 제공하여야 한다. 그 핵심상품설명서에 기재된 사항(경미한 사항으로서 대 통령령으로 정하는 경우는 제외한다)이 변경된 경우에도 이와 같다. ③ 일반 사모집합투자기구의 집합투자증권을 투자권유 또는 판매하는 자는 핵심상품설명서 가 그 일반 사모집합투자기구의 집합투자규약과 부합하는지 여부 등 대통령령으로 정하는 사항을 미리 검증하여야 한다. ④ 일반 사모집합투자기구의 집합투자증권을 투자권유 또는 판매하는 자는 그 일반 사모집 합투자기구의 집합투자증권을 발행하는 자가 작성하여 제공한 핵심상품설명서를 투자자(전 문투자자와 그 밖에 대통령령으로 정하는 자는 제외한다)에게 대통령령으로 정하는 방법에 따라 교부하고, 그 핵심상품설명서를 사용하여 투자권유 또는 판매하여야 한다. 다만, 일반 사모집합투자기구의 집합투자증권을 투자권유 또는 판매하는 자가 투자자가 이해하기 쉽도 록 핵심상품설명서의 내용 중 대통령령으로 정하는 중요한 사항을 발췌하여 기재 또는 표시 한 경우로서 그 일반 사모집합투자기구의 집합투자증권을 발행한 집합투자업자와 미리 합의 한 경우에는 해당 자료를 사용하여 투자권유 또는 판매할 수 있다. ⑤ 일반 사모집합투자기구(일반투자자를 대상으로 하는 경우로 한정한다)의 집합투자증권을 판매한 자는 그 일반 사모집합투자기구의 집합투자증권을 발행한 집합투자업자의 운용행위 가 제2항에 따른 핵심상품설명서에 부합하는지 여부에 대하여 대통령령으로 정하는 기준 및 방법에 따라 확인하고, 부합하지 아니하는 경우에는 그 집합투자업자에게 그 운용행위의 철 회ㆍ변경 또는 시정을 요구하여야 한다. ⑥ 일반 사모집합투자기구의 집합투자증권을 판매한 자는 제5항의 요구를 한 날부터 3영업 일 이내(집합투자업자가 3영업일 이내에 요구를 이행하기 곤란한 불가피한 사유가 있는 경 우로서 일반 사모집합투자기구의 집합투자증권을 판매하는 자와 이행을 위한 기간을 따로 합의한 경우에는 그 기간 이내)에 그 일반 사모집합투자기구의 집합투자증권을 발행한 집합 투자업자가 그 요구를 이행하지 아니하는 경우에는 그 사실을 대통령령으로 정하는 방법에 따라 금융위원회에 보고하고 투자자에게 통보하여야 한다. ⑦ 집합투자업자는 제5항의 요구에 대하여 금융위원회에 이의를 신청할 수 있다. 이 경우 관 련 당사자는 대통령령으로 정하는 기준에 따라 행하는 금융위원회의 결정에 따라야 한다. [전문개정 2021. 4. 20.]"
제249조의5,[],REGULATION,투자광고,금융투자업자,광고를 하는,일반투자자,MANDATORY,"제249조의5(일반 사모집합투자기구의 투자광고) ① 일반 사모집합투자기구의 집합투자증권을 판매하는 금융투자업자가 그 사모집합투자기구의 투자광고를 하는 경우에는 전문투자자 또 는 투자광고를 하는 날 전날의 금융투자상품 잔고(투자자예탁금 잔액을 포함한다)가 1억원 이상으로서 대통령령으로 정하는 금액 이상인 일반투자자만을 대상으로 하여야 한다. 법제처 151 국가법령정보 센터 자본시장과 금융투자업에 관한 법률 ② 제1항에 따른 투자광고를 하는 경우에는 서면, 전화, 전자우편, 그 밖에 금융위원회가 고 시하는 매체를 통하여 전문투자자 또는 제1항에 따른 투자자에게 개별적으로 알려야 한다. [전문개정 2021. 4. 20.]"
제249조의6,"[None, None, 249, 6]",REGULATION,일반 사모집합투자기구 설정,투자신탁,설정ㆍ설립,일반 사모집합투자기구,MANDATORY,제249조의6(일반 사모집합투자기구의 설정ㆍ설립 및 보고) ① 일반 사모집합투자기구인 투자 신탁이나 투자익명조합의 집합투자업자 또는 일반 사모집합투자기구인 투자회사등은 다음 각 호의 요건을 모두 갖추어 일반 사모집합투자기구를 설정ㆍ설립하여야 한다. <개정 2021. 4. 20.> 1. 다음 각 목의 자가 업무정지기간 중에 있지 아니할 것 가. 그 일반 사모집합투자기구의 집합투자재산을 운용하는 집합투자업자 나. 그 일반 사모집합투자기구의 집합투자재산을 보관ㆍ관리하는 신탁업자 다. 그 일반 사모집합투자기구의 집합투자증권을 판매하는 투자매매업자ㆍ투자중개업자 라. 투자회사인 경우 그 투자회사로부터
제184조제6항,[],REGULATION,일반 사모집합투자기구,일반 사모집합투자기구,설정ㆍ설립 및 규약 준수,법,MANDATORY,제184조제6항의 업무를 위탁받은 일반사무관리회 사 2. 일반 사모집합투자기구가 이 법에 따라 적법하게 설정ㆍ설립되었을 것 3. 일반 사모집합투자기구의 집합투자규약이 법령을 위반하거나 투자자의 이익을 명백히 침 해하지 아니할 것 4. 그 밖에
제9조제18항,"[9, 18, None, None]",REGULATION,보고,일반 사모집합투자기구,보고,금융위원회,MANDATORY,"제9조제18항 각 호의 집합투자기구의 형태 등을 고려하여 대통령령으로 정하는 요건을 갖출 것 ② 일반 사모집합투자기구인 투자신탁이나 투자익명조합의 집합투자업자 또는 일반 사모집 합투자기구인 투자회사등은 제1항에 따라 일반 사모집합투자기구를 설정ㆍ설립한 경우 그 날부터 2주일 이내에 금융위원회에 보고하여야 한다. 다만, 투자자 보호 및 건전한 거래질서 를 해칠 우려가 있는 경우로서 대통령령으로 정하는 경우에는 일반 사모집합투자기구가 설 정ㆍ설립된 후 지체 없이 보고하여야 한다.<개정 2021. 4. 20.> ③ 금융위원회는 제2항에 따른 보고 내용에 흠결이 있는 경우에는 보완을 요구할 수 있다. ④ 일반 사모집합투자기구인 투자신탁이나 투자익명조합의 집합투자업자 또는 일반 사모집 합투자기구인 투자회사등은 제2항에 따라 보고한 사항이 변경된 경우에는 투자자 보호를 해 칠 우려가 없는 경우로서 대통령령으로 정하는 경우를 제외하고는 그 변경된 날부터 2주일 이내에 금융위원회에 변경보고를 하여야 한다. 이 경우 제3항을 준용한다.<개정 2021. 4. 20.> ⑤ 제1항부터 제4항까지의 규정에 따른 보고 및 변경보고의 방법ㆍ절차, 그 밖에 필요한 사 항은 대통령령으로 정한다. [본조신설 2015. 7. 24.] [제목개정 2021. 4. 20.]"
제249조의7,[],REGULATION,집합투자재산 운용방법,일반 사모집합투자업자,운용,집합투자재산,MANDATORY,제249조의7(일반 사모집합투자기구의 집합투자재산 운용방법 등) ① 일반 사모집합투자업자가 일반 사모집합투자기구의 집합투자재산(
제249조의13,"[None, None, 249, 13]",REGULATION,투자목적회사의 재산,일반 사모집합투자업자,운용,집합투자재산,PROHIBITIVE,"제249조의13에 따른 투자목적회사의 재산을 포함한 다. 이하 이 조에서 같다)을 운용하는 경우 다음 각 호의 금액을 합산한 금액이 일반 사모집합 투자기구의 자산총액에서 부채총액을 뺀 가액의 100분의 400 이내에서 대통령령으로 정하는 비율을 초과해서는 아니 된다. 다만, 투자자 보호 및 집합투자재산의 안정적 운용을 해칠 우 려가 없는 경우로서 대통령령으로 정하는 일반 사모집합투자기구의 경우에는 제1호ㆍ제2호 및 제4호를 합산한 금액 또는 제3호의 금액이 각각 일반 사모집합투자기구의 자산총액에서 법제처 152 국가법령정보 센터 자본시장과 금융투자업에 관한 법률 부채총액을 뺀 가액의 100분의 400 이내에서 대통령령으로 정하는 비율을 초과해서는 아니 된다. <개정 2021. 4. 20.> 1. 파생상품에 투자하는 경우 그 파생상품의 매매에 따른 위험평가액 2. 집합투자재산으로 해당 일반 사모집합투자기구 외의 자를 위하여 채무보증 또는 담보제 공을 하는 방법으로 운용하는 경우 그 채무보증액 또는 담보목적물의 가액 3. 일반 사모집합투자기구의 계산으로 금전을 차입하는 경우 그 차입금의 총액 4. 그 밖에 거래의 실질이 차입에 해당하는 경우로서 대통령령으로 정하는 경우에는 대통령 령으로 정하는 방법에 따라 산정한 그 실질적인 차입금의 총액 ② 일반 사모집합투자업자는 일반 사모집합투자기구의 집합투자재산을 운용할 때 다음 각 호의 어느 하나에 해당하는 행위를 해서는 아니 된다.<개정 2021. 4. 20.> 1. 대통령령으로 정하는 부동산을 취득한 후 5년 이내의 범위에서 대통령령으로 정하는 기간 이내에 이를 처분(대통령령으로 정하는 부동산을 취득한 투자목적회사가 발행한 주식 또 는 지분을 처분하는 것을 포함한다. 이하 이 항에서 같다)하는 행위. 다만, 부동산개발사업 에 따라 조성하거나 설치한 토지ㆍ건축물 등을 분양하는 경우, 그 밖에 투자자 보호를 위 하여 필요한 경우로서 대통령령으로 정하는 경우는 제외한다. 2. 건축물, 그 밖의 공작물이 없는 토지로서 그 토지에 대하여 부동산개발사업을 시행하기 전 에 이를 처분하는 행위. 다만, 일반 사모집합투자기구의 합병ㆍ해지 또는 해산, 그 밖에 투 자자 보호를 위하여 필요한 경우로서 대통령령으로 정하는 경우는 제외한다. 3. 일반 사모집합투자업자가 일반 사모집합투자기구의 집합투자재산을 개인 및 그 밖에 대 통령령으로 정하는 자에게 직접 대여하거나 이를 회피할 목적으로 「대부업 등의 등록 및 금융이용자 보호에 관한 법률」"
제3조,[],REGULATION,연계거래 이용,일반 사모집합투자업자,이용,대부업자,PROHIBITIVE,"제3조에 따라 등록한 대부업자 등 대통령령으로 정하는 자 와의 연계거래 등을 이용하는 행위 4. 일반 사모집합투자업자가 일반 사모집합투자기구의 집합투자재산을 금전의 대여로 운용 하는 경우 그 집합투자기구의 집합투자증권을 다음 각 목의 자 이외의 자에게 발행하는 행 위. 다만, 집합투자재산의 안정적 운용을 해칠 우려가 없는 경우로서 일반 사모집합투자기 구가 금전을 대여한 차주의 목적이 대통령령으로 정하는 경우에 해당하는 경우에는 그러 하지 아니하다. 가. 국가 나. 한국은행 다. 전문투자자 중 대통령령으로 정하는 자 5. 일반 사모집합투자업자가 이 장의 규제를 회피할 목적으로"
제249조의13,[],REGULATION,투자목적 회사,투자목적 회사가 아닌 법인,설립 또는 이용,법인,DEFINITIONAL,"제249조의13에 따른 투자목적 회사가 아닌 법인으로서 이와 유사한 목적 또는 형태를 가진 법인을 설립 또는 이용(그 법 인이 발행한 지분증권에 투자하는 행위를 포함한다. 이하 이 호에서 같다)하는 행위. 다만, 외국 투자대상자산의 취득을 목적으로 설립된 외국법인 등 대통령령으로 정하는 법인을 설립 또는 이용하는 행위는 제외한다. ③ 일반 사모집합투자업자는 대통령령으로 정하는 방법에 따라 다음 각 호의 사항에 관하여 매분기의 말일을 기준으로 금융위원회에 보고하여야 한다.<개정 2021. 4. 20.> 1. 파생상품 매매 및 그에 따른 위험평가액 현황 2. 채무보증 또는 담보제공 현황 3. 금전차입 현황 법제처 153 국가법령정보 센터 자본시장과 금융투자업에 관한 법률 4. 그 밖에 투자자 보호 또는 건전한 거래질서를 위하여 필요한 사항으로서 대통령령으로 정 하는 사항 ④ 일반 사모집합투자기구인 투자신탁이나 투자익명조합의 집합투자업자 또는 일반 사모집 합투자기구인 투자회사등은 투자자 보호와 관련하여 대통령령으로 정한 사유가 발생한 경우 에는 그 날부터 3영업일 이내에 금융위원회에 보고하여야 한다.<개정 2021. 4. 20.> ⑤ 일반 사모집합투자업자는 다른 회사(투자목적회사, 투자회사, 투자유한회사, 투자합자회 사, 투자유한책임회사, 그 밖에 대통령령으로 정하는 회사는 제외한다. 이하 이 항에서 같다 )에 대한 경영권 참여, 사업구조 또는 지배구조의 개선 등을 위하여 다음 각 호의 어느 하나 에 해당하는 방법으로 일반 사모집합투자기구의 집합투자재산을 운용하는 경우(대통령령으 로 정하는 방법에 따라 다른 사모집합투자기구와 공동으로 운용하는 경우를 포함한다) 다음 각 호의 어느 하나에 해당하는 날부터 15년이 되는 날까지 그 지분증권을 제삼자에게 처분 하여야 한다.<신설 2021. 4. 20.> 1. 다른 회사의 의결권 있는 발행주식총수 또는 출자총액의 100분의 10 이상을 보유하게 된 날 2. 임원의 임면 등 투자하는 회사의 주요 경영사항에 대하여 사실상의 지배력 행사가 가능하 도록 하는 투자로서 대통령령으로 정하는 투자를 한 날 ⑥ 일반 사모집합투자업자는"
제87조제4항,[],REGULATION,주식,일반 사모집합투자기구,,주식,,제87조제4항에도 불구하고 다음 각 호의 어느 하나에 해당하지 아니하는 일반 사모집합투자기구의 집합투자재산인 주식과 관련하여
제81조제1항,[],REGULATION,의결권 행사,주식 보유자,행사,의결권,PERMISSIVE,"제81조제1항에 따른 투자한도를 초과하여 취득한 주식에 대하여 의결권을 행사할 수 있다.<신설 2021. 4. 20.> 1. 상호출자제한기업집단의 계열회사인 일반 사모집합투자업자가 운용하는 일반 사모집합투 자기구 2. 같은 상호출자제한기업집단에 속하는 금융회사가 집합투자증권 총수의 100분의 30을 초 과하여 투자한 일반 사모집합투자기구 ⑦ 제1항부터 제6항까지의 규정에 따른 일반 사모집합투자기구 집합투자재산의 구체적인 운용방법과 보고 절차, 그 밖에 필요한 사항은 대통령령으로 정한다.<개정 2021. 4. 20.> [본조신설 2015. 7. 24.] [제목개정 2021. 4. 20.]"
제249조의8,[],REGULATION,특례,,,,,제249조의8(일반 사모집합투자기구에 대한 특례) ①
제76조,[],,,,,,,
제81조,[],,,,,,,
Unknown,[],REGULATION,Unknown,,,,,"제83조까지,"
제88조,[],,,,,,,
제89조,[],,,,,,,
제186조제2항,[],REGULATION,준용,제186조제2항,포함한다,준용하는 경우,DEFINITIONAL,제186조제2항에서 준용하는 경우를 포함한다
제90조,[],,,,,,,제90조(
제186조,[],REGULATION,준용,제186조 제2항,준용,경우,DEFINITIONAL,"제186조 제2항에서 준용하는 경우를 포함한다),"
제91조제3항,"[None, None, 91, 3]",,,,,,,
제186조,[],REGULATION,준용,제186조제2항,포함한다,경우,DEFINITIONAL,"제186조제2항에서 준용하는 경우를 포 함한다),"
제93조,[],,,,,,,제93조
Unknown,[],REGULATION,Unknown,,,,,"제94조제1항부터 제4항까지, 같은 조 제6항,"
Unknown,[],REGULATION,Unknown,,,,,"제182조,"
제183조제1항,[],,,,,,,
제 186조,[],,,,,,,제 186조(
제87조,[],REGULATION,제87조 준용 제외,제87조 준용,제외한다,,PROHIBITIVE,"제87조를 준용하는 경우는 제외한다),"
제188조제2항ㆍ제3항,[],,,,,,,"제188조제2항ㆍ제3항,"
Unknown,[],REGULATION,Unknown,,,,,"제189조제2항,"
제195조,[],,,,,,,"제195조,"
제196조제5항,[],,,,,,,제196조제5항(
제208조제3항,[],,,,,,,
제216조제2항,[],,,,,,,
제217조의3제3항,"[None, None, 217, 3]",,,,,,,제217조의3제3항
제222조제2항,[],,,,,,,제222조제2항 및
제227조,[],REGULATION,준용,,포함,제 2항,MANDATORY,"제227조제 2항에서 준용하는 경우를 포함한다),"
제197조,[],,,,,,,
제198조제2항ㆍ제3항,[],,,,,,,
제199조,[],,,,,,,제199조
제200조,[],,,,,,,
제 207조제5항,"[207, 5]",,,,,,,"제 207조제5항,"
제208조제1항,[],,,,,,,제208조제1항(
제216조제2항,[],,,,,,,
제222조제2항,[],,,,,,,제222조제2항 및
제227조제2항,[],DEFINITION,경우,제227조제2항,포함한다,경우,DEFINITIONAL,"제227조제2항에서 준용하는 경 우를 포함한다),"
제211조제1항,[],,,,,,,"제211조제1항,"
제213조제5항,[],,,,,,,"제213조제5항,"
제216조제1항,[],,,,,,,"제216조제1항,"
제217조의2제5항,[],,,,,,,"제217조의2제5항,"
제217조의 3제1항,[],,,,,,,"제217조의 3제1항,"
제217조의6제1항,"[None, None, 217, 6]",,,,,,,
제218조제3항,"[None, None, 218, 3]",,,,,,,제218조제3항
제222조제1항,"[None, None, 222, 1]",,,,,,,"제222조제1항,"
제224조제3항,"[None, None, 224, 3]",,,,,,,"제224조제3항,"
제227조제1항,[],,,,,,,"제227조제1항,"
제 229조,[],,,,,,,
제230조,[],,,,,,,
제235조,[],,,,,,,
제237조,[],,,,,,,
제238조제7항ㆍ제8항,[],,,,,,,
제239조제1항제3호,[],CONCEPT,제239조,,,,,"제239조제1항제3호, 같은 조 제 2항부터 제5항까지,"
Unknown,[],REGULATION,Unknown,,,,,"제240조제3항부터 제8항까지, 같은 조 제10항,"
제241조,[],,,,,,,
제247조,[],REGULATION,자본시장과 금융투자업에 관한 법률,,,,,"제247조제1항부 터 제4항까지, 같은 조 제5항제1호부터 제3호까지, 같은 항 제6호ㆍ제7호, 같은 조 제6항ㆍ제 법제처 154 국가법령정보 센터 자본시장과 금융투자업에 관한 법률 7항,"
제248조,[],,,,,,,
제253조,[],REGULATION,일반 사모집합투자기구 적용제외,일반 사모집합투자기구,적용하지 아니한다,,PROHIBITIVE,"제253조는 일반 사모집합투자기구에는 적용하지 아니한다. <개정 2020. 3. 24., 2021. 4. 20.> ② 제1항에도 불구하고 일반투자자를 대상으로 하는 일반 사모집합투자기구에는 다음 각 호 의 조항을 적용한다. 다만, 제5호의 경우 다른 사모집합투자기구에 투자하는 집합투자기구로서 일반투자자를 대상으로 하는 일반 사모집합투자기구 등 대통령령으로 정하는 집합투자기구는 일반투자자로 본다.<신설 2021. 4. 20.> 1."
제76조제2항,"[None, None, 76, 2]",,,,,,,"다만,"
제92조,[],CONCEPT,제1호 및 제2호,,,,,제92조제1항제1호 및 제2호
제186조제2항,[],REGULATION,통지,,한정,통지,MANDATORY,제186조제2항에서 준용하는 경우를 포함 한다)에 따른 통지를 받은 경우로 한정한다. 2.
제88조,[],REGULATION,자산운용보고서,,교부하지 않다,자산운용보고서,PERMISSIVE,"다만, 전문투자자에 대해서는 자산운용보고서를 교부하지 아니할 수 있다."
제230조제5항 4,"[None, None, 230, 5]",,,,,,,
제240조제3항~제10항,[],REGULATION,적용 제외,대통령령,적용하지 않다,규정,PROHIBITIVE,"제240조제3항부터 제10항까지의 규정. 다만, 투자자 전원의 동의를 얻은 경우 및 투자자 의 이익을 해할 우려가 없는 경우로서 대통령령으로 정하는 경우에는 이를 적용하지 아니 한다. 5."
제247조,[],REGULATION,집합투자재산 보관·관리,신탁업자,보관·관리,집합투자재산,MANDATORY,제247조(집합투자재산을 보관ㆍ관리하는 신탁업자가
제42조제1항,[],REGULATION,업무 위탁,위탁한 신탁업자,위탁,업무,MANDATORY,제42조제1항에 따라 다른 신탁업자 에게 업무를 위탁한 경우에는 당사자 간 합의가 있는 경우를 제외하고 위탁한 신탁업자가
제247조,[],REGULATION,투자설명서,투자자,양도,적격투자자가 아닌 자,PROHIBITIVE,"제247조를 이행하여야 한다). 이 경우 “투자설명서”는 “핵심상품설명서”로, “3영업일”은 “3영업일 또는 집합투자업자가 3영업일 이내에 요구를 이행하기 곤란한 불가피한 사유가 있는 경우로서 일반 사모집합투자기구의 집합투자재산을 보관ㆍ관리하는 신탁업자와 이 행을 위한 기간을 따로 합의한 경우에는 그 기간”으로 각각 본다. ③ 일반 사모집합투자기구의 투자자는 그 집합투자증권을 적격투자자가 아닌 자에게 양도해 서는 아니 된다.<개정 2021. 4. 20.> ④ 일반 사모집합투자기구의 투자자(투자신탁의 경우 그 투자신탁재산을 운용하는 일반 사 모집합투자업자를 말한다)는"
제188조제4항,[],,,,,,,
제194조제7항,"[None, None, 194, 7]",,,,,,,제194조제7항
제196조제6항,[],DEFINITION,준용하는 경우,제196조제6항,포함한다,준용하는 경우,DEFINITIONAL,"제196조제6항에서 준용하는 경우 를 포함한다),"
제207조제4항,[],,,,,,,
제213조제4항,[],,,,,,,"제213조제4항,"
제217조의2제4항,"[None, None, 217, 4]",,,,,,,
제218조제2항,[],,,,,,,제218조제2항 및
제224조제 2항,"[224, 2, None, None]",REGULATION,납입,투자자,납입,"증권, 부동산, 실물자산",PERMISSIVE,"제224조제 2항에도 불구하고 객관적인 가치평가가 가능하고 다른 투자자의 이익을 해칠 우려가 없는 경우에는 대통령령으로 정하는 방법에 따라 증권, 부동산 또는 실물자산 등 금전 외의 자산 으로 납입할 수 있다.<개정 2021. 4. 20.> ⑤ 집합투자자총회 및 그와 관련된 사항은 일반 사모집합투자기구에는 적용하지 아니한다. 다만, 제1항에도 불구하고 일반투자자를 대상으로 하는 일반 사모집합투자기구의 경우에는"
제237조,[],REGULATION,집합투자자총회 결의일,집합투자자총회 결의일,정한다,3개월 이내,MANDATORY,"제237조를 적용하며, 이 경우 집합투자자총회 결의일은 환매를 연기한 날부터 3개월 이내로 한다.<개정 2021. 4. 20.> ⑥ 일반 사모집합투자기구인 투자신탁이나 투자익명조합의 집합투자업자 또는 일반 사모집 합투자기구인 투자회사등이 이 법 또는 「상법」에 따라 투자자에게 공시 또는 공고하여야 하 는 사항에 대하여 집합투자규약에서 정한 방법으로 전체 투자자에게 통지한 경우에는 이 법 또는 「상법」에 따라 공시 또는 공고한 것으로 본다.<개정 2021. 4. 20.> ⑦ 일반 사모집합투자기구인 투자회사는 일반 사모집합투자업자인 법인이사 1명을 두며, 「 상법」"
Unknown,[],REGULATION,Unknown,,,,,제383조제1항에도 불구하고 이사의 수를 1명 또는 2명으로 할 수 있다.<개정 2021. 4. 20.> ⑧ 일반 사모집합투자기구는 집합투자규약에 따라 투자자에 대한 손익의 분배 또는 손익의 순위 등에 관한 사항을 정할 수 있다.<개정 2021. 4. 20.> 법제처 155 국가법령정보 센터 자본시장과 금융투자업에 관한 법률 ⑨
제7조제6항제3호,"[None, None, 7, 6]",REGULATION,집합투자증권 판매,일반 사모집합투자업자,판매,집합투자증권,,제7조제6항제3호에도 불구하고 일반 사모집합투자업자가 자신이 운용하는 일반 사모집 합투자기구의 집합투자증권을 판매하는 경우에는
제71조제5호부터 제7호까지,[],CONCEPT,제71조제5호부터 제7호까지,,,,,"제71조제5호부터 제7호까지(제7호의 경우 같은 호에 따른 대통령령으로 정하는 행위 중 대통령령으로 정하는 것으로 한정한다),"
제 74조,[],,,,,,,제 74조 및
제76조제1항,"[None, None, 76, 1]",PROCEDURE,준용,,준용,제76조제1항,MANDATORY,제76조제1항을 준용한다. 이 경우
제74조,[],,,,,,,제74조 및
제76조제1항,[],DEFINITION,투자매매업자 또는 투자중개업자,투자매매업자 또는 투자중개업자,정의,사모집합투자업자,DEFINITIONAL,제76조제1항 중 “투자매매업자 또는 투자중개업자는”은 “자신이 운용하는 일반 사모집합투자기구의 집합투자증권을 판매하는 일 반 사모집합투자업자는”으로 본다.<개정 2021. 4. 20.> [본조신설 2015. 7. 24.] [제목개정 2021. 4. 20.]
제249조의9,[],REGULATION,해지ㆍ해산,금융위원회,명할,일반 사모집합투자기구,PERMISSIVE,제249조의9(일반 사모집합투자기구에 대한 조치) ① 금융위원회는 다음 각 호의 어느 하나에 해당하는 경우 일반 사모집합투자기구의 해지ㆍ해산을 명할 수 있다. <개정 2021. 4. 20.> 1. 일반 사모집합투자기구가
제249조의6제1항,[],REGULATION,요건 미충족,,갖추다,요건,,제249조의6제1항 각 호에 따른 요건을 갖추지 못한 경우 2.
제249조의6제2항ㆍ제4항,[],PENALTY,거짓,보고자,하지 않음,보고,MANDATORY,"제249조의6제2항ㆍ제4항에 따른 보고 또는 변경보고를 하지 아니한 경우 3. 거짓, 그 밖의 부정한 방법으로"
제249조의6,[],REGULATION,위법행위,금융위원회,할 수 있다,조치,PERMISSIVE,"제249조의6제2항ㆍ제4항에 따른 보고 또는 변경보고를 한 경우 4. 금융관련 법령 중 대통령령으로 정하는 법령을 위반하는 경우로서 사회적 신용을 훼손하 는 등 대통령령으로 정하는 경우 5. 제2항제3호에 따른 시정명령 또는 중지명령을 이행하지 아니한 경우 6. 그 밖에 투자자의 이익을 현저히 해칠 우려가 있거나 일반 사모집합투자기구로서 존속하 기 곤란하다고 인정되는 경우로서 대통령령으로 정하는 경우 ② 금융위원회는 일반 사모집합투자기구인 투자회사등(그 집합투자업자 또는 그 법인이사ㆍ 업무집행사원ㆍ업무집행조합원을 포함한다)이 제1항 각 호의 어느 하나에 해당하거나 별표 2 각 호의 어느 하나에 해당하는 경우에는 그 투자회사등에 대하여 다음 각 호의 어느 하나 에 해당하는 조치를 할 수 있다.<개정 2021. 4. 20.> 1. 6개월 이내의 업무의 전부 또는 일부의 정지 2. 계약의 인계명령 3. 위법행위의 시정명령 또는 중지명령 4. 위법행위로 인한 조치를 받았다는 사실의 공표명령 또는 게시명령 5. 기관경고 6. 기관주의 7. 그 밖에 위법행위를 시정하거나 방지하기 위하여 필요한 조치로서 대통령령으로 정하는 조치 ③ 금융위원회는 일반 사모집합투자기구인 투자회사의 감독이사가 다음 각 호의 어느 하나 에 해당하는 경우에는 해임요구, 6개월 이내의 직무정지, 문책경고, 주의적 경고, 주의, 그 밖 에 대통령령으로 정하는 조치를 할 수 있다.<개정 2020. 5. 19., 2021. 4. 20.> 1."
제199조제5항,[],,준용,,,,,제199조제5항에서 준용하는
제54조제1항,[],REGULATION,직무관련 정보 이용,직무관련 정보,이용,,MANDATORY,"제54조제1항을 위반하여 정당한 사유 없이 직무관련 정보를 이용한 경우 2. 그 밖에 투자자 보호 또는 건전한 거래질서를 해할 우려가 있는 경우로서 대통령령으로 정하는 경우 ④ 일반 사모집합투자기구, 일반 사모집합투자업자 및 그 임직원에 대한 조치 등에 관하여는"
제422조제3항,[],,,,,,,제422조제3항 및
Unknown,[],REGULATION,Unknown,,,,,제423조부터
제425조,[],REGULATION,규정 준용,본 조,준용,규정,MANDATORY,제425조까지의 규정을 준용한다.<개정 2021. 4. 20.> 법제처 156 국가법령정보 센터 자본시장과 금융투자업에 관한 법률 [본조신설 2015. 7. 24.] [제목개정 2021. 4. 20.] 제2절 기관전용 사모집합투자기구 등 <개정 2021. 4. 20.>
제249조의10,[],REGULATION,설립 및 보고,기관전용 사모집합투자기구,정해지다,정관,MANDATORY,"제249조의10(설립 및 보고) ① 기관전용 사모집합투자기구의 정관에는 다음 각 호의 사항을 기 재하고, 총사원이 기명날인 또는 서명하여야 한다. <개정 2021. 4. 20.> 1. 목적 2. 상호 3. 회사의 소재지 4. 각 사원의 출자의 목적과 가격 또는 평가의 기준 5. 삭제<2021. 4. 20.> 6. 회사의 해산사유를 정한 경우에는 그 내용 7. 사원의 성명ㆍ주민등록번호(법인인 경우에는 상호 또는 명칭ㆍ사업자등록번호) 및 주소 8. 무한책임사원 또는 유한책임사원의 구분 9. 정관의 작성연월일 ② 기관전용 사모집합투자기구는 다음 각 호의 사항을 등기하여야 한다.<개정 2021. 4. 20.> 1. 제1항제1호부터 제3호까지의 사항 및 같은 항 제6호의 사항 2. 무한책임사원의 상호 또는 명칭ㆍ사업자등록번호 및 주소 ③ 기관전용 사모집합투자기구는 다음 각 호의 요건을 모두 갖추어야 한다.<개정 2021. 4. 20.> 1. 기관전용 사모집합투자기구가 이 법에 따라 적법하게 설립되었을 것 2. 기관전용 사모집합투자기구의 정관이 법령을 위반하거나 투자자의 이익을 명백히 침해하 지 아니할 것 ④ 기관전용 사모집합투자기구는 설립등기일부터 2주일 이내에 대통령령으로 정하는 바에 따라 금융위원회에 보고하여야 한다. 다만, 금융시장의 안정 또는 건전한 거래질서를 해칠 우려가 있는 경우로서 대통령령으로 정하는 경우에는 기관전용 사모집합투자기구의 설립등 기 후 지체 없이 보고하여야 한다.<개정 2021. 4. 20.> ⑤ 금융위원회는 제4항에 따른 보고 내용에 흠결이 있는 경우에는 보완을 요구할 수 있다. ⑥ 기관전용 사모집합투자기구는 제4항에 따라 보고한 사항이 변경된 경우에는 경미한 사항 으로서 대통령령으로 정하는 경우를 제외하고는 그 날부터 2주일 이내에 금융위원회에 변경 보고를 하여야 한다. 이 경우 제4항 및 제5항을 준용한다.<개정 2021. 4. 20.> ⑦ 제4항부터 제6항까지의 규정에 따른 보고 및 변경보고의 방법ㆍ절차, 그 밖에 필요한 사 항은 대통령령으로 정한다. [본조신설 2015. 7. 24.]"
제249조의11,[],REGULATION,사원 및 출자,사원,한정한다,사원 총수,MANDATORY,"제249조의11(사원 및 출자) ① 기관전용 사모집합투자기구의 사원은 1인 이상의 무한책임사원 과 1인 이상의 유한책임사원으로 하되, 사원의 총수는 100인 이하로 한다. <개정 2021. 4. 20.> ② 제1항의 사원 총수를 계산할 때 다른 집합투자기구가 그 기관전용 사모집합투자기구의 지분을 100분의 10 이상 취득하는 경우 등 대통령령으로 정하는 경우에는 그 다른 집합투자 기구의 투자자 수를 합하여 계산하여야 한다.<개정 2021. 4. 20.> 법제처 157 국가법령정보 센터 자본시장과 금융투자업에 관한 법률 ③ 전문투자자 중 대통령령으로 정하는 자는 제1항에 따른 사원의 총수 계산에서 제외한다. ④ 유한책임사원은 기관전용 사모집합투자기구의 집합투자재산인 주식 또는 지분의 의결권 행사 및 대통령령으로 정하는 업무집행사원의 업무에 관여해서는 아니 된다.<개정 2021. 4. 20.> ⑤ 기관전용 사모집합투자기구 사원의 출자의 방법은 금전에 한정한다. 다만, 객관적인 가치 평가가 가능하고 사원의 이익을 해칠 우려가 없는 경우로서 다른 모든 사원의 동의가 있는 경우에는 증권으로 출자할 수 있다.<개정 2021. 4. 20.> ⑥ 유한책임사원은 개인("
Unknown,[],REGULATION,Unknown,,,,,"제168조제1항에 따른 외국인, 해당 기관전용 사모집합투자기구의 업무집행사원의 임원 또는 운용인력을 제외한다)이 아닌 자로서 다음 각 호에 해당하는 자여 야 한다.<개정 2021. 4. 20.> 1. 전문투자자로서 대통령령으로 정하는 투자자 2. 그 밖에 전문성 또는 위험감수능력 등을 갖춘 자로서 대통령령으로 정하는 투자자 ⑦ 「한국산업은행법」에 따른 한국산업은행과 「중소기업은행법」에 따른 중소기업은행은 그 설립목적에 부합하는 범위에서 기관전용 사모집합투자기구에 출자할 수 있다.<개정 2021. 4. 20.> ⑧ 기관전용 사모집합투자기구는 그 업무집행사원의 특수관계인인 유한책임사원의 출자지 분이 그 기관전용 사모집합투자기구의 전체 출자지분 중 대통령령으로 정하는 비율 이상인 경우 해당 유한책임사원 관련 정보 및 기관전용 사모집합투자기구의 투자 구조 등 대통령령 으로 정하는 사항을 대통령령으로 정하는 기간 이내에 금융위원회에 보고하여야 한다.<개정 2021. 4. 20.> ⑨ 제1항부터 제8항까지에서 규정한 사항 외에 사원의 출자방법 및 절차, 보고의 절차 등에 관하여 필요한 사항은 대통령령으로 정한다. [본조신설 2015. 7. 24.]"
제249조의12,[],REGULATION,운용방법,기관전용 사모집합투자 기구,운용,집합투자재산,MANDATORY,제249조의12(기관전용 사모집합투자기구 집합투자재산의 운용방법) ① 기관전용 사모집합투자 기구의 집합투자재산 운용에 관하여는
제249조의7,[],PROCEDURE,보고,기관전용 사모집합투자기구,보고,금융위원회,MANDATORY,제249조의7(제3항 및 제6항은 제외한다)을 준용한다. ② 기관전용 사모집합투자기구는 대통령령으로 정하는 방법에 따라 다음 각 호의 사항에 관 하여 금융위원회에 보고하여야 한다. 1. 파생상품 매매 및 그에 따른 위험평가액 현황 2. 채무보증 또는 담보제공 현황 3. 금전차입 현황 4. 그 밖에 금융시장의 안정 또는 건전한 거래질서를 위하여 필요한 사항으로서 대통령령으 로 정하는 사항 [전문개정 2021. 4. 20.]
제249조의13,"[249, 13]",REGULATION,투자목적회사의 지분증권에 투자,사모집합투자기구,투자할 수 있다,투자목적회사의 지분증권,PERMISSIVE,"제249조의13(투자목적회사) ① 사모집합투자기구는 다음 각 호의 요건을 모두 충족하는 투자목적회사의 지분증권에 투자할 수 있다. <개정 2021. 4. 20.> 1. 「상법」에 따른 주식회사 또는 유한회사일 것 2. 특정 법인 또는 특정 자산 등에 대한 효율적인 투자를 목적으로 할 것 3. 그 주주 또는 사원이 다음 각 목의 어느 하나에 해당하되, 가목에 해당하는 주주 또는 사원의 출자비율이 대통령령으로 정하는 비율 이상일 것 법제처 158 국가법령정보 센터 자본시장과 금융투자업에 관한 법률 가. 사모집합투자기구 또는 그 사모집합투자기구가 투자한 투자목적회사 나. 투자목적회사가 투자하는 회사의 임원 또는 대주주 다. 그 밖에 투자목적회사의 효율적 운영을 위하여 투자목적회사의 주주 또는 사원이 될 필요가 있는 자로서 대통령령으로 정하는 자 4. 그 주주 또는 사원인 사모집합투자기구의 투자자 수와 사모집합투자기구가 아닌 주주 또 는 사원의 수를 합산한 수가 100인 이내일 것 5. 상근임원을 두거나 직원을 고용하지 아니하고, 본점 외에 영업소를 설치하지 아니할 것 ② 투자목적회사에 관하여는 이 법에 특별한 규정이 없으면 「상법」의 주식회사 또는 유한회 사에 관한 규정을 적용한다. ③ 삭제<2021. 4. 20.> ④ 투자목적회사 재산의 투자비율 산정방식과 그 밖에 투자목적회사 재산의 운용에 관하여 필요한 사항은 대통령령으로 정한다. ⑤ 투자목적회사에 관하여는"
제242조,[],,,,,,,
제249조의11제3항,[],,,,,,,제249조의11제3항 및
제249조의18,[],REGULATION,일반 사모집합투자기구,일반 사모집합투자기구,,투자목적회사,,제249조의18을 준용한다.<개정 2021. 4. 20.> ⑥ 일반투자자를 대상으로 하는 일반 사모집합투자기구가 주주 또는 사원인 투자목적회사에 관하여는
제184조제3항ㆍ제4항,[],,,,,,,제184조제3항ㆍ제4항 및
제249조의8제2항제5호,[],DEFINITION,집합투자재산,집합투자재산,본다,투자목적회사의 재산,DEFINITIONAL,제249조의8제2항제5호를 준용한다. 이 경우 “집합투자재 산”은 “투자목적회사의 재산”으로 본다.<신설 2021. 4. 20.> ⑦ 「상법」
제317조,[],,,,,,,제317조제2항제2호ㆍ제3호 및
제549조제2항제2호,"[None, None, 549, 2]",REGULATION,투자목적회사,제549조제2항제2호,적용,투자목적회사,PROHIBITIVE,제549조제2항제2호는 투자목적회사에는 적용하지 아니한다.<개정 2021. 4. 20.> [본조신설 2015. 7. 24.]
제249조의14,"[None, None, 249, 14]",REGULATION,업무집행사원,기관전용 사모집합투자기구,정하여야 한다,무한책임사원,MANDATORY,"제249조의14(업무집행사원 등) ① 기관전용 사모집합투자기구는 정관으로 무한책임사원 중 1인 이상을 업무집행사원으로 정하여야 한다. 이 경우 그 업무집행사원이 회사의 업무를 집 행할 권리와 의무를 가진다. <개정 2021. 4. 20.> ② 금융관련 법령 중 대통령령으로 정하는 법령에서 규정하고 있는 업무를 영위하고 있는 자 는 그 법령에도 불구하고 업무집행사원이 될 수 있다. 이 경우 그 업무집행사원은 그 법령에 서 제한하거나 금지하는 규정을 위반하지 아니하는 범위에서 업무를 집행할 수 있으며, 대통 령령으로 정하는 방법으로 기관전용 사모집합투자기구의 집합투자재산을 운용하여야 한다. <개정 2021. 4. 20.> ③ 기관전용 사모집합투자기구는 정관으로 업무집행사원에 대한 손익의 분배 또는 손익의 순위 등에 관한 사항을 정할 수 있다.<개정 2021. 4. 20.> ④ 기관전용 사모집합투자기구의 업무집행사원이 기관전용 사모집합투자기구의 집합투자재 산의 운용 및 보관ㆍ관리, 기관전용 사모집합투자기구 지분의 판매 및 환매 등을 영위하는 경우에는"
제11조,[],REGULATION,업무집행사원 의무 및 금지행위,업무집행사원,수행하여야 한다,,MANDATORY,"제11조를 적용하지 아니한다.<개정 2021. 4. 20.> ⑤ 업무집행사원은 법령과 정관에 따라 기관전용 사모집합투자기구를 위하여 그 직무를 충 실히 수행하여야 한다.<개정 2021. 4. 20.> ⑥ 업무집행사원(법인이 업무집행사원인 경우 제2호 및 제3호에 대해서는 법인의 임직원을 포함한다)은 다음 각 호의 행위를 해서는 아니 된다.<개정 2021. 4. 20.> 1. 기관전용 사모집합투자기구와 거래하는 행위(사원 전원의 동의가 있는 경우는 제외한다) 2. 원금 또는 일정한 이익의 보장을 약속하는 등의 방법으로 사원이 될 것을 부당하게 권유 하는 행위 법제처 159 국가법령정보 센터 자본시장과 금융투자업에 관한 법률 3. 사원 전원의 동의 없이 사원의 일부 또는 제삼자의 이익을 위하여 기관전용 사모집합투자 기구가 소유한 자산의 명세를 사원이 아닌 자에게 제공하는 행위 4. 그 밖에 금융시장의 안정 및 건전한 거래질서를 해칠 우려가 있는 경우로서 대통령령으로 정하는 행위 ⑦ 기관전용 사모집합투자기구는 제5항 및 제6항에 따라 업무집행사원이 준수하여야 할 구 체적인 행위준칙을 제정하여야 하며, 행위준칙을 제정ㆍ변경한 경우에는 지체 없이 이를 금 융위원회에 보고하여야 한다. 이 경우 금융위원회는 보고받은 행위준칙이 법령을 위반하거 나 금융시장의 안정 및 건전한 거래질서를 해칠 우려가 있는 때에는 그 내용을 변경하거나 보완할 것을 명할 수 있다.<개정 2021. 4. 20.> ⑧ 업무집행사원은 대통령령으로 정하는 기간마다 1회 이상 기관전용 사모집합투자기구 및 기관전용 사모집합투자기구가 출자한 투자목적회사의 재무제표 등을 사원에게 제공하고 그 운영 및 재산에 관한 사항을 설명하여야 하며, 그 제공 및 설명 사실에 관한 내용을 기록ㆍ유 지하여야 한다.<개정 2021. 4. 20.> ⑨ 업무집행사원이 아닌 사원은 영업시간 내에만 기관전용 사모집합투자기구 또는 기관전용 사모집합투자기구가 출자한 투자목적회사의 재산에 관한 장부ㆍ서류의 열람이나 등본 또는 초본의 교부를 청구할 수 있다.<개정 2021. 4. 20.> ⑩ 업무집행사원이 아닌 사원은 업무집행사원이 업무를 집행할 때 현저하게 부적합하거나 업무수행에 중대한 위반행위가 있는 경우에는 기관전용 사모집합투자기구 또는 기관전용 사 모집합투자기구가 출자한 투자목적회사의 업무와 재산상황을 검사할 수 있다.<개정 2021. 4. 20.> ⑪ 기관전용 사모집합투자기구는 정관에서 정하는 바에 따라 기관전용 사모집합투자기구의 집합투자재산으로 업무집행사원에게 보수(운용실적에 따른 성과보수를 포함한다)를 지급할 수 있다.<개정 2021. 4. 20.> ⑫ 금융위원회는 금융시장의 안정 또는 건전한 거래질서를 위하여 필요한 경우에는 기관전 용 사모집합투자기구의 업무집행사원에 대하여 기관전용 사모집합투자기구의 운용에 관하 여 필요한 조치를 명할 수 있다.<신설 2021. 4. 20.> ⑬ 금융감독원장은 금융시장의 안정 또는 건전한 거래질서를 위하여 필요한 경우에는 기관 전용 사모집합투자기구의 업무와 재산상황에 관하여 기관전용 사모집합투자기구 및 그 업무 집행사원을 검사할 수 있다. 이 경우"
제419조,[],REGULATION,준용,본 조,준용,제5항부터 제7항까지 및 제9항,MANDATORY,제419조제5항부터 제7항까지 및 제9항을 준용한다.<신 설 2021. 4. 20.> [본조신설 2015. 7. 24.]
제249조의15,[],REGULATION,등록,자,등록,금융위원회,MANDATORY,"제249조의15(업무집행사원의 등록 등) ① 기관전용 사모집합투자기구의 업무집행사원으로서 기관전용 사모집합투자기구의 집합투자재산 운용업무를 영위하려는 자는 다음 각 호의 요건 을 갖추어 금융위원회에 등록하여야 한다. <개정 2015. 7. 31., 2021. 4. 20.> 1. 1억원 이상으로서 대통령령으로 정하는 금액 이상의 자기자본을 갖출 것 2. 임원(합자회사의 업무집행사원 등 대통령령으로 정하는 자를 포함한다)이 \""금융회사의 지 배구조에 관한 법률\"""
제5조,[],REGULATION,투자운용전문인력,투자운용전문인력,갖출,수,MANDATORY,제5조에 적합할 것 3. 대통령령으로 정하는 투자운용전문인력을 대통령령으로 정하는 수 이상 갖출 것 4.
제44조,[],REGULATION,내부통제 기준,이해상충,갖출,내부통제 기준,MANDATORY,제44조에 따라 이해상충이 발생할 가능성을 파악ㆍ평가ㆍ관리할 수 있는 적절한 내부통제 기준을 갖출 것
제2조제1호,[],REGULATION,재무제표 제출,금융회사,제출,금융위원회,MANDATORY,제2조제1호에 따른 금융회사는 제외 한다)은 각 사업연도의 재무제표를 작성하여 매 사업연도 경과 후 90일 이내의 범위에서 대 통령령으로 정하는 기간 이내에 금융위원회에 제출하여야 한다.<신설 2021. 4. 20.> ⑩ 제8항에 따라 변경사항을 보고하거나 제9항에 따라 재무제표를 제출한 경우에는
Unknown,[],REGULATION,Unknown,,,,,"제 249조의10제6항에 따른 변경보고 사항 중 업무집행사원에 관한 것으로서 대통령령으로 정 하는 사항을 금융위원회에 변경보고한 것으로 본다.<신설 2021. 4. 20.> ⑪ 제1항부터 제5항까지 및 제8항의 규정에 따른 등록신청서의 기재사항ㆍ첨부서류 등 등록 의 신청에 관한 사항과 등록검토의 방법ㆍ절차, 등록사항 변경의 보고에 관한 사항 및 그 밖 에 필요한 사항은 대통령령으로 정한다.<개정 2021. 4. 20.> [본조신설 2015. 7. 24.]"
제249조의16,[],REGULATION,이해관계인과의 거래제한,업무집행사원,해서는 아니 된다,이해관계인과의 거래,PROHIBITIVE,"제249조의16(이해관계인과의 거래제한 등) ① 업무집행사원은 기관전용 사모집합투자기구의 집합투자재산을 운용할 때 대통령령으로 정하는 이해관계인(이하 이 조에서 “이해관계인”이 법제처 161 국가법령정보 센터 자본시장과 금융투자업에 관한 법률 라 한다)과 거래행위를 해서는 아니 된다. 다만, 기관전용 사모집합투자기구와 이해가 상충될 우려가 없는 거래로서 다음 각 호의 어느 하나에 해당하는 거래의 경우에는 이를 할 수 있다. <개정 2021. 4. 20.> 1. 증권시장 등 불특정다수인이 참여하는 공개시장을 통한 거래 2. 일반적인 거래조건에 비추어 기관전용 사모집합투자기구에 유리한 거래 3. 그 밖에 대통령령으로 정하는 거래 ② 업무집행사원은 제1항 단서에 따라 허용되는 이해관계인과의 거래가 있는 경우 또는 이 해관계인의 변경이 있는 경우에는 그 내용을 해당 기관전용 사모집합투자기구의 집합투자재산을 보관ㆍ관리하는 신탁업자에게 즉시 통보하여야 한다.<개정 2021. 4. 20.> ③ 업무집행사원은 기관전용 사모집합투자기구의 집합투자재산을 운용할 때 기관전용 사모 집합투자기구의 계산으로 그 업무집행사원이 발행한 증권을 취득해서는 아니 된다.<개정 2021. 4. 20.> ④ 업무집행사원은 기관전용 사모집합투자기구의 집합투자재산을 운용할 때 집합투자재산 의 100분의 5 이하로서 대통령령으로 정하는 비율을 초과하여 다음 각 호의 어느 하나에 해 당하는 계열회사가 발행한 증권(그 계열회사가 발행한 지분증권과 관련한 증권예탁증권 및 대통령령으로 정하는 투자대상자산을 포함한다)을 취득해서는 아니 된다. 이 경우 기관전용 사모집합투자기구의 집합투자재산으로 취득하는 증권은 시가로 평가하되 평가의 방법과 절 차는 대통령령으로 정하는 바에 따른다.<개정 2021. 4. 20.> 1. 그 업무집행사원의 계열회사 2. 그 기관전용 사모집합투자기구에 사실상 지배력을 행사하는 유한책임사원으로서 대통령 령으로 정하는 자의 계열회사 [본조신설 2015. 7. 24.]"
제249조의17,[],REGULATION,지분양도,사원,양도,지분,PROHIBITIVE,"제249조의17(지분양도 등) ① 기관전용 사모집합투자기구의 무한책임사원은 출자한 지분을 타 인에게 양도할 수 없다. 다만, 정관으로 정한 경우에는 사원 전원의 동의를 받아 지분을 분할 하지 아니하고 타인에게 양도할 수 있다. <개정 2021. 4. 20.> ② 기관전용 사모집합투자기구의 유한책임사원은 무한책임사원 전원의 동의를 받아 출자한 지분을 분할하지 아니하고 타인에게 양도할 수 있다.<개정 2021. 4. 20.> ③ 기관전용 사모집합투자기구의 무한책임사원 및 유한책임사원은 제1항 단서 및 제2항에 도 불구하고 양도의 결과 기관전용 사모집합투자기구의 사원 총수가 100인을 초과하지 아니 하는 범위에서는 지분을 분할하여 양도할 수 있다. 이 경우"
제249조의11제3항,[],REGULATION,합병 금지,기관전용 사모집합투자기구,합병,다른 회사,PROHIBITIVE,제249조의11제3항을 준용한다. <개정 2021. 4. 20.> ④ 기관전용 사모집합투자기구는 다른 회사(다른 기관전용 사모집합투자기구를 포함한다)와 합병할 수 없다.<개정 2021. 4. 20.> ⑤ 기관전용 사모집합투자기구의 유한책임사원은 그 지분을
제249조의11제6항,"[None, None, 249, 6]",REGULATION,양도,자,양도,자,PROHIBITIVE,제249조의11제6항 각 호에 해 당하지 아니하는 자에게 양도해서는 아니 된다.<개정 2021. 4. 20.> [본조신설 2015. 7. 24.]
제249조의18,[],REGULATION,제한,기관전용 사모집합투자기구,제한,다른 회사,MANDATORY,제249조의18(상호출자제한기업집단 계열 기관전용 사모집합투자기구 등에 대한 제한) ① 상호 출자제한기업집단의 계열회사인 기관전용 사모집합투자기구 또는 상호출자제한기업집단의 계열회사가 무한책임사원인 기관전용 사모집합투자기구는 다른 회사(
제9조제16항제4호,[],REGULATION,외국 기업 제외 및 자산총액 비율,외국 기업,제외,계열회사,MANDATORY,제9조제16항제4호에 법제처 162 국가법령정보 센터 자본시장과 금융투자업에 관한 법률 따른 외국 기업은 제외한다)를 계열회사로 편입한 경우에는 편입일부터 5년 이내에 그 다른 회사의 지분증권을 그 상호출자제한기업집단의 계열회사가 아닌 자에게 처분하여야 한다. <개정 2021. 4. 20.> ② 제1항에도 불구하고 다음 각 호의 자(이하 “기관전용 사모집합투자기구등”이라 한다)를 제외한 상호출자제한기업집단의 계열회사 전체의 자산총액[금융업 또는 보험업을 영위하는 회사의 경우 자본총액(재무상태표상의 자산총액에서 부채총액을 뺀 금액을 말한다. 이하 이 항에서 같다) 또는 자본금 중 큰 금액으로 한다]에 대한 금융업 또는 보험업을 영위하는 회사 의 자본총액 또는 자본금 중 큰
제9조제16항제4호,"[9, 16, 4]",REGULATION,지분증권 처분,지분증권,처분,자,MANDATORY,"제9조제16항제4호에 따른 외국 기업은 제외한다)를 계열회사로 편입한 경우에는 편입 일부터 7년 이내에 그 다른 회사의 지분증권을 그 상호출자제한기업집단의 계열회사가 아닌 자에게 처분하여야 한다. 다만, 대통령령으로 정하는 방법에 따라 금융위원회의 승인을 받은 경우에는 처분기한을 3년 이내에서 연장할 수 있다<개정 2021. 4. 20.> 1. 기관전용 사모집합투자기구 2. 제1호에 해당하는 자가 투자한 투자목적회사 3. 제2호에 해당하는 자가 투자한 투자목적회사 4. 제1호부터 제3호까지에 해당하는 자가 투자한 투자대상기업(기관전용 사모집합투자기구 또는"
제249조의13,"[None, None, 249, 13]",ACTOR,투자목적회사,투자목적회사,,,,제249조의13에 따른 투자목적회사가
제249조의7제5항제1호 또는 제2호,[],REGULATION,지분증권 취득 금지,기관전용 사모집합투자기구,취득,지분증권,PROHIBITIVE,제249조의7제5항제1호 또는 제2호의 방법으로 투자한 기업을 말한다. 이하 이 장에서 같다) 5. 제4호에 해당하는 자가 지배하는 회사 ③ 상호출자제한기업집단의 계열회사인 기관전용 사모집합투자기구 또는 상호출자제한기업 집단의 계열회사가 무한책임사원인 기관전용 사모집합투자기구는 그 계열회사(투자목적회 사 및 투자대상기업은 제외한다)가 발행한 지분증권을 취득해서는 아니 된다.<개정 2021. 4. 20.> ④ 제2항에 해당하는 상호출자제한기업집단의 계열회사는 다음 각 호의 어느 하나에 해당하 는 행위를 해서는 아니 된다.<개정 2021. 4. 20.> 1. 기관전용 사모집합투자기구등이 기관전용 사모집합투자기구등이 아닌 계열회사의 지분증 권을 취득 또는 소유하는 행위 2. 기관전용 사모집합투자기구등이 아닌 계열회사가 제2항제4호 또는 제5호의 자의 지분증 권을 취득 또는 소유하는 행위 [본조신설 2015. 7. 24.] [제목개정 2021. 4. 20.]
제249조의19,[],REGULATION,지주회사,,,,,제249조의19(지주회사 규제의 특례) ① 「독점규제 및 공정거래에 관한 법률」에 따른 지주회사 에 관한 규정은 사모집합투자기구 또는 투자목적회사가
제249조의7제5항제1호,"[249, 7, 5, 1]",REGULATION,보고,사모집합투자기구,보고,금융위원회,MANDATORY,"제249조의7제5항제1호 또는 제2호 의 요건을 충족하는 경우 그 요건을 충족한 날부터 10년이 되는 날까지는 적용하지 아니한다. <개정 2021. 4. 20.> ② 사모집합투자기구(일반 사모집합투자기구인 투자신탁이나 투자익명조합의 집합투자업자 를 포함한다) 또는 투자목적회사는 제1항에 해당하는 경우 그 요건을 충족한 날부터 2주일 이내에 그 사실을 대통령령으로 정하는 방법에 따라 금융위원회에 보고하여야 하며, 금융위 법제처 163 국가법령정보 센터 자본시장과 금융투자업에 관한 법률 원회는 그 사항을 공정거래위원회에 통보하여야 한다.<개정 2021. 4. 20.> ③ 사모집합투자기구(기관전용 사모집합투자기구의 무한책임사원 또는 일반 사모집합투자 기구의 집합투자업자 중 상호출자제한기업집단 계열회사 또는 금융지주회사가 아닌 자를 포 함한다) 및 투자목적회사에 대해서는"
제249조의7제5항제1호,[],REGULATION,금융지주회사,,보지 아니한다,금융지주회사,PROHIBITIVE,"제249조의7제5항제1호 또는 제2호의 요건을 충족하는 경우 그 요건을 충족한 날부터 10년이 되는 날까지는 「금융지주회사법」에 따른 금융지주회 사로 보지 아니한다. 다만, 사모집합투자기구 또는 투자목적회사가 대통령령으로 정하는 1개 이상의 금융기관을 지배하는 경우에는 같은 법"
제45조,[],,,,,,,
Unknown,[],REGULATION,Unknown,,,,,제45조의2부터
Unknown,[],REGULATION,Unknown,,,,,제45조의4까지 및
제 48조,[],PROCEDURE,준용,회사,준용,제 48조,MANDATORY,제 48조를 준용한다.<개정 2021. 4. 20.> ④ 회사가 기관전용 사모집합투자기구의 업무집행사원 또는 일반 사모집합투자기구의 집합 투자업자인 경우에는 「금융지주회사법」
Unknown,[],REGULATION,Unknown,,,,,제45조의2부터
제45조의4,[],DEFINITION,은행지주회사의 주요출자자,은행지주회사의 주요출자자,본다,업무집행사원,DEFINITIONAL,제45조의4까지의 규정을 준용한다. 이 경우 “은행지주회사의 주요출자자”는 “업무집행사원 또는 집합투자업자” 또는 “업무집행 사원 또는 집합투자업자의 대주주”로 본다.<개정 2021. 4. 20.> ⑤ 「금융지주회사법」에 따른 자회사는 같은 법
Unknown,[],REGULATION,Unknown,,,,,제19조에도 불구하고 사모집합투자기구의 지분을 취득할 수 있다.<개정 2021. 4. 20.> [본조신설 2015. 7. 24.]
제249조의20,[],REGULATION,기관전용 사모집합투자기구에 대한 특례,,,,,제249조의20(기관전용 사모집합투자기구에 대한 특례) ①
제182조,[],,,,,,,
제183조제1항,[],,,,,,,
Unknown,[],REGULATION,Unknown,,,,,"제184조제 1항ㆍ제2항ㆍ제5항ㆍ제6항,"
제186조,[],,,,,,,
제213조,[],,,,,,,제213조부터
제215조,[],,,,,,,
제216조,[],REGULATION,해산ㆍ청산 제외,준용 부분,제외,해산ㆍ청산,MANDATORY,제216조(같은 조 제3항 중 투자합자회사의 해산ㆍ청산에 관하여 준용하는 부분은 제외한다)
Unknown,[],REGULATION,Unknown,,,,,"제217조,"
Unknown,[],REGULATION,Unknown,,,,,제229조부터
Unknown,[],REGULATION,Unknown,,,,,"제 237조까지,"
제238조,[],,,,,,,"제238조제2항부터 제5항까지, 같은 조 제7항ㆍ제8항,"
Unknown,[],REGULATION,Unknown,,,,,"제239조,"
제240조제3항부 터 제10항까지,[],,,,,,,"제240조제3항부 터 제10항까지,"
제241조,[],,,,,,,
제247조,[],,,,,,,
제248조,[],,,,,,,
제249조,[],,,,,,,
제249조의2,[],,,,,,,제249조의2부터
Unknown,[],REGULATION,Unknown,,,,,"제249조의 6까지,"
Unknown,[],REGULATION,Unknown,,,,,"제249조의8,"
제249조의9,[],,,,,,,"제249조의9,"
Unknown,[],REGULATION,Unknown,,,,,"제250조,"
Unknown,[],REGULATION,Unknown,,,,,제251조 및
제253조,[],REGULATION,적용 제외,제253조,적용하지 않는다,기관전용 사모집합투자기구,PROHIBITIVE,제253조는 기관전용 사모집합투자기구 에 적용하지 아니한다. <개정 2021. 4. 20.> ② 「상법」
제173조,[],,,,,,,"제173조,"
제198조,[],,,,,,,
제217조제2항,[],,,,,,,
제224조,[],,,,,,,"제224조,"
Unknown,[],REGULATION,Unknown,,,,,제274조 및
제286조,[],REGULATION,기관전용 사모 집합투자기구,제286조,적용하지 않는다,기관전용 사모 집합투자기구,MANDATORY,제286조는 기관전용 사모 집합투자기구에 적용하지 아니한다.<개정 2021. 4. 20.> ③ 「독점규제 및 공정거래에 관한 법률」
제25조제1항,[],,,,,,,제25조제1항은
제249조의18제2항,[],DEFINITION,상호 출자제한기업집단에 속하는 기관전용 사모집합투자기구,,,,DEFINITIONAL,제249조의18제2항에 해당하는 상호 출자제한기업집단에 속하는 기관전용 사모집합투자기구 또는 그 기관전용 사모집합투자기 구가 투자한 투자목적회사가 소유하는 투자목적회사 또는 투자대상기업[상호출자제한기업 집단에 속하는 기관전용 사모집합투자기구 또는 그 기관전용 사모집합투자기구가 투자한 투 자목적회사의 「독점규제 및 공정거래에 관한 법률」]
제9조제1항,[],REGULATION,특수관계인,기업,제외,지분증권,MANDATORY,"제9조제1항에 따른 특수관계인(동일인 및 그 친족에 한정한다)이 주식을 소유하고 있는 기업은 제외한다]의 지분증권에 대하여 의결권을 행사하는 경우에는 적용하지 아니한다.<개정 2020. 12. 29., 2021. 4. 20.> ④ 「독점규제 및 공정거래에 관한 법률」"
제27조,[],,,,,,,제27조 및
제28조,[],DEFINITION,유한책임사원 현황,유한책임사원 현황,정하는,독점규제 및 공정거래에 관한 법률,DEFINITIONAL,제28조 중 유한책임사원의 현황과 관련 된 것으로서 대통령령으로 정하는 사항은 「독점규제 및 공정거래에 관한 법률」
제14조제 1항,"[14, 1, None, None]",REGULATION,기관전용 사모집합투자기구,기관전용 사모집합투자기구,적용하지 않는다,대통령령으로 정하는 기관전용 사모집합투자기구,PROHIBITIVE,"제14조제 1항에 따른 공시대상기업집단(이하 “공시대상기업집단”이라 한다)의 계열회사인 기관전용 사모집합투자기구 또는 공시대상기업집단의 계열회사가 무한책임사원인 기관전용 사모집합 투자기구 중에서 대통령령으로 정하는 기관전용 사모집합투자기구에 대해서는 적용하지 아 니한다.<개정 2020. 12. 29., 2021. 4. 20.> [본조신설 2015. 7. 24.] 법제처 164 국가법령정보 센터 자본시장과 금융투자업에 관한 법률 [제목개정 2021. 4. 20.]"
제249조의21,[],REGULATION,해산,금융위원회,명할,기관전용 사모집합투자기구,PERMISSIVE,제249조의21(기관전용 사모집합투자기구에 대한 조치) ① 금융위원회는 다음 각 호의 어느 하 나에 해당하는 경우 기관전용 사모집합투자기구의 해산을 명할 수 있다. <개정 2021. 4. 20.> 1.
제249조의10제4항ㆍ제6항 또는,[],,,,,,,제249조의10제4항ㆍ제6항 또는
제249조의11제8항,[],DEFINITION,"거짓, 그 밖의 부정한 방법",,,,DEFINITIONAL,"제249조의11제8항에 따른 보고나 변경보고를 하지 아니 한 경우 2. 거짓, 그 밖의 부정한 방법으로"
제249조의10,[],,,,,,,제249조의10제4항ㆍ제6항 또는
제249조의11제8항,"[249, 11, 8]",REGULATION,보고,기관전용 사모집합투자기구,보고,,MANDATORY,제249조의11제8항에 따른 보고나 변경보고를 한 경우 3. 기관전용 사모집합투자기구가
제249조의10제3항,[],REGULATION,위법행위,금융위원회,조치를 할 수 있다,기관전용 사모집합투자기구,PERMISSIVE,제249조의10제3항 각 호에 따른 요건을 갖추지 못한 경우 4. 별표 6 각 호의 어느 하나에 해당하는 경우로서 대통령령으로 정하는 경우 5. 금융관련 법령 중 대통령령으로 정하는 법령을 위반하는 경우로서 사회적 신용을 훼손하 는 등 대통령령으로 정하는 경우 6. 제2항제3호에 따른 시정명령 또는 중지명령을 이행하지 아니한 경우 7. 그 밖에 금융시장의 안정 또는 건전한 거래질서를 현저히 해칠 우려가 있거나 기관전용 사모집합투자기구로서 존속하기 곤란하다고 인정되는 경우로서 대통령령으로 정하는 경 우 ② 금융위원회는 기관전용 사모집합투자기구가 제1항 각 호(제4호는 제외한다)의 어느 하나 에 해당하거나 별표 6 각 호의 어느 하나에 해당하는 경우에는 다음 각 호의 어느 하나에 해 당하는 조치를 할 수 있다.<개정 2021. 4. 20.> 1. 6개월 이내의 업무의 전부 또는 일부의 정지 2. 계약의 인계명령 3. 위법행위의 시정명령 또는 중지명령 4. 위법행위로 인한 조치를 받았다는 사실의 공표명령 또는 게시명령 5. 기관경고 6. 기관주의 7. 그 밖에 위법행위를 시정하거나 방지하기 위하여 필요한 조치로서 대통령령으로 정하는 조치 ③ 금융위원회는 기관전용 사모집합투자기구의 업무집행사원이 제1항 각 호(제4호는 제외한 다)의 어느 하나에 해당하거나 별표 6 각 호의 어느 하나에 해당하는 경우에는 다음 각 호의 어느 하나에 해당하는 조치를 할 수 있다.<개정 2021. 4. 20.> 1. 그 업무집행사원에 대한 조치 가. 해임요구 나. 6개월 이내의 직무정지 다. 기관경고 라. 기관주의 마. 그 밖에 위법행위를 시정하거나 방지하기 위하여 필요한 조치로서 대통령령으로 정하 는 조치 2. 그 업무집행사원의 임원에 대한 조치 가. 해임요구 나. 6개월 이내의 직무정지 법제처 165 국가법령정보 센터 자본시장과 금융투자업에 관한 법률 다. 문책경고 라. 주의적 경고 마. 그 밖에 위법행위를 시정하거나 방지하기 위하여 필요한 조치로서 대통령령으로 정하 는 조치 3. 그 업무집행사원의 직원에 대한 조치요구 가. 면직 나. 6개월 이내의 정직 다. 감봉 라. 견책 마. 주의 바. 그 밖에 위법행위를 시정하거나 방지하기 위하여 필요한 조치로서 대통령령으로 정하 는 조치 ④ 기관전용 사모집합투자기구 및 기관전용 사모집합투자기구의 업무집행사원에 대한 조치 등에 관하여는
제422조제3항,[],,,,,,,제422조제3항 및
제423조,[],,,,,,,제423조부터
제425조,[],REGULATION,규정 준용,,준용한다,제425조까지의 규정,MANDATORY,제425조까지의 규정을 준용한다.
제249조의22,[],DEFINITION,기업재무안정 사모집합투자기구,,투자ㆍ운용,투자자,DEFINITIONAL,제249조의22(기업재무안정 사모집합투자기구 등에 대한 특례) ① 이 조에서 “기업재무안정 사 모집합투자기구”란 다음 각 호의 어느 하나에 해당하는 재무구조개선기업(「금융산업의 구조 개선에 관한 법률」에서 정하는 금융기관은 제외한다. 이하 이 조에서 같다)의 경영정상화 및 재무안정 등을 위하여 제2항에서 정하는 바에 따라 투자ㆍ운용하여 그 수익을 투자자에게 배 분하는 것을 목적으로 하는 사모집합투자기구를 말한다. <개정 2021. 4. 20.> 1. 「기업구조조정 촉진법」
제2조제7호,[],DEFINITION,부실징후기업,부실징후기업,,,DEFINITIONAL,제2조제7호에 따른 부실징후기업 2. 「채무자 회생 및 파산에 관한 법률」
제34조,[],,,,,,,
제35조,[],REGULATION,회생절차개시,기업,신청,법원,MANDATORY,제35조에 따라 법원에 회생절차개시를 신청한 기업 3. 「채무자 회생 및 파산에 관한 법률」
제294조,[],,,,,,,제294조 또는
제295조,[],REGULATION,기업재무안정 사모집합투자기구,기업재무안정 사모집합투자기구,운용,집합투자재산,MANDATORY,"제295조에 따라 법원에 파산을 신청한 기업 4. 채권금융기관(대통령령으로 정하는 금융기관을 말한다)과 대통령령으로 정하는 재무구조 개선을 위한 약정을 체결한 기업 5. 법인(그 계열회사를 포함한다)의 합병ㆍ전환ㆍ정리 등 대통령령으로 정하는 바에 따라 구 조조정 또는 재무구조개선 등을 하려는 기업 6. 그 밖에 기업의 재무구조개선 또는 경영정상화의 추진이 필요한 기업으로서 대통령령으 로 정하는 요건에 해당하는 기업 ② 기업재무안정 사모집합투자기구는 그 집합투자재산을 운용할 때에는 사원이 출자한 날부 터 6개월 이상의 기간으로서 대통령령으로 정하는 기간 이내에 출자한 금액의 100분의 50 이상으로서 대통령령으로 정하는 비율 이상을 다음 각 호의 어느 하나에 해당하는 방법으로 운용하여야 하며, 그와 같이 운용하고 남은 재산은 대통령령으로 정하는 바에 따라 운용할 수 있다.<개정 2021. 4. 20.> 1. 재무구조개선기업이 발행한 증권의 매매 법제처 166 국가법령정보 센터 자본시장과 금융투자업에 관한 법률 2. 재무구조개선기업이 채무자인 대출채권 등 채권, 이에 수반되는 담보권 및 그 밖의 권리의 매매 3. 재무구조개선기업이 보유하고 있는 부동산, 영업권 등 경제적 가치가 있는 자산의 매매 4. 자산총액에서 부채총액을 뺀 가액을 초과하지 아니하는 범위에서의 재무구조개선기업에 대한 자금의 대여 및 지급의 보증 5. 제3항에 따른 투자목적회사의 지분증권에 대한 투자 ③ 기업재무안정 사모집합투자기구가 주주 또는 사원인 경우로서 주주 또는 사원의 출자비 율이 대통령령으로 정하는 비율 이상인 투자목적회사는"
제249조의13제1항제2호,[],REGULATION,재산 운용,,운용할 수 있다,재산,PERMISSIVE,제249조의13제1항제2호에도 불구 하고 제2항제1호부터 제4호까지(제4호를 적용할 때 자산총액은 투자목적회사의 자산총액을 말한다)의 어느 하나에 해당하는 방법 및 그 밖에 대통령령으로 정하는 방법으로 재산을 운 용할 수 있다.<개정 2021. 4. 20.> ④ 삭제<2021. 4. 20.> ⑤ 「국가재정법」
제13조제1항제2호부터 제5호까지,"[None, None, 13, None]",REGULATION,투자,기금 관리자,출자,기업재무안정 사모집합투자기구,PERMISSIVE,"제13조제1항제2호부터 제5호까지의 기금을 관리하는 자는 해당 기금 여유 자금운용액의 100분의 10의 범위에서 대통령령으로 정하는 비율 이내의 자금을 해당 기금 운용계획에 따라 기업재무안정 사모집합투자기구에 출자할 수 있다. 이 경우 기금이 출자한 금액은 제3항의 투자목적회사에 출자한 금액을 합하여 산정한다.<개정 2021. 4. 20.> ⑥ 기업재무안정 사모집합투자기구 및 제3항의 투자목적회사는 6개월 미만의 기간 중에는 취득한 지분증권을 처분해서는 아니 된다. 다만, 그 지분증권을 계속 소유함으로써 사원의 이익을 명백히 해칠 우려가 있는 경우, 그 밖에 대통령령으로 정하는 경우로서 미리 금융위 원회의 승인을 받은 경우에는 6개월 미만의 기간 중에 이를 처분할 수 있다.<개정 2021. 4. 20.> ⑦ 기업재무안정 사모집합투자기구의 집합투자재산 및 제3항의 투자목적회사 재산의 투자 비율의 산정방식, 그 밖에 기업재무안정 사모집합투자기구의 집합투자재산 및 제3항의 투자 목적회사 재산의 운용 및 운용제한, 자금차입 한도 산정방법 등에 관하여 필요한 사항은 대 통령령으로 정한다.<개정 2021. 4. 20.> [본조신설 2016. 12. 20.] [제목개정 2021. 4. 20.]"
제249조의23,[],DEFINITION,창업ㆍ벤처전문 사모집합투자기구,수익,배분,투자자,DEFINITIONAL,"제249조의23(창업ㆍ벤처전문 사모집합투자기구 등에 대한 특례) ① 이 조에서 “창업ㆍ벤처전문 사모집합투자기구”란 다음 각 호의 어느 하나에 해당하는 기업(이하 이 조에서 “창업ㆍ벤처기 업등”이라 한다)의 성장기반 조성 및 건전한 발전을 위하여 제2항에서 정하는 바에 따라 투자 ㆍ운용하여 그 수익을 투자자에게 배분하는 것을 목적으로 하는 사모집합투자기구를 말한다. <개정 2019. 12. 31., 2020. 2. 11., 2021. 4. 20., 2021. 12. 28., 2023. 6. 13., 2024. 1. 9.> 1. 「중소기업창업 지원법」"
제2조제3호,"[None, None, 2, 3]",DEFINITION,창업기업,창업기업,창업,중소기업,DEFINITIONAL,"제2조제3호에 따른 창업기업. 다만, 해당 창업기업이 창업하거나 창업하여 사업을 개시한 중소기업이 「중소기업창업 지원법」"
제5조제1항,[],REGULATION,단서에 해당하는 업종의 중소기업,중소기업,제외,업종,MANDATORY,제5조제1항 단서에 해당하는 업종의 중소기업인 경우는 제외한다.
제2조제1항,[],DEFINITION,벤처기업,,,,DEFINITIONAL,제2조제1항에 따른 벤처기업 3. 「중소기업 기술혁신 촉진법」
제15조,[],CONCEPT,기술혁신형 중소기업,,,,,제15조에 따른 기술혁신형 중소기업 또는 같은 법
제15조의 3,[],DEFINITION,경영혁신형 중소기업,경영혁신형 중소기업,정의,제15조의 3,DEFINITIONAL,제15조의 3에 따른 경영혁신형 중소기업 4. 「기술보증기금법」
제2조제1호,[],CONCEPT,소재ㆍ부품ㆍ장비산업 경쟁력 강화 및 공급망 안정화를 위한 특별조치법,,,,,제2조제1호에 따른 신기술사업자 5. 「소재ㆍ부품ㆍ장비산업 경쟁력 강화 및 공급망 안정화를 위한 특별조치법」
제2조제5호,[],DEFINITION,전문기업,전문기업,정의,중소기업기본법,DEFINITIONAL,제2조제5호에 따른 전문기업으로서 「중소기업기본법」
제2조,[],CONCEPT,자본시장과 금융투자업에 관한 법률,,,,,제2조에 따른 중소기업 법제처 167 국가법령정보 센터 자본시장과 금융투자업에 관한 법률 6. 그 밖에 성장기반 조성 및 건전한 발전이 필요한 「중소기업기본법」
제2조,[],REGULATION,운용,창업ㆍ벤처전문 사모집합투자기구,운용,집합투자재산,MANDATORY,"제2조에 따른 중소기 업으로서 대통령령으로 정하는 기업 ② 창업ㆍ벤처전문 사모집합투자기구는 그 집합투자재산을 운용할 때에는 사원이 출자한 날 부터 6개월 이상의 기간으로서 대통령령으로 정하는 기간 이내에 출자한 금액의 100분의 50 이상으로서 대통령령으로 정하는 비율 이상을 다음 각 호의 어느 하나에 해당하는 방법으로 운용하여야 하며, 그와 같이 운용하고 남은 재산은 대통령령으로 정하는 바에 따라 운용할 수 있다.<개정 2021. 4. 20.> 1. 창업ㆍ벤처기업등이 발행한 증권에 대한 투자 2. 제3항에 따른 투자목적회사의 지분증권에 대한 투자 3. 그 밖에 창업ㆍ벤처기업등에 대한 자금 지원을 위하여 필요한 방법으로서 대통령령으로 정하는 방법 ③ 창업ㆍ벤처전문 사모집합투자기구가 주주 또는 사원인 경우로서 주주 또는 사원의 출자 비율이 대통령령으로 정하는 비율 이상인 투자목적회사는"
Unknown,[],REGULATION,Unknown,,,,,"제249조의13제1항제2호에도 불 구하고 제2항제1호ㆍ제3호 또는 그 밖에 대통령령으로 정하는 방법으로 재산을 운용할 수 있다.<개정 2021. 4. 20.> ④ 창업ㆍ벤처전문 사모집합투자기구의 집합투자재산 및 제3항의 투자목적회사 재산의 투 자비율의 산정방식, 그 밖에 창업ㆍ벤처전문 사모집합투자기구의 집합투자재산 및 제3항의 투자목적회사 재산의 운용 및 운용제한 등에 관하여 필요한 사항은 대통령령으로 정한다.<개 정 2021. 4. 20.> ⑤ 창업ㆍ벤처전문 사모집합투자기구는 대통령령으로 정하는 바에 따라 제2항에 따른 집합 투자재산 운용 현황, 그 밖에 대통령령으로 정하는 사항에 관하여 금융위원회에 보고하여야 한다.<개정 2021. 4. 20.> [본조신설 2016. 12. 20.] [제목개정 2021. 4. 20.] 제3절 은행 및 보험회사에 대한 특칙 <신설 2015. 7. 24.>"
제250조,[],,은행,,,,,제250조(은행에 대한 특칙) ① 은행으로서
Unknown,[],REGULATION,Unknown,,,,,제12조에 따라 집합투자업에 관한 금융투자업인가를 받은 자(이하 이 조에서 “집합투자업겸영은행”이라 한다)는 인가받은 범위에서 투자신탁의 설 정ㆍ해지 및 투자신탁재산의 운용업무를 영위할 수 있다. ② 집합투자업겸영은행은 집합투자재산 운용업무와 관련한 의사결정을 위하여 제7항제1호 ㆍ제3호ㆍ제4호의 업무를 수행하지 아니하는 임원 3인(사외이사 2인을 포함한다)으로 구성 된 집합투자재산운용위원회를 설치하여야 한다. 이 경우 집합투자재산운용위원회의 운영 등 에 관하여 필요한 사항은 대통령령으로 정한다. ③ 집합투자업겸영은행은 투자신탁재산의 운용과 관련하여 다음 각 호의 어느 하나에 해당 하는 행위를 하여서는 아니 된다. 1. 자기가 발행한 투자신탁의 수익증권을 자기의 고유재산으로 취득하는 행위 2. 자기가 운용하는 투자신탁의 투자신탁재산에 관한 정보를 다른 집합투자증권의 판매에 이용하는 행위 3. 자기가 운용하는 투자신탁의 수익증권을 다른 은행을 통하여 판매하는 행위 법제처 168 국가법령정보 센터 자본시장과 금융투자업에 관한 법률 4.
제229조제5호,[],REGULATION,정보 이용 금지,은행,이용,집합투자재산 정보,PROHIBITIVE,"제229조제5호의 단기금융집합투자기구를 설정하는 행위 ④ 집합투자재산의 보관ㆍ관리업무를 영위하는 은행은 그 집합투자기구의 집합투자재산에 관한 정보를 자기가 운용하는 투자신탁재산의 운용 또는 자기가 판매하는 집합투자증권의 판매를 위하여 이용하여서는 아니 된다. ⑤ 일반사무관리회사의 업무를 영위하는 은행은 해당 집합투자기구의 집합투자재산에 관한 정보를 자기가 운용하는 투자신탁재산의 운용 또는 자기가 판매하는 집합투자증권의 판매를 위하여 이용하여서는 아니 된다. ⑥ 투자매매업 또는 투자중개업 인가를 받아 집합투자증권의 판매를 영위하는 은행은 다음 각 호의 어느 하나에 해당하는 행위를 하여서는 아니 된다. 1. 자기가 판매하는 집합투자증권의 집합투자재산에 관한 정보를 자기가 운용하는 투자신탁 재산의 운용 또는 자기가 운용하는 투자신탁의 수익증권의 판매를 위하여 이용하는 행위 2. 집합투자증권의 판매업무와 「은행법」에 따른 업무를 연계하여 정당한 사유 없이 고객을 차별하는 행위 ⑦ 은행이 이 법에 따라 집합투자업, 신탁업(집합투자재산의 보관ㆍ관리업무를 포함한다. 이 하 이 항에서 같다) 또는 일반사무관리회사의 업무를 영위하는 경우에는 임원(사실상 임원과 동등한 지위에 있는 자로서 대통령령으로 정하는 자를 포함한다. 이하 이 항에서 같다)을 두 어야 하고, 임직원에게 다음 각 호의 업무를 겸직하게 하여서는 아니 되며, 전산설비 또는 사 무실 등의 공동사용 금지 및 다른 업무를 영위하는 임직원 간의 정보교류 제한 등 대통령령 으로 정하는 이해상충방지체계를 갖추어야 한다. 다만, 임원의 경우 제1호의 업무 중 제2호 부터 제4호까지의 업무와 이해상충이 적은 업무로서 대통령령으로 정하는 업무와 제2호부 터 제4호까지의 업무를 겸직할 수 있으며, 제3호 및 제4호의 업무 간에는 겸직할 수 있다.<개 정 2009. 2. 3., 2013. 5. 28.> 1. 「은행법」에 따른 업무(제2호부터 제4호까지의 업무 및 대통령령으로 정하는 업무는 제외 한다) 2. 집합투자업 3. 신탁업 4. 일반사무관리회사의 업무"
제251조,[],,보험회사,보험회사,,,,제251조(보험회사에 대한 특칙) ① 보험회사로서
제12조,[],REGULATION,투자신탁,집합투자업겸영보험회사,영위,투자신탁,PERMISSIVE,제12조에 따라 집합투자업에 관한 금융투자업 인가를 받은 자(이하 이 조에서 “집합투자업겸영보험회사”라 한다)는 인가받은 범위에서 투자 신탁의 설정ㆍ해지 및 투자신탁재산의 운용업무를 영위할 수 있다. 이 경우 투자신탁의 설정 ㆍ해지 및 투자신탁재산의 운용업무는 「보험업법」
제108조제1항제3호,[],DEFINITION,특별계정,,본다,투자신탁,DEFINITIONAL,"제108조제1항제3호에 따른 특별계정(특 별계정 내에 각각의 신탁계약에 의하여 설정된 다수의 투자신탁이 있는 경우 각각의 투자신 탁을 말한다. 이하 이 항에서 같다)에 한하며, 그 특별계정은 이 법에 따른 투자신탁으로 본다. ②"
제250조제3항,[],REGULATION,준용,제250조제3항,준용한다,집합투자업겸영보험회사,MANDATORY,"제250조제3항(제2호에 한한다)은 집합투자업겸영보험회사에 준용하며, 같은 조 제4항부 터 제6항까지의 규정은 보험회사에 준용한다. 이 경우 “은행”은 “보험회사”로, “「은행법」”은 “「보험업법」”으로 본다. ③ 보험회사는 이 법에 따라 집합투자업, 신탁업(집합투자재산의 보관ㆍ관리업무를 포함한 다. 이하 이 항에서 같다) 또는 일반사무관리회사의 업무를 영위하는 경우에는 임원(대통령 령으로 정하는 방법으로 투자신탁재산을 운용하는 경우의 임원을 제외하며, 사실상 임원과 동등한 지위에 있는 자로서 대통령령으로 정하는 자를 포함한다. 이하 이 항에서 같다)을 두 법제처 169 국가법령정보 센터 자본시장과 금융투자업에 관한 법률 어야 하고, 임직원에게 다음 각 호의 업무를 겸직하게 하여서는 아니 되며, 전산설비 또는 사 무실 등의 공동사용 금지 및 다른 업무를 영위하는 임직원 간의 정보교류 제한 등 대통령령 으로 정하는 이해상충방지체계를 갖추어야 한다. 다만, 임원의 경우 제1호의 업무 중 제2호 부터 제4호까지의 업무와 이해상충이 적은 업무로서 대통령령으로 정하는 업무와 제2호부 터 제4호까지의 업무를 겸직할 수 있으며, 제3호 및 제4호의 업무 간에는 겸직할 수 있다.<개 정 2009. 2. 3., 2013. 5. 28.> 1. 「보험업법」에 따른 업무(제2호부터 제4호까지의 업무 및 대통령령으로 정하는 업무는 제 외한다) 2. 집합투자업 3. 신탁업 4. 일반사무관리회사의 업무 ④ 집합투자업겸영보험회사는"
제83조제4항,[],REGULATION,운용,투자신탁,운용,자산,PERMISSIVE,제83조제4항에 불구하고 투자신탁재산에 속하는 자산을 「보 험업법」에서 정하는 방법에 따라 그 보험에 가입한 자에게 대출하는 방법으로 운용할 수 있다. ⑤
제182조,[],,,,,,,
제183조제1항,[],,,,,,,
제188조,[],REGULATION,제188조,,,,,"제188조제1항제2호ㆍ제6호, 같은 조 제2항 각 호 외의 부분 후단 및 같은 조 제3항,"
Unknown,[],REGULATION,Unknown,,,,,제189조부터
Unknown,[],REGULATION,Unknown,,,,,"제191조까지,"
제192조,[],REGULATION,제1항 단서 제외,제1항 단서,제외,같은 조,MANDATORY,제192조(같은 조 제1항 단서는 제외한다)
제 193조,[],,,,,,,
제230조,[],,,,,,,"제230조,"
Unknown,[],REGULATION,Unknown,,,,,제235조부터
Unknown,[],REGULATION,Unknown,,,,,"제237조까지,"
제238조제2항,"[None, None, 238, 2]",REGULATION,투 자신탁재산,투 자신탁재산,운용,방법,PROHIBITIVE,대통령령으로 정하는 방법으로 투 자신탁재산을 운용하는 경우에 한한다
제239조제3항,[],,,,,,,
제253조제1항,[],,,,,,,제253조제1항 및
제420조제1항,"[None, None, 420, 1]",REGULATION,적용 제외,집합투자업 겸 영보험회사,적용하지 않는다,투자신탁,PROHIBITIVE,제420조제1항은 집 합투자업겸영보험회사가 운용하는 투자신탁에 관하여는 적용하지 아니한다.<개정 2013. 5. 28.> ⑥
제82조,[],,,,,,,
제86조,[],,,,,,,
제89조제1항제4호,[],,,,,,,"제89조제1항제4호,"
제90조,[],,,,,,,제90조 및
제92조,"[8, None, 92, None]",REGULATION,집합투자업 영위,보험회사,적용하지 않는다,집합투자업 영위,PROHIBITIVE,제92조는 보험회사의 집합투자업 영위에 관하여는 적용하지 아니한다.
제252조,[],REGULATION,투자회사등에 대한 감독,금융위원회,명할 수 있다,조치,PERMISSIVE,"제252조(투자회사등에 대한 감독ㆍ검사) ① 금융위원회는 투자자를 보호하고 건전한 거래질서를 유지하기 위하여 투자회사등(기관전용 사모집합투자기구는 제외한다. 이하 이 조에서 같 다)에 대하여 다음 각 호의 사항에 관하여 필요한 조치를 명할 수 있다. <개정 2008. 2. 29., 2021. 4. 20.> 1. 집합투자재산의 운용에 관한 사항 2. 집합투자재산의 공시에 관한 사항 3. 그 밖에 투자자 보호 또는 건전한 거래질서를 위하여 필요한 사항으로서 대통령령으로 정 하는 사항 ②"
제419조,[],REGULATION,검사,제419조,준용,검사,MANDATORY,제419조(제2항부터 제4항까지 및 제8항을 제외한다)는 투자회사등에 대한 검사에 관하여 준용한다.
제253조,[],REGULATION,등록취소,금융위원회,취소할 수 있다,집합투자기구의 등록,PERMISSIVE,"제253조(집합투자기구의 등록취소 등) ① 금융위원회는 다음 각 호의 어느 하나에 해당하는 경 우에는 집합투자기구의 등록을 취소할 수 있다. 다만, 제3호의 경우에는 등록을 취소하여야 한다. <개정 2008. 2. 29.> 1. 거짓, 그 밖의 부정한 방법으로"
제182조제1항,[],REGULATION,등록,등록자,등록,,,제182조제1항 또는 제8항에 따른 등록이나 변경등록을 한 경우 법제처 170 국가법령정보 센터 자본시장과 금융투자업에 관한 법률 2.
제182조제2항,[],REGULATION,등록요건,투자회사,계속,순자산액,MANDATORY,제182조제2항 각 호에 따른 등록요건을 갖추지 못하게 된 경우 3. 집합투자기구가 해지 또는 해산한 경우 4. 투자회사의 순자산액이 3개월 이상 계속하여
제194조제2항제7호,"[None, None, 194, 7]",PENALTY,최저순자산액,,,최저순자산액,MANDATORY,제194조제2항제7호에 따른 최저순자산액에 미달하는 경우 5.
제182조제8항,"[182, 8, None, None]",REGULATION,조치,금융위원회,할 수 있다,투자회사등,PERMISSIVE,"제182조제8항에 따른 변경등록을 하지 아니한 경우 6. 금융위원회의 시정명령 또는 중지명령을 이행하지 아니한 경우 7. 별표 2 각 호의 어느 하나에 해당하는 경우로서 대통령령으로 정하는 경우 8. 대통령령으로 정하는 금융관련 법령 등을 위반한 경우로서 대통령령으로 정하는 경우 9. 그 밖에 투자자의 이익을 현저히 해할 우려가 있거나 집합투자기구로서 존속하기 곤란하 다고 인정되는 경우로서 대통령령으로 정하는 경우 ② 금융위원회는 투자회사등(그 집합투자업자 또는 그 법인이사ㆍ업무집행사원ㆍ업무집행 조합원을 포함한다)이 제1항 각 호(제7호를 제외한다)의 어느 하나에 해당하거나 별표 2 각 호의 어느 하나에 해당하는 경우에는 그 투자회사등에 대하여 다음 각 호의 어느 하나에 해 당하는 조치를 할 수 있다.<개정 2008. 2. 29.> 1. 6개월 이내의 업무의 전부 또는 일부의 정지 2. 계약의 인계명령 3. 위법행위의 시정명령 또는 중지명령 4. 위법행위로 인한 조치를 받았다는 사실의 공표명령 또는 게시명령 5. 기관경고 6. 기관주의 7. 그 밖에 위법행위를 시정하거나 방지하기 위하여 필요한 조치로서 대통령령으로 정하는 조치 ③ 금융위원회는 투자회사의 감독이사가 다음 각 호의 어느 하나에 해당하는 경우에는 해임 요구, 6개월 이내의 직무정지, 문책경고, 주의적 경고, 주의, 그 밖에 대통령령으로 정하는 조 치를 할 수 있다.<개정 2008. 2. 29., 2020. 5. 19.> 1."
제195조제1항,"[195, 1, None, None]",PENALTY,정관 변경,,위반,정관,MANDATORY,제195조제1항 각 호 외의 부분 단서를 위반하여 정관을 변경한 경우 2.
제199조제5항,[],REGULATION,준용,,준용,제199조제5항,,제199조제5항에서 준용하는
제54조제1항,"[None, None, 54, 1]",PENALTY,직무관련 정보 이용,,이용한,직무관련 정보,,제54조제1항을 위반하여 정당한 사유 없이 직무관련 정보를 이용한 경우 3.
제200조제3항,[],PENALTY,위반,,위반,제200조제3항,MANDATORY,제200조제3항을 위반하여 결의한 경우 4.
제247조제2항,"[None, None, 247, None]",REGULATION,등록 취소,금융위원회,취소할 수 있다,교차판매 집합투자기구의 등 록,PERMISSIVE,"제247조제2항을 위반하여 시정을 요구하지 아니하거나, 같은 조 제3항을 위반하여 보고 또는 공시에 관한 업무를 이행하지 아니한 경우 5. 그 밖에 투자자 보호 또는 건전한 거래질서를 해할 우려가 있는 경우로서 대통령령으로 정하는 경우 ④ 금융위원회는 다음 각 호의 어느 하나에 해당하는 경우에는 교차판매 집합투자기구의 등 록을 취소할 수 있다. 다만, 제1호 및 제4호의 경우에는 등록을 취소하여야 한다.<신설 2019. 11. 26.> 1. 거짓이나 그 밖의 부정한 방법으로"
제182조의2제1항 또는 제3항,[],REGULATION,등록,,등록,등록,,제182조의2제1항 또는 제3항에 따른 등록이나 변경등 록을 한 경우 2.
제182조의2제2항,[],REGULATION,등록요건,등록요건,갖추다,,MANDATORY,제182조의2제2항 각 호에 따른 등록요건을 갖추지 못하게 된 경우 3.
제182조의2제3항,"[None, None, 182, 3]",PROCEDURE,청문,금융위원회,실시,청문,MANDATORY,"금융위원회는 제1항 또는 제4항에 따라 집합투자기구 또는 교차판매 집합투자기구의 등 록을 취소하거나, 제3항에 따라 투자회사의 감독이사에 대한 해임요구를 하고자 하는 경우에는 청문을 실시하여야 한다."
제424조,[],,,,,,,제424조 및
제425조,"[9, None, 425, None]",REGULATION,준용,감독이사,준용,조치,MANDATORY,제425조는 집합투자기구 및 투자회사의 감독이사에 대한 조치 등에 관하여 준용한다.<개정 2019. 11. 26.> 제9장 집합투자기구의 관계회사
제254조,[],DEFINITION,일반사무관리회사,,,,DEFINITIONAL,제254조(일반사무관리회사) ①
제184조제6항,[],REGULATION,위탁,투자회사,위탁을 받다,업무,MANDATORY,"제184조제6항에 따라 투자회사의 위탁을 받아 같은 조 제6항 각 호의 업무를 영위하거나, 투자신탁이나 투자익명조합의 집합투자업자 또는 투자회사등의 위 탁을 받아"
제238조제6항,[],REGULATION,등록,자,등록,금융위원회,MANDATORY,"제238조제6항에 따른 집합투자증권의 기준가격 산정 및 그 밖에 이와 관련된 업무 로서 대통령령으로 정하는 업무를 영위하려는 자는 금융위원회에 등록하여야 한다. <개정 2008. 2. 29., 2021. 6. 8.> ② 제1항에 따른 등록을 하려는 자는 다음 각 호의 요건을 모두 갖추어야 한다.<개정 2013. 5. 28., 2015. 7. 31., 2016. 3. 22.> 1. 다음 각 목의 어느 하나에 해당할 것 가. 「상법」에 따른 주식회사 나. 명의개서대행회사 다. 그 밖에 대통령령으로 정하는 금융기관 2. 5억원 이상으로서 대통령령으로 정하는 금액 이상의 자기자본을 갖출 것 3. 상근 임직원 중 대통령령으로 정하는 기준의 전문인력을 보유할 것 4. 전산설비 등 대통령령으로 정하는 물적 설비를 갖출 것 5. 임원이 「금융회사의 지배구조에 관한 법률」"
제5조,[],REGULATION,등록,금융위원회,결정,등록,MANDATORY,"제5조에 적합할 것 6. 대통령령으로 정하는 이해상충방지체계를 구축하고 있을 것(대통령령으로 정하는 금융업 을 영위하고 있는 경우에 한한다) ③ 제1항에 따른 등록을 하려는 자는 금융위원회에 등록신청서를 제출하여야 한다.<개정 2008. 2. 29.> ④ 금융위원회는 제3항의 등록신청서를 접수한 경우에는 그 내용을 검토하여 30일 이내에 등록 여부를 결정하고, 그 결과와 이유를 지체 없이 신청인에게 문서로 통지하여야 한다. 이 경우 등록신청서에 흠결이 있는 때에는 보완을 요구할 수 있다.<개정 2008. 2. 29.> ⑤ 제4항의 검토기간을 산정함에 있어서 등록신청서 흠결의 보완기간 등 총리령으로 정하는 기간은 검토기간에 산입하지 아니한다.<개정 2008. 2. 29.> ⑥ 금융위원회는 제4항의 등록 여부를 결정함에 있어서 다음 각 호의 어느 하나에 해당하는 사유가 없는 한 그 등록을 거부하여서는 아니 된다.<개정 2008. 2. 29.> 1. 제2항의 등록요건을 갖추지 아니한 경우 2. 제3항의 등록신청서를 거짓으로 작성한 경우 3. 제4항 후단의 보완요구를 이행하지 아니한 경우 법제처 172 국가법령정보 센터 자본시장과 금융투자업에 관한 법률 ⑦ 금융위원회는 제4항에 따라 등록을 결정한 경우 일반사무관리회사등록부에 필요한 사항 을 기재하여야 하며, 등록결정한 내용을 관보 및 인터넷 홈페이지 등에 공고하여야 한다.<개 정 2008. 2. 29.> ⑧ 제1항에 따라 등록을 한 자(이하 “일반사무관리회사”라 한다)는 등록 이후 그 영업을 영위 함에 있어서 제2항 각 호의 등록요건(같은 항 제2호의 경우에는 대통령령으로 정하는 완화 된 요건을 말한다)을 계속 유지하여야 한다. ⑨ 제1항부터 제7항까지의 규정에 따른 등록신청서의 기재사항ㆍ첨부서류 등 등록의 신청 에 관한 사항과 등록검토의 방법ㆍ절차, 그 밖에 필요한 사항은 대통령령으로 정한다."
제255조,[],CONCEPT,준용규정,,,,DEFINITIONAL,제255조(준용규정)
제42조,[],,,,,,,
제54조,[],,,,,,,
Unknown,[],REGULATION,Unknown,,,,,제60조 및
제64조,[],REGULATION,준용,일반사무관리회사,준용,제64조,MANDATORY,제64조는 일반사무관리회사에 준용한다.
제256조,[],REGULATION,감독ㆍ검사,금융위원회,명할,조치,PERMISSIVE,제256조(일반사무관리회사에 대한 감독ㆍ검사) ① 금융위원회는 투자자를 보호하고 건전한 거 래질서를 유지하기 위하여 일반사무관리회사에 대하여 다음 각 호의 사항에 관하여 필요한 조치를 명할 수 있다. <개정 2008. 2. 29.> 1. 고유재산의 운용에 관한 사항 2. 영업의 질서 유지에 관한 사항 3. 영업방법에 관한 사항 4. 그 밖에 투자자 보호 또는 건전한 거래질서를 위하여 필요한 사항으로서 대통령령으로 정 하는 사항 ②
제419조,[],REGULATION,검사,일반사무관리회사,준용,검사,MANDATORY,제419조(제2항부터 제4항까지 및 제8항을 제외한다)는 일반사무관리회사에 대한 검사에 관하여 준용한다.
제257조,[],REGULATION,일반사무관리회사,금융위원회,,일반사무관리회사,MANDATORY,제257조(일반사무관리회사에 대한 처분) ① 금융위원회는 일반사무관리회사가 별표 3 각 호의 어느 하나에 해당하는 경우에는
제254조,[],REGULATION,조치,금융위원회,할 수 있다,조치,PERMISSIVE,제254조제1항에 따른 등록을 취소할 수 있다. <개정 2008. 2. 29.> ② 금융위원회는 일반사무관리회사가 별표 3 각 호의 어느 하나에 해당하는 경우에는 다음 각 호의 어느 하나에 해당하는 조치를 할 수 있다.<개정 2008. 2. 29.> 1. 6개월 이내의 업무의 전부 또는 일부의 정지 2. 계약의 인계명령 3. 위법행위의 시정명령 또는 중지명령 4. 위법행위로 인한 조치를 받았다는 사실의 공표명령 또는 게시명령 5. 기관경고 6. 기관주의 7. 그 밖에 위법행위를 시정하거나 방지하기 위하여 필요한 조치로서 대통령령으로 정하는 조치 ③ 금융위원회는 일반사무관리회사의 임원이 별표 3 각 호의 어느 하나에 해당하는 경우에는 다음 각 호의 어느 하나에 해당하는 조치를 할 수 있다.<개정 2008. 2. 29.> 1. 해임요구 2. 6개월 이내의 직무정지 3. 문책경고 4. 주의적 경고 법제처 173 국가법령정보 센터 자본시장과 금융투자업에 관한 법률 5. 주의 6. 그 밖에 위법행위를 시정하거나 방지하기 위하여 필요한 조치로서 대통령령으로 정하는 조치 ④ 금융위원회는 일반사무관리회사의 직원이 별표 3 각 호의 어느 하나에 해당하는 경우에는 다음 각 호의 어느 하나에 해당하는 조치를 그 일반사무관리회사에 요구할 수 있다.<개정 2008. 2. 29.> 1. 면직 2. 6개월 이내의 정직 3. 감봉 4. 견책 5. 경고 6. 주의 7. 그 밖에 위법행위를 시정하거나 방지하기 위하여 필요한 조치로서 대통령령으로 정하는 조치 ⑤
제422조제3항,[],,,,,,,제422조제3항 및
Unknown,[],REGULATION,Unknown,,,,,제423조부터
제425조,[],REGULATION,준용,제425조까지의 규정,준용,일반사무관리회사 및 그 임직원,MANDATORY,제425조까지의 규정은 일반사무관리회사 및 그 임직원에 대한 조치 등에 관하여 준용한다.
제258조(집합투자기구평가회사),[],REGULATION,등록,자,등록,금융위원회,MANDATORY,"제258조(집합투자기구평가회사) ① 집합투자기구를 평가하고 이를 투자자에게 제공하는 업무 를 영위하려는 자는 금융위원회에 등록하여야 한다. <개정 2008. 2. 29.> ② 제1항에 따른 등록을 하려는 자는 다음 각 호의 요건을 모두 갖추어야 한다.<개정 2013. 5. 28., 2015. 7. 31.> 1. 「상법」에 따른 주식회사일 것 2. 투자매매업자ㆍ투자중개업자 또는 집합투자업자와 그 계열회사가 아닐 것 3. 1억원 이상으로서 대통령령으로 정하는 금액 이상의 자기자본을 갖출 것 4. 상근 임직원 중 대통령령으로 정하는 기준의 전문인력을 보유할 것 5. 전산설비 등 대통령령으로 정하는 물적 설비를 갖출 것 6. 임원이 「금융회사의 지배구조에 관한 법률」"
제5조,[],REGULATION,등록신청,금융위원회,제출,등록신청서,MANDATORY,"제5조에 적합할 것 7. 대통령령으로 정하는 집합투자기구평가체계를 갖출 것 8. 대통령령으로 정하는 이해상충방지체계를 구축하고 있을 것(대통령령으로 정하는 금융업 을 영위하고 있는 경우에 한한다) ③ 제1항에 따른 등록을 하려는 자는 금융위원회에 등록신청서를 제출하여야 한다.<개정 2008. 2. 29.> ④ 금융위원회는 제3항의 등록신청서를 접수한 경우에는 그 내용을 검토하여 30일 이내에 등록 여부를 결정하고, 그 결과와 이유를 지체 없이 신청인에게 문서로 통지하여야 한다. 이 경우 등록신청서에 흠결이 있는 때에는 보완을 요구할 수 있다.<개정 2008. 2. 29.> ⑤ 제4항의 검토기간을 산정함에 있어서 등록신청서 흠결의 보완기간 등 총리령으로 정하는 기간은 검토기간에 산입하지 아니한다.<개정 2008. 2. 29.> ⑥ 금융위원회는 제4항의 등록 여부를 결정함에 있어서 다음 각 호의 어느 하나에 해당하는 사유가 없는 한 그 등록을 거부하여서는 아니 된다.<개정 2008. 2. 29.> 1. 제2항의 등록요건을 갖추지 아니한 경우 법제처 174 국가법령정보 센터 자본시장과 금융투자업에 관한 법률 2. 제3항의 등록신청서를 거짓으로 작성한 경우 3. 제4항 후단의 보완요구를 이행하지 아니한 경우 ⑦ 금융위원회는 제4항에 따라 등록을 결정한 경우 집합투자기구평가회사등록부에 필요한 사항을 기재하여야 하며, 등록결정한 내용을 관보 및 인터넷 홈페이지 등에 공고하여야 한다 .<개정 2008. 2. 29.> ⑧ 제1항에 따라 등록을 한 자(이하 “집합투자기구평가회사”라 한다)는 등록 이후 그 영업을 영위함에 있어서 제2항 각 호의 등록요건(같은 항 제3호의 경우에는 대통령령으로 정하는 완화된 요건을 말한다)을 계속 유지하여야 한다. ⑨ 제1항부터 제7항까지의 규정에 따른 등록신청서의 기재사항ㆍ첨부서류 등 등록의 신청 에 관한 사항과 등록검토의 방법ㆍ절차, 그 밖에 필요한 사항은 대통령령으로 정한다."
제259조,"[0, 0, 259, 0]",REGULATION,영업행위준칙,집합투자기구평가회사,제정,영업행위준칙,MANDATORY,제259조(영업행위준칙 등) ① 집합투자기구평가회사는 대통령령으로 정하는 사항이 포함된 영업행위준칙을 제정하여야 한다. ② 집합투자업자는 집합투자재산의 명세를 대통령령으로 정하는 방법에 따라 집합투자기구 평가회사에 제공할 수 있다. ③ 집합투자기구평가회사의 평가기준의 공시방법 등에 관하여 필요한 사항은 대통령령으로 정한다.
제260조,[],DEFINITION,준용규정,,,,DEFINITIONAL,제260조(준용규정)
제54조,[],,,,,,,
제60조,[],,,,,,,
제64조,[],REGULATION,준용,집합투자기구평가회사,준용,,MANDATORY,제64조는 집합투자기구평가회사에 준용한다.
제261조,[],REGULATION,집합투자기구평가회사,금융위원회,명할,집합투자기구평가회사,PERMISSIVE,제261조(집합투자기구평가회사에 대한 감독ㆍ검사) ① 금융위원회는 투자자를 보호하고 건전 한 거래질서를 유지하기 위하여 집합투자기구평가회사에 대하여 다음 각 호의 사항에 관하여 필요한 조치를 명할 수 있다. <개정 2008. 2. 29.> 1. 고유재산의 운용에 관한 사항 2. 영업의 질서 유지에 관한 사항 3. 영업방법에 관한 사항 4. 그 밖에 투자자 보호 또는 건전한 거래질서를 위하여 필요한 사항으로서 대통령령으로 정 하는 사항 ②
제419조,[],REGULATION,검사,집합투자기구평가회사,준용,검사,MANDATORY,제419조(제2항부터 제4항까지 및 제8항을 제외한다)는 집합투자기구평가회사에 대한 검 사에 관하여 준용한다.
제262조,[],REGULATION,집합투자기구평가회사,금융위원회,,,,제262조(집합투자기구평가회사에 대한 조치) ① 금융위원회는 집합투자기구평가회사가 별표 4 각 호의 어느 하나에 해당하는 경우에는
제258조,[],REGULATION,등록 취소,금융위원회,취소,등록,PERMISSIVE,제258조제1항에 따른 등록을 취소할 수 있다. <개정 2008. 2. 29.> ② 금융위원회는 집합투자기구평가회사가 별표 4 각 호의 어느 하나에 해당하는 경우에는 다음 각 호의 어느 하나에 해당하는 조치를 할 수 있다.<개정 2008. 2. 29.> 1. 6개월 이내의 업무의 전부 또는 일부의 정지 2. 계약의 인계명령 3. 위법행위의 시정명령 또는 중지명령 4. 위법행위로 인한 조치를 받았다는 사실의 공표명령 또는 게시명령 5. 기관경고 법제처 175 국가법령정보 센터 자본시장과 금융투자업에 관한 법률 6. 기관주의 7. 그 밖에 위법행위를 시정하거나 방지하기 위하여 필요한 조치로서 대통령령으로 정하는 조치 ③ 금융위원회는 집합투자기구평가회사의 임원이 별표 4 각 호의 어느 하나에 해당하는 경 우에는 다음 각 호의 어느 하나에 해당하는 조치를 할 수 있다.<개정 2008. 2. 29.> 1. 해임요구 2. 6개월 이내의 직무정지 3. 문책경고 4. 주의적 경고 5. 주의 6. 그 밖에 위법행위를 시정하거나 방지하기 위하여 필요한 조치로서 대통령령으로 정하는 조치 ④ 금융위원회는 집합투자기구평가회사의 직원이 별표 4 각 호의 어느 하나에 해당하는 경 우에는 다음 각 호의 어느 하나에 해당하는 조치를 그 집합투자기구평가회사에 요구할 수 있 다.<개정 2008. 2. 29.> 1. 면직 2. 6개월 이내의 정직 3. 감봉 4. 견책 5. 경고 6. 주의 7. 그 밖에 위법행위를 시정하거나 방지하기 위하여 필요한 조치로서 대통령령으로 정하는 조치 ⑤
제422조제3항,"[None, None, 422, 3]",,,,,,,제422조제3항 및
Unknown,[],REGULATION,Unknown,,,,,제423조부터
제425조,[],REGULATION,집합투자기구평가회사,규정,준용,집합투자기구평가회사,MANDATORY,제425조까지의 규정은 집합투자기구평가회사 및 그 임직 원에 대한 조치 등에 관하여 준용한다.
제263조,"[None, None, 263, None]",REGULATION,채권평가회사 등록,채권평가회사,등록,금융위원회,MANDATORY,"제263조(채권평가회사) ① 집합투자재산에 속하는 채권 등 자산의 가격을 평가하고 이를 집합 투자기구에게 제공하는 업무를 영위하려는 자는 금융위원회에 등록하여야 한다. <개정 2008. 2. 29.> ② 제1항에 따른 등록을 하려는 자는 다음 각 호의 요건을 모두 갖추어야 한다.<개정 2013. 5. 28., 2015. 7. 31.> 1. 「상법」에 따른 주식회사일 것 2. 20억원 이상으로서 대통령령으로 정하는 금액 이상의 자기자본을 갖출 것 3. 상호출자제한기업집단의 출자액 또는 대통령령으로 정하는 금융기관의 출자액이 각각 100분의 10 이하일 것 4. 상근 임직원 중 대통령령으로 정하는 기준의 전문인력을 보유할 것 5. 전산설비 등 대통령령으로 정하는 물적 설비를 갖출 것 6. 임원이 「금융회사의 지배구조에 관한 법률」"
제3조,[],REGULATION,등록신청서 제출,등록을 하려는 자,제출,등록신청서,MANDATORY,제1항에 따른 등록을 하려는 자는 금융위원회에 등록신청서를 제출하여야 한다.
제264조,[],REGULATION,업무준칙,채권평가회사,제정,업무준칙,MANDATORY,제264조(업무준칙 등) ① 채권평가회사는 대통령령으로 정하는 사항이 포함된 업무준칙을 제정 하여야 한다. ② 채권평가회사의 증권평가기준 공시방법 등에 관하여 필요한 사항은 대통령령으로 정한다 .
제265조,[],DEFINITION,준용규정,,,,DEFINITIONAL,제265조(준용규정)
Unknown,[],REGULATION,Unknown,,,,,"제54조,"
제60조,[],,,,,,,
제64조,[],REGULATION,채권평가회사,채권평가회사,준용,제64조,MANDATORY,제64조는 채권평가회사에 준용한다.
제266조,[],REGULATION,채권평가회사 감독,금융위원회,명할 수 있다,채권평가회사,PERMISSIVE,제266조(채권평가회사에 대한 감독ㆍ검사) ① 금융위원회는 투자자를 보호하고 건전한 거래질 서를 유지하기 위하여 채권평가회사에 대하여 다음 각 호의 사항에 관하여 필요한 조치를 명 할 수 있다. <개정 2008. 2. 29.> 1. 고유재산의 운용에 관한 사항 2. 영업의 질서 유지에 관한 사항 3. 영업방법에 관한 사항 4. 그 밖에 투자자 보호 또는 건전한 거래질서를 위하여 필요한 사항으로서 대통령령으로 정 하는 사항 ②
제419조,[],REGULATION,검사,,준용,검사,MANDATORY,제419조(제2항부터 제4항까지 및 제8항을 제외한다)는 채권평가회사에 대한 검사에 관하여 준용한다.
제267조,[],REGULATION,채권평가회사,금융위원회,,채권평가회사,MANDATORY,제267조(채권평가회사에 대한 조치) ① 금융위원회는 채권평가회사가 별표 5 각 호의 어느 하 나에 해당하는 경우에는
제263조,[],REGULATION,조치,금융위원회,할 수 있다,조치,PERMISSIVE,제263조제1항에 따른 등록을 취소할 수 있다. <개정 2008. 2. 29.> 법제처 177 국가법령정보 센터 자본시장과 금융투자업에 관한 법률 ② 금융위원회는 채권평가회사가 별표 5 각 호의 어느 하나에 해당하는 경우에는 다음 각 호 의 어느 하나에 해당하는 조치를 할 수 있다.<개정 2008. 2. 29.> 1. 6개월 이내의 업무의 전부 또는 일부의 정지 2. 계약의 인계명령 3. 위법행위의 시정명령 또는 중지명령 4. 위법행위로 인한 조치를 받았다는 사실의 공표명령 또는 게시명령 5. 기관경고 6. 기관주의 7. 그 밖에 위법행위를 시정하거나 방지하기 위하여 필요한 조치로서 대통령령으로 정하는 조치 ③ 금융위원회는 채권평가회사의 임원이 별표 5 각 호의 어느 하나에 해당하는 경우에는 다 음 각 호의 어느 하나에 해당하는 조치를 할 수 있다.<개정 2008. 2. 29.> 1. 해임요구 2. 6개월 이내의 직무정지 3. 문책경고 4. 주의적 경고 5. 주의 6. 그 밖에 위법행위를 시정하거나 방지하기 위하여 필요한 조치로서 대통령령으로 정하는 조치 ④ 금융위원회는 채권평가회사의 직원이 별표 5 각 호의 어느 하나에 해당하는 경우에는 다 음 각 호의 어느 하나에 해당하는 조치를 그 채권평가회사에 요구할 수 있다.<개정 2008. 2. 29.> 1. 면직 2. 6개월 이내의 정직 3. 감봉 4. 견책 5. 경고 6. 주의 7. 그 밖에 위법행위를 시정하거나 방지하기 위하여 필요한 조치로서 대통령령으로 정하는 조치 ⑤
제422조제3항,"[None, None, 422, 3]",,,,,,,제422조제3항 및
Unknown,[],REGULATION,Unknown,,,,,제423조부터
제425조,[],REGULATION,준용,규정,준용한다,채권평가회사 및 그 임직원,MANDATORY,제425조까지의 규정은 채권평가회사 및 그 임직원에 대한 조치 등에 관하여 준용한다.
제268조,[],PROCEDURE,삭제,,,,,제268조 삭제 <2015. 7. 24.>
제269조,[],,삭제,,,,,제269조 삭제 <2015. 7. 24.>
제270조,[],,,,,,,제270조 삭제 <2015. 7. 24.> 법제처 178 국가법령정보 센터 자본시장과 금융투자업에 관한 법률
제271조,[],,삭제,,,,,제271조 삭제 <2015. 7. 24.>
제272조,[],,삭제,,,,,제272조 삭제 <2015. 7. 24.>
제272조의2,[],,,,,,,제272조의2 삭제 <2015. 7. 24.>
제273조,[],,,,,,,제273조 삭제 <2015. 7. 24.>
제274조,[],,,,,,,제274조 삭제 <2015. 7. 24.>
제275조,[],DEFINITION,삭제,,,,,제275조 삭제 <2009. 6. 9.>
제276조,[],,,,,,,제276조 삭제 <2015. 7. 24.>
제277조,[],PROCEDURE,삭제,,,,,제277조 삭제 <2015. 7. 24.>
제278조,[],REGULATION,삭제,,,,,제278조 삭제 <2015. 7. 24.>
제278조의2,"[0, 0, 278, 2]",REGULATION,삭제,제278조의2,삭제,,,제278조의2 삭제 <2013. 8. 13.>
제278조의3,"[None, None, 278, 3]",,삭제,,삭제,제278조의3,,제278조의3 삭제 <2015. 7. 24.> 제11장 외국 집합투자증권에 대한 특례
제279조,[],REGULATION,외국 집합투자기구 등록,외국 투자신탁,등록,외국 집합투자기구,MANDATORY,제279조(외국 집합투자기구의 등록 등) ① 외국 투자신탁(투자신탁과 유사한 것으로서 외국 법 령에 따라 설정된 투자신탁을 말한다. 이하 같다)이나 외국 투자익명조합(투자익명조합과 유 사한 것으로서 외국 법령에 따라 설립된 투자익명조합을 말한다. 이하 같다)의 외국 집합투자 업자(외국 법령에 따라 집합투자업에 상당하는 영업을 영위하는 자를 말한다. 이하 같다) 또 는 외국 투자회사등(외국 법령에 따라 설립된 투자회사등을 말한다. 이하 같다)은 외국 집합 투자증권(집합투자증권과 유사한 것으로서 외국 법령에 따라 외국에서 발행된 것을 말한다. 이하 같다)을 국내에서 판매하고자 하는 경우에는 해당 외국 집합투자기구(집합투자기구와 유사한 것으로서 외국 법령에 따라 설정ㆍ설립된 것을 말한다. 이하 같다)를 금융위원회에 등 록하여야 한다. <개정 2008. 2. 29.> ② 외국 투자신탁이나 외국 투자익명조합의 외국 집합투자업자 또는 외국 투자회사등은 제 1항에 따라 외국 집합투자기구를 등록하고자 하는 경우 대통령령으로 정하는 외국 집합투자 업자 적격 요건 및 외국 집합투자증권 판매적격 요건을 갖추어야 한다. 이 경우 다음 각 호의 어느 하나에 해당하는 경우에는 외국 집합투자업자 적격 요건 및 외국 집합투자증권 판매적 격 요건을 달리 정할 수 있다.<개정 2019. 11. 26.> 1. 전문투자자 중 대통령령으로 정하는 자만을 대상으로 외국 집합투자증권을 판매하려는 경우 2. 교차판매협약등을 체결한 외국에서 교차판매협약등에 따라 설정ㆍ설립된 것으로 인정되는 외국 집합투자기구의 집합투자증권을 판매하려는 경우 ③
제182조제2항부터 제9항까지,[],REGULATION,외국 집합투자기구 등록,규정,준용한다,외국 집합투자기구의 등록,MANDATORY,제182조제2항부터 제9항까지의 규정은 제1항에 따른 외국 집합투자기구의 등록에 관하 여 준용한다. 이 경우 같은 조 제2항제2호 중 “이 법”은 “외국 집합투자기구가 설정ㆍ설립된 법제처 179 국가법령정보 센터 자본시장과 금융투자업에 관한 법률 국가의 법”으로 본다.
제280조,[],REGULATION,외국 집합투자증권,외국 투자신탁,판매,외국 집합투자증권,MANDATORY,제280조(외국 집합투자증권의 국내판매) ① 외국 투자신탁이나 외국 투자익명조합의 외국 집합 투자업자 또는 외국 투자회사등은 외국 집합투자증권을 국내에서 판매하는 경우에는 투자매 매업자 또는 투자중개업자를 통하여 판매하여야 한다. ② 외국 집합투자업자는
제88조,[],REGULATION,자산운용보고서,자산운용보고서 작성자,제공,외국 집합투자기구의 투자자,MANDATORY,"제88조에 따른 자산운용보고서를 작성하여 3개월마다 1회 이상 해 당 외국 집합투자기구의 투자자에게 제공하여야 한다. ③ 투자자는 외국 투자신탁이나 외국 투자익명조합의 외국 집합투자업자, 외국 투자회사등 또는 외국 집합투자증권을 판매한 투자매매업자 또는 투자중개업자에 대하여 영업시간 중 이유를 기재한 서면으로 그 투자자에 관련된 집합투자재산에 관한 장부ㆍ서류로서 대통령령 으로 정하는 장부ㆍ서류의 열람이나 등본 또는 초본의 교부를 청구할 수 있으며, 외국 투자 신탁이나 외국 투자익명조합의 외국 집합투자업자, 외국 투자회사등 또는 외국 집합투자증 권을 판매한 투자매매업자 또는 투자중개업자는 대통령령으로 정하는 정당한 사유가 없는 한 이를 거절하지 못한다. ④ 외국 투자신탁이나 외국 투자익명조합의 외국 집합투자업자 또는 외국 투자회사등은 해 당 외국 집합투자증권의 기준가격을 매일 공고ㆍ게시하여야 한다. 다만, 기준가격을 매일 공 고ㆍ게시하기 곤란한 경우 등 대통령령으로 정하는 경우에는 해당 집합투자규약에서 기준가 격의 공고ㆍ게시기간을 15일 이내의 범위에서 별도로 정할 수 있다. ⑤ 외국 집합투자증권의 국내 판매와 관련하여 판매방법, 보고서 제공, 그 밖에 필요한 사항 은 대통령령으로 정한다."
제281조,[],REGULATION,외국 집합투자업자,금융위원회,명할 수 있다,조치,PERMISSIVE,제281조(외국 집합투자업자 등에 대한 감독ㆍ검사) ① 금융위원회는 투자자를 보호하고 건전한 거래질서를 유지하기 위하여 외국 투자신탁이나 외국 투자익명조합의 외국 집합투자업자 또 는 외국 투자회사등에 대하여 해당 집합투자재산의 공시 등에 관하여 필요한 조치를 명할 수 있다. <개정 2008. 2. 29.> ②
제419조,[],REGULATION,검사,외국 투자신탁,준용,검사,MANDATORY,제419조(제2항부터 제4항까지 및 제8항을 제외한다)는 외국 투자신탁이나 외국 투자익명 조합의 외국 집합투자업자 또는 외국 투자회사등에 대한 검사에 관하여 준용한다.
제282조,[],REGULATION,등록취소,금융위원회,취소,외국 집합투자기구의 등록,PERMISSIVE,"제282조(외국 집합투자기구의 등록취소) ① 금융위원회는 다음 각 호의 어느 하나에 해당하는 경우에는 외국 집합투자기구의 등록을 취소할 수 있다. <개정 2008. 2. 29.> 1. 거짓, 그 밖의 부정한 방법으로"
제279조제1항,[],REGULATION,등록,,등록,,MANDATORY,제279조제1항에 따른 등록을 하거나
제279조제3항,[],DEFINITION,용어,제279조제3항,용한다,,DEFINITIONAL,제279조제3항에서 준 용하는
제182조제8항,[],REGULATION,변경등록,,한,변경등록,,제182조제8항에 따른 변경등록을 한 경우 2.
제279조제3항,[],REGULATION,준용,제279조 제3항,준용,,,제279조제3항에서 준용하는
제182조제2항,[],REGULATION,등록요건,등록요건,갖추지 못하다,,MANDATORY,제182조제2항 각 호에 따른 등록요건을 갖추지 못하게 된 경 우 3.
제279조제3항,[],PROCEDURE,준용,제279조제3항,준용,,MANDATORY,제279조제3항에서 준용하는
제182조제8항,[],REGULATION,변경등록,,하지 않음,변경등록,,제182조제8항에 따른 변경등록을 하지 아니한 경우 4.
제279조제2항,[],REGULATION,외국 집합투자업자 적격 요건,외국 집합투자업자,갖추지 못하다,외국 집합투자업자 적격 요건,MANDATORY,제279조제2항에 따른 외국 집합투자업자 적격 요건 또는 외국 집합투자증권 판매적격 요 건을 갖추지 못하게 된 경우 5.
제280조,[],REGULATION,제280조 위반,제280조,위반,,PROHIBITIVE,제280조를 위반한 경우 6.
제281조제1항,[],PROCEDURE,청문 실시,금융위원회,실시,청문,MANDATORY,제281조제1항에 따른 명령을 위반한 경우 7. 그 밖에 투자자의 이익을 현저히 해할 우려가 있거나 외국 집합투자기구로서 존속하기 곤 란하다고 인정되는 경우로서 대통령령으로 정하는 경우 법제처 180 국가법령정보 센터 자본시장과 금융투자업에 관한 법률 ② 금융위원회는 제1항에 따라 외국 집합투자기구의 등록을 취소하고자 하는 경우에는 청문 을 실시하여야 한다.<개정 2008. 2. 29.> ③
제424조,[],,,,,,,제424조 및
제425조,"[6, 1, 425, None]",REGULATION,외국 집합투자기구의 등록 취소,제425조,준용한다,외국 집합투자기구의 등록 취소,MANDATORY,제425조는 외국 집합투자기구의 등록 취소에 관하여 준용한다.
제283조,"[None, None, 283, None]",PROCEDURE,설립,협회,설립,한국금융투자협회,MANDATORY,제283조(설립) ① 회원 상호 간의 업무질서 유지 및 공정한 거래를 확립하고 투자자를 보호하며 금융투자업의 건전한 발전을 위하여 한국금융투자협회를 설립한다. ② 협회는 회원조직으로서의 법인으로 한다. ③ 협회는 대통령령으로 정하는 바에 따라 주된 사무소의 소재지에서 설립등기를 함으로써 성립한다. ④ 협회에 대하여는 이 법에서 특별한 규정이 있는 것을 제외하고는 「민법」 중 사단법인에 관한 규정을 준용한다.
제284조,[],REGULATION,유사명칭 사용,협회가 아닌 자,사용,명칭,PROHIBITIVE,"제284조(유사명칭 사용의 금지) 협회가 아닌 자는 “금융투자협회”, “증권협회”, “선물협회”, “자 산운용협회” 또는 이와 유사한 명칭을 사용하여서는 아니 된다."
제285조,[],REGULATION,회원,자,될 수 있다,금융투자업자 및 업무 영위자,MANDATORY,"제285조(회원) ① 협회의 회원이 될 수 있는 자는 금융투자업자, 그 밖에 금융투자업과 관련된 업무를 영위하는 자로서 대통령령으로 정하는 자로 한다. ② 협회는 정관이 정하는 바에 따라 회원으로부터 회비를 징수할 수 있다."
제286조,[],REGULATION,업무,협회,행한다,업무,MANDATORY,제286조(업무) ① 협회는 정관이 정하는 바에 따라 다음 각 호의 업무를 행한다. <개정 2010. 3. 12.> 1. 회원 간의 건전한 영업질서 유지 및 투자자 보호를 위한 자율규제업무 2. 회원의 영업행위와 관련된 분쟁의 자율조정(당사자의 신청이 있는 경우에 한한다)에 관한 업무 3. 다음 각 목의 주요직무 종사자의 등록 및 관리에 관한 업무 가. 투자권유자문인력(투자권유를 하거나 투자에 관한 자문 업무를 수행하는 자를 말한다) 나. 조사분석인력(조사분석자료를 작성하거나 이를 심사ㆍ승인하는 업무를 수행하는 자를 말한다) 다. 투자운용인력(집합투자재산ㆍ신탁재산 또는 투자일임재산을 운용하는 업무를 수행하 는 자를 말한다) 라. 그 밖에 투자자 보호 또는 건전한 거래질서를 위하여 대통령령으로 정하는 주요직무 종사자 4. 금융투자업자가 다음 각 목의 어느 하나에 해당하는 장외파생상품을 신규로 취급하는 경 우 그 사전심의업무 가. 기초자산이
제4조제10항제4호,"[4, 10, 4]",REGULATION,업무,협회,운영,업무,MANDATORY,"제4조제10항제4호 또는 제5호에 해당하는 장외파생상품 나. 일반투자자를 대상으로 하는 장외파생상품 5. 증권시장에 상장되지 아니한 주권의 장외매매거래에 관한 업무 6. 금융투자업 관련제도의 조사ㆍ연구에 관한 업무 법제처 181 국가법령정보 센터 자본시장과 금융투자업에 관한 법률 7. 투자자 교육 및 이를 위한 재단의 설립ㆍ운영에 관한 업무 8. 금융투자업 관련 연수업무 9. 이 법 또는 다른 법령에 따라 위탁받은 업무 10. 제1호부터 제9호까지의 업무 외에 대통령령으로 정하는 업무 11. 제1호부터 제10호까지의 업무에 부수되는 업무 ② 협회는 제1항 각 호의 업무를 행함에 있어 같은 항 제1호, 제2호 및 제4호의 업무가 다른 업무와 독립적으로 운영되도록 하여야 하며, 이를 위하여 별도의 조직을 갖추어야 한다.<개정 2010. 3. 12.>"
제287조,"[None, None, 287, None]",REGULATION,정관,협회,기재,정관,MANDATORY,"제287조(정관) ① 협회의 정관에는 다음 각 호의 사항을 기재하여야 한다. 1. 목적 2. 명칭 3. 조직에 관한 사항. 이 경우 조직은 금융투자업의 종류 및 금융투자상품의 범위를 기준으로 대통령령으로 정하는 바에 따라 구분ㆍ운영되어야 한다. 4. 사무소에 관한 사항 5. 업무에 관한 사항 6. 회원의 자격 및 권리의무에 관한 사항 7. 회원의 가입, 제명, 그 밖의 제재(회원의 임직원에 대한 제재의 권고를 포함한다)에 관한 사항 8. 회비에 관한 사항 9. 공고의 방법 10. 그 밖에 협회의 운영에 관한 사항으로서 대통령령으로 정하는 사항 ② 협회는 정관 중 대통령령으로 정하는 사항을 변경하고자 하는 경우에는 금융위원회의 승인을 받아야 한다.<개정 2008. 2. 29.>"
제288조,[],ACTOR,분쟁의 자율조정,협회,,,,제288조(분쟁의 자율조정) ① 협회는
제286조제1항제2호,"[None, None, 286, 2]",REGULATION,분쟁조정규정,협회,요구·요청,당사자,PERMISSIVE,"제286조제1항제2호에 따른 분쟁의 자율조정을 위하여 필 요한 분쟁조정규정을 정한다. ② 협회는 분쟁의 조정을 위하여 필요하다고 인정되는 경우에는 당사자에 대하여 사실의 확 인 또는 자료의 제출 등을 요구할 수 있다. ③ 협회는 당사자, 그 밖의 이해관계인의 의견을 들을 필요가 있다고 인정되는 경우에는 이 들에게 회의에 출석하여 의견을 진술할 것을 요청할 수 있다."
제288조의2,[],,장외파생상품심의위원회,협회,,,,제288조의2(장외파생상품심의위원회) ① 협회는
제286조제1항제4호,[],REGULATION,장외파생상품심의위원회,위원회,구성한다,위원,MANDATORY,제286조제1항제4호에 따른 장외파생상품에 관한 사전심의업무 수행을 위하여 장외파생상품심의위원회(이하 이 조에서 “위원회”라 한다 )를 둔다. ② 위원회는 위원장 1명을 포함한 5명 이상 10명 이내의 위원으로 구성한다. ③ 위원회의 회의는 재적위원 과반수의 출석과 출석위원 3분의 2 이상의 찬성으로 의결한다. ④ 위원회는 제1항의 사전심의업무를 수행함에 있어서 다음 각 호의 사항을 고려하여야 한 다. 1. 기초자산이
제4조제10항제4호,[],REGULATION,위원회,위원회,요구할 수 있다,사실의 확인,MANDATORY,"제4조제10항제4호 또는 제5호에 해당하는 장외파생상품의 경우 기초자산 가 격 변동에 대한 정보 제공 가능성에 관한 사항 법제처 182 국가법령정보 센터 자본시장과 금융투자업에 관한 법률 2. 일반투자자를 대상으로 하는 장외파생상품의 경우 위험회피구조의 타당성, 일반투자자에 게 교부하는 설명 자료의 충실성, 투자권유자문인력의 자격 사항 및 교육 등 판매계획의 적정성에 관한 사항 3. 그 밖에 투자자 보호를 위하여 위원회가 필요하다고 인정하는 사항 ⑤ 위원회는 제1항의 사전심의업무를 수행함에 있어 필요한 경우에는 금융투자업자 등에 대 하여 사실의 확인 또는 자료의 제출 등을 요구할 수 있다. ⑥ 위원회는 제3항에 따른 의결이 있을 경우 금융감독원장에게 지체 없이 보고하여야 한다. ⑦ 협회는 다음 각 호의 사항을 포함하여 위원회의 구성 및 운영을 위하여 필요한 규정을 정 하여야 한다. 1. 위원장 및 위원의 자격, 선임방법에 관한 사항 2. 위원장 및 위원의 임기에 관한 사항 3. 위원회 운영 및 의사결정의 독립성 확보에 관한 사항 4. 위원회 심의절차 및 의사결정의 효력에 관한 사항 [본조신설 2010. 3. 12.]"
제289조,[],DEFINITION,준용규정,,,,DEFINITIONAL,제289조(준용규정)
Unknown,[],REGULATION,Unknown,,,,,"제54조,"
제63조,[],,금융회사의 지배구조에 관한 법률,,,,,제63조 및 「금융회사의 지배구조에 관한 법률」
제5조,[],REGULATION,협회,협회,준 용한다,,MANDATORY,"제5조는 협회에 준 용한다. <개정 2009. 2. 3., 2015. 7. 31.>"
제290조,[],REGULATION,업무규정의 보고,협회,보고,금융위원회,MANDATORY,제290조(업무규정의 보고) 협회는 업무에 관한 규정(規程)을 제정ㆍ변경하거나 폐지한 경우에 는 지체 없이 금융위원회에 이를 보고하여야 한다. <개정 2008. 2. 29.>
제291조,[],REGULATION,연수원,협회,설립,연수원,PERMISSIVE,협회는 금융투자업에 종사하는 자의 자질을 향상시키고 금융투자업에 관한 전 문적인 지식을 보급하기 위하여 연수원을 둘 수 있다.
제292조,[],REGULATION,검사,,,,,제292조(협회에 대한 검사)
제419조,[],REGULATION,준용,제419조,준용한다,협회에 대한 검사,MANDATORY,제419조(제2항부터 제4항까지 및 제8항을 제외한다)는 협회에 대한 검사에 관하여 준용한다.
제293조,[],REGULATION,협회에 대한 조치,금융위원회,할 수 있다,조치,PERMISSIVE,제293조(협회에 대한 조치) ① 금융위원회는 협회가 별표 7 각 호의 어느 하나에 해당하는 경우 에는 다음 각 호의 어느 하나에 해당하는 조치를 할 수 있다. <개정 2008. 2. 29.> 1. 6개월 이내의 업무의 전부 또는 일부의 정지 2. 계약의 인계명령 3. 위법행위의 시정명령 또는 중지명령 4. 위법행위로 인한 조치를 받았다는 사실의 공표명령 또는 게시명령 5. 기관경고 6. 기관주의 7. 그 밖에 위법행위를 시정하거나 방지하기 위하여 필요한 조치로서 대통령령으로 정하는 조치 ② 금융위원회는 협회의 임원이 별표 7 각 호의 어느 하나에 해당하는 경우에는 다음 각 호 의 어느 하나에 해당하는 조치를 할 수 있다.<개정 2008. 2. 29.> 1. 해임요구 2. 6개월 이내의 직무정지 법제처 183 국가법령정보 센터 자본시장과 금융투자업에 관한 법률 3. 문책경고 4. 주의적 경고 5. 주의 6. 그 밖에 위법행위를 시정하거나 방지하기 위하여 필요한 조치로서 대통령령으로 정하는 조치 ③ 금융위원회는 협회의 직원이 별표 7 각 호의 어느 하나에 해당하는 경우에는 다음 각 호 의 어느 하나에 해당하는 조치를 협회에 요구할 수 있다.<개정 2008. 2. 29.> 1. 면직 2. 6개월 이내의 정직 3. 감봉 4. 견책 5. 경고 6. 주의 7. 그 밖에 위법행위를 시정하거나 방지하기 위하여 필요한 조치로서 대통령령으로 정하는 조치 ④
제422조제3항,[],,,,,,,
제423조,[],REGULATION,제1호 제외,,제외,제1호,MANDATORY,제423조(제1호를 제외한다)
제424조,[],REGULATION,제2항 제외,,,,MANDATORY,제424조(제2항을 제외한다) 및
제425조,[],REGULATION,준용,제425조,준용,조치,MANDATORY,제425조는 협 회 및 그 임직원에 대한 조치 등에 관하여 준용한다.
제294조,[],REGULATION,한국예탁 결제원,한국예탁 결제원,설립,,MANDATORY,"제294조(설립) ① 증권등(증권, 그 밖에 대통령령으로 정하는 것을 말한다. 이하 이 장에서 같다 )의 집중예탁과 계좌 간 대체, 매매거래에 따른 결제업무 및 유통의 원활을 위하여 한국예탁 결제원을 설립한다. ② 예탁결제원은 법인으로 한다. ③ 예탁결제원은 대통령령으로 정하는 바에 따라 주된 사무소의 소재지에서 설립등기를 함 으로써 성립한다."
제295조,[],REGULATION,유사명칭 사용금지,예탁결제원이 아닌 자,사용,한국예탁결제원,PROHIBITIVE,제295조(유사명칭의 사용금지) 예탁결제원이 아닌 자는 “한국예탁결제원” 또는 이와 유사한 명 칭을 사용하여서는 아니 된다.
제296조,[],REGULATION,업무,예탁결제원,행한다,업무,MANDATORY,"제296조(업무) ①예탁결제원은 정관으로 정하는 바에 따라 다음 각 호의 업무를 행한다. <개정 2013. 5. 28.> 1. 증권등의 집중예탁업무 2. 증권등의 계좌 간 대체업무 3. 삭제<2016. 3. 22.> 4. 증권시장 밖에서의 증권등의 매매거래(다자간매매체결회사에서의 증권의 매매거래는 제 외한다)에 따른 증권등의 인도와 대금의 지급에 관한 업무 5. 예탁결제원과 유사한 업무를 영위하는 외국 법인(이하 “외국예탁결제기관”이라 한다)과의 계좌설정을 통한 증권등의 예탁, 계좌 간 대체 및 매매거래에 따른 증권등의 인도와 대금 의 지급에 관한 업무 법제처 184 국가법령정보 센터 자본시장과 금융투자업에 관한 법률 6. 삭제<2013. 5. 28.> 7. 삭제<2013. 5. 28.> 8. 삭제<2013. 5. 28.> 9. 삭제<2013. 5. 28.> 10. 삭제<2013. 5. 28.> ② 예탁결제원은 정관으로 정하는 바에 따라 제1항 각 호의 업무에 부수하는 업무로서 다음 각 호의 어느 하나에 해당하는 업무를 행한다.<신설 2013. 5. 28.> 1. 증권등의 보호예수업무 2. 예탁증권등의 담보관리에 관한 업무 3."
제80조4.3,[],REGULATION,업무,예탁결제원,영위,업무,PERMISSIVE,"제80조에 따라 집합투자업자ㆍ투자일임업자와 집합투자재산을 보관ㆍ관리하는 신탁업자 등 사이에서 이루어지는 집합투자재산의 취득ㆍ처분 등에 관한 지시 등을 처리하는 업무 4. 그 밖에 금융위원회로부터 승인을 받은 업무 ③ 예탁결제원은 정관으로 정하는 바에 따라 제1항 및 제2항 각 호의 업무 외에 다음 각 호 의 업무를 영위할 수 있다.<신설 2013. 5. 28., 2016. 3. 22.> 1. 금융위원회의 승인을 받은 업무. 이 경우 이 법 또는 다른 법률에서 인가ㆍ허가ㆍ등록ㆍ신 고 등이 필요한 경우에는 인가ㆍ허가 등을 받거나 등록ㆍ신고 등을 하여야 한다. 2. 이 법 또는 다른 법령에서 예탁결제원의 업무로 규정한 업무 3. 삭제<2016. 3. 22.>"
제297조,[],DEFINITION,증권시장 결제기관,,,,DEFINITIONAL,제297조(증권시장 결제기관) 증권시장에서의 매매거래(다자간매매체결회사에서의 증권의 매매 거래를 포함한다. 이하
제303조제2항제5호,"[None, None, 303, 5]",REGULATION,증권인도 및 대금지급 업무,전자등록기관,수행한다,증권인도 및 대금지급 업무,MANDATORY,제303조제2항제5호에서 같다)에 따른 증권인도 및 대금지급 업무는 결제기관으로서 전자등록기관이 수행한다. 이 경우 전자등록기관은 대금지급 업무를 금융위 원회가 따로 지정하는 전자등록기관에 위탁할 수 있다. <개정 2016. 3. 22.>
제298조,[],REGULATION,예탁업무 영위 금지,예탁결제원이 아닌 자 및 전자등록기관이 아닌 자,영위,업무,PROHIBITIVE,제298조(예탁업무 영위 등의 금지) ① 예탁결제원이 아닌 자는 증권등을 예탁받아 그 증권등의 수수를 갈음하여 계좌 간의 대체로 결제하는 업무를 영위하여서는 아니 된다. ② 전자등록기관이 아닌 자는 국내에서 증권예탁증권을 발행하는 업무를 영위하여서는 아니 된다.<개정 2016. 3. 22.>
제299조,[],REGULATION,정관,예탁결제원,기재,정관,MANDATORY,제299조(정관) ① 예탁결제원의 정관에는 다음 각 호의 사항을 기재하여야 한다. 1. 목적 2. 명칭 3. 주된 사무소의 소재지 4. 주식 및 자본금에 관한 사항 5. 주식의 취득자격 및 소유한도에 관한 사항 6. 주주총회 및 이사회에 관한 사항 7. 임원에 관한 사항 8. 회계에 관한 사항 9. 공고의 방법 ② 예탁결제원은 정관을 변경하고자 하는 경우에는 금융위원회의 승인을 받아야 한다.<개정 2008. 2. 29.> 법제처 185 국가법령정보 센터 자본시장과 금융투자업에 관한 법률
제300조,[],REGULATION,상법 준용,예탁결제원,적용,상법,MANDATORY,제300조(「상법」의 준용) ①예탁결제원에 관하여 이 법 또는 이 법에 따른 명령에 특별한 규정 이 있는 것을 제외하고는 「상법」 중 주식회사에 관한 규정
Unknown,[],REGULATION,Unknown,,,,,제517조부터
제521조의2,[],DEFINITION,주식회사,예탁결제원,본다,주식회사,DEFINITION,제521조의2까지의 규정을 제외한다)을 준용한다. <개정 2013. 4. 5.> ② 예탁결제원은 이 법 또는 다른 법률에서 인가ㆍ허가ㆍ등록ㆍ신고 등이 필요한 업무를 수 행하는 경우에는 「상법」에 따른 주식회사로 본다.<신설 2013. 4. 5.>
제301조,[],DEFINITION,임원,예탁결제원 임원,정한다,사장ㆍ전무이사ㆍ이사 및 감사,DEFINITIONAL,"제301조(임원 등) ① 예탁결제원의 임원은 사장ㆍ전무이사ㆍ이사 및 감사로 한다. ② 사장은 주주총회에서 선출하되, 금융위원회의 승인을 받아야 한다.<개정 2008. 2. 29.> ③ 상근감사는 주주총회에서 선출한다. ④ 「금융회사의 지배구조에 관한 법률」"
제5조,[],REGULATION,이해관계,상근 임직원,가져서,이해관계,PROHIBITIVE,"예탁결제원의 상근 임직원은 금융투자업자 및 다른 금융투자업관계기관과 자금의 공여, 손익의 분배, 그 밖에 영업에 관하여 대통령령으로 정하는 특별한 이해관계를 가져서는 아니 된다."
제302조,"[None, None, 302, None]",REGULATION,예탁,예탁결제원,예탁,증권등,MANDATORY,제302조(예탁업무규정) ① 예탁결제원은 증권등의 예탁과
Unknown,[],REGULATION,Unknown,,,,,제309조제3항제2호의 예탁증권등의 관리를 위하여 예탁업무규정을 정하여야 한다. ② 제1항의 예탁업무규정에는 다음 각 호의 사항이 포함되어야 한다. 1.
제308조,[],REGULATION,예탁대상증권,예탁자,지정,예탁대상증권,MANDATORY,제308조에 따른 예탁대상증권등의 지정ㆍ취소 및 그 관리에 관한 사항 2. 예탁자의 계좌개설과 그 폐지에 관한 사항 3. 예탁자계좌부의 작성 및 비치에 관한 사항 4.
제308조에 따른 예탁대상증권등의 예탁ㆍ반환 및 계좌 간 대체에 관한 사항 5,[],REGULATION,예탁ㆍ반환 및 계좌 간 대체,,,,MANDATORY,제308조에 따른 예탁대상증권등의 예탁ㆍ반환 및 계좌 간 대체에 관한 사항 5.
제309조제3항제2호,"[309, 3, 2, None]",REGULATION,담보권 설정·소멸,,설정·소멸,담보권,,제309조제3항제2호의 예탁증권등에 대한 담보권의 설정ㆍ소멸 및 신탁재산의 표시ㆍ말 소에 관한 사항 6.
제309조,"[309, 3, 2, 7]",REGULATION,예탁증권등의 권리 행사,,,,,제309조제3항제2호의 예탁증권등의 권리 행사에 관한 사항 7. 그 밖에
제309조,[],REGULATION,예탁증권,,관리,예탁증권,MANDATORY,제309조제3항제2호의 예탁증권등의 관리를 위하여 필요한 사항
제303조,[],REGULATION,결제업무규정,예탁결제원 및 전자등록기관,정하다,결제업무규정,MANDATORY,제303조(결제업무규정) ① 예탁결제원 및 전자등록기관은 증권등의 매매거래에 따른 결제업무 의 수행을 위하여 결제업무규정을 정하여야 한다. 이 경우 결제업무규정은
제323조의11,[],CONCEPT,청산업무규정,,,,,"제323조의11의 청 산업무규정,"
제387조의,[],REGULATION,회원관리규정,,,,,제387조의 회원관리규정 및
제393조,[],REGULATION,결제업무규정,결제업무규정,포함되어야 한다,각 호의 사항,MANDATORY,"제393조의 업무규정과 상충되어서는 아니 된다. <개정 2013. 5. 28., 2016. 3. 22.> ② 제1항의 결제업무규정에는 다음 각 호의 사항이 포함되어야 한다.<개정 2016. 3. 22.> 1. 예탁결제원 및 전자등록기관 결제회원의 가입ㆍ탈퇴 및 권리ㆍ의무에 관한 사항 2. 결제계좌의 개설 및 관리에 관한 사항 3. 결제시한에 관한 사항 4. 증권등의 인도 및 대금지급에 관한 사항 5. 증권시장에서의 증권의 매매거래에 따른 결제이행ㆍ불이행 결과의 거래소에 대한 통지에 관한 사항(전자등록기관의 결제업무규정에 한정한다) 6. 그 밖에 결제업무 수행을 위하여 필요한 사항"
제304조,[],DEFINITION,준용규정,,,,DEFINITIONAL,제304조(준용규정)
제54조,[],,,,,,,"제54조,"
제63조,[],,,,,,,
제408조,[],,,,,,,
제413조,[],,,,,,,제413조(
제296조제1항제1호ㆍ제2호ㆍ제4호,[],REGULATION,업무,,한정한다,업무,MANDATORY,제296조제1항제1호ㆍ제2호ㆍ제4호의 업무로 한정한다) 및 「금융실명거래 및 비밀보장에 관한 법률」
제4조,"[0, 0, 4, 0]",REGULATION,준용,예탁결제원,준용,자본시장과 금융투자업에 관한 법률,MANDATORY,"제4조는 예탁결제원에 준용한다 법제처 186 국가법령정보 센터 자본시장과 금융투자업에 관한 법률 . <개정 2013. 5. 28., 2016. 3. 22.>"
제305조,[],REGULATION,업무규정,예탁결제원,,,,제305조(업무규정의 승인ㆍ보고) ① 예탁결제원은
제296조제1항제5호,[],REGULATION,업무,,,업무,MANDATORY,제296조제1항제5호의 업무에 관한 규정(規 程)
제302조,[],REGULATION,예탁업무규정,,,,,제302조의 예탁업무규정 및
제303조,"[None, None, 303, None]",PROCEDURE,결제업무규정,금융위원회,제정·변경·폐지,금융위원회,MANDATORY,"제303조의 결제업무규정을 제정ㆍ변경하거나 폐지하고자 하는 경우에는 금융위원회의 승인을 받아야 한다. <개정 2008. 2. 29., 2016. 3. 22.> ② 삭제<2008. 2. 29.> ③ 예탁결제원은 제1항 외의 업무에 관한 규정을 제정ㆍ변경하거나 폐지한 경우에는 지체 없이 금융위원회에 보고하여야 한다.<개정 2008. 2. 29.>"
제306조,[],REGULATION,검사,,검사,예탁결제원,,제306조(예탁결제원에 대한 검사)
제419조,[],REGULATION,검사,예탁 결제원,준용,검사,MANDATORY,제419조(제2항부터 제4항까지 및 제8항을 제외한다)는 예탁 결제원에 대한 검사에 관하여 준용한다.
제307조,[],REGULATION,예탁결제원에 대한 조치,금융위원회,할 수 있다,조치,PERMISSIVE,제307조(예탁결제원에 대한 조치) ① 금융위원회는 예탁결제원이 별표 8 각 호의 어느 하나에 해당하는 경우에는 다음 각 호의 어느 하나에 해당하는 조치를 할 수 있다. <개정 2008. 2. 29.> 1. 6개월 이내의 업무의 전부 또는 일부의 정지 2. 계약의 인계명령 3. 위법행위의 시정명령 또는 중지명령 4. 위법행위로 인한 조치를 받았다는 사실의 공표명령 또는 게시명령 5. 기관경고 6. 기관주의 7. 그 밖에 위법행위를 시정하거나 방지하기 위하여 필요한 조치로서 대통령령으로 정하는 조치 ② 금융위원회는 예탁결제원의 임원이 별표 8 각 호의 어느 하나에 해당하는 경우에는 다음 각 호의 어느 하나에 해당하는 조치를 할 수 있다.<개정 2008. 2. 29.> 1. 해임요구 2. 6개월 이내의 직무정지 3. 문책경고 4. 주의적 경고 5. 주의 6. 그 밖에 위법행위를 시정하거나 방지하기 위하여 필요한 조치로서 대통령령으로 정하는 조치 ③ 금융위원회는 예탁결제원의 직원이 별표 8 각 호의 어느 하나에 해당하는 경우에는 다음 각 호의 어느 하나에 해당하는 조치를 예탁결제원에 요구할 수 있다.<개정 2008. 2. 29.> 1. 면직 2. 6개월 이내의 정직 3. 감봉 4. 견책 5. 경고 6. 주의 7. 그 밖에 위법행위를 시정하거나 방지하기 위하여 필요한 조치로서 대통령령으로 정하는 조치 법제처 187 국가법령정보 센터 자본시장과 금융투자업에 관한 법률 ④
제422조제3항,[],,,,,,,
제423조,[],REGULATION,제1호 제외,,제외,제1호,MANDATORY,제423조(제1호를 제외한다)
제424조,[],REGULATION,제2항 제외,,제외,제2항,MANDATORY,제424조(제2항을 제외한다) 및
제425조,"[None, 2, 425, None]",REGULATION,준용,제425조,준용,예탁결제원 및 그 임직원,MANDATORY,제425조는 예탁결제원 및 그 임직원에 대한 조치 등에 관하여 준용한다. 제2절 예탁관련제도
제308조(예탁대상증권등),[],DEFINITION,예탁대상증권등,예탁대상증권등,적용하지 않는다,전자등록된 증권등,PROHIBITIVE,제308조(예탁대상증권등) ① 이 절은 증권등에 표시될 수 있거나 표시되어야 할 권리가 「주식 ㆍ사채 등의 전자등록에 관한 법률」에 따라 전자등록된 경우 그 증권등에 대해서는 적용하지 아니한다. ② 예탁결제원에 예탁할 수 있는 증권등(이하 “예탁대상증권등”이라 한다)은 예탁결제원이 지정한다. [전문개정 2016. 3. 22.]
제309조,"[0, 0, 309, 0]",REGULATION,예탁,예탁자,예탁,증권등,MANDATORY,"제309조(예탁결제원에의 예탁 등) ① 예탁결제원에 증권등을 예탁하고자 하는 자는 예탁결제원 에 계좌를 개설하여야 한다. ② 제1항에 따라 계좌를 개설한 자(이하 “예탁자”라 한다)는 자기가 소유하고 있는 증권등과 투자자로부터 예탁받은 증권등을 투자자의 동의를 얻어 예탁결제원에 예탁할 수 있다. ③ 예탁결제원은 다음 각 호의 사항을 기재하여 예탁자계좌부를 작성ㆍ비치하되, 예탁자의 자기소유분과 투자자 예탁분이 구분될 수 있도록 하여야 한다.<개정 2008. 2. 29.> 1. 예탁자의 명칭 및 주소 2. 예탁받은 증권등(이하 “예탁증권등”이라 한다)의 종류 및 수와 그 발행인의 명칭 3. 그 밖에 총리령으로 정하는 사항 ④ 예탁결제원은 예탁증권등을 종류ㆍ종목별로 혼합하여 보관할 수 있다. ⑤ 예탁자 또는 그 투자자가 증권등을 인수 또는 청약하거나, 그 밖의 사유로 새로 증권등의 발행을 청구하는 경우에 그 증권등의 발행인은 예탁자 또는 그 투자자의 신청에 의하여 이들 을 갈음하여 예탁결제원을 명의인으로 하여 그 증권등을 발행할 수 있다.<개정 2016. 3. 22.>"
제310조,[],REGULATION,예탁자,예탁자,작성ㆍ비치하여야 한다,투자자계좌부,MANDATORY,제310조(투자자의 예탁자에의 예탁 등) ① 투자자로부터 예탁받은 증권등을 예탁결제원에 다시 예탁하는 예탁자는 다음 각 호의 사항을 기재하여 투자자계좌부를 작성ㆍ비치하여야 한다. <개정 2008. 2. 29.> 1. 투자자의 성명 및 주소 2. 예탁증권등의 종류 및 수와 그 발행인의 명칭 3. 그 밖에 총리령으로 정하는 사항 ② 예탁자는 제1항에 따른 기재를 한 경우에는 해당 증권등이 투자자 예탁분이라는 것을 밝히고 지체 없이 예탁결제원에 예탁하여야 한다. ③ 예탁자는 제1항에 따른 기재를 한 경우에는 제2항에 따라 해당 증권등을 예탁결제원에 예탁하기 전까지는 이를 자기소유분과 구분하여 보관하여야 한다. ④ 제1항에 따른 투자자계좌부에 기재된 증권등은 그 기재를 한 때에 예탁결제원에 예탁된 것으로 본다.
제311조,"[None, None, 311, None]",REGULATION,계좌부 기재,계좌부,본다,증권등,MANDATORY,제311조(계좌부 기재의 효력) ① 투자자계좌부와 예탁자계좌부에 기재된 자는 각각 그 증권등 을 점유하는 것으로 본다. 법제처 188 국가법령정보 센터 자본시장과 금융투자업에 관한 법률 ② 투자자계좌부 또는 예탁자계좌부에 증권등의 양도를 목적으로 계좌 간 대체의 기재를 하 거나 질권설정을 목적으로 질물(質物)인 뜻과 질권자를 기재한 경우에는 증권등의 교부가 있 었던 것으로 본다. ③ 예탁증권등의 신탁은 예탁자계좌부 또는 투자자계좌부에 신탁재산인 뜻을 기재함으로써 제삼자에게 대항할 수 있다.<개정 2011. 7. 25.> ④ 삭제<2016. 3. 22.>
제312조,[],REGULATION,권리 추정,예탁자,추정한다,공유지분,,"제312조(권리 추정 등) ① 예탁자의 투자자와 예탁자는 각각 투자자계좌부와 예탁자계좌부에 기재된 증권등의 종류ㆍ종목 및 수량에 따라 예탁증권등에 대한 공유지분을 가지는 것으로 추정한다. ② 예탁자의 투자자나 그 질권자는 예탁자에 대하여, 예탁자는 예탁결제원에 대하여 언제든 지 공유지분에 해당하는 예탁증권등의 반환을 청구할 수 있다. 이 경우 질권의 목적으로 되 어 있는 예탁증권등에 대하여는 질권자의 동의가 있어야 한다. ③ 예탁결제원은 예탁자의 파산ㆍ해산, 그 밖에 대통령령으로 정하는 사유가 발생한 경우 총 리령으로 정하는 기준 및 방법에 따라 예탁증권등 중 투자자 예탁분의 반환 또는 계좌 간 대 체를 제한할 수 있다.<개정 2008. 2. 29.>"
제313조,[],ACTOR,보전의무,예탁결제원,,,,제313조(보전의무) ① 예탁증권등이 부족하게 된 경우에는 예탁결제원 및
제310조제1항,"[None, None, 310, 1]",REGULATION,보전,예탁자,보전,예탁금,MANDATORY,제310조제1항에 규정된 예탁자가 대통령령으로 정하는 방법 및 절차에 따라 이를 보전하여야 한다. 이 경우 예탁결제원 및 예탁자는 그 부족에 대한 책임이 있는 자에 대하여 구상권(求償權)을 행사할 수 있다. ② 제1항의 예탁자는
제309조제1항,[],REGULATION,보전책임,,부담한다,보전책임,MANDATORY,"제309조제1항에 따른 계좌를 폐쇄한 이후에도 제1항에 따른 보전책임 을 부담한다. 다만, 계좌를 폐쇄한 때부터 5년이 경과한 경우에는 그 책임은 소멸한다."
제314조,"[None, None, 314, None]",REGULATION,권리 행사,예탁결제원,행사,예탁증권등,PERMISSIVE,제314조(예탁증권등의 권리 행사 등) ① 예탁결제원은 예탁자 또는 그 투자자의 신청에 의하여 예탁증권등에 관한 권리를 행사할 수 있다. 이 경우 그 투자자의 신청은 예탁자를 거쳐야 한다. ② 예탁결제원은 예탁증권등에 대하여 자기명의로 명의개서를 청구할 수 있다.<개정 2016. 3. 22.> ③ 예탁결제원은 제2항에 따라 자기명의로 명의개서된 주권에 대하여는 예탁자의 신청이 없는 경우에도 「상법」
제358조의2,"[None, None, 358, 2]",REGULATION,주주권리행사,주주,행사할 수 있다,권리,PERMISSIVE,"제358조의2에 규정된 사항과 주주명부의 기재 및 주권에 관하여 주주로 서의 권리를 행사할 수 있다. ④ 삭제<2013. 5. 28.> ⑤ 삭제<2013. 5. 28.> ⑥ 예탁증권등의 발행인은 제1항에 따른 예탁결제원의 권리 행사를 위하여 대통령령으로 정 하는 사항을 지체 없이 예탁결제원에 통지하여야 한다.<개정 2013. 5. 28.> ⑦ 제3항은 예탁증권등 중 기명식 증권에 관하여 준용한다. ⑧ 예탁자를 통하여 투자자에게 반환된 후 투자자의 명의로 명의개서가 되지 아니한 예탁결 제원 명의의 주권(그 주권에서 발생하는 권리를 포함한다)의 관리에 대하여 필요한 사항은 대통령령으로 정한다.<신설 2013. 5. 28., 2016. 3. 29., 2017. 4. 18., 2016. 3. 22.> [제목개정 2013. 5. 28.] 법제처 189 국가법령정보 센터 자본시장과 금융투자업에 관한 법률"
제315조,[],REGULATION,실질주주,실질주주,행사,권리,PERMISSIVE,제315조(실질주주의 권리 행사 등) ① 예탁증권등 중 주식의 공유자(이하 “실질주주”라 한다)는 주주로서의 권리 행사에 있어서는 각각
제312조제1항,"[None, None, 312, 1]",DEFINITION,실질주주,실질주주,가지다,주식,DEFINITIONAL,제312조제1항에 따른 공유지분에 상당하는 주식을 가지는 것으로 본다. ② 실질주주는
제314조제3항,[],REGULATION,권리,,행사,권리,PROHIBITIVE,"제314조제3항에 따른 권리를 행사할 수 없다. 다만, 회사의 주주에 대한 통지 및 「상법」"
제396조제2항,"[396, 2]",REGULATION,주주명부 열람,주주,행 사할,주주명부,PERMISSIVE,제396조제2항에 따른 주주명부의 열람 또는 등사 청구에 대하여는 그 권리를 행 사할 수 있다. ③ 예탁증권등 중 주권의 발행인은 「상법」
제354조,[],REGULATION,주주명부폐쇄기준일,예탁결제원,통지,주권의 발행인 또는 명의개서를 대리하는 회사,MANDATORY,"제354조에 따라 일정한 기간 또는 일정한 날을 정한 경우에는 예탁결제원에 이를 지체 없이 통지하여야 하며, 예탁결제원은 그 일정한 기간 의 첫날 또는 그 일정한 날(이하 이 조에서 “주주명부폐쇄기준일”이라 한다)의 실질주주에 관 하여 다음 각 호의 사항을 지체 없이 그 주권의 발행인 또는 명의개서를 대리하는 회사에 통 지하여야 한다. 1. 성명 및 주소 2. 제1항에 따른 주식의 종류 및 수 ④ 예탁결제원은"
제310조제1항,"[None, None, 310, 1]",PROCEDURE,통보,예탁자,통보,통보,MANDATORY,제310조제1항에 규정된 예탁자에게 주주명부폐쇄기준일의 실질주주에 관 하여 제3항 각 호에 규정된 사항의 통보를 요청할 수 있다. 이 경우 요청받은 예탁자는 지체 없이 이를 통보하여야 한다. ⑤ 삭제<2016. 3. 22.> ⑥ 삭제<2016. 3. 22.>
제316조,[],REGULATION,실질주주명부,,,,,제316조(실질주주명부의 작성 등) ①
제315조제3항,[],PROCEDURE,실질주주명부 작성비치,회사,작성비치,실질주주명부,MANDATORY,제315조제3항에 따라 통지받은 발행인 또는 명의개서를 대행하는 회사는 통지받은 사항과 통지 연월일을 기재하여 실질주주명부를 작성ㆍ비치하여야 한다. ② 예탁결제원에 예탁된 주권의 주식에 관한 실질주주명부에의 기재는 주주명부에의 기재와 같은 효력을 가진다. ③ 제1항에 따른 발행인 또는 명의개서를 대리하는 회사는 주주명부에 주주로 기재된 자와 실질주주명부에 실질주주로 기재된 자가 동일인이라고 인정되는 경우에는 주주로서의 권리 행사에 있어서 주주명부의 주식수와 실질주주명부의 주식수를 합산하여야 한다.
제317조,[],REGULATION,예탁증권,대법원규칙,정한다,필요한 사항,MANDATORY,제317조(민사집행) 예탁증권등에 관한 강제집행ㆍ가압류 및 가처분의 집행 또는 경매에 관하여 필요한 사항은 대법원규칙으로 정한다.
제318조,[],REGULATION,실질주주증명서,예탁결제원,발행,실질주주증명서,MANDATORY,제318조(실질주주증명서) ① 예탁결제원은 예탁자 또는 그 투자자가 주주로서의 권리를 행사하 기 위하여 증권등의 예탁을 증명하는 문서(이하 이 조에서 “실질주주증명서”라 한다)의 발행 을 신청하는 경우에는 총리령으로 정하는 방법에 따라 이를 발행하여야 한다. 이 경우 투자자 의 신청은 예탁자를 거쳐야 한다. <개정 2008. 2. 29.> ② 예탁결제원은 제1항에 따라 실질주주증명서를 발행한 경우에는 해당 발행인에게 그 사실 을 지체 없이 통지하여야 한다. ③ 예탁자 또는 그 투자자가 제1항에 따라 발행된 실질주주증명서를 발행인에게 제출한 경 우에는 「상법」
제337조제1항,[],REGULATION,대항,,대항,발행인,PERMISSIVE,제337조제1항에 불구하고 발행인에게 대항할 수 있다.
제319조,[],PROCEDURE,삭제,,,,,제319조 삭제 <2016. 3. 22.> 법제처 190 국가법령정보 센터 자본시장과 금융투자업에 관한 법률
제320조,[],REGULATION,외국예탁결제기관,,,,,제320조(외국예탁결제기관 등의 예탁 등에 관한 특례) ①
Unknown,[],REGULATION,Unknown,,,,,"제310조,"
제313조,[],,,,,,,
제314조제6항,[],,,,,,,
제 315조,[],,,,,,,제 315조 및
제316조제3항,"[None, None, 316, 3]",REGULATION,외국예탁결제기관 제외,,적용하지 않다,외국예탁결제기관,MANDATORY,"제316조제3항은 외국예탁결제기관에 적용하지 아니한다. 다만, 외국예탁결제기관 이 그 적용을 요청하는 경우에는 그러하지 아니하다. <개정 2013. 5. 28.> ②"
Unknown,[],REGULATION,Unknown,,,,,"제309조제5항,"
제314조제6항,"[None, None, 314, 6]",,,,,,,
제315조,[],,,,,,,
Unknown,[],REGULATION,Unknown,,,,,제316조 및
제318조,[],REGULATION,예탁증권,발행인,적용,외국법인,PROHIBITIVE,"제318조는 예탁증권등의 발행인이 외 국법인등인 경우에 적용하지 아니한다. 다만, 그 외국법인등이 그 적용을 요청하는 경우에는 그러하지 아니하다."
제321조,[],REGULATION,보고 및 확인,예탁결제원,요구,예탁자,PERMISSIVE,"예탁결제원은 예탁자에 대하여 예탁업무에 관한 보고 또는 자료의 제 출을 요구하거나, 관련 장부의 열람 또는 예탁자 자체보관 증권등의 보관상황 등을 확인할 수 있다."
제322조,[],REGULATION,증권등의 관리,,정해야 한다,증권등,MANDATORY,"제322조(증권등의 관리) ① 상장법인 및 명의개서대행회사는 증권등의 용지ㆍ발행ㆍ소각ㆍ교 체발행ㆍ폐기, 그 밖에 그 관리에 관하여 예탁결제원이 정하는 증권등 취급규정에 따라야 한다. ② 예탁결제원은 상장법인이 증권등의 발행을 위하여 예비로 보관하고 있는 증권등의 용지 (이하 “예비증권등”이라 한다)를 관리할 수 있다. ③ 예탁결제원은 필요하다고 인정되는 경우에는 상장법인 및 명의개서대행회사에 대하여 제 1항에 따른 증권등의 사무취급절차와 예비증권등의 관리에 관한 자료의 제출을 요구할 수 있고, 소속직원에게 이를 확인하게 할 수 있다. ④ 비상장법인이 발행하는 증권등에 관하여 예탁결제원의 증권등 취급규정에 따른 용지를 사용하고자 할 경우에는 예탁결제원의 승인을 받아야 한다. 이 경우 제1항부터 제3항까지의 규정을 준용한다. ⑤ 제1항부터 제3항까지의 규정은 상장법인이 비상장법인으로 된 경우 예탁결제원의 증권 등 취급규정에 따른 용지와 그 용지에 의하여 발행한 증권등이 전부 폐기될 때까지 준용한다."
제323조,[],REGULATION,통지,발행인,통지,예탁결제원,MANDATORY,"제323조(발행명세 및 사고증권등의 명세 통지 등) ① 예탁대상증권등의 발행인은 새로 증권등을 발행하는 경우 그 증권등의 종류, 그 밖에 총리령으로 정하는 사항을 예탁결제원에 지체 없이 통지하여야 한다. <개정 2008. 2. 29.> ② 예탁대상증권등의 발행인은 증권등의 압류ㆍ가압류 또는 가처분의 명령에 관한 통지를 받거나 도난ㆍ분실 또는 멸실된 증권등에 대한 사고신고(「민사소송법」에 따른 공시최고 및 제권판결을 포함한다)를 접수한 경우 그 증권등의 종류, 그 밖에 총리령으로 정하는 사항을 예탁결제원에 지체 없이 통지하여야 한다.<개정 2008. 2. 29.> ③ 제1항 및 제2항에 따라 통지를 받은 예탁결제원은 그 내용을 공표하여야 한다. 제2장의2 금융투자상품거래청산회사 <신설 2013. 4. 5.>"
제323조의2,[],REGULATION,무인가 청산영업행위 금지,누구든지,영위하다,금융투자상품거래청산업,PROHIBITIVE,누구든지 이 법에 따른 금융투자상품거래청산업인가(변경인가를 포함한다)를 받지 아니하고는 금융투자상품거래청산업을 영위하여서는 아니 된다.
제323조의3,[],REGULATION,금융투자상품거래청산업 인가,자,받아야,금융투자상품거래청산업인가,MANDATORY,"제323조의3(금융투자상품거래청산업의 인가) ① 금융투자상품거래청산업을 영위하려는 자는 청산대상거래 및 청산대상업자를 구성요소로 하여 대통령령으로 정하는 업무 단위(이하 “청 산업 인가업무 단위”라 한다)의 전부나 일부를 선택하여 금융위원회로부터 하나의 금융투자 상품거래청산업인가를 받아야 한다. ② 제1항에 따라 금융투자상품거래청산업인가를 받으려는 자는 다음 각 호의 요건을 모두 갖추어야 한다.<개정 2015. 7. 31.> 1. 「상법」에 따른 주식회사일 것 2. 청산업 인가업무 단위별로 200억원 이상으로서 대통령령으로 정하는 금액 이상의 자기자 본을 갖출 것 3. 사업계획이 타당하고 건전할 것 4. 투자자의 보호가 가능하고 그 영위하려는 금융투자상품거래청산업을 수행하기에 충분한 인력과 전산설비, 그 밖의 물적 설비를 갖출 것 5. 정관 및 청산업무규정이 법령에 적합하고 금융투자상품거래청산업을 수행하기에 충분할 것 6. 임원이 「금융회사의 지배구조에 관한 법률」"
제5조,[],CONCEPT,대주주,,,,,제5조에 적합할 것 7. 대주주(
제12조제2항제6호가목,"[12, 2, 6, 1]",REGULATION,대주주,대주주,갖출,출자능력,MANDATORY,"제12조제2항제6호가목의 대주주를 말한다)가 충분한 출자능력, 건전한 재무상태 및 사회적 신용을 갖출 것 8. 대통령령으로 정하는 사회적 신용을 갖출 것 9. 이해상충방지체계를 구축하고 있을 것 ③ 제2항의 인가요건에 관하여 필요한 사항은 대통령령으로 정한다. [본조신설 2013. 4. 5.]"
제323조의4,"[None, None, 323, 4]",PROCEDURE,인가의 신청 및 심사,,,,,제323조의4(인가의 신청 및 심사) ①
제323조의3,[],REGULATION,인가,인가를 받으려는 자,제출,인가신청서,MANDATORY,"제323조의3제1항에 따른 인가를 받으려는 자는 인가신청 서를 금융위원회에 제출하여야 한다. ② 금융위원회는 제1항의 인가신청서를 접수한 때에는 그 내용을 심사하여 3개월 이내에 인 가 여부를 결정하고, 그 결과와 이유를 지체 없이 신청인에게 문서로 통지하여야 한다. 이 경 우 인가신청서에 흠결이 있는 경우에는 보완을 요구할 수 있다. ③ 제2항의 심사기간을 산정함에 있어서 인가신청서 흠결의 보완기간 등 총리령으로 정하는 기간은 산입하지 아니한다. ④ 금융위원회는 제2항에 따라 인가를 하는 경우에는 금융투자상품거래청산회사의 경영의 건전성 확보 및 건전한 시장질서 유지에 필요한 조건을 붙일 수 있다. ⑤ 제4항에 따라 조건이 붙은 인가를 받은 자는 사정의 변경이나 그 밖에 정당한 사유가 있는 경우에는 금융위원회에 조건의 취소 또는 변경을 요청할 수 있다. 이 경우 금융위원회는 2개월 이내에 조건의 취소 또는 변경 여부를 결정하고, 그 결과를 지체 없이 신청인에게 문 서로 통지하여야 한다. ⑥ 금융위원회는 제2항에 따라 인가를 한 경우에는 다음 각 호의 사항을 관보 및 인터넷 홈 페이지 등에 공고하여야 한다. 1. 인가의 내용 2. 인가의 조건(조건을 붙인 경우로 한정한다) 3. 인가의 조건을 취소하거나 변경한 경우 그 내용(조건을 취소하거나 변경한 경우로 한정한 다) 법제처 192 국가법령정보 센터 자본시장과 금융투자업에 관한 법률 ⑦ 제1항부터 제6항까지의 규정에 따른 인가신청서의 기재사항ㆍ첨부서류 등 인가의 신청 에 관한 사항과 인가심사의 방법ㆍ절차, 그 밖에 필요한 사항은 대통령령으로 정한다. [본조신설 2013. 4. 5.]"
제323조의5,[],,예비인가,,,,,제323조의5(예비인가) ①
제323조의3,[],PROCEDURE,예비인가 신청,자,신청,예비인가,PERMISSIVE,제323조의3에 따른 금융투자상품거래청산업인가(이하 이 조에서 “본 인가”라 한다)를 받으려는 자는 미리 금융위원회에 예비인가를 신청할 수 있다. ② 금융위원회는 예비인가를 신청받은 경우에는 2개월 이내에
제323조의3,[],REGULATION,예비인가,금융위원회,심사,예비인가 여부,MANDATORY,"제323조의3제2항 각 호의 요건을 갖출 수 있는지 여부를 심사하여 예비인가 여부를 결정하고, 그 결과와 이유를 지체 없이 신청인에게 문서로 통지하여야 한다. 이 경우 예비인가신청에 관하여 흠결이 있는 때에는 보완을 요구할 수 있다. ③ 제2항의 심사기간을 산정함에 있어서 예비인가신청과 관련된 흠결의 보완기간 등 총리령으로 정하는 기간은 심사기간에 산입하지 아니한다. ④ 금융위원회는 제2항에 따라 예비인가를 하는 경우에는 금융투자상품거래청산회사의 경영의 건전성 확보 및 건전한 시장질서 유지에 필요한 조건을 붙일 수 있다. ⑤ 금융위원회는 예비인가를 받은 자가 본인가를 신청하는 경우에는 제4항에 따른 예비인가 의 조건을 이행하였는지 여부와"
Unknown,[],REGULATION,Unknown,,,,,"제323조의3제2항 각 호의 요건을 갖추었는지 여부를 확인 한 후 본인가 여부를 결정하여야 한다. ⑥ 제1항부터 제5항까지의 규정에 따른 예비인가의 신청서 및 그 기재사항ㆍ첨부서류 등 예 비인가의 신청에 관한 사항과 예비인가심사의 방법ㆍ절차, 그 밖에 예비인가에 관하여 필요 한 사항은 대통령령으로 정한다. [본조신설 2013. 4. 5.]"
제323조의6,[],ACTOR,인가요건의 유지,금융투자상품거래청산회사,,,,제323조의6(인가요건의 유지) 금융투자상품거래청산회사는
제323조의3,"[0, 0, 323, 3]",REGULATION,인증요건 유지,금융투자상품 거래청산업,유지,인증요건,MANDATORY,제323조의3에 따른 금융투자상품 거래청산업인가를 받아 그 업무를 영위함에 있어서 같은 조 제2항 각 호의 인가요건(제8호는 제외한다)을 유지하여야 한다. [본조신설 2013. 4. 5.]
제323조의7,[],REGULATION,업무의 추가 및 인가의 변경,금융투자상품거래청산회사,,,,제323조의7(업무의 추가 및 인가의 변경) 금융투자상품거래청산회사는
제323조의3,[],REGULATION,청산업 인가업무 단위,다른 청산업 인가업무 단위,추가,금융투자상품거래 청산업,MANDATORY,제323조의3에 따라 인 가받은 청산업 인가업무 단위 외에 다른 청산업 인가업무 단위를 추가하여 금융투자상품거래 청산업을 영위하려는 경우에는
제323조의3,[],,,,,,,제323조의3 및
제323조의4,[],REGULATION,변경인가,,받다,변경인가,MANDATORY,제323조의4에 따라 금융위원회의 변경인가를 받아야 한다. 이 경우
제323조의5,"[None, None, 323, 5]",PROCEDURE,적용,,적용,제323조의5,MANDATORY,제323조의5를 적용한다. [본조신설 2013. 4. 5.]
제323조의8,[],REGULATION,유사명칭 사용 금지,자,사용,명칭,PROHIBITIVE,"금융투자상품거래청산회사가 아닌 자는 “금융투자상품거래청 산”, “금융투자상품청산”, “증권거래청산”, “증권청산”, “파생상품거래청산”, “파생상품청산” 또 는 이와 유사한 명칭을 사용하여서는 아니 된다."
제323조의9,[],REGULATION,상근임원,상근임원,이어야,사람,MANDATORY,제323조의9(임원 등) ① 금융투자상품거래청산회사의 상근임원은 청산대상업자의 임직원 외의 사람이어야 한다. ② 금융투자상품거래청산회사의 임원의 자격에 관하여는 「금융회사의 지배구조에 관한 법 률」
제5조,[],REGULATION,이해관계,금융투자상품거래청산회사의 상근 임직원,가져서는 아니 된다,이해관계,PROHIBITIVE,"제5조를 준용한다.<개정 2015. 7. 31.> 법제처 193 국가법령정보 센터 자본시장과 금융투자업에 관한 법률 ③ 금융투자상품거래청산회사의 상근 임직원은 청산대상업자 및 금융투자업관계기관(그 상 근 임직원이 소속된 금융투자상품거래청산회사는 제외한다)과 자금의 공여, 손익의 분배, 그 밖에 영업에 관하여 대통령령으로 정하는 특별한 이해관계를 가져서는 아니 된다. [본조신설 2013. 4. 5.]"
제323조의10,[],REGULATION,업무,금융투자상품거래청산회사,행한다,업무,MANDATORY,"제323조의10(업무) ① 금융투자상품거래청산회사는 정관으로 정하는 바에 따라 다음 각 호의 업무를 행한다. 1. 청산대상거래의 확인업무 2. 청산대상거래에 따른 채무의 채무인수, 경개, 그 밖의 방법에 따른 채무부담업무 3. 청산대상거래에서 발생하는 다수의 채권 및 채무에 대한 차감업무 4. 결제목적물ㆍ결제금액의 확정 및 결제기관에 대한 결제지시업무 5. 결제불이행에 따른 처리업무 6. 제1호부터 제5호까지의 규정에 따른 업무에 수반되는 부수업무로서 금융위원회로부터 승 인을 받은 업무 ② 금융투자상품거래청산회사는 제1항 각 호의 업무 외에 다른 업무를 할 수 없다. 다만, 다 음 각 호의 어느 하나에 해당하는 경우에는 그러하지 아니하다. 1. 이 법 또는 다른 법령에서 금융투자상품거래청산회사의 업무로 규정한 업무를 행하는 경 우 2. 이 법 또는 다른 법률에서 정하는 바에 따라 거래소, 그 밖에 대통령령으로 정하는 금융투 자업관계기관이 금융투자상품거래청산업무를 하는 경우 [본조신설 2013. 4. 5.]}"
제323조의11,"[None, None, 323, 11]",REGULATION,청산업무규정,금융투자상품거래청산회사,정하여야 한다,청산업무규정,MANDATORY,제323조의11(청산업무규정 등) ① 금융투자상품거래청산회사는 청산업무규정을 정하여야 한다 . 이 경우 청산업무규정은
제303조의 결제업무규정,[],DEFINITION,결제업무규정,,,,DEFINITIONAL,"제303조의 결제업무규정,"
제387조의,[],REGULATION,회원관리규정,,,,,제387조의 회원관리규정 및
제393조,"[None, None, 393, None]",REGULATION,청산업무규정,금융투자상품거래청산회사,받다,금융위원회,MANDATORY,"제393조의 업무규정과 상충되어서는 아니 된다. ② 금융투자상품거래청산회사는 정관 및 제1항의 청산업무규정을 변경하려는 경우에는 금 융위원회의 승인을 받아야 한다. ③ 제1항의 청산업무규정에는 다음 각 호의 사항을 포함하여야 한다. 1. 청산대상거래 및 그 거래대상이 되는 금융투자상품에 관한 사항 2. 청산대상업자의 요건에 관한 사항 3. 금융투자상품거래청산업으로서 행하는 채무의 채무인수, 경개, 그 밖의 방법에 의한 채무 의 부담 및 그 이행에 관한 사항 4. 청산대상업자의 채무의 이행 확보에 관한 사항 5. 청산증거금 및 손해배상공동기금에 관한 사항 6. 청산대상업자가 아닌 자가 청산대상업자를 통하여 금융투자상품거래청산회사로 하여금 청산대상거래의 채무를 부담하게 하는 경우 그 금융투자상품거래청산의 중개ㆍ주선이나 대리에 관한 사항 7. 외국 금융투자상품거래청산회사(외국의 법령에 따라 외국에서 금융투자상품거래청산업무 에 상당하는 업무를 수행하는 자를 말한다)와의 협력에 관한 사항 8. 그 밖에 금융투자상품거래청산업무의 수행을 위하여 필요한 사항으로서 금융위원회가 정 하여 고시하는 사항 법제처 194 국가법령정보 센터 자본시장과 금융투자업에 관한 법률 [본조신설 2013. 4. 5.]"
제323조의12,[],REGULATION,차별 금지,금융투자상품거래청산회사,대우하다,청산 대상업자,PROHIBITIVE,제323조의12(부당한 차별의 금지) 금융투자상품거래청산회사는 정당한 사유 없이 특정한 청산 대상업자를 차별적으로 대우하여서는 아니 된다. [본조신설 2013. 4. 5.]
제323조의13,[],REGULATION,청산증거금,청산대상업자,예치하여야 한다,청산증거금,MANDATORY,"제323조의13(청산증거금) ① 청산대상업자는 금융투자상품거래청산회사에 대하여 부담하는 채무의 이행을 보증하기 위하여 청산업무규정으로 정하는 바에 따라 금융투자상품거래청산회사에 금전등으로 청산증거금을 예치하여야 한다. 다만, 금융투자상품거래청산회사가 인정하는 청산대상거래에 대하여는 그러하지 아니하다. ② 금융투자상품거래청산회사는 청산대상업자가 금융투자상품거래청산회사에 대하여 청산 대상거래에 따른 채무를 이행하지 아니하는 경우에는 그 청산대상업자의 청산증거금으로 그 채무의 변제에 충당할 수 있다. [본조신설 2013. 4. 5.]"
제323조의14,[],REGULATION,손해배상공동기금,청산대상업자,적립,손해배상공동기금,MANDATORY,"제323조의14(손해배상공동기금) ① 청산대상업자는 청산대상거래에 따른 채무의 불이행으로 인하여 발생하는 손해를 배상하기 위하여 청산업무규정으로 정하는 바에 따라 금융투자상품 거래청산회사에 금전등으로 손해배상공동기금을 적립하여야 한다. 다만, 청산업무규정으로 정하는 청산대상업자에 대하여는 그러하지 아니하다. ② 금융투자상품거래청산회사는 제1항에 따른 손해배상공동기금을 청산대상거래의 유형별 로 구분하여 적립하여야 한다. ③ 청산대상업자(제1항 단서에 따른 청산대상업자는 제외한다)는 제1항 및 제2항의 손해배상공동기금의 범위에서 청산대상거래에 따른 채무의 불이행으로 인하여 발생하는 손해배상 에 관하여 연대책임을 진다. ④ 금융투자상품거래청산회사는 손해배상공동기금으로 제1항에 따른 손해를 보전한 경우에 는 손해를 끼친 청산대상업자에 대하여 그 보전한 금액과 이에 소요된 비용에 관하여 구상권 을 가진다. ⑤ 금융투자상품거래청산회사는 제4항에 따라 추심된 금액을 손해배상공동기금에 충당한다. ⑥ 제1항의 손해배상공동기금의 총적립규모, 적립방법, 사용ㆍ관리ㆍ환급 및 제4항에 따른 구상권 행사 등에 관하여 필요한 사항은 대통령령으로 정한다. [본조신설 2013. 4. 5.]"
제323조의15,[],REGULATION,채무변제순위,,변제받다,채무,MANDATORY,"제323조의15(채무변제순위) ① 청산대상업자가 청산대상거래에 따른 채무를 이행하지 아니하 여 금융투자상품거래청산회사 또는 다른 청산대상업자에게 손해를 끼친 경우 그 손해를 입은 금융투자상품거래청산회사 또는 다른 청산대상업자는 그 손해를 끼친 청산대상업자의 청산 증거금 및 손해배상공동기금 지분에 대하여 다른 채권자보다 우선하여 변제받을 권리를 가진다. ② 금융투자상품거래청산회사는 청산대상업자가 결제를 위하여 납부한 결제목적물 및 결제 대금에 관하여 다른 채권자보다 우선하여 변제를 받을 권리가 있다. ③ 금융투자상품거래청산회사는 청산대상거래에 따른 결제의 완료 전에 결제목적물 또는 결제대금이 인도된 경우에 해당 청산대상업자가 그 결제를 이행하지 아니함으로써 금융투자상품거래청산회사에 손해를 끼친 때에는 그 청산대상업자의 재산에 관하여 다른 채권자보다 우선하여 변제를 받을 권리가 있다. 다만, 그 결제의 이행 기한이 도래하기 전에 설정된 전세 권ㆍ질권ㆍ저당권 또는 「동산ㆍ채권 등의 담보에 관한 법률」에 따른 담보권에 의하여 담보 된 채권에 대하여는 우선하여 변제를 받을 권리가 없다. [본조신설 2013. 4. 5.]"
제323조의16,"[None, None, 323, 16]",REGULATION,거래정보 보고,금융투자상품거래청산회사,보고,거래정보,MANDATORY,제323조의16(금융투자상품거래청산회사의 거래정보 보고 등) ① 금융투자상품거래청산회사는
제166조의3,[],REGULATION,거래정보 보관·관리,금융투자상품거래청산회사,보관·관리,거래정보,MANDATORY,"제166조의3에 따른 청산의무거래, 그 밖에 대통령령으로 정하는 거래정보를 보관ㆍ관리하여야 한다. ② 금융투자상품거래청산회사는 제1항에 따라 보관ㆍ관리하는 거래정보를 금융위원회, 그 밖에 대통령령으로 정하는 자에게 보고하여야 한다. ③ 제1항 및 제2항에 따른 거래정보의 보관ㆍ관리 및 보고의 요령과 방법, 그 밖에 필요한 사 항은 대통령령으로 정한다. [본조신설 2013. 4. 5.]"
제323조의17,[],REGULATION,준용규정,,,,,제323조의17(준용규정)
제54조,[],,,,,,,
제63조,[],,,,,,,
제383조제1항,[],,,,,,,
제408조,[],,,,,,,제408조
제413조,[],,금융실명거래 및 비밀보장,금융실명거래 및 비밀보장에 관한 법률,,,,제413조 및 「금융실명거래 및 비밀보장에 관한 법률」
제4조,[],REGULATION,준용,제4조,준용한다,금융투자상품거래청산회사,MANDATORY,제4조는 금융투자상품거래청산회사에 준용한다. [본조신설 2013. 4. 5.]
제323조의18,[],REGULATION,주식소유 제한,사람,소유,주식,PROHIBITIVE,누구든지 다음 각 호의 어느 하나에 해당하는 경우를 제외하고는 금융투자상품거래청산회사의 의결권 있는 발행주식총수의 100분의 20을 초과하여 금융투자상품거래청산회사가 발행한 주식을 소유할 수 없다. 이 경우
제406조,[],,,,,,,
제407조,[],PROCEDURE,제407조 준용,정부,준용,제407조,MANDATORY,제407조를 준용한다. 1. 정부가 소유하는 경우 2. 그 밖에 대통령령으로 정하는 바에 따라 금융위원회의 승인을 받은 경우 [본조신설 2013. 4. 5.]
제323조의19,[],REGULATION,검사,,검사,금융투자상품거래청산회사,,제323조의19(금융투자상품거래청산회사에 대한 검사) 금융투자상품거래청산회사에 대한 검사 에 관하여는
제419조,[],REGULATION,준용,본조,준용한다,제419조,MANDATORY,제419조(제2항부터 제4항까지 및 제8항은 제외한다)를 준용한다. [본조신설 2013. 4. 5.]
제323조의20,[],REGULATION,금융투자상품거래청산회사,금융위원회,조치,금융투자상품거래청산 회사,PERMISSIVE,제323조의20(금융투자상품거래청산회사에 대한 조치) ① 금융위원회는 금융투자상품거래청산 회사가 다음 각 호의 어느 하나에 해당하는 경우에는
제323조의3제1항,"[None, None, 323, 3]",REGULATION,인가 취소,,취소,인가,PERMISSIVE,"제323조의3제1항에 따른 인가를 취소 할 수 있다. 1. 거짓, 그 밖의 부정한 방법으로"
제323조의3제1항,"[None, None, 323, 3]",REGULATION,인가조건,,,,,제323조의3제1항에 따른 인가를 받은 경우 2. 인가조건을 위반한 경우 3.
제323조의6,[],PENALTY,인가요건 유지의무 위반,금융위원회,할 수 있다,조치,PERMISSIVE,제323조의6에 따른 인가요건 유지의무를 위반한 경우 4. 업무의 정지기간 중에 업무를 한 경우 5. 금융위원회의 시정명령 또는 중지명령을 이행하지 아니한 경우 6. 별표 8의2 각 호의 어느 하나에 해당하는 경우로서 대통령령으로 정하는 경우 7. 대통령령으로 정하는 금융 관련 법령 등을 위반한 경우로서 대통령령으로 정하는 경우 8. 그 밖에 투자자의 이익을 현저히 해할 우려가 있거나 해당 업무를 영위하기 곤란하다고 인정되는 경우로서 대통령령으로 정하는 경우 법제처 196 국가법령정보 센터 자본시장과 금융투자업에 관한 법률 ② 금융위원회는 금융투자상품거래청산회사가 제1항 각 호(제6호는 제외한다)의 어느 하나 에 해당하거나 별표 8의2 각 호의 어느 하나에 해당하는 경우에는 다음 각 호의 어느 하나에 해당하는 조치를 할 수 있다. 1. 6개월 이내의 업무의 전부 또는 일부의 정지 2. 계약의 인계명령 3. 위법행위의 시정명령 또는 중지명령 4. 위법행위로 인한 조치를 받았다는 사실의 공표명령 또는 게시명령 5. 기관경고 6. 기관주의 7. 그 밖에 위법행위를 시정하거나 방지하기 위하여 필요한 조치로서 대통령령으로 정하는 조치 ③ 금융위원회는 금융투자상품거래청산회사의 임원이 제1항 각 호(제6호는 제외한다)의 어 느 하나에 해당하거나 별표 8의2 각 호의 어느 하나에 해당하는 경우에는 다음 각 호의 어느 하나에 해당하는 조치를 할 수 있다. 1. 해임요구 2. 6개월 이내의 직무정지 3. 문책경고 4. 주의적 경고 5. 주의 6. 그 밖에 위법행위를 시정하거나 방지하기 위하여 필요한 조치로서 대통령령으로 정하는 조치 ④ 금융위원회는 금융투자상품거래청산회사의 직원이 제1항 각 호(제6호는 제외한다)의 어 느 하나에 해당하거나 별표 8의2 각 호의 어느 하나에 해당하는 경우에는 다음 각 호의 어느 하나에 해당하는 조치를 그 금융투자상품거래청산회사에 요구할 수 있다. 1. 면직 2. 6개월 이내의 정직 3. 감봉 4. 견책 5. 경고 6. 주의 7. 그 밖에 위법행위를 시정하거나 방지하기 위하여 필요한 조치로서 대통령령으로 정하는 조치 ⑤
제422조제3항,[],,,,,,,제422조제3항 및
Unknown,[],REGULATION,Unknown,,,,,제423조부터
제425조,[],REGULATION,규정 준용,제425조까지의 규정,준용한다,,MANDATORY,제425조까지의 규정은 금융투자상품거래청산회사 및 그 임직원에 대한 조치 등에 관하여 준용한다. [본조신설 2013. 4. 5.] 제3장 증권금융회사
제323조의21,[],REGULATION,무인가 증권금융업무 금지,,금지,증권 금융업무,PROHIBITIVE,제323조의21(무인가 증권금융업무 금지) 누구든지 이 법에 따른 인가를 받지 아니하고는 증권 금융업무(
제326조제1항,[],DEFINITION,업무,,,,DEFINITIONAL,"제326조제1항에 따른 업무를 말한다. 이하 같다)를 영위하여서는 아니 된다. 다만, 투자자 보호 및 건전한 거래질서를 해할 우려가 없는 경우로서 대통령령으로 정하는 경우는 법제처 197 국가법령정보 센터 자본시장과 금융투자업에 관한 법률 제외한다. [본조신설 2013. 5. 28.]"
제324조,[],PROCEDURE,인가,,,,,제324조(인가) ①
제326조제1항제2호,"[326, 1, 2]",REGULATION,증권금융업무,자,받아야,인가,MANDATORY,"제326조제1항제2호의 업무를 포함하는 증권금융업무(이하 “증권금융업무”라 한다)를 영위하려는 자는 금융위원회의 인가를 받아야 한다. <개정 2008. 2. 29., 2013. 5. 28.> ② 제1항에 따른 인가를 받으려는 자는 다음 각 호의 요건을 모두 갖추어야 한다.<개정 2013. 5. 28., 2015. 7. 31.> 1. 「상법」에 따른 주식회사일 것 2. 20억원 이상으로서 대통령령으로 정하는 금액 이상의 자기자본을 갖출 것 3. 사업계획이 타당하고 건전할 것 4. 투자자를 보호하고 영위하고자 하는 업무를 수행하기에 충분한 인력 및 전산설비, 그 밖의 물적 설비를 갖출 것 5. 임원이 「금융회사의 지배구조에 관한 법률」"
제5조,[],,,,,,,제5조에 적합할 것 6. 대주주(
제12조제2항제6호,"[12, 2, 6, None]",PROCEDURE,인가,금융위원회,제출,인가신청서,MANDATORY,"제12조제2항제6호가목의 대주주를 말한다)가 충분한 출자능력, 건전한 재무상태 및 사회적 신용을 갖출 것 7. 이해상충방지체계를 구축하고 있을 것 ③ 제1항에 따른 인가를 받으려는 자는 인가신청서를 금융위원회에 제출하여야 한다.<개정 2008. 2. 29.> ④ 금융위원회는 제3항의 인가신청서를 접수한 경우에는 그 내용을 심사하여 3개월 이내에 인가 여부를 결정하고, 그 결과와 이유를 지체 없이 신청인에게 문서로 통지하여야 한다. 이 경우 인가신청서에 흠결이 있는 때에는 보완을 요구할 수 있다.<개정 2008. 2. 29.> ⑤ 제4항의 심사기간을 산정함에 있어서 인가신청서 흠결의 보완기간 등 총리령으로 정하는 기간은 산입하지 아니한다.<개정 2008. 2. 29.> ⑥ 금융위원회는 제4항에 따라 인가를 하는 경우에는 경영의 건전성 확보 및 투자자 보호에 필요한 조건을 붙일 수 있다.<개정 2008. 2. 29.> ⑦ 제6항에 따라 조건이 붙은 인가를 받은 자는 사정의 변경, 그 밖에 정당한 사유가 있는 경 우에는 금융위원회에 조건의 취소 또는 변경을 요청할 수 있다. 이 경우 금융위원회는 2개월 이내에 조건의 취소 또는 변경 여부를 결정하고, 그 결과를 지체 없이 신청인에게 문서로 통지하여야 한다.<개정 2008. 2. 29.> ⑧ 금융위원회는 제4항에 따라 인가를 한 경우에는 다음 각 호의 사항을 관보 및 인터넷 홈 페이지 등에 공고하여야 한다.<개정 2008. 2. 29.> 1. 인가의 내용 2. 인가의 조건(조건을 붙인 경우에 한한다) 3. 인가의 조건을 취소하거나 변경한 경우 그 내용 ⑨ 증권금융회사는 인가를 받아 그 영업을 영위함에 있어서 제2항 각 호의 인가요건(제2호 및 제6호의 경우에는 대통령령으로 정하는 완화된 요건을 말한다)을 유지하여야 한다. ⑩ 제1항부터 제8항까지의 규정에 따른 인가신청서의 기재사항ㆍ첨부서류 등 인가의 신청 에 관한 사항과 인가심사의 방법ㆍ절차, 그 밖에 필요한 사항은 대통령령으로 정한다."
제325조,[],REGULATION,유사명칭 사용 금지,자,사용,명칭,PROHIBITIVE,제325조(유사명칭 사용 금지) 증권금융회사가 아닌 자는 “증권금융” 또는 이와 유사한 명칭을 사용하여서는 아니 된다.
제326조,[],DEFINITION,증권금융업무,,,,DEFINITIONAL,"제326조(업무) ① 증권금융업무는 다음 각 호와 같다. <개정 2008. 2. 29., 2013. 5. 28.> 1. 금융투자상품의 매도ㆍ매수, 증권의 발행ㆍ인수 또는 그 중개나 청약의 권유, 청약, 청약 의 승낙과 관련하여 투자매매업자 또는 투자중개업자에 대하여 필요한 자금 또는 증권을 대여하는 업무 2. 거래소시장에서의 매매거래(다자간매매체결회사에서의 거래를 포함한다) 또는 청산대상 거래에 필요한 자금 또는 증권을"
제378조제1항,[],REGULATION,증권금융회사의 업무,증권금융회사,영위,업무,PERMISSIVE,"제378조제1항에 따른 청산기관인 거래소 또는 금융투자 상품거래청산회사를 통하여 대여하는 업무 3. 증권을 담보로 하는 대출업무 4. 그 밖에 금융위원회의 승인을 받은 업무 ② 증권금융회사는 증권금융업무 외에 다음 각 호의 업무를 영위할 수 있다.<개정 2008. 2. 29., 2013. 5. 28.> 1. 다음 각 목의 어느 하나에 해당하는 업무. 이 경우 이 법 또는 다른 법률에서 인가ㆍ허가 ㆍ등록 등이 필요한 경우에는 이를 받아야 한다. 가. 투자매매업 및 투자중개업 중 대통령령으로 정하는 업무 나. 신탁업무 다. 집합투자재산의 보관ㆍ관리 업무 라. 증권대차업무 마. 그 밖에 금융위원회의 승인을 받은 업무 2. 이 법 또는 다른 법령에서 증권금융회사의 업무로 규정한 업무 3. 그 밖에 금융위원회로부터 승인을 받은 업무 ③ 증권금융회사는 증권금융업무, 제2항의 업무 또는"
제330조,[],REGULATION,부수업무,,행한다,업무,MANDATORY,제330조에 따른 업무에 부수하는 업무 로서 다음 각 호의 어느 하나에 해당하는 업무를 행한다.<개정 2013. 5. 28.> 1. 보호예수업무 2. 그 밖에 금융위원회의 승인을 받은 업무
제327조,[],REGULATION,상근임원,증권금융회사,이어야 한다,임직원 외의 자,MANDATORY,제327조(임원 등) ① 증권금융회사의 상근임원은 금융투자업자의 임직원 외의 자이어야 한다. ② 「금융회사의 지배구조에 관한 법률」
제5조 ③,"[None, None, 5, 3]",REGULATION,이해관계,상근 임직원,가져서,이해관계,PROHIBITIVE,"제5조는 증권금융회사의 임원에게 준용한다.<개정 2015. 7. 31.> ③ 증권금융회사의 상근 임직원은 금융투자업자 및 금융투자업관계기관(그 상근 임직원이 소속된 증권금융회사를 제외한다)과 자금의 공여, 손익의 분배, 그 밖에 영업에 관하여 대통 령령으로 정하는 특별한 이해관계를 가져서는 아니 된다."
제328조(준용규정),[],,,,,,,
제54조,[],,,,,,,
제63조,[],,,,,,,
제64조,[],,제64조,,,,,제64조 및 「금융회사의 지배구조에 관한 법률」
제31조,"[None, None, 31, None]",REGULATION,준용,증권금융회사,준용한다,,MANDATORY,제31조(제 5항은 제외한다)는 증권금융회사에 준용한다. [전문개정 2015. 7. 31.]
제329조,[],REGULATION,사채 발행,증권금융회사,발행,사채,PERMISSIVE,제329조(사채의 발행) ① 증권금융회사는 자본금과 준비금의 합계액의 20배를 초과하지 아니하는 범위에서 사채를 발행할 수 있다. <개정 2013. 5. 28.> ② 증권금융회사는 제1항에 따라 발행한 사채의 상환을 위하여 일시적으로 그 한도를 초과 하여 사채를 발행할 수 있다. 이 경우 발행 후 1개월 이내에 제1항의 한도에 적합하도록 하여야 한다. 법제처 199 국가법령정보 센터 자본시장과 금융투자업에 관한 법률 ③ 제1항에 따른 증권금융회사의 사채 발행에 관하여 필요한 사항은 대통령령으로 정한다.
제330조,[],REGULATION,자금 예탁,증권금융회사,"받을 수 있다, 발행할 수 있다","자금, 채무증서",PERMISSIVE,"제330조(금융투자업자 자금의 예탁 등) ① 증권금융회사는 금융투자업자, 금융투자업관계기관 (그 증권금융회사를 제외한다), 거래소, 상장법인, 그 밖에 총리령으로 정하는 자로부터 자금 의 예탁을 받을 수 있다. <개정 2008. 2. 29.> ② 증권금융회사는 제1항의 업무를 위하여 필요한 경우에는 총리령으로 정하는 방법에 따라 채무증서를 발행할 수 있다.<개정 2008. 2. 29.> ③ 제1항 및 제2항의 경우에는 「한국은행법」과 「은행법」을 적용하지 아니한다."
제331조,[],REGULATION,감독,금융위원회,감독,증권금융회사,MANDATORY,"제331조(감독) ① 금융위원회는 증권금융회사에 대하여 이 법이 정하는 바에 따라 감독하며, 이 에 필요한 조치를 명할 수 있다. <개정 2008. 2. 29.> ② 삭제<2008. 2. 29.> ③ 「은행법」"
Unknown,[],REGULATION,Unknown,,,,,제34조 및
제46조,[],REGULATION,경영의 건전성,금융위원회,정하다,경영지도기준,MANDATORY,"제46조는 증권금융회사의 경영의 건전성을 유지하기 위한 감독업무 에 관하여 준용한다. 이 경우 금융위원회는 증권금융회사의 특성을 고려하여 별도의 경영지 도기준을 정하여야 한다.<개정 2008. 2. 29., 2010. 5. 17.>"
제332조,[],,,증권금융회사,,,,제332조(업무 폐지 등의 승인) ① 증권금융회사는
제326조제1항,"[None, None, 326, 1]",PROCEDURE,승인,금융위원회,받다,승인,MANDATORY,"제326조제1항에 따른 업무를 폐지하거나 해산하고자 하는 경우에는 금융위원회의 승인을 받아야 한다. <개정 2008. 2. 29.> ② 금융위원회는 제1항에 따른 승인을 한 경우 그 내용을 관보 및 인터넷 홈페이지 등에 공고하여야 한다.<개정 2008. 2. 29.> ③ 제1항에 따른 승인방법ㆍ절차, 그 밖의 승인업무 처리를 위하여 필요한 사항은 대통령령으로 정한다."
제333조,[],REGULATION,정관·규정 보고,증권금융회사,보고,금융위원회,MANDATORY,제333조(정관ㆍ규정의 보고) ① 증권금융회사는 정관을 변경한 경우에는 이를 지체 없이 금융위원회에 보고하여야 한다. <개정 2008. 2. 29.> ② 증권금융회사는 그 업무에 관한 규정(規程)을 제정ㆍ변경하거나 폐지한 경우에는 이를 지체 없이 금융위원회에 보고하여야 한다.<개정 2008. 2. 29.>
제334조,[],REGULATION,검사,,,,,제334조(증권금융회사에 대한 검사)
제419조,[],REGULATION,검사,증권금융회사,준용,검사,MANDATORY,제419조(제2항부터 제4항까지의 규정 및 제8항을 제외한 다)는 증권금융회사에 대한 검사에 관하여 준용한다.
제335조,[],REGULATION,증권금융회사,금융위원회,해당,증권금융회사,,제335조(증권금융회사에 대한 조치) ① 금융위원회는 증권금융회사가 다음 각 호의 어느 하나 에 해당하는 경우에는
제324조제1항,"[None, None, 324, 1]",REGULATION,인증 취소,,취소,인증,PERMISSIVE,"제324조제1항에 따른 인가를 취소할 수 있다. <개정 2008. 2. 29.> 1. 거짓, 그 밖의 부정한 방법으로"
제324조제1항,[],REGULATION,인가조건 위반,인가조건,위반,,MANDATORY,제324조제1항에 따른 인가를 받은 경우 2. 인가조건을 위반한 경우 3.
제324조,[],REGULATION,제재 조치,금융위원회,할 수 있다,조치,PERMISSIVE,제324조제9항에 따른 인가요건 유지의무를 위반한 경우 4. 업무의 정지기간 중에 업무를 한 경우 5. 금융위원회의 시정명령 또는 중지명령을 이행하지 아니한 경우 6. 별표 9 각 호의 어느 하나에 해당하는 경우로서 대통령령으로 정하는 경우 7. 대통령령으로 정하는 금융관련 법령 등을 위반한 경우로서 대통령령으로 정하는 경우 8. 그 밖에 투자자의 이익을 현저히 해할 우려가 있거나 해당 업무를 영위하기 곤란하다고 인정되는 경우로서 대통령령으로 정하는 경우 법제처 200 국가법령정보 센터 자본시장과 금융투자업에 관한 법률 ② 금융위원회는 증권금융회사가 제1항 각 호(제6호를 제외한다)의 어느 하나에 해당하거나 별표 9 각 호의 어느 하나에 해당하는 경우에는 다음 각 호의 어느 하나에 해당하는 조치를 할 수 있다.<개정 2008. 2. 29.> 1. 6개월 이내의 업무의 전부 또는 일부의 정지 2. 계약의 인계명령 3. 위법행위의 시정명령 또는 중지명령 4. 위법행위로 인한 조치를 받았다는 사실의 공표명령 또는 게시명령 5. 기관경고 6. 기관주의 7. 그 밖에 위법행위를 시정하거나 방지하기 위하여 필요한 조치로서 대통령령으로 정하는 조치 ③ 금융위원회는 증권금융회사의 임원이 제1항 각 호(제6호를 제외한다)의 어느 하나에 해당 하거나 별표 9 각 호의 어느 하나에 해당하는 경우에는 다음 각 호의 어느 하나에 해당하는 조치를 할 수 있다.<개정 2008. 2. 29.> 1. 해임요구 2. 6개월 이내의 직무정지 3. 문책경고 4. 주의적 경고 5. 주의 6. 그 밖에 위법행위를 시정하거나 방지하기 위하여 필요한 조치로서 대통령령으로 정하는 조치 ④ 금융위원회는 증권금융회사의 직원이 제1항 각 호(제6호를 제외한다)의 어느 하나에 해당 하거나 별표 9 각 호의 어느 하나에 해당하는 경우에는 다음 각 호의 어느 하나에 해당하는 조치를 그 증권금융회사에 요구할 수 있다.<개정 2008. 2. 29.> 1. 면직 2. 6개월 이내의 정직 3. 감봉 4. 견책 5. 경고 6. 주의 7. 그 밖에 위법행위를 시정하거나 방지하기 위하여 필요한 조치로서 대통령령으로 정하는 조치 ⑤
제422조제3항,[],,,,,,,제422조제3항 및
제423조,[],,,,,,,제423조부터
제425조,[],REGULATION,규정 준용,규정,준용한다,증권금융회사 및 임직원,MANDATORY,제425조까지의 규정은 증권금융회사 및 그 임직원에 대한 조치 등에 관하여 준용한다.
제335조의2,"[335, 2]",REGULATION,신용평가업,인물,영위,신용평가업,PROHIBITIVE,"누구든지 이 법에 따른 신용평가업인가를 받지 아니하고는 신용평가업을 영위하여서는 아니 된다. 다만, 투자자 보호 및 건전한 거래질서를 해할 우려가 없는 경우로서 대통령령으로 정하는 경우는 제외한다."
제335조의3,[],REGULATION,신용평가업인가,자,받다,신용평가업인가,MANDATORY,"제335조의3(인가) ① 신용평가업을 영위하려는 자는 금융위원회로부터 신용평가업인가를 받아야 한다. ② 제1항에 따라 신용평가업인가를 받으려는 자는 다음 각 호의 요건을 모두 갖추어야 한다. <개정 2015. 7. 31.> 1. 「상법」에 따른 주식회사, 그 밖에 대통령령으로 정하는 법인일 것. 다만, 다음 각 목의 어 느 하나에 해당하는 자는 제외한다. 가. 상호출자제한기업집단에 속하는 회사가 100분의 10을 초과하여 출자한 법인 나. 대통령령으로 정하는 금융기관이 100분의 10을 초과하여 출자한 법인 다. 가목 또는 나목의 회사가 최대주주인 법인 2. 50억원 이상으로서 대통령령으로 정하는 금액 이상의 자기자본을 갖출 것 3. 사업계획이 타당하고 건전할 것 4. 신뢰성 있는 신용등급을 지속적으로 생산하기에 충분한 인력 및 전산설비, 그 밖의 물적 설비를 갖출 것 5. 임원이 「금융회사의 지배구조에 관한 법률」"
제5조,[],ACTOR,대주주,대주주,,,,제5조에 적합할 것 6. 대주주(
제12조제2항제6호가목,[],DEFINITION,대주주,대주주,갖출,출자능력,MANDATORY,"제12조제2항제6호가목의 대주주를 말한다)가 충분한 출자능력, 건전한 재무상태 및 사회적 신용을 갖출 것 7. 신용평가회사와 투자자 또는 발행인 사이의 이해상충을 방지하기 위한 체계를 갖출 것 ③ 제2항의 인가요건에 관하여 필요한 세부사항은 대통령령으로 정한다. [본조신설 2013. 5. 28.]"
제335조의4,[],PROCEDURE,인가,,,,,제335조의4(인가의 신청 및 심사) ①
제335조의3,[],REGULATION,인가신청,신청인,제출,인가신청서,MANDATORY,"제335조의3제1항에 따른 인가를 받으려는 자는 인가신청 서를 금융위원회에 제출하여야 한다. ② 금융위원회는 제1항의 인가신청서를 접수한 때에는 그 내용을 심사하여 3개월 이내에 인 가 여부를 결정하고, 그 결과와 이유를 지체 없이 신청인에게 문서로 통지하여야 한다. 이 경 우 인가신청서에 흠결이 있는 경우에는 보완을 요구할 수 있다. ③ 제2항의 심사기간을 산정함에 있어서 인가신청서 흠결의 보완기간 등 총리령으로 정하는 기간은 이를 산입하지 아니한다. ④ 금융위원회는 제2항에 따라 인가를 하는 경우에는 신용평가회사의 경영의 건전성 확보 및 건전한 시장질서 유지에 필요한 조건을 붙일 수 있다. ⑤ 제4항에 따라 조건이 붙은 인가를 받은 자는 사정의 변경이나 그 밖에 정당한 사유가 있 는 경우에는 금융위원회에 조건의 취소 또는 변경을 요청할 수 있다. 이 경우 금융위원회는 2개월 이내에 조건의 취소 또는 변경 여부를 결정하고, 그 결과를 지체 없이 신청인에게 문 서로 통지하여야 한다. ⑥ 금융위원회는 제2항에 따라 인가를 한 경우에는 다음 각 호의 사항을 관보 및 인터넷 홈 페이지 등에 공고하여야 한다. 1. 인가의 내용 2. 인가의 조건(조건을 붙인 경우로 한정한다) 3. 인가의 조건을 취소하거나 변경한 경우 그 내용(조건을 취소하거나 변경한 경우로 한정한 다) 법제처 202 국가법령정보 센터 자본시장과 금융투자업에 관한 법률 ⑦ 제1항부터 제6항까지의 규정에 따른 인가신청서의 기재사항ㆍ첨부서류 등 인가의 신청 에 관한 사항과 인가심사의 방법ㆍ절차, 그 밖에 필요한 사항은 대통령령으로 정한다. [본조신설 2013. 5. 28.]"
제335조의5,[],,,,,,,제335조의5(예비인가) ①
제335조의3,[],PROCEDURE,신용평가업인가,자,신청,예비인가,PERMISSIVE,제335조의3에 따른 신용평가업인가(이하 이 조에서 “본인가”라 한다 )를 받으려는 자는 미리 금융위원회에 예비인가를 신청할 수 있다. ② 금융위원회는 예비인가를 신청받은 경우에는 2개월 이내에
제335조의3제2항,[],PROCEDURE,예비인가,금융위원회,심사,예비인가 여부,MANDATORY,"제335조의3제2항 각 호의 요 건을 갖출 수 있는지 여부를 심사하여 예비인가 여부를 결정하고, 그 결과와 이유를 지체 없 이 신청인에게 문서로 통지하여야 한다. 이 경우 예비인가신청에 관하여 흠결이 있는 때에는 보완을 요구할 수 있다. ③ 제2항의 심사기간을 산정함에 있어서 예비인가신청과 관련된 흠결의 보완기간 등 총리령 으로 정하는 기간은 심사기간에 산입하지 아니한다. ④ 금융위원회는 제2항에 따라 예비인가를 하는 경우에는 신용평가회사의 경영의 건전성 확 보 및 건전한 시장질서 유지에 필요한 조건을 붙일 수 있다. ⑤ 금융위원회는 예비인가를 받은 자가 본인가를 신청하는 경우에는 제4항에 따른 예비인가 의 조건을 이행하였는지 여부와"
Unknown,[],REGULATION,Unknown,,,,,"제335조의2제2항 각 호의 요건을 갖추었는지 여부를 확인 한 후 본인가 여부를 결정하여야 한다. ⑥ 제1항부터 제5항까지의 규정에 따른 예비인가의 신청서 및 그 기재사항ㆍ첨부서류 등 예 비인가의 신청에 관한 사항과 예비인가심사의 방법ㆍ절차, 그 밖에 예비인가에 관하여 필요 한 사항은 대통령령으로 정한다. [본조신설 2013. 5. 28.]"
제335조의6,[],REGULATION,인가요건의 유지,신용평가회사,,,,제335조의6(인가요건의 유지) 신용평가회사는
제335조의3,[],REGULATION,신용평가업인가,신용평가업자,영위,업무,MANDATORY,제335조의3에 따른 신용평가업인가를 받아 그 업무를 영위함에 있어서
제335조의3제2항,"[335, 3, 2]",REGULATION,인가요건,각 호,유지,인가요건,MANDATORY,제335조의3제2항 각 호의 인가요건을 유지하여야 한다. [본조신설 2013. 5. 28.]
제335조의7,"[None, None, 335, 7]",REGULATION,유사명칭 사용 금지,신용평가회사가 아닌 자,사용,신용평가,PROHIBITIVE,"제335조의7(유사명칭 사용 금지) 신용평가회사가 아닌 자는 신용평가 또는 이와 유사한 명칭을 사용하여서는 아니 된다. 다만, 그 밖에 대통령령으로 정하는 경우에는 그러하지 아니하다. <개정 2020. 2. 4.> [본조신설 2013. 5. 28.]"
제335조의8,[],CONCEPT,금융회사의 지배구조에 관한 법률,,,,,제335조의8(임원 및 내부통제기준 등) ① 「금융회사의 지배구조에 관한 법률」
제5조,[],,,,,,,
제31조,[],REGULATION,신용평가내부통제기준,신용평가회사,정하다,신용평가내부통제기준,MANDATORY,"제31조 (제5항은 제외한다)는 신용평가회사 및 그 임원에게 준용한다. <개정 2015. 7. 31.> ② 신용평가회사는 그 임직원이 직무를 수행함에 있어서 준수하여야 할 적절한 기준 및 절차 로서 다음 각 호의 사항을 포함하는 신용평가내부통제기준을 정하여야 한다. 1. 평가조직과 영업조직의 분리에 관한 사항 2. 이해상충방지체계에 관한 사항 3. 불공정행위의 금지에 관한 사항 4. 신용평가 대상의 특성에 적합한 신용평가기준 도입에 관한 사항 5. 그 밖에 신용평가내부통제기준에 관하여 필요한 사항으로서 대통령령으로 정하는 사항 ③ 신용평가회사(자산규모, 매출액 등을 고려하여 대통령령으로 정하는 법인은 제외한다. 이 하 이 조에서 같다)는 신용평가내부통제기준의 준수 여부를 점검하고 신용평가내부통제기준 법제처 203 국가법령정보 센터 자본시장과 금융투자업에 관한 법률 을 위반하는 경우 이를 조사하여 감사위원회 또는 감사에게 보고하는 자로서 준법감시인을 1인 이상 두어야 한다. ④ 준법감시인은 선량한 관리자의 주의로 그 직무를 수행하여야 하며, 다음 각 호의 업무를 수행하는 직무를 담당하여서는 아니 된다. 1. 해당 신용평가회사의 고유재산의 운용업무 2. 해당 신용평가회사가 영위하고 있는 신용평가업 및 그 부수업무 3. 해당 신용평가회사가"
제335조의10,[],REGULATION,겸영업무,겸영업무,영위하다,,,제335조의10에 따라 영위하고 있는 겸영업무 ⑤ 「금융회사의 지배구조에 관한 법률」
Unknown,[],REGULATION,Unknown,,,,,"제5조,"
제25조제3항,[],,,,,,,제25조제3항
제26조,[],,,,,,,제26조제1항제1호 및
제30조,[],REGULATION,준용,제30조,준용,신용평가회사의 준법감시인,MANDATORY,제30조는 신용평가회사의 준법감시인에게 준용한다.<개정 2015. 7. 31.> ⑥ 그 밖에 신용평가내부통제기준 및 준법감시인에 관하여 필요한 사항은 대통령령으로 정 한다. [본조신설 2013. 5. 28.]
제335조의9,[],REGULATION,독립성ㆍ공정성,신용평가회사 및 임직원,수행,업무,MANDATORY,신용평가회사 및 그 임직원은 신용평가에 관한 업무를 함에 있어 독립적인 입장에서 공정하고 충실하게 그 업무를 수행하여야 한다.
제335조의10,[],REGULATION,업무 겸영,신용평가회사,겸영할 수 있다,업무,PERMISSIVE,제335조의10(겸영업무 및 부수업무) ① 신용평가회사는 투자자 보호 및 건전한 거래질서를 해 할 우려가 없는 업무로서 다음 각 호의 업무를 겸영할 수 있다. 1.
제263조,[],REGULATION,신용평가회사의 업무,신용평가회사,영위할 수 있다,업무,MANDATORY,"제263조에 따른 채권평가회사의 업무 2. 그 밖에 대통령령으로 정하는 업무 ② 신용평가회사는 다음 각 호의 어느 하나에 해당하는 업무를 포함하여 신용평가업에 부수 하는 업무를 영위할 수 있다. 1. 은행, 그 밖에 대통령령으로 정하는 금융기관의 기업 등에 대한 신용공여의 원리금상환 가 능성에 대한 평가 업무 2. 은행, 보험회사, 그 밖에 대통령령으로 정하는 금융기관의 지급능력, 재무건전성 등에 대 한 평가 업무 3. 그 밖에 대통령령으로 정하는 업무 ③ 신용평가회사는 제1항 또는 제2항의 업무를 영위하려는 때에는 영위하려는 날의 7일 전 까지 이를 금융위원회에 신고하여야 한다. ④"
제41조제2항부터 제4항까지,[],REGULATION,준용,규정,준용,신용평가회사,MANDATORY,제41조제2항부터 제4항까지의 규정은 신용평가회사에 대하여 준용한다. [본조신설 2013. 5. 28.]
제335조의11,"[0, 0, 335, 11]",REGULATION,신용평가회사의 행위규칙,신용평가회사,정하고,신용평가방법,MANDATORY,"제335조의11(신용평가회사의 행위규칙) ① 신용평가회사는 금융위원회가 정하여 고시하는 바 에 따라 신용등급의 부여ㆍ제공ㆍ열람에 제공하기 위한 방침 및 방법(이하 “신용평가방법”이 라 한다)을 정하고, 그 신용평가방법 등에 따라 신용평가를 하여야 한다. ② 신용평가회사는 신용평가를 요청한 자(이하 “요청인”이라 한다)에 대한 신용평가를 하는 경우에는 재무상태ㆍ사업실적 등 현재의 상황과 사업위험ㆍ경영위험 및 재무위험 등 미래의 전망을 종합적으로 고려하여야 한다. ③ 신용평가회사는 신용평가의 결과를 기술(記述)한 것으로서 다음 각 호의 사항을 포함한 서류(이하 “신용평가서”라 한다)를 작성하여야 한다. 법제처 204 국가법령정보 센터 자본시장과 금융투자업에 관한 법률 1. 신용등급 2. 신용평가회사의 의견 3. 제7항제1호에 따라 대통령령으로 정하는 자가 아닌 자로서 해당 신용평가회사와 출자관 계에 있는 자와 관련한 신용평가를 하는 경우에 그 출자관계에 관한 사항 4. 그 밖에 투자자 등의 합리적 의사결정에 필요한 정보로서 금융위원회가 정하여 고시하는 사항 ④ 신용평가회사는 요청인에게 신용평가서를 제공하는 경우에는 신용평가실적서(신용평가 회사가 부여한 신용등급별로 원리금 상환 이행률 등을 기재한 것을 말한다), 그 밖에 해당 신 용평가회사의 신용평가 능력의 파악에 필요한 것으로서 금융위원회가 정하여 고시하는 서류 (이하 “신용평가실적서등”이라 한다)를 함께 제공하여야 한다. ⑤ 신용평가회사는 다음 각 호의 사항에 대한 기록을 3년간 보존하여야 한다. 1. 요청인의 주소와 성명 2. 요청받은 업무 내용 및 요청받은 날짜 3. 요청받은 업무의 처리 내용 또는 제공한 신용평가서 및 제공한 날짜 4. 그 밖에 투자자 보호 및 건전한 거래질서 유지를 위하여 기록 보존이 필요한 것으로서 대 통령령으로 정하는 사항 ⑥ 신용평가회사의 임직원이나 임직원이었던 자는 직무상 알게 된 요청인의 비밀을 누설하 거나 이용하여서는 아니 된다. 다만, 다음 각 호의 어느 하나에 해당하는 경우에는 그러하지 아니하다. 1. 요청인이 제공ㆍ이용에 동의한 목적으로 이용하는 경우 2. 법원의 제출명령 또는 법관이 발부한 영장에 따라 제공되는 경우 3. 그 밖에 법률에 따라 제공되는 경우 ⑦ 신용평가회사는 다음 각 호의 어느 하나에 해당하는 행위를 하여서는 아니 된다. 1. 신용평가회사와 일정한 비율 이상의 출자관계에 있는 등 특수한 관계에 있는 자로서 대통 령령으로 정하는 자와 관련된 신용평가를 하는 행위 2. 신용평가 과정에서 신용평가회사 또는 그 계열회사의 상품이나 서비스를 구매하거나 이 용하도록 강요하는 행위 3. 그 밖에 투자자 보호 또는 건전한 거래질서를 해할 우려가 있는 행위로서 대통령령으로 정하는 행위 [본조신설 2013. 5. 28.]"
제335조의12,[],REGULATION,신용평가방법,신용평가회사,,신용평가방법,MANDATORY,제335조의12(신용평가서 등의 제출ㆍ공시 등) ① 신용평가회사는 신용평가방법을
제335조의 11제1항,"[0, 0, 335, 1]",PROCEDURE,신용평가서 제출,신용평가회사,제출,신용평가서,MANDATORY,"제335조의 11제1항에 따라 정하거나 변경한 경우에는 금융위원회, 거래소 및 협회에 이를 제출하여야 한다. ② 신용평가회사는 다음 각 호의 어느 하나에 해당하는 경우에는 신용평가서를 금융위원회, 거래소 및 협회에 제출하여야 한다. 1. 이 법 또는 금융관련 법령에 따라 발행인 등에 대하여 신용평가를 받도록 한 경우 2. 증권신고서ㆍ사업보고서 등 이 법 또는 금융관련 법령에 따라 의무적으로 작성되는 서류 에 신용평가서를 첨부하는 경우 3. 그 밖에 투자자 보호 및 건전한 거래질서를 위하여 필요한 경우로서 대통령령으로 정하는 경우 법제처 205 국가법령정보 센터 자본시장과 금융투자업에 관한 법률 ③ 신용평가회사는 신용평가의 적정성 등에 관한 것으로서 금융위원회가 정하여 고시하는 서류를 금융위원회, 거래소 및 협회에 제출하여야 한다. ④ 금융위원회와 거래소는 제1항부터 제3항까지의 규정에 따라 제출받은 서류 중 대통령령 으로 정하는 서류를 3년간 일정한 장소에 비치하고, 인터넷 홈페이지 등을 이용하여 공시하 여야 한다. ⑤ 제1항부터 제3항까지의 규정에 따른 서류제출의 방법, 시기 및 절차 등에 관하여는 대통 령령으로 정한다. [본조신설 2013. 5. 28.]"
제335조의13,[],REGULATION,의결권 제한,회사,제한,의결권,PROHIBITIVE,제335조의13(의결권의 제한) ① 상호출자제한기업집단에 속하는 회사 또는
제335조의3제2항제 1호나목,"[335, 3, 2, 1]",REGULATION,의결권 행사의 범위,금융기관,제한,의결권 행사의 범위,MANDATORY,"제335조의3제2항제 1호나목에 따른 금융기관이 같은 호 가목 또는 나목에 따른 출자한도를 초과하여 신용평가회 사의 주식(출자지분을 포함한다. 이하 이 조에서 같다)을 보유하는 경우 해당 주식의 의결권 행사의 범위는 같은 항 각 호에 따른 한도로 제한하며, 지체 없이 그 한도에 적합하도록 하여 야 한다. ② 금융위원회는 상호출자제한기업집단에 속하는 회사 또는"
제335조의3제2항제1호나목,"[335, 2, 1, None]",ACTOR,금융기관,금융기관,,,,제335조의3제2항제1호나목에 따른 금융기관이
제335조의3제2항제1호,"[335, 3, 2, 1]",PROCEDURE,주식 처분,,명할,주식,PERMISSIVE,제335조의3제2항제1호가목 또는 나목에 따른 출자한도를 초과하여 보유하고 있는 신용평가회사의 주식을 처분할 것을 6개월 이내의 기간을 정하여 명할 수 있다. [본조신설 2013. 5. 28.]
제335조의14,"[None, None, 335, 14]",DEFINITION,준용규정,,,,,제335조의14(준용규정) ①
제33조,"[None, None, 33, None]",REGULATION,제2항부터 제4항까지의 규정 제외,제2항부터 제4항까지의 규정,제외한다,,MANDATORY,제33조(제2항부터 제4항까지의 규정은 제외한다)
제63조,[],DEFINITION,임직원,임직원,한정,신용평가,DEFINITIONAL,제63조(금융투자 상품의 신용평가를 담당하는 임직원으로 한정한다)
제415조,[],,,,,,,제415조부터
제419조,[],REGULATION,준용,신용평가회사,준용한다,제419조 규정,MANDATORY,제419조(제2항부터 제4항 까지 및 제8항은 제외한다)까지의 규정은 신용평가회사에 준용한다. ②
제259조제2항,[],REGULATION,집합투자기구평가회사,집합투자기구평가회사,본다,신용평가 회사,DEFINITIONAL,제259조제2항은 신용평가회사에 준용한다. 이 경우 “집합투자기구평가회사”는 “신용평가 회사”로 본다. [본조신설 2013. 5. 28.]
제335조의15,[],REGULATION,신용평가회사,금융위원회,조치,신용평가회사,MANDATORY,제335조의15(신용평가회사에 대한 조치) ① 금융위원회는 신용평가회사가 다음 각 호의 어느 하나에 해당하는 경우에는
제335조의3제1항,[],REGULATION,인증 취소,,취소,인가,PERMISSIVE,"제335조의3제1항에 따른 인가를 취소할 수 있다. 1. 거짓, 그 밖의 부정한 방법으로"
Unknown,[],REGULATION,Unknown,,,,,제335조의3제1항에 따른 인가를 받은 경우 2.
제335조의4제4항,[],PENALTY,인증조건 위반,,위반,인증조건,MANDATORY,제335조의4제4항에 따른 인가조건을 위반한 경우 3.
제335조의6,[],PENALTY,위반,금융위원회,할 수 있다,조치,PERMISSIVE,제335조의6에 따른 인가요건 유지의무를 위반한 경우 4. 업무의 정지기간 중에 업무를 한 경우 5. 금융위원회의 시정명령 또는 중지명령을 이행하지 아니한 경우 6. 별표 9의2 각 호의 어느 하나에 해당하는 경우로서 대통령령으로 정하는 경우 7. 대통령령으로 정하는 금융관련 법령 등을 위반한 경우로서 대통령령으로 정하는 경우 8. 그 밖에 투자자의 이익을 현저히 해할 우려가 있거나 해당 업무를 영위하기 곤란하다고 인정되는 경우로서 대통령령으로 정하는 경우 ② 금융위원회는 신용평가회사가 제1항 각 호(제6호는 제외한다)의 어느 하나에 해당하거나 별표 9의2 각 호의 어느 하나에 해당하는 경우에는 다음 각 호의 어느 하나에 해당하는 조치 를 할 수 있다. 1. 6개월 이내의 업무의 전부 또는 일부의 정지 법제처 206 국가법령정보 센터 자본시장과 금융투자업에 관한 법률 2. 계약의 인계명령 3. 위법행위의 시정명령 또는 중지명령 4. 위법행위로 인한 조치를 받았다는 사실의 공표명령 또는 게시명령 5. 기관경고 6. 기관주의 7. 그 밖에 위법행위를 시정하거나 방지하기 위하여 필요한 조치로서 대통령령으로 정하는 조치 ③ 금융위원회는 신용평가회사의 임원이 제1항 각 호(제6호는 제외한다)의 어느 하나에 해당 하거나 별표 9의2 각 호의 하나에 해당하는 경우에는 다음 각 호의 어느 하나에 해당하는 조 치를 할 수 있다. 1. 해임요구 2. 6개월 이내의 직무정지 3. 문책경고 4. 주의적 경고 5. 주의 6. 그 밖에 위법행위를 시정하거나 방지하기 위하여 필요한 조치로서 대통령령으로 정하는 조치 ④ 금융위원회는 신용평가회사의 직원이 제1항 각 호(제6호는 제외한다)의 어느 하나에 해당 하거나 별표 9의2 각 호의 어느 하나에 해당하는 경우에는 다음 각 호의 어느 하나에 해당하 는 조치를 그 신용평가회사에 요구할 수 있다. 1. 면직 2. 6개월 이내의 정직 3. 감봉 4. 견책 5. 경고 6. 주의 7. 그 밖에 위법행위를 시정하거나 방지하기 위하여 필요한 조치로서 대통령령으로 정하는 조치 ⑤
제422조제3항,[],,,,,,,제422조제3항 및
Unknown,[],REGULATION,Unknown,,,,,제423조부터
제425조,"[4, None, 425, None]",REGULATION,신용평가회사,제425조까지의 규정,준용한다,신용평가회사,MANDATORY,제425조까지의 규정은 신용평가회사 및 그 임직원에 대한 조치 등에 관하여 준용한다.
제336조,[],REGULATION,종합금융회사,종합금융회사,수행,업무,MANDATORY,제336조(종합금융회사의 업무) ① 종합금융회사(종전의 「종합금융회사에 관한 법률」
제3조,[],DEFINITION,업무,금융위원회의 인가를 받은 자,말한다,업무,DEFINITIONAL,"제3조에 따라 금융위원회의 인가를 받은 자를 말한다. 이하 같다)의 업무는 다음 각 호와 같다. <개정 2008. 2. 29.> 1. 1년 이내에서 대통령령으로 정하는 기간 이내에 만기가 도래하는 어음의 발행ㆍ할인ㆍ매 매ㆍ중개ㆍ인수 및 보증 2. 설비 또는 운전자금의 투융자 법제처 207 국가법령정보 센터 자본시장과 금융투자업에 관한 법률 3. 증권의 인수ㆍ매출 또는 모집ㆍ매출의 중개ㆍ주선ㆍ대리 4. 외자도입, 해외 투자, 그 밖의 국제금융의 주선과 외자의 차입 및 전대 5. 채권의 발행 6. 기업의 경영 상담과 기업인수 또는 합병 등에 관한 용역 7. 지급보증 8. 제1호부터 제7호까지의 업무에 부수되는 업무로서 대통령령으로 정하는 업무 ② 종합금융회사는 제1항의 업무 외에 다음 각 호의 어느 하나에 해당하는 업무를 이 법 또 는 해당 법률이 정하는 바에 따라 인가ㆍ허가ㆍ등록 등을 받아 영위할 수 있다. 1. 「여신전문금융업법」에 따른 시설대여업무 2. 집합투자업(투자신탁의 설정ㆍ해지 및 투자신탁재산의 운용업무에 한한다) 3. 금전신탁 외의 신탁업 4. 증권을 대상으로 하는 투자매매업 및 투자중개업(제1항제3호에 해당되는 부분을 제외한 다) 5. 「외국환거래법」에 따른 외국환업무 6. 그 밖에 제1항 각 호의 업무 또는 제1호부터 제5호까지의 업무와 관련된 업무로서 대통령 령으로 정하는 업무 ③ 제1항 각 호의 업무를 영위함에 있어서 그 방법 및 절차와 준수사항 등에 관하여 필요한 사항은 대통령령으로 정한다."
제337조,[],PROCEDURE,지점등 설치,종합금융회사,받아야,인가,MANDATORY,"제337조(지점등의 설치) 종합금융회사는 지점ㆍ사무소, 그 밖에 이와 유사한 명칭의 영업소(사무의 일부만을 수행하는 출장소ㆍ관리사무소, 그 밖에 이와 유사한 장소를 포함하며, 이하 “지점등”이라 한다)를 설치하고자 하는 경우에는 대통령령으로 정하는 기준 및 방법에 따라 금융위원회의 인가를 받아야 한다. <개정 2008. 2. 29.>"
제338조,[],REGULATION,유사명칭의 사용금지,종합금융회사가 아닌 자,사용,종합금융회사,PROHIBITIVE,제338조(유사명칭의 사용금지) 종합금융회사가 아닌 자는 “종합금융회사” 또는 이와 유사한 명 칭을 사용하여서는 아니 된다.
제339조,[],ACTOR,,종합금융회사,,,,제339조(인가사항 등) ① 종합금융회사는
제336조,[],PROCEDURE,보고,종합금융회사,보고하여야 한다,내용,MANDATORY,"제336조제1항에 따른 업무를 폐지하거나 해산하고자 하는 경우에는 금융위원회의 인가를 받아야 한다. <개정 2008. 2. 29.> ② 종합금융회사는 다음 각 호의 어느 하나에 해당하는 경우에는 그 사유가 발생한 날부터 7일 이내에 금융위원회에 그 내용을 보고하여야 한다. 다만, 제3호의 경우에는 사전에 금융 위원회에 신고하여야 한다.<개정 2008. 2. 29.> 1. 정관의 변경 2. 업무방법의 변경 3. 본점의 이전 또는 지점등의 이전ㆍ폐쇄"
제340조,[],REGULATION,채권의 발행,종합금융회사는,,상법,,제340조(채권의 발행) ① 종합금융회사는 「상법」
제470조,"[0, 0, 470, 0]",REGULATION,채권 발행,종합금융회사,발행,채권,PERMISSIVE,제470조에 불구하고 자기자본의 10배의 범위 에서 채권을 발행할 수 있다. ② 종합금융회사는 제1항에 따라 발행한 채권의 상환을 위하여 필요한 경우에는 일시적으로 그 한도를 초과하여 채권을 발행할 수 있다. ③ 그 밖에 채권의 발행에 관하여 필요한 사항은 대통령령으로 정한다. 법제처 208 국가법령정보 센터 자본시장과 금융투자업에 관한 법률
제341조,[],REGULATION,집합투자업에 대한 특례,,,,,제341조(집합투자업에 대한 특례) ①
제250조제3항,[],REGULATION,종합금융회사,종합금융회사,두다,임원,MANDATORY,"제250조제3항(제1호 및 제2호에 한한다)ㆍ제5항 및 제6항 은 종합금융회사에 준용한다. ② 종합금융회사는 이 법에 따라 투자신탁의 설정ㆍ해지 및 투자신탁재산의 운용업무를 영 위하는 경우에는 임원(사실상 임원과 동등한 지위에 있는 자로서 대통령령으로 정하는 자를 포함한다. 이하 이 항에서 같다)을 두어야 하고, 임직원에게 다음 각 호의 업무를 겸직하게 하여서는 아니 되며, 전산설비 또는 사무실 등의 공동사용 금지 및 다른 업무를 영위하는 임 직원 간의 정보교류 제한 등 대통령령으로 정하는 이해상충방지체계를 갖추어야 한다. 다만, 임원의 경우 제1호의 업무 중 제2호의 업무와 이해상충이 적은 업무로서 대통령령으로 정하는 업무와 제2호의 업무를 겸직할 수 있다. 1."
제336조 2.,[],REGULATION,투자신탁,업무,설정ㆍ해지 및 운용,투자신탁,MANDATORY,제336조에 따른 업무(제2호의 업무를 제외한다) 2. 투자신탁의 설정ㆍ해지 및 투자신탁재산의 운용업무
제342조,[],REGULATION,신용공여한도,종합금융회사,할 수 없다,신용공여,PROHIBITIVE,"제342조(동일차주 등에 대한 신용공여한도 등) ① 종합금융회사는 같은 개인ㆍ법인 및 그와 신 용위험을 공유하는 자(이하 이 조에서 “동일차주”라 한다)에 대하여 그 종합금융회사의 자기 자본(국제결제은행의 기준에 따른 기본자본과 보완자본의 합계액을 말한다. 이하 이 장에서 같다)의 100분의 25를 초과하는 신용공여(대출, 어음의 할인, 지급보증, 자금 지원적 성격의 증권의 매입, 그 밖에 금융거래상의 신용위험을 수반하는 종합금융회사의 직접ㆍ간접적 거래 를 말한다. 이하 이 장에서 같다)를 할 수 없다. ② 종합금융회사는 그 종합금융회사의 임원ㆍ자회사 및 그와 신용위험을 공유하는 자(이하 이 조에서 “관계인”이라 한다)에 대하여 그 종합금융회사의 자기자본의 100분의 25의 범위 에서 대통령령으로 정하는 한도를 초과하는 신용공여를 할 수 없다. ③ 종합금융회사의 동일차주 각각에 대한 신용공여가 그 종합금융회사의 자기자본의 100분 의 10을 초과하는 신용공여의 총 합계액은 매 월말 기준으로 그 종합금융회사 자기자본의 5배를 초과할 수 없다. ④ 종합금융회사는 같은 개인이나 법인 각각에 대하여 그 종합금융회사의 자기자본의 100분 의 20을 초과하여 신용공여를 할 수 없다. ⑤ 종합금융회사는 제1항부터 제4항까지의 규정에 불구하고 다음 각 호의 어느 하나에 해당 하는 경우로서 대통령령으로 정하는 경우에는 제1항부터 제4항까지의 규정에 따른 한도를 초과하여 신용공여를 할 수 있다. 1. 국민경제 또는 종합금융회사의 채권확보의 실효성 제고를 위하여 필요한 경우 2. 종합금융회사가 추가로 신용공여를 하지 아니하였음에도 불구하고 자기자본의 변동, 동일 차주 구성의 변동 등으로 인하여 제1항부터 제4항까지의 규정에 따른 한도를 초과하게 되 는 경우 ⑥ 종합금융회사는 제5항제2호에 따라 제1항부터 제4항까지의 규정에 따른 한도를 초과하 게 되는 경우에는 그 한도를 초과하게 된 날부터 1년 이내에 제1항부터 제4항까지의 규정에 따른 한도에 적합하도록 하여야 한다. 다만, 대통령령으로 정하는 부득이한 사유에 해당하는 경우에는 금융위원회가 그 기간을 정하여 연장할 수 있다.<개정 2008. 2. 29.> ⑦ 제1항에 따른 자기자본, 신용공여 및 동일차주와 제2항에 따른 관계인의 구체적 범위는 대통령령으로 정한다."
제343조,[],REGULATION,대주주와의 거래 제한,종합금융회사,제한,대주주,MANDATORY,"제343조(대주주와의 거래의 제한 등) ① 종합금융회사는 그의 대주주(그의 특수관계인을 포함 한다. 이하 이 조에서 같다)에게 신용공여를 함에 있어서 자기자본의 100분의 25의 범위에서 대통령령으로 정하는 한도를 초과하여서는 아니 되며, 대주주는 그 종합금융회사로부터 그 한도를 초과하여 신용공여를 받아서는 아니 된다. ② 종합금융회사는 그의 대주주에게 제1항의 범위에서 대통령령으로 정하는 금액 이상의 신용공여(대통령령으로 정하는 거래를 포함한다. 이하 이 조에서 같다)를 하거나 대주주가 발행한 주식을 대통령령으로 정하는 금액 이상으로 취득하려는 경우에는 미리 이사회 결의를 거쳐야 한다. 이 경우 이사회는 재적이사 전원의 찬성으로 결의한다. ③ 종합금융회사는 그의 대주주에게 제2항에 따라 대통령령으로 정하는 금액 이상의 신용공여를 하거나 대주주가 발행한 주식을 대통령령으로 정하는 금액 이상으로 취득한 경우에는 그 사실을 금융위원회에 지체 없이 보고하고, 인터넷 홈페이지 등을 이용하여 공시하여야 한다. ④ 종합금융회사는 그의 대주주에 대한 신용공여 또는 대주주가 발행한 주식의 취득에 관한 보고사항 중 대통령령으로 정하는 사항을 종합하여 분기별로 금융위원회에 보고하고, 인터넷 홈페이지 등을 이용하여 공시하여야 한다. ⑤ 종합금융회사는 추가적인 신용공여를 하지 아니하였음에도 불구하고 자기자본의 변동 및 대주주의 변경 등으로 인하여 제1항에서 정한 한도를 초과하게 되는 경우에는 대통령령으로 정하는 기간 이내에 제1항에 적합하도록 하여야 한다. ⑥ 종합금융회사는 제5항에 불구하고 신용공여의 기한 및 규모 등에 따른 부득이한 사유가 있는 경우에는 금융위원회의 승인을 받아 그 기간을 연장할 수 있다. ⑦ 제6항에 따른 승인을 받으려는 종합금융회사는 제5항에 따른 기간이 만료되기 3개월 전 까지 제1항에 따른 한도에 적합하도록 하기 위한 세부계획서를 금융위원회에 제출하여야 하 고, 금융위원회는 세부계획서를 제출받은 날부터 1개월 이내에 승인 여부를 결정ㆍ통보하여야 한다. ⑧ 금융위원회는 종합금융회사 또는 그의 대주주가 제1항부터 제7항까지의 규정을 위반한 혐의가 있다고 인정되는 경우에는 종합금융회사 또는 대주주에 대하여 필요한 자료의 제출을 명할 수 있다. ⑨ 금융위원회는 종합금융회사의 대주주(회사에 한한다)의 부채가 자산을 초과하는 등 재무 구조의 부실로 인하여 종합금융회사의 경영건전성을 현저히 해칠 우려가 있는 경우로서 대통령령으로 정하는 경우에는 그 종합금융회사에 대하여 다음 각 호의 조치를 할 수 있다. 1. 그 대주주에 대한 신규 신용공여의 금지 2. 그 대주주가 발행한 증권의 신규취득 금지 3. 그 밖에 그 대주주에 대한 자금지원 성격의 거래제한 등 대통령령으로 정하는 조치"
제344조,"[0, 0, 344, 0]",REGULATION,증권 투자한도,종합금융회사,투자,증권,PROHIBITIVE,제344조(증권의 투자한도) ① 종합금융회사는 대통령령으로 정하는 경우를 제외하고는 자기자본의 100분의 100을 초과하여 증권에 투자하여서는 아니 된다. 이 경우 국채증권과 한국은행이 발행한 통화안정증권은 그 한도계산에 산입하지 아니한다. ② 금융위원회는 필요한 경우 제1항에 따른 투자한도의 범위에서 대통령령으로 정하는 방법에 따라 주식 및 파생결합증권 등에 대한 투자한도를 따로 정하여 고시할 수 있다.
제345조,[],REGULATION,금지행위,종합금융회사,행위,금융기관,PROHIBITIVE,제345조(자금지원 관련 금지행위) ① 상호출자제한기업집단에 속하는 종합금융회사는 다른 상 호출자제한기업집단에 속하는 금융기관(「금융산업의 구조개선에 관한 법률」에 따른 금융기 관을 말한다. 이하 이 항에서 같다) 또는 회사와 다음 각 호의 행위를 하여서는 아니 된다. 1.
Unknown,[],REGULATION,Unknown,,,,,제342조부터
제344조,[],REGULATION,한도 회피,종합금융회사,행사,주식,PROHIBITIVE,"제344조까지의 규정에 따른 한도를 회피하기 위한 목적으로 다른 금융기관 또는 회사의 의결권 있는 주식을 서로 교차하여 소유하거나 신용공여를 하는 행위 2. 「상법」, 그 밖의 법률에 따른 자기주식 취득의 제한을 회피하기 위한 목적으로 서로 교차 하여 주식을 취득하는 행위 3. 그 밖에 예금자 및 투자자의 이익을 크게 해할 우려가 있는 행위로서 대통령령으로 정하는 행위 ② 종합금융회사는 제1항을 위반하여 취득한 주식에 대하여는 의결권을 행사할 수 없다. ③ 종합금융회사는 그 종합금융회사의 주식을 매입시키기 위한 신용공여를 하여서는 아니 된다. ④ 금융위원회는 제1항 또는 제3항을 위반하여 주식을 취득하거나 신용공여를 한 종합금융 회사에 대하여 6개월 이내의 기간을 정하여 그 주식의 처분 또는 신용공여의 회수를 명하는 등 필요한 조치를 할 수 있다.<개정 2008. 2. 29.>"
제346조,[],REGULATION,지급준비자산,종합금융회사,보유,지급준비자산,MANDATORY,종합금융회사는 채무의 변제와 긴급한 자금인출에 대비하기 위 하여 대통령령으로 정하는 기준 및 방법에 따라 지급준비자산을 보유하여야 한다.
제347조,"[None, None, 347, None]",REGULATION,부동산 취득 제한,종합금융회사,취득,부동산,PROHIBITIVE,"제347조(부동산 취득의 제한) ① 종합금융회사는 업무용 부동산을 제외하고는 부동산을 취득하 거나 소유할 수 없다. 다만, 담보권의 실행으로 인하여 취득하는 경우에는 이를 소유할 수 있 다. ② 종합금융회사는 자기자본의 100분의 100을 초과하여 업무용 부동산을 취득하여서는 아 니 된다. ③ 종합금융회사는 자기가 소유하는 부동산 중 업무용 부동산이 아니거나 제1항 단서에 따 라 취득한 부동산을 대통령령으로 정하는 방법에 따라 처분하여야 한다. ④ 제1항 본문에 따른 업무용 부동산의 범위는 대통령령으로 정한다."
제348조,[],,,,,,,제348조 삭제 <2016. 3. 29.>
제349조,[],PENALTY,과징금,금융위원회,,종합금융회사,,제349조(과징금) ① 금융위원회는 종합금융회사가
제343조제1항,"[None, None, 343, 1]",PENALTY,과징금,금융위원회,부과할 수 있다,과징금,PERMISSIVE,제343조제1항을 위반한 경우에는 그 종합금융회사에 대하여 한도를 초과한 신용공여액의 범위에서 과징금을 부과할 수 있다.
제347조,[],REGULATION,과징금,,부과,과징금,PERMISSIVE,제347조제1항 또는 제2항을 위반한 경우에는 그 종합금융 회사에 대하여 다음 각 호의 구분에 따른 범위에서 과징금을 부과할 수 있다.<신설 2017. 4. 18.> 1.
제347조제1항,[],PENALTY,과징금,위반자,위반,부동산 취득금액,MANDATORY,제347조제1항을 위반한 경우: 부동산 취득금액의 100분의 30 2.
제347조제2항,"[None, None, 347, 2]",PENALTY,과징금,위반자,부과,과징금,MANDATORY,제347조제2항을 위반한 경우: 한도를 초과한 업무용 부동산 취득금액의 100분의 30 ③ 제1항 및 제2항에 따른 과징금의 부과에 관하여는
제430조,[],,,,,,,제430조부터
제434조,[],REGULATION,규정 준용,,준용,규정,MANDATORY,제434조까지의 규정을 준용한다.
제350조,[],REGULATION,종합금융회사,,,,,제350조(준용규정) 종합금융회사에 관하여는
제31조,[],,,,,,,
Unknown,[],REGULATION,Unknown,,,,,"제33조까지,"
제35조,[],,,,,,,
Unknown,[],REGULATION,Unknown,,,,,"제36조,"
제416조,[],,,,,,,
제418조,[],REGULATION,제4호부터 제9호까지의 규정,제418조,한정한다,제4호부터 제9호까지의 규정,DEFINITIONAL,제418조(제4호부터 제9호까지의 규정에 한정한다) 및 「금융회사의 지배구조에 관한 법률」
제31조,[],PROCEDURE,준용,이 경우,준용,제31조,MANDATORY,제31조(제5항은 제외한다)를 준용한다. 이 경우
제31조제1항,[],DEFINITION,금융투자업자,금융투자업자,정의,종합금융회사,DEFINITIONAL,"제31조제1항 중 “금융투자업자(겸영금융투자 업자를 제외한다. 이하 이 절에서 같다)”는 “종합금융회사”로 보고,"
제418조,[],DEFINITION,금융투자업자,금융투자업자,본다,종합금 융회사,DEFINITIONAL,제418조 각 호 외의 부분 중 “금융투자업자(겸영금융투자업자의 경우에는 제6호부터 제9호까지에 한한다)”는 “종합금 융회사”로 본다. [전문개정 2015. 7. 31.]
제351조,[],REGULATION,삭제,,,,,제351조 삭제 <2009. 2. 3.>
제352조,[],REGULATION,종합금융회사,한국은행법 및 은행법,적용하지 않는다,종합금융회사,PROHIBITIVE,제352조(다른 법률과의 관계) ① 「한국은행법」 및 「은행법」은 종합금융회사에는 적용하지 아 니한다. ② 종합금융회사가
제336조,[],REGULATION,업무 종류에 따른 법 적용,이 법,적용,업무 종류,MANDATORY,제336조에 규정하는 업무를 영위하는 경우에는 이 장에 특별한 규정이 있는 사항을 제외하고는 그 업무의 종류에 따라 이 법 또는 각 해당 법률을 적용한다.
제353조,[],REGULATION,검사,,,종합금융회사,MANDATORY,종합금융회사에 대한 검사
제419조,[],REGULATION,검사,검사,준용,종 합금융회사,MANDATORY,제419조(제2항부터 제4항까지 및 제8항을 제외한다)는 종 합금융회사에 대한 검사에 관하여 준용한다.
제354조,[],REGULATION,종합금융회사 인가 취소 및 조치,금융위원회,취소할 수 있다,인가,PERMISSIVE,제354조(종합금융회사에 대한 조치) ① 금융위원회는 종합금융회사가 다음 각 호의 어느 하나 에 해당하는 경우에는 종합금융회사의 인가를 취소할 수 있다. <개정 2008. 2. 29.> 1. 인가조건을 위반한 경우 2. 업무의 정지기간 중에 업무를 한 경우 3. 금융위원회의 시정명령 또는 중지명령을 이행하지 아니한 경우 4. 별표 10 각 호의 어느 하나에 해당하는 경우로서 대통령령으로 정하는 경우 5. 대통령령으로 정하는 금융관련 법령 등을 위반한 경우로서 대통령령으로 정하는 경우 6. 그 밖에 투자자의 이익을 현저히 해할 우려가 있거나 해당 업무를 영위하기 곤란하다고 인정되는 경우로서 대통령령으로 정하는 경우 ② 금융위원회는 종합금융회사가 제1항 각 호(제4호를 제외한다)의 어느 하나에 해당하거나 별표 10 각 호의 어느 하나에 해당하는 경우에는 다음 각 호의 어느 하나에 해당하는 조치를 할 수 있다.<개정 2008. 2. 29.> 1. 6개월 이내의 업무의 전부 또는 일부의 정지 2. 계약의 인계명령 3. 위법행위의 시정명령 또는 중지명령 4. 위법행위로 인한 조치를 받았다는 사실의 공표명령 또는 게시명령 5. 기관경고 6. 기관주의 7. 그 밖에 위법행위를 시정하거나 방지하기 위하여 필요한 조치로서 대통령령으로 정하는 조치 ③ 금융위원회는 종합금융회사의 임원이 제1항 각 호(제4호를 제외한다)의 어느 하나에 해당 하거나 별표 10 각 호의 어느 하나에 해당하는 경우에는 다음 각 호의 어느 하나에 해당하는 조치를 할 수 있다.<개정 2008. 2. 29.> 법제처 212 국가법령정보 센터 자본시장과 금융투자업에 관한 법률 1. 해임요구 2. 6개월 이내의 직무정지 3. 문책경고 4. 주의적 경고 5. 주의 6. 그 밖에 위법행위를 시정하거나 방지하기 위하여 필요한 조치로서 대통령령으로 정하는 조치 ④ 금융위원회는 종합금융회사의 직원이 제1항 각 호(제4호를 제외한다)의 어느 하나에 해당 하거나 별표 10 각 호의 어느 하나에 해당하는 경우에는 다음 각 호의 어느 하나에 해당하는 조치를 그 종합금융회사에 요구할 수 있다.<개정 2008. 2. 29.> 1. 면직 2. 6개월 이내의 정직 3. 감봉 4. 견책 5. 경고 6. 주의 7. 그 밖에 위법행위를 시정하거나 방지하기 위하여 필요한 조치로서 대통령령으로 정하는 조치 ⑤
제422조제3항,[],,,,,,,제422조제3항 및
Unknown,[],REGULATION,Unknown,,,,,제423조부터
제425조,"[5, None, None, None]",REGULATION,규정 준용,규정,준용한다,종합금융회사 및 그 임직원,MANDATORY,제425조까지의 규정은 종합금융회사 및 그 임직원에 대한 조치 등에 관하여 준용한다.
제355조,[],REGULATION,인가,자금거래 중개업자,영위,중개업무,MANDATORY,"제355조(자금중개회사의 인가) ① 대통령령으로 정하는 금융기관 등 간 자금거래의 중개업무를 영위하려는 자는 금융위원회의 인가를 받아야 한다. <개정 2008. 2. 29.> ② 제1항에 따른 인가를 받으려는 자는 다음 각 호의 요건을 모두 갖추어야 한다.<개정 2013. 5. 28., 2015. 7. 31.> 1. 「상법」에 따른 주식회사일 것 2. 10억원 이상으로서 대통령령으로 정하는 금액 이상의 자기자본을 갖출 것 3. 사업계획이 타당하고 건전할 것 4. 투자자를 보호하고 영위하고자 하는 업을 수행하기에 충분한 인력 및 전산설비, 그 밖의 물적 설비를 갖출 것 5. 임원이 「금융회사의 지배구조에 관한 법률」"
제5조,[],,대주주,,,,,제5조에 적합할 것 6. 대주주(
제12조제1항,[],REGULATION,인가신청서 제출,인가를 받으려는 자,제출,인가신청서,MANDATORY,제1항에 따른 인가를 받으려는 자는 인가신청서를 금융위원회에 제출하여야 한다.
제356조,[],PROHIBITIVE,자금중개,자금중개회사가 아닌 자,사용,자금중개,PROHIBITIVE,제356조(유사명칭 사용 금지) 자금중개회사가 아닌 자는 “자금중개” 또는 이와 유사한 명칭을 사용하여서는 아니 된다.
제357조,[],REGULATION,자금중개회사의 행위규제,자금중개회사,,금융투자업,MANDATORY,제357조(자금중개회사의 행위규제 등) ① 자금중개회사는 금융투자업(
제355조제1항,[],REGULATION,금융투자업,금융투자업,영위,,PROHIBITIVE,제355조제1항에 따른 자 금거래의 중개업무와 경제적 실질이 유사한 것으로서 대통령령으로 정하는 금융투자업을 제 외한다)을 영위하여서는 아니 된다. ②
제31조,[],,,,,,,
제33조,[],,,,,,,
제339조,[],REGULATION,제2항제3호 제외,제2항제3호,제외,,MANDATORY,제339조(제2항제3호는 제외한다) 및
제416조,[],REGULATION,자금중개회사,자금중개회사,준용,,MANDATORY,제416조는 자금중개회사에 준용한다.
제355조제1항,[],REGULATION,자금중개회사의 상근임원,자금중개회사의 상근임원,받아야 한다,금융위원회의 승인,MANDATORY,제355조제1항에 따른 자금거래의 중개업무를 영위함에 있어서 필요한 방법 및 절차 등은 대통령령으로 정한다. ④ 자금중개회사의 상근임원은 대통령령으로 정하는 다른 영리법인의 상시적인 업무에 종사 하려는 경우에는 금융위원회의 승인을 받아야 한다.<신설 2015. 7. 31.>
제358조,[],REGULATION,검사,,,자금중개회사,,제358조(자금중개회사에 대한 검사)
제419조,[],REGULATION,자금중개회사에 대한 검사,자금중개회사,준용한다,검사,MANDATORY,제419조(제2항부터 제4항까지 및 제8항을 제외한다)는 자금중개회사에 대한 검사에 관하여 준용한다.
제359조,[],REGULATION,자금중개회사,금융위원회,,자금중개회사,MANDATORY,제359조(자금중개회사에 대한 조치) ① 금융위원회는 자금중개회사가 다음 각 호의 어느 하나 에 해당하는 경우에는
제355조제1항,[],REGULATION,인증 취소,,취소,인가,PERMISSIVE,"제355조제1항에 따른 인가를 취소할 수 있다. <개정 2008. 2. 29.> 1. 거짓, 그 밖의 부정한 방법으로"
제355조제1항,[],REGULATION,인가,,받다,인가,,제355조제1항에 따른 인가를 받은 경우 2. 인가조건을 위반한 경우 3.
제355조제9항,[],REGULATION,인증요건 유지의무,자금중개회사,위반,인증요건 유지의무,MANDATORY,제355조제9항에 따른 인가요건 유지의무를 위반한 경우 4. 업무의 정지기간 중에 업무를 한 경우 5. 금융위원회의 시정명령 또는 중지명령을 이행하지 아니한 경우 법제처 214 국가법령정보 센터 자본시장과 금융투자업에 관한 법률 6. 별표 11 각 호의 어느 하나에 해당하는 경우로서 대통령령으로 정하는 경우 7. 대통령령으로 정하는 금융관련 법령 등을 위반한 경우로서 대통령령으로 정하는 경우 8. 그 밖에 투자자의 이익을 현저히 해할 우려가 있거나 해당 업무를 영위하기 곤란하다고 인정되는 경우로서 대통령령으로 정하는 경우 ② 금융위원회는 자금중개회사가 제1항 각 호(제6호를 제외한다)의 어느 하나에 해당하거나 별표 11 각 호의 어느 하나에 해당하는 경우에는 다음 각 호의 어느 하나에 해당하는 조치를 할 수 있다.<개정 2008. 2. 29.> 1. 6개월 이내의 업무의 전부 또는 일부의 정지 2. 계약의 인계명령 3. 위법행위의 시정명령 또는 중지명령 4. 위법행위로 인한 조치를 받았다는 사실의 공표명령 또는 게시명령 5. 기관경고 6. 기관주의 7. 그 밖에 위법행위를 시정하거나 방지하기 위하여 필요한 조치로서 대통령령으로 정하는 조치 ③ 금융위원회는 자금중개회사의 임원이 제1항 각 호(제6호를 제외한다)의 어느 하나에 해당 하거나 별표 11 각 호의 하나에 해당하는 경우에는 다음 각 호의 어느 하나에 해당하는 조치 를 할 수 있다.<개정 2008. 2. 29.> 1. 해임요구 2. 6개월 이내의 직무정지 3. 문책경고 4. 주의적 경고 5. 주의 6. 그 밖에 위법행위를 시정하거나 방지하기 위하여 필요한 조치로서 대통령령으로 정하는 조치 ④ 금융위원회는 자금중개회사의 직원이 제1항 각 호(제6호를 제외한다)의 어느 하나에 해당 하거나 별표 11 각 호의 어느 하나에 해당하는 경우에는 다음 각 호의 어느 하나에 해당하는 조치를 그 자금중개회사에 요구할 수 있다.<개정 2008. 2. 29.> 1. 면직 2. 6개월 이내의 정직 3. 감봉 4. 견책 5. 경고 6. 주의 7. 그 밖에 위법행위를 시정하거나 방지하기 위하여 필요한 조치로서 대통령령으로 정하는 조치 ⑤
제422조제3항,"[None, None, 422, 3]",,,,,,,제422조제3항 및
제423조,[],,,,,,,제423조부터
제425조,"[6, None, 425, None]",REGULATION,준용,규정,준용한다,자금중개회사,MANDATORY,제425조까지의 규정은 자금중개회사 및 그 임직원에 대한 조치 등에 관하여 준용한다.
제360조,[],REGULATION,단기금융업무,자,영위,단기금융업무,MANDATORY,"제360조(금융기관의 단기금융업무) ① 1년 이내에서 대통령령으로 정하는 기간 이내에 만기가 도래하는 어음의 발행ㆍ할인ㆍ매매ㆍ중개ㆍ인수 및 보증업무와 그 부대업무(附帶業務)로서 대통령령으로 정하는 업무(이하 “단기금융업무”라 한다)를 영위하려는 자는 금융위원회의 인 가를 받아야 한다. <개정 2008. 2. 29.> ② 제1항에 따른 인가를 받으려는 자는 다음 각 호의 요건을 모두 갖추어야 한다.<개정 2021. 6. 8.> 1. 은행, 그 밖에 대통령령으로 정하는 금융기관일 것 2. 200억원 이상으로서 대통령령으로 정하는 금액 이상의 자기자본을 갖출 것 3. 사업계획이 타당하고 건전할 것 4. 투자자를 보호하고 영위하고자 하는 업을 수행하기에 충분한 인력 및 전산설비, 그 밖의 물적 시설을 갖출 것 5. 대주주("
제12조제2항제6호,[],PROCEDURE,인증 신청,신청인,제출,인가신청서,MANDATORY,"제12조제2항제6호가목의 대주주를 말한다)가 충분한 출자능력, 건전한 재무상태 및 사회적 신용을 갖출 것 6. 대통령령으로 정하는 건전한 재무상태와 사회적 신용을 갖출 것 ③ 제1항에 따른 인가를 받으려는 자는 인가신청서를 금융위원회에 제출하여야 한다.<개정 2008. 2. 29.> ④ 금융위원회는 제3항의 인가신청서를 접수한 경우에는 그 내용을 심사하여 3개월 이내에 인가 여부를 결정하고, 그 결과와 이유를 지체 없이 신청인에게 문서로 통지하여야 한다. 이 경우 인가신청서에 흠결이 있는 때에는 보완을 요구할 수 있다.<개정 2008. 2. 29.> ⑤ 제4항의 심사기간을 산정함에 있어서 인가신청서 흠결의 보완기간 등 총리령으로 정하는 기간은 산입하지 아니한다.<개정 2008. 2. 29.> ⑥ 금융위원회는 제4항에 따라 인가를 하는 경우에는 경영의 건전성 확보 및 투자자 보호에 필요한 조건을 붙일 수 있다.<개정 2008. 2. 29.> ⑦ 제6항에 따라 조건이 붙은 인가를 받은 자는 사정의 변경, 그 밖에 정당한 사유가 있는 경 우에는 금융위원회에 조건의 취소 또는 변경을 요청할 수 있다. 이 경우 금융위원회는 2개월 이내에 조건의 취소 또는 변경 여부를 결정하고, 그 결과를 지체 없이 신청인에게 문서로 통지하여야 한다.<개정 2008. 2. 29.> ⑧ 금융위원회는 제4항에 따라 인가를 한 경우에는 다음 각 호의 사항을 관보 및 인터넷 홈 페이지 등에 공고하여야 한다.<개정 2008. 2. 29.> 1. 인가의 내용 2. 인가의 조건(조건을 붙인 경우에 한한다) 3. 인가의 조건을 취소하거나 변경한 경우 그 내용 ⑨ 단기금융회사는 인가를 받아 그 영업을 영위함에 있어서 제2항 각 호의 인가요건(제6호 를 제외하며, 제2호 및 제5호의 경우에는 대통령령으로 정하는 완화된 요건을 말한다)을 유 지하여야 한다.<개정 2021. 6. 8.> ⑩ 제1항부터 제8항까지의 규정에 따른 인가신청서의 기재사항ㆍ첨부서류 등 인가의 신청 에 관한 사항과 인가심사의 방법ㆍ절차, 그 밖에 필요한 사항은 대통령령으로 정한다. 법제처 216 국가법령정보 센터 자본시장과 금융투자업에 관한 법률"
제361조,[],CONCEPT,준용규정,,,,,제361조(준용규정)
제33조,[],,,,,,,
제339조,[],REGULATION,제외,,제외,제2항제1호 및 제3호,MANDATORY,제339조(제2항제1호 및 제3호를 제외한다)
제342조,[],,,,,,,"제342조,"
제352조제1항,"[None, None, 352, 1]",,,,,,,제352조제1항 및
제416조,[],REGULATION,준용,단기금융회사,준용한다,단기금융업무 범위,MANDATORY,제416조는 단기금융회사에 그 인가받은 단기금융업무 범위에서 준용한다.
제362조,[],REGULATION,단기금융업무의 적용배제,투자매매업,영위,기업어음증권,PROHIBITIVE,제362조(단기금융업무의 적용배제 등) ① 투자매매업 또는 투자중개업에 관한 금융투자업인가 를 받은 자가 기업어음증권에 대한 투자매매업 또는 투자중개업을 영위하는 경우에는 이를 단기금융업무로 보지 아니한다. ② 단기금융회사(종합금융회사를 포함한다)가 해당 업무를 영위하는 경우에는 이를 기업어 음증권에 대한 투자매매업 또는 투자중개업으로 보지 아니한다.
제363조,[],PROCEDURE,단기금융회사 검사,,,,,제363조(단기금융회사에 대한 검사)
제419조,[],REGULATION,준용,단 기금융회사,준용한다,검사,MANDATORY,제419조(제2항부터 제4항까지 및 제8항을 제외한다)는 단 기금융회사에 대한 검사에 관하여 준용한다.
제364조,[],REGULATION,단기금융회사에 대한 조치,금융위원회,,단기금융회사,,제364조(단기금융회사에 대한 조치) ① 금융위원회는 단기금융회사가 다음 각 호의 어느 하나 에 해당하는 경우에는
제360조제1항,"[360, 1, None, None]",REGULATION,인가 취소,,취소,인가,PERMISSIVE,"제360조제1항에 따른 인가를 취소할 수 있다. <개정 2008. 2. 29.> 1. 거짓, 그 밖의 부정한 방법으로"
제360조제1항,[],REGULATION,인증,인증,받다,인가,,제360조제1항에 따른 인가를 받은 경우 2. 인가조건을 위반한 경우 3.
제360조제9항,[],REGULATION,위반 시 조치,금융위원회,할 수 있다,조치,PERMISSIVE,제360조제9항에 따른 인가요건 유지의무를 위반한 경우 4. 업무의 정지기간 중에 업무를 한 경우 5. 금융위원회의 시정명령 또는 중지명령을 이행하지 아니한 경우 6. 별표 12 각 호의 어느 하나에 해당하는 경우로서 대통령령으로 정하는 경우 7. 대통령령으로 정하는 금융관련 법령 등을 위반한 경우로서 대통령령으로 정하는 경우 8. 그 밖에 투자자의 이익을 현저히 해할 우려가 있거나 해당 업무를 영위하기 곤란하다고 인정되는 경우로서 대통령령으로 정하는 경우 ② 금융위원회는 단기금융회사가 제1항 각 호(제6호를 제외한다)의 어느 하나에 해당하거나 별표 12 각 호의 어느 하나에 해당하는 경우에는 다음 각 호의 어느 하나에 해당하는 조치를 할 수 있다.<개정 2008. 2. 29.> 1. 6개월 이내의 업무의 전부 또는 일부의 정지 2. 계약의 인계명령 3. 위법행위의 시정명령 또는 중지명령 4. 위법행위로 인한 조치를 받았다는 사실의 공표명령 또는 게시명령 5. 기관경고 6. 기관주의 7. 그 밖에 위법행위를 시정하거나 방지하기 위하여 필요한 조치로서 대통령령으로 정하는 조치 ③ 금융위원회는 단기금융회사의 임원이 제1항 각 호(제6호를 제외한다)의 어느 하나에 해당 하거나 별표 12 각 호의 어느 하나에 해당하는 경우에는 다음 각 호의 어느 하나에 해당하는 조치를 할 수 있다.<개정 2008. 2. 29.> 1. 해임요구 2. 6개월 이내의 직무정지 3. 문책경고 4. 주의적 경고 법제처 217 국가법령정보 센터 자본시장과 금융투자업에 관한 법률 5. 주의 6. 그 밖에 위법행위를 시정하거나 방지하기 위하여 필요한 조치로서 대통령령으로 정하는 조치 ④ 금융위원회는 단기금융회사의 직원이 제1항 각 호(제6호를 제외한다)의 어느 하나에 해당 하거나 별표 12 각 호의 어느 하나에 해당하는 경우에는 다음 각 호의 어느 하나에 해당하는 조치를 그 단기금융회사에 요구할 수 있다.<개정 2008. 2. 29.> 1. 면직 2. 6개월 이내의 정직 3. 감봉 4. 견책 5. 경고 6. 주의 7. 그 밖에 위법행위를 시정하거나 방지하기 위하여 필요한 조치로서 대통령령으로 정하는 조치 ⑤
제422조제3항,[],,,,,,,제422조제3항 및
Unknown,[],REGULATION,Unknown,,,,,제423조부터
제425조,"[7, None, None, None]",REGULATION,준용,규정,준용,단기금융회사 및 그 임직원,MANDATORY,제425조까지의 규정은 단기금융회사 및 그 임직원에 대한 조치 등에 관하여 준용한다.
제365조,[],REGULATION,등록,자,등록,금융위원회,MANDATORY,"제365조(명의개서대행회사의 등록) ① 증권의 명의개서를 대행하는 업무를 영위하려는 자는 금 융위원회에 등록하여야 한다. <개정 2008. 2. 29.> ② 제1항에 따른 등록을 하려는 자는 다음 각 호의 요건을 모두 갖추어야 한다.<개정 2016. 3. 22.> 1. 전자등록기관 또는 전국적인 점포망을 갖춘 은행일 것 2. 전산설비 등 대통령령으로 정하는 물적 설비를 갖출 것 3. 대통령령으로 정하는 이해상충방지체계를 구축하고 있을 것 ③ 제1항에 따른 등록을 하려는 자는 금융위원회에 등록신청서를 제출하여야 한다.<개정 2008. 2. 29.> ④ 금융위원회는 제3항의 등록신청서를 접수한 경우에는 그 내용을 검토하여 2개월 이내에 등록 여부를 결정하고, 그 결과와 이유를 지체 없이 신청인에게 문서로 통지하여야 한다. 이 경우 등록신청서에 흠결이 있는 때에는 보완을 요구할 수 있다.<개정 2008. 2. 29.> ⑤ 제4항의 검토기간을 산정함에 있어서 등록신청서 흠결의 보완기간 등 총리령으로 정하는 기간은 검토기간에 산입하지 아니한다.<개정 2008. 2. 29.> ⑥ 금융위원회는 제4항의 등록 여부를 결정함에 있어서 다음 각 호의 어느 하나에 해당하는 사유가 없는 한 그 등록을 거부하여서는 아니 된다.<개정 2008. 2. 29.> 1. 제2항의 등록요건을 갖추지 아니한 경우 2. 제3항의 등록신청서를 거짓으로 작성한 경우 3. 제4항 후단의 보완요구를 이행하지 아니한 경우 ⑦ 금융위원회는 제4항에 따라 등록을 결정한 경우 명의개서대행회사등록부에 필요한 사항 을 기재하여야 하며, 등록결정한 내용을 관보 및 인터넷 홈페이지 등에 공고하여야 한다.<개 정 2008. 2. 29.> 법제처 218 국가법령정보 센터 자본시장과 금융투자업에 관한 법률 ⑧ 명의개서대행회사는 등록 이후 그 영업을 영위함에 있어서 제2항 각 호의 등록요건을 계 속 유지하여야 한다. ⑨ 제1항부터 제7항까지의 규정에 따른 등록신청서의 기재사항ㆍ첨부서류 등 등록의 신청 에 관한 사항과 등록검토의 방법ㆍ절차, 그 밖에 필요한 사항은 대통령령으로 정한다."
제366조,[],REGULATION,부수업무,명의개서대행회사,영위,업무,PERMISSIVE,제366조(명의개서대행회사의 부수업무) 명의개서대행회사는 증권의 배당ㆍ이자 및 상환금의 지급을 대행하는 업무와 증권의 발행을 대행하는 업무를 영위할 수 있다.
제367조,[],DEFINITION,준용규정,,,,DEFINITIONAL,제367조(준용규정)
제54조,[],,,,,,,
제63조,[],REGULATION,명의개서 대행 업무,임직원,대행,증권의 명의개서,PROHIBITIVE,제63조(증권의 명의개서를 대행하는 업무를 담당하는 임직원에 한 한다)
제64조,[],,,,,,,제64조 및
제416조,[],REGULATION,준용,,준용,명의개서대행회사,MANDATORY,제416조는 명의개서대행회사에 준용한다.
제368조,[],PROCEDURE,명의개서대행회사,,검사,명의개서대행회사,MANDATORY,제368조(명의개서대행회사에 대한 검사)
제419조,"[0, 0, 419, 0]",REGULATION,준용,,준용한다,검사,MANDATORY,제419조(제2항부터 제4항까지 및 제8항을 제외한다 )는 명의개서대행회사에 대한 검사에 관하여 준용한다.
제369조,[],REGULATION,명의개서대행회사,금융위원회,,,,제369조(명의개서대행회사에 대한 조치) ① 금융위원회는 명의개서대행회사가 다음 각 호의 어 느 하나에 해당하는 경우에는
제365조제1항,[],REGULATION,등록 취소,,취소,등록,PERMISSIVE,"제365조제1항에 따른 등록을 취소할 수 있다. <개정 2008. 2. 29.> 1. 거짓, 그 밖의 부정한 방법으로"
제365조제1항,[],REGULATION,등록,,등록,등록,,제365조제1항에 따른 등록을 한 경우 2.
제365조제8항,[],REGULATION,등록요건 유지의무 위반 시 조치,금융위원회,조치를 할 수 있다,명의개서대행회사,PERMISSIVE,"제365조제8항에 따른 등록요건 유지의무를 위반한 경우 3. 업무의 정지기간 중에 업무를 한 경우 4. 금융위원회의 시정명령 또는 중지명령을 이행하지 아니한 경우 5. 별표 13 각 호의 어느 하나에 해당하는 경우로서 대통령령으로 정하는 경우 6. 대통령령으로 정하는 금융관련 법령 등을 위반한 경우로서 대통령령으로 정하는 경우 7. 그 밖에 투자자의 이익을 현저히 해할 우려가 있거나 해당 업무를 영위하기 곤란하다고 인정되는 경우로서 대통령령으로 정하는 경우 ② 금융위원회는 명의개서대행회사가 제1항 각 호(제5호를 제외한다)의 어느 하나에 해당하 거나 별표 13 각 호의 어느 하나에 해당하는 경우에는 다음 각 호의 어느 하나에 해당하는 조치를 할 수 있다.<개정 2008. 2. 29.> 1. 6개월 이내의 업무의 전부 또는 일부의 정지 2. 명의개서대행계약, 그 밖의 계약의 인계명령 3. 위법행위의 시정명령 또는 중지명령 4. 위법행위로 인한 조치를 받았다는 사실의 공표명령 또는 게시명령 5. 기관경고 6. 기관주의 7. 그 밖에 위법행위를 시정하거나 방지하기 위하여 필요한 조치로서 대통령령으로 정하는 조치 ③ 금융위원회는 명의개서대행회사의 임원이 제1항 각 호(제5호를 제외한다)의 어느 하나에 해당하거나 별표 13 각 호의 어느 하나에 해당하는 경우에는 다음 각 호의 어느 하나에 해당 하는 조치를 할 수 있다.<개정 2008. 2. 29.> 1. 해임요구 2. 6개월 이내의 직무정지 3. 문책경고 법제처 219 국가법령정보 센터 자본시장과 금융투자업에 관한 법률 4. 주의적 경고 5. 주의 6. 그 밖에 위법행위를 시정하거나 방지하기 위하여 필요한 조치로서 대통령령으로 정하는 조치 ④ 금융위원회는 명의개서대행회사의 직원이 제1항 각 호(제5호를 제외한다)의 어느 하나에 해당하거나 별표 13 각 호의 어느 하나에 해당하는 경우에는 다음 각 호의 어느 하나에 해당 하는 조치를 그 명의개서대행회사에 요구할 수 있다.<개정 2008. 2. 29.> 1. 면직 2. 6개월 이내의 정직 3. 감봉 4. 견책 5. 경고 6. 주의 7. 그 밖에 위법행위를 시정하거나 방지하기 위하여 필요한 조치로서 대통령령으로 정하는 조치 ⑤"
제422조제3항,[],,,,,,,제422조제3항 및
Unknown,[],REGULATION,Unknown,,,,,제423조부터
제425조,[],REGULATION,준용,규정,준용,조치,MANDATORY,제425조까지의 규정은 명의개서대행회사 및 그 임직원에 대한 조치 등에 관하여 준용한다. 제8장 금융투자 관계 단체
제370조,[],REGULATION,설립,단체를 설립하고자 하는 자,허가를 받아야 한다,허가,MANDATORY,"투자자 보호 및 건전한 거래질서를 위하여 투자자, 주권상장법인 또는 대통령령으로 정하는 자로 구성되는 단체를 설립하고자 하는 자는 금융위원회의 허가를 받아야 한다."
제371조,[],REGULATION,검사,,,,,제371조(금융투자 관계 단체에 대한 검사)
제419조,[],REGULATION,검사,금융투자 관계 단체,준용,검사,MANDATORY,제419조(제2항부터 제4항까지 및 제8항을 제외한다 )는 금융투자 관계 단체에 대한 검사에 관하여 준용한다.
제372조,[],REGULATION,금융투자 관계 단체에 대한 조치,금융위원회,해당,금융투자 관계 단체,,제372조(금융투자 관계 단체에 대한 조치) ① 금융위원회는 금융투자 관계 단체가 다음 각 호의 어느 하나에 해당하는 경우에는
제370조제1항,[],REGULATION,허가 취소,,취소,허가,PERMISSIVE,"제370조제1항에 따른 허가를 취소할 수 있다. <개정 2008. 2. 29.> 1. 거짓, 그 밖의 부정한 방법으로"
제370조제1항,"[None, None, 370, 1]",REGULATION,허가조건 위반,법제처,해제,허가,MANDATORY,제370조제1항에 따른 허가를 받은 경우 법제처 220 국가법령정보 센터 자본시장과 금융투자업에 관한 법률 2. 허가조건을 위반한 경우 3. 정관에 따른 목적 외의 업무를 영위한 경우 4. 그 밖에 투자자 보호 또는 건전한 거래질서를 해할 우려가 있는 경우로서 대통령령으로 정하는 경우 ②
제423조,[],REGULATION,제외,,제외,제2호,MANDATORY,제423조(제2호를 제외한다)
제424조제1항ㆍ제2항,[],CONCEPT,제424조,,,,,제424조제1항ㆍ제2항 및
제425조,"[1, None, 425, None]",REGULATION,허가 취소,금융투자 관계 단체,준용,허가 취소,MANDATORY,제425조는 금융투자 관계 단체의 허가 취소에 관하여 준용한다.
제373조,[],REGULATION,무허가 시장개설행위,,개설,금융투자상품시장,PROHIBITIVE,"제373조(무허가 시장개설행위 금지) 누구든지 이 법에 따른 거래소허가를 받지 아니하고는 금 융투자상품시장을 개설하거나 운영하여서는 아니 된다. 다만, 다음 각 호의 어느 하나에 해당 하는 경우에는 그러하지 아니하다. 1. 다자간매매체결회사가"
제78조,[],REGULATION,다자간매매체결업무,협회,수행,다자간매매체결업무,,제78조에 따라 다자간매매체결업무를 하는 경우 2. 협회가
제286조제1항제5호,"[None, None, 286, 5]",REGULATION,장외매매거래,업무,수행,공정한 가격 형성,MANDATORY,"제286조제1항제5호에 따라 증권시장에 상장되지 아니한 주권의 장외매매거래에 관한 업무를 하는 경우 3. 그 밖에 거래소 외의 자가 금융투자상품의 매매체결에 관한 업무를 수행하더라도 공정한 가격 형성, 매매 그 밖의 거래의 안정성 및 효율성의 도모 및 투자자의 보호에 우려가 없는 경우로서 대통령령으로 정하는 경우 [전문개정 2013. 5. 28.]"
제373조의2,"[373, 2]",REGULATION,거래소허가,금융투자상품시장 개설자,허가받다,거래소허가,MANDATORY,"제373조의2(거래소의 허가) ① 금융투자상품시장을 개설하거나 운영하려는 자는 다음 각 호의 사항을 구성요소로 하여 대통령령으로 정하는 시장개설 단위의 전부나 일부를 선택하여 금융 위원회로부터 하나의 거래소허가를 받아야 한다. 1. 매매의 대상이 되는 금융투자상품의 범위(증권 및 장내파생상품을 말하되, 증권 중 주권, 그 밖에 대통령령으로 정하는 것을 포함한다) 2. 회원(거래소시장에서의 거래에 참가할 수 있는 자로서"
제387조제1항,"[387, 1, None, None]",REGULATION,거래소허가,자,갖추어야 한다,요건,MANDATORY,"제387조제1항의 회원관리규정에 따른 자를 말한다. 이하 같다)이 되는 자의 범위 ② 제1항에 따라 거래소허가를 받으려는 자는 다음 각 호의 요건을 모두 갖추어야 한다.<개정 2015. 7. 31.> 1. 「상법」에 따른 주식회사일 것 2. 거래소허가 단위별로 1천억원 이상으로서 대통령령으로 정하는 금액 이상의 자기자본을 갖출 것 3. 사업계획이 타당하고 건전할 것 4. 투자자의 보호가 가능하고 금융투자상품시장을 개설ㆍ운영하기에 충분한 인력과 전산설 비, 그 밖의 물적 설비를 갖출 것 5. 정관, 회원관리규정ㆍ증권시장업무규정ㆍ파생상품시장업무규정ㆍ상장규정ㆍ공시규정ㆍ 시장감시규정ㆍ분쟁조정규정, 그 밖의 업무에 관한 규정(이하 이 호 및"
제373조의7,[],DEFINITION,정관등,,,,DEFINITIONAL,"제373조의7에서 “정관등”이라 한다)이 법령에 적합하고, 증권 및 장내파생상품의 공정한 가격 형성과 매매 그 밖의 거래의 안정성 및 효율성을 도모하며 투자자의 보호를 위하여 충분할 것 법제처 221 국가법령정보 센터 자본시장과 금융투자업에 관한 법률 6. 임원이 「금융회사의 지배구조에 관한 법률」"
제5조,[],DEFINITION,대주주,,,,DEFINITIONAL,제5조에 적합할 것 7. 대주주(
제12조제2항제6호가목,[],REGULATION,대주주,대주주,갖추다,사회적 신용,MANDATORY,"제12조제2항제6호가목의 대주주를 말한다)가 충분한 출자능력, 건전한 재무상태 및 사회적 신용을 갖출 것 8. 대통령령으로 정하는 사회적 신용을 갖출 것 9. 이해상충방지체계를 구축하고 있을 것 ③ 제2항의 허가요건에 관하여 필요한 세부사항은 대통령령으로 정한다. [본조신설 2013. 5. 28.]"
제373조의3,[],PROCEDURE,허가의 신청 및 심사,,,,,제373조의3(허가의 신청 및 심사) ①
제373조의2,[],PROCEDURE,허가신청,허가를 받으려는 자,제출,허가신청서,MANDATORY,"제373조의2제1항에 따른 허가를 받으려는 자는 허가신청 서를 금융위원회에 제출하여야 한다. ② 금융위원회는 제1항의 허가신청서를 접수한 때에는 그 내용을 심사하여 3개월 이내에 허 가 여부를 결정하고, 그 결과와 이유를 지체 없이 신청인에게 문서로 통지하여야 한다. 이 경 우 허가신청서에 흠결이 있는 경우에는 보완을 요구할 수 있다. ③ 제2항의 심사기간을 산정함에 있어서 허가신청서 흠결의 보완기간 등 총리령으로 정하는 기간은 이를 산입하지 아니한다. ④ 금융위원회는 제2항에 따라 허가를 하는 경우에는 증권 및 장내파생상품의 공정한 가격 형성과 그 매매, 그 밖의 거래의 안정성 및 효율성 도모, 회사 경영의 건전성 확보 및 투자자 보호에 필요한 조건을 붙일 수 있다. ⑤ 제4항에 따라 조건이 붙은 허가를 받은 자는 사정의 변경이나 그 밖에 정당한 사유가 있 는 경우에는 금융위원회에 조건의 취소 또는 변경을 요청할 수 있다. 이 경우 금융위원회는 2개월 이내에 조건의 취소 또는 변경 여부를 결정하고, 그 결과를 지체 없이 신청인에게 문 서로 통지하여야 한다. ⑥ 금융위원회는 제2항에 따라 허가를 한 경우에는 다음 각 호의 사항을 관보 및 인터넷 홈 페이지 등에 공고하여야 한다. 1. 허가의 내용 2. 허가의 조건(조건을 붙인 경우로 한정한다) 3. 허가의 조건을 취소하거나 변경한 경우 그 내용(조건을 취소하거나 변경한 경우로 한정한 다) ⑦ 제1항부터 제6항까지의 규정에 따른 허가신청서의 기재사항ㆍ첨부서류 등 허가의 신청 에 관한 사항과 허가심사의 방법ㆍ절차, 그 밖에 필요한 사항은 대통령령으로 정한다. [본조신설 2013. 5. 28.]"
제373조의4,[],,,,,,,제373조의4(예비허가) ①
제373조의2,[],PROCEDURE,예비허가,자,신청,예비허가,PERMISSIVE,제373조의2에 따른 거래소허가(이하 이 조에서 “본허가”라 한다)를 받 으려는 자는 미리 금융위원회에 예비허가를 신청할 수 있다. ② 금융위원회는 예비허가를 신청받은 경우에는 2개월 이내에
제373조의2제2항,[],PROCEDURE,예비허가,금융위원회,심사,예비허가 여부,MANDATORY,"제373조의2제2항 각 호의 요 건을 갖출 수 있는지 여부를 심사하여 예비허가 여부를 결정하고, 그 결과와 이유를 지체 없 이 신청인에게 문서로 통지하여야 한다. 이 경우 예비허가신청에 관하여 흠결이 있는 때에는 보완을 요구할 수 있다. ③ 제2항의 심사기간을 산정함에 있어서 예비허가신청과 관련된 흠결의 보완기간 등 총리령 으로 정하는 기간은 심사기간에 산입하지 아니한다. 법제처 222 국가법령정보 센터 자본시장과 금융투자업에 관한 법률 ④ 금융위원회는 제2항에 따라 예비허가를 하는 경우에는 증권 및 장내파생상품의 공정한 가격 형성과 그 매매, 그 밖의 거래의 안정성 및 효율성 도모, 회사 경영의 건전성 확보 및 투 자자 보호에 필요한 조건을 붙일 수 있다. ⑤ 금융위원회는 예비허가를 받은 자가 본허가를 신청하는 경우에는 제4항에 따른 예비허가 의 조건을 이행하였는지 여부와"
제373조의2제2항,[],PROCEDURE,본허가 결정,당사자,결정,본허가 여부,MANDATORY,"제373조의2제2항 각 호의 요건을 갖추었는지 여부를 확인 한 후 본허가 여부를 결정하여야 한다. ⑥ 제1항부터 제5항까지의 규정에 따른 예비허가의 신청서 및 그 기재사항ㆍ첨부서류 등 예비허가의 신청에 관한 사항과 예비허가심사의 방법ㆍ절차, 그 밖에 예비허가에 관하여 필요 한 사항은 대통령령으로 정한다. [본조신설 2013. 5. 28.]"
제373조의5,[],REGULATION,허가요건의 유지,거래소,,,,제373조의5(허가요건의 유지) 거래소는
제373조의2,[],REGULATION,거래소허가,허가를 받은 자,개설·운영,시장,MANDATORY,제373조의2에 따른 거래소허가를 받아 시장을 개설ㆍ 운영함에 있어서
제373조의2제2항,[],REGULATION,허가요건,각 호,유지,허가요건,MANDATORY,제373조의2제2항 각 호(제8호는 제외한다)의 허가요건을 유지하여야 한다.
제373조의6,[],REGULATION,시장개설 단위,거래소,추가 및 변경,시장개설 단위,MANDATORY,제373조의6(시장개설 단위의 추가 및 허가의 변경) 거래소는
제373조의2,[],REGULATION,시장개설 단위,시장개설 단위,추가,금융투자상품시장,MANDATORY,제373조의2에 따라 허가받은 시장 개설 단위 외에 다른 시장개설 단위를 추가하여 금융투자상품시장을 개설ㆍ운영하려는 경우 에는
제373조의2,[],,,,,,,제373조의2 및
제373조의3,[],PROCEDURE,변경허가,,받다,변경허가,MANDATORY,제373조의3에 따라 금융위원회의 변경허가를 받아야 한다. 이 경우
제 373조의4,[],REGULATION,적용,,적용,제 373조의4,MANDATORY,제 373조의4를 적용한다.
제373조의7,[],REGULATION,책무,거래소,가진다,책무,MANDATORY,제373조의7(상장 및 시장감시 등의 책무) 거래소는 다음 각 호의 업무를 행함에 있어서 이 법 또는 정관등에 따라 거래소시장에서 투자자를 보호하고 증권 및 장내파생상품의 매매를 공정 하게 수행할 책무를 가진다. 1. 증권의 상장 및 상장폐지 업무 2.
제402조제1항제3호,[],REGULATION,투자자 보호,대통령령,정하는,업무,DEFINITIONAL,제402조제1항제1호부터 제3호까지의 규정에 따른 업무 3. 그 밖에 투자자를 보호하고 공정한 거래질서를 확보하기 위하여 필요한 업무로서 대통령 령으로 정하는 업무 [본조신설 2013. 5. 28.]
제374조,"[2, None, 374, None]",REGULATION,상법 적용,거래소,적용,상법,MANDATORY,제374조(「상법」의 적용) 거래소에 대하여는 이 법에서 특별히 정한 경우를 제외하고는 「상법」 중 주식회사에 관한 규정을 적용한다.
제375조,[],,,,,,,제375조 삭제 <2013. 5. 28.>
제376조,"[None, None, 376, None]",REGULATION,정관,거래소,기재,정관,MANDATORY,"제376조(정관) ① 거래소의 정관에는 다음 각 호의 사항을 기재하여야 한다. <개정 2013. 5. 28.> 1. 목적 2. 상호 3. 거래소가 발행할 주식의 총수 4. 1주의 금액 법제처 223 국가법령정보 센터 자본시장과 금융투자업에 관한 법률 5. 거래소의 설립시에 발행하는 주식의 총수 6. 거래소가 공고하는 방법 7. 증권시장 및 파생상품시장 등 시장의 구분에 관한 사항 8. 거래소 규정(規程)의 제정ㆍ변경 및 폐지에 관한 사항 9. 임원 및 집행간부에 관한 사항 10. 이사회, 이사회 내 소위원회 및 이사후보추천위원회에 관한 사항 11. 감사위원회에 관한 사항 12. 시장감시위원회에 관한 사항 13. 업무의 집행에 관한 사항 ② 거래소는 정관을 변경하고자 하는 경우에는 금융위원회의 승인을 받아야 한다. 이 경우 금융위원회는 정관변경을 승인함에 있어서 각 시장운영의 자율성을 고려하여야 한다.<개정 2008. 2. 29.>"
제377조,[],REGULATION,업무,거래소,행한다,업무,MANDATORY,"제377조(업무) ①거래소는 정관으로 정하는 바에 따라 다음 각 호의 업무를 행한다. 다만, 제3호 및 제4호의 업무는"
제378조,[],REGULATION,거래소,금융위원회,지정,거래소,MANDATORY,"제378조에 따라 금융위원회로부터 청산기관 또는 결제기관으로 지정된 거래소로 한정한다. <개정 2013. 5. 28.> 1. 거래소시장의 개설ㆍ운영에 관한 업무 2. 증권 및 장내파생상품의 매매에 관한 업무 3. 증권 및 장내파생상품의 거래(다자간매매체결회사에서의 거래를 포함한다)에 따른 매매확 인, 채무인수, 차감, 결제증권ㆍ결제품목ㆍ결제금액의 확정, 결제이행보증, 결제불이행에 따른 처리 및 결제지시에 관한 업무 4. 장내파생상품의 매매거래에 따른 품목인도 및 대금지급에 관한 업무 5. 증권의 상장에 관한 업무 6. 장내파생상품 매매의 유형 및 품목의 결정에 관한 업무 7. 상장법인의 신고ㆍ공시에 관한 업무 8. 증권 또는 장내파생상품 매매 품목의 가격이나 거래량이 비정상적으로 변동하는 거래 등 대통령령으로 정하는 이상거래(이하 “이상거래”라 한다)의 심리 및 회원의 감리에 관한 업 무 9. 증권의 경매업무 10. 거래소시장 등에서의 매매와 관련된 분쟁의 자율조정(당사자의 신청이 있는 경우에 한한 다)에 관한 업무 11. 거래소시장의 개설에 수반되는 부대업무 12. 금융위원회의 승인을 받은 업무 13. 그 밖에 정관에서 정하는 업무 ② 거래소는 제1항 각 호의 업무 외에 다른 업무를 할 수 없다. 다만, 다음 각 호의 어느 하나 에 해당하는 경우에는 그러하지 아니하다.<신설 2013. 5. 28.> 1. 이 법 또는 다른 법령에서 거래소가 운영할 수 있도록 한 업무를 행하는 경우 2."
제323조의3,[],REGULATION,인증,금융투자상품거래청산업,영위,,MANDATORY,제323조의3에 따라 인가를 받아 금융투자상품거래청산업을 영위하는 경우
제378조,[],REGULATION,결제지시업무,청산기관 및 결제기관,확정,액,MANDATORY,"제378조(청산기관 및 결제기관) ① 증권시장 및 파생상품시장에서의 매매거래(다자간매매체결 회사에서의 거래를 포함한다)에 따른 매매확인, 채무인수, 차감, 결제증권ㆍ결제품목ㆍ결제금 법제처 224 국가법령정보 센터 자본시장과 금융투자업에 관한 법률 액의 확정, 결제이행보증, 결제불이행에 따른 처리 및 결제지시업무는"
제323조의2,[],,,,,,,
제 323조의3,[],PROCEDURE,결제기관,거래소,수행한다,품목인도 및 대금지급업무,MANDATORY,"제 323조의3에도 불구하고 청산기관으로서 금융위원회가 지정하는 거래소가 수행한다. <개정 2013. 4. 5., 2013. 5. 28.> ② 파생상품시장에서의 품목인도 및 대금지급업무는 결제기관으로서 금융위원회가 지정하는 거래소가 수행한다.<개정 2013. 5. 28.>"
제379조,[],REGULATION,사용금지,거래소가 아닌 자,사용,명칭,PROHIBITIVE,"제379조(유사명칭의 사용금지) 거래소가 아닌 자는 그 명칭 또는 상호에 “한국거래소”, “금융상 품거래소”, “금융투자상품거래소”, “증권선물거래소”, “증권거래소”, “선물거래소”, “파생상품 거래소”, “거래소시장”, “증권시장”, “유가증권시장”, “코스닥시장”, “선물시장”, “파생상품시장” 또는 이와 유사한 명칭을 사용하여서는 아니 된다. <개정 2013. 5. 28.>"
제380조,[],REGULATION,임원,거래소,둔다,임원,MANDATORY,"제380조(임원) ① 거래소에 15인 이내로 다음 각 호의 임원을 둔다. 1. 이사장 1인 2. 상근이사인 감사위원회 위원 1인 3. 시장감시위원장 1인 4. 이사 12인 이내 ② 임원의 임기는 3년으로 하며, 정관이 정하는 바에 따라 연임할 수 있다. ③ 이사장은 대통령령으로 정하는 금융에 관한 경험과 지식을 갖추고 거래소의 건전한 경영 과 공정한 거래질서를 해할 우려가 없는 자 중에서"
제385조제1항,[],REGULATION,이사후보추천위원회,주주총회,선임한다,이사,MANDATORY,"제385조제1항에 따른 이사후보추천위원 회(이하 “후보추천위원회”라 한다)의 추천을 받아 주주총회에서 선임한다. ④ 금융위원회는 제3항에 따라 선임된 이사장이 직무수행에 부적합하다고 인정되는 경우로 서 대통령령으로 정하는 경우에는 그 선임된 날부터 1개월 이내에 그 사유를 구체적으로 밝 혀 해임을 요구할 수 있다. 이 경우 해임 요구된 이사장의 직무는 정지되며, 거래소는 2개월 이내에 이사장을 새로 선임하여야 한다.<개정 2008. 2. 29.> ⑤ 거래소의 사외이사(상시적인 업무에 종사하지 아니하는 자로서 거래소의 정관이 정하는 요건을 갖춘 자를 말한다. 이하 이 장에서 같다)와 상근이사인 감사위원회의 위원은 후보추 천위원회의 추천을 받아 주주총회에서 각각 선임한다. 이 경우 최대주주와 그 특수관계인, 그 밖에 대통령령으로 정하는 자가 소유하는 거래소의 의결권 있는 주식의 합계가 거래소의 의결권 있는 발행주식총수의 100분의 3(정관으로 그 비율을 더 낮게 정한 경우에는 그 비율 로 한다)을 초과하는 경우 그 주주는 그 초과하는 주식에 관하여 상근이사인 감사위원회 위 원의 선임 및 해임에 있어서는 의결권을 행사하지 못한다. ⑥"
제384조제3항,"[384, 3, None, None]",REGULATION,감사위원회의 위원,자,"될 수 없다, 상실한다",감사위원회의 위원,PROHIBITIVE,"제384조제3항 각 호의 어느 하나에 해당하는 자는 거래소의 상근이사인 감사위원회의 위 원이 될 수 없으며, 상근이사인 감사위원회의 위원이 된 후 이에 해당하게 된 경우에는 그 직 을 상실한다. 다만, 거래소의 상근이사인 감사위원회의 위원으로 재임 중이거나 재임하였던 자는"
제384조제3항제2호,[],REGULATION,감사위원회 위원,상근이사,될 수 있다,감사위원회 위원,PERMISSIVE,제384조제3항제2호에 불구하고 상근이사인 감사위원회의 위원이 될 수 있다.<개정 2015. 7. 31.>
제381조,[],,,,,,,제381조(이사회) ① 거래소에
제380조제1항,[],REGULATION,이사회,사 외이사,구성,과반수,MANDATORY,제380조제1항 각 호의 자로 구성되는 이사회를 둔다. 이 경우 사 외이사가 이사회의 과반수를 구성하도록 하여야 한다. ② 거래소 이사회의 효율적인 업무수행을 위하여 이사회 내에 각 시장별로 이사회가 위임한 사항을 심의ㆍ결의하는 「상법」
제393조의2,[],REGULATION,소위원회 설치,이사회,설치,소위원회,MANDATORY,제393조의2에 따른 이사회 내 위원회로서 소위원회를 설치 한다. 법제처 225 국가법령정보 센터 자본시장과 금융투자업에 관한 법률 ③ 그 밖에 이사회 및 소위원회의 구성 및 운영에 관하여 필요한 사항은 정관으로 정한다.
제382조,[],DEFINITION,금융회사의 지배구조에 관한 법률,,,,,제382조(임원의 자격 등) ① 「금융회사의 지배구조에 관한 법률」
제5조,[],REGULATION,준용,제5조,준용,거래소의 임원,MANDATORY,제5조는 거래소의 임원에게 준용한다.
제6조,[],REGULATION,거래소의 임원 겸직 금지,거래소의 임원,겸직,거래소의 임원,PROHIBITIVE,제6조제1항(제1호는 제외한다) 및 제2항은 거래소의 사외이사에게 준용한다.<개정 2015. 7. 31.> ③ 거래소의 임원은 둘 이상의 거래소의 임원의 지위를 겸직하여서는 아니 된다.<신설 2013. 5. 28.>
Unknown,[],REGULATION,Unknown,,,,,"제383조(정보이용금지 등) ① 거래소의 임직원 및 임직원이었던 자는 그 직무에 관하여 알게 된 비밀을 누설 또는 이용하여서는 아니 된다. ② 거래소의 상근 임직원은 금융투자업자 및 금융투자업관계기관과 자금의 공여, 손익의 분 배, 그 밖에 영업에 관하여 대통령령으로 정하는 특별한 이해관계를 가져서는 아니 된다. ③"
제63조,[],REGULATION,준용,제63조,준용한다,거래소의 임직원,MANDATORY,제63조는 거래소의 임직원에게 준용한다.
제384조,[384],REGULATION,감사위원회,거래소,설치,감사위원회,MANDATORY,"제384조(감사위원회) ① 거래소에 감사위원회를 설치하여야 한다. ② 감사위원회는 다음 각 호의 요건을 모두 충족하여야 한다.<개정 2015. 7. 31.> 1. 총 위원의 3분의 2 이상이 사외이사일 것 2. 위원 중 1명 이상은 대통령령으로 정하는 회계 또는 재무전문가일 것 3. 감사위원회의 대표는 사외이사일 것 ③ 다음 각 호의 어느 하나에 해당하는 사람은 사외이사가 아닌 감사위원회의 위원이 될 수 없으며, 사외이사가 아닌 감사위원회의 위원이 된 후 이에 해당하게 된 경우에는 그 직을 상 실한다. 다만, 거래소의 상근감사 또는 사외이사가 아닌 감사위원회의 위원으로 재임 중이거 나 재임하였던 사람은 제2호에도 불구하고 사외이사가 아닌 감사위원회의 위원이 될 수 있 다.<신설 2015. 7. 31.> 1. 거래소의 주요주주 2. 거래소의 상근 임직원 또는 최근 2년 이내에 상근 임직원이었던 사람 3. 그 밖에 거래소의 경영에 영향을 미칠 수 있는 사람 등 사외이사가 아닌 감사위원회의 위 원으로서의 직무를 충실하게 수행하기 곤란한 사람으로서 대통령령으로 정하는 사람 ④거래소는 사외이사의 사임ㆍ사망 등 사전에 예측하지 못한 사유로 사외이사의 수가 제2항 에 따른 감사위원회의 구성요건에 미치지 못하게 된 경우에는 그 사유가 발생한 후 최초로 소집되는 주주총회에서 제2항에 따른 요건을 충족하도록 조치하여야 한다.<신설 2015. 7. 31.> ⑤ 감사위원회의 위원이 되는 사외이사의 선임에 관하여는 감사선임 시 의결권 행사의 제한 에 관한 「상법」"
제409조제2항 및 제3항,[],PROCEDURE,준용,,준용,제409조,MANDATORY,제409조제2항 및 제3항을 준용한다.<신설 2015. 7. 31.>
제385조,"[3, None, 385, None]",REGULATION,후보추천위원회,거래소,설정,후보추천위원회,MANDATORY,"제385조(이사후보추천위원회) ① 거래소에 이사장ㆍ사외이사의 적정한 선임을 위하여 후보추 천위원회를 둔다. ② 이사장은 다음 각 호의 자를 후보추천위원회 위원으로 위촉하며, 후보추천위원회의 위원 장은 위원 간의 호선으로 선출한다.<개정 2013. 5. 28.> 1. 사외이사인 이사 5인 2. 협회가 추천하는 2인 법제처 226 국가법령정보 센터 자본시장과 금융투자업에 관한 법률 3. 대통령령으로 정하는 주권상장법인 대표 2인 4. 삭제<2013. 5. 28.> ③ 후보추천위원회의 구성 및 운영에 관하여 필요한 사항은 정관으로 정한다. 제3장 시장"
제386조,[],REGULATION,시장 개설,거래소,개설,금융투자상품시장,PERMISSIVE,제386조(시장의 개설ㆍ운영) 거래소는 시장을 효율적으로 관리하기 위하여 증권시장 또는 파생 상품시장별로 둘 이상의 금융투자상품시장을 개설하여 운영할 수 있다. [전문개정 2013. 5. 28.]
제387조(회원),[],REGULATION,회원,거래소,정하다,회원관리규정,MANDATORY,제387조(회원) ① 거래소는 회원의 관리를 위하여 회원관리규정(이하 “회원관리규정”이라 한다 )을 정하여야 한다. ② 회원은 다음 각 호와 같이 구분한다. 1. 거래소 결제회원 2. 매매전문회원 3. 그 밖에 대통령령으로 정하는 회원 ③ 회원관리규정에는 다음 각 호의 사항이 포함되어야 한다. 1. 회원의 자격에 관한 사항 2. 회원의 가입과 탈퇴에 관한 사항 3. 회원의 권리와 의무에 관한 사항 4. 그 밖에 회원을 관리하기 위하여 필요한 사항
제388조,[],REGULATION,거래자격,거래소의 회원이 아닌 자,매매거래를 하다,증권시장 및 파생상품시장에서의 매매거래,PROHIBITIVE,"제388조(시장에서의 거래자격) ① 거래소의 회원이 아닌 자는 증권시장 및 파생상품시장에서의 매매거래를 하여서는 아니 된다. 다만, 회원관리규정에서 특정한 증권의 매매거래를 할 수 있도록 정한 경우에는 그 특정한 증권의 매매거래를 할 수 있다. ② 제1항 단서에 따라 증권시장에서 매매거래를 할 수 있게 된 자는"
제377조제8호,[],,,,,,,"제377조제8호,"
제387조,[],,,,,,,
제389조,[],,,,,,,
제394조,[],,,,,,,"제394조,"
제395조,[],,,,,,,
제396조제2항,[],,,,,,,
제397조,[],,,,,,,
Unknown,[],REGULATION,Unknown,,,,,"제400조까지,"
Unknown,[],REGULATION,Unknown,,,,,제404조 및
제426조 제6항,"[None, None, 426, 6]",REGULATION,거래소의 회원,이것,본다,거래소의 회원,MANDATORY,제426조 제6항을 적용함에 있어서 이를 거래소의 회원으로 본다.
제389조,[],REGULATION,거래종결,거래소,종결시켜야 한다,매매거래,MANDATORY,제389조(거래의 종결) ① 거래소는 회원이 거래의 정지를 당하거나 그 자격을 상실한 경우에는 그 회원 또는 다른 회원으로 하여금 해당 증권시장 또는 파생상품시장에서 행한 매매거래를 종결시켜야 한다. 이 경우 자격을 상실한 회원은 매매거래를 종결시키는 범위에서 회원의 자격을 가진 것으로 본다. ② 제1항에 따라 거래소가 다른 회원으로 하여금 해당 매매거래를 종결시키는 경우에는 그 회원과 다른 회원 사이에 위임계약이 체결된 것으로 본다.
제390조,[],REGULATION,상장규정,거래소,정하다,상장규정,MANDATORY,제390조(상장규정) ① 거래소는 증권시장에 상장할 증권의 심사 및 상장증권의 관리를 위하여 증권상장규정(이하 “상장규정”이라 한다)을 정하여야 한다. 이 경우 거래소가 개설ㆍ운영하는 둘 이상의 증권시장에 대하여 별도의 상장규정으로 정할 수 있다. <개정 2013. 5. 28.> ② 상장규정에는 다음 각 호의 사항이 포함되어야 한다. 1. 증권의 상장기준 및 상장심사에 관한 사항 2. 증권의 상장폐지기준 및 상장폐지에 관한 사항 3. 증권의 매매거래정지와 그 해제에 관한 사항 4. 그 밖에 상장법인 및 상장증권의 관리에 관하여 필요한 사항
제391조,[],REGULATION,공시규정,거래소,상장,법인,MANDATORY,"제391조(공시규정) ① 거래소는 주권, 그 밖에 대통령령으로 정하는 증권을 상장한 법인(이하 이 조 및"
제392조,[],REGULATION,공시규정,거래소,정하여야 한다,공시규정,MANDATORY,"제392조에서 “주권등상장법인”이라 한다)의 기업내용 등의 신고ㆍ공시 및 관리를 위 하여 주권등상장법인 공시규정(이하 “공시규정”이라 한다)을 정하여야 한다. 이 경우 거래소 가 개설ㆍ운영하는 둘 이상의 증권시장에 대하여 별도의 공시규정으로 정할 수 있다. <개정 2013. 5. 28.> ② 공시규정에는 다음 각 호의 사항이 포함되어야 한다. 1. 주권등상장법인이 신고하여야 하는 내용에 관한 사항 2. 주권등상장법인이 신고함에 있어서 준수하여야 할 방법 및 절차에 관한 사항 3. 주권등상장법인에 관한 풍문이나 보도 등의 사실 여부 및 그 법인이 발행한 증권의 가격 이나 거래량의 현저한 변동의 원인 등에 대한 거래소의 신고 또는 확인 요구에 관한 사항 4. 주권등상장법인의 경영상 비밀유지와 투자자 보호와의 형평 등을 고려하여 신고ㆍ공시하 지 아니할 사항 5. 주권등상장법인이 신고한 내용의 공시에 관한 사항 6. 주권등상장법인의 제1호부터 제4호까지의 위반유형, 위반 여부 결정기준 및 조치 등에 관 한 사항 7. 매매거래의 정지 등 주권등상장법인의 관리에 관한 사항 8. 주권등상장법인의 신고의무 이행실태의 점검에 관한 사항 9. 그 밖에 주권등상장법인의 신고 또는 공시와 관련하여 필요한 사항"
제392조,[],REGULATION,통보,은행,통보,거래소,MANDATORY,제392조(공시의 실효성 확보) ① 은행은 주권등상장법인에 대하여 다음 각 호에 해당하는 사실 이 발생한 경우에는 이를 지체 없이 거래소에 통보하여야 한다. 1. 발행한 어음이나 수표가 부도로 된 경우 2. 은행과의 당좌거래가 정지 또는 금지된 경우 ② 거래소는
Unknown,[],REGULATION,Unknown,,,,,"제391조제2항제1호의 신고사항과 같은 항 제3호에 따른 신고 또는 확인 요구사 항에 대하여 투자자의 투자판단에 중대한 영향을 미칠 우려가 있어 그 내용을 신속하게 알릴 필요가 있는 경우에는 대통령령으로 정하는 방법에 따라 행정기관, 그 밖의 관계기관에 대하 여 필요한 정보의 제공 또는 교환을 요청할 수 있다. 이 경우 요청을 받은 기관은 특별한 사 유가 없는 한 이에 협조하여야 한다. ③ 거래소는 주권등상장법인이"
제391조,[],REGULATION,송부 및 공시,신고 및 금융위원회,송부 및 공시,금융위원회 및 인터넷 홈페이지,MANDATORY,제391조에 따라 신고를 한 경우에는 이를 지체 없이 금융위 원회에 송부하여야 한다. 금융위원회는 제3항에 따른 송부를 받은 경우에는 이를 인터넷 홈페이지 등을 이용하여 공시하여야 한다.
제393조,[],REGULATION,업무규정,거래소,정한다,업무규정,MANDATORY,"제393조(업무규정) ① 증권시장에서의 매매거래에 관하여 다음 각 호의 사항은 거래소의 증권 시장업무규정으로 정한다. 이 경우 거래소가 개설ㆍ운영하는 둘 이상의 증권시장에 대하여 별도의 증권시장업무규정으로 정할 수 있다. <개정 2013. 5. 28.> 1. 매매거래의 종류 및 수탁에 관한 사항 법제처 228 국가법령정보 센터 자본시장과 금융투자업에 관한 법률 2. 증권시장의 개폐ㆍ정지 또는 휴장에 관한 사항 3. 매매거래계약의 체결 및 결제의 방법. 다만, 증권인도와 대금지급에 관한 것을 제외한다. 4. 증거금(證據金)의 납부 등 매매거래의 규제에 관한 사항 5. 그 밖에 매매거래에 관하여 필요한 사항 ② 파생상품시장에서의 매매에 관하여 다음 각 호의 사항은 거래소의 파생상품시장업무규정 으로 정한다. 1. 장내파생상품 매매의 수탁에 관한 사항 2. 취급하는 장내파생상품 매매의 유형 및 품목 3. 장내파생상품 매매의 결제월 4. 파생상품시장의 개폐ㆍ정지 또는 휴장에 관한 사항 5. 장내파생상품 매매에 관한 계약의 체결 및 제한에 관한 사항 6. 위탁증거금 및 거래증거금에 관한 사항 7. 결제의 방법 8. 그 밖에 장내파생상품 매매 및 그 수탁에 관하여 필요한 사항"
제394조,[],REGULATION,손해배상공동기금,회원,적립,공동기금,MANDATORY,"제394조(손해배상공동기금) ① 회원은 증권시장 또는 파생상품시장에서의 매매거래(다자간매 매체결회사에서의 매매거래를 포함한다. 이하 이 조에서 같다)에 따른 채무의 불이행으로 인 하여 발생하는 손해를 배상하기 위하여 거래소에 손해배상공동기금(이하 “공동기금”이라 한 다)을 적립하여야 한다. 다만, 증권시장 또는 파생상품시장에서의 매매거래에 대한 결제이행 의 책임을 부담하지 아니하는 회원 등 거래소가 정하는 회원은 공동기금을 적립하지 아니할 수 있다. <개정 2025. 3. 6.> ② 거래소는 제1항에 따른 공동기금을 증권시장과 파생상품시장으로 구분하여 적립하여야 한다. ③ 회원(제1항 단서에 따른 회원을 제외한다)은 제1항 및 제2항의 공동기금의 범위에서 회원 의 증권시장 또는 파생상품시장에서의 매매거래에 따른 채무의 불이행으로 인하여 발생하는 손해배상에 관하여 연대책임을 진다. ④ 제1항의 공동기금의 총적립규모, 회원별 적립률, 적립방법, 사용, 관리, 환급, 그 밖에 그 운용에 관하여"
제395조,[],REGULATION,회원보증금,,,,MANDATORY,제395조(회원보증금) ① 회원은 장래 증권시장 또는 파생상품시장에서의 매매거래와 관련하여 발생할 수 있는 채무의 이행을 보증하기 위하여 거래소에 회원보증금을 예치하여야 한다. ② 거래소는
제398조,[398],REGULATION,회원보증금,회원,상계하다,채권,PROHIBITIVE,제398조에 따라 회원을 대신하여 채무를 이행 또는 인수함으로써 취득한 채권 을 그 회원에 대한 회원보증금과 상계하여서는 아니 된다. ③ 회원에게 증권 또는 장내파생상품의 매매를 위탁한 자는 그 위탁으로 발생한 채권에 대하 여 그 회원의 회원보증금에 관하여 다른 채권자보다 우선하여 변제받을 권리가 있다. ④ 제1항에 따른 회원보증금의 최저한도ㆍ운용 및 관리 등에 관하여 필요한 사항은 거래소 의 회원관리규정으로 정한다.
제396조,"[396, None, None, None]",REGULATION,위탁증거금 및 거래증거금,거래소의 회원,받아야 하며 예치해야 한다,위탁증거금 및 거래증거금,MANDATORY,제396조(위탁증거금 및 거래증거금) ① 거래소의 회원은 파생상품시장에서의 매매의 수탁과 관 련하여 거래소의 파생상품시장업무규정이 정하는 바에 따라 위탁자로부터 위탁증거금을 받 아야 한다. 법제처 229 국가법령정보 센터 자본시장과 금융투자업에 관한 법률 ② 거래소의 회원은 증권시장 또는 파생상품시장에서의 매매거래를 함에 있어서 거래소에 대하여 부담하는 채무의 이행을 보증하기 위하여 증권시장업무규정 및 파생상품시장업무규 정이 정하는 바에 따라 거래소에 거래증거금을 예치하여야 한다.
제397조,[],REGULATION,채무변제,거래소,충당,채무,PERMISSIVE,거래소는 회원이 거래소 또는 다른 회 원에 대하여 증권시장 또는 파생상품시장에서의 매매거래에 관한 채무를 이행하지 아니한 경우에는 그 회원의 거래증거금과 회원보증금으로 그 채무의 변제에 충당할 수 있다.
제398조,[398],REGULATION,채무이행,거래소,이행,채무,MANDATORY,제398조(거래소에 의한 채무이행 등) ① 거래소는 증권시장 및 파생상품시장에서의 매매거래를 원활하게 하기 위하여 증권시장업무규정 및 파생상품시장업무규정이 정하는 바에 따라 회원 을 대신하여 그 회원의 증권시장 또는 파생상품시장에서의 매매거래에 의한 채권ㆍ채무에 대 하여 그 채권을 행사 또는 취득하거나 그 채무를 이행 또는 인수할 수 있다. ② 제1항의 채무의 이행 또는 인수로 인하여 거래소에 손실이 발생한 경우 해당 회원은 증권 시장업무규정 및 파생상품시장업무규정이 정하는 바에 따라 거래소에 대하여 같은 채무를 부담한다.
제399조,[],REGULATION,손해배상책임,거래소,배상,손해,MANDATORY,제399조(거래소의 손해배상책임) ① 거래소는 회원의 증권시장 또는 파생상품시장에서의 매매 거래의 위약(違約)으로 인하여 발생하는 손해에 관하여 배상의 책임을 진다. ② 거래소가 제1항에 따라 손해를 배상하는 경우에는 대통령령으로 정하는 바에 따라 거래 소의 재산과
제394조,[],REGULATION,구상권,거래소,가진다,구상권,PERMISSIVE,제394조에 따라 적립된 공동기금에서 충당한다.<개정 2015. 7. 24.> ③ 거래소는 제1항 및 제2항에 따라 손해를 배상한 경우에는 위약한 회원에 대하여 그 배상 한 금액과 이에 소요된 비용에 관하여 구상권을 가진다. ④ 삭제<2015. 7. 24.> ⑤ 제3항의 구상권의 행사와 같은 항에 따라 추심된 금액의 배분 등에 필요한 사항은 대통령 령으로 정한다.<개정 2015. 7. 24.>
제400조,[],REGULATION,채무변제순위,거래소,우선하여 변제받을 권리,회원의 재산,PERMISSIVE,"제400조(채무변제순위) ① 거래소의 회원이 증권시장 또는 파생상품시장에서의 매매거래에 따른 채무를 이행하지 아니하여 거래소 또는 다른 회원에게 손해를 끼친 경우 그 손해를 입은 거래소 또는 다른 회원은 그 손해를 끼친 회원의 회원보증금ㆍ거래증거금 및 공동기금 지분에 대하여 다른 채권자보다 우선하여 변제받을 권리를 가진다. ② 거래소는 회원이 증권시장 또는 파생상품시장에서의 매매에 따른 결제를 위하여 납부한 대금ㆍ증권 및 품목에 관하여 다른 채권자보다 우선하여 변제를 받을 권리가 있다. ③ 거래소는 증권시장 또는 파생상품시장에서의 매매에 따른 결제완료 전에 대금ㆍ증권 및 품목이 인도된 경우에 해당 회원이 그 결제를 이행하지 아니함으로써 거래소에 손해를 끼친 때에는 그 회원의 재산에 관하여 다른 채권자보다 우선하여 변제를 받을 권리가 있다. 다만, 그 결제의 이행 기한이 도래하기 전에 설정된 전세권ㆍ질권ㆍ저당권 또는 「동산ㆍ채권 등의 담보에 관한 법률」에 따른 담보권에 의하여 담보된 채권에 대하여는 우선하여 변제를 받을 권리가 없다. <개정 2010. 6. 10.> ④ 제1항부터 제3항까지의 규정에 따른 거래소의 우선권은"
Unknown,[],REGULATION,Unknown,,,,,제395조제3항에 따른 위탁자의 회원보증금에 대한 권리보다 우선하는 효력을 가진다. 법제처 230 국가법령정보 센터 자본시장과 금융투자업에 관한 법률
제401조,"[4, None, 401, None]",REGULATION,시세 공표,거래소,공표,시세,MANDATORY,"제401조(시세의 공표) 거래소는 대통령령으로 정하는 방법에 따라 다음 각 호의 증권 및 장내파 생상품의 시세(다자간매매체결회사가 다자간매매체결업무를 할 때 형성된 시세를 제외한다. 이하 이 조에서 같다)를 공표하여야 한다. <개정 2013. 5. 28.> 1. 증권의 매일의 매매거래량 및 그 성립가격과 최고ㆍ최저 및 최종가격 2. 장내파생상품의 종목별 매일의 총거래량, 최초ㆍ최고ㆍ최저 및 최종거래 성립가격 또는 약정수치 3. 그 밖에 시세의 공정한 형성 및 투자자 보호에 필요하다고 인정되는 시세로서 대통령령으 로 정하는 시세 제4장 시장감시 및 분쟁조정"
제402조,[],REGULATION,시장감시위원회,거래소,둔다,시장감시위원회,MANDATORY,"제402조(시장감시위원회) ① 거래소에 다음 각 호의 업무를 수행하기 위하여 시장감시위원회를 둔다. <개정 2013. 5. 28., 2014. 12. 30.> 1. 시장감시, 이상거래의 심리 및 회원에 대한 감리(지정거래소가"
제78조제3항,[],DEFINITION,연계감시,지정거래소,포함한다,감시,DEFINITIONAL,"제78조제3항 및 제4항에 따라 행하는 감시, 이상거래의 심리 또는 거래참가자에 대한 감리를 포함한다) 2. 증권시장과 파생상품시장 사이의 연계감시(지정거래소가"
제404조제2항 및 제3항,"[None, None, 404, None]",REGULATION,불공정거래 예방,거래소시장,포함,연계감시,MANDATORY,"제404조제2항 및 제3항에 따라 행하는 거래소시장과 다른 거래소시장 사이 및 거래소시장과 다자간매매체결회사 사이의 연계감시를 포함한다) 3. 제1호 및 제2호에 따른 이상거래의 심리, 회원에 대한 감리, 연계감시의 결과에 따른 회원 또는 거래참가자에 대한 징계 또는 관련 임직원에 대한 징계요구의 결정 4. 불공정거래의 예방 등을 위한 활동 5."
제377조제10호,"[377, 10, None, None]",REGULATION,자율조정,,,업무,,제377조제10호에 따른 분쟁의 자율조정에 관한 업무 6.
제403조,[],REGULATION,시장감시규정,,,,,제403조에 따른 시장감시규정 및
제405조제1항,[],REGULATION,위원회 구성,시장감시위원회,구성,위원,MANDATORY,"제405조제1항에 따른 분쟁조정규정의 제정ㆍ변경 및 폐 지 7. 그 밖에 제1호부터 제6호까지의 업무에 부수하는 업무 ② 시장감시위원회는 다음 각 호의 위원으로 구성한다.<개정 2008. 2. 29.> 1. 시장감시위원회 위원장(이하 이 조에서 “시장감시위원장”이라 한다) 2. 삭제<2008. 2. 29.> 3. 금융위원회 위원장이 추천하는 2인 4. 협회가 추천하는 2인 ③ 시장감시위원회 위원의 임기는 3년으로 하며, 정관이 정하는 바에 따라 연임할 수 있다. ④ 시장감시위원장은 대통령령으로 정하는 금융에 관한 경험과 지식을 갖추고 거래소의 건 전한 경영과 공정한 거래질서를 해할 우려가 없는 자 중에서 시장감시위원회의 추천을 받아 주주총회에서 선임한다. ⑤ 금융위원회는 제4항에 따라 선임된 시장감시위원장이 직무수행에 부적합하다고 인정되 는 경우로서 대통령령으로 정하는 경우에는 그 선임된 날부터 1개월 이내에 그 사유를 구체 적으로 밝혀 해임을 요구할 수 있다. 이 경우 해임 요구된 시장감시위원장의 직무는 정지되 며, 거래소는 2개월 이내에 시장감시위원장을 새로 선임하여야 한다.<개정 2008. 2. 29.> ⑥ 「금융회사의 지배구조에 관한 법률」"
Unknown,[],REGULATION,Unknown,,,,,제5조는 시장감시위원회 위원의 자격에 관하여 준용 한다.<개정 2015. 7. 31.> 법제처 231 국가법령정보 센터 자본시장과 금융투자업에 관한 법률 ⑦ 시장감시위원회 위원 및 그 직에 있었던 자는 그 직무에 관하여 알게 된 비밀을 누설 또 는 이용하여서는 아니 된다. ⑧ 금융위원회는 시장감시위원회의 위원이 다음 각 호의 어느 하나에 해당하는 경우에는 그 위원에 대하여 6개월 이내의 기간을 정하여 업무집행을 정지하거나 해임을 요구할 수 있다. <개정 2008. 2. 29.> 1. 제7항을 위반하여 비밀을 누설하거나 이용한 경우 2. 그 밖에 투자자 보호 또는 건전한 시장 질서를 해할 우려가 있는 경우로서 대통령령으로 정하는 경우 ⑨ 그 밖에 시장감시위원회의 구성 및 운영에 관하여 필요한 사항은 정관으로 정한다.
제403조,[],ACTOR,시장감시위원회,시장감시위원회,,,,제403조(시장감시규정) 시장감시위원회는
제402조제1항제1호부터 제4호까지,"[402, 1, 1, 1]",REGULATION,시장감시규정,,제정,시장감시규정,MANDATORY,"제402조제1항제1호부터 제4호까지의 규정 및 이에 부수하는 사항이 포함된 시장감시규정을 제정하고, 이에 따라 업무를 수행한다. <개정 2013. 5. 28., 2014. 12. 30.> 1. 삭제<2013. 5. 28.> 2. 삭제<2013. 5. 28.> 3. 삭제<2013. 5. 28.> 4. 삭제<2013. 5. 28.>"
제404조,[],REGULATION,감리,거래소,요청,관련 자료,PERMISSIVE,"제404조(이상거래의 심리 또는 회원의 감리) ① 거래소는 다음 각 호의 어느 하나에 해당하는 경우에는 금융투자업자(증권 또는 장내파생상품을 대상으로 금융투자업을 영위하는 투자매 매업자 또는 투자중개업자에 한한다)에게 그 사유를 밝힌 서면으로 관련 자료의 제출을 요청 하거나, 회원에 대하여 그와 관련된 업무ㆍ재산상황ㆍ장부ㆍ서류, 그 밖의 물건을 감리할 수 있다. <개정 2013. 5. 28., 2014. 12. 30.> 1. 거래소시장에서 이상거래의 혐의가 있다고 인정되는 해당 증권의 종목 또는 장내파생상 품 매매 품목의 거래상황을 파악하기 위한 경우 2. 회원이 거래소의 업무관련규정을 준수하는지를 확인하기 위한 경우 3. 회원이"
제178조의2,[],REGULATION,거래소의 권한,거래소,제공,정보,MANDATORY,"제178조의2를 위반하는지를 확인하기 위한 경우 ② 거래소는 제1항에 따른 심리 또는 감리를 위하여 필요한 경우에는 회원에 대하여 이상거 래 또는 업무관련규정 위반혐의와 관련된 보고, 자료의 제출 또는 관계자의 출석ㆍ진술을 요 청할 수 있고, 지정거래소는 다른 거래소 또는 다자간매매체결회사에 대하여 이상거래의 심 리 및 감리와 관련한 정보의 제공 또는 교환을 요구할 수 있다.<개정 2013. 5. 28.> ③ 거래소는 제1항 또는 제2항에 따른 요청 또는 요구를 거부하거나 제1항에 따른 감리에 협 조하지 아니하는 경우 시장감시규정이 정하는 바에 따라 회원의 자격을 정지하거나 증권 및 장내파생상품의 매매거래를 제한할 수 있고, 지정거래소는 다른 거래소 또는 다자간매매체 결회사에 대하여 회원 또는 거래참가자의 자격을 정지하거나 거래를 제한할 것을 요구할 수 있다.<개정 2013. 5. 28.>"
제405조,[],PROCEDURE,분쟁의 자율조정,시장감시위원회,,,,제405조(분쟁의 자율조정) ① 시장감시위원회는
제377조제10호,[],REGULATION,분쟁조정규정,시장감시위원회,정한다,분쟁조정규정,MANDATORY,"제377조제10호에 따른 분쟁의 자율조정을 위 하여 필요한 분쟁조정규정을 정한다. ② 시장감시위원회는 분쟁조정을 위하여 필요하다고 인정되는 경우에는 당사자에 대하여 사 실의 확인 또는 자료의 제출 등을 요구할 수 있다. 법제처 232 국가법령정보 센터 자본시장과 금융투자업에 관한 법률 ③ 시장감시위원회는 당사자, 그 밖의 이해관계인의 의견을 들을 필요가 있다고 인정되는 경 우에는 이들에게 회의에 출석하여 의견을 진술할 것을 요청할 수 있다. 제5장 소유 등에 대한 규제"
제406조,[],REGULATION,주식소유 제한,주식소유자,소유,주식,PROHIBITIVE,"제406조(주식소유의 제한) ① 누구든지 다음 각 호의 어느 하나에 해당하는 경우를 제외하고는 거래소의 의결권 있는 발행주식총수의 100분의 5를 초과하여 거래소가 발행한 주식을 소유 할 수 없다. <개정 2008. 2. 29., 2013. 5. 28.> 1. 집합투자기구가 소유하는 경우(사모집합투자기구가 소유하는 경우를 제외한다) 2. 외국 거래소(외국 법령에 따라 외국에서 거래소에 상당하는 기능을 수행하는 자를 말한다. 이하 같다)와의 제휴를 위하여 필요한 경우로서 금융위원회가 자본시장의 효율성과 건전 성에 기여할 가능성, 해당 거래소 주주의 보유지분 분포 등을 고려하여 구체적인 보유한도 를 정하여 승인한 경우 3. 정부가 소유하는 경우 4. 그 밖에 거래소의 공정한 운영을 해할 우려가 없는 경우로서 대통령령으로 정하는 경우 ② 다음 각 호의 어느 하나에 해당하는 경우에는 제1항에 따라 제한되는 주식의 소유로 본다 . 1. 신탁계약, 그 밖의 계약 또는 법률의 규정에 따라 그 주식에 대한 의결권을 행사할 수 있 는 권한 또는 그 의결권의 행사를 지시할 수 있는 권한을 가지는 경우 2. 대통령령으로 정하는 특수관계에 있는 자가 주식을 소유하는 경우 3. 그 밖에 제1호 및 제2호에 준하는 경우로서 대통령령으로 정하는 경우 ③ 제1항을 위반하여 주식을 소유하는 경우 그 초과분에 대하여는 의결권을 행사할 수 없으 며, 제1항을 위반하여 주식을 소유한 자는 지체 없이 제1항에서 정한 한도에 적합하도록 하 여야 한다. ④ 금융위원회는 제3항을 준수하지 아니한 자에게 6개월 이내의 기한을 정하여 그 한도를 초과하는 주식을 처분할 것을 명할 수 있다.<개정 2008. 2. 29.>"
제407조,[],,이행강제금,금융위원회,,,,제407조(이행강제금) ① 금융위원회는
제406조제4항,[],REGULATION,주식처분명령,,,주식처분명령,,제406조제4항에 따른 주식처분명령 또는
제426조의3,[],REGULATION,이행강제금,금융위원회,부과,이행강제금,MANDATORY,"제426조의3제 7항제1호에 따른 금융투자상품의 처분명령(이하 이 조에서 “처분명령”이라 한다)을 받은 후 그 기한 이내에 그 처분명령을 이행하지 아니한 자에 대하여는 다시 상당한 이행 기한을 정하 여 그 주식 또는 금융투자상품을 처분할 것을 명하고, 그 기한까지 처분명령을 이행하지 아니 하는 경우에는 그 처분하여야 하는 주식 또는 금융투자상품의 취득가액의 100분의 5를 초과 하지 아니하는 범위에서 이행강제금을 부과한다. <개정 2008. 2. 29., 2024. 10. 22.> ② 금융위원회는 제1항에 따른 이행강제금을 부과하기 전에 제1항에 따른 이행강제금을 부 과ㆍ징수한다는 뜻을 미리 문서로써 통지하여야 한다.<개정 2008. 2. 29.> ③ 금융위원회는 제1항에 따른 이행강제금을 부과하는 경우에는 이행강제금의 금액, 이행강 제금의 부과사유, 이행강제금의 납부기한 및 수납기간, 이의제기방법 및 이의제기기관 등을 밝힌 문서로써 하여야 한다.<개정 2008. 2. 29.> ④ 금융위원회는 처분명령을 한 날을 기준으로 하여 1년에 2회 이내의 범위에서 그 처분명 령이 이행될 때까지 반복하여 제1항에 따른 이행강제금을 부과ㆍ징수할 수 있다.<개정 2008. 2. 29., 2024. 10. 22.> 법제처 233 국가법령정보 센터 자본시장과 금융투자업에 관한 법률 ⑤ 금융위원회는 처분명령을 받은 자가 처분명령을 이행한 경우에는 새로운 이행강제금의 부과를 중지하되, 이미 부과된 이행강제금은 징수하여야 한다.<개정 2008. 2. 29., 2024. 10. 22.> ⑥"
제430조,[],,제430조,,,,,제430조(제2항을 제외한다)부터
제434조,[],REGULATION,이행강제금 부과 및 징수,제434조까지의 규정,준용,이행강제금 부과 및 징수,MANDATORY,제434조까지의 규정은 이행강제금의 부과 및 징수에 관 하여 준용한다.
제408조,[],REGULATION,영업양도 승인,거래소,받아야 한다,금융위원회의 승인,MANDATORY,"거래소는 영업양도, 합병, 분할, 분할합병 또는 주식의 포괄적 교 환ㆍ이전을 하고자 하는 경우에는 금융위원회의 승인을 받아야 한다."
제409조,"[6, None, 409, None]",REGULATION,상장 및 상장폐지 승인,거래소,받다,금융위원회의 승인,MANDATORY,"제409조(거래소가 발행한 증권의 상장 및 상장폐지의 승인) ① 거래소는 자기가 발행한 증권을 상장하거나 상장을 폐지하고자 하는 경우에는 금융위원회의 승인을 받아야 한다. <개정 2008. 2. 29.> ② 거래소는 제1항에 따라 상장한 경우에는 이상거래의 심리, 회원의 감리, 수시공시, 그 밖 의 상장관리 등을 자체적으로 수행하고 그 결과를 금융위원회에 보고하여야 한다.<개정 2008. 2. 29.> 제6장 감독 등"
제410조,[],REGULATION,보고와 검사,,명하고 검사할 수 있다,거래소,MANDATORY,"제410조(보고와 검사) ① 금융위원회는 투자자 보호 또는 건전한 거래질서를 위하여 필요하다 고 인정되는 경우에는 거래소에 대하여 그 업무 및 재산에 관한 보고 또는 참고가 될 자료의 제출을 명하고, 금융감독원장에게 그 업무ㆍ재산상황ㆍ장부ㆍ서류, 그 밖의 물건을 검사하게 할 수 있다. <개정 2008. 2. 29.> ② 제1항에 따라 검사를 하는 자는 그 권한을 표시하는 증표를 지니고 관계인에게 내보여야 한다. ③ 금융감독원장은 제1항에 따라 검사를 한 경우에는 그 결과를 금융위원회에 보고하여야 한다. 이 경우 이 법 또는 이 법에 따른 명령이나 처분을 위반한 사실이 있는 때에는 그 처리에 관한 의견서를 첨부하여야 한다. ④"
제419조제9항,"[None, None, 419, 9]",REGULATION,준용,제419조제9항,준용,검사,MANDATORY,제419조제9항은 거래소에 대한 검사에 관하여 준용한다.
제411조,[],REGULATION,거래소,금융위원회,,거래소,MANDATORY,제411조(거래소에 대한 조치) ① 금융위원회는 거래소가 다음 각 호의 어느 하나에 해당하는 경 우에는
제373조의2제1항,[],REGULATION,거래소허가 취소,,취소,거래소허가,PERMISSIVE,"제373조의2제1항에 따른 거래소허가를 취소할 수 있다. <개정 2008. 2. 29., 2013. 5. 28.> 1. 거짓, 그 밖의 부정한 방법으로"
제373조의2제1항,[],REGULATION,허가조건,허가받은자,받다,허가,,제373조의2제1항에 따른 허가를 받은 경우 2. 허가조건을 위반한 경우 3.
제373조의5,[],REGULATION,위반 시 조치,금융위원회,할 수 있다,조치,PERMISSIVE,"제373조의5에 따른 허가요건 유지의무를 위반한 경우 4. 업무의 정지기간 중에 업무를 한 경우 5. 금융위원회의 시정명령 또는 중지명령을 이행하지 아니한 경우 6. 별표 14 각 호의 어느 하나에 해당하는 경우로서 대통령령으로 정하는 경우 7. 대통령령으로 정하는 금융관련 법령 등을 위반한 경우로서 대통령령으로 정하는 경우 8. 그 밖에 투자자의 이익을 현저히 해할 우려가 있거나 해당 업무를 영위하기 곤란하다고 인정되는 경우로서 대통령령으로 정하는 경우 ② 금융위원회는 거래소가 제1항 각 호(제6호는 제외한다)의 어느 하나에 해당하거나 별표 14 각 호의 어느 하나에 해당하는 경우에는 다음 각 호의 어느 하나에 해당하는 조치를 할 수 있다.<개정 2008. 2. 29., 2013. 5. 28.> 법제처 234 국가법령정보 센터 자본시장과 금융투자업에 관한 법률 1. 6개월 이내의 업무의 전부 또는 일부의 정지 2. 계약의 인계명령 3. 위법행위의 시정명령 또는 중지명령 4. 위법행위로 인한 조치를 받았다는 사실의 공표명령 또는 게시명령 5. 기관경고 6. 기관주의 7. 그 밖에 위법행위를 시정하거나 방지하기 위하여 필요한 조치로서 대통령령으로 정하는 조치 ③ 금융위원회는 거래소의 임원이 제1항 각 호(제6호는 제외한다)의 어느 하나에 해당하거나 별표 14 각 호의 어느 하나에 해당하는 경우에는 다음 각 호의 어느 하나에 해당하는 조치를 할 수 있다.<개정 2008. 2. 29., 2013. 5. 28.> 1. 해임요구 2. 6개월 이내의 직무정지 3. 문책경고 4. 주의적 경고 5. 주의 6. 그 밖에 위법행위를 시정하거나 방지하기 위하여 필요한 조치로서 대통령령으로 정하는 조치 7. 삭제<2017. 4. 18.> ④ 금융위원회는 거래소의 직원이 제1항 각 호(제6호는 제외한다)의 어느 하나에 해당하거나 별표 14 각 호의 어느 하나에 해당하는 경우에는 다음 각 호의 어느 하나에 해당하는 조치를 거래소에 요구할 수 있다.<개정 2013. 5. 28.> 1. 면직 2. 6개월 이내의 정직 3. 감봉 4. 견책 5. 경고 6. 주의 7. 그 밖에 위법행위를 시정하거나 방지하기 위하여 필요한 조치로서 대통령령으로 정하는 조치 ⑤"
제422조제3항,"[None, None, 422, 3]",,,,,,,"제422조제3항,"
제423조,[],REGULATION,제1호 제외,제1호,제외,,MANDATORY,제423조(제1호는 제외한다)
제424조,[],REGULATION,제424조,,,,,제424조(제2항은 제외한다) 및
제425조,[],REGULATION,준용,거래소 및 그 임직원,준용,조치,MANDATORY,제425조는 거 래소 및 그 임직원에 대한 조치 등에 관하여 준용한다.<신설 2013. 5. 28.>
제412조,[],REGULATION,규정 승인,거래소,제정·변경·폐지,금융위원회,MANDATORY,"제412조(거래소 규정의 승인) ① 거래소는 회원관리규정ㆍ증권시장업무규정ㆍ파생상품시장업무규정ㆍ상장규정ㆍ공시규정ㆍ시장감시규정ㆍ분쟁조정규정, 그 밖의 업무에 관한 규정을 제정ㆍ변경하거나 폐지하고자 하는 경우에는 금융위원회의 승인을 받아야 한다. <개정 2008. 2. 29.> ② 삭제<2008. 2. 29.>"
제413조,[],REGULATION,긴급사태시의 처분,금융위원회,할 수 있다,거래소,PERMISSIVE,"금융위원회는 천재지변, 전시, 사변, 경제사정의 급격한 변동, 그 밖에 이에 준하는 사태의 발생으로 인하여 매매거래가 정상적으로 이루어질 수 없다고 인정 법제처 235 국가법령정보 센터 자본시장과 금융투자업에 관한 법률 되는 경우에는 거래소에 대하여 개장시간의 변경, 거래의 중단 또는 시장의 휴장을 명하거나, 그 밖에 필요한 조치를 할 수 있다."
제414조,[],REGULATION,시장효율화위원회,금융위원회,설치한다,시장효율화위원회,MANDATORY,"제414조(시장효율화위원회) ① 증권시장 및 파생상품시장의 거래비용 절감과 관련한 사항에 대 한 심의를 위하여 금융위원회에 시장효율화위원회를 설치한다. <개정 2008. 2. 29., 2013. 5. 28.> ② 이 법에 따라 설립된 기관, 그 밖에 대통령령으로 정하는 기관이 수수료 등을 변경하거나 대통령령으로 정하는 금액 이상으로 전산에 대한 투자를 하고자 하는 경우에는 시장효율화 위원회의 심의를 거쳐야 한다. ③ 시장효율화위원회의 구성 및 운영에 관하여 필요한 사항은 대통령령으로 정한다. 제8편 감독 및 처분 제1장 명령 및 승인 등"
제415조,[],REGULATION,감독,금융위원회,감독,금융투자 업자,MANDATORY,제415조(감독) 금융위원회는 투자자를 보호하고 건전한 거래질서를 유지하기 위하여 금융투자 업자가 이 법 또는 이 법에 따른 명령이나 처분을 적절히 준수하는지 여부를 감독하여야 한다 . <개정 2008. 2. 29.>
제416조,[],REGULATION,조치명령권,금융위원회,명령,금융투자업자 및 임원,MANDATORY,제416조(금융위원회의 조치명령권) ① 금융위원회는 투자자를 보호하고 건전한 거래질서를 유 지하기 위하여 긴급한 조치가 필요하다고 명백히 인정되는 경우에는 금융투자업자 및 그 임 원(「상법」
Unknown,[],REGULATION,Unknown,,,,,"제401조의2제1항 각 호의 자를 포함한다. 이하 이 조에서 같다)에 대하여 다음 각 호의 사항에 관하여 필요한 조치를 명할 수 있다. 다만, 제7호의 장내파생상품의 거래규모의 제한에 관한 사항에 관하여는 위탁자에게도 필요한 조치를 명할 수 있다. <개정 2008. 2. 29., 2009. 2. 3., 2023. 3. 21.> 1. 금융투자업자의 고유재산 운용에 관한 사항 2. 투자자 재산의 보관ㆍ관리에 관한 사항 3. 금융투자업자의 경영 및 업무개선에 관한 사항 4. 각종 공시에 관한 사항 5. 영업의 질서유지에 관한 사항 6. 영업방법에 관한 사항 7. 장내파생상품 및 장외파생상품의 거래규모의 제한에 관한 사항 8. 그 밖에 투자자 보호 또는 건전한 거래질서를 위하여 필요한 사항으로서 대통령령으로 정 하는 사항 ② 제1항에서 정하는 필요한 조치란 다음 각 호에 해당하는 조치를 말한다.<신설 2023. 3. 21.> 1. 채무불이행 또는 가격변동 등의 위험이 높은 자산의 취득금지 또는 비정상적으로 높은 금 리에 의한 수신(受信)의 제한 2. 영업의 양도나 예금ㆍ대출 등 금융거래와 관련된 계약의 이전 3. 채무변제행위의 금지 4. 계열회사 등 제3자에 대한 송금ㆍ자산이전 등 거래 금지 5. 투자자예탁금 등의 전부 또는 일부의 반환명령이나 지급정지 6. 투자자예탁금 등의 수탁금지 또는 다른 금융투자업자로의 이전 법제처 236 국가법령정보 센터 자본시장과 금융투자업에 관한 법률 7. 임원의 직무정지나 임원의 직무를 대행하는 관리인의 선임 8. 보유자산의 처분이나 점포ㆍ조직의 축소 9. 합병 또는 제3자에 의한 해당 금융기관의 인수 10. 보고 또는 자료의 제출과 제출한 보고서 또는 자료의 공시 11. 영업의 전부 또는 일부 정지 12. 증권 및 파생상품의 매매제한 13. 파생상품의 거래규모 제한 14. 그 밖에 제1호부터 제13호까지에 준하는 조치로서 대통령령으로 정하는 조치 ③ 제2항제7호에 따라 금융위원회가 선임한 관리인의 권한, 해임, 등기 등에 관하여는 「금융 산업의 구조개선에 관한 법률」"
제14조의3,[],REGULATION,제14조의3 준용 및 조치명령 세부기준 정함,대통령령,정한다,조치명령 세부기준,MANDATORY,"제14조의3을 준용한다.<신설 2023. 3. 21.> ④ 제1항부터 제3항까지에 따른 조치명령의 세부기준, 절차, 그 밖에 필요한 사항은 대통령 령으로 정한다.<신설 2023. 3. 21.> [제목개정 2008. 2. 29.]"
제417조,"[0, 0, 417, 0]",REGULATION,승인,금융투자업자,받아야 한다,금융위원회의 승인,MANDATORY,"제417조(승인사항 등) ① 금융투자업자는 다음 각 호의 어느 하나에 해당하는 행위(겸영금융투자업자의 경우에는 제4호부터 제7호까지에 한한다)를 하고자 하는 경우에는 금융위원회의 승인을 받아야 한다. 다만, 역외투자자문업자 및 역외투자일임업자의 경우에는 제1호부터 제 5호까지 및 제8호에 해당하는 행위를 한 날부터 7일 이내에 금융위원회에 보고하여야 한다. <개정 2008. 2. 29., 2018. 3. 27.> 1. 합병, 분할 또는 분할합병 2. 주식의 포괄적 교환 또는 이전 3. 해산 4."
제6조,"[None, None, 6, None]",REGULATION,양도 또는 양수,금융투자업 전부,양도 또는 양수,,,제6조제1항제1호부터 제3호까지 및 제6호의 어느 하나에 해당하는 금융투자업 전부(이에 준하는 경우를 포함한다)의 양도 또는 양수 5.
제6조제1항제4호 및 제5호,[],DEFINITION,양도 또는 양수,금융투자업 전부,양도,,DEFINITIONAL,제6조제1항제4호 및 제5호의 어느 하나에 해당하는 금융투자업 전부(이에 준하는 경우를 포함한다)의 양도 또는 양수 6.
제6조제1항제1호부터 제3호까지 및 제6호의 어느 하나,[],REGULATION,폐지,금융투자업 전부,폐지,,MANDATORY,제6조제1항제1호부터 제3호까지 및 제6호의 어느 하나에 해당하는 금융투자업 전부(이에 준하는 경우를 포함한다)의 폐지 7.
제6조제1항제4호 및 제5호,[],PROCEDURE,폐지,금융위원회,공고,관보,MANDATORY,"제6조제1항제4호 및 제5호의 어느 하나에 해당하는 금융투자업 전부(이에 준하는 경우를 포함한다)의 폐지 8. 그 밖에 투자자 보호 또는 채권자 보호 등을 위하여 필요한 사항으로서 대통령령으로 정 하는 행위 ② 금융위원회는 제1항에 따른 승인을 하거나 보고를 받은 경우 그 내용을 관보 및 인터넷 홈페이지 등에 공고하여야 한다.<개정 2008. 2. 29., 2018. 3. 27.> ③ 제1항의 승인ㆍ보고의 기준ㆍ방법, 그 밖의 승인ㆍ보고 업무 처리를 위하여 필요한 사항 은 대통령령으로 정한다.<개정 2018. 3. 27.> [제목개정 2018. 3. 27.]"
제418조,[],REGULATION,보고,금융투자업자,보고,금융위원회,MANDATORY,제418조(보고사항) 금융투자업자(겸영금융투자업자의 경우에는 제6호부터 제9호까지에 한한다 )는 다음 각 호의 어느 하나에 해당하는 경우에는 대통령령으로 정하는 방법에 따라 그 사실 을 금융위원회에 보고하여야 한다. <개정 2008. 2. 29.> 법제처 237 국가법령정보 센터 자본시장과 금융투자업에 관한 법률 1. 상호를 변경한 때 2. 정관 중 대통령령으로 정하는 중요한 사항을 변경한 때 3. 삭제<2015. 7. 31.> 4. 최대주주가 변경된 때 5. 대주주 또는 그의 특수관계인의 소유주식이 의결권 있는 발행주식총수의 100분의 1 이상 변동된 때 6.
제6조제1항,[],REGULATION,양도/양수,금융투자업자,양도,금융투자업의 일부,MANDATORY,제6조제1항제1호부터 제3호까지 및 제6호의 어느 하나에 해당하는 금융투자업의 일부를 양도하거나 양수한 때 7.
제6조제1항제4호 및 제5호,[],REGULATION,양도 또는 양수,,양도,금융투자업의 일부,MANDATORY,제6조제1항제4호 및 제5호의 어느 하나에 해당하는 금융투자업의 일부를 양도 또는 양수 한 때 8.
제6조,[],REGULATION,폐지,금융투자업,폐지,금융투자업의 일부,,제6조제1항제1호부터 제3호까지 및 제6호의 어느 하나에 해당하는 금융투자업의 일부를 폐지한 때 9.
제6조제1항제4호 및 제5호,[],REGULATION,폐지,금융투자업,폐지,금융투자업의 일부,MANDATORY,"제6조제1항제4호 및 제5호의 어느 하나에 해당하는 금융투자업의 일부를 폐지한 때 10. 지점, 그 밖의 영업소를 신설하거나 폐지한 때 11. 본점의 위치를 변경한 때 12. 본점ㆍ지점, 그 밖의 영업소의 영업을 중지하거나 다시 시작한 때 13. 그 밖에 투자자 보호 또는 건전한 거래질서를 위하여 필요한 경우로서 대통령령으로 정 하는 경우 제2장 검사 및 조치"
제419조,[],REGULATION,검사,금융투자업자,받다,검사,MANDATORY,제419조(금융투자업자에 대한 검사) ① 금융투자업자는 그 업무와 재산상황에 관하여 금융감독 원장의 검사를 받아야 한다. ② 한국은행은 금융통화위원회가 금융투자업자의
제40조제1항제3호 또는 제4호,[],REGULATION,통화신용정책,업무,인정,필요,,제40조제1항제3호 또는 제4호의 업무와 관련하여 통화신용정책의 수행 및 지급결제제도의 원활한 운영을 위하여 필요하다고 인정하는 때에는
제40조제1항제3호,[],REGULATION,자료제출 요구,한국은행,요구,자료제출,PERMISSIVE,제40조제1항제3호 또는 제4호의 업무를 영위하는 금융투자업자에 대하여 자료제출을 요구할 수 있다. 이 경우 요구하는 자료는 금융투자업자의 업무부담을 충분히 고려하여 필요한 최소한의 범위로 한정하여야 한다.
제40조제1항제3호 또는 제4호,"[40, 1, None, None]",REGULATION,검사 요구,금융감독원장,요구할 수 있다,검사,PERMISSIVE,제40조제1항제3호 또는 제4호의 업무에 대하여 금융감독원장 에게 검사를 요구하거나 한국은행과의 공동검사를 요구할 수 있다.
제87조,[],,,,,,,제87조 및
제88조,[],CONCEPT,금융위원회의 설치 등에 관한 법률,,,,,제88조와 「금융위원회의 설치 등에 관한 법률」
제62조,[],REGULATION,검사,금융감독원장,검사,금융투자업자,MANDATORY,"제62조는 제2항 및 제3항의 요구 방법 및 절차에 관하여 준용한다.<개정 2008. 2. 29.> ⑤ 금융감독원장은 제1항의 검사를 함에 있어서 필요하다고 인정되는 경우에는 금융투자업 자에게 업무 또는 재산에 관한 보고, 자료의 제출, 증인의 출석, 증언 및 의견의 진술을 요구 할 수 있다. ⑥ 제1항에 따라 검사를 하는 자는 그 권한을 표시하는 증표를 지니고 이를 관계자에게 내보 여야 한다. ⑦ 금융감독원장이 제1항에 따른 검사를 한 경우에는 그 보고서를 금융위원회에 제출하여야 한다. 이 경우 이 법 또는 이 법에 따른 명령이나 처분을 위반한 사실이 있는 때에는 그 처리 에 관한 의견서를 첨부하여야 한다.<개정 2008. 2. 29.> 법제처 238 국가법령정보 센터 자본시장과 금융투자업에 관한 법률 ⑧ 금융감독원장은 제1항에 따른 검사업무의 일부를 대통령령으로 정하는 바에 따라 거래소 또는 협회에 위탁할 수 있다. ⑨ 금융위원회는 검사의 방법ㆍ절차, 검사결과에 대한 조치기준, 그 밖의 검사업무와 관련하 여 필요한 사항을 정하여 고시할 수 있다.<개정 2008. 2. 29.>"
제420조,[],REGULATION,금융투자업자,금융위원회,,금융투자업자,,제420조(금융투자업자에 대한 조치) ① 금융위원회는 금융투자업자가 다음 각 호의 어느 하나 에 해당하는 경우에는
제12조,[],PROCEDURE,금융투자업 인가,,인가,금융투자업,MANDATORY,"제12조에 따른 금융투자업인가,"
제16조의2,[],REGULATION,업무 단위 추가등록,업무 단위,추가등록,,MANDATORY,제16조의2에 따른 업무 단위 추가등록 또는
제18조,[],,,,,,,
제117조의4,[],,,,,,,제117조의4 및
제249조의3,[],REGULATION,등록 취소,,취소,금융투자업등록,PERMISSIVE,"제249조의3에 따른 금융투자업등록을 취소할 수 있다. <개정 2008. 2. 29., 2015. 7. 24., 2020. 3. 24., 2021. 6. 8.> 1. 거짓, 그 밖의 부정한 방법으로 금융투자업의 인가를 받거나 등록한 경우 2. 인가조건 또는 업무 단위 추가등록조건을 위반한 경우"
제15조제1항,"[None, None, 15, 1]",REGULATION,인가요건 및 업무 단위 추가등록요건,,,인가요건 및 업무 단위 추가등록요건,MANDATORY,"제15조제1항에 따른 인가요건, 같은 조 제2항에 따른 업무 단위 추가등록요건 또는"
제 20조,[],,,,,,,
제117조의4제8항,[],,,,,,,제117조의4제8항 및
제249조의3제8항,"[249, 3, 8]",PENALTY,등록요건의 유지의무 위반,등록요건의 유지의무,위반,,,제249조의3제8항에 따른 등록요건의 유지의무를 위반한 경우 4. 업무의 정지기간 중에 업무를 한 경우 5. 금융위원회의 시정명령 또는 중지명령을 이행하지 아니한 경우 6. 별표 1 각 호의 어느 하나에 해당하는 경우로서 대통령령으로 정하는 경우 7. 대통령령으로 정하는 금융관련 법령 등을 위반한 경우로서 대통령령으로 정하는 경우 8. 「금융소비자 보호에 관한 법률」
제51조제1항제4호 또는 제5호,"[51, 1, 4]",REGULATION,해산,금융투자업자,해산,금융투자업자,MANDATORY,"제51조제1항제4호 또는 제5호에 해당하는 경우 9. 그 밖에 투자자의 이익을 현저히 해할 우려가 있거나 해당 금융투자업을 영위하기 곤란하 다고 인정되는 경우로서 대통령령으로 정하는 경우 ② 금융투자업자(겸영금융투자업자를 제외한다)는 제1항에 따라 그 업무에 관련된 금융투자 업인가와 금융투자업등록이 모두 취소된 경우에는 이로 인하여 해산한다. ③ 금융위원회는 금융투자업자가 제1항 각 호(제6호를 제외한다)의 어느 하나에 해당하거나 별표 1 각 호의 어느 하나에 해당하는 경우 또는 「금융회사의 지배구조에 관한 법률」 별표 각 호의 어느 하나에 해당하는 경우(제1호에 해당하는 조치로 한정한다), 「금융소비자 보호 에 관한 법률」"
제51조제2항,[],REGULATION,위법행위 조치,,할 수 있다,조치,PERMISSIVE,"제51조제2항 각 호 외의 부분 본문 중 대통령령으로 정하는 경우에 해당하는 경우(제1호에 해당하는 조치로 한정한다)에는 다음 각 호의 어느 하나에 해당하는 조치를 할 수 있다.<개정 2008. 2. 29., 2015. 7. 31., 2020. 3. 24.> 1. 6개월 이내의 업무의 전부 또는 일부의 정지 2. 신탁계약, 그 밖의 계약의 인계명령 3. 위법행위의 시정명령 또는 중지명령 4. 위법행위로 인한 조치를 받았다는 사실의 공표명령 또는 게시명령 5. 기관경고 6. 기관주의 7. 그 밖에 위법행위를 시정하거나 방지하기 위하여 필요한 조치로서 대통령령으로 정하는 조치"
제421조,[],REGULATION,지점 인가 취소,금융위원회,취소,지점,MANDATORY,"제421조(외국 금융투자업자의 지점등의 인가ㆍ등록의 취소 등에 대한 특례) ① 금융위원회는 외국 금융투자업자가 다음 각 호의 어느 하나에 해당하는 경우에는 그 외국 금융투자업자의 지점, 그 밖의 영업소에 대하여"
제12조,[],PROCEDURE,금융투자업인가,금융투자업,인가,,MANDATORY,제12조에 따른 금융투자업인가
제16조의2,[],REGULATION,업무 단위 추가등록,업무 단위,추가등록,,MANDATORY,제16조의2에 따른 업무 단위 추가등록 또는
제18조,[],,,,,,,
제117조의4,"[None, None, 117, 4]",,,,,,,제117조의4 및
제249조의3,[],REGULATION,금융투자업등록 취소,외국 금융투자업자의 지점,취소할 수 있다,금융투자업등록,PERMISSIVE,"제249조의3에 따른 금융투자업등록을 취소할 수 있 법제처 239 국가법령정보 센터 자본시장과 금융투자업에 관한 법률 다. <개정 2008. 2. 29., 2015. 7. 24., 2021. 6. 8.> 1. 해산 2. 파산 3. 합병 또는 영업의 양도 등으로 인한 소멸 4. 국내지점, 그 밖의 영업소가 영위하는 금융투자업에 상당하는 영업의 폐지 또는 인가ㆍ등 록의 취소 5. 국내지점, 그 밖의 영업소가 영위하는 금융투자업에 상당하는 영업의 중지 또는 정지 6. 외국 법령을 위반한 경우(국내지점, 그 밖의 영업소가 이로 인해 영업 수행이 곤란하다고 인정되는 경우에 한한다) ② 외국 금융투자업자의 지점, 그 밖의 영업소는 제1항 각 호의 어느 하나에 해당하는 사실 이 발생한 경우에는 지체 없이 그 사실을 금융위원회에 보고하여야 한다.<개정 2008. 2. 29.> ③ 외국 금융투자업자의 지점, 그 밖의 영업소는 제1항에 따라 그 업무에 관련된 금융투자업 인가와 금융투자업등록이 모두 취소된 경우에는 지체 없이 청산하여야 한다. ④ 제1항 및 제2항은 역외투자자문업자 또는 역외투자일임업자의 등록취소 등에 관하여 준용한다. 이 경우 제1항 각 호 외의 부분 중 “외국 금융투자업자”는 “역외투자자문업자 또는 역외투자일임업자”로, “외국 금융투자업자의 지점, 그 밖의 영업소”는 “역외투자자문업자 또는 역외투자일임업자”로 보고, 같은 항 제4호 및 제5호 중 “국내지점, 그 밖의 영업소가 영위 하는 금융투자업”은 각각 “투자자문업 또는 투자일임업”으로, 같은 항 제6호 중 “국내지점, 그 밖의 영업소”는 “역외투자자문업자 또는 역외투자일임업자”로 보며, 제2항 중 “외국 금융 투자업자의 지점, 그 밖의 영업소”는 “역외투자자문업자 또는 역외투자일임업자”로 본다."
제422조,[],REGULATION,임직원,금융위원회,,임원,,제422조(임직원에 대한 조치) ① 금융위원회는 금융투자업자의 임원이
제420조제1항,"[420, 1, 0, 0]",REGULATION,조치,금융위원회,할 수 있다,조치,PERMISSIVE,제420조제1항 각 호(제 6호를 제외한다)의 어느 하나에 해당하거나 별표 1 각 호의 어느 하나에 해당하는 경우에는 다음 각 호의 어느 하나에 해당하는 조치를 할 수 있다. <개정 2008. 2. 29.> 1. 해임요구 2. 6개월 이내의 직무정지 3. 문책경고 4. 주의적 경고 5. 주의 6. 그 밖에 위법행위를 시정하거나 방지하기 위하여 필요한 조치로서 대통령령으로 정하는 조치 ② 금융위원회는 금융투자업자의 직원이
제420조제1항,"[420, 1, None, None]",REGULATION,제재 조치,금융투자업자,요구,조치,PERMISSIVE,제420조제1항 각 호(제6호를 제외한다)의 어느 하 나에 해당하거나 별표 1 각 호의 어느 하나에 해당하는 경우에는 다음 각 호의 어느 하나에 해당하는 조치를 그 금융투자업자에게 요구할 수 있다.<개정 2008. 2. 29.> 1. 면직
제423조,"[0, 0, 423, 0]",REGULATION,청문,금융위원회,실시,청문,MANDATORY,"제423조(청문) 금융위원회는 다음 각 호의 어느 하나에 해당하는 처분 또는 조치를 하고자 하는 경우에는 청문을 실시하여야 한다. <개정 2008. 2. 29., 2013. 5. 28.> 1."
제77조의2제4항,[],REGULATION,지정의 취소,,취소,지정,,제77조의2제4항에 따른 종합금융투자사업자에 대한 지정의 취소 2.
제323조의20제1항,"[None, None, 323, 20]",REGULATION,인가의 취소,금융투자상품거래청산회사,취소,인가,MANDATORY,제323조의20제1항에 따른 금융투자상품거래청산회사에 대한 인가의 취소 3.
제323조의20제3항,[],PROCEDURE,해임요구,임직원,요구,해임,PERMISSIVE,제323조의20제3항 또는 제4항에 따른 금융투자상품거래청산회사 임직원에 대한 해임요 구 또는 면직요구 4.
제335조의15제1항,[],REGULATION,인가 취소,,취소,신용평가회사 인가,MANDATORY,제335조의15제1항에 따른 신용평가회사에 대한 인가의 취소 5.
제335조의15제3항,[],PROCEDURE,해임요구,신용평가회사 임직원,요구,해임,PERMISSIVE,제335조의15제3항 또는 제4항에 따른 신용평가회사 임직원에 대한 해임요구 또는 면직요구 6.
제411조제1항,[],REGULATION,거래소허가 취소,거래소허가,취소,,,제411조제1항에 따른 거래소허가의 취소 7.
제411조,[],REGULATION,해임요구,거래소 임직원,해임요구,해임,PERMISSIVE,제411조제3항 또는 제4항에 따른 거래소 임직원에 대한 해임요구 또는 면직요구 8.
제420조제1항,[],,,,,,,제420조제1항 또는
제421조제1항,[],PROCEDURE,인증·등록 취소,금융투자업,취소,인증·등록,PERMISSIVE,제421조제1항(같은 조 제4항에서 준용하는 경우를 포함한다)에 의한 금융투자업에 대한 인가ㆍ등록의 취소 9.
제422조,"[None, None, 422, None]",PROCEDURE,해임요구 또는 면직요구,금융투자업자 임직원,해임요구 또는 면직요구,,PERMISSIVE,제422조에 의한 금융투자업자 임직원에 대한 해임요구 또는 면직요구
제424조,[],ACTOR,처분 기록 및 공시,금융위원회,,,,제424조(처분 등의 기록 및 공시 등) ① 금융위원회는
Unknown,[],REGULATION,Unknown,,,,,제420조부터
제422조,[],REGULATION,기록 및 유지관리,,기록,내용,MANDATORY,제422조까지의 규정에 따라 처분 또는 조치한 경우에는 그 내용을 기록하고 이를 유지ㆍ관리하여야 한다. <개정 2008. 2. 29.> ② 금융위원회는
제420조제1항ㆍ제3항,[],CONCEPT,제420조,,,,,제420조제1항ㆍ제3항 또는
제421조제1항,[],REGULATION,공고,금융위원회,공고,관보,MANDATORY,제421조제1항(같은 조 제4항에서 준용하는 경 우를 포함한다)에 따라 조치를 취한 경우 그 사실을 관보 및 인터넷 홈페이지 등에 공고하여야 한다.<개정 2008. 2. 29.> ③ 금융위원회는 금융투자업자의 퇴임한 임원 또는 퇴직한 직원이 재임 또는 재직 중이었다면
제422조제1항,[],REGULATION,통보,금융투자업자,통보,조치의 내용,PERMISSIVE,"제422조제1항제1호부터 제5호까지 또는 같은 조 제2항제1호부터 제6호까지에 해당하는 조치를 받았을 것으로 인정되는 경우에는 그 조치의 내용을 해당 금융투자업자에게 통보할 수 있다. 이 경우 통보를 받은 금융투자업자는 이를 퇴임ㆍ퇴직한 해당 임직원에게 통보하여야 한다.<개정 2008. 2. 29., 2014. 12. 30., 2017. 4. 18.> ④ 제1항은 금융투자업자가 금융위원회의 조치요구에 따라 그 임직원을 조치한 경우 및 제 3항에 따라 통보를 받은 경우에 준용한다.<개정 2008. 2. 29.> ⑤ 금융투자업자 또는 그 임직원(임직원이었던 자를 포함한다)은 금융위원회에 자기에 대한"
Unknown,[],REGULATION,Unknown,,,,,제420조부터
제422조,[],REGULATION,조회,금융위원회,통보,조회 요청자,MANDATORY,제422조까지의 규정에 따른 처분 또는 조치 여부 및 그 내용을 조회할 수 있다. ⑥ 금융위원회는 제5항의 조회요청을 받은 경우에는 정당한 사유가 없는 한 처분 또는 조치 여부 및 그 내용을 그 조회 요청자에게 통보하여야 한다.
제425조,[],PROCEDURE,이의신청 특례,,,,,제425조(금융투자업인가 취소처분 등에 대한 이의신청 특례) ①
제420조제1항ㆍ제3항,[],,제420조,,,,,"제420조제1항ㆍ제3항,"
제 421조제1항ㆍ제4항,[],,,,,,,"제 421조제1항ㆍ제4항,"
제422조,"[None, None, 422, None]",PROCEDURE,이의신청,불복하는 자,신청,금융위원회,PERMISSIVE,"제422조제1항제2호부터 제6호까지 및 같은 조 제3항(제1항제2호부터 제6호까지의 어느 하나에 해당하는 조치에 한한다)에 따른 처분 또는 조치에 대하여 불복하는 자는 그 처분 또는 조치의 고지를 받은 날부터 30일 이내에 그 사유를 갖추어 금융위원회 에 이의를 신청할 수 있다. <개정 2008. 2. 29.> ② 금융위원회는 제1항에 따른 이의신청을 받으면 그 신청을 받은 날부터 60일 이내에 그 이의신청에 대한 결과를 신청인에게 통지하여야 한다. 다만, 부득이한 사유로 60일 이내에 통지할 수 없는 경우에는 그 기간을 만료일 다음 날부터 기산하여 30일의 범위에서 한 차례 연 장할 수 있다.<개정 2023. 9. 14.> ③ 제1항 및 제2항에서 규정한 사항 외에 처분에 대한 이의신청에 관한 사항은 「행정기본법 」"
제36조,"[3, None, None, None]",CONCEPT,제36조,,,,,제36조에 따른다.<신설 2023. 9. 14.> [제목개정 2023. 9. 14.] 제3장 조사 등
제426조,[],ACTOR,금융위원회,금융위원회,,,,제426조(보고 및 조사) ① 금융위원회(
제172조,[],,,,,,,
Unknown,[],REGULATION,Unknown,,,,,"제174조까지,"
제176조,[],,,,,,,
제178조,[],,,,,,,"제178조,"
제178조의 2,[],,,,,,,"제178조의 2,"
제180조,[],,,,,,,제180조 및
제180조의2,[],,,,,,,제180조의2부터
제180조의6,[],REGULATION,조사,금융위원회,요구,자료,PERMISSIVE,"제180조의6까지의 규정을 위반한 사항인 경우에는 증권선물 위원회를 말한다. 이하 이 조에서 같다)는 이 법 또는 이 법에 따른 명령이나 처분을 위반한 사항이 있거나 투자자 보호 또는 건전한 거래질서를 위하여 필요하다고 인정되는 경우에는 위반행위의 혐의가 있는 자, 그 밖의 관계자에게 참고가 될 보고 또는 자료의 제출을 명하거 나 금융감독원장에게 장부ㆍ서류, 그 밖의 물건을 조사하게 할 수 있다. <개정 2008. 2. 29., 2013. 5. 28., 2014. 12. 30., 2016. 3. 29., 2021. 1. 5., 2024. 10. 22.> ② 금융위원회는 제1항에 따른 조사를 위하여 위반행위의 혐의가 있는 자, 그 밖의 관계자에 게 다음 각 호의 사항을 요구할 수 있다.<개정 2008. 2. 29., 2013. 5. 28.> 1. 조사사항에 관한 사실과 상황에 대한 진술서의 제출 2. 조사사항에 관한 진술을 위한 출석 3. 조사에 필요한 장부ㆍ서류, 그 밖의 물건의 제출 ③ 금융위원회는 제1항에 따른 조사를 함에 있어서"
Unknown,[],REGULATION,Unknown,,,,,제172조부터
Unknown,[],REGULATION,Unknown,,,,,"제174조까지,"
제176조,[],,,,,,,
제 178조,[],,,,,,,
제178조의2,[],,,,,,,
제180조,[],,,,,,,제180조 및
제180조의2,[],,,,,,,제180조의2부터
제180조의6,[],PROCEDURE,조사 조치,금융위원회,할 수 있다,조치,PERMISSIVE,"제180조의6까지의 규정을 위반한 사항의 조사에 필요하다고 인정되는 경우에는 다음 각 호의 조치를 할 수 있다.<개정 2008. 2. 29., 2014. 12. 30., 2016. 3. 29., 2021. 1. 5., 2024. 10. 22.> 1. 제2항제3호에 따라 제출된 장부ㆍ서류, 그 밖의 물건의 영치 2. 관계자의 사무소 또는 사업장에 대한 출입을 통한 업무ㆍ장부ㆍ서류, 그 밖의 물건의 조사 ④ 금융위원회는 제1항에 따른 조사를 함에 있어서 필요하다고 인정되는 경우에는 금융투자 업자, 금융투자업관계기관 또는 거래소에 대통령령으로 정하는 방법에 따라 조사에 필요한 자료의 제출을 요구할 수 있다.<개정 2008. 2. 29.> ⑤ 금융위원회는 제1항에 따른 조사 결과 별표 15 각 호의 어느 하나에 해당하는 경우에는 시정명령, 그 밖에 대통령령으로 정하는 조치를 할 수 있으며, 조사 및 조치를 함에 있어서 필요한 절차ㆍ조치기준, 그"
제426조의2,[],REGULATION,지급정지,금융위원회,,,,제426조의2(지급정지) ① 금융위원회는
제173조의2제2항,[],,,,,,,"제173조의2제2항,"
제174조,[],,,,,,,
제176조,[],,,,,,,
제178조,[],,,,,,,
제178조 의2,[],,제178조 의2,,,,,"제178조 의2,"
제180조,[],,,,,,,제180조 또는
제180조의4,[],REGULATION,불공정거래 행위,금융거래,정지,계좌,MANDATORY,제180조의4를 위반한 행위(이하 이 장에서 “특정 불공정거래 행위”라 한다 )를 하였다고 판단할 만한 상당한 이유가 있고 불법이익 은닉 방지를 위하여 금융거래를 정지 할 상당한 필요가 있다고 인정하는 경우 특정 불공정거래 행위에 사용되었다고 의심되는 계좌의 전부 또는 일부에 대하여 「전기통신금융사기 피해 방지 및 피해금 환급에 관한 특별법」
제2조제1호,[],REGULATION,지급정지,수사기관,요구,지급정지,MANDATORY,"제2조제1호에 따른 금융회사(이하 이 조에서 “금융회사”라 한다)에 지급정지를 요구할 수 있다. ② 수사기관은 제1항에 따른 지급정지 요구 조치를 금융위원회에 요청할 수 있다. ③ 제1항에 따른 지급정지 기간은 6개월로 한다. 다만, 금융위원회는 불법이익 은닉 방지 등 을 위하여 지급정지를 계속할 필요가 있다고 인정하는 경우에는 6개월의 범위에서 1회에 한 정하여 연장을 요구할 수 있다. ④ 제1항에 따른 요구를 받은 금융회사는 금융위원회로부터 지급정지 조치를 요구받은 해당 계좌에 대하여 지체 없이 지급정지 조치를 하여야 하고, 그 사실을 해당 계좌의 명의인과 금융위원회에 통지하여야 한다. 다만, 명의인의 소재를 알 수 없는 경우에는 금융회사의 인터넷 홈페이지 등에 지급정지 조치에 관한 사실을 공개하여야 한다. ⑤ 수사기관은 도주 또는 증거인멸 등의 우려가 있는 경우 금융회사에 명의인에 대한 통지를 유예할 것을 요청할 수 있다. 이 경우 금융회사는 제4항에 따른 통지를 유예하여야 한다. ⑥ 제1항에 따른 요구를 받은 금융회사에 종사하는 사람은 지급정지 조치가 완료되기 전 또는 제5항에 따른 통지 유예기간 동안 이를 명의인 등 제3자에게 누설하여서는 아니 된다. ⑦ 금융위원회는 다음 각 호의 어느 하나에 해당하는 경우 제4항에 따라 지급정지된 계좌에 대하여 지급정지의 일부나 전부를 해제할 수 있다. 다만, 제1호 또는 제2호에 해당하는 경우에는 지급정지를 해제하여야 한다. 1. 명의인이 특정 불공정거래 행위에 관여하지 아니하였다는 사실이 인정되는 경우 2. 해당 계좌가 불법이익 은닉에 사용된 계좌가 아니라는 사실이 객관적인 자료 등으로 소명 되는 경우 3. 수사기관에 대한 고발ㆍ통보 등이 이루어졌고, 수사기관에 의한 추징보전절차 등이 진행 되어 더 이상 지급정지의 필요성이 인정되지 아니하는 경우 4. 지급정지를 한 날부터 12개월이 지날 때까지 특정 불공정거래 행위 여부에 대한 증권선물위원회 의결이 존재하지 아니하는 경우 5. 그 밖에 지급정지를 유지할 필요성 등을 고려하여 대통령령으로 정하는 경우 ⑧ 제1항부터 제7항까지에 따른 지급정지의 대상, 요건, 절차, 통지 등에 필요한 사항은 대통령으로 정한다. [본조신설 2024. 10. 22.] 법제처 243 국가법령정보 센터 자본시장과 금융투자업에 관한 법률"
제426조의3,[],REGULATION,거래 및 임원선임 제한,금융위원회,보호,투자자,MANDATORY,제426조의3(불공정거래행위자에 대한 거래 및 임원선임 제한) ① 금융위원회는 투자자를 보호 하고 건전한 거래 질서를 유지하기 위하여
Unknown,[],REGULATION,Unknown,,,,,"제426조에 따른 조사 결과 특정 불공정거래 행위 를 한 자에 대하여 일정 기간(이하 이 조에서 “제한기간”이라 한다) 동안 다음 각 호의 어느 하나에 해당하는 행위를 제한하는 명령(이하 이 조에서 “제한명령”이라 한다)을 할 수 있다. 1. 누구의 명의로든지 자기의 계산으로 행하는 금융투자상품의 계좌 개설, 매매, 대여, 차입 및 그 밖의 거래. 다만, 거래의 성격, 그 밖의 사정 등을 고려하여 대통령령으로 정하는 경 우는 제외한다. 2. 주권상장법인, 그 밖에 대통령령으로 정하는 법인(이하 이 조에서 “주권상장법인등”이라 한다)의 임원[「상법」에 따른 집행임원, 「금융회사의 지배구조에 관한 법률」"
제2조제5호,"[None, None, 2, 5]",REGULATION,제한기간,금융위원회,고려,제한기간,MANDATORY,"제2조제5호에 따른 업무집행책임자(이 경우 “금융회사”는 “주권상장법인등”으로 본다)를 포함한다]으로 서의 선임ㆍ재임(在任) ② 제1항에 따른 제한기간을 정할 때 금융위원회는 다음 각 호의 사항을 고려하여야 하며, 제한기간은 5년을 초과하여서는 아니 된다. 1. 위반행위의 내용 및 정도 2. 위반행위의 기간 및 횟수 3. 위반행위로 인하여 취득한 이익의 규모 ③ 금융위원회는 제1항제1호(같은 호 단서는 제외한다)에 따른 거래가 제한되는 자(이하 이 조에서 “거래제한대상자”라 한다)에 관한 다음 각 호의 정보 중 거래제한 조치에 필요한 정 보를 금융투자업자(겸영금융투자업자를 포함한다), 금융투자업관계기관 또는 거래소에 통보 하여야 한다. 1. 거래제한대상자의 인적사항 및 거래제한대상자가 보유한 금융투자상품 계좌정보 2. 제한명령의 내용 및 제한기간 3. 그 밖에 대통령령으로 정하는 정보 ④ 금융투자업자는 제3항에 따라 통보받은 거래제한대상자로부터 금융투자상품의 거래 요 청을 받은 경우 제1항제1호(같은 호 단서는 제외한다)에 해당하는 거래에 대해서는 이를 거 부하여야 한다. 이 경우 거래제한대상자의 거래 요청 사실(제3항제1호의 정보를 포함한다. 이하 같다) 및 그 거부 또는 처리결과를 금융위원회 및 거래소에 통보하여야 한다. ⑤ 거래소는 금융투자업자가 제4항을 위반한 혐의를 알게 된 경우에는 이를 금융위원회에 통보하여야 한다. ⑥ 주권상장법인등은 제1항제2호에 따른 임원으로서의 선임ㆍ재임이 제한되는 자(이하 이 조에서 “임원선임ㆍ재임제한대상자”라 한다)를 임원으로 선임할 수 없다. 임원선임ㆍ재임제 한대상자가 임원으로 재임 중인 경우에는 해당 임원을 지체 없이 해임하여야 한다. ⑦ 금융위원회는 다음 각 호의 어느 하나에 해당하는 경우 각 호의 구분에 따른 조치 및 그 밖에 시정에 필요한 조치를 할 수 있다. 1. 거래제한대상자가 제한명령을 위반하여 금융투자상품을 취득한 경우: 6개월 이내의 범위 에서 기간을 정하여 내리는 해당 금융투자상품의 처분명령 2. 주권상장법인등이 제6항 전단을 위반하여 임원선임ㆍ재임제한대상자를 임원으로 선임하 거나 같은 항 후단을 위반하여 임원선임ㆍ재임제한대상자를 해임하지 아니한 경우: 해당 임원선임ㆍ재임제한대상자의 해임 요구 ⑧ 제1항부터 제7항까지에 따른 제한명령의 절차ㆍ기준, 거래제한대상자 통보 방법ㆍ절차, 시정에 필요한 조치의 구체적 내용ㆍ절차 및 그 밖에 필요한 사항은 대통령령으로 정한다. 법제처 244 국가법령정보 센터 자본시장과 금융투자업에 관한 법률 [본조신설 2024. 10. 22.]"
제427조,[],PROCEDURE,압수ㆍ수색,증권선물위원회,,,,제427조(불공정거래 조사를 위한 압수ㆍ수색) ① 증권선물위원회는
Unknown,[],REGULATION,Unknown,,,,,제172조부터
Unknown,[],REGULATION,Unknown,,,,,"제174조까지,"
제176조,[],,,,,,,
제178조,[],,,,,,,
제178조의2,[],,,,,,,
제180조,[],,,,,,,제180조 및
제180조의2,[],,,,,,,제180조의2부터
제180조의5,[],REGULATION,위반행위 조사,조사공무원,조사,위반행위,MANDATORY,"제180조의5까지의 규정을 위반 한 행위(이하 이 조에서 “위반행위”라 한다)를 조사하기 위하여 필요하다고 인정되는 경우에 는 금융위원회 소속공무원 중 대통령령으로 정하는 자(이하 이 조에서 “조사공무원”이라 한다 )에게 위반행위의 혐의가 있는 자를 심문하거나 물건을 압수 또는 사업장 등을 수색하게 할 수 있다. <개정 2008. 2. 29., 2016. 3. 29., 2021. 1. 5.> ② 조사공무원이 위반행위를 조사하기 위하여 압수 또는 수색을 하는 경우에는 검사의 청구 에 의하여 법관이 발부한 압수ㆍ수색영장이 있어야 한다. ③ 조사공무원이 제1항에 따라 심문ㆍ압수ㆍ수색을 하는 경우에는 그 권한을 표시하는 증표 를 지니고 이를 관계자에게 내보여야 한다. ④ 형사소송법 중 압수ㆍ수색과 압수ㆍ수색영장의 집행 및 압수물 환부(還付) 등에 관한 규 정은 이 법에 규정된 압수ㆍ수색과 압수ㆍ수색영장에 관하여 준용한다. ⑤ 조사공무원이 영치ㆍ심문ㆍ압수 또는 수색을 한 경우에는 그 전 과정을 기재하여 입회인 또는 심문을 받은 자에게 확인시킨 후 그와 함께 기명날인 또는 서명하여야 한다. 이 경우 입 회인 또는 심문을 받은 자가 기명날인 또는 서명을 하지 아니하거나 할 수 없는 때에는 그 사유를 덧붙여 적어야 한다. ⑥ 조사공무원이 위반행위의 조사를 완료한 경우에는 그 결과를 증권선물위원회에 보고하여 야 한다."
제427조의2,[],REGULATION,조사권한 남용 금지,조사공무원,금지,조사권한,PROHIBITIVE,제427조의2(조사권한의 남용 금지) ① 조사공무원 및
제426조,"[4, 0, 426, 0]",REGULATION,조사권 남용 방지,조사원,행하다,조사,,"제426조에 따라 조사업무를 수행하는 금 융감독원 소속 직원(이하 “조사원”이라 한다)은 이 법의 시행을 위하여 필요한 최소한의 범위 안에서 조사를 행하여야 하며, 다른 목적 등을 위하여 조사권을 남용하여서는 아니 된다. ② 금융위원회는 조사원의 조사권 남용을 방지하고 조사절차의 적법성을 보장하기 위한 구 체적 기준을 정하여 고시할 수 있다. [본조신설 2013. 5. 28.] 제4장 과징금"
제428조,[],,과징금,금융위원회,,금융투자업자,,제428조(금융투자업자에 대한 과징금) ① 금융위원회는 금융투자업자가
제34조제1항제1호ㆍ제 2호와 같은 조 제2항,[],,,,,,,제34조제1항제1호ㆍ제 2호와 같은 조 제2항 및
제77조의3제9항,"[77, 3, 9]",PENALTY,과징금,금융투자업자,부과,과징금,PERMISSIVE,"제77조의3제9항을 위반한 경우에는 그 금융투자업자에 대하여 다음 각 호의 구분에 따른 위반금액을 초과하지 아니하는 범위에서 과징금을 부과할 수 있다. <개 정 2008. 2. 29., 2013. 5. 28., 2017. 4. 18., 2018. 3. 27.> 1."
제34조제1항제1호,"[None, None, 34, 1]",PENALTY,위반,,위반,취득금액,MANDATORY,제34조제1항제1호를 위반한 경우에는 취득금액 2.
제34조제1항제2호,[],PENALTY,취득금액 초과,제34조제1항제2호,위반한,취득금액,MANDATORY,제34조제1항제2호를 위반한 경우에는 허용비율을 초과하는 취득금액 3.
Unknown,[],REGULATION,Unknown,,,,,제34조제2항을 위반한 경우에는 신용공여액 4. 삭제<2017. 4. 18.> 5.
제77조의3제9항,"[77, 3, 9]",PENALTY,신용공여액,금융위원회,위반,신용공여액,MANDATORY,제77조의3제9항을 위반한 경우에는 신용공여액 ② 금융위원회는 금융투자업자가
제77조의3,[],REGULATION,위반,,위반,제77조의3제5항부터 제7항까지,PROHIBITIVE,제77조의3제5항부터 제7항까지를 위반한 경우
제77조의 3제8항,[],PENALTY,과징금,금융투자업자,부과,과징금,PERMISSIVE,"제77조의 3제8항에 해당하는 경우는 제외한다)에는 그 금융투자업자에 대하여 허용금액을 초과한 신 법제처 245 국가법령정보 센터 자본시장과 금융투자업에 관한 법률 용공여액의 100분의 40을 초과하지 아니하는 범위에서 과징금을 부과할 수 있다.<신설 2017. 4. 18., 2018. 3. 27.>"
제420조제3항,[],REGULATION,과징금 부과,금융위원회,부과,과징금,PERMISSIVE,"제420조제3항에 따라 업무정지처분을 부과할 수 있는 경우에는 이에 갈음하여 업무정지기간의 이익의 범위에서 과징금을 부과할 수 있다.<개 정 2008. 2. 29., 2017. 4. 18.> ④ 금융위원회는 금융투자업자 및 그 임직원이"
제54조제2항,[],,,,,,,
제42조제10항,[],,,,,,,"제42조제10항,"
제52조제6항,[],,,,,,,
제 199조제5항,[],,,,,,,
제255조,[],,,,,,,
Unknown,[],REGULATION,Unknown,,,,,"제260조,"
제265조,[],,,,,,,
제289조,[],,,,,,,
제304조,[],,,,,,,
제323조의17,[],,,,,,,"제323조의17,"
제328조,[],,,,,,,
제 367조,[],PENALTY,과징금,금융투자업자,과징금 부과,과징금,PERMISSIVE,"제 367조에서 준용하는 경우를 포함한다)을 위반한 경우에는 그 금융투자업자, 임직원 및 정보 교류 차단의 대상이 되는 정보를 제공받아 이용한 자에게 그 위반행위와 관련된 거래로 얻은 이익(미실현 이익을 포함한다) 또는 이로 인하여 회피한 손실액의 1.5배에 상당하는 금액 이 하의 과징금을 부과할 수 있다.<신설 2020. 5. 19.>"
제429조,[],PENALTY,과징금,금융위원회,,,,제429조(공시위반에 대한 과징금) ① 금융위원회는
제125조제1항,"[None, None, 125, 1]",REGULATION,조건,자,해당,호,MANDATORY,제125조제1항 각 호의 어느 하나에 해당하는 자가 다음 각 호의 어느 하나에 해당하는 경우
제125조제1항제3호,"[125, 1, 3, None]",PENALTY,과징금,자,부과,과징금,PERMISSIVE,"제125조제1항제3호 또는 제4호의 자나 같 은 항 제6호의 투자설명서를 교부한 자는 제1호에 해당하는 경우로 한정한다)에는 증권신고 서상의 모집가액 또는 매출가액의 100분의 3(20억원을 초과하는 경우에는 20억원)을 초과하 지 아니하는 범위에서 과징금을 부과할 수 있다. <개정 2008. 2. 29., 2025. 1. 21.> 1."
제119조,[],,,,,,,
제122조,[],,,,,,,제122조 또는
제123조,[],PENALTY,거짓의 기재 또는 표시,,기재,중요사항,PROHIBITIVE,"제123조에 따른 신고서ㆍ설명서, 그 밖의 제출서류 중 중요사항에 관하여 거짓의 기재 또는 표시를 하거나 중요사항을 기재 또는 표시하지 아니한 때 2."
제119조,[],,,,,,,
제122조,[],,,,,,,제122조 또는
제123조,[],PROCEDURE,제출서류,금융위원회,,,,"제123조에 따른 신고서ㆍ설명서, 그 밖의 제출서류를 제출하지 아 니한 때 ② 금융위원회는"
제142조제1항,[],PENALTY,과징금,자,부과,과징금,PERMISSIVE,제142조제1항 각 호의 어느 하나에 해당하는 자가 다음 각 호의 어느 하나 에 해당하는 경우에는 공개매수신고서에 기재된 공개매수예정총액의 100분의 3(20억원을 초과하는 경우에는 20억원)을 초과하지 아니하는 범위에서 과징금을 부과할 수 있다. 이 경 우 공개매수예정총액은 공개매수할 주식등의 수량을 공개매수가격으로 곱하여 산정한 금액 으로 한다.<개정 2008. 2. 29.> 1.
제134조,[],,,,,,,"제134조,"
제136조,[],,,,,,,
제137조,[],PENALTY,거짓 기재,,기재,중요사항,MANDATORY,"제137조에 따른 신고서ㆍ설명서, 그 밖의 제출서류 또는 공고 중 중요사항에 관하여 거짓의 기재 또는 표시를 하거나 중요사항을 기재 또는 표시하지 아니 한 때 2."
제134조,[],,,,,,,"제134조,"
제136조,[],,,,,,,
제137조,[],PENALTY,과징금,금융위원회,부과,과징금,PERMISSIVE,"제137조에 따른 신고서ㆍ설명서, 그 밖의 제출서류를 제출하지 아 니하거나 공고하여야 할 사항을 공고하지 아니한 때 ③ 금융위원회는 사업보고서 제출대상법인이 다음 각 호의 어느 하나에 해당하는 경우에는 직전 사업연도 중에 증권시장(다자간매매체결회사에서의 거래를 포함한다. 이하 이 항에서 같다)에서 형성된 그 법인이 발행한 주식(그 주식과 관련된 증권예탁증권을 포함한다. 이하 이 항에서 같다)의 일일평균거래금액의 100분의 10(10억원 미만인 경우에는 10억원, 20억원 을 초과하거나 그 법인이 발행한 주식이 증권시장에서 거래되지 아니한 경우에는 20억원)을 초과하지 아니하는 범위에서 과징금을 부과할 수 있다.<개정 2008. 2. 29., 2009. 2. 3., 2013. 5. 28., 2025. 1. 21.> 1."
제159조,[],,,,,,,
제160조,[],,,,,,,제160조 또는
제161조제1항,[],REGULATION,거짓의 기재 또는 표시,사업보고서,거짓의 기재 또는 표시,중요사항,PROHIBITIVE,제161조제1항에 따라 제출하여야 하는 사업보고서등 중 중요사항 에 관하여 거짓의 기재 또는 표시를 하거나 중요사항을 기재 또는 표시하지 아니한 때 법제처 246 국가법령정보 센터 자본시장과 금융투자업에 관한 법률 2.
제159조,[],,,,,,,
제160조,[],,,,,,,
제161조제1항,[],REGULATION,사업보고서,금융위원회,제출,사업보고서,MANDATORY,제161조제1항에 따라 제출하여야 하는 사업보고서등을 제출하지 아니한 때 ④ 금융위원회는
제147조제1항,[],PENALTY,과징금,보고자,부과,과징금,PERMISSIVE,"제147조제1항에 따라 보고를 하여야 할 자가 다음 각 호의 어느 하나에 해 당하는 경우에는 같은 항에 따른 주권상장법인이 발행한 주식의 시가총액(대통령령으로 정 하는 방법에 따라 산정된 금액으로 한다)의 1만분의 1(5억원을 초과하는 경우에는 5억원)을 초과하지 아니하는 범위에서 과징금을 부과할 수 있다.<개정 2013. 5. 28., 2025. 1. 21.> 1."
제147조,[],PENALTY,보고,위반자,보고를 하지 않다,보고,MANDATORY,제147조제1항ㆍ제3항 또는 제4항을 위반하여 보고를 하지 아니한 경우 2.
제147조,[],REGULATION,보고서류,,,,MANDATORY,제147조에 따른 보고서류 또는
제151조제2항,[],REGULATION,정정보고서,금융위원회,,,PROHIBITIVE,제151조제2항에 따른 정정보고서 중 대통령령으로 정하는 중요한 사항에 관하여 거짓의 기재 또는 표시를 하거나 중요한 사항을 기재 또는 표시하지 아니한 경우 ⑤ 금융위원회는
제173조의3,[],PENALTY,과징금,보고자,부과,과징금,PERMISSIVE,제173조의3에 따라 거래계획 등을 보고하여야 하는 자가 다음 각 호의 어 느 하나에 해당하는 경우에는 같은 조에 따른 주권상장법인이 발행한 주식의 시가총액(대통 령령으로 정하는 방법에 따라 산정된 금액으로 한다)의 1만분의 2(20억원을 초과하는 경우 에는 20억원)를 초과하지 아니하는 범위에서 과징금을 부과할 수 있다.<신설 2024. 1. 23.> 1. 거래계획에 대통령령으로 정하는 중요사항을 기재 또는 표시하지 아니하거나 거짓으로 기재 또는 표시한 때 2.
제173조의3제1항,"[None, None, 173, 1]",PENALTY,위반,,위반,거래계획,MANDATORY,제173조의3제1항을 위반하여 거래계획을 보고하지 아니하고 특정증권등의 거래등을 한 때 3.
제173조의3제2항,[],PENALTY,위반,보고자,위반,제173조의3제2항,MANDATORY,제173조의3제2항을 위반하여 거래기간의 종료일 이전에 새로운 거래계획을 보고한 때 4.
제173조의3제3항,[],PENALTY,위반,,위반,특정증권,MANDATORY,제173조의3제3항을 위반하여 거래계획에 따라 특정증권등의 거래등을 하지 아니한 때 5.
제173조의3제4항,"[None, None, 173, 4]",PENALTY,과징금,과징금,부과,,PROHIBITIVE,"제173조의3제4항을 위반하여 거래계획을 철회한 때 ⑥ 제1항부터 제5항까지에 따른 과징금은 각 해당 규정의 위반행위가 있었던 때부터 5년이 경과하면 이를 부과하여서는 아니 된다.<신설 2013. 5. 28., 2024. 1. 23.>"
제429조의2,[],REGULATION,과징금,금융위원회,부과,과징금,PERMISSIVE,"제429조의2(불공정거래행위 등에 대한 과징금) ① 금융위원회는 다음 각 호의 어느 하나에 해 당하는 자에 대하여 그 위반행위로 얻은 이익(미실현 이익을 포함한다. 이하 이 조에서 같다) 또는 이로 인하여 회피한 손실액의 2배에 상당하는 금액 이하의 과징금을 부과할 수 있다. 다 만, 그 위반행위와 관련된 거래로 얻은 이익 또는 이로 인하여 회피한 손실액이 없거나 산정 하기 곤란한 경우에는 40억원 이하의 과징금을 부과할 수 있다. 1."
제173조의2제2항,"[None, None, 173, 2]",PENALTY,정보 누설,자,누설,정보,,"제173조의2제2항을 위반하여 파생상품시장에서의 시세에 영향을 미칠 수 있는 정보를 누설하거나, 장내파생상품 및 그 기초자산의 매매나 그 밖의 거래에 이용하거나, 타인으로 하여금 이용하게 한 자 2."
제174조,[],PENALTY,미공개중요정보 이용행위,자,이용행위,미공개중요정보,,제174조를 위반하여 미공개중요정보 이용행위를 한 자 3.
제176조,[],PENALTY,시세조종행위,자,위반,시세조종행위,MANDATORY,제176조를 위반하여 시세조종행위 등을 한 자 4.
제178조,[],PENALTY,과징금,금융위원회,부과,과징금,MANDATORY,제178조를 위반하여 부정거래행위 등을 한 자 ② 금융위원회는 제1항에 따라 과징금을 부과할 때 동일한 위반행위로
제443조제1항,[],,,,,,,제443조제1항 또는
제445조제22호의2,[],REGULATION,과징금,검찰총장,과징금 부과 취소 및 자료 제공,과징금,PERMISSIVE,제445조제22호의2에 따라 벌금을 부과받은 경우에는 제1항의 과징금 부과를 취소하거나 벌 금에 상당하는 금액(몰수나 추징을 당한 경우 해당 금액을 포함한다)의 전부 또는 일부를 과 징금에서 제외할 수 있다. ③ 검찰총장은 금융위원회가 제1항에 따라 과징금을 부과하기 위하여 수사 관련 자료를 요 구하는 경우에는 필요하다고 인정되는 범위에서 이를 제공할 수 있다.
제178조의2,[],PENALTY,과징금,위반한 자,부과,과징금,PERMISSIVE,"제178조의2를 위반한 자에 대하여 5억원 이하의 과징금을 부과할 수 있다. 다만, 그 위반행위와 관련된 거래로 얻은 이익 또는 이로 인하여 회피한 손실액의 1.5배에 해 당하는 금액이 5억원을 초과하는 경우에는 그 이익 또는 회피한 손실액의 1.5배에 상당하는 금액 이하의 과징금을 부과할 수 있다. [전문개정 2023. 7. 18.]"
제429조의3,[],PENALTY,과징금,금융위원회,,,,제429조의3(위법한 공매도에 대한 과징금) ① 금융위원회는
제180조,"[None, None, 180, None]",REGULATION,과징금 부과,공매도를 하거나 공매도 주문을 위탁한 자,과징금을 부과할 수 있다,과징금,PERMISSIVE,제180조를 위반하여 상장증권에 대하여 허용되지 아니하는 방법으로 공매도를 하거나 공매도 주문을 위탁 또는 수탁한 자에 대하여 다음 각 호의 구분에 따른 위반금액을 초과하지 아니하는 범위에서 과징금을 부과할 수 있다. 1. 공매도를 하거나 공매도 주문을 위탁한 경우에는
제180조,[],REGULATION,공매도 주문,공매도 주문,수탁한,,MANDATORY,제180조를 위반한 공매도 주문금액 2. 공매도 주문을 수탁한 경우에는
제180조,[],REGULATION,공매도 주문금액,금융위원회,,,,제180조를 위반한 공매도 주문금액 ② 금융위원회는
제180조의4,[],PENALTY,과징금,금융위원회,부과,과징금,PERMISSIVE,"제180조의4를 위반한 자에 대하여 5억원 이하의 과징금을 부과할 수 있다. 다만, 그 위반행위와 관련된 거래로 얻은 이익(미실현 이익을 포함한다. 이하 이 항에서 같다 ) 또는 이로 인하여 회피한 손실액의 1.5배에 해당하는 금액이 5억원을 초과하는 경우에는 그 이익 또는 회피한 손실액의 1.5배에 상당하는 금액 이하의 과징금을 부과할 수 있다. ③ 금융위원회는 제1항에 따른 과징금을 부과할 때 동일한 위반행위로"
제443조제1항제10호,"[None, None, 443, 10]",REGULATION,과징금 부과 취소,벌금 부과받은 사람,취소,과징금 부과,PERMISSIVE,제443조제1항제10호 에 따라 벌금을 부과받은 경우에는 과징금 부과를 취소하거나 벌금에 상당하는 금액의 전부 또는 일부를 과징금에서 제외할 수 있다. [본조신설 2021. 1. 5.]
제430조,[],REGULATION,과징금,,,,,제430조(과징금의 부과) ①
제428조,[],,,,,,,
제429조,[],REGULATION,제4항 제외,제4항,제외한다,,MANDATORY,(제4항은 제외한다) 및
제429조의3제1항제2호,"[429, 3, 1, 2]",REGULATION,과징금 부과,과징금부과대상자,부과,과징금,MANDATORY,제429조의3제1항제2호에 따른 과징금의 부과는 과징금부과대상자에게 각 해당 규정의 위반행위에 대하여 고의 또는 중대한 과실이 있는 경우에 한한다.
제428조,[],,,,,,,"제428조,"
제429조,[],,,,,,,
제429조의2,[],,,,,,,제429조의2 및
제429조의3,[],REGULATION,과징금 부과 기준,과징금 부과,고려,각 호의 사항,MANDATORY,"제429조의3에 따라 과징금을 부과하는 경우에는 대통령령으로 정하는 기준에 따라 다음 각 호의 사항을 고려하여야 한다.<개정 2008. 2. 29., 2009. 2. 3., 2014. 12. 30., 2017. 4. 18., 2021. 1. 5.> 1. 위반행위의 내용 및 정도 2. 위반행위의 기간 및 회수 3. 위반행위로 인하여 취득한 이익의 규모 4. 업무정지기간("
제428조제3항,[],REGULATION,과징금 부과·징수,금융위원회,부과·징수,과징금,PERMISSIVE,제428조제3항에 따라 과징금을 부과하는 경우만 해당한다) ③ 금융위원회는 이 법을 위반한 법인이 합병을 하는 경우 그 법인이 행한 위반행위는 합병 후 존속하거나 합병에 의하여 신설된 법인이 행한 행위로 보아 과징금을 부과ㆍ징수할 수 있 다.<개정 2008. 2. 29.> ④ 과징금의 부과에 관하여 필요한 사항은 대통령령으로 정한다.
제431조,[],PROCEDURE,의견제출,금융위원회,제공,의견제출 기회,MANDATORY,제431조(의견제출) ① 금융위원회는 과징금을 부과하기 전에 미리 당사자 또는 이해관계인 등 에게 의견을 제출할 기회를 주어야 한다. <개정 2008. 2. 29.> ② 제1항에 따른 당사자 또는 이해관계인 등은 금융위원회의 회의에 출석하여 의견을 진술 하거나 필요한 자료를 제출할 수 있다.<개정 2008. 2. 29.> ③ 당사자 또는 이해관계인 등은 제2항에 따른 의견 진술 등을 하는 경우 변호인의 도움을 받거나 그를 대리인으로 지정할 수 있다.<신설 2013. 5. 28.> 법제처 248 국가법령정보 센터 자본시장과 금융투자업에 관한 법률
제432조,[],REGULATION,과징금 부과처분에 대한 이의신청 특례,,,,,제432조(과징금 부과처분에 대한 이의신청 특례)
제428조,[],,,,,,,
제429조,[],,,,,,,
제429조의2,[],,,,,,,제429조의2 및
제429조의 3,[],PROCEDURE,이의신청,,,과징금 부과처분,,제429조의 3에 따른 과징금 부과처분에 대한 이의신청에 관하여는
제425조,[],REGULATION,준용,,준용,제425조,MANDATORY,제425조를 준용한다. [전문개정 2023. 9. 14.]
제433조,[],REGULATION,과징금 납부기한 연기 및 분할 납부,금융위원회,,과징금납부의무자,,제433조(과징금의 납부기한 연기 및 분할 납부) ① 금융위원회는 과징금을 부과받은 자(이하 “과징금납부의무자”라 한다)에 대하여 「행정기본법」
제29조,[],REGULATION,과징금 납부기한 연기,과징금납부의무자,신청,금융위원회,MANDATORY,"제29조 단서에 따라 과징금 납부기한을 연기하거나 과징금을 분할 납부하게 할 수 있으며, 이 경우 필요하다고 인정하면 담보를 제공 하게 할 수 있다. ② 과징금납부의무자는 제1항에 따라 과징금의 납부기한을 연기받거나 분할 납부를 하려는 경우에는 그 납부기한의 10일 전까지 금융위원회에 신청하여야 한다. ③ 금융위원회는 제1항에 따라 과징금 납부기한이 연기되거나 분할 납부가 허용된 과징금납 부의무자가 다음 각 호의 어느 하나에 해당하게 된 때에는 그 납부기한의 연기 또는 분할 납 부 결정을 취소하고 과징금을 일시에 징수할 수 있다. 1. 분할 납부하기로 한 과징금을 그 납부기한까지 내지 아니한 경우 2. 담보 제공 요구에 따르지 아니하거나 제공된 담보의 가치를 훼손하는 행위를 한 경우 3. 강제집행, 경매의 개시, 파산선고, 법인의 해산, 국세 강제징수 또는 지방세 체납처분 등의 사유로 과징금의 전부 또는 나머지를 징수할 수 없다고 인정되는 경우 4. 「행정기본법」"
제29조,[],REGULATION,과징금,대통령령,정한다,필요한 사항,MANDATORY,"제29조 각 호의 사유가 해소되어 과징금을 한꺼번에 납부할 수 있다고 인정 되는 경우 5. 그 밖에 제1호부터 제4호까지에 준하는 사유가 있는 경우 ④ 제1항부터 제3항까지에서 규정한 사항 외에 과징금의 납부기한 연기, 분할 납부 또는 담 보 제공 등에 관하여 필요한 사항은 대통령령으로 정한다. [전문개정 2023. 9. 14.]"
제434조,[],REGULATION,과징금 징수,금융위원회,징수,과징금,PERMISSIVE,"제434조(과징금의 징수 및 체납처분) ① 금융위원회는 과징금납부의무자가 납부기한 내에 과징 금을 납부하지 아니한 경우에는 납부기한의 다음 날부터 납부한 날의 전일까지의 기간에 대 하여 대통령령으로 정하는 가산금을 징수할 수 있다. <개정 2008. 2. 29.> ② 금융위원회는 과징금납부의무자가 납부기한 내에 과징금을 납부하지 아니한 경우에는 기 간을 정하여 독촉을 하고, 그 지정한 기간 이내에 과징금 및 제1항에 따른 가산금을 납부하 지 아니한 경우에는 국세체납처분의 예에 따라 징수할 수 있다.<개정 2008. 2. 29.> ③ 금융위원회는 제1항 및 제2항에 따른 과징금 및 가산금의 징수 또는 체납처분에 관한 업 무를 국세청장에게 위탁할 수 있다.<개정 2008. 2. 29.> ④ 금융위원회는 체납된 과징금의 징수를 위하여 필요하다고 인정되는 경우에는 「국세기본 법」 및 「지방세기본법」에 따라 문서로서 해당 세무관서의 장이나 지방자치단체의 장에게 과 세정보의 제공을 요청할 수 있다. 이 경우 과세정보의 제공을 요청받은 자는 정당한 사유가 없으면 그 요청에 따라야 한다.<신설 2014. 12. 30.> ⑤ 제1항부터 제4항까지의 규정 외에 과징금 또는 가산금의 징수에 관하여 필요한 사항은 대통령령으로 정한다.<개정 2013. 5. 28., 2014. 12. 30.>"
제434조의2,[],REGULATION,과오납금 환급,금융위원회,환급,과징금 과오납금,MANDATORY,"제434조의2(과오납금의 환급) ① 금융위원회는 과징금 납부의무자가 이의신청의 재결 또는 법 원의 판결 등의 사유로 과징금 과오납금의 환급을 청구하는 경우에는 지체 없이 환급하여야 하며, 과징금 납부의무자의 청구가 없어도 금융위원회가 확인한 과오납금은 환급하여야 한다 법제처 249 국가법령정보 센터 자본시장과 금융투자업에 관한 법률 . ② 금융위원회는 제1항에 따라 과오납금을 환급하는 경우 환급받을 자가 금융위원회에 납부 하여야 하는 과징금이 있으면 환급하는 금액을 과징금에 충당할 수 있다. [본조신설 2009. 2. 3.]"
제434조의3,[],CONCEPT,환급가산금,금융위원회,,,,제434조의3(환급가산금) 금융위원회는
제434조의2제1항,"[434, 2, 1, None]",PROCEDURE,과징금 환급,과징금 환급,지급,환급가산금,MANDATORY,제434조의2제1항에 따라 과징금을 환급하는 경우에는 과징금을 납부한 날부터 환급한 날까지의 기간에 대하여 대통령령으로 정하는 가산금 이율을 적용하여 환급가산금을 환급받을 자에게 지급하여야 한다. [본조신설 2009. 2. 3.]
제434조의4,"[434, 4]",REGULATION,결손처분,금융위원회,할 수 있다,결손처분,PERMISSIVE,"제434조의4(결손처분) 금융위원회는 과징금 납부의무자에게 다음 각 호의 어느 하나에 해당하는 사유가 있으면 결손처분을 할 수 있다. <개정 2010. 6. 10.> 1. 체납처분이 끝나고 체납액에 충당된 배분금액이 체납액에 미치지 못하는 경우 2. 징수금 등의 징수권에 대한 소멸시효가 완성된 경우 3. 체납자의 행방이 분명하지 아니하거나 재산이 없다는 것이 판명된 경우 4. 체납처분의 목적물인 총재산의 추산가액이 체납처분 비용에 충당하면 남을 여지가 없음 이 확인된 경우 5. 체납처분의 목적물인 총재산이 징수금 등보다 우선하는 국세, 지방세, 전세권ㆍ질권ㆍ저 당권 및 「동산ㆍ채권 등의 담보에 관한 법률」에 따른 담보권으로 담보된 채권 등의 변제에 충당하면 남을 여지가 없음이 확인된 경우 6. 그 밖에 징수할 가망이 없는 경우로서 대통령령으로 정하는 사유에 해당하는 경우 [본조신설 2009. 2. 3.] 제9편 보칙"
제435조,"[None, None, 435, None]",REGULATION,위법행위의 신고,,알게 되다,불공정거래행위,MANDATORY,"제435조(위법행위의 신고 및 신고자 보호) ① 누구든지 제4편의 불공정거래행위, 그 밖에 이 법 의 위반행위를 알게 되었거나 이를 강요 또는 제의받은 경우에는 금융위원회("
Unknown,[],REGULATION,Unknown,,,,,제172조부터
Unknown,[],REGULATION,Unknown,,,,,"제 174조까지,"
제176조,[],,,,,,,"제176조,"
Unknown,[],REGULATION,Unknown,,,,,"제178조,"
제178조의2,[],,,,,,,
제180조,[],,,,,,,
제180조의2,[],,,,,,,제180조의2부터
제180조의6,[],REGULATION,신고,금융위원회,처리,신고자등,MANDATORY,"제180조의6까지의 규정을 위반한 사항인 경우에는 증권선물위원회를 말한다. 이하 이 조에서 같다)에 신고 또는 제보할 수 있다. <개정 2008. 2. 29., 2014. 12. 30., 2016. 3. 29., 2021. 1. 5., 2024. 10. 22.> ② 금융위원회는 제1항에 따른 신고 또는 제보를 받은 경우에는 이를 신속하게 처리하고, 그 처리결과를 신고자 또는 제보자(이하 이 조에서 “신고자등”이라 한다)에게 통지하여야 한다. <개정 2008. 2. 29., 2009. 2. 3.> ③ 삭제<2009. 2. 3.> ④ 금융위원회는 제1항에 따라 신고 또는 제보를 받은 경우 신고자등의 신분 등에 관한 비밀 을 유지하여야 한다.<개정 2008. 2. 29.> ⑤ 신고자등이 소속된 기관ㆍ단체 또는 회사는 그 신고자등에 대하여 그 신고 또는 제보와 관련하여 직접 또는 간접적인 방법으로 불리한 대우를 하여서는 아니 된다. ⑥ 신고자등이 신고의 내용이 거짓이라는 사실을 알았거나 알 수 있었음에도 불구하고 신고 한 경우에는 이 법의 보호를 받지 못한다. 법제처 250 국가법령정보 센터 자본시장과 금융투자업에 관한 법률 ⑦ 금융위원회는 신고자등에 대하여 포상금을 지급할 수 있다.<개정 2008. 2. 29.> ⑧ 제1항부터 제7항까지에 규정한 사항 외에 신고의 방법 및 처리, 신고자등에 대한 통지방 법, 신고자등의 보호와 포상금 지급 등에 관한 사항은 대통령령으로 정한다.<개정 2009. 2. 3.>"
제436조,[],REGULATION,전자문서에 의한 신고,금융위원회,제출,신고서,PERMISSIVE,"제436조(전자문서에 의한 신고 등) ① 이 법에 따라 금융위원회, 증권선물위원회, 금융감독원장, 거래소, 협회 또는 예탁결제원에 신고서ㆍ보고서, 그 밖의 서류 또는 자료 등을 제출하는 경 우에는 전자문서의 방법으로 할 수 있다. <개정 2008. 2. 29.> ② 제1항의 전자문서에 의한 신고 등의 방법 및 절차, 그 밖에 필요한 사항은 대통령령으로 정한다."
제437조,[],REGULATION,정보교환,금융위원회,할 수 있다,외국금융투자감독기관,PERMISSIVE,제437조(외국금융투자감독기관과의 정보교환 등) ① 금융위원회는 외국의 금융투자업 감독기 관(이하 이 조에서 “외국금융투자감독기관”이라 한다)과 정보교환을 할 수 있다. <개정 2008. 2. 29.> ② 금융위원회(
Unknown,[],REGULATION,Unknown,,,,,제172조부터
제174조,[],,,,,,,
제176조,[],,,,,,,
제178조,[],,,,,,,
제178조의2,[],,,,,,,
Unknown,[],REGULATION,Unknown,,,,,제180조 및
제 180조의2,[],,,,,,,제 180조의2부터
제180조의6,[],DEFINITION,증권선물위원회,증권선물위원회,말한다,,DEFINITIONAL,"제180조의6까지의 규정을 위반한 사항인 경우에는 증권선물위원회를 말한다. 이하 이 조에서 같다)는 외국금융투자감독기관이 이 법 또는 이 법에 상응하는 외국의 법령 을 위반한 행위에 대하여 목적ㆍ범위 등을 밝혀 이 법에서 정하는 방법에 따른 조사 또는 검사를 요청하는 경우 이에 협조할 수 있다. 이 경우 금융위원회는 상호주의 원칙에 따라 조사 또는 검사자료를 외국금융투자감독기관에 제공하거나 이를 제공받을 수 있다.<개정 2008. 2. 29., 2009. 2. 3., 2014. 12. 30., 2016. 3. 29., 2021. 1. 5., 2024. 10. 22.> ③ 금융위원회는 다음 각 호의 요건을 모두 충족하는 경우에만 제2항 후단에 따라 외국금융 투자감독기관에 조사 또는 검사자료를 제공할 수 있다.<개정 2008. 2. 29., 2009. 2. 3.> 1. 외국금융투자감독기관에 제공된 조사 또는 검사자료가 제공된 목적 외의 다른 용도로 사 용되지 아니할 것 2. 조사 또는 검사자료 및 그 제공사실의 비밀이 유지될 것. 다만, 조사 또는 검사자료가 제공 된 목적 범위에서 이 법에 상응하는 외국 법령의 위반과 관련된 처분, 재판 또는 그에 상응 하는 절차에 사용되는 경우에는 그러하지 아니하다. 3. 삭제<2009. 2. 3.> ④ 거래소는 외국 거래소와 정보교환을 할 수 있다. 이 경우 거래소는 미리 금융위원회와 협 의하여야 한다. 다만, 일반인에게 공개된 정보를 교환하는 경우, 그 밖에 대통령령으로 정하 는 경우에는 금융위원회와 협의를 하지 아니할 수 있다.<개정 2008. 2. 29., 2009. 2. 3.> ⑤ 거래소가 제4항에 따라 정보교환을 하는 경우에는 제2항을 준용한다. 이 경우 제2항 중 “금융위원회”를 각각 “거래소”로 보며, “외국금융투자감독기관”을 각각 “외국 거래소”로, “조 사 또는 검사”는 각각 “심리 또는 감리”로 본다.<신설 2008. 2. 29., 2009. 2. 3.>"
제438조,"[None, None, 438, None]",REGULATION,위임 또는 위탁,금융위원회,위임,증권선물위원회,PERMISSIVE,제438조(권한의 위임 또는 위탁) ① 삭제 <2008. 2. 29.> ② 금융위원회는 이 법에 따른 권한의 일부를 대통령령으로 정하는 바에 따라 증권선물위원 회에 위임할 수 있다.<개정 2008. 2. 29.> ③ 금융위원회는 이 법에 따른 권한의 일부를 대통령령으로 정하는 바에 따라 거래소 또는 협회에 위탁할 수 있다.<개정 2008. 2. 29.> ④ 금융위원회 또는 증권선물위원회는 이 법에 따른 권한의 일부를 대통령령으로 정하는 바 에 따라 금융감독원장에게 위탁할 수 있다.<개정 2008. 2. 29.> 법제처 251 국가법령정보 센터 자본시장과 금융투자업에 관한 법률
제439조,[],REGULATION,증권선물위원회 심의,금융위원회,거쳐야 한다,증권선물위원회 심의,MANDATORY,"제439조(증권선물위원회의 심의) 금융위원회는 다음 각 호의 어느 하나에 해당하는 경우에는 미리 증권선물위원회의 심의를 거쳐야 한다. <개정 2008. 2. 29., 2009. 2. 3., 2013. 5. 28., 2014. 12. 30., 2021. 1. 5., 2024. 10. 22.> 1. 다음 각 목의 어느 하나에 해당하는 사항을 정하는 경우 가."
제131조제1항,[],,,,,,,
Unknown,[],REGULATION,Unknown,,,,,"제132조,"
제146조제1항,[],,,,,,,"제146조제1항 전단 및 제2항,"
제151조제1항,[],,,,,,,"제151조제1항 전단 및 제2항,"
제 158조제1항,[],CONCEPT,전단,,,,,"제 158조제1항 전단 및 제2항,"
제164조제1항,[],REGULATION,절차 및 기준,전단,,조사ㆍ조치,MANDATORY,전단 및 제2항에 따른 조사ㆍ조치의 절차 및 기준 나.
제165조의16,[],REGULATION,재무관리기준,,,,MANDATORY,제165조의16에 따른 재무관리기준 다.
제426조제5항,"[None, None, 426, 5]",PROCEDURE,조사 절차,금융위원회,조사ㆍ조치,절차 및 기준,MANDATORY,제426조제5항에 따른 금융위원회의 조사ㆍ조치의 절차 및 기준 2. 다음 각 목의 어느 하나에 해당하는 조치ㆍ명령 등을 하는 경우 가.
제132조,[],,,,,,,
제146조제2항,[],,,,,,,
제151조제2항,"[None, None, 151, 2]",,,,,,,"제151조제2항,"
제158조제2항,[],,,,,,,
제164조제2항,[],,,,,,,
제165조의 18,"[None, None, 165, 18]",REGULATION,조치,,,조치,MANDATORY,제165조의 18에 따른 조치 나.
제165조의15제1항제2호,[],REGULATION,의결권 없는 주식 발행,,인정,의결권 없는 주식 발행,PERMISSIVE,제165조의15제1항제2호에 따른 의결권 없는 주식 발행의 인정 다.
제167조제2항,[],PROCEDURE,주식소유비율 한도,주식소유비율 한도,승인,,MANDATORY,제167조제2항에 따른 주식소유비율 한도의 승인 라.
제416조,[],PROCEDURE,명령,,명령,,MANDATORY,제416조에 따른 명령 마.
제426조제5항,[],PROCEDURE,조사결과에 따른 조치,,조치,조사결과,MANDATORY,제426조제5항에 따른 조사결과에 따른 조치 바.
제426조의2제1항,"[None, None, 426, 1]",CONCEPT,지급정지 요구 사,,,,,제426조의2제1항에 따른 지급정지 요구 사.
제426조의3,[],REGULATION,제한명령,,,,,제426조의3에 따른 제한명령 아.
제428조,[],,,,,,,제428조
Unknown,[],REGULATION,Unknown,,,,,"제429조,"
제429조의2,"[None, None, 429, 2]",,,,,,,제429조의2 및
제429조의3,[],DEFINITION,과징금부과처분자,,과징금부과,과징금,DEFINITIONAL,제429조의3에 따른 과징금부과처분 자.
제449조제3항,"[None, None, 449, 3]",REGULATION,과태료부과처분,금융위원회,정하고 고시하는,사항,PERMISSIVE,제449조제3항에 따른 과태료부과처분 3. 그 밖에 금융위원회가 증권선물위원회의 심의가 필요하다고 정하여 고시하는 사항
제440조,[440],REGULATION,지시·감독,금융위원회 또는 증권선물위원회,지시·감독,금융감독원장,PERMISSIVE,"제440조(금융감독원장에 대한 지시ㆍ감독 등) ① 금융위원회 또는 증권선물위원회는 이 법에 의한 권한을 행사하는 데에 필요하다고 인정되는 경우에는 금융감독원장에 대하여 지시ㆍ감독 및 업무집행방법의 변경, 그 밖에 감독상 필요한 조치를 명할 수 있다. <개정 2008. 2. 29.> ② 금융감독원은 이 법에 따라 금융위원회 또는 증권선물위원회의 지시ㆍ감독을 받아 다음 각 호의 사항에 관한 업무를 행한다.<개정 2008. 2. 29., 2013. 5. 28.> 1. 증권신고서에 관한 사항 2. 증권의 공개매수에 관한 사항 3. 이 법에 따라 금융감독원장의 검사를 받아야 하는 기관의 검사에 관한 사항 4. 상장법인의 관리에 관한 사항 5. 상장법인의 기업분석 및 기업내용의 신고에 관한 사항 6. 거래소시장(다자간매매체결회사에서의 거래를 포함한다) 외에서의 증권 및 장외파생상품 의 매매의 감독에 관한 사항 7. 정부로부터 위탁받은 업무 8. 그 밖에 이 법에 따라 부여된 업무 9. 제1호부터 제8호까지의 업무에 부수되는 업무"
제441조,[],REGULATION,금융투자상품 매매의 제한,,,,,제441조(금융투자상품 매매의 제한 등)
Unknown,[],REGULATION,Unknown,,,,,제63조 및
제383조제1항,"[None, None, 383, 1]",REGULATION,자본시장과 금융투자업에 관한 법률,위원,준용,자본시장과 금융투자업에 관한 법률,MANDATORY,제383조제1항은 다음 각 호의 자에게 준용한 다. <개정 2008. 2. 29.> 법제처 252 국가법령정보 센터 자본시장과 금융투자업에 관한 법률 1. 금융위원회의 위원 및 소속 공무원 2. 증권선물위원회의 위원 3. 금융감독원의 원장ㆍ부원장ㆍ부원장보ㆍ감사 및 소속 직원
제442조,"[0, 0, 442, 0]",REGULATION,분담금,발행인,분담하여야 한다,운영경비,MANDATORY,"제442조(분담금) ① 금융위원회에 증권신고서를 제출하는 발행인(그 증권이 집합투자증권인 경우에는 집합투자업자를 말한다)은 금융감독원의 운영경비의 일부를 분담하여야 한다. <개정 2008. 2. 29., 2013. 5. 28.> ② 제1항에 따른 분담금의 분담요율ㆍ한도, 그 밖에 분담금의 납부에 관하여 필요한 사항은 대통령령으로 정한다."
제442조의2,[],REGULATION,이익 산정,,,,,제442조의2(위반행위로 얻은 이익의 산정)
제429조의2,[],,,,,,,
제429조의3,[],DEFINITION,위반행위와 관련된 거래로 얻은 이익 또는 회피한 손실액,,,,DEFINITIONAL,제429조의3에 따른 위반행위와 관련 된 거래로 얻은 이익 또는 이로 인하여 회피한 손실액 및
제443조,[],DEFINITION,위반행위로 얻은 이익 또는 회피한 손실액,위반행위로 얻은 이익 또는 회피한 손실액,말한다,차액,DEFINITIONAL,제443조에 따른 위반행위로 얻은 이익 또는 회피한 손실액은 그 위반행위를 통하여 이루어진 거래로 발생한 총수입에서 그 거래를 위한 총비용을 공제한 차액을 말한다. 이 경우 각 위반행위의 유형별 구체적인 산정방식은 대통령령으로 정한다. [본조신설 2023. 7. 18.] 제10편 벌칙
제443조,[],PENALTY,벌금,자,처리,벌금,MANDATORY,"제443조(벌칙) ① 다음 각 호의 어느 하나에 해당하는 자는 1년 이상의 유기징역 또는 그 위반 행위로 얻은 이익 또는 회피한 손실액의 4배 이상 6배 이하에 상당하는 벌금에 처한다. 다만, 그 위반행위로 얻은 이익 또는 회피한 손실액이 없거나 산정하기 곤란한 경우 또는 그 위반행 위로 얻은 이익 또는 회피한 손실액의 6배에 해당하는 금액이 5억원 이하인 경우에는 벌금의 상한액을 5억원으로 한다. <개정 2013. 5. 28., 2014. 12. 30., 2017. 4. 18., 2018. 3. 27., 2021. 1. 5., 2024. 10. 22.> 1."
제174조제1항,[],PENALTY,미공개중요정보,자,이용,미공개중요정보,,"제174조제1항을 위반하여 상장법인의 업무 등과 관련된 미공개중요정보를 특정증권등의 매매, 그 밖의 거래에 이용하거나 타인에게 이용하게 한 자"
제174조제2항,"[None, None, 174, 2]",PENALTY,미공개정보,자,이용,미공개정보,MANDATORY,"제174조제2항을 위반하여 주식등에 대한 공개매수의 실시 또는 중지에 관한 미공개정보 를 그 주식등과 관련된 특정증권등의 매매, 그 밖의 거래에 이용하거나 타인에게 이용하게 한 자 3."
제174조제3항,[],PENALTY,미공개정보 이용,자,이용,미공개정보,,"제174조제3항을 위반하여 주식등의 대량취득ㆍ처분의 실시 또는 중지에 관한 미공개정보 를 그 주식등과 관련된 특정증권등의 매매, 그 밖의 거래에 이용하거나 타인에게 이용하게 한 자 4."
제176조제1항,[],PENALTY,위반,자,한,행위,,"제176조제1항을 위반하여 상장증권 또는 장내파생상품의 매매에 관하여 그 매매가 성황 을 이루고 있는 듯이 잘못 알게 하거나, 그 밖에 타인에게 그릇된 판단을 하게 할 목적으로 같은 항 각 호의 어느 하나에 해당하는 행위를 한 자"
제176조제2항,[],PENALTY,위반,자,한,행위,MANDATORY,제176조제2항을 위반하여 상장증권 또는 장내파생상품의 매매를 유인할 목적으로 같은 항 각 호의 어느 하나에 해당하는 행위를 한 자
제176조제3항,[],DEFINITION,시세 고정,자,위반,시세,DEFINITIONAL,제176조제3항을 위반하여 상장증권 또는 장내파생상품의 시세를 고정시키거나 안정시킬 목적으로 그 증권 또는 장내파생상품에 관한 일련의 매매 또는 그 위탁이나 수탁을 한 자
제176조제4항,"[176, 4, None, None]",REGULATION,금융투자상품의 매매,자,한,금융투자상품의 매매,PROHIBITIVE,"제176조제4항 각 호의 어느 하나에 해당하는 행위를 한 자 8. 금융투자상품의 매매(증권의 경우 모집ㆍ사모ㆍ매출을 포함한다), 그 밖의 거래와 관련하여"
제178조제1항,"[None, None, 178, 1]",PENALTY,행위,자,한,행위,MANDATORY,제178조제1항 각 호의 어느 하나에 해당하는 행위를 한 자 9.
제178조제2항,[],PENALTY,풍문의 유포,자,한,풍문의 유포,MANDATORY,"제178조제2항을 위반하여 금융투자상품의 매매(증권의 경우 모집ㆍ사모ㆍ매출을 포함한 다), 그 밖의 거래를 할 목적이나 그 시세의 변동을 도모할 목적으로 풍문의 유포, 위계의 사용, 폭행 또는 협박을 한 자 10."
제180조,[],PENALTY,징역,자,가중한다,징역,MANDATORY,"제180조를 위반하여 상장증권에 대하여 허용하지 아니하는 방법으로 공매도를 하거나 그 위탁 또는 수탁을 한 자 ② 제1항 각 호의 위반행위로 얻은 이익 또는 회피한 손실액이 5억원 이상인 경우에는 제1항 의 징역을 다음 각 호의 구분에 따라 가중한다.<개정 2018. 3. 27., 2021. 1. 5., 2024. 10. 22.> 1. 이익 또는 회피한 손실액이 50억원 이상인 경우에는 무기 또는 5년 이상의 징역 2. 이익 또는 회피한 손실액이 5억원 이상 50억원 미만인 경우에는 3년 이상의 유기징역 ③ 제1항 또는 제2항에 따라 징역에 처하는 경우에는 10년 이하의 자격정지를 병과(竝科)할 수 있다."
제444조,[],PENALTY,벌칙,자,처리,징역,MANDATORY,제444조(벌칙) 다음 각 호의 어느 하나에 해당하는 자는 5년 이하의 징역 또는 2억원 이하의 벌 금에 처한다.
제11조,[],PENALTY,금융투자업,자,영위,금융투자업,PENALTY,"제11조를 위반하여 금융투자업인가(변경인가를 포함한다)를 받지 아니하고 금융투자업(투자자문업, 투자일임업 및 일반 사모집합투자업은 제외한다)을 영위한 자 1의2."
제11조의2,[],PENALTY,계좌 대여,자,알선,계좌 대여,MANDATORY,제11조의2를 위반하여 계좌 대여를 알선하거나 중개한 자 1의3.
제16조의2,[],PENALTY,제16조의2 위반,자,위반,업무 단위 추가등록,,"제16조의2를 위반하여 업무 단위 추가등록을 하지 아니하고 투자매매업 또는 투자중 개업을 영위한 자 1의4. 거짓, 그 밖의 부정한 방법으로"
제16조의2,[],PENALTY,업무 단위 추가등록,자,등록,업무 단위,PROHIBITIVE,"제16조의2에 따른 업무 단위 추가등록을 한 자 2. 거짓, 그 밖의 부정한 방법으로"
제12조,[],DEFINITION,자,,받은,금융투자업인가,DEFINITIONAL,제12조에 따른 금융투자업인가(변경인가를 포함한다)를 받 은 자 3.
제34조제1항,"[None, None, 34, 1]",PENALTY,위반,자,한,행위,MANDATORY,제34조제1항을 위반하여 같은 항 제1호 또는 제2호에 해당하는 행위를 한 자 4.
제34조제2항,[],PENALTY,신용공여,금융투자업자,신용공여,신용공여를 받은 자,MANDATORY,제34조제2항을 위반하여 신용공여를 한 금융투자업자와 그로부터 신용공여를 받은 자 5.
제35조,[],,,,,,,제35조(
제350조,"[None, None, 350, None]",DEFINITION,위반,대주주,위반,이익,DEFINITIONAL,제350조에서 준용하는 경우를 포함한다)를 위반하여 대주주(그의 특수관계인을 포 함한다) 자신의 이익을 얻을 목적으로 같은 조 각 호의 어느 하나에 해당하는 행위를 한 자 6.
제42조제10항,[],,,,,,,
제52조제6항,[],,,,,,,제52조제6항 및
제304조,[],CONCEPT,금융실명거래 및 비밀보장에 관한 법률,,,금융실명거래 및 비밀보장에 관한 법률,,제304조에서 준용하는 「금융실명거래 및 비밀보장에 관한 법률」
제4조,[],PENALTY,위반,자,제공,제삼자,PROHIBITIVE,제4조제1항 또는 제3항부터 제5항까지의 규정을 위반하여 거래정보등을 제삼자에 게 제공하거나 누설한 자와 이를 요구한 자 6의2.
제54조제2항,[],,,,,,,
Unknown,[],REGULATION,Unknown,,,,,"제42조제10항,"
제52조제6항,[],,,,,,,
제199조제5항,[],,,,,,,
제255조,[],,,,,,,
Unknown,[],REGULATION,Unknown,,,,,"제260조,"
제265조,[],,,,,,,
제289조,[],,,,,,,"제289조,"
제304조,[],,,,,,,
제323조의17,[],,,,,,,"제323조의17,"
제328조,[],,,,,,,제328조 또는
제367조,[],PENALTY,제367조 준용,,위반,제367조,PROHIBITIVE,제367조에서 준용하는 경우를 포함한다)을 위반하여
제45조제1항,[],PENALTY,정보교류 차단,자,이용,정보,MANDATORY,제45조제1항 또는 제2항에 따라 정보교류 차단의 대상이 되는 정보를 정당한 사유 없이 본인이 이용하거나 제삼자에게 이용하게 한 자와 정보교류 차단의 대상이 되는 정 보를 제공받아 이용한 자 7.
제70조,[],REGULATION,제70조 위반,자,매매,금융투자상품,PROHIBITIVE,제70조를 위반하여 투자자로부터 예탁받은 재산으로 금융투자상품의 매매를 한 자
제71조,[],REGULATION,제7호 제외,,제외,제7호,MANDATORY,제71조(제7호를 제외한다)
제85조,[],REGULATION,제8호 제외,,제외한다,제8호,MANDATORY,제85조(제8호를 제외한다)
제98조제1항,"[None, None, 98, 1]",,,,,,,
Unknown,[],REGULATION,Unknown,,,,,제101조의2제1항에서 준용하는 경우를 포함한다)ㆍ제2항(제10호를 제외한다) 또는
제108조,[],PENALTY,위반,자,위반하여,행위,,제108조(제9호를 제외한다 )를 위반하여 각 해당 조항 각 호의 어느 하나에 해당하는 행위를 한 자 8의2.
제77조의3,[],,,,,,,
Unknown,[],REGULATION,Unknown,,,,,제77조의3제8항에 해당하는 경우는 제외한다)를 위반 하여 신용공여를 한 자 8의3.
제77조의3제8항,[],PENALTY,한도 적합 불이행,자,하지 않음,한도,MANDATORY,제77조의3제8항의 기간 이내에 한도에 적합하도록 하지 아니한 자 8의4.
제77조의3제9항,[],PENALTY,신용공여,종합금융투자사업자,신용공여,신용공여,MANDATORY,제77조의3제9항을 위반하여 신용공여를 한 종합금융투자사업자와 그로부터 신용공여 를 받은 자 9.
제81조제1항,"[None, None, 81, 1]",PENALTY,위반,자,운용,행위,MANDATORY,제81조제1항을 위반하여 집합투자재산을 운용함에 있어서 같은 항 각 호의 어느 하나에 해당하는 행위를 한 자 10.
제84조제1항,[],PENALTY,위반자,자,위반,이해관계인과 거래행위,MANDATORY,제84조제1항을 위반하여 집합투자재산을 운용함에 있어서 이해관계인과 거래행위를 한 자 11.
Unknown,[],REGULATION,Unknown,,,,,제87조제2항부터 제5항(
제186조제2항,"[None, None, 186, 2]",REGULATION,준용,제186조제2항,포함한다,준용하는 경우,MANDATORY,제186조제2항에서 준용하는 경우를 포함한다)까지 또는
제112조,[],PENALTY,의결권 행사,자,행사,의결권,MANDATORY,제 112조제2항부터 제5항까지의 규정을 위반하여 의결권을 행사한 자 11의2.
제117조의7제6항,[],PENALTY,증권 청약,자,위반,증권의 청약,MANDATORY,제117조의7제6항을 위반하여 투자자의 재산으로 증권의 청약을 한 자 11의3.
제117조의8제1항,[],PENALTY,위반,자,위반,투자자 재산,MANDATORY,제117조의8제1항을 위반하여 투자자의 재산을 보관ㆍ예탁받은 자 12.
제119조,[119],PENALTY,거짓 기재,증권 모집·매출자,거짓 기재,중요사항,PROHIBITIVE,제119조(제5항을 제외한다)를 위반하여 증권을 모집 또는 매출한 자 13. 다음 각 목의 어느 하나에 해당하는 서류 중 중요사항에 관하여 거짓의 기재 또는 표시를 하거나 중요사항을 기재 또는 표시하지 아니한 자 및 그 중요사항에 관하여 거짓의 기재 또는 표시가 있거나 중요사항의 기재 또는 표시가 누락되어 있는 사실을 알고도
제119조,[],,,,,,,제119조 제5항 또는
제159조제7항,"[None, None, 159, 7]",,,,,,,
제160조제1항,[],,,,,,,제160조제1항 후단 또는
제161조제1항,[],REGULATION,서명,공인회계사,증명,진실,MANDATORY,제161조제1항 각 호 외의 부분 후단에 서 준용하는 경우를 포함한다)에 따른 서명을 한 자와 그 사실을 알고도 이를 진실 또는 정 확하다고 증명하여 그 뜻을 기재한 공인회계사ㆍ감정인 또는 신용평가를 전문으로 하는 자 가.
제119조,[],DEFINITION,증권신고서,,,,DEFINITIONAL,제119조에 따른 증권신고서 또는 일괄신고추가서류 나.
제122조,"[None, None, 122, None]",REGULATION,정정신고서,,,정정신고서,MANDATORY,제122조에 따른 정정신고서 다.
제123조,"[None, None, 123, None]",REGULATION,투자설명서,,,,,제123조에 따른 투자설명서(집합투자증권의 경우
제124조제2항제3호,"[None, None, 124, 3]",REGULATION,간이투자 설명서,,포함한다,간이투자 설명서,MANDATORY,제124조제2항제3호에 따른 간이투자 설명서를 포함한다) 라.
제159조,[],CONCEPT,사업보고서,,,,,제159조에 따른 사업보고서 마.
제160조,[],REGULATION,보고서,,,보고서,MANDATORY,제160조에 따른 반기보고서 또는 분기보고서 바.
제161조,[],REGULATION,주요사항보고서,,,,MANDATORY,제161조에 따른 주요사항보고서 사.
Unknown,[],REGULATION,Unknown,,,,,제164조제2항에 따른 정정명령에 따라 제출하는 사업보고서등 14.
제122조제3항,"[None, None, 122, 3]",PENALTY,거짓의 기재 또는 표시,정정신고서를 제출하지 아니한 자,기재,중요사항,MANDATORY,제122조제3항을 위반하여 정정신고서를 제출하지 아니한 자 15. 다음 각 목의 어느 하나에 해당하는 공고 또는 서류 중 중요사항에 관하여 거짓의 기재 또는 표시를 하거나 중요사항을 기재 또는 표시하지 아니한 자 가.
제134조,[],PROCEDURE,공개매수공고,,공고,공개매수공고,MANDATORY,제134조에 따른 공개매수공고 또는 공개매수신고서 나.
제136조,[],PROCEDURE,정정신고서,,,,MANDATORY,제136조에 따른 정정신고서 또는 공고 다.
제137조제1항,[],CONCEPT,공개매수설명서,,,,,제137조제1항에 따른 공개매수설명서 16.
제134조제1항,[],,,,,,,제134조제1항 또는
제136조제5항,[],PENALTY,제136조제5항 위반,자,위반,제136조제5항,,제136조제5항을 위반하여 공고를 하지 아니한 자 17.
제134조제2항,"[134, 2, None, None]",PENALTY,공개매수신고서,자,제출하지 않음,공개매수신고서,DEFINITIONAL,제134조제2항을 위반하여 공개매수신고서를 제출하지 아니한 자
제147조,[],REGULATION,보고서류,,,,,제147조에 따른 보고서류 또는
제151조제2항,[],PENALTY,거짓의 기재 또는 표시,자,기재,중요한 사항,MANDATORY,제151조제2항에 따른 정정보고서 중 대통령령으로 정하는 중요한 사항(이하 이 호에서 “중요한 사항”이라 한다)에 관하여 거짓의 기재 또는 표시 를 하거나 중요한 사항을 기재 또는 표시하지 아니한 자 19.
제154조,[],REGULATION,위임장 용지,,,,,제154조에 따른 위임장 용지 및 참고서류 또는
제156조,"[None, None, 156, None]",PENALTY,의결권 위임 관련 중요사항,자,기재,의결권 위임 관련 중요사항,MANDATORY,제156조에 따른 정정서류 중 의결권피권 유자의 의결권 위임 여부 판단에 중대한 영향을 미칠 수 있는 사항(이하 이 호에서 “의결권 위임 관련 중요사항”이라 한다)에 관하여 거짓의 기재 또는 표시를 하거나 의결권 위임 관 련 중요사항을 기재 또는 표시하지 아니한 자 19의2.
제246조제5항ㆍ제6항,[],PENALTY,위반,거래한 자,위반,제19조제3항,MANDATORY,제246조제5항ㆍ제6항을 위반하여 거래한 자 19의3.
제249조의7제2항,[],,,,,,,제249조의7제2항(
제249조의12,[],PENALTY,집합투자 재산,자,운용,집합투자 재산,,제249조의12에서 준용하는 경우를 포함한다)을 위반하여 집합투자 재산을 운용한 자 19의4.
제249조의7제6항,"[None, None, 249, 6]",PENALTY,의결권 행사,자,위반,의결권,MANDATORY,제249조의7제6항을 위반하여 의결권을 행사한 자 19의5.
제249조의16제1항,"[249, 16, 1]",PENALTY,위반,자,위반,제249조의16제1항,MANDATORY,제249조의16제1항을 위반하여 거래행위를 한 자 20.
제250조제1항,[],,,,,,,제250조제1항 또는
제251조제1항,[],PENALTY,집합투자업,자,영위한,집합투자업,,제251조제1항을 위반하여 집합투자업을 영위한 자 21.
제280조제1항,[],PENALTY,외국집합투자증권 판매,자,판매,외국집합투자증권,MANDATORY,제280조제1항을 위반하여 투자매매업자 또는 투자중개업자를 통하지 아니하고 외국 집 합투자증권을 국내에서 판매한 자 21의2.
제323조의2,[],PENALTY,위반,자,영위,금융투자상품거래청산업무,MANDATORY,"제323조의2를 위반하여 금융투자상품거래청산업인가(변경인가를 포함한다)를 받지 아니하고 금융투자상품거래청산업무를 영위한 자 21의3. 거짓, 그 밖의 부정한 방법으로"
제323조의3,"[None, None, 323, 3]",DEFINITION,금융투자상품거래청산업인가를 받은 자,자,,,DEFINITIONAL,제323조의3에 따른 금융투자상품거래청산업인가(변 경인가를 포함한다)를 받은 자 22.
제323조의21,[],,,,,,,
Unknown,[],REGULATION,Unknown,,,,,"제335조의2,"
제355조제1항,[],,,,,,,제355조제1항 또는
제360조제1항,"[360, None, 1, None]",PENALTY,위반,자,영위,업무,MANDATORY,"제360조제1항을 위반하여 인가를 받지 아니하고 해당 업무를 영위한 자 23. 거짓, 그 밖의 부정한 방법으로"
제324조제1항,[],,,,,,,
제335조의3제1항,[],,,,,,,
제355조제1항,[],,,,,,,제355조제1항 또는
제 360조제1항,"[360, 1, None, None]",DEFINITION,인가를 받은 자,,,,,제 360조제1항에 따른 인가를 받은 자 24.
제335조제1항,[],,,,,,,
제354조제1항,[],,,,,,,
제359조제1항,[],,,,,,,제359조제1항 또는
제364조제1항,"[364, None, 1, None]",PENALTY,업무 영위,자,영위,업무,MANDATORY,제364조제1항에 따라 인가가 취소된 후 그 취소된 업무를 영위한 자 25.
제343조제1항,"[None, None, 343, 1]",PENALTY,신용공여,종합금융회사,신용공여를 한,자,MANDATORY,제343조제1항을 위반하여 신용공여를 한 종합금융회사와 그로부터 신용공여를 받은 자 26.
제357조제1항,[],PENALTY,제357조제1항 위반,자,위반,금융투자업,MANDATORY,제357조제1항을 위반하여 금융투자업을 영위한 자 27.
제373조,[],PENALTY,거래소허가,자,개설하거나 운영한,금융투자상품시장,PROHIBITIVE,"제373조를 위반하여 거래소허가(변경허가를 포함한다)를 받지 아니하고 금융투자상품시장을 개설하거나 운영한 자 27의2. 거짓, 그 밖의 부정한 방법으로"
제373조의2,[],DEFINITION,거래소허가를 받은 자,자,받은,거래소허가,DEFINITIONAL,제373조의2에 따른 거래소허가(변경허가를 포함한다 )를 받은 자 28.
제420조제1항,[],PENALTY,금융투자업인가 취소 후 영위한 업무,자,영위한,업무,MANDATORY,제420조제1항에 따라 금융투자업인가가 취소된 후 그 취소된 업무를 영위한 자 29.
제435조제4항,"[None, None, 435, 4]",PENALTY,비밀 누설,누설자,누설,비밀,DEFINITIONAL,제435조제4항을 위반하여 신고자등의 신분 등에 관한 비밀을 누설한 자
제444조,[],PENALTY,벌칙,자,처리,징역,MANDATORY,"제444조(벌칙) 다음 각 호의 어느 하나에 해당하는 자는 5년 이하의 징역 또는 2억원 이하의 벌 금에 처한다. <개정 2009. 2. 3., 2013. 4. 5., 2013. 5. 28., 2015. 7. 24., 2018. 3. 27., 2020. 5. 19., 2021. 4. 20., 2021. 6. 8., 2024. 2. 13., 2025. 1. 21., 2025. 9. 16.> 1."
제11조,[],PENALTY,금융투자업인가,자,영위하다,금융투자업,,"제11조를 위반하여 금융투자업인가(변경인가를 포함한다)를 받지 아니하고 금융투자업(투자자문업, 투자일임업 및 일반 사모집합투자업은 제외한다)을 영위한 자 1의2."
제11조의2,"[None, None, 11, 2]",PENALTY,계좌 대여,자,알선하거나 중개한,계좌 대여,,제11조의2를 위반하여 계좌 대여를 알선하거나 중개한 자 법제처 256 국가법령정보 센터 자본시장과 금융투자업에 관한 법률 1의3.
제16조의2,[],PENALTY,제16조의2 위반,자,위반,제16조의2,,"제16조의2를 위반하여 업무 단위 추가등록을 하지 아니하고 투자매매업 또는 투자중 개업을 영위한 자 1의4. 거짓, 그 밖의 부정한 방법으로"
제16조의2,[],PENALTY,업무 단위 추가등록,자,등록,업무 단위,MANDATORY,"제16조의2에 따른 업무 단위 추가등록을 한 자 2. 거짓, 그 밖의 부정한 방법으로"
제12조,[],DEFINITION,자,자,받는,금융투자업인가,DEFINITIONAL,제12조에 따른 금융투자업인가(변경인가를 포함한다)를 받 은 자 3.
제34조제1항,[],PENALTY,위반,자,위반,행위,MANDATORY,제34조제1항을 위반하여 같은 항 제1호 또는 제2호에 해당하는 행위를 한 자 4.
제34조제2항,[],PENALTY,신용공여,금융투자업자,신용공여를 한,신용공여를 받은 자,,제34조제2항을 위반하여 신용공여를 한 금융투자업자와 그로부터 신용공여를 받은 자 5.
제35조,[],,,,,,,
제350조,[],PENALTY,위반 행위,대주주,위반,행위,PROHIBITIVE,제350조에서 준용하는 경우를 포함한다)를 위반하여 대주주(그의 특수관계인을 포 함한다) 자신의 이익을 얻을 목적으로 같은 조 각 호의 어느 하나에 해당하는 행위를 한 자 6.
제42조제10항,"[42, 10]",,,,,,,"제42조제10항,"
제52조제6항,[],,,,,,,제52조제6항 및
제304조,[],REGULATION,금융실명거래 및 비밀보장에 관한 법률,금융실명거래 및 비밀보장에 관한 법률,준용하는,,MANDATORY,제304조에서 준용하는 「금융실명거래 및 비밀보장에 관한 법률」
Unknown,[],REGULATION,Unknown,,,,,제4조제1항 또는 제3항부터 제5항까지의 규정을 위반하여 거래정보등을 제삼자에 게 제공하거나 누설한 자와 이를 요구한 자 6의2.
제54조제2항,[],,,,,,,
제42조제10항,[],,,,,,,
Unknown,[],REGULATION,Unknown,,,,,"제52조제6항,"
제199조제5항,"[None, None, 199, 5]",,,,,,,"제199조제5항,"
제255조,[],,,,,,,
제260조,[],,,,,,,
제265조,[],,,,,,,
Unknown,[],REGULATION,Unknown,,,,,"제289조,"
제304조,[],,,,,,,
제323조의17,"[None, None, 323, 17]",,,,,,,"제323조의17,"
제328조,[],,,,,,,
제367조,[],PENALTY,제367조,제367조,위반,준용,PROHIBITIVE,제367조에서 준용하는 경우를 포함한다)을 위반하여
제45조제1항 또는 제2항,"[None, None, 45, None]",PENALTY,정보교류 차단 대상 정보 이용,자,이용,정보교류 차단 대상 정보,MANDATORY,제45조제1항 또는 제2항에 따라 정보교류 차단의 대상이 되는 정보를 정당한 사유 없이 본인이 이용하거나 제삼자에게 이용하게 한 자와 정보교류 차단의 대상이 되는 정 보를 제공받아 이용한 자 7.
제70조,[],PENALTY,제70조 위반,자,한,금융투자상품,MANDATORY,제70조를 위반하여 투자자로부터 예탁받은 재산으로 금융투자상품의 매매를 한 자 8.
제71조,[],REGULATION,제외,제7호,제외,,PROHIBITIVE,제71조(제7호를 제외한다)
제85조,[],REGULATION,제8호 제외,,제외,제8호,MANDATORY,제85조(제8호를 제외한다)
제98조제1항,"[None, None, 98, 1]",,,,,,,
제101조의2,[],REGULATION,준용,,포함한다,제10호,MANDATORY,제101조의2제1항에서 준용하는 경우를 포함한다)ㆍ제2항(제10호를 제외한다) 또는
제108조,[],PENALTY,위반,자,위반,제108조,MANDATORY,제108조(제9호를 제외한다 )를 위반하여 각 해당 조항 각 호의 어느 하나에 해당하는 행위를 한 자 8의2.
제77조의3,[],,,,,,,
제77조의3제8항,[],REGULATION,신용공여,자,위반,신용공여,MANDATORY,제77조의3제8항에 해당하는 경우는 제외한다)를 위반 하여 신용공여를 한 자 8의3.
제8조의4,[],PENALTY,한도 적합 불이행,자,하지 않다,한도,MANDATORY,제77조의3제8항의 기간 이내에 한도에 적합하도록 하지 아니한 자 8의4.
제77조의3제9항,[],PENALTY,신용공여,종합금융투자사업자와 그로부터 신용공여를 받은 자,신용공여,제77조의3제9항,PROHIBITIVE,제77조의3제9항을 위반하여 신용공여를 한 종합금융투자사업자와 그로부터 신용공여 를 받은 자 9.
제81조제1항,[],PENALTY,위반,자,위반,집합투자재산,,제81조제1항을 위반하여 집합투자재산을 운용함에 있어서 같은 항 각 호의 어느 하나에 해당하는 행위를 한 자 9의2.
제81조제5항,"[None, None, 81, 5]",PENALTY,위반,자,위반,집합투자재산,MANDATORY,제81조제5항(제7호를 제외한다)을 위반하여 기업성장집합투자기구의 집합투자재산을 운용할 때 같은 항 각 호의 어느 하나에 해당하는 행위를 한 자 10.
제84조제1항,[],PENALTY,위반,자,위반,집합투자재산,MANDATORY,제84조제1항을 위반하여 집합투자재산을 운용함에 있어서 이해관계인과 거래행위를 한 자 11.
Unknown,[],REGULATION,Unknown,,,,,제87조제2항부터 제5항(
제186조제2항,[],REGULATION,준수,,포함,준수하는 경우,,제186조제2항에서 준수하는 경우를 포함한다)까지 또는
제112조제2항부터제5항까지,"[None, None, 112, 2]",ACTOR,규정 위반,자,행사,의결권,,제 112조제2항부터 제5항까지의 규정을 위반하여 의결권을 행사한 자 11의2.
제117조의7제6항,"[None, None, 117, 6]",PENALTY,증권 청약,자,위반,제117조의7제6항,MANDATORY,제117조의7제6항을 위반하여 투자자의 재산으로 증권의 청약을 한 자 11의3.
제117조의8제1항,"[None, None, 117, 8, 1]",PENALTY,과태료,보관자,위반,투자자 재산,,제117조의8제1항을 위반하여 투자자의 재산을 보관ㆍ예탁받은 자 12.
제119조,[],PENALTY,거짓의 기재 또는 표시,증권을 모집 또는 매출한 자,거짓의 기재 또는 표시를 하다,중요사항,MANDATORY,제119조(제5항을 제외한다)를 위반하여 증권을 모집 또는 매출한 자 13. 다음 각 목의 어느 하나에 해당하는 서류 중 중요사항에 관하여 거짓의 기재 또는 표시를 하거나 중요사항을 기재 또는 표시하지 아니한 자 및 그 중요사항에 관하여 거짓의 기재 또는 표시가 있거나 중요사항의 기재 또는 표시가 누락되어 있는 사실을 알고도
제119조,[],,,,,,,제119조 제5항 또는
제159조제7항,[],,,,,,,제159조제7항(
제160조제1항,[],,,,,,,제160조제1항 후단 또는
제161조제1항,[],REGULATION,증명,공인회계사,증명,서명,MANDATORY,제161조제1항 각 호 외의 부분 후단에 법제처 257 국가법령정보 센터 자본시장과 금융투자업에 관한 법률 서 준용하는 경우를 포함한다)에 따른 서명을 한 자와 그 사실을 알고도 이를 진실 또는 정 확하다고 증명하여 그 뜻을 기재한 공인회계사ㆍ감정인 또는 신용평가를 전문으로 하는 자 가.
제119조,[],REGULATION,증권신고서,,,,,제119조에 따른 증권신고서 또는 일괄신고추가서류 나.
제122조,[],PROCEDURE,정정신고서,,,정정신고서,,제122조에 따른 정정신고서 다.
제123조,[],REGULATION,투자설명서,,,집합투자증권,,제123조에 따른 투자설명서(집합투자증권의 경우
제124조제2항제3호,[],REGULATION,간이투자 설명서,문서,포함한다,간이투자 설명서,MANDATORY,제124조제2항제3호에 따른 간이투자 설명서를 포함한다) 라.
Unknown,[],REGULATION,Unknown,,,,,제159조에 따른 사업보고서 마.
제160조,[],REGULATION,보고서,,,보고서,MANDATORY,제160조에 따른 반기보고서 또는 분기보고서 바.
제161조,[],CONCEPT,주요사항보고서,,,,,제161조에 따른 주요사항보고서 사.
제164조제2항,[],REGULATION,사업보고서,,제출,사업보고서,MANDATORY,제164조제2항에 따른 정정명령에 따라 제출하는 사업보고서등 14.
제122조제3항,[],PENALTY,정정신고서 제출 불이행,자,제출하지 않음,정정신고서,PENALTY,제122조제3항을 위반하여 정정신고서를 제출하지 아니한 자 15. 다음 각 목의 어느 하나에 해당하는 공고 또는 서류 중 중요사항에 관하여 거짓의 기재 또는 표시를 하거나 중요사항을 기재 또는 표시하지 아니한 자 가.
제134조,[],DEFINITION,공개매수공고,,,,,제134조에 따른 공개매수공고 또는 공개매수신고서 나.
제136조,[],REGULATION,정정신고서,,,,,제136조에 따른 정정신고서 또는 공고 다.
제137조제1항,[],CONCEPT,공개매수설명서,,,공개매수설명서,,제137조제1항에 따른 공개매수설명서 16.
제134조제1항,[],,,,,,,제134조제1항 또는
제136조제5항,[],PENALTY,위반,자,위반,제136조제5항,MANDATORY,제136조제5항을 위반하여 공고를 하지 아니한 자 17.
제134조제2항,[],PENALTY,제134조제2항 위반,자,제출하지 않음,공개매수신고서,MANDATORY,제134조제2항을 위반하여 공개매수신고서를 제출하지 아니한 자 18.
제147조,[],REGULATION,보고서류,,,,,제147조에 따른 보고서류 또는
제151조제2항,[],PENALTY,거짓의 기재 또는 표시,자,거짓의 기재 또는 표시,중요한 사항,,제151조제2항에 따른 정정보고서 중 대통령령으로 정하는 중요한 사항(이하 이 호에서 “중요한 사항”이라 한다)에 관하여 거짓의 기재 또는 표시 를 하거나 중요한 사항을 기재 또는 표시하지 아니한 자 19.
제154조,[],REGULATION,위임장 용지 및 참고서류,,,위임장 용지 및 참고서류,,제154조에 따른 위임장 용지 및 참고서류 또는
Unknown,[],REGULATION,Unknown,,,,,제156조에 따른 정정서류 중 의결권피권 유자의 의결권 위임 여부 판단에 중대한 영향을 미칠 수 있는 사항(이하 이 호에서 “의결권 위임 관련 중요사항”이라 한다)에 관하여 거짓의 기재 또는 표시를 하거나 의결권 위임 관 련 중요사항을 기재 또는 표시하지 아니한 자 19의2.
제246조제5항ㆍ제6항,[],PENALTY,위반,거래한 자,위반,제246조제5항ㆍ제6항,MANDATORY,제246조제5항ㆍ제6항을 위반하여 거래한 자 19의3.
Unknown,[],REGULATION,Unknown,,,,,제249조의7제2항(
제249조의12,[],PENALTY,위반,자,운용,집합투자 재산,MANDATORY,제249조의12에서 준용하는 경우를 포함한다)을 위반하여 집합투자 재산을 운용한 자 19의4.
제249조의7제6항,[],PENALTY,위반,자,행사,의결권,MANDATORY,제249조의7제6항을 위반하여 의결권을 행사한 자 19의5.
제249조의16제1항,"[249, 16, 1]",PENALTY,위반,자,위반,거래행위,MANDATORY,제249조의16제1항을 위반하여 거래행위를 한 자 20.
제250조제1항,[],,,,,,,제250조제1항 또는
제251조제1항,"[None, None, 251, 1]",PENALTY,집합투자업,자,위반,집합투자업,MANDATORY,제251조제1항을 위반하여 집합투자업을 영위한 자 21.
제280조제1항,[],PENALTY,외국 집 합투자증권 판매,판매자,판매,외국 집 합투자증권,MANDATORY,제280조제1항을 위반하여 투자매매업자 또는 투자중개업자를 통하지 아니하고 외국 집 합투자증권을 국내에서 판매한 자 21의2.
제323조의2,[],PENALTY,위반,자,영위,금융투자상품거래청산업무,MANDATORY,"제323조의2를 위반하여 금융투자상품거래청산업인가(변경인가를 포함한다)를 받지 아니하고 금융투자상품거래청산업무를 영위한 자 21의3. 거짓, 그 밖의 부정한 방법으로"
제323조의3,[],DEFINITION,자,자,받은,금융투자상품거래청산업인가(변경인가를 포함한다),DEFINITIONAL,제323조의3에 따른 금융투자상품거래청산업인가(변경인가를 포함한다)를 받은 자 22.
제323조의21,[],,,,,,,
제335조의2,[],,,,,,,
제355조제1항,"[None, None, 355, 1]",,,,,,,제355조제1항 또는
제360조제1항,[],DEFINITION,위반자,인증 없이 영위한 자,영위,업무,DEFINITIONAL,"제360조제1항을 위반하여 인가를 받지 아니하고 해당 업무를 영위한 자 법제처 258 국가법령정보 센터 자본시장과 금융투자업에 관한 법률 23. 거짓, 그 밖의 부정한 방법으로"
제324조제1항,[],,,,,,,
제335조의3제1항,[],,,,,,,
제355조제1항,[],,,,,,,제355조제1항 또는
제 360조제1항,[],DEFINITION,인가를 받은 자,자,받다,인가,DEFINITIONAL,제 360조제1항에 따른 인가를 받은 자 24.
제335조제1항,[],,,,,,,"제335조제1항,"
제354조제1항,[],,,,,,,"제354조제1항,"
제359조제1항,[],,,,,,,제359조제1항 또는
제364조제1항,[],PENALTY,인증 취소,자,영위한,업무,MANDATORY,제364조제1항에 따라 인가가 취소된 후 그 취소된 업무를 영위한 자 25.
제343조제1항,[],ACTOR,신용공여,종합금융회사,신용공여,자,,제343조제1항을 위반하여 신용공여를 한 종합금융회사와 그로부터 신용공여를 받은 자 26.
제357조제1항,"[None, None, 357, 1]",PENALTY,제357조제1항 위반,자,위반,금융투자업,MANDATORY,제357조제1항을 위반하여 금융투자업을 영위한 자 27.
제373조,[],PENALTY,부정한 방법,,위반,거래소허가,PROHIBITIVE,"제373조를 위반하여 거래소허가(변경허가를 포함한다)를 받지 아니하고 금융투자상품시 장을 개설하거나 운영한 자 27의2. 거짓, 그 밖의 부정한 방법으로"
제373조의2,[],REGULATION,거래소허가,자,받은,거래소허가,,제373조의2에 따른 거래소허가(변경허가를 포함한다)를 받은 자 28.
제420조제1항,[],PENALTY,과태료,영위한 자,영위하다,업무,MANDATORY,제420조제1항에 따라 금융투자업인가가 취소된 후 그 취소된 업무를 영위한 자 29.
제435조제4항,[],PENALTY,비밀 누설,자,누설,비밀,MANDATORY,제435조제4항을 위반하여 신고자등의 신분 등에 관한 비밀을 누설한 자 [시행일: 2026. 3. 17.]
제444조,[],,,,,,,
제445조,[],PENALTY,벌칙,자,처한다,징역,MANDATORY,제445조(벌칙) 다음 각 호의 어느 하나에 해당하는 자는 3년 이하의 징역 또는 1억원 이하의 벌 금에 처한다.
제17조,[],PENALTY,제17조 위반,자,영위한,투자자문업,MANDATORY,"제17조를 위반하여 금융투자업등록(변경등록을 포함한다)을 하지 아니하고 투자자문업 또는 투자일임업을 영위한 자 2. 거짓, 그 밖의 부정한 방법으로"
제18조,[],DEFINITION,금융투자업등록,자,등록,금융투자업,DEFINITIONAL,제18조에 따른 금융투자업등록(변경등록을 포함한다)을 한 자 3.
제39조,[],DEFINITION,명의 대여,자,대여,명의,DEFINITIONAL,제39조를 위반하여 자기의 명의를 대여하여 타인에게 금융투자업을 영위하게 한 자
제51조제2항,[],PENALTY,투자권유,자,위반,투자권유,MANDATORY,제51조제2항을 위반하여 등록 전에 투자권유를 한 자 8.
제52조제1항,[],PENALTY,투자권유대행인 외의 자에게 투자권유를 대행,자,위반,제52조제1항,MANDATORY,제52조제1항을 위반하여 투자권유대행인 외의 자에게 투자권유를 대행하게 한 자 9.
제54조제1항,[],,,,,,,
제42조제10항,[],,,,,,,
제52조제6항,[],,,,,,,
제199조제5항,[],,,,,,,
제255조,[],,,,,,,
제260조,[],,,,,,,"제260조,"
제265조,[],,,,,,,"제265조,"
Unknown,[],REGULATION,Unknown,,,,,"제 289조,"
제304조,[],,,,,,,
제323조의17,[],,,,,,,"제323조의17,"
제328조,[],,,,,,,
제367조,[],PENALTY,정보 이용,제삼자,이용,정보,PROHIBITIVE,제367조에서 준용하는 경우를 포함한다)를 위반하여 직무상 알게 된 정보로서 외부에 공개되지 아니한 정보를 자기 또는 제삼자의 이익을 위하여 이용한 자 10.
제55조,[],,,,,,,
제42조제10항,[],,,,,,,"제42조제10항,"
제52조제6항,[],,,,,,,제52조제6항 또는
Unknown,[],REGULATION,Unknown,,,,,제101조의2제1항에서 준용하는 경우를 포함한 다)를 위반하여 같은 조 각 호의 어느 하나에 해당하는 행위를 한 자 11.
Unknown,[],REGULATION,Unknown,,,,,제60조제1항(
제255조,[],,,,,,,"제255조,"
제260조,[],,,,,,,제260조 또는
제265조,[],REGULATION,준수,,포함,제265조 준수,,제265조에서 준수하는 경우를 포함한다) 또는
제 187조제1항,[],PENALTY,자료 기록·유지,자,위반,자료,MANDATORY,제 187조제1항을 위반하여 자료를 기록ㆍ유지하지 아니한 자 12.
제63조제1항제1호,[],,,,,,,제63조제1항제1호(
제289조,[],,,,,,,"제289조,"
제304조,[],,,,,,,
제323조의17,[],,,,,,,"제323조의17,"
제328조,[],,,,,,,
제335조의14,[],,,,,,,
제367조,[],,,,,,,
제 383조제3항,"[None, None, 383, 3]",,,,,,,제 383조제3항 또는
제441조,[],DEFINITION,위반자,금융투자상품 매매자,위반,금융투자상품,PROHIBITIVE,제441조에서 준용하는 경우를 포함한다)를 위반하여 같은 호에 규정된 방법에 따르지 아니하고 금융투자상품을 매매한 자 13.
제76조제3항,[],PENALTY,집합투자증권 판매 및 광고 위반,자,판매,집합투자증권,,"제76조제3항을 위반하여 집합투자증권을 판매하거나 판매를 위한 광고를 한 자 13의2. 거짓, 그 밖의 부정한 방법으로"
제77조의2제1항,[],DEFINITION,종합금융투자사업자,자,지정을 받은,종합금융투자사업자,DEFINITIONAL,제77조의2제1항에 따른 종합금융투자사업자의 지정 을 받은 자 법제처 259 국가법령정보 센터 자본시장과 금융투자업에 관한 법률 13의3.
제77조의2,[],REGULATION,종합금융투자사업자 지정,종합금융투자사업자,지정 받지 않음,전담중개업무,PROHIBITIVE,제77조의2에 따라 금융위원회로부터 종합금융투자사업자의 지정을 받지 아니하고 전담중개업무 또는
제77조의3제3항,"[None, None, 77, 3]",DEFINITION,영위한 자,자,영위하다,업무,DEFINITIONAL,제77조의3제3항 각 호의 어느 하나에 해당하는 업무를 영위한 자 14.
제80조제3항,"[None, None, 80, 3]",PENALTY,배분,자,배분하지 아니한,결과,MANDATORY,제80조제3항 전단을 위반하여 투자신탁재산별로 미리 정하여진 자산배분명세에 따라 취득ㆍ처분 등의 결과를 배분하지 아니한 자 15.
제87조제6항,[],,,,,,,제87조제6항(
제186조제2항,[],PENALTY,주식 처분 위반,자,위반,주식,MANDATORY,제186조제2항에서 준용하는 경우를 포함한다)에 따른 명령을 위반하여 주 식을 처분하지 아니한 자 16.
제104조제2항,"[None, None, 104, 2]",DEFINITION,신탁재산 고유재산 취득,자,위반,신탁재산,DEFINITIONAL,제104조제2항을 위반하여 신탁재산을 고유재산으로 취득한 자 17. 삭제<2009. 2. 3.> 18.
제114조제3항,[],,,,,,,제114조제3항 또는
제240조제3항,[],PENALTY,회계감사,자,위반,회계감사,MANDATORY,제240조제3항을 위반하여 회계감사를 받지 아니한 자 18의2.
제117조의3,[],PENALTY,온라인소액투자 중개,자,중개,온라인소액투자,MANDATORY,"제117조의3을 위반하여 등록(변경등록을 포함한다)을 하지 아니하고 온라인소액투자 중개를 한 자 18의3. 거짓, 그 밖의 부정한 방법으로"
제117조의4,[],DEFINITION,등록을 한 자,자,등록,변경등록,DEFINITIONAL,제117조의4에 의한 등록(변경등록을 포함한다)을 한 자 18의4.
제117조의7제10항,[],PENALTY,증권 청약 권유,자,위반,증권의 청약,MANDATORY,제117조의7제10항을 위반하여 증권의 청약을 권유하는 행위를 한 자
제133조제3항,[],,,,,,,제133조제3항 또는
제140조,[],PENALTY,공개매수 위반,자,매수,주식,,제140조를 위반하여 공개매수에 의하지 아니하고 주식등의 매수등 을 한 자 20.
제147조,[],PENALTY,보고,자,위반,보고,,제147조제1항ㆍ제3항 또는 제4항을 위반하여 보고를 하지 아니한 자 21.
제152조제1항 또는 제3항,[],PENALTY,의결권 대리행사의 권유,자,권유,의결권 대리행사,,제152조제1항 또는 제3항을 위반하여 의결권 대리행사의 권유를 한 자 22.
제169조제1항,"[None, None, 169, 1]",PENALTY,회계감사,자,위반,제169조제1항,MANDATORY,제169조제1항을 위반하여 회계감사를 받지 아니한 자 22의2.
제173조의2제2항,[],PENALTY,정보 누설,자,누설,정보,PROHIBITIVE,"제173조의2제2항을 위반하여 파생상품시장에서의 시세에 영향을 미칠 수 있는 정보 를 누설하거나, 장내파생상품 및 그 기초자산의 매매나 그 밖의 거래에 이용하거나, 타인으 로 하여금 이용하게 한 자 23."
Unknown,[],REGULATION,Unknown,,,,,"제182조제1항을 위반하여 집합투자기구를 등록하지 아니한 자 24. 거짓, 그 밖의 부정한 방법으로"
제182조제1항ㆍ제8항,[],,,,,,,
제279조제3항,[],REGULATION,준용,제279조제3항,포함한다,,MANDATORY,"제279조제3항에서 준용하는 경우 를 포함한다),"
제182조의2,[],REGULATION,제182조의2,,,,,제182조의2제1항ㆍ제3항 또는
제279조제1항,[],REGULATION,등록,자,하다,등록,MANDATORY,제279조제1항에 따른 등록이나 변경등록을 한 자 24의2.
제246조제7항,[],PENALTY,위반,자,위반,정보,MANDATORY,제246조제7항을 위반하여 정보를 이용한 자 25.
제247조제1항,[],PENALTY,위반,자,위반,제247조제1항,MANDATORY,제247조제1항을 위반하여 철회ㆍ변경 또는 시정을 요구하지 아니한 자 25의2.
제249조,[],PENALTY,제249조 위반,자,영위,사모집합투자업,MANDATORY,"제249조를 위반하여 일반 사모집합투자업 등록을 하지 아니하고 일반 사모집합투자 업을 영위한 자 25의3. 거짓, 그 밖의 부정한 방법으로"
제249조의3,[],DEFINITION,등록을 한 자,자,등록,일반 사모집합투자업,DEFINITIONAL,제249조의3에 따른 일반 사모집합투자업 등록을 한 자 26.
제250조제3항,[],,,,,,,
제251조제2항,"[None, None, 251, 2]",,,,,,,제251조제2항 또는
제341조제1항,[],PENALTY,위반,자,위반,항,MANDATORY,제341조제1항에서 준용하는 경우를 포함한다)을 위반 하여 같은 항 각 호의 어느 하나에 해당하는 행위를 한 자 27.
제250조제4항,[],,,,,,,제250조제4항(
제251조제2항,[],,준용,,포함,제5항,,제251조제2항에서 준용하는 경우를 포함한다) 또는 제5항(
제251조제2항,[],,,,,,,제251조제2항 또는
제341조제1항,[],PENALTY,집합투자재산에 관한 정보,자기,위반,집합투자재산에 관한 정보,MANDATORY,제341조제1항에서 준용하는 경우를 포함한다)을 위반하여 집합투자재산에 관한 정보 를 자기가 운용하는 투자신탁재산의 운용이나 자기가 판매하는 집합투자증권의 판매를 위 하여 이용한 자 28.
제250조제6항,"[None, None, 250, 6]",,,,,,,제250조제6항(
제251조제2항,"[None, None, 251, 2]",,,,,,,제251조제2항 또는
제341조제1항,[],PENALTY,위반,자,위반,항,MANDATORY,제341조제1항에서 준용하는 경우를 포함한다)을 위반 하여 같은 항 각 호의 어느 하나에 해당하는 행위를 한 자 법제처 260 국가법령정보 센터 자본시장과 금융투자업에 관한 법률 29.
제253조제1항,[],REGULATION,등록 취소,자,영위,업무,,제253조제1항에 따라 등록이 취소된 후 그 취소된 업무를 영위한 자 30.
제254조제1항,[],PENALTY,제254조제1항 위반,자,영위한,업무,MANDATORY,"제254조제1항을 위반하여 등록을 하지 아니하고 해당 업무를 영위한 자 31. 거짓, 그 밖의 부정한 방법으로"
제254조제1항,"[None, None, 254, 1]",DEFINITION,등록을 한 자,자,등록,,DEFINITIONAL,제254조제1항에 따른 등록을 한 자 32.
제257조제1항,[],PENALTY,영위한 자,영위한 자,영위하다,업무,,제257조제1항에 따라 등록이 취소된 후 그 취소된 업무를 영위한 자 32의2.
제32조의3,[],PENALTY,등록을 하지 아니하고 해당 업무를 영위한 자,등록을 하지 아니하고 해당 업무를 영위한 자,위반,제249조의15제1항,MANDATORY,"제249조의15제1항을 위반하여 등록을 하지 아니하고 해당 업무를 영위한 자 32의3. 거짓, 그 밖의 부정한 방법으로"
제249조의15제1항,[],DEFINITION,등록자,,등록,제249조의15제1항,DEFINITIONAL,제249조의15제1항에 따른 등록을 한 자 33.
제279조제1항,[],PENALTY,외국 집합투자증권,자,판매,외국 집합투자증권,,제279조제1항에 따른 등록을 하지 아니하고 외국 집합투자증권을 판매한 자 34.
제282조제1항,"[0, 0, 282, 1]",PENALTY,외국 집합투자 증권 판매자,판매자,판매,외국 집합투자 증권,MANDATORY,제282조제1항에 따라 등록이 취소된 후 그 취소된 외국 집합투자기구의 외국 집합투자 증권을 판매한 자
제298조,[],PENALTY,제298조 위반,자,위반,제298조,MANDATORY,제298조를 위반하여 계좌 간의 대체로 결제하는 업무를 영위하거나 국내에서 증권예탁 증권을 발행하는 업무를 영위한 자 36.
제301조제5항,[],,,,,,,
Unknown,[],REGULATION,Unknown,,,,,"제323조의9제3항,"
제327조제3항,[],,,,,,,제327조제3항 또는
제383조제2항,"[None, None, 383, 2]",,,,,,,제383조제2항(
제78조제6항,[],REGULATION,자금공여,이해관계자,위반하여,자금공여,PROHIBITIVE,"제78조제6항에서 준 용하는 경우를 포함한다)을 위반하여 자금의 공여, 손익의 분배, 그 밖에 영업에 관하여 특 별한 이해관계를 가진 자 37."
Unknown,[],REGULATION,Unknown,,,,,"제335조제2항,"
제354조제2항,[],,,,,,,
제359조제2항,[],,,,,,,제359조제2항 또는
제364조제2항,"[None, None, 364, 2]",DEFINITION,업무 정지 기간 중 업무 영위자,자,영위한,업무,DEFINITIONAL,제364조제2항에 따른 업무의 정지기 간 중 업무를 영위한 자 37의2.
제335조의11제6항,[],PENALTY,비밀 누설,자,누설,비밀,MANDATORY,제335조의11제6항을 위반하여 직무상 알게 된 요청인의 비밀을 누설하거나 이용한 자 37의3.
제335조의11제7항제1호,[],PENALTY,위반,신용평가를 한 자,위반,신용평가,MANDATORY,제335조의11제7항제1호를 위반하여 신용평가회사와 특수한 관계에 있는 자와 관련 된 신용평가를 한 자 37의4.
제335조의11제7항제2호,[],PENALTY,강요,자,강요,상품,MANDATORY,제335조의11제7항제2호를 위반하여 신용평가 과정에서 신용평가회사 또는 그 계열 회사의 상품이나 서비스를 구매하거나 이용하도록 강요한 자 38.
제339조제1항,[],,,,,,,제339조제1항(
제357조제2항,"[None, None, 357, 2]",,,,,,,제357조제2항 또는
제361조,[],PENALTY,위반,자,위반,인가,,제361조에서 준용하는 경우를 포함한다)을 위반하여 인가를 받지 아니하고 업무를 폐지하거나 해산한 자 39.
제365조제1항,[],PENALTY,제365조제1항 위반,등록 미이행자,위반,등록,MANDATORY,"제365조제1항을 위반하여 등록을 하지 아니하고 해당 업무를 영위한 자 40. 거짓, 그 밖의 부정한 방법으로"
제365조제1항,[],DEFINITION,등록을 한 자,자,등록,,DEFINITIONAL,제365조제1항에 따른 등록을 한 자 41.
제369조제1항,"[None, None, 369, 1]",REGULATION,등록 취소,자,영위,업무,,제369조제1항에 따라 등록이 취소된 후 그 취소된 업무를 영위한 자 42.
제383조제1항,[],,,,,,,제383조제1항(
제78조제6항,[],,,,,,,
제323조의17,[],,,,,,,제323조의17 및
제441조,[],DEFINITION,비밀 누설,자,누설,비밀,PROHIBITIVE,제441조에서 준용하는 경우를 포함한다)을 위반하여 비밀을 누설하거나 이용한 자 43.
제394조제1항,[],PENALTY,공동기금 적립,자,위반,공동기금,MANDATORY,제394조제1항을 위반하여 공동기금을 적립하지 아니한 자 44.
제402조제7항,[],PENALTY,비밀 누설,자,누설,비밀,,제402조제7항을 위반하여 비밀을 누설하거나 이용한 자 45.
제417조제1항,[],,,,,,,
제335조의14,"[None, None, 335, 14]",PENALTY,위반 행위,자,위반,승인,PROHIBITIVE,제335조의14에서 준용하는 경우를 포함한다)을 위반하여 승인을 받지 아 니하거나 같은 항 단서를 위반하여 보고하지 아니하고 같은 항 각 호(겸영금융투자업자의 경우에는 제4호부터 제7호까지에 한한다)의 어느 하나에 해당하는 행위를 한 자 46.
제420조제1항,[],PENALTY,금융투자업등록 취소,자,영위한,업무,MANDATORY,제420조제1항에 따라 금융투자업등록이 취소된 후 그 취소된 업무를 영위한 자 47.
제420조제3항,[],PENALTY,영위한 자,영위한 자,영위한,정지된 업무,MANDATORY,제420조제3항에 따른 인가받은 업무의 정지기간 중 그 정지된 업무를 영위한 자 48.
제426조제2항,[],ACTOR,금융위원회,금융위원회,,,,제426조제2항에 따른 금융위원회(
제172조,[],,,,,,,제172조부터
Unknown,[],REGULATION,Unknown,,,,,"제174조까지,"
제176조,[],,,,,,,"제176조,"
제178조,[],,,,,,,"제178조,"
제178조,[],,,,,,,"제178조 의2,"
제180조,[],,,,,,,
제180조의2,[],,,,,,,제180조의2부터
제180조의6,"[0, 0, 180, 6]",REGULATION,규정 위반,자,불응,요구,MANDATORY,제180조의6까지의 규정을 위반한 사항인 경우에는 증권 선물위원회를 말한다)의 요구에 불응한 자 법제처 261 국가법령정보 센터 자본시장과 금융투자업에 관한 법률
제446조,"[0, 0, 446, 0]",PENALTY,벌칙,자,처한다,징역,MANDATORY,"제446조(벌칙) 다음 각 호의 어느 하나에 해당하는 자는 1년 이하의 징역 또는 3천만원 이하의 벌금에 처한다. <개정 2008. 2. 29., 2009. 2. 3., 2010. 3. 12., 2013. 4. 5., 2013. 5. 28., 2013. 8. 13., 2015. 7. 24., 2016. 12. 20., 2018. 12. 31., 2020. 5. 19., 2021. 4. 20., 2023. 3. 21., 2024. 2. 13., 2024. 10. 22.> 1. 삭제<2015. 7. 31.> 2. 삭제<2015. 7. 31.> 3."
제38조,[],PENALTY,제38조 위반,자,사용,문자,MANDATORY,"제38조를 위반하여 상호 중에 금융투자, 증권, 파생, 선물, 집합투자, 투자신탁, 자산운용, 투자자문, 투자일임 또는 신탁이라는 문자를 사용한 자 4."
제42조제1항,[],,단서,,,,,제42조제1항 단서(
제255조,[],PENALTY,위반,업무 위탁자,위반,제255조,MANDATORY,제255조에서 준용하는 경우를 포함한다)를 위반하여 업무를 위탁한 자 4의2.
제42조제5항,[],,,,,,,
제255조,[],REGULATION,위탁 재위탁,위탁한 자,재위탁,제삼자,PROHIBITIVE,제255조에서 준용하는 경우를 포함한다)을 위반하여 위탁한 자의 동의를 받지 아니하고 위탁받은 업무를 제삼자에게 재위탁한 자 5.
제43조제2항,[],PENALTY,위탁계약 취소/변경명령 위반,자,위반,위탁계약의 취소명령 또는 변경명령,PROHIBITIVE,제43조제2항에 따른 위탁계약의 취소명령 또는 변경명령을 위반한 자
제53조제2항,"[53, 2, None, None]",PENALTY,투자권유대행업무,자,영위하다,투자권유대행업무,PROHIBITIVE,"제53조제2항에 따라 투자권유대행인등록이 취소된 후 투자권유대행업무를 영위하거나, 같은 조 같은 항에 따른 투자권유대행업무의 정지기간 중 투자권유대행업무를 영위한 자 8. 삭제<2020. 3. 24.> 9."
제65조제2항,[],PENALTY,자산을 국내에 두지 아니한 자,자산을 국내에 두지 아니한 자,위반,제65조제2항,MANDATORY,제65조제2항을 위반하여 자산을 국내에 두지 아니한 자 10.
제65조제3항,[],PENALTY,제65조제3항 위반,자,위반,자산,DEFINITIONAL,제65조제3항을 위반하여 자산을 국내에 주소나 거소가 있는 자에 대한 채무의 변제에 우 선 충당하지 아니한 자 11.
제66조,[],PENALTY,제66조 위반,자기,밝히지 않다,투자매매업자,,제66조를 위반하여 사전에 자기가 투자매매업자인지 투자중개업자인지를 밝히지 아니하고 금융투자상품의 매매에 관한 청약 또는 주문을 받은 자
제67조,[],DEFINITION,제67조 위반 금융투자상품 매매자,자,위반,금융투자상품,DEFINITIONAL,제67조를 위반하여 금융투자상품을 매매한 자
제88조,[],,,,,,,제88조 또는
제280조제2항,[],PENALTY,자산운용보고서 제공 위반,자산운용보고서를 제공하지 아니한 자,위반하여,자산운용보고서,MANDATORY,제280조제2항을 위반하여 자산운용보고서를 제공하지 아니한 자 또는 거짓 으로 작성하거나 그 기재사항을 누락하고 작성하여 제공한 자 15.
제89조,[],,,,,,,
제186조제2항,[],PENALTY,공시 위반,자,공시하다,공시,,제186조제2항에서 준용하는 경우를 포함한다)를 위반하여 공시를 하지 아니하거 나 거짓으로 공시한 자 16.
제91조제1항,[],,,,,,,
제186조제2항,"[None, None, 186, 2]",REGULATION,준용,제186조제2항,준용,경우,PERMISSIVE,제186조제2항에서 준용하는 경우를 포함한다)ㆍ
제113조제1항,[],,,,,,,제113조제1항 또는
제 280조제3항,"[None, None, 280, 3]",PENALTY,과태료,자,거절한,열람이나 교부 청구,,제 280조제3항을 위반하여 열람이나 교부 청구를 거절한 자 17.
제95조제2항,[],,,,,,,제95조제2항(
제117조,[],REGULATION,준용,제117조,포함한다,준용하는 경우,MANDATORY,제117조에서 준용하는 경우를 포함한다) 또는
제116조제3항,"[0, 0, 116, 3]",PENALTY,명령 위반,자,위반한,명령,MANDATORY,제116조제3항에 따른 명령을 위반한 자 17의2.
제101조제1항,[],PENALTY,유사투자자문업 영위,자,영위한,유사투자자문업,MANDATORY,제101조제1항에 따른 신고를 하지 아니하고 유사투자자문업을 영위한 자 17의3. 거짓이나 그 밖의 부정한 방법으로
제101조제1항,[],DEFINITION,신고자,자,한,신고,DEFINITIONAL,제101조제1항에 따른 신고를 한 자 18.
제103조제1항 또는 제4항,[],PENALTY,재산 수탁,재산 수탁자,위반,제103조제1항,MANDATORY,제103조제1항 또는 제4항을 위반하여 재산을 수탁한 자 19.
제105조,[],PENALTY,신탁재산 운용,자,운용,신탁재산,MANDATORY,제105조제1항부터 제3항까지의 규정을 위반하여 신탁재산을 운용한 자 19의2.
제117조의5,[],PENALTY,문자 사용,자,사용,문자,,제117조의5를 위반하여 상호 등에 금융투자 또는 온라인소액투자중개라는 문자를 사용한 자 19의3.
제19조의4,[],PENALTY,자기계산으로 증권 취득,자신이 중개하는 증권을 자기의 계산으로 취득한 자,위반,증권,MANDATORY,제117조의7제2항을 위반하여 자신이 중개하는 증권을 자기의 계산으로 취득한 자 19의4.
제117조의7제3항,"[None, None, 117, 7]",PENALTY,자문 응답자,자문 응답자,위반,제19조의5,MANDATORY,제117조의7제3항을 위반하여 자문에 응한 자 19의5.
제117조의7제4항,[],PENALTY,제117조의7제4항 위반,청약의 의사표시를 받은 자,위반,제117조의7제4항,MANDATORY,제117조의7제4항을 위반하여 청약의 의사표시를 받은 자 19의6.
제117조의7제7항,"[None, None, 117, 7]",PENALTY,위반,자,위반하여,온라인소액증권발행인 또는 투자자,MANDATORY,제117조의7제7항을 위반하여 특정한 온라인소액증권발행인 또는 투자자를 우대하거나 차별한 자
제117조의9제2항,"[None, None, 117, 9, 2]",PENALTY,투자광고,자,한,투자광고,MANDATORY,제117조의9제2항을 위반하여 투자광고를 한 자 19의8. 정당한 이유 없이
제119조의2,[],,,,,,,제119조의2 또는
제161조의2,[],PENALTY,자료제출 요구 및 조사,자,거부,자료제출 요구 및 조사,PROHIBITIVE,제161조의2에 따른 연결재무제표 작성대상법인 의 자료제출 요구 및 조사를 거부ㆍ방해ㆍ기피한 자 20.
제121조,[],PENALTY,위반,자,승낙,청약,MANDATORY,제121조를 위반하여 증권에 관한 취득 또는 매수의 청약에 대한 승낙을 한 자 21.
Unknown,[],REGULATION,Unknown,,,,,"제123조제1항,"
제137조제1항,[],,,,,,,제137조제1항 또는
제153조,[],PENALTY,제153조 위반,,위반,제153조,,제153조를 위반하여 투자설명서(집합투자증권의 경 우
제124조제2항제3호,[],PENALTY,제출,자,제출하지 않다,공개매수설명서,MANDATORY,"제124조제2항제3호에 따른 간이투자설명서를 포함한다), 공개매수설명서 또는 위임장 용지 및 참고서류를 제출하지 아니한 자 22."
제124조제1항,[],PENALTY,위반,투자설명서,위반,제124조제1항,PROHIBITIVE,제124조제1항을 위반하여 투자설명서(집합투자증권의 경우
제124조제2항제3호,[],PENALTY,간이투자설명서,자,교부하지 않다,간이투자설명서,PROHIBITIVE,제124조제2항제3호에 따른 간이투자설명서를 포함한다)를 미리 교부하지 아니하고 증권을 취득하게 하거나 매도한 자 23.
제124조제2항,[],PENALTY,위반,자,위반,제124조제2항,,제124조제2항을 위반하여 같은 항 각 호의 어느 하나에 해당하는 방법에 따르지 아니하고 청약의 권유 등을 한 자 24.
제132조,[],,,,,,,
제146조제2항,[],,,,,,,
제151조제2항,[],,,,,,,
제158조제2항,[],,,,,,,제158조제2항 또는
제164조제2항,[],PENALTY,과태료,자,위반한,처분,MANDATORY,제164조제2항에 따른 금융위 원회의 처분을 위반한 자 25.
제137조제3항,[],PENALTY,제137조제3항 위반,자,매수,주식등,MANDATORY,제137조제3항을 위반하여 공개매수설명서를 미리 교부하지 아니하고 주식등을 매수한 자 26.
제145조,[],,,,,,,
제150조제1항ㆍ제3항,[],,,,,,,
제167조제3항,[],,,,,,,제167조제3항 또는
제168조제3항,[],PENALTY,위반,위반한 자,위반,명령,,제168조제3항에 따른 처분명령 또 는 시정명령을 위반한 자 27.
제156조제3항,"[None, None, 156, 3]",PENALTY,정정서류 제출,자,제출하지 않다,정정서류,MANDATORY,제156조제3항 후단을 위반하여 정정서류를 제출하지 아니한 자 28.
제159조,[],,,,,,,
제160조,[],,,,,,,제160조 또는
제161조제1항,[],PENALTY,제161조제1항 위반,자,제출하지 않음,보고서,MANDATORY,제161조제1항을 위반하여 사업보고서ㆍ반기보고서ㆍ분기보고서 나 주요사항보고서를 제출하지 아니한 자 29.
제167조제1항,[],PENALTY,주식 소유,주식 소유자,위반,주식,MANDATORY,제167조제1항을 위반하여 주식을 소유한 자 30.
제169조제2항,[],PENALTY,자료 제출,위반한 자,위반,자료,MANDATORY,제169조제2항(같은 조 제3항 후단에서 준용하는 경우를 포함한다)에 따른 자료의 제출 또는 보고명령이나 조치를 위반한 자 31.
제173조제1항,"[None, None, 173, 1]",PENALTY,보고,자,위반,보고,,제173조제1항을 위반하여 보고를 하지 아니하거나 거짓으로 보고한 자 32.
제192조제1항,[],PENALTY,투자신탁 해지,자,해지,투자신탁,MANDATORY,"제192조제1항을 위반하여 승인을 받지 아니하고 투자신탁을 해지한 자 33. 거짓, 그 밖의 부정한 방법으로"
제192조제1항,[],DEFINITION,승인,승인을 받은 자,받다,승인,DEFINITIONAL,제192조제1항에 따른 승인을 받은 자 34.
제192조제2항,[],,,,,,,
제202조제1항,[],,,,,,,
Unknown,[],REGULATION,Unknown,,,,,"제211조제2항,"
제216조제3항,[],,,,,,,
제217조의6제2항,[],REGULATION,준용,,포함,제217조의6제2항,MANDATORY,제217조의6제2항에서 준용 하는 경우를 포함한다)
제221조제1항,"[None, None, 221, 1]",,,,,,,제221조제1항(
제227조제3항,[],PENALTY,해지 금지,자,해지하지 않다,투자신탁,,제227조제3항에서 준용하는 경우를 포함한다)을 위 반하여 투자신탁을 해지하지 아니하거나 투자회사등을 해산하지 아니한 자 35.
제235조제4항,[],PENALTY,환매대금,자,지급,환매대금,MANDATORY,제235조제4항 또는 제5항을 위반하여 환매대금을 지급하거나 지급하지 아니한 자 36.
제238조제7항,"[None, None, 238, 7]",,,,,,,제238조제7항 또는
제280조제4항,[],PENALTY,기준가격 공고 게시,자,공고ㆍ게시,기준가격,MANDATORY,제280조제4항을 위반하여 기준가격을 공고ㆍ게시하지 아니하거나 거짓으로 공고ㆍ게시한 자 37.
제246조제2항,"[None, None, 246, 2]",PENALTY,집합투자재산 관리,자,구분 및 관리하지 않다,집합투자재산,,제246조제2항을 위반하여 집합투자재산을 구분하여 관리하지 아니한 자 38.
제246조제3항,[],PENALTY,예탁,자,위반,예탁,,제246조제3항을 위반하여 예탁하지 아니한 자 39.
제246조제4항,"[246, 4]",PENALTY,위반,자,이행하지 않음,지시,MANDATORY,제246조제4항을 위반하여 집합투자업자의 지시를 각각의 집합투자기구별로 이행하지 아니한 자 40.
제248조제1항,[],PENALTY,제248조제1항 위반,자,제공,자산보관ㆍ관리보고서,MANDATORY,제248조제1항을 위반하여 자산보관ㆍ관리보고서를 투자자에게 제공하지 아니하거나 거 짓으로 작성하여 제공한 자 40의2.
제249조의4제2항,[],DEFINITION,핵심상품설명서,자,작성,핵심상품설명서,DEFINITIONAL,제249조의4제2항을 위반하여 핵심상품설명서를 작성ㆍ제공하지 아니한 자 법제처 263 국가법령정보 센터 자본시장과 금융투자업에 관한 법률 40의3.
제249조의4제4항,[],PENALTY,핵심상품설명서,자,교부하지 않음,핵심상품설명서,MANDATORY,제249조의4제4항을 위반하여 핵심상품설명서를 교부하지 아니한 자 40의4.
제249조의4제5항,[],PENALTY,위반,자,위반,제249조의4제5항,,제249조의4제5항을 위반하여 철회ㆍ변경 또는 시정을 요구하지 아니한 자 41.
제249조의6,[],PENALTY,보고,자,보고한,보고,,제249조의6제2항 또는 제4항을 위반하여 보고(변경보고를 포함한다)를 하지 아니하거나 거짓으로 보고한 자 41의2.
제249조의7제5항,"[None, None, 249, 5]",,,,,,,제249조의7제5항(
제249조의12,[],DEFINITION,지분증권,자,처분하지 않음,지분증권,DEFINITIONAL,제249조의12에서 준용하는 경우를 포함한다)을 위반하여 지분증권 을 처분하지 아니한 자 41의3.
제249조의8제2항,[],PENALTY,위반,집합투자증권 양도자,위반,제249조의8제2항,MANDATORY,제249조의8제2항을 위반하여 집합투자증권을 타인에게 양도한 자 41의4.
제249조의9제1항,"[249, 9, 1]",PENALTY,해지ㆍ해산명령,자,따르다,해지ㆍ해산명령,MANDATORY,제249조의9제1항에 따른 일반 사모집합투자기구의 해지ㆍ해산명령을 따르지 아니한 자 42.
Unknown,[],REGULATION,Unknown,,,,,"제249조의9제2항,"
Unknown,[],REGULATION,Unknown,,,,,"제249조의21제2항,"
제253조제2항,[],,,,,,,
제257조제2항,[],,,,,,,제257조제2항 또는
제369조제2항,"[None, None, 369, 2]",DEFINITION,업무의 정지기간 중 업무를 영위한 자,자,영위한,업무,DEFINITIONAL,제369조제2항 에 따른 업무의 정지기간 중 업무를 영위한 자 43.
제249조의10,[],,,,,,,제249조의10제4항ㆍ제6항 또는
Unknown,[],REGULATION,Unknown,,,,,제249조의11제8항을 위반하여 보고(변경보고를 포함한 다)를 하지 아니하거나 거짓으로 보고한 자 44. 삭제<2015. 7. 24.> 45.
Unknown,[],REGULATION,Unknown,,,,,"제249조의14제2항,"
제249조의22제2항,[],REGULATION,제249조의22제2항,,,,,제249조의22제2항ㆍ제6항 또는
제249조의23제2항,"[None, None, 249, 23]",DEFINITION,위반자,운용한 자,위반,제249조의23제2항,DEFINITIONAL,제249조의23제2항을 위반하여 운용 한 자 또는 지분증권등을 소유하지 아니하거나 처분한 자 46. 삭제<2021. 4. 20.> 46의2.
제249조의23제5항,[],PENALTY,보고 위반,자,위반,제249조의23제5항,MANDATORY,제249조의23제5항을 위반하여 보고를 하지 아니하거나 거짓으로 보고한 자 47.
제249조의14제6항,[],PENALTY,위반,한 자,위반,행위,MANDATORY,제249조의14제6항을 위반하여 같은 항 제1호부터 제3호까지의 어느 하나에 해당하는 행 위를 한 자 48.
제249조의17제1항,"[None, None, 249, 1]",PENALTY,출자한 지분을 타인에게 양도한 자,자,양도한,지분,,제249조의17제1항을 위반하여 출자한 지분을 타인에게 양도한 자 49.
제249조의18제1항,[],,,,,,,
제249조의13제5항,[],REGULATION,지분 증권 처분,위반자,처분하지 않다,지분 증권,PROHIBITIVE,"제249조의13제5항에서 준용하는 경우를 포함한다)을 위반하여 지분 증권을 처분하지 아니하거나, 같은 조 제3항("
제249조의13제5항,[],PENALTY,지분증권,지분증권을 취득한 자,취득한,지분증권,PROHIBITIVE,제249조의13제5항에서 준용하는 경우를 포함 한다)을 위반하여 지분증권을 취득한 자 50. 삭제<2009. 6. 9.> 51.
제249조의19제2항,[],PENALTY,위반,자,위반,보고,MANDATORY,제249조의19제2항을 위반하여 보고를 하지 아니하거나 거짓으로 보고한 자 52.
제249조의21제1항,[],PENALTY,해산명령,자,따르다,해산명령,MANDATORY,제249조의21제1항에 따른 해산명령을 따르지 아니한 자 52의2.
제249조의21제3항,[],CONCEPT,업무집행사원,업무집행사원,수행한,직무정지 기간,,제249조의21제3항에 따른 직무정지 기간 중 직무를 수행한 업무집행사원 53.
제309조제3항,[],,,,,,,제309조제3항 또는
제310조제1항,"[None, None, 310, 1]",PENALTY,위반,자,작성,예탁자계좌부 또는 투자자계좌부,,제310조제1항을 위반하여 예탁자계좌부 또는 투자자계좌부를 작성 ㆍ비치하지 아니하거나 거짓으로 작성한 자 53의2.
제323조의16제1항,[],PENALTY,거래정보 보관·관리,자,보관·관리,거래정보,,제323조의16제1항을 위반하여 거래정보를 보관ㆍ관리하지 아니한 자 53의3.
제323조의16제2항,"[None, None, 323, 2]",PENALTY,제323조의16제2항 위반,자,보고한,거래정보,,제323조의16제2항을 위반하여 거래정보를 보고하지 아니하거나 거짓으로 보고한 자 54.
제338조,[],,,,,,,제338조 또는
제356조,[],PENALTY,종합금융회사,자,사용한,명칭,PROHIBITIVE,"제356조를 위반하여 “종합금융회사”, “자금중개” 또는 이와 유사한 명칭을 사용한 자 55."
Unknown,[],REGULATION,Unknown,,,,,제342조제1항부터 제4항(
제361조,[],REGULATION,준용,제361조,포함한다,준용하는 경우,,제361조에서 준용하는 경우를 포함한다)까지 또는
제345조,[],PENALTY,신용공여,자,공여,신용공여,MANDATORY,제345조제 3항을 위반하여 신용공여를 한 자 56.
제344조,[],PENALTY,제344조 위반,자,위반,제344조,MANDATORY,제344조를 위반하여 증권에 투자한 자 57.
제345조제1항,"[None, None, 345, 1]",PENALTY,위반 행위,자,위반,제345조제1항,MANDATORY,제345조제1항을 위반하여 같은 항 각 호의 어느 하나에 해당하는 행위를 한 자 58.
제345조제2항,[],PENALTY,위반,자,행사,의결권,MANDATORY,제345조제2항을 위반하여 의결권을 행사한 자 59.
제345조제4항,"[None, None, 345, 4]",PENALTY,조치 이행,자,이행하지 않다,조치,MANDATORY,제345조제4항에 따른 조치를 이행하지 아니한 자 법제처 264 국가법령정보 센터 자본시장과 금융투자업에 관한 법률 60. 삭제<2017. 4. 18.> 61. 삭제<2017. 4. 18.> 62.
제347조제3항,[],PENALTY,제347조제3항 위반,부동산,위반,부동산,MANDATORY,제347조제3항을 위반하여 부동산을 처분하지 아니한 자 62의2.
제416조제1항,[],,,,,,,제416조제1항(
제335조의14,[],,,,,,,
제350조,[],,,,,,,
제357조,[],,,,,,,
제361조,[],,,,,,,제361조 및
제367조,[],PENALTY,절차ㆍ조치,자,이행하지,절차ㆍ조치,MANDATORY,제367조에서 준용하는 경 우를 포함한다)에 따른 명령을 이행하기 위한 절차ㆍ조치를 이행하지 아니한 자 63.
제420조제3항,[],PENALTY,정지된 업무 영위,자,영위,정지된 업무,MANDATORY,제420조제3항에 따른 등록된 업무의 정지기간 중 그 정지된 업무를 영위한 자 64.
제426조의2제6항,"[None, None, 426, 6]",PENALTY,누설,자,누설,명의인 등 제3자,,제426조의2제6항을 위반하여 지급정지 조치가 완료되기 전 또는 제5항에 따른 통지 유 예기간 동안 이를 명의인 등 제3자에게 누설한 자
제447조,[],CONCEPT,징역과 벌금의 병과,,,,DEFINITIONAL,제447조(징역과 벌금의 병과) ①
제443조제1항,[],REGULATION,벌금 병과,징역,병과한다,벌금,MANDATORY,"제443조제1항(제10호는 제외한다) 및 제2항에 따라 징역에 처 하는 경우에는 같은 조 제1항에 따른 벌금을 병과한다. <신설 2014. 12. 30., 2021. 1. 5.> ②"
제443조제1항제10호,"[None, None, 443, 10]",CONCEPT,제10호,,,,,제443조제1항제10호 및
제444조,[],,,,,,,
제446조,[],PENALTY,징역과 벌금 병과,범한 자,병과할,징역과 벌금,PERMISSIVE,제446조까지의 규정에 해당하는 죄를 범한 자에게는 징역과 벌금을 병과할 수 있다.
제447조의2,[],,,,,,,제447조의2(몰수ㆍ추징) ①
제443조제1항,[],REGULATION,몰수,자,몰수,재산,MANDATORY,"제443조제1항 각 호(제10호는 제외한다)의 어느 하나에 해당하는 자가 해당 행위를 하여 취득한 재산은 몰수하며, 몰수할 수 없는 경우에는 그 가액을 추징한 다."
제443조제1항제4호부터 제7호까지,[],REGULATION,재산 몰수,자,몰수,재산,MANDATORY,"제443조제1항제4호부터 제7호까지의 어느 하나에 해당하는 자가 해당 행위를 위하여 제 공하였거나 제공하려 한 재산은 몰수하며, 몰수할 수 없는 경우에는 그 가액을 추징한다."
제448조,[],REGULATION,양벌규정,대표자,,업무,,"제448조(양벌규정) 법인(단체를 포함한다. 이하 이 조에서 같다)의 대표자나 법인 또는 개인의 대리인, 사용인, 그 밖의 종업원이 그 법인 또는 개인의 업무에 관하여"
Unknown,[],REGULATION,Unknown,,,,,제443조부터
제446조,[],PENALTY,벌금형,법인 또는 개인,과(科),벌금형,MANDATORY,"제446조 까지의 어느 하나에 해당하는 위반행위를 하면 그 행위자를 벌하는 외에 그 법인 또는 개인에 게도 해당 조문의 벌금형을 과(科)한다. 다만, 법인 또는 개인이 그 위반행위를 방지하기 위하 여 해당 업무에 관하여 상당한 주의와 감독을 게을리하지 아니한 경우에는 그러하지 아니하 다. [전문개정 2009. 2. 3.]"
제448조의2,[],REGULATION,형벌 감면,,,,,제448조의2(형벌 등의 감면) ①
제173조의2제2항,[],REGULATION,정보 제공,금융기관,제공,금융상품 정보,MANDATORY,"금융기관은 금융소비자에게 금융상품에 관한 정보를 제공할 때, 그 내용이 명확하고 이해하기 쉬운 형태로 제공하여야 한다."
제174조,[],,,,,,,"제174조,"
제176조,[],,제176조,,,,,제176조 또는
제178조,[],REGULATION,형의 감경·면제,제178조를 위반한 자,감경·면제,형,PERMISSIVE,"제178조를 위반한 자 가 수사기관에 자수(증권선물위원회에 자진신고한 경우를 포함한다. 이하 이 조에서 같다)하 거나 수사ㆍ재판절차에서 해당 사건에 관한 다른 사람의 범죄를 규명하는 진술 또는 증언이 나, 그 밖의 자료제출행위 또는 범인검거를 위한 제보와 관련하여 자신의 범죄로 처벌되는 경 우에는 그 형을 감경 또는 면제할 수 있다. ② 금융위원회는 제1항에 따라 자수하거나 해당 사건에 관한 다른 사람의 범죄를 규명하는 진술 또는 증언이나, 그 밖의 자료제출행위 또는 범인검거를 위한 제보와 관련하여 자신의 위반행위로"
제429조의2제1항,[],REGULATION,과징금 감경,,감경,과징금,PERMISSIVE,제429조의2제1항에 따른 과징금을 부과받은 자에 대하여 그 과징금을 감경 또 는 면제할 수 있다. ③ 제2항에 따라 과징금이 감경 또는 면제되는 자의 범위와 감경 또는 면제의 기준ㆍ정도 등 에 관한 세부 사항은 대통령령으로 정한다. 법제처 265 국가법령정보 센터 자본시장과 금융투자업에 관한 법률 [본조신설 2023. 7. 18.]
제449조,[],PENALTY,과태료,자,부과한다,과태료,MANDATORY,"제449조(과태료) ① 다음 각 호의 어느 하나에 해당하는 자에 대하여는 1억원 이하의 과태료를 부과한다. <개정 2009. 2. 3., 2010. 3. 12., 2013. 4. 5., 2013. 5. 28., 2015. 7. 24., 2016. 3. 29., 2017. 4. 18., 2018. 12. 31., 2019. 11. 26., 2020. 5. 19., 2021. 1. 5., 2021. 4. 20., 2024. 2. 13., 2024. 10. 22.> 1. 삭제<2015. 7. 31.> 2. 삭제<2015. 7. 31.> 3. 삭제<2015. 7. 31.> 4. 삭제<2015. 7. 31.> 5. 삭제<2015. 7. 31.> 6. 삭제<2015. 7. 31.> 7. 삭제<2015. 7. 31.> 8. 삭제<2015. 7. 31.> 9. 삭제<2015. 7. 31.> 10. 삭제<2015. 7. 31.> 11. 삭제<2015. 7. 31.> 12. 삭제<2015. 7. 31.> 13."
제33조제1항,[],,,,,,,
Unknown,[],REGULATION,Unknown,,,,,"제335조의14,"
제350조,[],,,,,,,제350조
제357조제2항,"[None, None, 357, 2]",,,,,,,제357조제2항 또는
제361조,"[None, None, 361, None]",PENALTY,업무보고서 제출 위반,자,제출하지 않다,업무보고서,,제361조에서 준용하는 경우를 포함한다)을 위반하여 업무보고서를 제출하지 아니하거나 거짓으로 작성하여 제출한 자 14.
제33조제2항,[],,,,,,,
제350조,[],,,,,,,
제357조제2항,"[None, None, 357, 2]",,제357조제2항,,,,,제357조제2항 또는
제361조,[],PENALTY,공시서류 비치,자,비치,공시서류,MANDATORY,제361조에서 준용하는 경우를 포함한다)을 위반하여 공시서류를 비치 또는 공시하지 아니하거나 거짓으로 작성하여 비치 또는 공시한 자 15.
Unknown,[],REGULATION,Unknown,,,,,제33조제3항(
제350조,[],,,,,,,"제350조,"
제357조제2항,"[None, None, 357, 2]",,제357조제2항,,,,,제357조제2항 또는
제15조의2,[],PENALTY,거짓 보고 또는 공시,자,보고,,PROHIBITIVE,제361조에서 준용하는 경우를 포함한다)을 위 반하여 보고 또는 공시를 하지 아니하거나 거짓으로 보고 또는 공시한 자 15의2.
제33조제4항,[],,,,,,,제33조제4항(
제350조,[],,,,,,,"제350조,"
제357조제2항,"[None, None, 357, 2]",,제357조제2항,,,,,제357조제2항 또는
제361조,[],PENALTY,보고서 제출,자,제출,보고서,MANDATORY,제361조에서 준용하는 경우를 포함한다 )을 위반하여 보고서를 제출하지 아니하거나 거짓으로 작성하여 제출한 자 16.
제34조제3항,[],PENALTY,제34조제3항 위반,자,위반,제34조제3항,MANDATORY,제34조제3항을 위반하여 이사회 결의를 거치지 아니한 자 17.
제34조제4항 또는 제5항,[],PENALTY,위반,자,위반,보고,MANDATORY,제34조제4항 또는 제5항을 위반하여 보고 또는 공시를 하지 아니하거나 거짓으로 보고 또는 공시한 자 18.
제34조제6항,[],,,,,,,제34조제6항 또는
제36조,[],,,,,,,제36조(
제350조,[],PENALTY,제출 명령 위반,자,위반,제출 명령,MANDATORY,제350조에서 준용하는 경우를 포함한다)에 따른 자료의 제출 명령을 위반한 자 19.
제40조제1항,[],,,,,,,제40조제1항 후단 또는
제41조제1항,[],PENALTY,제41조제1항 위반,자,위반,보고,MANDATORY,제41조제1항을 위반하여 보고를 하지 아니한 자 20.
제43조제1항,[],,,,,,,
제53조제1항,[],,,,,,,"제53조제1항,"
제131조제1항,[],,,,,,,
Unknown,[],REGULATION,Unknown,,,,,"제146조제1항,"
제151조제1항,[],,,,,,,"제151조제1항,"
제158조제1항,[],,,,,,,
제164조제1항,[],,,,,,,"제164조제1항,"
제321조,[],,,,,,,제321조 또는
제419조제1항,[],,,,,,,제419조제1항(
제101조제11항,[],,,,,,,"제101조제11항,"
제252조제2항,[],,,,,,,
제256조제2항,[],,,,,,,
제261조제2항,[],,,,,,,
제266조제2항,[],,,,,,,
Unknown,[],REGULATION,Unknown,,,,,"제281조제2항,"
제292조,[],,,,,,,
제306조,[],,,,,,,"제306조,"
제323조의19,[],,,,,,,
제334조,[],,,,,,,제334조 및
제335조의14,[],,,,,,,"제335조의14,"
제353조,[],,,,,,,"제353조,"
제358조,[],,,,,,,
제363조,[],,,,,,,
제368조,[],,,,,,,제368조 또는
제371조,[],PENALTY,검사·조사·확인 거부·방해·기피,자,거부,검사·조사,PROHIBITIVE,제371조에서 준용하는 경우를 포 함한다)에 따른 검사ㆍ조사 또는 확인을 거부ㆍ방해 또는 기피한 자 21. 삭제<2020. 3. 24.> 22. 삭제<2020. 3. 24.> 23.
제50조제1항,[],REGULATION,투자권유준칙,투자권유준칙,,,,제50조제1항에 따른 투자권유준칙 또는
제52조제4항,[],DEFINITION,투자권유대행기준,자,정하지,투자권유대행기준,DEFINITIONAL,제52조제4항에 따른 투자권유대행기준을 정하 지 아니한 자 법제처 266 국가법령정보 센터 자본시장과 금융투자업에 관한 법률 24.
제56조제1항,"[None, None, 56, 1]",PENALTY,단서에 따른 신고,자,제정,약관,MANDATORY,"제56조제1항 단서에 따른 신고를 하지 아니하고 약관을 제정 또는 변경한 자 25. 거짓, 그 밖의 부정한 방법으로"
제56조제1항,"[56, 1, 0, 0]",REGULATION,신고,자,신고를 한,단서,,단서에 따른 신고를 한 자 25의2.
제62조제1항,[],PENALTY,공고 또는 통지,자,위반,공고 또는 통지,MANDATORY,제62조제1항을 위반하여 공고 또는 통지를 하지 아니한 자 28. 삭제<2017. 4. 18.> 28의2.
제68조,[],PENALTY,위반,자,위반,규정,MANDATORY,제68조제1항부터 제5항까지의 규정을 위반하여 각 해당 조항의 의무를 이행하지 아 니한 자 29.
제71조,[],REGULATION,제7호에 한한다,,한한다,제7호,MANDATORY,제71조(제7호에 한한다)
제85조,[],REGULATION,제8호,,,,,제85조(제8호에 한한다)
제98조제2항,"[None, None, 98, 2]",REGULATION,제10호,,제한,제10호,MANDATORY,제98조제2항(제10호에 한한다) 또는
제108조,[],PENALTY,위반,자,위반,제9호,MANDATORY,제108조(제9호에 한한다)를 위반하여 각 해당 조항의 해당 호에 해당하는 행위를 한 자 30.
제76조,[],PENALTY,위반,자,받다,판매수수료,MANDATORY,제76조제4항부터 제6항까지의 규정을 위반하여 판매수수료나 판매보수를 받은 자 30의2.
제77조의3제2항,[],PENALTY,위반,자,체결,계약,MANDATORY,제77조의3제2항을 위반하여 같은 항 각 호의 사항을 포함하는 계약을 체결하지 아니 한 자 31.
제86조,[],PENALTY,성과보수,자,위반,제86조,MANDATORY,제86조를 위반하여 성과보수를 받은 자 32.
제87조제7항,[],,,,,,,
제186조제2항,[],PENALTY,기록ㆍ유지,자,위반,기록ㆍ유지,,제186조제2항에서 준용하는 경우를 포함한다)을 위반하여 기록ㆍ유지하지 아니한 자 33.
Unknown,[],REGULATION,Unknown,,,,,제87조제8항(
제186조제2항,[],REGULATION,준용,제186조제2항,포함한다,준용하는 경우,,제186조제2항에서 준용하는 경우를 포함한다) 또는
제112조제7항,"[112, 7]",PENALTY,공시,자,위반,공시,MANDATORY,제112조제7항을 위반 하여 공시를 하지 아니하거나 거짓으로 공시한 자 34.
제90조제1항,[],,,,,,,제90조제1항(
제186조제2항,[],REGULATION,준용,제186조제2항,포함한다,경우,MANDATORY,제186조제2항에서 준용하는 경우를 포함한다) 또는 제2항(
제34조의2,[],PENALTY,영업보고서 제출,자,제출,영업보고서,,제186조제2항에 서 준용하는 경우를 포함한다)을 위반하여 영업보고서나 결산서류를 제출하지 아니하거나 거짓으로 작성하여 제출한 자 34의2.
제98조의2,[],PENALTY,위반,자,받다,성과보수,,제98조의2를 위반하여 성과보수를 받은 자 34의3.
제101조의2제2항,[],,,,,,,
제101조의3,[],PENALTY,위반,자,위반,표시 또는 광고,MANDATORY,제101조의3을 위반하여 표시 또는 광고를 한 자 35.
제114조제1항,[],,제114조제1항,,,,,제114조제1항 또는
Unknown,[],REGULATION,Unknown,,,,,제240조제1항을 위반하여 회계처리를 한 자 35의2.
제117조의6제2항,[],PENALTY,내부통제기준,온라인소액투자중개업자,정하지 아니한,내부통제기준,MANDATORY,제117조의6제2항을 위반하여 온라인소액투자중개업자 내부통제기준을 정하지 아니 한 자 35의3.
제117조의7제9항,[],PENALTY,위반,자,위반,제117조의7제9항,,제117조의7제9항을 위반하여 필요한 조치를 취하지 아니한 자 35의4.
제117조의9제1항,[],PENALTY,투자광고,자,한,투자광고,MANDATORY,제117조의9제1항을 위반하여 투자광고를 한 자 35의5.
제117조의10제2항,[],PENALTY,제117조의10제2항에 따른 조치,자,하지 않다,조치,,제117조의10제2항에 따른 조치를 하지 아니한 자 35의6.
제117조의10제3항,[],PENALTY,위반자,자,위반,제117조의10제3항,MANDATORY,제117조의10제3항을 위반한 자 35의7.
제117조의10제4항,"[0, 0, 117, 10]",PENALTY,정정,정정하지 아니한 자,정정하지 않음,내용,,제117조의10제4항에 따라 게재한 내용을 정정하지 아니한 자 35의8.
제117조의10제5항,"[None, None, 117, 5]",PENALTY,증권 매도,자,매도,증권,,제117조의10제5항을 위반하여 증권을 매도한 자 35의9.
제117조의10제8항,"[117, 10, 8, None]",PENALTY,청약증거금 반환,자,반환하지 아니한,청약증거금,MANDATORY,제117조의10제8항에 따라 청약증거금을 지체 없이 반환하지 아니한 자 35의10.
제117조의11제1항,"[None, None, 117, 1]",REGULATION,조치,자,취하지,조치,MANDATORY,제117조의11제1항에 따른 조치를 취하지 아니한 자 36.
제130조,[],REGULATION,제130조에 따른 조치,자,하지 않다,조치,PROHIBITIVE,제130조에 따른 조치를 하지 아니한 자 37.
제135조,[],,,,,,,"제135조,"
제136조제6항,[],,,,,,,"제136조제6항,"
제139조제3항,[],,,,,,,제139조제3항 또는
제148조,[],PENALTY,신고서 사본 송부,자,송부하지 않음,사본,,제148조를 위반하여 신고서 또는 보고서의 사본을 송부하지 아니한 자 38.
제135조,[],,,,,,,
제136조제6항,"[None, None, 136, 6]",,,,,,,제136조제6항 또는
Unknown,[],REGULATION,Unknown,,,,,제139조제3항에 따른 신고서 사본이나
제148조,[],PENALTY,보 고서 사본,송부한 자,송부,보 고서 사본,PROHIBITIVE,제148조에 따른 보 고서 사본에 신고서 또는 보고서에 기재된 내용과 다른 내용을 표시하거나 그 내용을 누락 하여 송부한 자
제180조의2제1항,[],PENALTY,순보유잔고 보고,자,위반,순보유잔고,,제180조의2제1항을 위반하여 순보유잔고를 보고하지 아니하거나 순보유잔고의 보고 에 관하여 거짓의 기재 또는 표시를 한 자 39의3.
제39조의4,[],PENALTY,정정명령 이행 불이행,자,위반,정정명령,MANDATORY,제180조의2제2항을 위반하여 금융위원회의 정정명령을 이행하지 아니하거나 정정명 령에 따른 보고에 관하여 거짓의 기재 또는 표시를 한 자 39의4.
제180조의3,[],PENALTY,공시,자,위반,공시,,제180조의3을 위반하여 공시를 하지 아니하거나 거짓으로 공시한 자 39의5.
제180조의5제1항,[],PENALTY,대차거래정보 보관,자,보관하지 않다,대차거래정보,MANDATORY,"제180조의5제1항을 위반하여 대차거래정보를 보관하지 아니하거나, 같은 조 제2항에 따른 자료제출 요구에 따르지 아니한 자 39의6."
제39조의7,[],PENALTY,상환기간 위반,자,체결하였거나,상장증권의 대차거래 계약,MANDATORY,"제180조의5제3항에 따른 상환기간을 위반하여 차입공매도를 목적으로 상장증권의 대차거래 계약을 체결하였거나, 같은 조 제4항을 위반하여 대차거래 계약을 구분하여 관리 하지 아니한 자 39의7."
제180조의6,[],PENALTY,무차입공매도 방지 조치,자,위반,조치,MANDATORY,제180조의6제1항 또는 제2항을 위반하여 무차입공매도를 방지하기 위한 조치를 하 지 아니한 자 40.
제182조제8항,[],,,,,,,제182조제8항(
제279조제3항,[],DEFINITION,준수하는 경우,,포함한다,준수하는 경우,DEFINITIONAL,제279조제3항에서 준수하는 경우를 포함한다) 또는
제182조의2제3항,[],PENALTY,변경등록,자,하지,변경등록,MANDATORY,제182조의2제3항에 따른 변경등록을 하지 아니한 자 41.
제183조제2항,"[None, None, 183, 2]",PENALTY,명칭 사용,자,사용한,명칭,,제183조제2항을 위반하여 명칭을 사용한 자 41의2.
제184조제3항,[],PENALTY,위반,자,위탁하지 않음,집합투자재산 보관·관리업무,MANDATORY,제184조제3항을 위반하여 집합투자재산의 보관ㆍ관리업무를 위탁하지 아니한 자 41의3.
Unknown,[],REGULATION,Unknown,,,,,제249조의7제3항 또는
제249조의12제2항,"[None, None, 249, 12]",PENALTY,위반,자,위반,제249조의12제2항,MANDATORY,제249조의12제2항을 위반하여 보고를 하지 아니하거나 거짓 으로 보고한 자 42.
제250조제7항,[],,,,,,,
제251조제3항,[],,,,,,,제251조제3항 또는
제341조제2항,[],PENALTY,위반,자,위반,임원,MANDATORY,제341조제2항을 위반하여 임원을 두지 아니하거나 임직원에게 겸직하게 한 자 43.
제250조제7항,[],,,,,,,
제251조제3항,[],,,,,,,제251조제3항 또는
제341조제2항,"[341, 2]",PENALTY,이해상충방지체계,자,위반,이해상충방지체계,MANDATORY,제341조제2항을 위반하여 이해상충방지체계를 갖추 지 아니한 자 44.
제284조,[],,,,,,,
제295조,[],,,,,,,"제295조,"
제323조의8,[],,,,,,,"제323조의8,"
제325조,[],,,,,,,"제325조,"
제335조의7,[],,,,,,,제335조의7 또는
제379조,[],PENALTY,명칭 사용,자,위반,명칭,MANDATORY,제379조를 위반하여 명칭을 사용한 자 44의2.
제335조의8제2항,[],PENALTY,신용평가내부통제기준,자,정하지 않음,신용평가내부통제기준,MANDATORY,제335조의8제2항을 위반하여 신용평가내부통제기준을 정하지 아니한 자 44의3.
제335조의8제3항,[],PENALTY,과태료,자,두지 않음,준법감시인,MANDATORY,제335조의8제3항을 위반하여 준법감시인을 두지 아니한 자 44의4.
제335조의8제4항,[],PENALTY,위반,자,위반,제335조의8제4항,MANDATORY,제335조의8제4항을 위반하여 같은 항 각 호의 어느 하나에 해당하는 업무를 수행하는 직무를 담당하거나 담당하게 한 자 44의5.
제335조의12,[],PENALTY,서류 제출,자,제출,서류,,제335조의12제1항 또는 제2항을 위반하여 금융위원회가 정하여 고시하는 서류 또는 신용평가서를 제출하지 아니하거나 거짓으로 작성하여 제출한 자 45.
제343조제2항,[],PENALTY,제343조제2항 위반,자,위반,이사회 결의,MANDATORY,제343조제2항을 위반하여 이사회 결의를 거치지 아니한 자 46.
제343조,[],PENALTY,보고,자,보고,,MANDATORY,제343조제3항 또는 제4항에 따른 보고 또는 공시를 하지 아니하거나 거짓으로 보고 또는 공시한 자 47.
제343조제8항,[],PENALTY,자료 제출명령 위반,자,위반한,자료의 제출명령,,제343조제8항에 따른 자료의 제출명령을 위반한 자 47의2.
제346조,[],PENALTY,제346조 위반,자,보유하지 않음,지급준비자산,MANDATORY,"제346조를 위반하여 지급준비자산을 보유하지 아니한 자 48. 거짓, 그 밖의 부정한 방법으로"
제370조제1항,"[None, None, 370, 1]",DEFINITION,허가를 받은 자,,,,DEFINITIONAL,제370조제1항에 따른 허가를 받은 자 48의2.
제426조의2제4항,"[None, None, 426, 4]",PENALTY,지급정지 조치,금융회사,하지 않다,지급정지 조치,MANDATORY,제426조의2제4항 본문을 위반하여 지급정지 조치를 하지 아니한 금융회사 48의3.
제48조의4,[],PENALTY,제한명령 위반,자,위반한,제한명령,MANDATORY,제426조의3제1항에 따른 제한명령을 위반한 자 48의4.
제426조의3제4항,"[None, None, 426, 4]",PENALTY,거부하지 아니한 자,자,거부,거래 요청,,전단을 위반하여 거래제한대상자의 거래 요청을 거부하지 아니한 자
제426조의3제6항,"[None, 3, 426, 6]",PENALTY,임원선임ㆍ재임제한대상자,자,선임한,임원,MANDATORY,제426조의3제6항 전단을 위반하여 임원선임ㆍ재임제한대상자를 임원으로 선임한 자 또는 같은 항 후단을 위반하여 임원선임ㆍ재임제한대상자를 해임하지 아니한 자 48의6.
제426조의3제7항제2호,"[426, 3, 7, 2]",DEFINITION,해임 요구,자,이행하지 않다,해임 요구,DEFINITIONAL,제426조의3제7항제2호에 따른 해임 요구를 이행하지 아니한 자 49.
제435조제5항,[],PENALTY,불리한 대우,자,한,신고자등,MANDATORY,제435조제5항을 위반하여 신고자등에게 불리한 대우를 한 자 ②
제63조제1항,"[None, None, 63, 1]",,,,,,,제63조제1항(
제289조,[],,,,,,,
제304조,[],,,,,,,
제328조,[],,,,,,,제328조
제367조,[],,,,,,,
제383조제3항,[],,,,,,,제383조제3항 또는
제441조,[],PENALTY,과태료 부과,자,부과,과태료,MANDATORY,"제441조에서 준용 하는 경우를 포함한다)을 위반하여 같은 항 제2호부터 제4호까지의 방법에 따르지 아니하고 자기의 계산으로 금융투자상품을 매매한 자에 대해서는 5천만원 이하의 과태료를 부과한다. <신설 2017. 4. 18.> ③ 다음 각 호의 어느 하나에 해당하는 자에 대하여는 3천만원 이하의 과태료를 부과한다. <개정 2009. 2. 3., 2009. 5. 28., 2015. 7. 24., 2016. 3. 22., 2016. 3. 29., 2017. 4. 18., 2018. 12. 31., 2021. 4. 20., 2024. 10. 22.> 1. 삭제<2015. 7. 31.> 2."
제50조제2항,[],DEFINITION,제50조제2항,자,공시,,DEFINITIONAL,제50조제2항을 위반하여 공시를 하지 아니하거나 거짓으로 공시한 자 3. 삭제<2020. 3. 24.> 4.
제56조제1항,"[None, None, 56, 1]",PENALTY,보고,자,보고한,보고,MANDATORY,제56조제1항 본문에 따른 보고를 하지 아니하거나 거짓으로 보고한 자 4의2.
제63조의2,[],PENALTY,제63조의2 위반,자,위반,제63조의2,MANDATORY,제63조의2를 위반하여 고객응대직원의 보호를 위한 조치를 하지 아니하거나 고객응대 직원에게 불이익을 준 자 5.
제73조,[],PENALTY,매매명세 통지 위반,자,통지,매매명세,,제73조를 위반하여 매매명세를 통지하지 아니하거나 거짓으로 통지한 자 5의2. 정당한 사유 없이
제101조제2항,[],PENALTY,거짓 보고,자,보고,제101조제2항,MANDATORY,제101조제2항에 따른 보고를 하지 않거나 거짓으로 보고한 자 5의3.
제101조제3항,[],PENALTY,자료제출,자,제출,자료,MANDATORY,제101조제3항 후단에 따른 정당한 사유 없이 자료제출을 하지 않거나 거짓으로 제출 한 자 6. 삭제<2018. 12. 31.> 6의2.
제117조의6제1항,[],PENALTY,보고,자,보고한,보고,,제117조의6제1항에 따른 보고를 하지 아니하거나 거짓으로 보고한 자 6의3.
제117조의7제8항,[],PENALTY,통지,통지자,통지,,MANDATORY,제117조의7제8항에 따른 통지를 하지 아니하거나 거짓으로 통지한 자 6의4.
제117조의10제7항,[],PENALTY,증권 예탁,자,위반,증권,PROHIBITIVE,제117조의10제7항을 위반하여 증권을 예탁 또는 보호예수하지 아니하거나 증권을 매 도 또는 인출한 자 6의5.
제117조의15,[],PENALTY,투자자 피해 방지,자,이행하지 않다,사항,MANDATORY,제117조의15에 따라 투자자 피해가 발생하지 아니하도록 하기 위한 사항을 이행하지 아니한 자 7.
제128조,[],,,,,,,제128조 또는
제143조,[],PENALTY,보고서 제출,,제출하지 않다,보고서,MANDATORY,제143조를 위반하여 보고서를 제출하지 아니하거나 거짓으로 작성하여 제 출한 자 8.
제131조제1항,[],,,,,,,"제131조제1항,"
제146조제1항,[],,,,,,,
제151조제1항,"[None, None, 151, 1]",,,,,,,
제158조제1항,[],,,,,,,"제158조제1항,"
제164조제1항,[],,,,,,,제164조제1항 또는
제419조 제5항,[],,,,,,,제419조 제5항(
제43조제1항 후단,[],,,,,,,"제43조제1항 후단,"
제53조제1항,"[None, None, 53, 1]",,,,,,,"제53조제1항 후단,"
Unknown,[],REGULATION,Unknown,,,,,"제252조제2항,"
제256조제2항,[],,,,,,,
제261조제2항,[],,,,,,,
제266조제2항,[],,,,,,,
제281조제2항,[],,,,,,,
제292조,[],,,,,,,
제306조,[],,,,,,,
제334조,[],,,,,,,
제335조의14,[],,,,,,,
제353조,[],,,,,,,
제358조,[],,,,,,,
제363조,[],,,,,,,
제368조,[],,,,,,,제368조 또는
제371조,[],REGULATION,불응,불응한 자,불응,자료의 제출명령,PROHIBITIVE,"제371조에서 준용하는 경우를 포함한다)에 따른 보고 또는 자료 의 제출명령이나 증인의 출석, 증언 및 의견의 진술 요구에 불응한 자 8의2."
제152조의2제2항,[],PENALTY,위반,자,위반,의결권권유자,MANDATORY,제152조의2제2항을 위반하여 발행인이 아닌 의결권권유자의 요구에 응하지 아니한 자 8의3.
제173조의2제1항,"[None, None, 173, 1]",PENALTY,보고,자,보고하다,보고,MANDATORY,제173조의2제1항에 따른 보고를 하지 아니하거나 거짓으로 보고한 자 8의4.
제180조의2제3항,"[None, None, 180, 3]",PENALTY,자료 보관,자,보관하지 않음,자료,,제180조의2제3항을 위반하여 자료를 보관하지 아니하거나 금융위원회의 자료제출 요구에 응하지 아니한 자 9.
제190조제7항,[],,,,,,,제190조제7항(
제201조제3항,[],,,,,,,
제210조제3항,"[None, None, 210, 3]",,,,,,,
제215조제4항,[],,,,,,,"제215조제4항,"
제217조의5제4항,[],,,,,,,"제217조의5제4항,"
제220조제 4항,[],,제220조제 4항,,,,,제220조제 4항 또는
제226조제4항,[],PENALTY,연기수익자총회,자,소집하지 않다,연기수익자총회,PROHIBITIVE,제226조제4항에서 준용하는 경우를 포함한다)을 위반하여 연기수익자총회 등을 법제처 269 국가법령정보 센터 자본시장과 금융투자업에 관한 법률 소집하지 아니한 자 10.
제249조의14제7항,[],PENALTY,위반,자,제정하지 않다,행위준칙,MANDATORY,제249조의14제7항을 위반하여 행위준칙을 제정하지 아니한 자 또는 보고를 하지 아니하거나 거짓으로 보고한 자 10의2.
제249조의15제8항,"[None, None, 249, 15, 8]",PENALTY,등록사항 변경의 보고,자,위반,등록사항 변경의 보고,MANDATORY,제249조의15제8항을 위반하여 등록사항 변경의 보고를 하지 아니하거나 거짓으로 보고한 자 10의3.
제249조의15제9항,[],PENALTY,재무제표 제출 위반,자,제출,재무제표,,제249조의15제9항을 위반하여 재무제표를 제출하지 아니하거나 거짓으로 작성하여 제출한 자 11.
제310조제2항,[],PENALTY,위반,자,위반,예탁,,제310조제2항을 위반하여 예탁하지 아니한 자 12.
제310조제3항,[],DEFINITION,증권등 보관 위반자,자,보관하지 아니한,증권등,DEFINITIONAL,제310조제3항을 위반하여 증권등을 구분하여 보관하지 아니한 자
제314조제6항,"[None, None, 314, 6]",,,,,,,제314조제6항 또는
제315조제3항ㆍ제4항,[],PENALTY,통지,자,하지,통지,MANDATORY,제315조제3항ㆍ제4항을 위반하여 통지나 통보를 하지 아니한 자 15.
제316조제1항,[],PENALTY,실질주주명부,자,작성,실질주주명부,,제316조제1항을 위반하여 실질주주명부를 작성ㆍ비치하지 아니하거나 거짓으로 작성한 자 16.
제323조제1항 또는 제2항,[],PENALTY,통지,자,통지,,PROHIBITIVE,제323조제1항 또는 제2항에 따른 통지를 하지 아니하거나 거짓으로 통지한 자 17.
제339조제2항,[],,,,,,,제339조제2항(
제357조제2항,[],,,,,,,제357조제2항 또는
제361조,[],PENALTY,보고,자,위반,보고,MANDATORY,제361조에서 준수하는 경우를 포함한다)을 위반하여 보고를 하지 아니하거나 거짓으로 보고한 자 또는 신고를 하지 아니하고 같은 항 제3호에 해당하는 행위를 한 자 18. 삭제<2015. 7. 31.> 18의2. 삭제<2023. 3. 21.> 19.
제418조,[],,,,,,,제418조(
제335조의14,[],,,,,,,제335조의14 및
제350조,[],PENALTY,보고,자,위반,보고,MANDATORY,제350조에서 준용하는 경우를 포함한다)를 위반하여 보고를 하 지 아니하거나 거짓으로 보고한 자 20.
Unknown,[],REGULATION,Unknown,,,,,제426조의2제4항을 위반하여 해당 지급정지 조치에 관한 사항을 통지하지 아니한 금융 회사 21.
제426조의3제4항,"[426, 3, 4]",PENALTY,과태료,통보하지 아니한 자,통보하지 않다,거래제한대상자의 거래 요청 사실 및 그 거부 또는 처리결과,MANDATORY,"제426조의3제4항 후단을 위반하여 거래제한대상자의 거래 요청 사실 및 그 거부 또는 처리결과를 통보하지 아니한 자 ④ 제1항부터 제3항까지의 규정에 따른 과태료는 대통령령으로 정하는 방법 및 절차에 따라 금융위원회(제3항제6호의5에 따른 과태료는 방송미디어통신위원회)가 부과ㆍ징수한다.<개정 2008. 2. 29., 2015. 7. 24., 2017. 4. 18., 2025. 10. 1.> ⑤ 삭제<2009. 2. 3.> ⑥ 삭제<2009. 2. 3.>"
제1조,[],REGULATION,시행일,이 법,시행,공포한 날,MANDATORY,"제1조(시행일) 이 법은 공포한 날부터 시행한다. 다만,"
제50조제1항,"[None, None, 50, 1]",REGULATION,개정규정,단서의 개정규정,시행,공포 후 6개월이 경과한 날,MANDATORY,"제50조제1항 단서의 개정규정은 공포 후 6개월이 경과한 날부터 시행하고,"
제166조,[],REGULATION,개정규정,개정규정,시행,날,MANDATORY,제166조의 개정규정은 공포 후 1년이 경과한 날부터 시행 한다.
제2조,[],REGULATION,장외거래 금액 제한,일반투자자,,장외거래 금액,,제2조(일반투자자의 장외거래 금액 제한에 관한 적용례)
제166조제3항,"[None, None, 166, 3]",REGULATION,개정규정,일반투자자,거래를 하는,장외거래,MANDATORY,제166조제3항의 개정규정은 같은 개 정규정 시행 이후 일반투자자가 투자중개업자를 통하여 장외거래를 하는 분부터 적용한다.
제3조,[],REGULATION,신용공여 제한,,,,,제3조(장외거래 투자중개업자의 신용공여 제한에 관한 경과조치)
제166조제2항,"[None, None, 166, 2]",PROCEDURE,개정규정,,,,,제166조제2항의 개정규정 시 행 전에
제72조,[],REGULATION,신용 공여,,공여,신용,MANDATORY,제72조에 따라 신용을 공여한 경우에 대해서는 같은 개정규정
제72조,"[None, None, 72, None]",REGULATION,제72조 적용,제72조,적용하지 않다,부분,MANDATORY,"제72조를 적용하지 아니하는 부분으로 한정한다)에도 불구하고 종전의 규정에 따른다. 다만, 같은 개정규정 시 행 이후 신용공여 계약을 갱신하는 경우에는 그러하지 아니하다."
