subject,relation,relation_category,object,article_number,confidence,concepts,created_at
이 법,촉진함,ACTION,자본시장의 금융혁신과 공정한 경쟁,제1조,0.9,자본시장의 금융혁신|공정한 경쟁,2026-04-25
이 법,보호함,ACTION,투자자,제1조,0.9,투자자 보호,2026-04-25
이 법,육성함,ACTION,금융투자업,제1조,0.9,건전한 금융투자업 육성,2026-04-25
이 법,향상함,ACTION,자본시장의 공정성ㆍ신뢰성 및 효율성,제1조,0.9,자본시장의 공정성ㆍ신뢰성 및 효율성 향상,2026-04-25
이 법,이바지함,ACTION,국민경제의 발전,제1조,0.9,국민경제 발전,2026-04-25
자본시장의 공정성ㆍ신뢰성 및 효율성,정의함,LOGICAL,이 법의 목적,제1조,0.8,목적|자본시장의 공정성ㆍ신뢰성 및 효율성,2026-04-25
이 법,적용한다,ACTION,국외에서 이루어진 행위로서 그 효과가 국내에 미치는 경우,제2조,0.95,국외행위에 대한 적용,2026-04-25
국외행위에 대한 적용,정의함,LOGICAL,이 법은 국외에서 이루어진 행위로서 그 효과가 국내에 미치는 경우에도 적용한다.,제2조,0.9,국외행위에 대한 적용,2026-04-25
금융투자상품,정의함,LOGICAL,"이익을 얻거나 손실을 회피할 목적으로 현재 또는 장래의 특정 시점에 금전, 그 밖의 재산적 가치가 있는 것(이하 ‘금전등’)을 지급하기로 약정함으로써 취득하는 권리",제3조,0.95,정의,2026-04-25
금융투자상품,예외로함,LOGICAL,원화로 표시된 양도성 예금증서,제3조,0.9,예외,2026-04-25
금융투자상품,예외로함,LOGICAL,신탁법,제3조,0.9,예외,2026-04-25
신탁,정의함,LOGICAL,수익증권발행신탁이 아닌 신탁,제78조제1항,0.95,수익증권발행신탁이 아닌 신탁,2026-04-25
신탁,정의함,LOGICAL,목의 어느 하나에 해당하는 신탁,제78조제1항,0.95,목의 어느 하나에 해당하는 신탁,2026-04-25
신탁,참조함,STRUCTURE,제78조제1항,제78조제1항,0.9,제78조제1항,2026-04-25
수탁자,준용함,STRUCTURE,신탁법,제103조제1항제1호,0.9,신탁|수탁자|신탁법,2026-04-25
제46조,상위조항,STRUCTURE,제45조,46,0.0,,2026-04-25
관리형신탁,정의함,LOGICAL,위탁자(신탁계약에 따라 처분권한을 가지고 있는 수익자를 포함한다)의 지시에 따라서만 신탁재산의 처분이 이루어지는 신탁,제48조,0.9,위탁자|신탁계약|처분권한|신탁재산,2026-04-25
관리형신탁,정의함,LOGICAL,신탁계약에 따라 신탁재산에 대하여 보존행위 또는 그 신탁재산의 성질을 변경하지 않는 범위에서 이용ㆍ개량 행위만을 하는 신탁,제48조,0.9,신탁계약|신탁재산|보존행위|개량행위,2026-04-25
관리형신탁,정의함,LOGICAL,그 밖에 해당 금융투자상품의 특성 등을 고려하여 금융투자상품에서 제외하더라도 투자자 보호 및 건전한 거래질서를 해할 우려가 없는 것으로서 대통령령으로 정하는 금융투자 상품,제48조,0.8,금융투자상품|대통령령|투자자 보호|거래질서,2026-04-25
증권,정의함,LOGICAL,내국인 또는 외국인이 발행한 금융투자상품으로서 투자자가 취득과 동시에 지급한 금전등 외에 어떠한 명목으로든지 추가로 지급의무를 부담하지 아니하는 것,제4조,0.95,증권 정의|금융투자상품|추가 지급의무 없음,2026-04-25
증권,예외로함,LOGICAL,투자자가 기초 자산에 대한 매매를 성립시킬 수 있는 권리를 행사하게 됨으로써 부담하게 되는 지급의무를 제외한다,제4조,0.9,지급의무 제외|예외,2026-04-25
증권,구분한다,STRUCTURE,"채무증권, 지분증권, 수익증권, 투자계약증권, 파생결합증권, 증권예탁증권",제4조,0.95,구분|증권 종류,2026-04-25
채무증권,정의함,LOGICAL,"국채증권, 지방채증권, 특수채증권(법률에 의하여 직접 설립된 법인이 발행한 채권), 사채권",제4조,0.9,채무증권 정의|국채|지방채|특수채|사채,2026-04-25
증권,참조함,STRUCTURE,금융투자상품,제4조,0.85,참조|금융투자상품,2026-04-25
사채,정의함,LOGICAL,제7항제1호에 해당하는 사채,469,0.95,사채 정의|제7항제1호,2026-04-25
기업어음증권,정의함,LOGICAL,기업이 사업에 필요한 자금을 조달하기 위하여 발행한 약속어음으로서 대통령령으로 정하는 요건을 갖춘 것,469,0.95,기업어음증권 정의,2026-04-25
지분증권,정의함,LOGICAL,"주권, 신주인수권이 표시된 것, 법률에 의하여 직접 설립된 법인이 발행한 출자증권, 상법에 따른 합자회사ㆍ유한책임회사ㆍ유한회사ㆍ합자조합ㆍ익명 조합의 출자지분, 그 밖에 이와 유사한 것으로서 출자지분 또는 출자지분을 취득할 권리가 표시된 것",469,0.95,지분증권 정의,2026-04-25
제469조제2항제3호,참조함,STRUCTURE,제7항제1호,469,0.95,제469조제2항제3호 참조|제7항제1호,2026-04-25
수익증권,정의함,LOGICAL,수익증권,110조의,0.9,수익증권 정의,2026-04-25
수익증권,정의함,LOGICAL,"수익증권, 그 밖에 이와 유사 한 것으로서 신탁의 수익권이 표시된 것을 말한다.",제189조,0.95,수익증권 정의,2026-04-25
투자계약증권,정의함,LOGICAL,특정 투자자가 그 투자자와 타인(다른 투자자를 포함한다. 이하 이 항에서 같다) 간의 공동사업에 금전등을 투자하고 주로 타인이 수행한 공동사업의 결과에 따른 손익을 귀속받는 계약상의 권리가 표시된 것을 말한다.,제189조,0.95,투자계약증권 정의,2026-04-25
파생결합증권,정의함,LOGICAL,기초자산의 가격ㆍ이자율ㆍ지표ㆍ단위 또는 이를 기초로 하는 지수 등의 변동과 연계하여 미리 정하여진 방법에 따라 지급하거나 회수하는 금전등이 결정되는 권리가 표시된 것을 말한다.,제189조,0.95,파생결합증권 정의,2026-04-25
파생결합증권,예외로함,LOGICAL,다음 각 호의 어느 하나에 해당하는 것,제189조,0.9,파생결합증권 예외,2026-04-25
계약상의 권리,정의함,LOGICAL,제5조제1항제2호에 따른,제5조제1항제2호,0.95,계약상의 권리|제5조제1항제2호에 따른,2026-04-25
계약상의 권리,참조함,STRUCTURE,제5조제1항제2호,제5조제1항제2호,0.9,계약상의 권리|제5조제1항제2호,2026-04-25
금융투자상품,제외함,ACTION,금융투자상품,제5조제1항,0.9,금융투자상품 제외,2026-04-25
주권상장법인,발행,ACTION,사채,제165조의11제1항,0.95,주권상장법인 사채|발행,2026-04-25
주권상장법인 사채,정의함,LOGICAL,주권상장법인 사채,제165조의11제1항,0.9,주권상장법인 사채|정의,2026-04-25
금융지주회사법,규정,ACTION,상각형 조건부자본증권,33조,0.95,상각형 조건부자본증권,2026-04-25
금융지주회사법,규정,ACTION,은행지주회사주식 전환형 조건부자본증권,33조,0.95,은행지주회사주식 전환형 조건부자본증권,2026-04-25
조건부자본증권,정의함,LOGICAL,상각형 조건부자본증권,제15조의2제1항제2호,0.95,조건부자본증권|상각형 조건부자본증권,2026-04-25
조건부자본증권,정의함,LOGICAL,"상각형 조건부자본 증권, 보험회사주식 전환형 조건부자본증권 및 금융지주회사주식 전환형 조건부자본증권",제114조의2제1항,0.95,조건부자본증권 정의|상각형 조건부자본증권,2026-04-25
조건부자본증권,근거함,STRUCTURE,상법,제114조의2제1항,0.9,상법 근거,2026-04-25
제469조제2항제2호,상위조항,STRUCTURE,제469조,제469조제2항제2호,0.9,하위조항|상위조항,2026-04-25
제513조,참조함,STRUCTURE,제513조,513,0.1,제513조,2026-04-25
법,정의함,LOGICAL,증권예탁증권,제516조의2,0.95,증권예탁증권,2026-04-25
증권예탁증권,정의함,LOGICAL,증권을 예탁받은 자가 그 증권이 발행된 국가 외의 국가에서 발행한 것으로서 그 예탁받은 증권에 관련된 권리가 표시된 것,제516조의2,0.95,증권예탁증권,2026-04-25
법,정의함,LOGICAL,기초자산,제516조의2,0.9,기초자산,2026-04-25
파생상품,정의함,LOGICAL,계약상의 권리,제5조,0.95,계약상권리1|계약상권리2|계약상권리3|계약상권리4,2026-04-25
장내파생상품,정의함,LOGICAL,파생상품,제5조,0.92,파생상품,2026-04-25
장외파생상품,정의함,LOGICAL,파생상품,제5조,0.92,파생상품,2026-04-25
매매계약이 아닌 계약,간주함,LOGICAL,매매계약,제5조,0.9,매매계약,2026-04-25
파생상품,예외로함,LOGICAL,금융투자상품,제5조,0.88,금융투자상품,2026-04-25
금융투자업,정의함,LOGICAL,이익을 얻을 목적으로 계속적이거나 반복적 인 방법으로 행하는 행위로서 다음 각 호의 어느 하나에 해당하는 업(業)을 말한다.,제6조,0.98,금융투자업 정의,2026-04-25
금융투자업,정의함,LOGICAL,투자매매업,제6조,0.95,금융투자업 포함|투자매매업 정의,2026-04-25
금융투자업,정의함,LOGICAL,투자중개업,제6조,0.95,금융투자업 포함|투자중개업 정의,2026-04-25
금융투자업,정의함,LOGICAL,집합투자업,제6조,0.95,금융투자업 포함|집합투자업 정의,2026-04-25
금융투자업,정의함,LOGICAL,투자자문업,제6조,0.95,금융투자업 포함|투자자문업 정의,2026-04-25
금융투자업,정의함,LOGICAL,투자일임업,제6조,0.95,금융투자업 포함|투자일임업 정의,2026-04-25
금융투자업,정의함,LOGICAL,신탁업,제6조,0.95,금융투자업 포함|신탁업 정의,2026-04-25
투자매매업,정의함,LOGICAL,"누구의 명의로 하든지 자기의 계산으로 금융투자상품의 매도·매수, 증권의 발행·인수 또는 그 청약의 권유, 청약, 청약의 승낙을 영업으로 하는 것",제6조,0.97,투자매매업 정의,2026-04-25
투자중개업,정의함,LOGICAL,"누구의 명의로 하든지 타인의 계산으로 금융투자상품의 매도·매수, 그 중개나 청약의 권유, 청약, 청약의 승낙 또는 증권의 발행·인수에 대한 청약의 권유, 청약, 청약의 승낙을 영업으로 하는 것",제6조,0.97,투자중개업 정의,2026-04-25
집합투자업,정의함,LOGICAL,집합투자를 영업으로 하는 것,제6조,0.97,집합투자업 정의,2026-04-25
집합투자,정의함,LOGICAL,"2인 이상의 투자자로부터 모은 금전등을 투자자로부터 일상적인 운용지시를 받지 아니하면서 재산적 가치가 있는 투자대상자산을 취득·처분, 그 밖의 방법으로 운용하고 그 결과를 투자자에게 배분하여 귀속시키는 것",제6조,0.96,집합투자 정의,2026-04-25
집합투자,정의함,LOGICAL,"자산유동화계획에 따라 금전등을 모아 운용ㆍ배분하는 행위 및 대통령령으로 정하는 경우, 제5항 각 호 외의 부분 본문에도 불구하고 다음 각 호의 어느 하나에 해당하는 자로부터 위탁받은 금전등을 그 자로부터 일상적인 운용지시를 받지 아니하면서 재산적 가치가 있는 투자대상자산을 취득ㆍ처분하거나 그 밖의 방법으로 운용하고 그 결과를 그 자에게 귀속시키는 행위",제3조의,0.95,집합투자|자산유동화계획|운용|배분|위탁|투자대상자산|귀속,2026-04-25
기금관리주체,포함한다,LOGICAL,외국기관(대통령령으로 정하는 자),제9조제4항,0.95,포함|외국기관,2026-04-25
기금관리주체,포함한다,LOGICAL,농업협동조합중앙회,제9조제4항,0.95,포함|농업협동조합중앙회,2026-04-25
기금관리주체,포함한다,LOGICAL,수산업협동조합중앙회,제9조제4항,0.95,포함|수산업협동조합중앙회,2026-04-25
기금관리주체,포함한다,LOGICAL,신용협동조합중앙회,제9조제4항,0.95,포함|신용협동조합중앙회,2026-04-25
기금관리주체,포함한다,LOGICAL,상호저축은행중앙회,제9조제4항,0.95,포함|상호저축은행중앙회,2026-04-25
기금관리주체,포함한다,LOGICAL,산림조합,제9조제4항,0.95,포함|산림조합,2026-04-25
기금관리주체,포함한다,LOGICAL,새마을금고중앙회,제9조제4항,0.95,포함|새마을금고중앙회,2026-04-25
기금관리주체,포함한다,LOGICAL,체신관서,제9조제4항,0.95,포함|체신관서,2026-04-25
투자신탁,정의함,LOGICAL,"법률에 따라 설립된 법인 또는 단체로서 대통령령으로 정하는 자(공제조합, 공제회, 그 밖에 이와 비슷한 법인 또는 단체)",제251조제1항,0.95,투자신탁 정의|법인 또는 단체,2026-04-25
투자신탁,정의함,LOGICAL,제7항에 따른 금융투자상품등에 대한 투자를 목적으로 2인 이상의 자로부터 금전등을 모아 설립한 기구 또는 법인 등,제251조제1항,0.95,투자신탁 정의|금융투자상품 투자,2026-04-25
투자자문업,정의함,LOGICAL,금융투자상품등의 가치 또는 투자판단에 관한 자문에 응하는 것을 영업으로 하는 것,제251조제1항,0.95,투자자문업 정의,2026-04-25
투자일임업,정의함,LOGICAL,투자자로부터 금융투자상품등에 대한 투자판단의 전부 또는 일부를 일임받아 투자자별로 구분하여 그 투자자의 재산상태나 투자목적 등을 고려하여 금융투자상품등을 취득·처분·운용하는 것을 영업으로 하는 것,제251조제1항,0.95,투자일임업 정의,2026-04-25
신탁업,정의함,LOGICAL,신탁을 영업으로 하는 것,제251조제1항,0.95,신탁업 정의,2026-04-25
투자자,정의함,LOGICAL,"일반 사모집합투자기구, 그 밖에 대통령령으로 정하는 투자자",제9조제19항제2호,0.95,정의|투자자,2026-04-25
연계업무,정의함,LOGICAL,증권의 대여 또는 그 중개ㆍ주선이나 대리업무,77조의3,0.95,연계업무|증권의 대여,2026-04-25
연계업무,정의함,LOGICAL,"금전의 융자, 그 밖의 신용공여",77조의3,0.95,연계업무|금전의 융자,2026-04-25
연계업무,정의함,LOGICAL,일반 사모집합투자기구등의 재산의 보관 및 관리,77조의3,0.95,연계업무|재산의 보관 및 관리,2026-04-25
연계업무,정의함,LOGICAL,그 밖에 일반 사모집합투자기구등의 효율적인 업무 수행을 지원하기 위하여 필요한 업무,77조의3,0.95,연계업무|업무 지원,2026-04-25
자기,정의함,LOGICAL,투자매매업으로 보지 아니 한다,제7조,0.95,금융투자업의 적용배제|자기|투자매매업|증권발행,2026-04-25
금융투자업의 적용배제,예외로함,LOGICAL,투자신탁의 수익증권,제7조,0.9,금융투자업의 적용배제|투자신탁의 수익증권,2026-04-25
금융투자업의 적용배제,예외로함,LOGICAL,파생결합증권,제7조,0.9,금융투자업의 적용배제|파생결합증권,2026-04-25
투자성 있는 예금계약,정하는,LOGICAL,증권,제77조제1항,0.95,정하는|증권,2026-04-25
투자성 있는 예금계약,정하는,LOGICAL,대통령령으로 정하는 계약에 따른 증권,제77조제1항,0.9,정하는|대통령령으로 정하는 계약에 따른 증권,2026-04-25
투자성 있는 보험계약에 따른 증권 ②,정의함,LOGICAL,제77조제2항에서 정하는,제77조제2항,0.92,정의|투자성 보험계약,2026-04-25
투자권유대행인,보지 아니한다,LOGICAL,투자중개업,51조제9항,0.95,투자권유대행인|투자중개업,2026-04-25
투자권유대행인,보지 아니한다,LOGICAL,투자자문업,51조제9항,0.95,투자권유대행인|투자자문업,2026-04-25
투자권유대행인,예외로함,LOGICAL,투자자문업,51조제9항,0.9,온라인|고객|의견교환,2026-04-25
투자중개업자,보지 아니한다,LOGICAL,투자일임업,51조제9항,0.95,투자중개업자|투자일임업,2026-04-25
담보부사채신탁법에 따른 담보부사채에 관한 신탁업,보지 아니한다,LOGICAL,신탁업,51조제9항,0.95,담보부사채신탁법|신탁업,2026-04-25
저작권법에 따른 저작권신탁 관리업,보지 아니한다,LOGICAL,신탁업,51조제9항,0.95,저작권법|신탁업,2026-04-25
금융투자업,예외로함,LOGICAL,각 호,제6조제1항,0.9,금융투자업 정의|예외 규정,2026-04-25
거래소,요구함,ACTION,증권시장 또는 파생상품시장 개설·운영,제8조의2제2항,0.95,거래소 개설·운영|증권시장|파생상품시장,2026-04-25
거래소,요구함,ACTION,투자매매업자 상대방으로 하거나 투자중개업자 통하여 금융투자상품 매매,제8조의2제2항,0.85,투자매매업자|투자중개업자|금융투자상품 매매,2026-04-25
일반 사모집합투자업자,운용함,ACTION,자신,제9조제29항,0.9,일반 사모집합투자업자|운용,2026-04-25
일반 사모집합투자업자,제9조제29항에 따른,STRUCTURE,제9조제29항,제9조제29항,0.95,일반 사모집합투자업자|제9조제29항,2026-04-25
사모집합투자기구,판매,ACTION,집합투자증권,제9조제19항제2호,0.95,집합투자증권 판매,2026-04-25
사모집합투자기구,예외로함,LOGICAL,금융투자업 적용,제9조제19항제2호,0.9,대통령령|집합투자증권 판매,2026-04-25
금융투자업자,정의함,LOGICAL,정의 내용,제8조,0.9,정의,2026-04-25
금융투자업자,정의함,LOGICAL,금융투자업,제6조제1항,0.95,정의|금융투자업자|금융투자업,2026-04-25
투자매매업자,정의함,LOGICAL,금융투자업자,제6조제1항,0.95,정의|투자매매업자|금융투자업자,2026-04-25
투자중개업자,정의함,LOGICAL,금융투자업자,제6조제1항,0.95,정의|투자중개업자|금융투자업자,2026-04-25
집합투자업자,정의함,LOGICAL,금융투자업자,제6조제1항,0.95,정의|집합투자업자|금융투자업자,2026-04-25
투자자문업자,정의함,LOGICAL,금융투자업자,제6조제1항,0.95,정의|투자자문업자|금융투자업자,2026-04-25
투자일임업자,정의함,LOGICAL,금융투자업자,제6조제1항,0.95,정의|투자일임업자|금융투자업자,2026-04-25
신탁업자,정의함,LOGICAL,금융투자업자,제6조제1항,0.95,정의|신탁업자|금융투자업자,2026-04-25
종합금융투자사업자,정의함,LOGICAL,투자매매업자 또는 투자중개업자,제6조제1항,0.95,정의|종합금융투자사업자|투자매매업자|투자중개업자,2026-04-25
종합금융투자사업자,정의함,LOGICAL,금융투자업자,제6조제1항,0.95,정의|종합금융투자사업자|금융투자업자,2026-04-25
겸영금융투자업자,정의함,LOGICAL,금융투자업을 겸영(兼營)하는 자,제77조의2,0.95,금융투자업 겸영|정의,2026-04-25
겸영금융투자업자,정의함,LOGICAL,다음 각 호의 어느 하나에 해당하는 자,제77조의2,0.9,각 호|정의,2026-04-25
겸영금융투자업자,정의함,LOGICAL,금융위원회의 지정을 받은 자,제77조의2,0.9,금융위원회|지정,2026-04-25
겸영금융투자업자,정의함,LOGICAL,은행법에 따른 자,제77조의2,0.8,은행법|정의,2026-04-25
겸영금융투자업자,참조함,STRUCTURE,제77조의2,제77조의2,0.9,참조|제77조의2,2026-04-25
은행,정의함,LOGICAL,은행,제2조의,0.95,은행,2026-04-25
보험회사,정의함,LOGICAL,그 밖에 대통령령으로 정하는 금융기관 등,제2조의3,0.95,보험회사 정의|대통령령 금융기관,2026-04-25
금융투자상품시장 및 거래소,정의함,LOGICAL,증권 또는 장내파생상품의 매매를 하는 시장,제8조의2,0.95,금융투자상품시장 정의|증권 매매 시장,2026-04-25
금융투자상품시장 및 거래소,정의함,LOGICAL,"증권 및 장내파생상품의 공정한 가격 형성과 그 매매, 그 밖의 거래의 안정성 및 효율성을 도모하기 위하여",제8조의2,0.95,거래소 정의|공정 가격 형성,2026-04-25
대주주,정의함,LOGICAL,금융회사의 지배구조에 관한 법률,제9조,0.99,대주주|금융회사의 지배구조에 관한 법률,2026-04-25
주주,정의함,LOGICAL,제 2조제6호에 따른 주주,제 2조제6호,0.95,정의|법률,2026-04-25
금융회사,정의함,LOGICAL,법인,제 2조제6호,0.95,정의|법률,2026-04-25
임원,정의함,LOGICAL,이사 및 감사,제 2조제6호,0.95,정의|법률,2026-04-25
사외이사,정의함,LOGICAL,상시적인 업무에 종사하지 아니하는 사람으로서 「금융회사의 지 배구조에 관한 법률」,제 2조제6호,0.95,정의|법률,2026-04-25
선임되는 이사,정의함,LOGICAL,이사를 말한다,제17조,0.95,용어 정의,2026-04-25
투자권유,정의함,LOGICAL,특정 투자자를 상대로 금융투자상품의 매매 또는 투자자문계약·투자일임계약·신탁계약(관리형신탁계약 및 투자성 없는 신탁계약을 제외) 체결을 권유하는 것을 말한다,제17조,0.95,용어 정의,2026-04-25
전문투자자,정의함,LOGICAL,"금융투자상품에 관한 전문성 구비 여부, 소유자산규모 등에 비추어 투자에 따른 위험감수능력이 있는 투자자로서 다음 각 호의 어느 하나에 해당하는 자",제17조,0.95,용어 정의,2026-04-25
일반투자자,정의함,LOGICAL,전문투자자가 아닌 투자자를 말한다,제17조,0.95,용어 정의,2026-04-25
모집,정의함,LOGICAL,대통령령으로 정하는 방법에 따라 산출한 50인 이상의 투자자에게 새로 발행되는 증권의 취득의 청약을 권유하는 것을 말한다,제17조,0.95,용어 정의,2026-04-25
사모,정의함,LOGICAL,새로 발행되는 증권의 취득의 청약을 권유하는 것으로서 모집에 해당하지 아니하는 것을 말한다,제17조,0.95,용어 정의,2026-04-25
매출,정의함,LOGICAL,대통령령으로 정하는 방법에 따라 산출한 50인 이상의 투자자에게 이미 발행된 증권의 매도의 청약을 하거나 매수의 청약을 권유하는 것을 말한다,제17조,0.95,용어 정의,2026-04-25
발행인,정의함,LOGICAL,"증권을 발행하였거나 발행하고자 하는 자를 말한다. 다만, 증권예탁증권을 발행함에 있어서는 그 기초가 되는 증권을 발행하였거나 발행하고자 하는 자를 말한다",제17조,0.95,용어 정의,2026-04-25
인수,정의함,LOGICAL,제삼자에게 증권을 취득시킬 목적으로 다음 각 호의 어느 하나에 해당하는 행위를 하거나 그 행위를 전제로 발행인 또는 매출인을 위하여 증권의 모집·사모·매출을 하는 것을 말한다,제17조,0.95,용어 정의,2026-04-25
인수인,정의함,LOGICAL,증권을 모집·사모·매출하는 경우 인수를 하는 자를 말한다,제17조,0.95,용어 정의,2026-04-25
주선인,정의함,LOGICAL,제11항에 따른 행위 외에 발행인 또는 매출인을 위하여 해당 증권의 모집·사모·매출을 하거나 그 밖에 직접 또는 간접으로 증권의 모집·사모·매출을 분담하는 자를 말한다,제17조,0.95,용어 정의,2026-04-25
매출인,정의함,LOGICAL,증권의 소유자로서 스스로 또는 인수인이나 주선인을 통하여 그 증권을 매출하였거나 매출하려는 자를 말한다,제17조,0.95,용어 정의,2026-04-25
상장법인,정의함,LOGICAL,증권시장에 상장된 증권을 발행한 법인을 말한다,제17조,0.95,용어 정의,2026-04-25
비상장법인,정의함,LOGICAL,상장법인을 제외한 법인을 말한다,제17조,0.95,용어 정의,2026-04-25
주권상장법인,정의함,LOGICAL,증권시장에 상장된 주권을 발행한 법인 또는 주권과 관련된 증권예탁증권이 증권시장에 상장된 경우 그 주권을 발행한 법인을 말한다,제17조,0.95,용어 정의,2026-04-25
주권비상장법인,정의함,LOGICAL,주권상장법인을 제외한 법인을 말한다,제17조,0.95,용어 정의,2026-04-25
외국법인등,정의함,LOGICAL,"외국 정부, 외국 지방자치단체, 외국 공공단체 등",제17조,0.95,용어 정의,2026-04-25
한국금융투자협회,정의함,LOGICAL,제283조에 따라 설립된 기관,283,0.95,한국금융투자협회|제283조에 따라 설립된,2026-04-25
한국금융투자협회,참조함,STRUCTURE,제283조,283,0.9,제283조에 따라 설립된,2026-04-25
한국예탁결제원,설립됨,ACTION,제294조,294,0.95,설립|제294조에 따라,2026-04-25
인가를 받은 자,정의함,LOGICAL,금융투자상품거래청산회사,제323조의3,0.95,인가를 받은 자|금융투자상품거래청산회사,2026-04-25
증권금융회사,정의함,LOGICAL,인증을 받다,제324조제1항,0.95,인증을 받다,2026-04-25
신용평가회사,정의함,LOGICAL,인가를 받은 자,제335조의3,0.99,신용평가회사 정의|인가를 받은 자,2026-04-25
종합금융회사,참조함,STRUCTURE,제336조,336,0.9,종합금융회사|제336조,2026-04-25
자금중개회사,정의함,LOGICAL,인가를 받은 자,제355조제1항,0.95,자금중개회사 정의|인가를 받은 자,2026-04-25
단기금융회사,정의함,LOGICAL,인가를 받은 자,제360조제1항,0.95,단기금융회사 정의|인가를 받은 자,2026-04-25
단기금융회사,근거함,STRUCTURE,제360조제1항,제360조제1항,0.9,단기금융회사 정의 근거,2026-04-25
등록한 자,정의함,LOGICAL,명의개서대행회사,제365조제1항,0.95,등록한 자|명의개서대행회사,2026-04-25
이 법,정의함,LOGICAL,집합투자기구,제370조,1.0,집합투자기구 정의,2026-04-25
집합투자기구,포함함,LOGICAL,투자신탁,제370조,0.95,투자신탁,2026-04-25
집합투자기구,포함함,LOGICAL,투자회사,제370조,0.95,투자회사,2026-04-25
집합투자기구,포함함,LOGICAL,투자유한회사,제370조,0.95,투자유한회사,2026-04-25
집합투자기구,포함함,LOGICAL,투자합자회사,제370조,0.95,투자합자회사,2026-04-25
집합투자기구,포함함,LOGICAL,투자유한책임회사,제370조,0.95,투자유한책임회사,2026-04-25
집합투자기구,포함함,LOGICAL,투자합자조합,제370조,0.95,투자합자조합,2026-04-25
집합투자기구,포함함,LOGICAL,투자익명조합,제370조,0.95,투자익명조합,2026-04-25
사모집합투자기구,삭제함,LOGICAL,정의,제370조,0.9,사모집합투자기구 삭제,2026-04-25
집합투자재산,정의함,LOGICAL,"투자신탁재산, 투자회사재산, 투자유한회사재산, 투자합자회사재산, 투자유한책임회사재산, 투자합자조합재산 및 투자익명조합재산",제249조의11제6항,0.95,집합투자재산 정의,2026-04-25
집합투자증권,정의함,LOGICAL,집합투자기구에 대한 출자지분(투자신탁의 경우에는 수익권),제249조의11제6항,0.92,집합투자증권 정의,2026-04-25
집합투자규약,정의함,LOGICAL,"집합투자기구의 조직, 운영 및 투자자의 권리ㆍ의무를 정한 것으로서 투자신탁의 신탁계약, 투자회사ㆍ투자유한회사ㆍ투자합자회사ㆍ투자유한책임 회사의 정관 및 투자합자조합ㆍ투자익명조합의 조합계약",제249조의11제6항,0.93,집합투자규약 정의,2026-04-25
집합투자자총회,정의함,LOGICAL,"집합투자기구의 투자자 전원으로 구성된 의사결정기관으로서 수익자총회, 주주총회, 사원총회, 조합원총회 및 익명조합원총회",제249조의11제6항,0.94,집합투자자총회 정의,2026-04-25
신탁,정의함,LOGICAL,신탁법,제249조의11제6항,0.95,신탁 정의|신탁법,2026-04-25
기관전용 사모집합투자기구,정의함,LOGICAL,제249조의11제6항에 해당하는 자만을 사원으로 하는 투자합자회사인 사모집합투자기구,제249조의11제6항,0.9,기관전용 사모집합투자기구 정의|투자합자회사,2026-04-25
일반 사모집합투자기구,정의함,LOGICAL,기관전용 사모집합투자기구를 제외한 사모집합투자기구,제249조의11제6항,0.9,일반 사모집합투자기구 정의|사모집합투자기구,2026-04-25
신탁,정의함,LOGICAL,제2조의 신탁을 말한다.,제2조,0.95,신탁 정의,2026-04-25
금융투자상품거래청산업,정의함,LOGICAL,"금융투자업자 및 대통령령으로 정하는 자(이하 “청산대상업자”라 한다)를 상대방으로 하여 청산대상업자가 대통령령으로 정하는 금융투자 상품의 거래(이하 “청산대상거래”라 한다)를 함에 따라 발생하는 채무를 채무인수, 경개(更改 ), 그 밖의 방법으로 부담하는 것을 영업으로 하는 것을 말한다.",제2조,0.9,금융투자상품거래청산업 정의,2026-04-25
신용평가업,정의함,LOGICAL,"다음 각 호의 어느 하나에 해당하는 것에 대한 신용상태를 평 가(이하 “신용평가”라 한다)하여 그 결과에 대하여 기호, 숫자 등을 사용하여 표시한 등급(이 하 “신용등급”이라 한다)을 부여하고 그 신용등급을 발행인, 인수인, 투자자, 그 밖의 이해관 계자에게 제공하거나 열람하게 하는 행위를 영업으로 하는 것을 말한다.",제2조,0.9,신용평가업 정의,2026-04-25
온라인소액투자중개업자,정의함,LOGICAL,"온라인상에서 누구의 명의로 하든지 타인의 계산 으로 다음 각 호의 자가, 대통령령으로 정하는 방법으로 발행하는 채무증권, 지분증권, 투자 계약증권의 모집 또는 사모에 관한 중개(이하 “온라인소액투자중개”라 한다)를 영업으로 하 는 투자중개업자를 말한다.",제2조,0.9,온라인소액투자중개업자 정의,2026-04-25
대통령령,정하는,ACTION,자,제2조제3호,0.95,대통령령|정하는|자,2026-04-25
대통령령,정하는,ACTION,요건에 부합하는 자,제2조제3호,0.9,대통령령|정하는|요건에 부합하는 자,2026-04-25
창업기업,정하는,LOGICAL,대통령령으로 정하는 자,제2조제3호,0.9,창업기업|정하는|대통령령으로 정하는 자,2026-04-25
일반 사모집합투자업,정의함,LOGICAL,집합투자업 중 일반 사모집합투자기구를 통한 집합 투자를 영업으로 하는 것,제2조제3호,0.98,일반 사모집합투자업|정의함,2026-04-25
일반 사모집합투자업자,정의함,LOGICAL,집합투자업자 중 일반 사모집합투자업을 영위하는 자,제2조제3호,0.98,일반 사모집합투자업자|정의함,2026-04-25
사외이사,정의함,LOGICAL,상시적인 업무에 종사하지 아니하는 사람,제 2조제6호,0.95,정의,2026-04-25
사외이사,참조함,STRUCTURE,금융회사의 지배구조에 관한 법률,제 2조제6호,0.8,참조,2026-04-25
이사,정의함,LOGICAL,제17조에 따라 선임되는 이사,17,0.95,이사|정의,2026-04-25
투자권유,정의함,LOGICAL,"특정 투자자를 상대로 금융투자상품의 매매 또는 투자자문계약, 투자일임계약, 신탁계약(관리형신탁계약 및 투자성 없는 신탁계약 제외)의 체결을 권유하는 것",17,0.95,투자권유|정의,2026-04-25
일반투자자,정의함,LOGICAL,전문투자자가 아닌 투자자,17,0.95,일반투자자|정의,2026-04-25
모집,정의함,LOGICAL,대통령령으로 정하는 방법에 따라 산출한 50인 이상의 투자자에게 새로 발행되는 증권의 취득 청약을 권유하는 것,17,0.95,모집|정의,2026-04-25
사모,정의함,LOGICAL,새로 발행되는 증권의 취득 청약을 권유하는 것으로서 모집에 해당하지 아니하는 것,17,0.95,사모|정의,2026-04-25
매출,정의함,LOGICAL,대통령령으로 정하는 방법에 따라 산출한 50인 이상의 투자자에게 이미 발행된 증권의 매도 청약을 하거나 매수 청약을 권유하는 것,17,0.95,매출|정의,2026-04-25
발행인,정의함,LOGICAL,증권을 발행하였거나 발행하고자 하는 자 (증권예탁증권 발행 시 기초 증권을 발행한 자 포함),17,0.95,발행인|정의,2026-04-25
인수,정의함,LOGICAL,"제삼자에게 증권을 취득시킬 목적으로 다음 각 호의 어느 하나에 해당하는 행위: 1) 증권 전부 또는 일부를 취득하거나 취득하는 것을 내용으로 하는 계약 체결, 2) 증권 전부 또는 일부에 대하여 이를 취득하는 자가 없는 때에 그 나머지를 취득하는 것을 내용으로 하는 계약 체결",17,0.95,인수|정의,2026-04-25
인수인,정의함,LOGICAL,증권을 모집·사모·매출하는 경우 인수를 하는 자,17,0.95,인수인|정의,2026-04-25
주선인,정의함,LOGICAL,제11항에 따른 행위 외에 발행인 또는 매출인을 위하여 해당 증권의 모집·사모·매출을 하거나 그 밖에 직접 또는 간접으로 증권의 모집·사모·매출을 분담하는 자,17,0.95,주선인|정의,2026-04-25
매출인,정의함,LOGICAL,증권의 소유자로서 스스로 또는 인수인이나 주선인을 통하여 그 증권을 매출하였거나 매출하려는 자,17,0.95,매출인|정의,2026-04-25
상장법인,정의함,LOGICAL,증권시장에 상장된 증권을 발행한 법인,17,0.95,상장법인|정의,2026-04-25
비상장법인,정의함,LOGICAL,상장법인을 제외한 법인,17,0.95,비상장법인|정의,2026-04-25
주권상장법인,정의함,LOGICAL,증권시장에 상장된 주권을 발행한 법인 (또는 주권과 관련된 증권예탁증권이 상장된 경우 그 주권을 발행한 법인),17,0.95,주권상장법인|정의,2026-04-25
주권비상장법인,정의함,LOGICAL,주권상장법인을 제외한 법인,17,0.95,주권비상장법인|정의,2026-04-25
외국법인등,정의함,LOGICAL,"외국 정부, 지방자치단체, 공공단체, 외국 법령에 따라 설립된 외국 기업, 대통령령으로 정하는 국제기구, 그 밖에 외국에 있는 법인 등 중 대통령령으로 정하는 자",17,0.95,외국법인등|정의,2026-04-25
협회,정의함,LOGICAL,한국금융투자협회,283,0.95,협회|정의,2026-04-25
한국금융투자협회,설립된,ACTION,제283조,283,0.9,설립|제283조,2026-04-25
협회,참조함,STRUCTURE,제283조,283,0.9,제283조|참조,2026-04-25
한국예탁결제원,정의함,LOGICAL,설립된,294,0.95,설립된|제294조에 따라,2026-04-25
한국예탁결제원,참조함,STRUCTURE,제294조,294,0.9,제294조에 따라,2026-04-25
금융투자상품거래청산회사,정의함,LOGICAL,인가를 받은 자,제323조의3,0.95,정의|인증,2026-04-25
금융투자상품거래청산회사,참조함,STRUCTURE,제323조의3,제323조의3,0.9,참조,2026-04-25
증권금융회사,정의함,LOGICAL,인가를 받은 자,제324조제1항,0.95,증권금융회사|인가를 받은 자,2026-04-25
신용평가회사,참조함,STRUCTURE,제335조의3,제335조의3,0.95,제335조의3 참조,2026-04-25
종합금융회사,정의함,LOGICAL,제336조,336,0.9,종합금융회사|제336조,2026-04-25
명의개서대행회사,정의함,LOGICAL,등록한 자,제365조제1항,0.95,등록|정의,2026-04-25
집합투자재산,정의함,LOGICAL,"집합투자기구의 재산으로서 투자신탁재산, 투자회사재산, 투자유한회사재산, 투자합자회사재산, 투자유한책임회사재산, 투자합자조합재산 및 투자익명조합재산",제249조의11제6항,0.95,집합투자재산 정의|재산 구성요소,2026-04-25
집합투자증권,정의함,LOGICAL,집합투자기구에 대한 출자지분(투자신탁의 경우에는 수익권)으로 표시된 것,제249조의11제6항,0.95,집합투자증권 정의|출자지분,2026-04-25
집합투자규약,정의함,LOGICAL,"집합투자기구의 조직, 운영 및 투자자의 권리·의무를 정한 것으로서 투자신탁의 신탁계약, 투자회사·투자유한회사·투자합자회사·투자유한책임회사의 정관 및 투자합자조합·투자익명조합의 조합계약",제249조의11제6항,0.95,집합투자규약 정의|조직·운영·권리·의무,2026-04-25
집합투자자총회,정의함,LOGICAL,"집합투자기구의 투자자 전원으로 구성된 의사결정기관으로서 수익자총회, 주주총회, 사원총회, 조합원총회 및 익명조합원총회를 말한다",제249조의11제6항,0.95,집합투자자총회 정의|의사결정기관,2026-04-25
금융투자상품거래청산업,정의함,LOGICAL,"이 법에서 ‘금융투자상품거래청산업’이란 금융투자업자 및 대통령령으로 정하는 자(이하 ‘청산대상업자’라 한다)를 상대방으로 하여 청산대상업자가 대통령령으로 정하는 금융투자 상품의 거래(이하 ‘청산대상거래’라 한다)를 함에 따라 발생하는 채무를 채무인수, 경개(更改), 그 밖의 방법으로 부담하는 것을 영업으로 하는 것을 말한다.",제2조,0.95,정의,2026-04-25
신용평가업,정의함,LOGICAL,"이 법에서 ‘신용평가업’이란 다음 각 호의 어느 하나에 해당하는 것에 대한 신용상태를 평 가(이하 ‘신용평가’라 한다)하여 그 결과에 대하여 기호, 숫자 등을 사용하여 표시한 등급(이하 ‘신용등급’이라 한다)을 부여하고 그 신용등급을 발행인, 인수인, 투자자, 그 밖의 이해관계자에게 제공하거나 열람하게 하는 행위를 영업으로 하는 것을 말한다.",제2조,0.95,정의,2026-04-25
온라인소액투자중개업자,정의함,LOGICAL,"이 법에서 ‘온라인소액투자중개업자’란 온라인상에서 누구의 명의로 하든지 타인의 계산 으로 다음 각 호의 자가, 대통령령으로 정하는 방법으로 발행하는 채무증권, 지분증권, 투자 계약증권의 모집 또는 사모에 관한 중개(이하 ‘온라인소액투자중개’라 한다)를 영업으로 하는 투자중개업자를 말한다.",제2조,0.95,정의,2026-04-25
기업성장집합 투자기구를 통한 집합투자 영업,정의함,LOGICAL,집합투자 영업,제229조제6호,0.95,정의함|집합투자 영업,2026-04-25
기업성장집합투자업자,정의함,LOGICAL,집합투자업자 중 기업성장집합투자업을 영위하는 자,제229조제6호,0.95,정의함|기업성장집합투자업자,2026-04-25
제9조,정의함,LOGICAL,제9조,제9조,0.5,제9조,2026-04-25
이 법,따르다,ACTION,이 법이 정하는 바,10,0.95,다른 법률에 특별한 규정이 없는 경우,2026-04-25
이 법,예외로함,LOGICAL,다른 법률에 특별한 규정이 있는 경우,10,0.9,예외,2026-04-25
금융투자업자,따르다,ACTION,형법,10,0.9,금융투자업 영위,2026-04-25
제246조 적용,예외로함,LOGICAL,제246조,246,0.95,제246조 적용|제246조,2026-04-25
기업어음증권을 발행하는 경우,준용함,STRUCTURE,전자어음의 발행 및 유통에 관한 법률,246,0.9,기업어음증권 발행|전자어음법,2026-04-25
제6조의2,금지함,ACTION,제6조의2,제6조의2,0.95,제6조의2 적용|적용하지 않음,2026-04-25
무인가 영업행위 금지,금지함,ACTION,"금융투자업 영위 (투자자문업, 투자일임업 및 일반 사모집합투자업 제외)",제11조,0.95,무인가 영업행위 금지|금융투자업|금융투자업인가|영위,2026-04-25
무인가 영업행위 금지,제외함,LOGICAL,"투자자문업, 투자일임업, 일반 사모집합투자업",제11조,0.9,무인가 영업행위 금지|투자자문업|투자일임업|일반 사모집합투자업,2026-04-25
누구든지,금지함,ACTION,알선·중개행위,11조의2,1.0,알선·중개행위 금지,2026-04-25
계좌 대여 알선,금지함,ACTION,계좌의 대여,11,0.95,계좌 대여 알선|계좌 대여,2026-04-25
금융투자업 영위자,요구함,ACTION,금융투자업 인가,제12조,0.95,금융투자업 영위자|금융투자업 인가,2026-04-25
금융투자업 인가,정의함,LOGICAL,금융위원회로부터 받는 금융투자업 인가,제12조,0.9,금융투자업 인가|금융위원회,2026-04-25
제229조,정의함,LOGICAL,집합투자기구의 종류,229,0.95,집합투자기구의 종류|제229조,2026-04-25
집합투자기구,말한다,ACTION,종류,229,0.85,집합투자기구의 종류|정의,2026-04-25
대주주 및 외국 금융투자업자,갖출,ACTION,"충분한 출자능력, 건전한 재무상태 및 사회적 신용",제5조,0.95,출자능력|건전한 재무상태|사회적 신용,2026-04-25
"금융투자업자와 투자자 간, 특정 투자자와 다른 투자자 간",갖출,ACTION,이해상충 방지 체계,제5조,0.9,이해상충 방지 체계,2026-04-25
제2항의 인가요건에 관한 세부사항,정한다,LOGICAL,대통령령,제5조,0.9,제2항 인가요건|대통령령,2026-04-25
건전한 재무상태와 사회적 신용,정하는,LOGICAL,대통령령,제5조,0.85,건전한 재무상태|사회적 신용|대통령령,2026-04-25
대주주,갖출,ACTION,"충분한 출자능력, 건전한 재무상태 및 사회적 신용",제5조,0.9,출자능력|건전한 재무상태|사회적 신용,2026-04-25
외국 금융투자업자,갖출,ACTION,"충분한 출자능력, 건전한 재무상태 및 사회적 신용",제5조,0.9,출자능력|건전한 재무상태|사회적 신용,2026-04-25
금융투자업 영위자,요구함,ACTION,금융투자업인가,12,0.95,금융투자업 인가,2026-04-25
금융투자업 영위자,선택함,ACTION,인가업무 단위,12,0.9,인증업무 단위,2026-04-25
금융투자업 영위자,포함함,ACTION,금융투자업 종류,12,0.85,금융투자업 종류,2026-04-25
집합투자기구,정의함,LOGICAL,집합투자기구의 종류,229,0.95,집합투자기구|정의,2026-04-25
집합투자기구,예외로함,LOGICAL,신탁업,229,0.8,집합투자기구|신탁업|예외,2026-04-25
집합투자기구,참조함,STRUCTURE,제229조,229,0.9,집합투자기구|제229조,2026-04-25
자,갖추다,ACTION,상법에 따른 주식회사이거나 대통령령으로 정하는 금융기관,제103조제1항,0.95,자격 요건|금융투자업 인가,2026-04-25
자,갖추다,ACTION,외국 금융투자업자(외국 법령에 따라 외국에서 금융투자업에 상당하는 영업을 영위하는 자),제103조제1항,0.95,자격 요건|금융투자업 인가,2026-04-25
자,갖추다,ACTION,인증업무 단위별로 5억원 이상으로서 대통령령으로 정하는 금액 이상의 자기자본,제103조제1항,0.95,자격 요건|자본요건,2026-04-25
자,갖추다,ACTION,사업계획이 타당하고 건전할 것,제103조제1항,0.95,자격 요건|사업계획,2026-04-25
자,갖추다,ACTION,"투자자의 보호가 가능하고 그 영위하고자 하는 금융투자업을 수행하기에 충분한 인력과 전산설비, 그 밖의 물적 설비",제103조제1항,0.95,자격 요건|인력 및 설비,2026-04-25
자,갖추다,ACTION,임원이 금융회사의 지배구조에 관한 법률,제103조제1항,0.95,자격 요건|임원 요건,2026-04-25
대주주나 외국 금융투자업자,요구함,ACTION,요건,제5조,0.9,요건|대주주|외국 금융투자업자,2026-04-25
완화된 요건,정의함,LOGICAL,"출자능력, 건전한 재무상태 및 사회적 신용을 갖출 것",제16조제2항,0.92,완화된 요건|출자능력|건전한 재무상태|사회적 신용,2026-04-25
완화된 요건,정의함,LOGICAL,대통령령으로 정하는 건전한 재무상태와 사회적 신용을 갖출 것,제16조제2항,0.88,완화된 요건|대통령령|건전한 재무상태|사회적 신용,2026-04-25
제12조,상위조항,STRUCTURE,제1조,제12조,0.1,제12조|제1조|자본시장의 공정성ㆍ신뢰성 및 효율성,2026-04-25
제13조,참조함,STRUCTURE,신청 및 심사,13,0.7,신청 및 심사,2026-04-25
예비인가,정의함,LOGICAL,예비인가,제14조,0.6,예비인가,2026-04-25
자,허용함,ACTION,예비인가 신청,제12조,0.95,예비인가 신청,2026-04-25
자,신청함,ACTION,예비인가,제335조의3,0.95,신용평가업인가|예비인가,2026-04-26
금융위원회,요구함,ACTION,2개월 이내에 예비인가 결정,제12조,0.85,예비인가 신청|2개월 이내에,2026-04-25
금융위원회,결정,ACTION,예비인가 여부,제12조제2항,0.95,예비인가|결정,2026-04-25
금융위원회,통지,ACTION,신청인,제12조제2항,0.95,통지|신청인,2026-04-25
금융위원회,요구,ACTION,보완,제12조제2항,0.9,보완|요구,2026-04-25
금융위원회,붙일 수 있다,ACTION,조건,제12조제2항제6호,0.96,금융위원회|조건,2026-04-26
총리령,산입하지 않음,STRUCTURE,심사기간,제12조제2항,0.85,총리령|산입하지 않음|심사기간,2026-04-25
금융위원회,결정하여야 한다,ACTION,본인가 여부,제12조제2항,0.95,요건 확인|본인가 결정,2026-04-25
대통령령,정한다,ACTION,"예비인가의 신청서 및 그 기재사항ㆍ첨부서류 등 예비인가의 신청에 관한 사항과 예비인가심사의 방법ㆍ절차, 그 밖에 예비인가에 관하여 필요 한 사항",335-2-2,0.95,정한다|대통령령,2026-04-26
금융투자업자,요구함,ACTION,인가요건,제15조,0.8,인증요건|유지,2026-04-25
금융투자업자,요구함,ACTION,금융투자업인가,제12조,0.95,금융투자업인가,2026-04-25
금융투자업자,요구함,ACTION,영업,제12조,0.95,영업,2026-04-25
금융투자업자,참조함,STRUCTURE,제12조,제12조,0.95,제12조에 따른,2026-04-25
투자매매업자 또는 투자중개업자,근거함,STRUCTURE,업무 단위 추가등록,제16조의2,0.9,업무 단위 추가등록|투자매매업자|투자중개업자,2026-04-25
투자매매업자 또는 투자중개업자,요구함,ACTION,영업 영위,제16조의2,0.95,업무 단위 추가등록|영업 영위,2026-04-25
요건,유지함,ACTION,요건,제12조제2항,0.95,요건|유지,2026-04-25
요건,예외로함,LOGICAL,"제3호, 제6호, 제6호의2",제12조제2항,0.9,요건|제3호|제6호|제6호의2,2026-04-25
업무의 추가 및 인가의 변경,정의함,LOGICAL,금융투자업자,16조,0.6,업무의 추가 및 인가의 변경|금융투자업자,2026-04-25
인가받은 인가업무 단위,요구함,ACTION,다른 인가업무 단위 추가,제12조,0.9,인가업무 단위 추가|금융투자업 영위,2026-04-25
인가받은 인가업무 단위,요구함,ACTION,인가업무 단위 추가,12,0.8,인가업무 단위 추가|인가받은 인가업무 단위,2026-04-25
변경인가,받다,ACTION,금융위원회,13조,0.9,변경인가|금융위원회,2026-04-25
변경인가,참조함,STRUCTURE,제13조,13조,0.95,제13조,2026-04-25
제14조 적용,요구함,ACTION,제14조,14,0.95,제14조 적용|제14조,2026-04-25
제14조 적용,참조함,STRUCTURE,제1항,14,0.85,제14조 적용|제1항,2026-04-25
대통령령,적용함,ACTION,완화된 요건,제12조제2항제6호,0.95,완화된 요건,2026-04-25
투자매매업 등의 업무 단위 추가 및 등록,정의함,LOGICAL,투자매매업 등의 업무 단위,제16조의2,0.8,투자매매업|업무 단위 추가 및 등록,2026-04-25
투자매매업자 또는 투자중개업자,영위,ACTION,금융투자업,제12조,0.9,금융투자업|영위,2026-04-25
투자매매업자 또는 투자중개업자,업무 단위 추가,ACTION,대통령령으로 정하는 업무 단위,제12조,0.85,업무 단위|대통령령|추가,2026-04-25
투자매매업자 또는 투자중개업자,구성요소로 사용,ACTION,같은 금융투자업의 종류에 속하는 금융투자상품,제12조,0.8,금융투자상품|구성요소,2026-04-25
투자매매업자 또는 투자중개업자,인증받은,LOGICAL,금융투자업인가,제12조,0.9,금융투자업인가|인증,2026-04-25
겸영금융투자업자,제외,LOGICAL,투자매매업자 또는 투자중개업자,제12조,0.9,겸영금융투자업자|제외,2026-04-25
대통령령,정하는,STRUCTURE,업무 단위,제12조,0.9,대통령령|정하는|업무 단위,2026-04-25
업무 단위 추가등록,정의함,LOGICAL,등록,제12조제2항,0.9,업무 단위 추가등록|등록,2026-04-25
금융투자업자,요구함,ACTION,금융위원회,제12조제2항,0.95,등록|업무 단위 추가등록,2026-04-25
제12조제2항,예외로함,LOGICAL,제12조제1항,제12조제2항,0.9,제12조제1항|제12조제2항,2026-04-25
제12조제2항,참조함,STRUCTURE,제12조제1항,제12조제2항,0.9,제12조제1항|제12조제2항,2026-04-25
변경인가를 받은 것,정의함,LOGICAL,제16조제1항에 따른 변경인가를 받은 것,16,0.95,정의|변경인가,2026-04-25
외국 금융투자업자,인가받다,ACTION,조직형태 변경,제16조의3,0.95,외국 금융투자업자 조직형태 변경 인가 특례|인가,2026-04-25
양도,정의함,LOGICAL,외국 금융투자업자 또는 대통령령으로 정하는 외국 금융투자업자의 국내법인이 대통령령으로 정하는 조직형태 변경을 통하여 금융투자업 전부(이 에 준하는 경우를 포함한다)를 양도하는 경우,제12조제2항제1호,0.95,양도|전부|조직형태 변경,2026-04-25
요건,간주함,LOGICAL,전부 또는 일부를 갖춘 것으로 본다,제12조제2항제3호ㆍ제 4호 및 제6호,0.95,요건|전부 또는 일부,2026-04-25
누구든지,금지함,ACTION,투자자문업 또는 투자일임업 영위,제17조,0.95,미등록 영업행위의 금지|금융투자업등록을 하지 않음,2026-04-25
투자자문업 또는 투자일임업 영위,요구함,ACTION,금융투자업등록,제17조,0.85,필수,2026-04-25
미등록 영업행위의 금지,정의함,LOGICAL,투자자문업 또는 투자일임업 영위,제17조,0.9,금융투자업등록을 하지 않음,2026-04-25
투자자문업자,등록,ACTION,금융투자업등록,제18조,0.97,투자자문업 또는 투자일임업 등록,2026-04-25
투자자문업자,선택,ACTION,등록업무 단위(전부나 일부),제18조,0.92,등록업무 단위,2026-04-25
투자자문업자,등록에 포함,STRUCTURE,투자자문업 또는 투자일임업,제18조,0.9,투자자문업 또는 투자일임업,2026-04-25
투자자문업자,등록에 포함,STRUCTURE,금융투자상품등의 범위,제18조,0.9,금융투자상품등의 범위,2026-04-25
투자자문업자,등록에 포함,STRUCTURE,투자자의 유형,제18조,0.9,투자자의 유형,2026-04-25
투자자문업자,갖추어야 한다,ACTION,요건,제18조,0.95,요건,2026-04-25
투자자문업자,해당,LOGICAL,가. 상법에 따른 주식회사이거나 대통령령으로 정하는 금융기관,제18조,0.88,가,2026-04-25
투자자문업자,해당,LOGICAL,"나. 외국 투자자문업자로서 투자자문업의 수행에 필요한 지점, 그 밖의 영업소를 설치한 자",제18조,0.88,나,2026-04-25
투자자문업자,해당,LOGICAL,"다. 외국 투자일임업자로서 투자일임업의 수행에 필요한 지점, 그 밖의 영업소를 설치한 자",제18조,0.88,다,2026-04-25
투자자문업자,자기자본을 갖추어야 한다,ACTION,1억원 이상,제18조,0.9,1억원 이상,2026-04-25
투자자문업자,자기자본을 갖추어야 한다,ACTION,대통령령으로 정하는 금액 이상,제18조,0.9,대통령령으로 정하는 금액 이상,2026-04-25
외국 투자자문업자,제18조 적용 제외,LOGICAL,제18조,제18조,0.85,외국 투자자문업자|제18조 적용 제외,2026-04-25
투자권유자 문인력,정의함,LOGICAL,투자운용인력,제286조제1항제3호가목,0.95,투자권유자 문인력 정의|투자운용인력,2026-04-25
투자권유자 문인력,참조함,STRUCTURE,제286조제1항제3호가목,제286조제1항제3호가목,0.9,참조|제286조제1항제3호가목,2026-04-25
투자운용 인력,정의함,LOGICAL,투자권유자문인력 또는 투자운용인력에 상당하는 자,제286조제1항제3호다목,0.95,투자운용 인력|투자권유자문인력|투자운용인력,2026-04-25
투자운용 인력,간주함,LOGICAL,해당 요건을 갖춘 것으로 본다,제286조제1항제3호다목,0.9,투자운용 인력|요건,2026-04-25
투자자문업,요구함,ACTION,투자권유자문인력 (대통령령으로 정하는 수 이상),제286조제1항제3호다목,0.92,투자자문업|투자권유자문인력|대통령령,2026-04-25
투자일임업,요구함,ACTION,투자운용인력 (대통령령으로 정하는 수 이상),제286조제1항제3호다목,0.92,투자일임업|투자운용인력|대통령령,2026-04-25
대주주 및 외국 투자자문업자 및 외국 투자일임업자,갖출,ACTION,요건,제5조,0.95,요건|대주주,2026-04-25
대주주,정의함,LOGICAL,제12조제2항제6호가목의 대주주를 말한다,제12조제2항제6호가목,0.95,대주주|정의,2026-04-26
대주주,요구함,ACTION,사회적 신용,제12조제2항제6호,0.95,사회적 신용|대주주,2026-04-25
등록,정의함,LOGICAL,등록의 신청 등,19,0.4,등록|신청,2026-04-25
등록신청자,제출하여야 한다,ACTION,등록신청서,제18조,0.95,금융투자업등록|제출,2026-04-25
금융위원회,접수한다,ACTION,등록신청서,제18조,0.9,접수,2026-04-25
금융위원회,검토하여 결정하고,ACTION,등록신청서,제18조,0.9,검토|결정,2026-04-25
금융위원회,통지하여야 한다,ACTION,신청인,제18조,0.9,통지,2026-04-25
금융위원회,보완을 요구할 수 있다,ACTION,등록신청서 흠결 보완,제18조,0.85,보완요구,2026-04-25
검토기간 산정,산입하지 않는다,LOGICAL,보완기간,제18조,0.8,산입|보완기간,2026-04-25
금융위원회,등록을 거부하지 않는다,ACTION,사유가 없는 경우,제18조,0.9,거부|등록|조건,2026-04-25
금융위원회,결정한다,ACTION,금융투자업등록,제18조제2항,0.9,금융투자업등록|결정,2026-04-25
금융위원회,기재하여야 하며,ACTION,투자자문업자등록부 또는 투자일임업자등록부에 필요한 사항,제18조제2항,0.95,금융투자업등록|기재|등록부,2026-04-25
금융위원회,공고하여야 한다,ACTION,관보 및 인터넷 홈 페이지 등에,제18조제2항,0.95,공고|관보|인터넷,2026-04-25
대통령령,정한다,ACTION,"등록신청서의 기재사항ㆍ첨부서류 등 등록의 신청 에 관한 사항과 등록검토의 방법ㆍ절차, 그 밖에 필요한 사항",제18조제6항,0.9,대통령령|정함,2026-04-25
투자자문업자 또는 투자일임업자,요구함,ACTION,등록요건의 유지,제20조,0.9,등록요건|영업|등록요건의 유지,2026-04-25
투자자문업자 또는 투자일임업자,근거함,STRUCTURE,금융투자업등록,제20조,0.8,금융투자업등록|영업,2026-04-25
금융위원회,말소할 수 있다,ACTION,등록,제20조의2,0.95,등록 직권 말소|금융위원회,2026-04-25
금융위원회,요청할 수 있다,ACTION,관할 세무서장,제20조의2,0.9,요청|관할 세무서장,2026-04-25
관할 세무서장,제공해야 한다,ACTION,정보,제20조의2,0.9,제공|정보,2026-04-25
금융투자업자,요구함,ACTION,업무 추가 및 변경등록,21,0.9,업무 추가 및 변경등록,2026-04-25
업무 추가 및 변경등록,정의함,LOGICAL,금융투자업자가 업무를 추가하거나 변경할 때 등록하는 행위,21,0.8,업무 추가 및 변경등록,2026-04-25
등록업무 단위,추가함,ACTION,다른 등록업무 단위,제18조,0.9,등록업무 단위|추가,2026-04-25
등록업무 단위,근거함,STRUCTURE,제18조,제18조,0.85,제18조|근거,2026-04-25
등록업무 단위,정의함,LOGICAL,제18조,제18조,0.8,등록업무 단위 정의,2026-04-25
변경등록,요구함,ACTION,금융위원회,제19조,0.9,변경등록|등록,2026-04-25
대통령령,적용한다,ACTION,완화된 요건,제18조제2항제5호,0.95,등록요건|완화된 요건,2026-04-25
등록요건,예외로함,LOGICAL,완화된 요건,제18조제2항제5호,0.9,등록요건|완화된 요건,2026-04-25
삭제,정의함,LOGICAL,제22조,제22조,0.95,삭제|제22조 삭제,2026-04-25
삭제,삭제함,ACTION,제23조,제23조,0.95,삭제,2026-04-25
삭제,정의함,LOGICAL,제24조,제24조,0.95,삭제|제24조,2026-04-25
삭제,정의함,LOGICAL,제25조,제25조,0.7,삭제|제25조,2026-04-25
제26조,삭제,STRUCTURE,2015. 7. 31.,26,0.95,삭제,2026-04-25
제27조,삭제,STRUCTURE,2015. 7. 31.,27,0.95,삭제|제27조,2026-04-25
삭제,참조함,STRUCTURE,제28조,28,0.5,삭제|제28조,2026-04-25
파생상품업무책임자,정의함,LOGICAL,금융투자업자(겸영금융투자업자를 포함한다)는 상근 임원,제28조의2,0.95,파생상품업무책임자|금융투자업자|상근 임원,2026-04-25
파생상품업무책임자,두어야 한다,ACTION,1인 이상,제401조의2제 1항,0.95,파생상품업무책임자|1인 이상,2026-04-25
파생상품업무책임자,수행한다,ACTION,파생상품 투자자보호에 필요한 절차나 기준의 수립 및 집행에 관한 관리ㆍ감독업무,제401조의2제 1항,0.9,파생상품 투자자보호|관리ㆍ감독업무,2026-04-25
파생상품업무책임자,수행한다,ACTION,장외파생상품 매매에 대한 승인 업무,제401조의2제 1항,0.9,장외파생상품 매매|승인 업무,2026-04-25
파생상품업무책임자,수행한다,ACTION,그 밖에 대통령령으로 정하는 업무,제401조의2제 1항,0.9,대통령령|정하는 업무,2026-04-25
제29조,삭제됨,LOGICAL,2015. 7. 31.,29,0.95,삭제,2026-04-25
제29조,상위조항,STRUCTURE,제3장 건전경영 유지 제1절 경영건전성 감독,29,0.9,제3장 건전경영 유지 제1절 경영건전성 감독,2026-04-25
금융투자업자,요구함,ACTION,영업용순자본을 총위험액 이상으로 유지,제30조,0.95,재무건전성 유지|영업용순자본|총위험액,2026-04-25
금융투자업자,예외로함,LOGICAL,겸영금융투자업자 및 대통령령으로 정하는 금융투자업자,제30조,0.9,재무건전성 유지|예외,2026-04-25
영업용순자본,정의함,LOGICAL,제1호 합계액에서 제2호 합계액을 뺀 금액,제30조,0.95,영업용순자본 정의,2026-04-25
금융위원회,정한다,ACTION,영업용순자본과 총위험액 산정 기준 및 방법,제30조,0.9,산정 기준,2026-04-25
금융위원회,고시한다,ACTION,영업용순자본과 총위험액 산정 기준 및 방법,제30조,0.9,산정 기준 고시,2026-04-25
금융투자업자,보고해야 한다,ACTION,영업용순자본에서 총위험액을 뺀 금액을 기재한 서면을 금융위원회에 보고,제30조,0.9,보고,2026-04-25
금융투자업자,비치해야 한다,ACTION,"서면 보고서를 본점과 지점, 그 밖의 영업소에 비치",제30조,0.9,비치,2026-04-25
금융투자업자,공시해야 한다,ACTION,서면 보고서를 인터넷 홈페이지 등을 이용해 공시,제30조,0.9,공시,2026-04-25
금융투자업자,준수,ACTION,경영건전성기준,31,0.95,경영건전성기준,2026-04-25
금융투자업자,구축,ACTION,적절한 체계,31,0.9,적절한 체계,2026-04-25
금융투자업자,시행,ACTION,적절한 체계,31,0.9,적절한 체계,2026-04-25
금융위원회,정함,ACTION,경영건전성기준,31,0.9,경영건전성기준,2026-04-25
금융위원회,정함,ACTION,금융투자업별 기준,31,0.9,금융투자업별 기준,2026-04-25
금융위원회,평가,ACTION,경영실태 및 위험,31,0.9,경영실태 및 위험,2026-04-25
금융위원회,평가,ACTION,대통령령으로 정하는 금융투자업자,31,0.9,대통령령으로 정하는 금융투자업자,2026-04-25
금융투자업자,충족,ACTION,경영건전성기준,31,0.9,경영건전성기준,2026-04-25
금융투자업자,명할 수 있다,ACTION,필요한 조치,제30조,0.95,경영건전성 확보|자본금 증액|이익배당 제한,2026-04-25
경영건전성 확보,정의함,LOGICAL,필요한 조치,제30조,0.85,경영건전성 확보,2026-04-25
금융투자업자,요구함,ACTION,회계연도를 금융투자업별로 총리령으로 정하는 기간으로 할 것,제32조,0.95,회계연도|총리령|정함,2026-04-25
금융투자업자,요구함,ACTION,"금융투자업자의 고유재산과 신탁재산, 그 밖에 총리령으로 정하는 투자자재산을 명확히 구분하여 회계처리할 것",제32조,0.95,고유재산|신탁재산|투자자재산|구분|회계처리,2026-04-25
금융투자업자,요구함,ACTION,증권선물위원회의 심의를 거쳐 금융위원회가 정하여 고시하는 금융투자업자 회계처리준칙 및 주식회사 등의 외부감사에 관한 법률을 준수하여 회계처리할 것,제32조,0.95,증권선물위원회|금융위원회|회계처리준칙|외부감사법|준수,2026-04-25
금융위원회,정하고 고시한다,ACTION,회계 처리,제5조,0.95,회계 처리기준|정하고 고시한다,2026-04-25
회계처리기준,정의함,LOGICAL,금융위원회가 정하고 고시함,제5조,0.85,회계 처리기준|정의함,2026-04-25
금융투자업자,제출해야 한다,ACTION,업무보고서,33,0.95,업무보고서|제출|제한기간,2026-04-25
금융투자업자,작성해야 한다,ACTION,업무보고서,33,0.95,업무보고서|작성,2026-04-25
금융투자업자,공시해야 한다,ACTION,공시서류,33,0.95,공시서류|공시|인터넷 홈페이지,2026-04-25
금융투자업자,비치해야 한다,ACTION,공시서류,33,0.95,공시서류|비치|본점|지점|영업소,2026-04-25
금융투자업자,보고해야 한다,ACTION,금융위원회,33,0.95,보고|금융위원회,2026-04-25
금융투자업자,공시해야 한다,ACTION,인터넷 홈페이지,33,0.95,공시|인터넷 홈페이지,2026-04-25
대통령령,정의한다,LOGICAL,"업무보고서, 공시서류, 경영상황 공시, 보고서, 필요한 사항",33,0.95,대통령령|정의|업무보고서|공시서류,2026-04-25
금융투자업자,금지함,ACTION,다음 각 호의 어느 하나에 해당하는 행위,34,0.95,대주주와의 거래|금융투자업자|행위,2026-04-25
금융투자업자,예외로함,LOGICAL,담보권의 실행 등 권리행사에 필요한 경우,34,0.9,담보권의 실행|권리행사,2026-04-25
겸영금융투자업자,제외함,LOGICAL,제34조 제한,34,0.85,겸영금융투자업자|제34조 제한,2026-04-25
금융투자업자,금지함,ACTION,대주주에 대한 신용공여,제176조제3항제1호,0.98,신용공여|대주주,2026-04-25
대주주,금지함,ACTION,금융투자업자로부터 신용공여를 받는 것,제176조제3항제1호,0.98,신용공여|대주주,2026-04-25
대주주,허용함,ACTION,신용공여 (특정 조건),제176조제3항제1호,0.95,신용공여|조건,2026-04-25
금융투자업자,요구함,ACTION,이사회 결의,제176조제3항제1호,0.97,이사회 결의|의사결정,2026-04-25
금융투자업자,요구함,ACTION,금융위원회에 보고 및 공시,제176조제3항제1호,0.97,보고|공시,2026-04-25
금융위원회,요구함,ACTION,자료 제출,제176조제3항제1호,0.96,자료 제출|제한,2026-04-25
금융위원회,제한함,ACTION,대주주가 발행한 증권의 신규취득 및 신용공여,제176조제3항제1호,0.96,신규취득|신용공여|제한,2026-04-25
금융위원회,고시함,ACTION,소유기한 등,제176조제3항제1호,0.95,고시|소유기한,2026-04-25
금융투자업자,정의함,LOGICAL,대주주가 발행한 증권을 소유하는 행위,제176조제3항제1호,0.9,대주주|증권 소유|정의,2026-04-25
금융투자업자,금지함,ACTION,대주주가 발행한 증권을 소유하는 행위,제176조제3항제1호,0.95,대주주|증권 소유|금지,2026-04-25
대주주,금지함,ACTION,부당한 영향력 행사,35,0.95,부당한 영향력|행사|금지,2026-04-25
대주주,포함함,LOGICAL,특수관계인,35,0.9,특수관계인,2026-04-25
대주주,금지함,ACTION,부당한 영향력을 행사하기 위하여 금융투자업자에 대하여 외부에 공개되지 아니한 자료 또는 정보의 제공을 요구하는 행위,36,0.95,부당한 영향력 행사|금융투자업자에 대한 자료 제공 요구,2026-04-25
부당한 영향력 행사,정의함,LOGICAL,외부에 공개되지 아니한 자료 또는 정보의 제공을 요구하는 행위,36,0.9,부당한 영향력 행사|자료 제공 요구,2026-04-25
제33조제 6항,참조함,STRUCTURE,상법,제33조제 6항,0.95,제33조제 6항|상법,2026-04-25
제466조에 따른 권리의 행사에 해당하는 경우,예외로함,LOGICAL,제466조에 따른 권리의 행사,Unknown,0.9,제466조에 따른 권리의 행사|예외,2026-04-25
경제적 이익 등 반대급부의 제공을 조건으로 다른 주주와 담합하여 금융투자업자의 인사 또는 경영에 부당한 영향력을 행사하는 행위,예외로함,LOGICAL,제466조에 따른 권리의 행사,Unknown,0.95,경제적 이익|반대급부|담합|부당한 영향력|제466조에 따른 권리의 행사,2026-04-25
그 밖에 제1호 및 제2호에 준하는 행위로서 대통령령으로 정하는 행위,예외로함,LOGICAL,제466조에 따른 권리의 행사,Unknown,0.9,제1호|제2호|대통령령|제466조에 따른 권리의 행사,2026-04-25
금융위원회,명령함,ACTION,대주주,제36조,0.95,자료 제출명령|금융위원회|대주주,2026-04-25
자료 제출 명령,명할 수 있다,ACTION,필요한 자료,35,0.95,자료 제출 명령|필요한 자료,2026-04-25
금융투자업자,요구함,ACTION,공정하게 금융투자업을 영위,제37조,0.95,신의성실의무|공정성|투자자 이익 보호,2026-04-25
금융투자업자,금지함,ACTION,정당한 사유 없이 투자자의 이익을 해하 면서 자기가 이익을 얻거나 제삼자가 이익을 얻도록 하여서는 아니 된다,제37조,0.95,신의성실의무|투자자 이익 보호|이익 추구 금지,2026-04-25
신의성실의무,정의함,LOGICAL,금융투자업자는 신의성실의 원칙에 따라 공정하게 금융투자업을 영위하여야 한다,제37조,0.95,신의성실의무|공정성|투자자 이익 보호,2026-04-25
금융투자업자가 아닌 자,금지함,ACTION,상호 중에 ‘금융투자’ 문자 또는 외국어 문자 사용,38,0.95,상호 사용 금지|금융투자|외국어 문자,2026-04-25
증권을 대상으로 하여 투자매매업 또는 투자중개업을 영위하는 자가 아닌 자,금지함,ACTION,상호 중에 ‘증권’ 문자 또는 외국어문자 사용,38,0.95,상호 사용 금지|증권|외국어문자,2026-04-25
증권집합투자기구,정의함,LOGICAL,정의된 개념,229조제1호,0.9,정의,2026-04-25
자,허용함,ACTION,"""증권""이라는 문자 또는 이와 같은 의미를 가지는 외국어문자",제183조제1항,0.9,증권|외국어문자,2026-04-25
투자매매업 또는 투자중개업을 영위하는 자가 아닌 자,금지함,ACTION,"""파생"" 또는 ""선물""이라는 문자 또는 이와 같은 의미를 가지는 외국어문자",제183조제3항,0.95,파생|선물|외국어문자,2026-04-25
집합투자업자가 아닌 자,금지함,ACTION,"""집합투자"", ""투자신탁"" 또는 ""자산운용""이라는 문자 또는 이와 같은 의미를 가지는 외국어문자",제183조제4항,0.95,집합투자|투자신탁|자산운용|외국어문자,2026-04-25
투자신탁인 집합투자기구,허용함,ACTION,"""투자신탁""이라는 문자 또는 이와 같은 의미를 가지는 외국어문자",제183조제4항,0.9,투자신탁|외국어문자,2026-04-25
투자자문업자가 아닌 자,금지함,ACTION,"""투자자문""이라는 문자 또는 이와 같은 의미를 가지는 외국어문자",제183조제5항,0.95,투자자문|외국어문자,2026-04-25
부동산투자자문회사,허용함,ACTION,"""투자자문""이라는 문자 또는 이와 같은 의미를 가지는 외국어문자",제183조제5항,0.9,투자자문|외국어문자,2026-04-25
투자일임업자가 아닌 자,금지함,ACTION,"""투자일임""이라는 문자 또는 이와 같은 의미를 가지는 외국어문자",제183조제6항,0.95,투자일임|외국어문자,2026-04-25
신탁업자가 아닌 자,금지함,ACTION,"""신탁""이라는 문자 또는 이와 같은 의미를 가지는 외국어문자",제183조제7항,0.95,신탁|외국어문자,2026-04-25
집합투자업자,허용함,ACTION,"""신탁""이라는 문자 또는 이와 같은 의미를 가지는 외국어문자",제183조제7항,0.9,신탁|외국어문자,2026-04-25
업자,허용함,ACTION,상호 중 '신탁' 문자 또는 이와 같은 의미를 가지는 외국어문자,제7조제5항,0.95,상호|신탁|대통령령,2026-04-25
금융투자업자,금지함,ACTION,명의대여,제39조,0.98,명의대여|금지,2026-04-25
금융투자업자,영위할 수 있다,ACTION,금융업무,제40조,0.95,다른 금융업무 영위|금융투자업자,2026-04-25
다른 금융업무,정의함,LOGICAL,금융투자업자가 영위할 수 있는 금융업무,제40조,0.85,다른 금융업무|금융투자업자,2026-04-25
금융투자업자,예외로함,LOGICAL,겸영금융투자업자 및 대통령으로 정하는 금융투자업자,제40조,0.8,겸영금융투자업자|대통령,2026-04-25
보험대리점,요구함,ACTION,보험대리점의 업무 또는 보험중개사의 업무,제91조,0.95,보험대리점 업무|보험중개사 업무,2026-04-25
보험대리점,요구함,ACTION,대통령령으로 정하는 금융업무,제91조,0.9,대통령령으로 정하는 금융업무,2026-04-25
보험대리점,요구함,ACTION,금융투자업자가 영위할 수 있도록 한 업무,제91조,0.85,금융투자업자가 영위할 수 있도록 한 업무,2026-04-25
보험대리점,요구함,ACTION,국가 또는 공공단체 업무의 대리,제91조,0.9,국가 또는 공공단체 업무의 대리,2026-04-25
보험대리점,요구함,ACTION,투자자를 위하여 그 투자자가 예탁한 투자자예탁금,제91조,0.85,투자자 예탁금,2026-04-25
금융투자업자,요구함,ACTION,금융위원회에 부수업무 영위 보고,41,0.95,부수업무 영위|보고,2026-04-25
금융위원회,허용함,ACTION,부수업무 영위 제한 또는 시정 명령,41,0.9,부수업무 영위|제한명령|시정명령,2026-04-25
금융위원회,요구함,ACTION,제한명령 또는 시정명령을 30일 이내에 문서로 제시,41,0.9,제한명령|시정명령|문서,2026-04-25
금융위원회,공고함,ACTION,부수업무 및 제한명령을 인터넷 홈페이지 등에 공고,41,0.9,공고|인터넷 홈페이지,2026-04-25
부수업무 영위,정의함,LOGICAL,금융투자업에 부수하는 업무를 영위하는 것,41,0.8,부수업무 영위,2026-04-25
금융투자업자,허용함,ACTION,업무위탁,42,0.8,업무위탁|금융투자업자,2026-04-25
업무,정의함,LOGICAL,제40조제1항,40-1,0.85,업무 정의,2026-04-25
계약서류,정의함,LOGICAL,제23조제1항,23.1,0.8,계약서류|제23조제1항,2026-04-25
집합투자업자,요구함,ACTION,투자설명서,제123조제1항,0.95,제123조제1항에 따른|집합투자업자의 경우,2026-04-25
제64조,상위조항,STRUCTURE,제63조,64,0.0,,2026-04-25
제86조,정의함,LOGICAL,Unknown,제86조,0.1,제86조,2026-04-25
계약자,요구함,ACTION,투자자에게 통보,93,0.95,통보|의무,2026-04-25
위탁받은 자,끼친,ACTION,투자자,756,0.95,손해|위탁받은 자|투자자,2026-04-25
제756조,준용한다,STRUCTURE,위탁받은 자가 투자자에게 손해를 끼친 경우,756,0.9,손해|위탁받은 자|투자자,2026-04-25
제54조,정의함,LOGICAL,제54조,54,0.3,제54조,2026-04-25
제55조,참조함,STRUCTURE,금융실명거래 및 비밀보장에 관한 법률,55,0.9,제55조|금융실명거래 및 비밀보장에 관한 법률,2026-04-25
위탁받은 자,준용함,STRUCTURE,제1항의 업무,4,0.95,업무의 위탁|업무의 재위탁,2026-04-25
위탁받은 자,영위함,ACTION,업무,4,0.9,업무의 위탁|업무의 재위탁,2026-04-25
대통령령,정한다,ACTION,업무의 위탁ㆍ재위탁의 기준ㆍ방법 및 절차에 관하여 투자자 보호 또는 건전한 거래질서를 위하여 필요한 사항,4,0.9,투자자 보호|건전한 거래질서,2026-04-25
검사 및 처분,정의함,LOGICAL,검사 및 처분,43,0.6,검사 및 처분,2026-04-25
업무를 위탁받은 자,요구함,ACTION,금융감독원,제42조제1항,0.95,검사|업무를 위탁받은 자,2026-04-25
금융위원회,준용한다,STRUCTURE,제5항부터 제7항까지 및 제9항,419,0.95,준용|적용,2026-04-25
위탁받은 자,명 할 수 있다,ACTION,위탁계약의 취소 또는 변경,제42조제1항,0.95,위탁계약|위탁받은 자,2026-04-25
제42조제10항,준용함,STRUCTURE,제42조제10항,42조제10항,0.95,제42조제10항,2026-04-25
금융실명거래 및 비밀보장,정의함,LOGICAL,금융실명거래 및 비밀보장에 관한 법률,55,0.8,금융실명거래 및 비밀보장|법률,2026-04-25
검사 거부,거부,ACTION,검사,제4조제1항,0.95,검사 거부|검사,2026-04-25
검사 거부,방해,ACTION,검사,제4조제1항,0.9,검사 거부|검사,2026-04-25
검사 거부,준용함,STRUCTURE,제1항 후단,제4조제1항,0.8,검사 거부|제1항 후단,2026-04-25
금융위원회,기록하고 유지·관리하 여야 한다,ACTION,그 내용,제419조제5항,0.95,기록|유지·관리|제2항에 따른 조치,2026-04-25
금융위원회,준용함,STRUCTURE,제419조제2항,제419조제5항,0.85,제2항에 따라,2026-04-25
업무를 위탁받은 자(업무를 위탁받았던 자를 포함한다),조회할 수 있다,ACTION,조치 여부 및 그 내용,42조제1항,0.95,조회권|제2항에 따른 조치,2026-04-25
금융위원회,통보하여야 한다,ACTION,조치 여부 및 그 내용,42조제1항,0.95,통보 의무|정당한 사유가 없는 한,2026-04-25
제425조,준용한다,ACTION,위탁계약의 취소 또는 변경명령,425,0.95,위탁계약의 취소 또는 변경명령|제2항에 따른,2026-04-25
금융투자업자,방지함,ACTION,이해상충,제44조,0.95,이해상충,2026-04-25
금융투자업자,요구함,ACTION,이해상충 발생 가능성 파악ㆍ평가,제44조,0.92,이해상충 발생 가능성,2026-04-25
금융투자업자,근거함,STRUCTURE,금융회사의 지배구조에 관한 법률,제44조,0.9,금융회사의 지배구조에 관한 법률,2026-04-25
금융투자업자,금지함,ACTION,정보교류,제45조,0.85,정보교류의 차단|금융투자업자,2026-04-25
업무,정의함,LOGICAL,각 호의 업무,제40조제1항,0.9,업무 정의|각 호의 업무,2026-04-25
부수업무,상위조항,STRUCTURE,제41조,제41조,0.8,부수업무|제41조,2026-04-25
부수업무,정의함,LOGICAL,제41조제 1항,제41조,0.9,부수업무 정의|제41조제1항,2026-04-25
종합금융투자사업자,요구함,ACTION,내부통제기준이 정하는 방법 및 절차,제77조의3,0.95,종합금융투자사업자|내부통제기준|방법 및 절차|영위,2026-04-25
내부통제기준,정의함,LOGICAL,방법 및 절차,제77조의3,0.95,내부통제기준|방법 및 절차,2026-04-25
종합금융투자사업자,영위함,ACTION,금융투자업등,제77조의3,0.9,종합금융투자사업자|금융투자업등|영위,2026-04-25
금융투자업등,정의함,LOGICAL,종합금융투자사업자에 허용된 업무,제77조의3,0.95,금융투자업등|종합금융투자사업자에 허용된 업무,2026-04-25
금융투자업자,차단하여야 한다,ACTION,미공개중요정보 등 대통령령으로 정하는 정보의 교류,174조제1항,0.95,정보 교류 차단|미공개중요정보,2026-04-25
금융투자업자,제공함,ACTION,제삼자에게 정보,174조제1항,0.95,정보 제공|내부통제기준|방법 및 절차,2026-04-25
내부통제기준,포함하여야 한다,ACTION,정보교류 차단을 위해 필요한 기준 및 절차,제174조제1항,0.8,내부통제기준|정보교류 차단 기준,2026-04-25
내부통제기준,포함하여야 한다,ACTION,정보교류 차단의 대상이 되는 정보의 예외적 교류를 위한 요건 및 절차,제174조제1항,0.8,내부통제기준|예외적 교류 요건,2026-04-25
내부통제기준,포함하여야 한다,ACTION,대통령령으로 정하는 사항,제174조제1항,0.8,내부통제기준|대통령령 정하는 사항,2026-04-25
금융투자업자,준수하여야 한다,ACTION,정보교류 차단을 위한 내부통제기준의 적정성에 대한 정기적 점검,제174조제1항,0.9,금융투자업자|정기적 점검,2026-04-25
금융투자업자,준수하여야 한다,ACTION,정보교류 차단과 관련되는 법령 및 내부통제기준에 대한 임직원 교육,제174조제1항,0.9,금융투자업자|임직원 교육,2026-04-25
금융투자업자,준수하여야 한다,ACTION,대통령령으로 정하는 사항,제174조제1항,0.9,금융투자업자|대통령령 정하는 사항,2026-04-25
제46조,삭제됨,STRUCTURE,삭제된 조항,46,0.95,삭제|제46조,2026-04-25
삭제,삭제함,ACTION,제46조의2,46조의2,0.9,삭제|제46조의2,2026-04-25
제47조,삭제됨,STRUCTURE,2020. 3. 24.,제47조,1.0,삭제,2026-04-25
금융투자업자,정의함,LOGICAL,손해배상책임,제48조,0.9,손해배상책임|금융소비자 보호에 관한 법률,2026-04-25
금융투자업자,준용함,STRUCTURE,금융소비자 보호에 관한 법률,제48조,0.8,금융소비자 보호에 관한 법률,2026-04-25
위반자,요구함,ACTION,손해배상,19,0.95,위반자|손해배상,2026-04-25
손해배상,정의함,LOGICAL,일반투자자 손해,19,0.95,손해배상|일반투자자 손해,2026-04-25
손해액,정의함,LOGICAL,총액 - 회수액,19,0.95,손해액|총액|회수액,2026-04-25
위반자,준용함,STRUCTURE,제19조제1항 또는 제3항,19,0.95,위반자|제19조제1항|제19조제3항,2026-04-25
제49조,예외로함,LOGICAL,본 법령,49,0.95,삭제|제49조,2026-04-25
금융투자업자,요구함,ACTION,투자권유준칙,50,0.95,정한다|공시|변경,2026-04-25
협회,허용함,ACTION,표준투자권유준칙,50,0.9,제정,2026-04-25
투자권유준칙,정의함,LOGICAL,구체적인 기준 및 절차,50,0.9,정의,2026-04-25
단서,정의함,LOGICAL,투자권유준칙,제50조제1항,0.9,단서,2026-04-25
금융투자업자,허용함,ACTION,투자권유(파생상품등에 대한 투자권유를 제외한다),51,0.95,투자권유|위탁|파생상품 제외,2026-04-25
제42조 적용 제외,예외로함,LOGICAL,제42조,제42조,0.95,제42조 적용 제외|예외,2026-04-25
자,제3항에 따라 금융위원회에 등록된 자가 아니다,LOGICAL,금융위원회에 등록된 자,제42조,0.9,제3항|등록 여부,2026-04-25
자,금융투자상품에 관한 전문 지식이 있는 자로서 대통령령으로 정하는 자격을 갖추다,LOGICAL,전문 지식 및 자격,제42조,0.9,전문 지식|대통령령 자격,2026-04-25
금융투자업자,금지함,ACTION,투자권유대행인 외의 자에게 투자권유 대행,제52조,0.95,금융투자업자|투자권유대행인|투자권유,2026-04-25
금융투자업자,요구함,ACTION,투자권유대행인이 투자권유를 대행함에 있어 법령을 준수하고 건전한 거래질서를 해하지 않도록 성실히 관리,제52조,0.9,금융투자업자|투자권유대행인|투자권유|법령|건전한 거래질서,2026-04-25
금융투자업자,요구함,ACTION,투자권유대행기준을 정,제52조,0.9,금융투자업자|투자권유대행기준,2026-04-25
제48조,상위조항,STRUCTURE,제1조,48,0.6,제48조|제1조,2026-04-25
제54조,구조,STRUCTURE,제54조,54,0.5,제54조,2026-04-25
금융실명거래 및 비밀보장에 관한 법률,정의함,LOGICAL,비밀보장에 관한 사항,55,0.6,비밀보장|실명거래,2026-04-25
투자권유 대행인,준용한다,STRUCTURE,투자권유,제4조,0.95,투자권유 대행인|투자권유,2026-04-25
투자권유대행인,요구함,ACTION,금융감독원장의 검사,제53조,0.95,검사|검사받다,2026-04-25
금융위원회,취소하거나 정지할 수 있다,ACTION,투자권유대행인 등록,제419조,0.95,등록 취소|정지,2026-04-25
금융위원회,준용함,STRUCTURE,자본시장과 금융투자업에 관한 법률,제419조,0.9,자본시장과 금융투자업에 관한 법률|준용,2026-04-25
투자권유대행인,해당 조건에 해당하면,LOGICAL,금융위원회가 등록 취소 또는 정지,제419조,0.85,조건|등록 취소|정지,2026-04-25
등록요건 유지의무,위반함,ACTION,제51조제9항에 따른 등록요건 유지의무 위반 시 2.,제51조제9항,0.9,등록요건 유지의무|위반,2026-04-25
등록요건 유지의무,위반한 경우,SANCTION,2.,제51조제9항,0.8,등록요건 유지의무|위반,2026-04-25
제52조제6항,상위조항,STRUCTURE,제52조,제52조제6항,0.9,제52조제6항|제52조,2026-04-25
금융실명거래 및 비밀보장에 관한 법률,시행한다,ACTION,공포한 날부터,55,0.9,시행|공포,2026-04-25
검사 거부,금지함,ACTION,검사,제4조제1항,0.9,검사 거부|검사,2026-04-25
검사 거부,제재함,SANCTION,제1항 전단에 따른 검사,제4조제1항,0.85,검사 거부|제1항 전단에 따른 검사,2026-04-25
보고 등의 요구에 불응한 경우,위반시 적용,LOGICAL,금융소비자 보호에 관한 법률,제419조제5항,0.9,보고 등의 요구|불응|금융소비자 보호에 관한 법률,2026-04-25
금융소비자 보호에 관한 법률,참조함,STRUCTURE,제51조제1항제3호부터 제5호까지의 어느 하나에 해당하는 경우,제51조제1항제3호~제5호,0.95,법률|참조,2026-04-25
금융위원회,기록함,ACTION,투자권유대행인 등록 취소 및 정지 내용,제51조제2항,0.95,기록,2026-04-25
금융위원회,유지관리함,ACTION,투자권유대행인 등록 취소 및 정지 내용,제51조제2항,0.95,유지관리,2026-04-25
금융위원회,공고함,ACTION,투자권유대행인 등록 취소 및 정지 사실,제51조제2항,0.95,공고,2026-04-25
금융투자업자 또는 투자권유대행인,조회할 수 있다,ACTION,제2항에 따른 조치 여부 및 그 내용,제51조제2항,0.95,조회,2026-04-25
금융위원회,통보해야 한다,ACTION,조치 여부 및 그 내용,제51조제2항,0.95,통보,2026-04-25
제423조,준용함,ACTION,투자권유대행인 등록 취소,423,0.95,제2항에 따른|제2호를 제외한다,2026-04-25
제423조,예외로함,LOGICAL,제2호,423,0.9,제2호를 제외한다,2026-04-25
제425조,준용함,STRUCTURE,제2조,425,0.95,제2항에 따른|투자권유대행인 등록 취소 및 정지,2026-04-25
제425조,정의함,LOGICAL,투자권유대행인 등록 취소 및 정지,425,0.9,투자권유대행인 등록 취소 및 정지,2026-04-25
금융투자업자,금지함,ACTION,직무상 알게 된 정보의 이용,제54조,0.95,직무관련 정보|이용 금지,2026-04-25
금융투자업자 및 그 임직원,금지함,ACTION,직무상 알게 된 정보의 이용,제54조,0.9,직무관련 정보|이용 금지,2026-04-25
본인,금지함,ACTION,정보교류 차단의 대상이 되는 정보 이용,제45조제1항,0.95,정보교류 차단 대상 정보|정당한 사유 없이,2026-04-25
본인,금지함,ACTION,제삼자에게 정보 이용 허용,제45조제2항,0.95,정보교류 차단 대상 정보|정당한 사유 없이,2026-04-25
금융투자업자,금지함,ACTION,손실보전,55,0.95,손실보전|금융투자상품의 매매,2026-04-25
금융투자업자,금지함,ACTION,금융투자상품의 매매,55,0.9,금융투자상품의 매매|손실보전,2026-04-25
금융투자업자,금지함,ACTION,보전·보장 행위,103조제3항,0.95,보전·보장 행위 금지,2026-04-25
보전·보장 행위,예외로함,LOGICAL,건전한 거래질서를 해할 우려가 없는 경우 및 정당한 사유가 있는 경우,103조제3항,0.9,예외 조건,2026-04-25
금융투자업자,금지함,ACTION,투자자 손실 보전(전부/일부) 사전 약속 행위,103조제3항,0.9,보전·보장 행위 1,2026-04-25
금융투자업자,금지함,ACTION,투자자 손실 보전(전부/일부) 사후 행위,103조제3항,0.9,보전·보장 행위 2,2026-04-25
금융투자업자,금지함,ACTION,투자자 이익 보장 사전 약속 행위,103조제3항,0.9,보전·보장 행위 3,2026-04-25
금융투자업자,금지함,ACTION,투자자 이익 보장 사후 제공 행위,103조제3항,0.9,보전·보장 행위 4,2026-04-25
금융투자업자 임직원,금지함,ACTION,보전·보장 행위,103조제3항,0.9,임직원도 동일,2026-04-25
금융투자업자,요구함,ACTION,금융위원회 및 협회에 보고,56,0.95,제정|변경|보고|7일 이내,2026-04-25
금융투자업자,요구함,ACTION,금융위원회에 신고,56,0.95,중대한 영향|대통령령|신고,2026-04-25
금융투자업자,요구함,ACTION,공시,56,0.95,공시|인터넷 홈페이지,2026-04-25
협회,권한을가짐,ACTION,표준약관 제정,56,0.95,표준약관|제정,2026-04-25
협회,요구함,ACTION,금융위원회에 신고,56,0.95,표준약관|신고,2026-04-25
협회,예외로함,LOGICAL,7일 이내 보고,56,0.9,전문투자자|표준약관|7일 이내 보고,2026-04-25
금융위원회,권한을가짐,ACTION,신고 수리,56,0.95,검토|신고 수리,2026-04-25
금융위원회,요구함,ACTION,공정거래위원회에 통보,56,0.95,통보|공정거래위원회,2026-04-25
공정거래위원회,판단함,ACTION,규제 여부 판단,56,0.95,규제 여부|약관의 규제에 관한 법률,2026-04-25
제6조,참조함,STRUCTURE,제2조,Unknown,0.3,제2조의 규정에 따라,2026-04-25
금융위원회,요청함,ACTION,시정에 필요한 조치,제14조,0.95,요청|시정|조치,2026-04-25
금융위원회,응하여야 한다,ACTION,시정에 필요한 조치,제14조,0.95,응하여야 한다|시정|조치,2026-04-25
금융위원회,명할 수 있다,ACTION,금융투자업자 또는 협회,제14조,0.95,명할 수 있다|금융투자업자|협회,2026-04-25
금융위원회,명할 수 있다,ACTION,약관 또는 표준약관을 변경할 것,제14조,0.95,명할 수 있다|약관|표준약관|변경,2026-04-25
제57조,삭제함,ACTION,없음,57,0.95,삭제|제57조,2026-04-25
금융투자업자,정하고,ACTION,수수료 부과기준 및 절차에 관한 사항,제58조,0.95,수수료 부과기준 및 절차에 관한 사항,2026-04-25
금융투자업자,공시하여야 한다,ACTION,수수료 부과기준 및 절차에 관한 사항,제58조,0.95,공시|수수료 부과기준 및 절차에 관한 사항,2026-04-25
금융투자업자,차별하여서는 아니 된다,ACTION,투자자,제58조,0.95,차별|정당한 사유 없이,2026-04-25
금융투자업자,통보하여야 한다,ACTION,협회,제58조,0.95,통보|수수료 부과기준 및 절차에 관한 사항,2026-04-25
협회,비교하여 공시하여야 한다,ACTION,수수료 부과기준 및 절차에 관한 사항,제58조,0.95,비교|공시|수수료 부과기준 및 절차에 관한 사항,2026-04-25
협회,제3항에 따라,STRUCTURE,제3항,제58조,0.95,제3항에 따라|제3항,2026-04-25
금융투자업자,제1항에 따른,STRUCTURE,수수료 부과기준 및 절차에 관한 사항,제58조,0.95,제1항에 따른|수수료 부과기준 및 절차에 관한 사항,2026-04-25
제59조,정의함,LOGICAL,삭제,59,0.95,삭제,2026-04-25
금융투자업자,요구함,ACTION,자료 기록ㆍ유지,제60조,0.95,자료 기록ㆍ유지,2026-04-25
금융투자업자,요구함,ACTION,대책 수립ㆍ시행,제60조,0.9,대책 수립ㆍ시행,2026-04-25
금융투자업자,준용함,STRUCTURE,대통령령으로 정하는 자료의 종류,제60조,0.85,대통령령|자료의 종류,2026-04-25
금융투자업자,준용함,STRUCTURE,대통령령으로 정하는 기간,제60조,0.85,대통령령|기간,2026-04-25
금융투자업자,예탁,ACTION,증권,제61조,0.95,소유증권의 예탁|예탁결제원,2026-04-25
금융투자업자,요구함,ACTION,예탁결제원에 예탁,제61조,0.9,예탁결제원에 지체 없이 예탁,2026-04-25
금융투자업자,예외로함,LOGICAL,예탁결제원에 예탁하지 않음,제61조,0.85,대통령령으로 정하는 경우 예탁하지 않음,2026-04-25
금융투자업자,예외로함,LOGICAL,겸영금융투자업자,제61조,0.9,겸영금융투자업자 제외,2026-04-25
외화증권,정의함,LOGICAL,외화증권,제3조제1항제8호,0.95,외화증권 정의,2026-04-25
외화증권,요구함,ACTION,대통령령으로 정하는 방법에 따라 예탁,제3조제1항제8호,0.85,예탁|대통령령 방법,2026-04-25
금융투자업자,요구함,ACTION,전국 보급지역 일간신문에 공고,62,0.95,폐지 30일 전|전국 보급지역 일간신문,2026-04-25
금융투자업자,요구함,ACTION,알고 있는 채권자에게 통지,62,0.95,알고 있는 채권자,2026-04-25
금융투자업자,요구함,ACTION,금융투자상품의 매매 및 거래 종결,62,0.9,금융투자상품,2026-04-25
금융투자업자,정의함,LOGICAL,종결시키는 범위에서 금융투자업자,62,0.85,종결시키는 범위,2026-04-25
금융투자업,수신함,ACTION,금융투자업 폐지의 승인,제417조제1항제6호,0.95,금융투자업 폐지의 승인|제417조제1항제6호,2026-04-25
제417조제1항제6호,상위조항,STRUCTURE,제417조,제417조제1항제6호,0.9,제417조,2026-04-25
금융투자업자,받다,ACTION,승인,제417조제1항제7호,0.95,금융투자업 폐지|승인,2026-04-25
제417조제1항제7호,참조함,STRUCTURE,제417조,제417조제1항제7호,0.9,제417조,2026-04-25
공시의무,정의함,LOGICAL,제420조제1항,420,0.8,공시의무 정의,2026-04-25
금융투자업인가 또는 금융투자업등록 취소,정의함,LOGICAL,금융투자업인가 또는 금융투자업등록이 취소된 경우,제421조제1항,0.95,정의|취소,2026-04-25
제421조제1항,준용함,STRUCTURE,제4조,제421조제1항,0.9,준용|제4조,2026-04-25
임직원,요구함,ACTION,자기 명의로 매매할 것,63조,0.98,임직원|금융투자상품|매매|자기 명의,2026-04-25
임직원,요구함,ACTION,투자중개업자 중 하나의 회사를 선택하여 하나의 계좌를 통하여 매매할 것,63조,0.97,임직원|금융투자상품|매매|투자중개업자|계좌,2026-04-25
임직원,요구함,ACTION,둘 이상의 회사 또는 둘 이상의 계좌를 통하여 매매할 수 있다,63조,0.95,임직원|금융투자상품|매매|계좌|대통령령,2026-04-25
금융투자업자,정하다,ACTION,기준 및 절차,제286조제1항제3호나목,0.95,불공정행위 방지|투자자와의 이해상충 방지,2026-04-25
금융투자업자,준수할 것,ACTION,대통령령으로 정하는 방법 및 절차,제286조제1항제3호나목,0.9,불공정행위 방지|투자자와의 이해상충 방지,2026-04-25
금융투자업자,통지할 것,ACTION,소속 금융투자업자,제286조제1항제3호나목,0.85,불공정행위 방지,2026-04-25
금융투자업자,확인하여야 한다,ACTION,임직원의 금융투자상품 매매명세,제286조제1항제3호나목,0.9,불공정행위 방지,2026-04-25
금융투자업자,요구함,ACTION,고객응대직원에 대한 보호 조치,제63조의2,0.97,고객응대직원에 대한 보호 조치|금융투자업자,2026-04-25
고충처리위원,선임 또는 위촉,ACTION,고객응대직원,제26조,0.95,고충처리위원|고객응대직원|선임|위촉,2026-04-25
고객응대직원,요구할 수 있다,ACTION,제1항 각 호의 조치,제26조,0.95,고객응대직원|제1항|조치|요구,2026-04-25
금융투자업자,금지함,ACTION,고객응대직원에게 불이익을 주다,제26조,0.95,금융투자업자|고객응대직원|불이익|금지,2026-04-25
대통령령,정하는 조치,STRUCTURE,고객응대직원 보호를 위한 법적 조치,제26조,0.85,대통령령|법적 조치|고객응대직원 보호,2026-04-25
금융투자업자,지다,ACTION,손해배상책임,제64조,0.95,손해배상책임|금융투자업자,2026-04-25
금융 투자업자,요구함,ACTION,손해,제123조제 1항,0.95,배상 책임|손해 발생,2026-04-25
배상 책임,정의함,LOGICAL,금융 투자업자,제123조제 1항,0.9,배상 책임|금융 투자업자,2026-04-25
제37조제2항,상위조항,STRUCTURE,제37조,제37조제2항,0.8,제37조,2026-04-25
금융투자상품,정의함,LOGICAL,제44조,44,0.4,금융투자상품 정의,2026-04-25
적용배제,정의함,LOGICAL,제45조,45,0.95,적용배제 정의,2026-04-25
금융투자업자,면제함,SANCTION,배상 책임,Unknown,0.92,상당한 주의|이해상충|배상 책임,2026-04-25
금융투자업자와 관련되는 임원,연대하여 배상할 책임이 있다,ACTION,손해,Unknown,0.88,귀책 사유|연대 책임,2026-04-25
외국 금융투자업자,적용함,ACTION,법,65,0.95,외국 금융투자업자|법,2026-04-25
영업기금,자본금으로 보고,LOGICAL,자본금,65,0.85,영업기금|자본금,2026-04-25
자본금ㆍ적립금 및 이월이익잉여금의 합계액,자기자본으로 보며,LOGICAL,자기자본,65,0.85,자본금ㆍ적립금 및 이월이익잉여금의 합계액|자기자본,2026-04-25
국내대표자,임원으로 본다,LOGICAL,임원,65,0.85,국내대표자|임원,2026-04-25
국내지점등,두어야 한다,ACTION,자산,65,0.9,국내지점등|자산,2026-04-25
국내지점등,충당하여야 한다,ACTION,채무의 변제에 우선 충당,65,0.8,국내지점등|채무의 변제에 우선 충당,2026-04-25
금융위원회,지정하여야 하며,ACTION,직무대행자,65,0.9,금융위원회|직무대행자,2026-04-25
국내지점등,등기하여야 한다,ACTION,소재지,65,0.9,국내지점등|소재지,2026-04-25
대통령령,정한다,ACTION,필요한 사항,제248조,0.95,제5항에 따른 환매대금의 지급방법|제6항에 따른 별도의 집합투자기구의 설정 또는 설립,2026-04-26
투자매매업자,밝히다,ACTION,투자자,66,0.95,투자매매업자|투자자|금융투자상품|매매청약|주문,2026-04-25
투자중개업자,밝히다,ACTION,투자자,66,0.95,투자중개업자|투자자|금융투자상품|매매청약|주문,2026-04-25
자기계약 금지,정의함,LOGICAL,투자매매업자 또는 투자중개업자가 금융투자상품에 관한 같은 매매에 있어 자신이 본인이 됨과 동시에 상대방의 투자중개업자가 되는 행위,67,0.9,자기계약 금지|정의,2026-04-25
투자매매업자 또는 투자중개업자,금지함,ACTION,자기계약,67,0.95,자기계약 금지|금지,2026-04-25
자기계약 금지,예외로함,LOGICAL,증권시장 또는 파생상품시장을 통하여 매매가 이루어 지도록 한 경우,67,0.85,예외|증권시장|파생상품시장,2026-04-25
자기계약 금지,예외로함,LOGICAL,대통령령으로 정하는 경우,67,0.85,예외|대통령령,2026-04-25
최선집행의무,정의함,LOGICAL,최선집행기준,68,0.9,최선집행의무|최선집행기준,2026-04-25
투자매매업자 또는 투자중개업자,요구함,ACTION,최선집행기준을 공표,68,0.95,최선집행의무|공표,2026-04-25
투자매매업자 또는 투자중개업자,요구함,ACTION,최선집행기준에 따라 청약 또는 주문을 집행,68,0.95,최선집행의무|집행,2026-04-25
투자매매업자 또는 투자중개업자,요구함,ACTION,최선집행기준의 내용 점검,68,0.95,최선집행의무|점검,2026-04-25
투자매매업자 또는 투자중개업자,요구함,ACTION,최선집행기준을 기재 또는 표시한 설명서를 투자자에게 교부,68,0.95,최선집행의무|교부,2026-04-25
투자매매업자 또는 투자중개업자,요구함,ACTION,최선집행기준을 변경하고 공표,68,0.95,최선집행의무|변경,2026-04-25
투자매매업자,허용함,ACTION,자기주식 취득(증권시장 밖),제69조,0.95,자기주식의 예외적 취득|매도 청약을 받은 경우,2026-04-25
취득한 자기주식,요구함,ACTION,대통령령으로 정하는 기간 이내에 처분,제69조,0.95,대통령령|기간 이내에 처분,2026-04-25
투자매매업자 또는 투자중개업자,금지함,ACTION,임의매매,70조,0.95,임의매매|예탁받은 재산,2026-04-25
임의매매,정의함,LOGICAL,투자자나 그 대리인으로부터 청약 또는 주문을 받지 아니하고 예탁받은 재산으로 금융 투자상품을 매매하는 행위,70조,0.9,임의매매|예탁받은 재산|청약|주문,2026-04-25
투자매매업자 또는 투자중개업자,금지함,ACTION,1. 투자자로부터 금융투자상품의 가격에 중대한 영향을 미칠 수 있는 매수 또는 매도의 청약 이나 주문을 받거나 받게 될 가능성이 큰 경우 이를 체결시키기 전에 그 금융투자상품을 자기의 계산으로 매수 또는 매도하거나 제삼자에게 매수 또는 매도를 권유하는 행위,제71조,0.95,불건전 영업행위|금지|투자매매업자|투자중개업자,2026-04-25
투자매매업자 또는 투자중개업자,금지함,ACTION,2. 특정 금융투자상품의 가치에 대한 주장이나 예측을 담고 있는 자료를 투자자에게 공표함에 있어서 그 조사분석자료의 내용이 사실상 확정된 때부터 공표 후 24시간이 경과하기 전까지 그 조사분석자료의 대상이 된 금융투자상품을 자기의 계산으로 매매하는 행위,제71조,0.95,불건전 영업행위|금지|투자매매업자|투자중개업자,2026-04-25
투자매매업자 또는 투자중개업자,금지함,ACTION,3. 조사분석자료 작성을 담당하는 자에 대하여 대통령령으로 정하는 기업금융업무와 연동된 성과보수를 지급하는 행위,제71조,0.95,불건전 영업행위|금지|투자매매업자|투자중개업자,2026-04-25
투자매매업자 또는 투자중개업자,금지함,ACTION,4. 다음 각 목의 어느 하나에 해당하는 증권의 모집 또는 매출과 관련한 계약을 체결한 날부 터 그 증권이 증권시장에 최초로 상장된 후 대통령령으로 정하는 기간 이내에 그 증권에 대한 조사분석자료를 공표하거나 특정인에게 제공하는 행위 가. 주권 나. 대통령령으로 정하는 주권 관련 사채권 다. 가목 또는 나목과 관련된 증권예탁증권,제71조,0.95,불건전 영업행위|금지|투자매매업자|투자중개업자,2026-04-25
투자매매업자 또는 투자중개업자,금지함,ACTION,5. 투자권유대행인 및 투자권유자문인력이 아닌 자에게 투자권유를 하게 하는 행위,제71조,0.95,불건전 영업행위|금지|투자매매업자|투자중개업자,2026-04-25
투자매매업자 또는 투자중개업자,금지함,ACTION,"6. 투자자로부터 금융투자상품에 대한 투자판단의 전부 또는 일부를 일임받아 투자자별로 구분하여 금융투자상품을 취득ㆍ처분, 그 밖의 방법으로 운용하는 행위. 다만, 투자일임업 으로서 행하는 경우와",제71조,0.95,불건전 영업행위|금지|투자매매업자|투자중개업자,2026-04-25
투자매매업자 또는 투자중개업자,예외로함,LOGICAL,대통령령으로 정하는 경우,제71조,0.9,불건전 영업행위|예외|대통령령,2026-04-25
제7조제4항에 해당하는 경우,할 수 있다,ACTION,행위,제7조제4항,0.95,행위|제7조제4항에 해당하는 경우,2026-04-25
행위,정의함,LOGICAL,대통령령으로 정하는 행위,제7조제4항,0.9,행위|대통령령으로 정하는 행위,2026-04-25
투자매매업자,허용함,ACTION,신용공여(투자자에게),제72조,0.95,신용공여|투자매매업자|투자자,2026-04-25
투자중개업자,허용함,ACTION,신용공여(투자자에게),제72조,0.95,신용공여|투자중개업자|투자자,2026-04-25
투자매매업자,금지함,ACTION,금전의 융자 및 신용공여(투자자에게) 3개월 이내,제72조,0.95,금전의 융자|신용공여|투자매매업자|투자자|3개월 이내,2026-04-25
신용공여,정의함,LOGICAL,금전의 융자 또는 증권의 대여,제72조,0.95,신용공여|금전의 융자|증권의 대여,2026-04-25
대통령령,정한다,ACTION,신용공여의 기준 및 방법,제72조,0.95,대통령령|신용공여|기준 및 방법,2026-04-25
신용공여,공여할 수 있다,ACTION,투자자에게,제72조,0.95,신용공여|투자자,2026-04-25
투자매매업자 또는 투자중개업자,요구함,ACTION,투자자,73,0.95,통지,2026-04-25
투자자예탁금,정의함,LOGICAL,"투자자로부터 금융투자상품의 매매, 그 밖의 거래와 관련하여 예탁받은 금전",제74조,0.9,투자자예탁금|정의,2026-04-25
투자매매업자,예치,ACTION,투자자예탁금,제74조,0.95,투자자예탁금|고유재산과 구분|증권금융회사,2026-04-25
투자중개업자,예치,ACTION,투자자예탁금,제74조,0.95,투자자예탁금|고유재산과 구분|증권금융회사,2026-04-25
투자매매업자,신탁,ACTION,투자자예탁금,제74조,0.95,투자자예탁금|증권금융회사,2026-04-25
겸영금융투자업자,신탁,ACTION,투자자예탁금,제74조,0.9,투자자예탁금|신탁업자|증권금융회사 제외,2026-04-25
자기계약,정의함,LOGICAL,제3조제1항,제3조제1항,0.95,자기계약|정의함,2026-04-25
자기계약,할 수 있다,ACTION,자기계약,제3조제1항,0.9,자기계약|할 수 있다,2026-04-25
금융투자업 전부,승인을요구함,ACTION,양도,제6조제1항제1호 및 제2호,0.95,금융투자업 전부 양도|승인,2026-04-25
금융투자업 전부 폐지,승인,ACTION,제6조제1항제1호 및 제2호,제6조,0.9,금융투자업 전부 폐지|승인,2026-04-25
금융위원회,통지해야함,ACTION,예금보험공사,6,0.95,정지명령|예금보험공사,2026-04-25
예치기관,제공해야함,ACTION,예금보험공사,6,0.95,투자자예탁금|예금보험공사,2026-04-25
예치기관,공고해야함,ACTION,일간신문 및 인터넷 홈페이지,6,0.9,투자자예탁금|공고,2026-04-25
예치기관,연장할수있다,ACTION,기간,6,0.85,불가피한 사유|연장,2026-04-25
정지명령,발효된다,LOGICAL,금융투자업 전부,6,0.9,정지명령|금융투자업 전부,2026-04-25
예치금융투자업자,보류,ACTION,투자자예탁금 지급,제21조의 2제1항,0.95,보류|지급|투자자예탁금|부실관련자|특수관계|6개월,2026-04-25
신용정보의 이용 및 보호에 관한 법률,참조함,STRUCTURE,제4조제1항,제4조제1항,0.95,신용정보의 이용 및 보호에 관한 법률|제4조제1항,2026-04-25
제32조,정의함,LOGICAL,Unknown,32,0.1,Unknown,2026-04-25
금융실명거래 및 비밀보장에 관한 법률,예외로함,LOGICAL,제33조,33,0.9,제33조|금융실명거래 및 비밀보장에 관한 법률,2026-04-25
금융거래의 내용에 대한 정보 또는 자료,제4조에 따른,STRUCTURE,제4조,제4조,0.95,제4조에 따른,2026-04-25
금융거래의 내용에 대한 정보 또는 자료,및,STRUCTURE,신용정보의 이용 및 보호에 관한 법률,제4조,0.95,및,2026-04-25
투자매매업자 또는 투자중개업자,예탁결제원에 예탁,ACTION,증권,75조,0.95,예탁|예탁결제원|증권,2026-04-25
투자매매업자 또는 투자중개업자,예탁결제원에 예탁,ACTION,외화증권,75조,0.9,예탁|예탁결제원|외화증권,2026-04-25
예탁,예외로함,LOGICAL,증권,75조,0.85,예탁|예외,2026-04-25
예탁,준용함,STRUCTURE,대통령령,75조,0.8,예탁|대통령령,2026-04-25
투자매매업자 또는 투자중개업자,예탁결제원에 예탁,ACTION,예탁결제원,75조,0.9,예탁|예탁결제원,2026-04-25
투자매매업자 또는 투자중개업자,판매함,ACTION,집합투자증권,76,0.95,집합투자증권 판매,2026-04-25
집합투자증권 판매,정의함,LOGICAL,특례,76,0.8,집합투자증권 판매,2026-04-25
투자매매업자,판매하여야 한다,ACTION,기준가격,제238조제6항,0.95,기준가격|판매,2026-04-25
투자매매업자,예외로함,LOGICAL,대통령령으로 정하는 기준가격,제238조제6항,0.9,대통령령|기준가격|예외,2026-04-25
제92조,정의함,LOGICAL,제92조제1항,92-1,0.6,제92조|제92조제1항,2026-04-25
집합투자증권 판매 금지,금지함,ACTION,집합투자증권 판매,186,0.95,집합투자증권|판매|금지,2026-04-25
집합투자증권 판매 금지,준용함,STRUCTURE,제186조제2항,186,0.9,준용|제186조제2항,2026-04-25
제92조,참조함,STRUCTURE,제2조,제92조제2항,0.6,제2조|국외행위에 대한 적용,2026-04-25
투자매매업자 또는 투자중개업자,허용함,ACTION,판매 재시작,제186조제2항,0.95,판매 재시작|통지 수령,2026-04-25
제186조제2항,준용함,STRUCTURE,제186조제2항,제186조제2항,0.9,준용|자기참조,2026-04-25
투자매매업자,금지함,ACTION,집합투자증권 판매 및 광고,제182조,0.95,등록전|집합투자증권|판매|광고,2026-04-25
투자매매업자,허용함,ACTION,판매를 위한 광고,제182조,0.9,대통령령|이익해할우려없음,2026-04-25
투자매매업자 또는 투자중개업자,금지함,ACTION,판매수수료 또는 판매보수 연동,제182조,0.95,운용실적 연동|판매수수료|판매보수,2026-04-25
은행,체결,ACTION,계약,77,0.95,투자성 있는 예금계약|대통령령으로 정하는 계약,2026-04-25
금융투자업인가,정의함,LOGICAL,투자매매업에 관한 금융투자업인가를 받은 것,12,0.95,정의|금융투자업인가,2026-04-25
금융투자업인가,참조함,STRUCTURE,제12조,12,0.9,제12조|참조,2026-04-25
제39조,정의함,LOGICAL,내용미제공,39,0.5,제39조|내용미제공,2026-04-25
제45조,정의함,LOGICAL,적용배제,45,0.3,적용배제,2026-04-25
제56조,정의함,LOGICAL,Unknown,56,0.3,Unknown,2026-04-25
제58조,정의함,LOGICAL,없음,58,0.1,내용 없음,2026-04-25
제61조,참조함,STRUCTURE,제2조,61,0.4,제2조의 규정에 따라,2026-04-25
보험회사,금지함,ACTION,제65조까지 및 제2편제2장ㆍ제3장ㆍ제4장제2절제1관,제65조,0.95,적용|금지,2026-04-25
보험회사,금지함,ACTION,제3편제1장 (투자성 있는 외화예금계약 체결 시),제65조,0.9,투자성 있는 외화예금계약|적용,2026-04-25
투자성 있는 보험 계약,정의함,LOGICAL,자,제2조제8호부터 제10호까지,0.9,투자성 있는 보험 계약|자,2026-04-25
자,체결,ACTION,투자성 있는 보험 계약,제2조제8호부터 제10호까지,0.95,투자성 있는 보험 계약|체결,2026-04-25
자,중개,ACTION,투자성 있는 보험 계약,제2조제8호부터 제10호까지,0.95,투자성 있는 보험 계약|중개,2026-04-25
자,대리,ACTION,투자성 있는 보험 계약,제2조제8호부터 제10호까지,0.95,투자성 있는 보험 계약|대리,2026-04-25
금융투자업인가,정의함,LOGICAL,투자매매업 또는 투자중개업에 관한 금융투자업인가를 받은 것으로 본다,12,0.95,금융투자업인가|투자매매업|투자중개업,2026-04-25
제15조,정의함,LOGICAL,내용 없음,제15조,0.5,제15조 정의,2026-04-25
제39조,정의함,LOGICAL,제39조,39,0.0,제39조,2026-04-25
제45조,정의함,LOGICAL,제45조,제45조,0.1,제45조,2026-04-25
제53조,정의함,LOGICAL,금융투자상품,53,0.2,제53조|금융투자상품,2026-04-25
공시의 시기,정한다,LOGICAL,공시의 내용에 따라,56,0.95,공시의 시기|공시의 내용,2026-04-25
제58조,상위조항,STRUCTURE,제2조,58,0.4,제2조의 규정에 따라,2026-04-25
제61조,정의함,LOGICAL,공시의무,61,0.4,공시의무,2026-04-25
적용제외,금지함,ACTION,"제2편제2장, 제3장, 제4장제2절제1관, 제3편제1장",제65조,0.95,적용제외|제2편제2장|제3장|제4장제2절제1관|제3편제1장,2026-04-25
금융위원회,지정할 수 있다,ACTION,종합금융투자사업자,제77조의2,0.95,종합금융투자사업자 지정|지정,2026-04-25
투자매매업자 또는 투자중개업자,신청하여야 한다,ACTION,금융위원회,제77조의2,0.9,신청|의무,2026-04-25
금융위원회,요청할 수 있다,ACTION,자료의 제출,제77조의2,0.9,자료 제출 요청,2026-04-25
금융위원회,취소할 수 있다,ACTION,종합금융투자사업자 지정,제77조의2,0.9,지정 취소,2026-04-25
대통령령,정한다,ACTION,세부적인 사항,제77조의2,0.9,정한다|세부사항,2026-04-25
금융위원회,정하여 고시한다,ACTION,자기자본의 구체적인 세부기준,제77조의2,0.9,정하여 고시한다,2026-04-25
종합금융투자사업자 지정,정의함,LOGICAL,상법에 따른 주식회사,제77조의2,0.85,정의,2026-04-25
종합금융투자사업자 지정,정의함,LOGICAL,증권에 관한 인수업을 영위할 것,제77조의2,0.85,정의,2026-04-25
종합금융투자사업자 지정,정의함,LOGICAL,3조원 이상 자기자본,제77조의2,0.85,정의,2026-04-25
종합금융투자사업자 지정,정의함,LOGICAL,대통령령으로 정하는 기준,제77조의2,0.85,정의,2026-04-25
종합금융투자사업자 지정,예외로함,LOGICAL,"거짓, 부정한 방법으로 지정받은 경우",제77조의2,0.85,예외,2026-04-25
종합금융투자사업자 지정,예외로함,LOGICAL,제1항 각 호의 기준을 충족하지 못하는 경우,제77조의2,0.85,예외,2026-04-25
종합금융투자사업자,영위할 수 없다,ACTION,전담중개업무,제77조의3,0.95,전담중개업무,2026-04-25
종합금융투자사업자,계약을 체결하여야 한다,ACTION,일반 사모집합투자기구등 및 대통령령으로 정하는 자,제77조의3,0.9,전담중개업무,2026-04-25
종합금융투자사업자,영위할 수 있다,ACTION,기업에 대한 신용공여 업무,제77조의3,0.9,신용공여 업무,2026-04-25
종합금융투자사업자,영위할 수 있다,ACTION,대통령령으로 정하는 업무,제77조의3,0.85,대통령령,2026-04-25
종합금융투자사업자,요구함,ACTION,위험수준,제72조,0.95,신용공여|위험수준,2026-04-25
종합금융투자사업자,허용함,ACTION,신용공여,제72조,0.9,신용공여,2026-04-25
신용공여의 총 합계액,초과하지 못함,ACTION,자기자본의 200%,제72조제1항,0.95,신용공여|자기자본|200%,2026-04-25
신용공여의 총 합계액,예외로함,LOGICAL,대통령령에 따라 예외,제72조제1항,0.9,신용공여|자기자본|200%|대통령령|예외,2026-04-25
신용공여,정의함,LOGICAL,기업금융업무 관련 신용공여,제71조제3호,0.85,기업금융업무|신용공여,2026-04-25
신용공여,참조함,STRUCTURE,중소기업기본법,제71조제3호,0.9,중소기업기본법,2026-04-25
종합금융투자사업자,금지함,ACTION,초과하는 신용공여,제2조제1항,0.95,신용공여|자기자본|제한,2026-04-25
종합금융투자사업자,조정해야 함,ACTION,한도에 적합하도록 조정,제2조제1항,0.9,한도 초과|조정,2026-04-25
종합금융투자사업자,금지함,ACTION,신용공여 및 전담중개업무를 관련 법인에 제공,제2조제1항,0.9,신용공여|전담중개업무|계열회사,2026-04-25
종합금융투자사업자,허용함,ACTION,신용공여를 50% 이상 소유·출자하거나 사실상 경영을 지배하는 해외 현지법인에 대해,제2조제1항,0.85,신용공여|주식소유|경영지배,2026-04-25
종합금융투자사업자,면제함,ACTION,한국은행법 및 은행법 적용,제2조제1항,0.95,한국은행법|은행법|면제,2026-04-25
대통령령,정한다,ACTION,신용공여의 구체적 범위,제2조제1항,0.9,신용공여|구체적 범위|대통령령,2026-04-25
신용공여,정의함,LOGICAL,제3항제1호에 따라,제2조제1항,0.8,신용공여|제3항제1호,2026-04-25
다자간매매체결회사,준수하여야 한다,ACTION,대통령령으로 정하는 업무기준,제78조,0.95,다자간매매체결회사|업무기준|대통령령,2026-04-25
제402조,참조함,STRUCTURE,제1조,402,0.1,제402조,2026-04-25
자본시장과 금융투자업에 관한 법률,정의함,LOGICAL,거래참가자,404,0.95,거래참가자|정의,2026-04-25
거래참가자,정의함,LOGICAL,매매체결대상상품의 매매정지 및 그 해제에 관한 사항,404,0.9,매매체결대상상품|매매정지,2026-04-25
거래참가자,정의함,LOGICAL,매매확인 등 매매계약의 체결에 관한 사항과 채무인수ㆍ차감 및 결제방법ㆍ결제책임 등 청산ㆍ결제에 관한 사항,404,0.9,매매확인|매매계약|채무인수|결제방법,2026-04-25
거래참가자,정의함,LOGICAL,증거금 등 거래참가자의 매매수탁에 관한 사항,404,0.9,증거금|매매수탁,2026-04-25
거래참가자,정의함,LOGICAL,매매체결대상상품의 발행인 등의 신고ㆍ공시에 관한 사항,404,0.9,발행인|신고|공시,2026-04-25
거래참가자,정의함,LOGICAL,매매결과의 공표 및 보고에 관한 사항,404,0.9,매매결과|공표|보고,2026-04-25
거래참가자,정의함,LOGICAL,다자간매매체결업무의 개폐ㆍ정지 및 중단에 관한 사항,404,0.9,다자간매매체결업무|개폐|정지|중단,2026-04-25
거래참가자,정의함,LOGICAL,그 밖에 다자간매매체결업무의 수행과 관련하여 필요한 사항,404,0.9,다자간매매체결업무|수행|필요한 사항,2026-04-25
공시의무,정의함,LOGICAL,발행자,68,0.8,공시의무|발행자,2026-04-25
제72조,상위조항,STRUCTURE,제1조,제72조,0.4,제72조|제1조,2026-04-25
제73조,정의함,LOGICAL,제73조 및,73,0.1,제73조 및,2026-04-25
규정,적용하지 않는다,ACTION,다자간매매체 결회사,제419조,0.95,다자간매매체 결회사|적용하지 않는다,2026-04-25
제402조,상위조항,STRUCTURE,제401조,402,0.3,제402조,2026-04-25
지정거래소,감시할 수 있다,ACTION,매매체결대상상품의 매매에 관한 청약 또는 주문이나 거래참가자가 다자간매매체결회사에 제출하는 호가의 상황,제404조,0.95,감시|지정거래소|다자간매매체결회사,2026-04-25
지정거래소,감시할 수 있다,ACTION,매매체결대상상품에 관련된 풍문·제보·보도,제404조,0.95,감시|지정거래소,2026-04-25
지정거래소,감시할 수 있다,ACTION,매매체결대상상품의 발행인 등에 관한 신고 또는 공시,제404조,0.95,감시|지정거래소,2026-04-25
지정거래소,감시할 수 있다,ACTION,대통령령으로 정하는 그 밖의 매매체결대상상품의 가격 형성이나 거래량에 영향을 미치는 상황 또는 요인,제404조,0.95,감시|지정거래소,2026-04-25
지정거래소,서면으로 자료 제출 요청할 수 있다,ACTION,거래참가자,제404조,0.95,요청|지정거래소|거래참가자,2026-04-25
지정거래소,감리할 수 있다,ACTION,거래참가자에 대한 업무·재산 상황·장부·서류·물건,제404조,0.95,감리|지정거래소|거래참가자,2026-04-25
준용,준용함,ACTION,제404조제2항 및 제3항,404,0.95,준용|제404조제2항 및 제3항,2026-04-25
누구든지,금지함,ACTION,다자간매매체결회사의 의결권 있는 발행주식총수의 100분의 15를 초과하여 다자간매매체결회사가 발행한 주식 소유,제377조제1항제8호,0.95,주식 소유 제한|다자간매매체결회사의 의결권 있는 발행주식총수|100분의 15 초과,2026-04-25
다음 각 호의 어느 하나에 해당하는 경우,예외로함,LOGICAL,다자간매매체결회사의 의결권 있는 발행주식총수의 100분의 15를 초과하여 다자간매매체결회사가 발행한 주식 소유,제377조제1항제8호,0.9,예외|주식 소유 제한,2026-04-25
제406조,준용함,STRUCTURE,제404조,제406조,0.3,제406조|제404조,2026-04-25
현재 규정,준용함,STRUCTURE,제407조,제407조,0.95,준용|제407조,2026-04-25
집합투자기구,소유함,ACTION,자산,제407조,0.9,소유|집합투자기구,2026-04-25
정부,소유함,ACTION,자산,제407조,0.9,소유|정부,2026-04-25
금융위원회,승인함,ACTION,소유,제407조,0.85,승인|금융위원회|소유,2026-04-25
제383조,구성함,STRUCTURE,제383조제1항ㆍ제2항,383,0.6,구성,2026-04-25
제413조,준용함,STRUCTURE,다자간매매체결회사,제413조,0.95,다자간매매체결회사,2026-04-25
대통령령,정하는,LOGICAL,조치,제8조의2제5항제1호,0.95,대통령령으로 정하는 조치,2026-04-25
대통령령,정하는,LOGICAL,기준,제8조의2제5항제1호,0.95,대통령령으로 정하는 기준,2026-04-25
대통령령,정하는,LOGICAL,세부사항,제8조의2제5항제1호,0.95,대통령령으로 정하는 세부사항,2026-04-25
집합투자업자,요구함,ACTION,집합투자재산을 운용,제79조,0.95,선관의무,2026-04-25
집합투자업자,요구함,ACTION,투자자 이익을 보호하기 위하여 업무를 충실하게 수행,제79조,0.95,충실의무,2026-04-25
집합투자업자,금지함,ACTION,동일종목의 증권에 투자하는 행위 (100분의 10 이내 범위 초과),81조,0.95,집합투자업자|동일종목 증권 투자|금지,2026-04-25
집합투자업자,금지함,ACTION,동일법인 등 발행 지분증권 총수의 100분의 20 초과 투자,81조,0.95,집합투자업자|지분증권 투자|금지,2026-04-25
집합투자업자,금지함,ACTION,부동산을 취득한 후 5년 이내에 처분하는 행위,81조,0.95,집합투자업자|부동산 처분|금지,2026-04-25
집합투자업자,예외로함,LOGICAL,위 행위 (제81조에서 금지된 행위),81조,0.9,집합투자업자|예외|대통령령,2026-04-25
집합투자업자,금지함,ACTION,어느 하나에 해당하는 행위,81조,0.9,집합투자업자|자산운용 제한|금지,2026-04-25
같은 집합투자업자,금지함,ACTION,자산총액의 100분의 50을 초과하는 행위,제279조제1항,0.95,외국 집합투자증권|자산총액|50%,2026-04-25
외국 집합투자업자,운용하는,ACTION,집합투자기구,제279조제1항,0.9,외국 집합투자업자 정의|운용,2026-04-25
외국 집합 투자기구,투자,ACTION,집합투자증권,제279조제1항,0.95,집합투자증권에 투자,2026-04-25
제279조제1항,포함함,STRUCTURE,외국 집합 투자기구,제279조제1항,0.9,외국 집합 투자기구 포함,2026-04-25
외국 집합투자기구,정의함,LOGICAL,집합투자증권,제279조제1항,0.95,포함|정의,2026-04-25
집합투자기구,금지함,ACTION,집합투자증권에 투자하는 행위,제279조 제1항,0.95,집합투자증권에 투자하는 행위|외국 집합투자기구,2026-04-25
집합투자기구,금지함,ACTION,사모집합투자기구의 집합투자증권에 투자하는 행위,제279조 제1항,0.9,사모집합투자기구|집합투자증권에 투자하는 행위,2026-04-25
집합투자기구,금지함,ACTION,외국 사모집합투자기구에 상당하는 사모집합투자기구의 집합투자증권에 투자하는 행위,제279조 제1항,0.85,외국 사모집합투자기구|사모집합투자기구|집합투자증권에 투자하는 행위,2026-04-25
외국 집합투자기구,금지함,ACTION,집합투자증권 총수의 100분의 20을 초과하여 투자하는 행위,제279조제1항,0.95,투자 비율 초과,2026-04-25
투자 비율 초과,정의함,LOGICAL,집합투자증권 총수의 100분의 20을 초과하여 투자하는 행위,제279조제1항,0.9,투자 비율 초과,2026-04-25
투자 비율 초과,간주함,LOGICAL,투자 비율은 투자하는 날을 기준으로 계산된다,제279조제1항,0.85,투자 비율 초과,2026-04-25
투자매매업자,금지함,ACTION,판매수수료 및 판매보수의 합계가 대통령령으로 정하는 기준을 초과,제279조제1항,0.95,판매수수료 및 판매보수|대통령령 기준,2026-04-25
판매수수료 및 판매보수,정의함,LOGICAL,판매수수료 및 판매보수의 합계,제279조제1항,0.9,판매수수료 및 판매보수,2026-04-25
집합투자기구,정한다,ACTION,투자비율,229,0.95,투자비율|집합투자기구,2026-04-25
투자비율,적용기간,STRUCTURE,최초 설정일 또는 설립일부터 6개월,229,0.85,투자비율|최초 설정일|설립일|6개월,2026-04-25
부동산집합 투자기구,적용하지 않는다,ACTION,대통령령으로 정하는 기간,229조제2호,0.95,적용 제외|정하는 기간,2026-04-25
집합투자업자,금지함,ACTION,집합투자재산을 증권에 운용하면서 동일종목의 증권에 투자 비율이 대통령령으로 정하는 비율을 초과하는 행위,81,0.95,자산운용 제한|집합투자재산|증권|비율,2026-04-25
집합투자업자,금지함,ACTION,집합투자재산을 증권에 운용하면서 동일법인 등이 발행한 지분증권 총수의 100분의 20을 초과하여 투자하는 행위,81,0.95,자산운용 제한|집합투자재산|지분증권,2026-04-25
집합투자업자,금지함,ACTION,집합투자재산을 증권에 운용하면서 동일법인 등이 발행한 지분증권 총수의 100분의 10을 초과하여 투자하는 행위,81,0.95,자산운용 제한|집합투자재산|지분증권,2026-04-25
집합투자업자,금지함,ACTION,집합투자재산을 증권에 운용하면서 적격 요건을 갖추지 못한 자와 장외파생상품을 매매하는 행위,81,0.95,자산운용 제한|집합투자재산|파생상품,2026-04-25
집합투자업자,금지함,ACTION,집합투자재산을 증권에 운용하면서 파생상품 매매에 따른 위험평가액이 대통령령으로 정하는 기준을 초과하여 투자하는 행위,81,0.95,자산운용 제한|집합투자재산|파생상품|위험평가액,2026-04-25
집합투자업자,금지함,ACTION,집합투자재산을 증권에 운용하면서 기초자산 중 동일법인 등이 발행한 증권의 가격변동으로 인한 위험평가액이 집합투자기구 자산총액의 100분의 10을 초과하여 투자하는 행위,81,0.95,자산운용 제한|집합투자재산|증권|위험평가액,2026-04-25
집합투자업자,금지함,ACTION,집합투자재산을 증권에 운용하면서 같은 거래상대방과의 장외파생상품 매매에 따른 거래상대방 위험평가액이 집합투자기구 자산총액의 100분의 10을 초과하여 투자하는 행위,81,0.95,자산운용 제한|집합투자재산|파생상품|위험평가액,2026-04-25
집합투자업자,금지함,ACTION,집합투자재산을 부동산에 운용하면서 부동산을 취득한 후 5년 이내에 대통령령으로 정하는 기간 이내에 처분하는 행위,81,0.95,자산운용 제한|집합투자재산|부동산|처분,2026-04-25
집합투자업자,금지함,ACTION,집합투자재산을 부동산에 운용하면서 부동산개발사업에 따라 조성하거나 설치한 토지·건축물 등을 분양하는 경우를 제외하고 부동산을 취득한 후 5년 이내에 처분하는 행위,81,0.95,자산운용 제한|집합투자재산|부동산개발사업|분양,2026-04-25
집합투자업자,금지함,ACTION,집합투자재산을 부동산에 운용하면서 건축물·공작물이 없는 토지에 대해 부동산개발사업을 시행하기 전에 처분하는 행위,81,0.95,자산운용 제한|집합투자재산|토지|부동산개발사업,2026-04-25
집합투자업자,허용함,ACTION,각 호의 행위를 대통령령으로 정하는 경우에 한해 할 수 있다,81,0.9,자산운용 제한|대통령령|허용,2026-04-25
자산운용 제한,정의함,LOGICAL,집합투자업자가 집합투자재산을 운용할 때 금지되는 행위들을 포함하는 개념,81,0.9,자산운용 제한|집합투자재산|금지,2026-04-25
외국 집합투자증권,정의함,LOGICAL,제279조제1항의 외국 집합투자증권을 포함한다.,279,0.85,외국 집합투자증권 정의,2026-04-25
집합투자업자,금지함,ACTION,운용함에 있어서 각 집합투자기구 자산총액의 100분의 50을 초과하여 같은 집합투자업자,279,0.8,운용|자산총액 50% 초과,2026-04-25
외국 집합투자업자,포함한다,LOGICAL,집합투자기구,제279조제1항,0.95,외국 집합투자업자|집합투자기구,2026-04-25
외국 집합 투자기구,투자함,ACTION,집합투자증권,제279조제1항,0.85,집합투자증권에 투자|외국 집합 투자기구,2026-04-25
외국 집합투자기구,정의함,LOGICAL,투자,제279조제1항,0.95,투자|집합투자증권,2026-04-25
외국 집합투자기구,허용함,ACTION,집합투자증권에 자산총액의 100분의 40을 초과하여 투자,제279조제1항,0.9,투자|집합투자증권|자산총액,2026-04-25
사모집합투자기구,금지함,ACTION,집합투자증권에 투자하는 행위,제279조제1항,0.92,집합투자증권에 투자하는 행위|사모집합투자기구,2026-04-25
외국 집합투자기구,참조함,STRUCTURE,제279조제1항,제279조제1항,0.85,외국 집합투자기구|제279조제1항,2026-04-25
사모집합투자기구,참조함,STRUCTURE,외국 사모집합투자기구,제279조제1항,0.8,사모집합투자기구|외국 사모집합투자기구,2026-04-25
외국 집합투자구,금지함,ACTION,투자 행위가 집합투자증권 총수의 20%를 초과하는 경우,279,0.95,투자 비율 초과|집합투자증권 총수,2026-04-25
투자 비율 초과,정의함,LOGICAL,집합투자증권 총수의 20%,279,0.9,투자 비율 초과|집합투자증권 총수,2026-04-25
투자 비율 초과,계산 기준,LOGICAL,투자하는 날,279,0.85,투자 비율 초과|투자하는 날,2026-04-25
투자매매업자,금지함,ACTION,판매수수료 및 판매보수의 합계가 대통령령으로 정하는 기준을 초과하는 경우,제279조제1항,0.9,판매수수료|판매보수|기준 초과,2026-04-25
투자매매업자,포함함,STRUCTURE,외국 투자 매매업자,제279조제1항,0.9,외국 투자 매매업자,2026-04-25
투자매매업자,포함함,STRUCTURE,투자중개업자,제279조제1항,0.9,투자중개업자,2026-04-25
투자매매업자,포함함,STRUCTURE,외국 투자중개업자,제279조제1항,0.9,외국 투자중개업자,2026-04-25
판매수수료 및 판매보수의 합계,초과함,LOGICAL,대통령령으로 정하는 기준,제279조제1항,0.8,판매수수료|판매보수|기준 초과,2026-04-25
투자비율,정의함,LOGICAL,집합투자기구의 최초 설정일 또는 설립일부터 6개월,229,0.95,투자비율 정의|기간 정의,2026-04-25
기업성장집합투자기구,적용하지 않음,ACTION,1년 이내의 범위에서 대통령으로 정하는 기간까지,제229조제2호,0.95,적용|기간,2026-04-25
기업성장집합투자기구,금지함,ACTION,주투자대상기업에 대한 행위,229조제6호,0.95,기업성장집합투자기구|주투자대상기업|위반|금지,2026-04-25
기업성장집합투자기구,예외로함,LOGICAL,불가피한 사유로 인한 제1호부터 제4호까지의 위반,229조제6호,0.9,불가피한 사유|대통령령|기간,2026-04-25
기업성장집합투자기구,요구함,ACTION,금액 이하의 집합투자재산에 대한 투자 행위,제229조제6호,0.95,투자|집합투자재산|금액 이하|대통령령,2026-04-25
기업성장집합투자기구,요구함,ACTION,자산총액의 100분의 10 이하이며 대통령령으로 정하는 비율을 초과하는 동일한 주투자대상기업에 동일방식으로 투자하는 행위,제229조제6호,0.95,투자|비율|대통령령|주투자대상기업|동일방식,2026-04-25
기업성장집합투자기구,요구함,ACTION,주투자대상기업이 발행한 지분증권 총수의 100분의 50 이하이며 대통령령으로 정하는 비율을 초과하는 투자 행위,제229조제6호,0.95,투자|지분증권|비율|대통령령|주투자대상기업,2026-04-25
기업성장집합투자기구,요구함,ACTION,"자산총액의 100분의 10 이상이며 대통령령으로 정하는 비율 미만의 집합투자재산을 국채증권, 지방채증권, 특수채증권 및 한국은행법에 따른 자산으로 보유하는 행위",제229조제6호,0.95,보유|집합투자재산|국채증권|지방채증권|특수채증권|한국은행법|비율|대통령령,2026-04-25
한국은행통화안정증권,정의함,LOGICAL,국가나 지방자치단체가 원리금의 지급을 보증한 채권,69,0.95,정의|예시,2026-04-25
한국은행통화안정증권,정의함,LOGICAL,현금,69,0.95,정의|예시,2026-04-25
한국은행통화안정증권,정의함,LOGICAL,대통령령으로 정하는 금융기관에의 예치,69,0.95,정의|예시,2026-04-25
한국은행통화안정증권,정의함,LOGICAL,그 밖에 금융투자업자의 경영건전성을 저해하지 아니하고 투자성이 낮거나 없는 것으 로서 대통령령으로 정하는 자산,69,0.95,정의|예시,2026-04-25
한국은행통화안정증권,정의함,LOGICAL,주투자대상기업에 투자한 재산 외의 집합투자재산,69,0.95,정의|예시,2026-04-25
한국은행통화안정증권,근거함,STRUCTURE,제69조,69,0.99,근거,2026-04-25
한국은행통화안정증권,참조함,STRUCTURE,대통령령,69,0.9,대통령령,2026-04-25
투자자,금지함,ACTION,부동산에 투자하는 행위,제229조제2호,0.95,부동산 투자|위험 행위,2026-04-25
투자자,금지함,ACTION,주투자 대상기업에 투자하는 행위,제229조제2호,0.95,주투자 대상기업|평가 미이행,2026-04-25
투자자,금지함,ACTION,대통령령으로 정하는 행위,제229조제2호,0.9,위험 행위|집합투자재산 안정성,2026-04-25
제81조,구조,STRUCTURE,제1조,81,0.2,제1조,2026-04-25
집합투자업자,금지함,ACTION,집합투자증권을 취득,82조,0.95,자기집합투자증권의 취득 제한|취득,2026-04-25
집합투자업자,금지함,ACTION,집합투자증권을 질권의 목적으로 받지 못 한다,82조,0.95,자기집합투자증권의 취득 제한|질권,2026-04-25
집합투자업자,예외로함,LOGICAL,집합투자증권을 취득할 수 있다,82조,0.9,자기집합투자증권의 취득 제한|예외,2026-04-25
집합투자업자,허용함,ACTION,집합투자증권을 취득할 수 있다,82조,0.9,담보권의 실행|권리 행사,2026-04-25
집합투자업자,처분해야 한다,ACTION,취득한 집합투자증권,82조,0.9,대통령령|처분,2026-04-25
수익증권 매수,준용함,STRUCTURE,제191조,191,0.95,수익증권 매수|제191조에 따라,2026-04-25
집합투자업자,금전차입을 금지함,ACTION,금전,제83조,0.95,금전차입|금전|집합투자업자,2026-04-25
집합투자업자,금전차입을 허용함,ACTION,금전,제83조,0.95,금전차입|금전|집합투자업자|예외,2026-04-25
환매청구,발생,LOGICAL,환매대금,235,0.9,대량|일시적으로|곤란,2026-04-25
환매청구,참조함,STRUCTURE,제235조,235,0.95,제235조에 따른,2026-04-25
수익증권 매수,정의함,LOGICAL,수익증권 매수,191,0.7,수익증권 매수,2026-04-25
집합투자기구,금지함,ACTION,금전,제201조제4항,0.95,금전 차입 및 대여 제한|집합투자기구,2026-04-25
집합투자업자,금전 차입을 금지함,ACTION,금전,83,0.95,금전 차입 제한,2026-04-25
집합투자업자,금전 차입을 허용함,ACTION,금전,83,0.85,금전 차입 제한|예외,2026-04-25
환매청구,발생,LOGICAL,집합투자증권,235,0.9,대량 발생|환매청구,2026-04-25
환매청구,곤란,LOGICAL,환매대금 지급,235,0.85,일시적 곤란|환매대금 지급,2026-04-25
제191조,참조함,STRUCTURE,제191조,Unknown,0.6,제191조,2026-04-25
집합투자기구,허용함,ACTION,금전 차입,제201조제4항,0.95,금전 차입|대통령령|조건,2026-04-25
집합투자기구,제한함,ACTION,차입금 총액,제201조제4항,0.9,10% limit|자산총액|부채총액,2026-04-25
집합투자업자,금지함,ACTION,금전 대여,제201조제4항,0.95,금전 대여|집합투자재산,2026-04-25
집합투자업자,허용함,ACTION,금전 대여,제201조제4항,0.9,금전 대여|대통령령|단기대출|30일 이내,2026-04-25
집합투자기구,준용함,STRUCTURE,대통령령,제201조제4항,0.85,대통령령|금전 차입 방법|상환 전 투자대상자산 취득 제한,2026-04-25
집합투자업자,금지함,ACTION,채무보증 또는 담보제공,제229조제6호,0.95,채무보증|담보제공|집합투자재산,2026-04-25
기업성장집합투자기구,금전 대여,ACTION,주투자대상기업,제229조제6호,0.9,금전 대여|주투자대상기업,2026-04-25
제83조,참조함,STRUCTURE,제2조,83,0.2,국외행위에 대한 적용,2026-04-25
수익증권,금지함,ACTION,취득,189,0.9,수익증권|취득 금지,2026-04-25
집합투자업자,금지함,ACTION,그 집합투자업자의 계열회사가 발행한 증권(한도 초과 시),189,0.85,집합투자업자|계열회사 증권|한도 초과,2026-04-25
계열회사가 발행한 지분증권과 관련한 증권예탁증권 및 대통령령으로 정하는 투자대상자산,금지함,ACTION,취득,제189조,0.95,취득 제한|계열회사가 발행한 지분증권,2026-04-25
수익증권,예외로함,LOGICAL,제189조의 취득 제한,제189조,0.9,취득 제한|수익증권,2026-04-25
집합투자업자,금지함,ACTION,불건전 영업행위,85,0.95,불건전 영업행위|집합투자재산 운용,2026-04-25
대통령으로 정하는 경우,허용함,LOGICAL,불건전 영업행위,85,0.9,대통령|예외,2026-04-25
집합투자업자,금지함,ACTION,매수 또는 매도 의사 결정 후 실행 전 자기 계산으로 매수/매도,85,0.9,매수/매도|집합투자재산 운용,2026-04-25
집합투자업자,금지함,ACTION,자기 또는 관계인수인이 인수한 증권을 집합투자재산으로 매수,85,0.9,인수|집합투자재산,2026-04-25
집합투자업자,금지함,ACTION,자기 또는 관계인수인이 대통령령으로 정하는 인수업무를 담당한 법인의 특정증권등,85,0.9,인수업무|특정증권,2026-04-25
특정증권등,정의함,LOGICAL,특정증권등,172조제1항,0.95,특정증권등 정의,2026-04-25
시세,정의함,LOGICAL,시세,제176조제2항제1호,0.8,시세,2026-04-25
집합투자재산,금지함,ACTION,매매 특정증권등 (시세 형성),제176조제2항제1호,0.95,시세|매매|특정증권등,2026-04-25
집합투자업자,금지함,ACTION,성과보수 받다,제86조,0.95,금지|성과보수|집합투자업자,2026-04-25
집합투자업자,예외로함,LOGICAL,성과보수 받다,제86조,0.9,예외|사모집합투자기구,2026-04-25
집합투자업자,요구함,ACTION,성과보수 산정방식 및 대통령령 사항을 투자설명서에 기재,제86조,0.9,요구|투자설명서|산정방식,2026-04-25
성과보수,정의함,LOGICAL,집합투자기구의 운용실적에 연동하여 미리 정하여 진 산정방식에 따른 보수,제86조,0.9,정의|성과보수|운용실적,2026-04-25
집합투자규약,기재해야 한다,ACTION,투자설명서,제123조제1항,0.95,투자설명서|집합투자규약,2026-04-25
집합투자업자,행사해야 한다,ACTION,의결권,87,0.95,의결권|집합투자업자,2026-04-25
집합투자업자,행사할 수 있다,ACTION,의결권,제31조제1항,0.95,의결권 행사|집합투자업자|상호출자제한기업집단,2026-04-25
특수관계인,정의함,LOGICAL,목에 따른 특수관계인,제9조제1항제5호,0.92,특수관계인 정의,2026-04-25
특수관계인,의결권을 행사할 것,ACTION,의결권을 행사할 때 주식 수가 법인 발행주식총수의 15%를 초과하지 않도록,제9조제1항제5호,0.85,의결권 행사|15% 제한,2026-04-25
주주,결권 행사,ACTION,결의내용에 영향을 미치지 않도록,제81조제1항,0.95,투자한도 초과 주식|집합투자재산|주주총회,2026-04-25
주주,금지함,ACTION,투자한도 초과 주식,제81조제1항,0.7,투자한도 초과 주식|주주,2026-04-25
투자한도 초과 취득 주식,행사할 수 없다,ACTION,의결권,제84조제4항,0.95,투자한도 초과|의결권,2026-04-25
집합투자업자,행위할 수 없다,ACTION,의결권 교차행사 등 규정 면제 행위,제84조제4항,0.95,제삼자와의 계약|의결권 교차행사|규정 면제,2026-04-25
금융위원회,명할 수 있다,ACTION,주식 처분 명령,제84조제4항,0.95,위반|의결권 행사|6개월 이내,2026-04-25
집합투자업자,기록·유지해야 한다,ACTION,의결권 행사 여부 및 내용,제84조제4항,0.95,비율 또는 금액 이상 소유 주식|의결권공시대상법인,2026-04-25
주권상장법인,공시해야 한다,ACTION,의결권의 구체적인 행사내용 및 그 사유 (주요의결사항에 대한 의결권 행사 시),제9조제15항,0.95,의결권 공시|주권상장법인,2026-04-25
주권상장법인,공시해야 한다,ACTION,제7항에 따른 의결권의 구체적인 행사내용 및 그 사유 (의결권공시대상법인에 의결권 행사 시),제9조제15항,0.95,의결권 공시|주권상장법인,2026-04-25
주권상장법인,공시해야 한다,ACTION,제7항에 따른 의결권을 행사하지 아니한 구체적인 사유 (의결권공시대상법인에 의결권 미행사 시),제9조제15항,0.95,의결권 공시|주권상장법인,2026-04-25
집합투자업자,공시해야 한다,ACTION,대통령령으로 정한 자료 (자본시장과 금융투자업에 관한 법률 자료) – 의결권 행사 여부의 적정성 파악에 필요한 자료,제9조제15항,0.9,집합투자업자|의결권 공시,2026-04-25
제9조제15항,근거함,STRUCTURE,대통령령 (공시 방법 및 필요한 사항을 정함),제9조제15항,0.9,공시 방법|대통령령,2026-04-25
집합투자업자,충실하게 행사해야 한다,ACTION,의결권,87,0.95,충실하게 행사|투자자 이익 보호,2026-04-25
집합투자업자,예외로함,LOGICAL,의결권을 행사하여 주주총회 결의에 영향을 미치지 않도록,87,0.85,예외 상황|주주총회 결의 영향 방지,2026-04-25
집합투자업자,예외로함,LOGICAL,제1항에 따라 의결권을 행사할 수 있다,87,0.8,예외 상황|손실 예상 시,2026-04-25
집합투자업자,정의함,LOGICAL,투자신탁이나 투자익명조합의 집합투자업자,92,0.95,집합투자업자|투자신탁|투자익명조합,2026-04-25
주요의결사항,정의함,LOGICAL,투자자의 이익에 명백한 영향을 미치는 사항,87,0.9,정의,2026-04-25
집합투자업자,예외로함,LOGICAL,"주요의결사항에 대해 제2항의 방법에 따라 의결권을 행사할 때, 손실 예상 시 제1항에 따라 의결권을 행사할 수 있다",87,0.8,주요의결사항|손실 예상 시,2026-04-25
집합투자업자,행사해야 한다,ACTION,의결권을 행사하여 주주총회 결의에 영향을 미치지 않도록,87,0.85,주주총회 결의 영향 방지,2026-04-25
특수관계인,행사할 것,ACTION,의결권,제9조제1항제5호,0.95,특수관계인|의결권,2026-04-25
특수관계인,초과하지 아니하도록,LOGICAL,발행주식총수의 100분의 15,제9조제1항제5호,0.9,발행주식총수|100분의 15,2026-04-25
주주,행사할 것,ACTION,의결권,제81조제1항,0.95,의결권 행사|주주,2026-04-25
주주,요구함,ACTION,의결권 행사,제81조제1항,0.95,의결권 행사,2026-04-25
제81조제1항,참조함,STRUCTURE,제5항제2호ㆍ제3호,제81조제1항,0.85,같은 조,2026-04-25
투자 한도를 초과하여 취득한 주식,행사할 수 없다,ACTION,의결권,제84조제4항,0.95,투자 한도 초과|의결권 제한,2026-04-25
의결권 제한,정의함,LOGICAL,투자 한도 초과 주식의 의결권 행사가 금지됨,제84조제4항,0.85,의결권 제한|투자 한도 초과,2026-04-25
집합투자업자,행위할 수 없다,ACTION,제2항부터 제4항까지의 규정의 적용을 면하기 위한 행위,제84조제5항,0.9,집합투자업자|규정 면제 행위|의결권 교차행사,2026-04-25
집합투자업자,행위할 수 없다,ACTION,의결권 교차행사,제84조제5항,0.9,집합투자업자|의결권 교차행사|규정 면제,2026-04-25
금융위원회,명할 수 있다,ACTION,그 주식의 처분,제84조제6항,0.9,금융위원회|주식 처분|위반 의결권 행사,2026-04-25
집합투자업자,기록ㆍ유지하여야 한다,ACTION,의결권 행사 여부 및 내용,제84조제7항,0.9,집합투자업자|의결권공시대상법인|기록 유지,2026-04-25
의결권공시대상법인,정의함,LOGICAL,"주식 발행 법인으로, 대통령령으로 정하는 비율 또는 금액 이상을 소유하는 주식을 발행한 법인",제84조제7항,0.9,의결권공시대상법인|주식 발행|비율 또는 금액 이상,2026-04-25
주권상장법인,공시해야 한다,ACTION,의결권의 구체적인 행사내용 및 그 사유 (제2항 및 제3항에 따른 주요의결사항),제9조제15항,0.95,제2항|제3항|주요의결사항|의결권 행사,2026-04-25
주권상장법인,공시해야 한다,ACTION,제7항에 따른 의결권의 구체적인 행사내용 및 그 사유 (의결권공시대상법인에 대하여 의결권을 행사하는 경우),제9조제15항,0.95,제7항|의결권공시대상법인|의결권 행사,2026-04-25
주권상장법인,공시해야 한다,ACTION,제7항에 따른 의결권을 행사하지 아니한 구체적인 사유 (의결권공시대상법인에 대하여 의결권을 행사하지 아니한 경우),제9조제15항,0.95,제7항|의결권공시대상법인|행사하지 않음,2026-04-25
집합투자업자,공시해야 한다,ACTION,의결권 행사 여부에 관한 사항 및 대통령령으로 정하는 자료 (제8항에 따라 공시하는 경우),제9조제15항,0.95,집합투자업자|의결권 행사 여부|대통령령,2026-04-25
주권상장법인,근거함,STRUCTURE,대통령령 (공시 방법 등에 관하여 필요한 사항은 대통령령으로 정한다),제9조제15항,0.9,공시 방법|필요한 사항|대통령령,2026-04-25
주권상장법인,포함함,LOGICAL,주식과 관련된 증권예탁증권 (제3호나목에 따른 주권상장법인의 경우),제9조제15항,0.85,주식|증권예탁증권|제3호나목,2026-04-25
제87조,정의함,LOGICAL,제87조,87,0.1,제87조,2026-04-26
집합투자업자,교부하여야 한다,ACTION,투자자,88,0.95,자산운용보고서|3개월마다 1회 이상,2026-04-25
집합투자업자,교부하지 않아도 된다,LOGICAL,투자자,88,0.9,투자자 이익 해할 우려 없음|대통령령,2026-04-25
집합투자업자,기재하여야 한다,ACTION,자산운용보고서,88,0.95,기준일|운용기간|자산·부채|평가액|매매금액|대통령령,2026-04-25
대통령령,정한다,LOGICAL,"교부시기 및 방법, 비용부담",88,0.9,대통령령,2026-04-25
집합투자업자,확인받다,ACTION,신탁업자,88,0.9,신탁업자,2026-04-25
집합투자업자,요구함,ACTION,공시,89,0.97,공시|지체 없이,2026-04-25
집합투자업자,작성 및 제출,ACTION,집합투자재산에 관한 영업보고서,제90조,0.95,매 분기 종료 후 2개월 이내|대통령령으로 정하는 방법,2026-04-25
집합투자업자,제출,ACTION,금융위원회 및 협회,제90조,0.9,2개월 이내,2026-04-25
제90조,규정함,STRUCTURE,집합투자재산에 관한 보고,제90조,0.85,집합투자재산에 관한,2026-04-25
투자자,청구,ACTION,장부ㆍ서류의 열람이나 등본 또는 초본의 교부,91,0.95,열람 및 공시|집합투자업자,2026-04-25
집합투자업자,거절할 수 없다,ACTION,청구,91,0.9,정당한 사유|대통령령,2026-04-25
집합투자업자,공시해야 한다,ACTION,집합투자규약,91,0.9,집합투자규약|인터넷 홈페이지,2026-04-25
대통령령,정한다,STRUCTURE,열람 범위 등,91,0.85,정당한 사유|열람 및 공시,2026-04-25
집합투자업자,요구함,ACTION,투자매매업자 또는 투자중개업자에게 즉시 통지,92,0.95,통지|즉시|환매연기,2026-04-25
집합투자증권,연기,ACTION,환매,237,0.9,환매 연기,2026-04-25
환매 연기,정의함,LOGICAL,환매를 연기하는 행위,237,0.8,환매 연기,2026-04-25
환매금지형집 합투자기구,정의함,LOGICAL,만기 변경 또는 만기상환 거부 결정,제230조,0.95,환매금지형집 합투자기구|만기 변경|만기상환 거부,2026-04-25
환매금지형집 합투자기구,결정,ACTION,만기 변경 또는 만기상환 거부,제230조,0.9,결정|만기 변경|만기상환 거부,2026-04-25
집합투자업자,통지해야 한다,ACTION,해당 집합투자증권을 판매한 투자매매 업자 또는 투자중개업자,제240조제3항,0.95,통지 의무|회계감사인의 감사의견이 적정이 아닌 경우|대통령령으로 정하는 중대한 사유,2026-04-25
집합투자업자,평가함,ACTION,위험평가액,93,0.95,위험평가액|파생상품 매매에 따른,2026-04-25
위험평가액,정의함,LOGICAL,마목의 위험평가액,제81조,0.95,위험평가액,2026-04-25
집합투자기구,공시,ACTION,위험에 관한 지표,제81조,0.9,위험평가액|위험에 관한 지표,2026-04-25
집합투자업자,신고,ACTION,금융위원회,제123조제1항,0.95,투자설명서|위험평가액|장외파생상품,2026-04-25
집합투자업자,작성,ACTION,위험관리방법,제123조제1항,0.9,위험관리방법|장외파생상품|신탁업자,2026-04-25
집합투자업자,참조함,STRUCTURE,부동산의 운용 특례,제94조,0.4,부동산의 운용 특례|집합투자업자,2026-04-25
집합투자재산,취득,ACTION,부동산,제83조제1항,0.95,집합투자재산 부동산 취득,2026-04-25
집합투자재산,예외로함,LOGICAL,부동산,제83조제1항,0.9,각 호 외의 부분 본문에 불구하고,2026-04-25
부동산집합투자기구,허용함,ACTION,금전 차입,제229조제2호,0.92,차입|금전,2026-04-25
부동산집합투자기구,준용함,STRUCTURE,대통령령으로 정하는 방법,제229조제2호,0.88,대통령령|방법,2026-04-25
법인,허용함,ACTION,금전,제83조제4항,0.95,대여|금전,2026-04-25
법인,예외로함,LOGICAL,제83조제4항,제83조제4항,0.9,제83조제4항|예외,2026-04-25
법인,근거함,STRUCTURE,대통령령으로 정하는 방법,제83조제4항,0.85,대통령령|방법,2026-04-25
법인,정의함,LOGICAL,"부동산신탁업자, 그 밖에 대통령령으로 정하는 자",제83조제4항,0.9,정의|부동산신탁업자,2026-04-25
신탁원부,기록하지 않다,ACTION,수익자,81,0.95,수익자 기록,2026-04-25
금융위원회,감독한다,ACTION,청산사무,제95조,0.95,감독|청산사무,2026-04-25
금융위원회,검사하거나 명령을 할 수 있다,ACTION,청산사무 및 재산의 상황,제95조,0.9,검사|명령|청산사무|재산상황,2026-04-25
금융위원회,선임한다,ACTION,청산인,제95조,0.95,선임|청산인,2026-04-25
금융위원회,보수를 주게 할 수 있다,ACTION,보수액,제95조,0.9,보수|청산인,2026-04-25
금융위원회,해임할 수 있다,ACTION,청산인,제95조,0.9,해임|청산인,2026-04-25
선관의무 및 충실의무,정의함,LOGICAL,"투자자문업자 및 투자일임업자에게 투자자에 대한 선량한 관리자의 주의로써 투자자문에 응하여야 하며, 투자일임재산을 운용하여야 하며, 해당 업무를 충실하게 수행하여야 한다.",96,0.95,선관의무|충실의무,2026-04-25
투자자문업자,요구함,ACTION,투자자에 대하여 선량한 관리자의 주의로써 투자자문에 응하여야 하며,96,0.95,선관의무,2026-04-25
투자일임업자,요구함,ACTION,투자자에 대하여 선량한 관리자의 주의로써 투자 일임재산을 운용하여야 하며,96,0.95,선관의무,2026-04-25
투자자문업자 및 투자일임업자,요구함,ACTION,투자자의 이익을 보호하기 위하여 해당 업무를 충실하게 수행하여야 한다,96,0.95,충실의무,2026-04-25
투자자문업자 또는 투자일임업자,요구함,ACTION,서면자료,97,0.95,서면자료 교부|계약 체결,2026-04-25
서면자료,정의함,LOGICAL,투자자문의 범위 및 제공방법 또는 투자일임의 범위 및 투자대상 금융투자상품등,97,0.9,서면자료|투자자문 범위,2026-04-25
서면자료,정의함,LOGICAL,투자자문업 또는 투자일임업의 수행에 관하여 투자자문업자 또는 투자일임업자가 정하고 있는 일반적인 기준 및 절차,97,0.9,서면자료|일반적인 기준 및 절차,2026-04-25
투자자문업자 또는 투자일임업자,요구함,ACTION,일반투자자에게 서면자료 교부,97,0.95,서면자료 교부|일반투자자,2026-04-25
투자자문업자 또는 투자일임업자,준용함,STRUCTURE,금융소비자 보호에 관한 법률,97,0.9,금융소비자 보호에 관한 법률,2026-04-25
계약서류 기재사항,요구함,ACTION,각 호의 사항,23-1,0.95,계약서류 기재사항|기재,2026-04-25
기재내용,금지함,ACTION,제1항에 따라 교부한 서면자료에 기재된 내용과 달라지는 내용,23-1,0.9,기재내용|제1항|교부한 서면자료,2026-04-25
계약서류 기재사항,참조함,STRUCTURE,제1항,23-1,0.9,계약서류 기재사항|제1항,2026-04-25
투자자문업자 또는 투자일임업자,금지함,ACTION,"투자자로부터 금전ㆍ증권, 그 밖의 재산의 보관ㆍ예탁을 받는 행위",제98조,0.98,불건전 영업행위|보관ㆍ예탁,2026-04-25
투자자문업자 또는 투자일임업자,금지함,ACTION,"투자자에게 금전ㆍ증권, 그 밖의 재산을 대여하거나 투자자에 대한 제삼자의 금전ㆍ증권, 그 밖의 재산의 대여를 중개ㆍ주선 또는 대리하는 행위",제98조,0.98,불건전 영업행위|대여|중개ㆍ주선,2026-04-25
투자자문업자 또는 투자일임업자,금지함,ACTION,투자권유자문인력 또는 투자운용인력이 아닌 자에게 투자자문업 또는 투자일임업을 수행 하게 하는 행위,제98조,0.98,불건전 영업행위|비전문가,2026-04-25
투자자문업자 또는 투자일임업자,금지함,ACTION,계약으로 정한 수수료 외의 대가를 추가로 받는 행위,제98조,0.98,불건전 영업행위|추가 대가,2026-04-25
투자자문업자 또는 투자일임업자,금지함,ACTION,투자자문에 응하거나 투자일임재산을 운용하는 경우 금융투자상품등의 가격에 중대한 영향을 미칠 수 있는 투자판단에 관한 자문 또는 매매 의사를 결정한 후 이를 실행하기 전에 그 금융투자상품등을 자기의 계산으로 매매하거나 제삼자에게 매매를 권유하는 행위,제98조,0.98,불건전 영업행위|자기 계산 매매|제삼자 권유,2026-04-25
투자일임업자,금지함,ACTION,정당한 사유 없이 투자자의 운용방법의 변경 또는 계약의 해지 요구에 응하지 아니하는 행위,제98조,0.98,불건전 영업행위|운용방법 변경|계약 해지,2026-04-25
투자일임업자,금지함,ACTION,자기 또는 관계인수인이 인수한 증권을 투자일임재산으로 매수하는 행위,제98조,0.98,불건전 영업행위|인수인증권 매수,2026-04-25
투자일임업자,금지함,ACTION,자기 또는 관계인수인이 대통령령으로 정하는 인수업무를 담당한 법인의 특정증권등( ... ),제98조,0.95,불건전 영업행위|인수업무,2026-04-25
불건전 영업행위,예외로함,LOGICAL,투자자문업자 또는 투자일임업자,제98조,0.95,투자자 보호|건전한 거래질서|대통령령,2026-04-25
특정증권등,정의함,LOGICAL,인위적인 시세,제172조제1항,0.8,정의함|특정증권등,2026-04-25
투자일임업자,금지함,ACTION,투자일임재산으로 그 특정증권등을 매매하는 행위,제176조제2항제1호,0.9,투자일임재산|위반,2026-04-25
투자일임업자,금지함,ACTION,특정 투자자의 이익을 해하면서 자기 또는 제삼자의 이익을 도모하는 행위,제176조제2항제1호,0.9,투자일임재산|위반,2026-04-25
투자일임업자,금지함,ACTION,"투자일임재산으로 자기가 운용하는 다른 투자일임재산, 집합투자재산 또는 신탁재산과 거래하는 행위",제176조제2항제1호,0.9,투자일임재산|위반,2026-04-25
투자일임업자,금지함,ACTION,투자일임재산으로 투자일임업자 또는 그 이해관계인의 고유재산과 거래하는 행위,제176조제2항제1호,0.9,투자일임재산|위반,2026-04-25
투자일임업자,금지함,ACTION,투자자의 동의 없이 투자일임재산으로 투자일임업자 또는 그 이해관계인이 발행한 증권에 투자하는 행위,제176조제2항제1호,0.9,투자일임재산|위반,2026-04-25
투자일임업자,금지함,ACTION,투자일임재산을 각각의 투자자별로 운용하지 아니하고 여러 투자자의 자산을 집합하여 운용하는 행위,제176조제2항제1호,0.9,투자일임재산|위반,2026-04-25
투자일임업자,금지함,ACTION,"투자일임재산을 예탁하는 투자매매업자·투자중개업자, 그 밖의 금융기관을 지정하거나 변경하는 행위",제176조제2항제1호,0.9,투자일임재산|위반,2026-04-25
투자일임업자,금지함,ACTION,투자일임재산을 예탁하거나 인출하는 행위,제176조제2항제1호,0.9,투자일임재산|위반,2026-04-25
투자일임업자,금지함,ACTION,"투자일임재산에 속하는 증권의 의결권, 그 밖의 권리를 행사하는 행위",제176조제2항제1호,0.9,투자일임재산|위반,2026-04-25
투자일임업자,금지함,ACTION,그 밖에 투자자 보호 또는 건전한 거래질서를 해할 우려가 있는 행위로서 대통령령으로 정하는 행위,제176조제2항제1호,0.9,투자일임재산|위반,2026-04-25
투자일임업자,작성,ACTION,투자일임보고서,99,0.95,작성|보고서|3개월마다 1회 이상,2026-04-25
투자일임업자,교부,ACTION,투자일임보고서,99,0.95,교부|보고서|3개월마다 1회 이상,2026-04-25
투자일임보고서,교부대상,LOGICAL,일반투자자,99,0.9,교부대상|일반투자자,2026-04-25
역외투자자문업자,특례를받는다,LOGICAL,특정 규정에 따라,제100조,0.6,역외투자자문업자|특례,2026-04-25
제28조의2,상위조항,STRUCTURE,제28조,제28조의2,0.9,제28조의2|제28조,2026-04-25
제30조,상위조항,STRUCTURE,제1조,30,0.4,제30조|제1조,2026-04-25
Unknown,참조함,STRUCTURE,제36조,Unknown,0.5,Unknown|제36조,2026-04-25
제38조,상위조항,STRUCTURE,제1조,38,0.2,제1조,2026-04-25
제40조,참조함,STRUCTURE,제1조,40,0.2,제1조 참조,2026-04-25
제41조,정의함,LOGICAL,제41조,41,0.0,제41조,2026-04-25
제44조,상위조항,STRUCTURE,제1조,44,0.0,,2026-04-25
자본시장의 공정성ㆍ신뢰성 및 효율성,정의함,LOGICAL,제1조,제1조,0.95,자본시장의 공정성|신뢰성|효율성,2026-04-25
제52조,상위조항,STRUCTURE,제1조,52,0.3,,2026-04-25
제56조,정의함,LOGICAL,제56조,56,0.5,정의,2026-04-25
제61조,참조함,STRUCTURE,자본시장의 공정성ㆍ신뢰성 및 효율성,제61조,0.3,제61조|자본시장의 공정성ㆍ신뢰성 및 효율성,2026-04-25
제63조까지의 규정,포함함,STRUCTURE,제63조,Unknown,0.7,제63조까지의 규정|제63조,2026-04-25
역외투자자문업자,요구함,ACTION,연락책임자 및 계약,제18조제2항제1호,0.9,두어야 하며 포함하여야 한다|연락책임자 및 계약,2026-04-25
역외투자일임업자,요구함,ACTION,임직원,98,0.9,역외투자일임업자|임직원,2026-04-25
역외투자일임업자,요구함,ACTION,업무보고서 작성 및 제출,98,0.95,역외투자일임업자|업무보고서|금융위원회,2026-04-25
역외투자일임업자,금지함,ACTION,전문투자자 중 대통령령으로 정하는 자 외의 자를 대상으로 투자일임업 영위,98,0.9,역외투자일임업자|전문투자자|투자일임업,2026-04-25
역외투자일임업자,요구함,ACTION,외화증권 보관,98,0.9,역외투자일임업자|외화증권|외국 보 관기관,2026-04-25
역외투자일임업자,참조함,STRUCTURE,대통령령,98,0.8,역외투자일임업자|대통령령,2026-04-25
임직원,요구함,ACTION,적절한 기준 및 절차 마련 및 운영실태 정기 점검,98,0.9,임직원|기준 및 절차|운영실태 점검,2026-04-25
투자자문업자 외의 자,요구함,ACTION,유사투자자문업 신고,101,0.95,유사투자자문업|신고,2026-04-25
유사투자자문업,정의함,LOGICAL,고객으로부터 일정한 대가를 받고 간행물·출판물·통신물·방송 등을 통하여 금융투자상품에 대한 투자판단 또는 가치에 관한 개별성 없는 조언을 하는 행위,101,0.85,유사투자자문업|금융투자상품|투자판단|가치조언,2026-04-25
자,신고,ACTION,금융위원회,제101조의 2,0.95,신고|금융위원회,2026-04-25
자,신고,ACTION,고시된 서식,제101조의 2,0.9,고시|서식,2026-04-25
제101조의2,참조함,STRUCTURE,제101조,제101조의2,0.95,제101조의2|제101조,2026-04-25
제101조의2,요구함,ACTION,신고,제101조의2,0.4,신고,2026-04-25
유사투자자문업자,요구함,ACTION,금융위원회에 보고,101조의3,0.95,보고|2주 이내|의무,2026-04-25
자료 제출을 요구받은 자,요구에 따라야 한다,ACTION,자료 제출,101조의3,0.9,정당한 사유가 없으면|요구에 따라야 한다,2026-04-25
사업자,요구함,ACTION,폐업신고,제8조,0.95,법적 의무|폐업신고,2026-04-25
관할 세무서장,권한을가짐,ACTION,사업자등록 말소,제8조,0.9,권한|사업자등록 말소,2026-04-25
전자상거래 등에서의 소비자보호에 관한 법,정의함,LOGICAL,제49조,49,0.95,정의,2026-04-25
전자상거래 등에서의 소비자보호에 관한 법,참조함,STRUCTURE,제49조,49,0.9,참조,2026-04-25
제101조의3,상위조항,STRUCTURE,제101조,제101조의3,0.4,제101조,2026-04-25
제173조의2제1항,참조함,STRUCTURE,제173조의2제1항,제173조의2제1항,0.9,제173조의2제1항,2026-04-25
제178조의2,참조함,STRUCTURE,제178조,Unknown,0.8,제178조의2|제178조,2026-04-25
제180조의 2,상위조항,STRUCTURE,제180조,180조의 2,0.7,제180조의 2|제180조,2026-04-25
영업자,제공함,ACTION,폐업 여부 또는 시정조 치 이행여부에 관한 정보,제39조,0.95,정보 제공|영업자|폐업 여부|시정조 치 이행여부,2026-04-25
유사투자자문업자,요구함,ACTION,제2항에 따른 보고,제419조,0.9,보고|제2항,2026-04-25
유사투자자문업자,금지함,ACTION,제2항에 따른 보고를 하지 않거나 거짓으로 보고한 경우,제419조,0.8,보고|제2항|거짓,2026-04-25
유사투자자문업자,금지함,ACTION,제3항 후단에 따른 정당한 사유 없이 자료제출을 하지 않거나 거짓으로 제출한 경우,제419조,0.8,자료제출|제3항|정당한 사유|거짓,2026-04-25
유사투자자문업자,위반함,ACTION,불건전 영업행위의 금지 의무,제101조의2,0.95,불건전 영업행위|금지 의무,2026-04-25
유사투자자문업자,처벌대상임,SANCTION,불건전 영업행위 위반,제101조의2,0.85,불건전 영업행위|위반,2026-04-25
제101조의3에 따른 준수사항,위반,ACTION,제101조의3,제101조의3,0.9,위반|준수사항,2026-04-25
유사투자자문업자,금지함,ACTION,불건전 영업행위,제101조의2,0.95,불건전 영업행위 금지|유사투자자문업자,2026-04-25
제101조의2,정의함,LOGICAL,불건전 영업행위 금지,제101조의2,0.9,불건전 영업행위 금지,2026-04-25
제55조,구성함,STRUCTURE,법률,55,0.3,제55조,2026-04-25
금융투자업자,정의함,LOGICAL,유사투자자문업자,제98조제 1항,0.95,정의|금융투자업자,2026-04-25
투자자문업자 또는 투자일임업,정의함,LOGICAL,유사투자자문업자,제98조제 1항,0.95,정의|투자자문업자,2026-04-25
투자자문업 또는 투자일임업,정의함,LOGICAL,유사투자자문업,제98조제 1항,0.95,정의|투자자문업,2026-04-25
유사투자자문업자,금지함,ACTION,표시 또는 광고,제98조제 1항,0.95,금지|표시|광고,2026-04-25
유사투자자문업자,금지함,ACTION,유사투자자문업자를 금융회사로 오인하게 하는 표시 또는 광고,제98조제 1항,0.95,금지|표시|광고|금융회사 오인,2026-04-25
유사투자자문업자,금지함,ACTION,손실보전 또는 이익보장이 되는 것으로 오인하게 하는 표시 또는 광고,제98조제 1항,0.95,금지|표시|광고|손실보전 오인,2026-04-25
유사투자자문업자,금지함,ACTION,수익률을 사실과 다르게 표시하거나 실현되지 아니한 수익률을 제시하는 표시 또는 광고,제98조제 1항,0.95,금지|표시|광고|수익률 오인,2026-04-25
유사투자자문업자,금지함,ACTION,비교의 대상 및 기준을 명시하지 아니하거나 객관적인 근거 없이 자기의 금융투자상품에 대한 투자판단 또는 금융투자상품의 가치에 관한 조언이 다른 유사투자자문업자보다 유리 하다고 주장하는 표시 또는 광고,제98조제 1항,0.95,금지|표시|광고|비교 기준 미제시,2026-04-25
유사투자자문업자,금지함,ACTION,그 밖에 투자자 보호 또는 건전한 거래질서를 해할 우려가 있는 표시 또는 광고로서 대통 령령으로 정하는 표시 또는 광고,제98조제 1항,0.95,금지|표시|광고|투자자 보호,2026-04-25
유사투자자문업자,포함하여야 한다,ACTION,표시 또는 광고에 다음 각 호의 사항을 포함하여야 한다,제101조의3,0.95,표시 또는 광고에 포함해야 할 사항,2026-04-25
유사투자자문업자,포함하여야 한다,ACTION,개별적인 투자 상담과 자금운용이 불가능하다는 사항,제101조의3,0.95,개별적인 투자 상담과 자금운용이 불가능하다는 사항,2026-04-25
유사투자자문업자,포함하여야 한다,ACTION,원금에 손실이 발생할 수 있으며 그 손실은 투자자에게 귀속된다는 사항,제101조의3,0.95,원금에 손실이 발생할 수 있으며 그 손실은 투자자에게 귀속된다는 사항,2026-04-25
유사투자자문업자,포함하여야 한다,ACTION,정식 금융투자업자가 아닌 유사투자자문업자라는 사항,제101조의3,0.95,정식 금융투자업자가 아닌 유사투자자문업자라는 사항,2026-04-25
제101조의3,법적 강제성,LOGICAL,MANDATORY,제101조의3,0.9,법적 강제성,2026-04-25
신탁업자,운용하여야 한다,ACTION,신탁재산,102,0.97,선관의무|운용,2026-04-25
신탁업자,수행하여야 한다,ACTION,수익자 이익,102,0.97,충실의무|수행,2026-04-25
신탁재산과 고유재산의 구분,정의함,LOGICAL,신탁법,104,0.9,신탁재산|고유재산|구분,2026-04-25
제34조제2항,예외로함,LOGICAL,신탁업자,제34조제2항,0.95,신탁업자|제34조제2항,2026-04-25
신탁업자,허용함,ACTION,신탁 재산,제34조제2항,0.9,신탁 재산을 고유재산으로 취득|신탁계약이 정하는 바에 따라,2026-04-25
신탁업자,조건부 허용함,ACTION,신탁 재산,제34조제2항,0.85,다음 각 호의 어느 하나에 해당하는 경우|신탁 재산을 고유재산으로 취득,2026-04-25
시세,정의함,LOGICAL,제176조제2항제1호의 시세,제176조제2항제1호,0.9,시세 정의|제176조제2항제1호,2026-04-25
시세,참조함,STRUCTURE,제176조제2항제1호,제176조제2항제1호,0.8,시세|제176조제2항제1호,2026-04-25
신탁업자,금지함,ACTION,고유재산으로부터 금전을 차입할 수 없다,제103조제1항제5호 및 제6호,0.95,신탁업자|고유재산|차입 금지,2026-04-25
신탁업자 고유재산 차입 금지,정의함,LOGICAL,신탁업자의 고유재산으로부터 금전을 차입할 수 없다,제103조제1항제5호 및 제6호,0.95,신탁업자|고유재산|차입 금지,2026-04-25
신탁업자 고유재산 차입 금지,예외로함,LOGICAL,대통령령으로 정하는 경우,제103조제1항제5호 및 제6호,0.9,대통령령|예외,2026-04-25
신탁재산,간주함,LOGICAL,여유자금,제103조제1항제5호 및 제6호,0.95,신탁재산|여유자금|운용함에 따라 발생한|여유자금 운용,2026-04-25
여유자금,요구함,ACTION,대통령령으로 정하는 금융기관에의 예치,제103조제1항제5호 및 제6호,0.95,여유자금|대통령령|예치|운용|여유자금 운용,2026-04-25
여유자금,요구함,ACTION,"국채증권, 지방채증권 또는 특수채증권의 매수",제103조제1항제5호 및 제6호,0.95,여유자금|국채증권|지방채증권|특수채증권|매수|운용|여유자금 운용,2026-04-25
여유자금,요구함,ACTION,정부 또는 대통령령으로 정하는 금융기관이 지급을 보증한 증권의 매수,제103조제1항제5호 및 제6호,0.95,여유자금|정부|증권|매수|운용|여유자금 운용,2026-04-25
여유자금,요구함,ACTION,그 밖에,제103조제1항제5호 및 제6호,0.95,여유자금|그 밖에|운용|여유자금 운용,2026-04-25
대통령령,정하는,LOGICAL,방법,제103조제1항제5호 및 제6호,0.9,대통령령|정하는|방법,2026-04-25
방법,저해하지 아니하는,LOGICAL,신탁재산의 안정성ㆍ수익성,제103조제1항제5호 및 제6호,0.8,방법|저해하지 아니하는|신탁재산의 안정성ㆍ수익성,2026-04-25
삭제,정의함,LOGICAL,제107조,제107조,0.85,삭제|제107조,2026-04-25
신탁업자,금지함,ACTION,금지되는 행위,108,0.95,불건전 영업행위|금지,2026-04-25
신탁업자,허용함,ACTION,금지되는 행위,108,0.9,예외|허용,2026-04-25
금지되는 행위,예외로함,LOGICAL,수익자 보호 및 건전한 거래질서를 해할 우려가 없는 경우,108,0.85,수익자 보호|거래질서,2026-04-25
금지되는 행위,예외로함,LOGICAL,대통령령으로 정하는 경우,108,0.85,대통령령|정하는 경우,2026-04-25
특정증권등,정의함,LOGICAL,제 172조제1항,172조제1항,0.9,정의|특정증권등,2026-04-25
신탁재산,금지함,ACTION,특정증권등 매매(시세 형성),제176조제2항제1호,0.92,시세|매매,2026-04-25
신탁재산,금지함,ACTION,특정 신탁재산의 이익을 해하면서 자기 또는 제삼자의 이익을 도모하는 행위,제176조제2항제1호,0.9,이익|해함|자기|제삼자,2026-04-25
신탁재산,금지함,ACTION,"신탁업자가 운용하는 다른 신탁재산, 집합투자재산 또는 투자일임재산과 거래하는 행위",제176조제2항제1호,0.9,거래|신탁업자|운용,2026-04-25
신탁재산,금지함,ACTION,신탁업자 또는 그 이해관계인의 고유재산과 거래하는 행위,제176조제2항제1호,0.9,거래|고유재산,2026-04-25
신탁재산,금지함,ACTION,수익자의 동의 없이 신탁업자 또는 그 이해관계인이 발행한 증권에 투자하는 행위,제176조제2항제1호,0.9,투자|증권|동의,2026-04-25
신탁재산,금지함,ACTION,투자운용인력이 아닌 자에게 신탁재산을 운용하게 하는 행위,제176조제2항제1호,0.9,운용|투자운용인력,2026-04-25
신탁재산,금지함,ACTION,수익자 보호 또는 건전한 거래질서를 해할 우려가 있는 행위(대통령령으로 정하는 행위),제176조제2항제1호,0.9,수익자 보호|거래질서|대통령령,2026-04-25
신탁업자,체결,ACTION,신탁계약,제109조,0.95,신탁업자|신탁계약,2026-04-25
신탁계약,적용함,STRUCTURE,금융소비자 보호에 관한 법률,제109조,0.9,신탁계약|금융소비자 보호에 관한 법률,2026-04-25
위탁자,요구함,ACTION,계약서류에 기재할 사항,제23조제1항,0.95,계약서류 기재사항|위탁자,2026-04-25
위탁자,기재해야 한다,ACTION,"위탁자, 수익자 및 신탁업자의 성명 또는 명칭",제23조제1항,0.95,계약서류 기재사항|위탁자,2026-04-25
위탁자,기재해야 한다,ACTION,수익자의 지정 및 변경에 관한 사항,제23조제1항,0.95,계약서류 기재사항|위탁자,2026-04-25
위탁자,기재해야 한다,ACTION,신탁재산의 종류ㆍ수량과 가격,제23조제1항,0.95,계약서류 기재사항|위탁자,2026-04-25
위탁자,기재해야 한다,ACTION,신탁의 목적,제23조제1항,0.95,계약서류 기재사항|위탁자,2026-04-25
위탁자,기재해야 한다,ACTION,계약기간,제23조제1항,0.95,계약서류 기재사항|위탁자,2026-04-25
위탁자,기재해야 한다,ACTION,신탁재산의 운용에 의하여 취득할 재산을 특정한 경우에는 그 내용,제23조제1항,0.95,계약서류 기재사항|위탁자,2026-04-25
위탁자,기재해야 한다,ACTION,손실의 보전 또는 이익의 보장을 하는 경우 그 보전ㆍ보장 비율 등에 관한 사항,제23조제1항,0.95,계약서류 기재사항|위탁자,2026-04-25
위탁자,기재해야 한다,ACTION,신탁업자가 받을 보수에 관한 사항,제23조제1항,0.95,계약서류 기재사항|위탁자,2026-04-25
위탁자,기재해야 한다,ACTION,신탁계약의 해지에 관한 사항,제23조제1항,0.95,계약서류 기재사항|위탁자,2026-04-25
위탁자,기재해야 한다,ACTION,그 밖에 수익자 보호 또는 건전한 거래질서를 위하여 필요한 사항으로서 대통령령으로 정하는 사항,제23조제1항,0.95,계약서류 기재사항|위탁자,2026-04-25
신탁업자,허용함,ACTION,수익증권,110조,0.95,신탁업자|수익증권,2026-04-25
신탁업자,요구함,ACTION,금융위원회에 미리 신고,110조,0.9,신탁업자|수익증권|금융위원회,2026-04-25
수익증권,정의함,LOGICAL,무기명식,110조,0.9,수익증권|무기명식,2026-04-25
수익증권,허용함,ACTION,기명식,110조,0.85,수익증권|기명식|수익자 청구,2026-04-25
기명식 수익증권,허용함,ACTION,무기명식,110조,0.85,기명식 수익증권|무기명식|수익자 청구,2026-04-25
수익증권,기재할 사항,LOGICAL,"신탁업자의 상호, 수익자의 성명 또는 명칭, 액면액, 운용방법 내용",110조,0.8,수익증권|신탁업자 상호|수익자 성명|액면액|운용방법,2026-04-25
수익증권,대표자 기명날인 또는 서명 필요,ACTION,대표자,110조,0.8,수익증권|대표자|기명날인|서명,2026-04-25
수익권,요구함,ACTION,수익증권,제103조제3항,0.95,수익권|수익증권,2026-04-25
수익권,예외로함,LOGICAL,기명식 수익증권,제103조제3항,0.9,수익권|기명식 수익증권,2026-04-25
신탁업자,매수할 수 있다,ACTION,수익증권,제111조,0.95,수익증권 매수|대통령령으로 정하는 방법에 따라,2026-04-25
제111조,적용법,STRUCTURE,신탁법,제111조,0.85,신탁법,2026-04-25
제36조 적용,예외로함,LOGICAL,제36조,제36조,0.9,제36조 적용|제36조,2026-04-25
신탁업자,행사한다,ACTION,주식에 대한 권리,112,0.95,신탁재산으로 취득한 주식,2026-04-25
신탁업자,행사해야 한다,ACTION,의결권,112,0.95,수익자의 이익 보호|충실하게,2026-04-25
신탁업자,예외,LOGICAL,의결권 행사,112,0.9,"합병, 영업의 양도ㆍ양수, 임원의 선임 등 손실 예상",2026-04-25
신탁업자,행사할 수 없다,ACTION,의결권,112,0.95,조건: 동일법인 주식 15% 초과|조건: 자기주식 확보,2026-04-25
신탁업자,행위 금지,ACTION,제2항 및 제3항 면하기 위한 행위,112,0.9,제삼자와의 계약|의결권 교차,2026-04-25
상호출자제한기업집단에 속하는 신탁업자,적용하지 않는다,LOGICAL,제2항,112,0.9,제2항 각 호 외의 부분 단서,2026-04-25
금융위원회,명할 수 있다,ACTION,주식의 처분,112,0.95,위반|6개월 이내,2026-04-25
신탁업자,공시해야 한다,ACTION,인터넷 홈페이지 등을 이용한 공시,112,0.95,"합병, 영업의 양도ㆍ양수, 임원의 선임 등 경영권 변경",2026-04-25
신탁업자,따라야 한다,ACTION,회계처리기준,제114조,0.95,회계처리기준|금융위원회|증권선물위원회,2026-04-25
금융위원회,위탁할 수 있다,ACTION,민간법인 또는 단체,제114조,0.9,금융위원회|민간법인|단체|위탁,2026-04-25
민간법인 또는 단체,보고해야 한다,ACTION,금융위원회,제114조,0.9,민간법인|단체|보고|금융위원회,2026-04-25
신탁업자,외부감사를 받아야 한다,ACTION,주식회사 등의 외부감사에 관한 법률,제114조,0.8,신탁업자|외부감사|주식회사,2026-04-25
금융위원회,제정 또는 개정할 수 있다,ACTION,회계처리기준,제114조,0.85,금융위원회|회계처리기준|제정|개정,2026-04-25
민간법인 또는 단체,제정 또는 개정할 수 있다,ACTION,회계처리기준,제114조,0.85,민간법인|단체|회계처리기준|제정|개정,2026-04-25
회계감사인,요청,ACTION,회계장부 등 관계 자료,제16조,0.95,회계감사|자료,2026-04-25
회계감사인,요구할 수 있다,ACTION,자료 제출,제16조,0.9,회계감사|자료 제출,2026-04-25
신탁업자,응하라,ACTION,회계감사인 요청,제16조,0.9,신탁업자|응하라,2026-04-25
제20조,준용한다,ACTION,신탁재산의 회계감사,제20조,0.95,회계감사|신탁재산,2026-04-25
손해배상책임,정의함,LOGICAL,회계감사인,제115조,0.9,회계감사인|손해배상책임,2026-04-25
감사반,배상할 책임을 진다,ACTION,손해,제2조제7호,0.95,연대배상 책임,2026-04-25
회계감사인과 신탁업자의 이사ㆍ감사,연대하여 배상할 책임을 진다,ACTION,손해,제2조제7호,0.95,연대배상 책임,2026-04-25
손해를 배상할 책임이 있는 자,배상할 책임이 있다,ACTION,손해,제2조제7호,0.9,고의가 없는 경우|책임비율에 따라,2026-04-25
소득인정액,정의함,LOGICAL,제2조제8호에 따른 소득인정액,제2조제8호,0.9,소득인정액|제2조제8호,2026-04-25
회계감사인과 신탁업자 이사·감사,요구함,ACTION,손해,제2조제8호,0.95,소득인정액|연대배상 책임,2026-04-25
제31조제6항부터 제9항까지의 규정,준용한다,STRUCTURE,제1항 및 제2항의 경우,31조제6항,0.95,준용|규정,2026-04-25
합병 후 존속하는 신탁업자 또는 합병으로 인하여 설립된 신탁업자,승계,ACTION,소멸된 신탁업자의 신탁에 관한 권리의무,제116조,0.95,신탁업자|합병|권리의무|승계,2026-04-25
제116조,준용함,STRUCTURE,신탁법,제116조,0.9,신탁법|준용,2026-04-25
제12조,정의함,LOGICAL,내용 없음,제12조,0.2,제12조,2026-04-25
제21조제2항 및 제3항,준용함,STRUCTURE,신탁업자의 임무 종료 및 새로운 신탁업자의 선임,21,0.95,준용|신탁업자|임무 종료|신탁업자 선임,2026-04-25
금융위원회,명할 수 있다,ACTION,재산의 공탁,21,0.98,명령|공탁|신탁업자,2026-04-25
금융위원회,명할 수 있다,ACTION,그 밖에 필요한 명령,21,0.98,명령|필요한 명령|신탁업자,2026-04-25
청산,구조,STRUCTURE,제117조,117,0.9,청산|제117조,2026-04-25
금융투자업자,준용한다,ACTION,청산,제95조,0.95,준용|청산,2026-04-25
제117조의2,상위조항,STRUCTURE,제117조,제117조의2,0.7,제117조의2|제117조,2026-04-25
관리형신탁,정의함,LOGICAL,특례,제117조의2,0.5,관리형신탁|특례,2026-04-25
신탁업자,수탁할 수 있다,ACTION,금전채권,제103조제1항제4호부터 제6호까지,0.95,신탁재산 수탁|금전채권,2026-04-25
등록을 하지 아니한 자,금지함,ACTION,온라인소액투자중개,117조의3,0.95,미등록 영업행위의 금지|등록을 하지 아니한 자,2026-04-25
미등록 영업행위의 금지,정의함,LOGICAL,등록을 하지 아니한 자는 온라인소액투자중개를 할 수 없다,117조의3,0.9,미등록 영업행위의 금지|등록을 하지 아니한 자,2026-04-25
온라인소액투자중개업자가 되고자 하는 자,요구함,ACTION,금융위원회에 등록,제117조의4,0.95,등록|온라인소액투자중개업자,2026-04-25
등록을 하려는 자,갖추다,ACTION,등록 요건,제12조,0.95,등록 요건|등록자,2026-04-25
등록을 하려는 자,본다,LOGICAL,제12조에 따른 인가,제12조,0.95,인정|등록자|인가,2026-04-25
대주주,정의함,LOGICAL,대주주,제5조,0.9,대주주,2026-04-26
온라인소액투자중개업자,제출해야 한다,ACTION,등록신청서,12,0.95,등록요건|온라인소액투자중개업자|등록신청서,2026-04-25
금융위원회,검토한다,ACTION,등록신청서,12,0.95,금융위원회|등록신청서,2026-04-25
금융위원회,결정한다,ACTION,등록 여부,12,0.95,금융위원회|등록 여부,2026-04-25
금융위원회,통지한다,ACTION,신청인,12,0.95,금융위원회|신청인,2026-04-25
금융위원회,보완요구한다,ACTION,등록신청서,12,0.9,금융위원회|등록신청서,2026-04-25
금융위원회,거부하지 않는다,ACTION,등록,12,0.9,금융위원회|등록,2026-04-25
금융위원회,공고한다,ACTION,등록결정 내용,12,0.9,금융위원회|등록결정 내용,2026-04-25
온라인소액투자중개업자,유지한다,ACTION,등록요건,12,0.9,온라인소액투자중개업자|등록요건,2026-04-25
대통령령,정한다,STRUCTURE,"등록요건, 등록신청서 기재사항, 첨부서류, 등록검토 방법, 절차",12,0.85,대통령령|등록요건,2026-04-25
온라인소액투자중개업자(다른금융투자업 영위하지 않음),금지함,ACTION,"""금융투자"" 및 유사한 의미를 가지는 외국어 문자",제117조의5,0.95,유사명칭의 사용 금지|금융투자|외국어 문자,2026-04-25
온라인소액투자중개업자가 아닌 자,금지함,ACTION,"""온라인소액투자중개"" 또는 유사한 명칭",제117조의5,0.95,유사명칭의 사용 금지|온라인소액투자중개|유사명칭,2026-04-25
유사명칭의 사용 금지,정의함,LOGICAL,온라인소액투자중개업자 및 비업자에 대한 명칭 사용 금지,제117조의5,0.9,유사명칭의 사용 금지|명칭 사용 금지,2026-04-25
온라인소액투자중개업자,보고하여야 한다,ACTION,금융위원회,제117조의6,0.95,보고|대주주가 변경된 경우,2026-04-25
온라인소액투자중개업자,정하여야 한다,ACTION,내부통제기준,제117조의6,0.95,내부통제기준|대통령령으로 정하는 사항,2026-04-25
제28조,정의함,LOGICAL,제28조,제28조,0.0,제28조,2026-04-25
제30조,정의함,LOGICAL,제30조,30,0.1,제30조,2026-04-25
온라인소액투자중개업자,예외로함,LOGICAL,제31조,31,0.95,온라인소액투자중개업자|제31조,2026-04-25
영업행위의 규제,정의함,LOGICAL,영업행위,제117조의7,0.7,영업행위의 규제|영업행위,2026-04-25
공시의 의무,정의함,LOGICAL,공시의 의무,40조,0.6,공시의 의무,2026-04-25
제48조,정의함,LOGICAL,정의 없음,48,0.3,제48조,2026-04-25
제50조,정의함,LOGICAL,Unknown,50,0.1,Unknown,2026-04-25
자본시장의 공정성ㆍ신뢰성 및 효율성,정의함,LOGICAL,제1조에 규정된 자본시장의 공정성ㆍ신뢰성 및 효율성,1,0.9,자본시장의 공정성|신뢰성|효율성,2026-04-25
제61조,정의함,LOGICAL,regulation,61,0.2,제61조|regulation,2026-04-25
제66조부 터,참조함,STRUCTURE,제66조 이후의 조항들,66,0.8,제66조부 터|제66조 이후,2026-04-25
Unknown,상위조항,STRUCTURE,제70조,Unknown,0.5,제70조까지|적용범위,2026-04-25
제1조,정의함,LOGICAL,자본시장의 공정성ㆍ신뢰성 및 효율성,제1조,0.95,자본시장의 공정성|신뢰성|효율성,2026-04-25
제2조,정의함,LOGICAL,국외행위에 대한 적용,제2조,0.95,국외행위에 대한 적용,2026-04-25
제3조,정의함,LOGICAL,금융투자상품,제3조,0.95,금융투자상품,2026-04-25
제77조의2,참조함,STRUCTURE,제2조,제77조의2,0.4,제2조,2026-04-25
제77조의3,참조함,STRUCTURE,제77조의2,제77조의3,0.3,제77조의3|제77조의2,2026-04-25
제78조,참조함,STRUCTURE,금융소비자 보호 에 관한 법률,제78조,0.9,제78조|금융소비자 보호 에 관한 법률,2026-04-25
제17조,참조함,STRUCTURE,제2조,17,0.3,제2조|국외행위에 대한 적용,2026-04-25
Unknown,정의함,LOGICAL,제19조까지,Unknown,0.6,핵심 개념|제19조까지,2026-04-25
제21조,구조,STRUCTURE,제21조,21,0.0,제21조,2026-04-25
제23조,정의함,LOGICAL,적용배제,23,0.3,제23조|적용배제,2026-04-25
제25조제1항,구조,STRUCTURE,제25조,제25조제1항,0.5,제25조,2026-04-25
제26조,정의함,LOGICAL,없음,26,0.0,제26조,2026-04-25
제44조,참조함,STRUCTURE,제1조,44,0.4,제44조|제1조,2026-04-25
제46조까지의 규정,적용받지 않는다,STRUCTURE,온라인소액투자중개업자,46,0.9,적용배제,2026-04-25
온라인소액투자중개업자,하지 않는다,ACTION,"증권을 자기의 계산으로 취득하거나, 증권의 발행 또는 그 청약을 주선 또는 대리하는 행위",46,0.95,금지|자기계산취득|주선대리,2026-04-25
온라인소액투자중개업자,자문에 응하지 않는다,ACTION,온라인소액증권발행인의 신용 또는 투자 여부에 대한 투자자의 판단에 영향을 미칠 수 있는 자문이나 온라인소액증권발행인의 경영에 관한 자문,46,0.95,금지|자문응답금지,2026-04-25
온라인소액투자중개업자,청약의 의사 표시를 받아서는 아니 된다,ACTION,투자자가 서명 등 대통령령으로 정하는 방법으로 확인하기 전,46,0.9,금지|청약의사미확인,2026-04-25
온라인소액투자중개업자,제한할 수 있다,ACTION,투자자의 자격 등을 합리적이고 명확한 기준에 따라,46,0.9,허용|자격제한,2026-04-25
온라인소액투자중개업자,청약을 하여서는 아니 된다,ACTION,투자자의 재산으로 증권의 청약을 하는 행위,46,0.95,금지|청약대리,2026-04-25
온라인소액투자중개업자,우대하거나 차별하지 않는다,ACTION,특정한 온라인소액증권발행인 또는 투자자,46,0.95,금지|우대차별금지,2026-04-25
온라인소액투자중개업자,우대하거나 차별할 수 있다,ACTION,투자자가 청약의 의사를 먼저 표시하는 등 대통령령으로 정하는 정당한 사유가 있는 경우,46,0.8,예외|우대차별가능,2026-04-25
온라인소액투자중개업자,통지하여야 한다,ACTION,증권의 청약 및 발행에 관한 내역을 금융위원회가 정하여 고시하는 방법에 따라,46,0.9,의무|통지,2026-04-25
온라인소액투자중개업자,금지함,ACTION,증권의 청약을 권유하는 일체의 행위,제117조의10,0.95,온라인소액투자중개업자|증권의 청약 권유,2026-04-25
온라인소액투자중개업자,예외로함,ACTION,다음 각 호의 행위,제117조의10,0.85,예외 행위,2026-04-25
온라인소액투자중개업자,요구함,ACTION,필요한 조치를 취하여야 한다,제117조의10,0.9,필요한 조치|발행한도|투자한도,2026-04-25
투자광고 게시,정의함,LOGICAL,본문에 따른 투자광고를 자신의 인터넷 홈페이지에 게시하거나 같은 항 단서에 따라 같은 항 각 호의 사항을 제공하는 행위,제117조의9제1항,0.95,투자광고 게시|본문에 따른 투자광고|인터넷 홈페이지|제공,2026-04-25
온라인소액증권발행인,게시,ACTION,인터넷 홈페이지,제117조의10제2항,0.95,게시|인터넷 홈페이지,2026-04-25
온라인소액증권발행인,관리,ACTION,투자자 의견 교환,제117조의10제2항,0.9,관리|투자자 의견 교환,2026-04-25
온라인소액투자중개업자,금지함,ACTION,투자자 의견 삭제 및 수정,제117조의10제2항,0.9,삭제 금지|수정 금지|투자자 의견,2026-04-25
온라인소액 증권발행인,전송함,ACTION,특정 투자자,제117조의10제2항,0.95,전송|특정 투자자,2026-04-25
온라인소액투자중개업자,금지함,ACTION,투자자 재산의 보관·예탁,제117조의8,0.95,보관·예탁 금지,2026-04-25
온라인소액투자중개업자,요구함,ACTION,청약증거금이 은행 또는 증권금융회사에 예치·신탁되도록,제117조의8,0.95,예치·신탁 의무,2026-04-25
온라인소액투자중개업자,요구함,ACTION,투자자의 청약증거금이 투자자의 재산임을 밝히다,제117조의8,0.95,재산성 명시 의무,2026-04-25
온라인소액투자중개업자,금지함,ACTION,청약증거금의 양도·담보제공,제117조의8,0.95,양도·담보제공 금지,2026-04-25
온라인소액투자중개업자,요구함,ACTION,청약증거금이 법제처 등에게 우선 지급되도록 조치,제117조의8,0.95,우선 지급 조치 의무,2026-04-25
청약증거금,정의함,LOGICAL,투자자의 재산,제117조의8,0.95,재산성,2026-04-25
청약증거금,금지함,ACTION,상계·압류,제117조의8,0.9,상계·압류 금지,2026-04-25
온라인소액투자중개업자·온라인소액증권발행인,금지함,ACTION,수단(인터넷 홈페이지 이외의 수단을 통한 투자광고),제117조의9,0.95,투자광고|수단|인터넷 홈페이지,2026-04-25
온라인소액투자중개업자·온라인소액증권발행인,허용함,ACTION,"다른 매체를 이용하여 제공할 수 있는 사항(투자광고가 게시된 인터넷 홈페이지 주소, 투자광고가 게시된 인터넷 홈페이지에 접속할 수 있는 장치, 온라인소액투자중개업자·온라인소액증권발행인의 명칭, 온라인소액증권발행인의 업종 및 증권의 청약기간)",제117조의9,0.9,투자광고|다른 매체|제공,2026-04-25
온라인소액투자중개업자 또는 온라인소액증권발행인이 아닌 자,금지함,ACTION,온라인소액투자중개에 대한 투자광고,제2조제1항제3호,0.95,투자광고|온라인소액투자중개|비등록자,2026-04-25
제2조제1항제3호,구조,STRUCTURE,제2조제1항제3호의 정보통신서비스 제공자가 운영하는 포털서비스를 이용하여 제공하는 경우에 한정,제2조제1항제3호,0.85,포털서비스|제한조건,2026-04-25
본조,준용함,ACTION,제57조,제57조,0.95,준용,2026-04-25
온라인소액투자중개자,모집,ACTION,증권,제117조의10,0.9,증권 모집|대통령령 금액 이하,2026-04-25
제119조,참조함,STRUCTURE,제119조 및,제119조,0.3,제119조|제119조 및,2026-04-25
온라인소액투자중개업자,제공할 수 있다,ACTION,정보,제117조의7제10항 제3호,0.9,제117조의7제10항 제3호|온라인소액투자중개업자|정보,2026-04-25
온라인소액증권발행인,정정해야 한다,ACTION,제2항에 따른 게재의 내용,제117조의7제10항 제3호,0.9,제117조의7제10항 제3호|온라인소액증권발행인|제2항에 따른 게재의 내용,2026-04-25
온라인소액투자중개업자,관리함,ACTION,인터넷 홈페이지,제117조의7제10항 제3호,0.8,제117조의7제10항 제3호|온라인소액투자중개업자|인터넷 홈페이지,2026-04-25
정보,상이하다,LOGICAL,제2항에 따른 게재의 내용,제117조의7제10항 제3호,0.85,제117조의7제10항 제3호|정보|제2항에 따른 게재의 내용,2026-04-25
정정 게재일,청약기간의 말일을 변경한다,LOGICAL,그 게재일부터 7일 후,제117조의7제10항 제3호,0.8,제117조의7제10항 제3호|정정 게재일|청약기간의 말일,2026-04-25
온라인소액투자중개업자,확인해야 한다,ACTION,온라인소액증권발행인,제117조의11,0.95,온라인소액투자중개업자|온라인소액증권발행인|사실확인,2026-04-25
온라인소액투자중개업자,확인해야 한다,ACTION,재무상황,제117조의11,0.9,온라인소액투자중개업자|재무상황|사실확인,2026-04-25
온라인소액투자중개업자,확인해야 한다,ACTION,사업계획,제117조의11,0.9,온라인소액투자중개업자|사업계획|사실확인,2026-04-25
온라인소액투자중개업자,확인해야 한다,ACTION,대표자 및 경영진 이력,제117조의11,0.9,온라인소액투자중개업자|대표자 및 경영진 이력|사실확인,2026-04-25
온라인소액투자중개업자,확인해야 한다,ACTION,모집 자금 사용 계획,제117조의11,0.9,온라인소액투자중개업자|모집 자금 사용 계획|사실확인,2026-04-25
온라인소액투자중개업자,확인해야 한다,ACTION,신뢰성 확인 사항,제117조의11,0.9,온라인소액투자중개업자|신뢰성 확인 사항|사실확인,2026-04-25
금융위원회,정하여 고시한다,ACTION,방법 및 절차,제117조의11,0.9,금융위원회|방법 및 절차|정의함,2026-04-25
사실확인,정의함,LOGICAL,온라인소액투자중개업자가 온라인소액증권발행인에 관한 사실을 확인해야 함,제117조의11,0.95,사실확인|온라인소액투자중개업자|온라인소액증권발행인,2026-04-25
손해배상책임,정의함,LOGICAL,온라인소액투자중개업자,제117조의12,0.6,손해배상책임 정의|온라인소액투자중개업자,2026-04-25
증권,기재함,ACTION,서류 또는 사업계획서,제117조의10제2항,0.95,발행조건|재무상태,2026-04-25
온라인소액증권발행인,요구함,ACTION,배상책임을 진다,제117조의10제4항,0.95,배상책임|손해,2026-04-25
그 증권의 발행조건과 재무상태 등을 기재한 서류 또는 사업계획서의 작성 당시의 온라인 소액증권발행인의 대표자 또는 이사,요구함,ACTION,배상책임을 진다,제117조의10제4항,0.95,배상책임|손해,2026-04-25
배상책임을 질 자,예외로함,LOGICAL,배상책임을 지지 않는다,제117조의10제4항,0.9,배상책임|예외,2026-04-25
청구권자,소멸한다,ACTION,배상의 책임,제126조,0.95,배상 책임 소멸|청구권자,2026-04-25
청구권자,행위하지 않음,ACTION,청구권 행사,제126조,0.9,1년 이내|3년 이내,2026-04-25
배상 책임 소멸,준용함,STRUCTURE,제126조,제126조,0.85,배상 책임 소멸|제126조,2026-04-25
온라인소액투자중개업자,제공해야 한다,ACTION,중앙기록관리기관,제117조의13,0.95,자료 제공|의무,2026-04-25
온라인소액증권발행인,요구함,ACTION,예탁결제원에 투자자명부 관리 업무를 위탁한다,제117조의14,0.95,투자자명부 관리|위탁,2026-04-25
예탁결제원,요구함,ACTION,투자자명부를 작성·비치하여야 한다,제117조의14,0.95,투자자명부|작성|비치,2026-04-25
예탁결제원,금지함,ACTION,투자자명부 정보를 타인에게 제공한다,제117조의14,0.95,정보제공|타인,2026-04-25
예탁결제원,허용함,ACTION,투자자명부 정보를 온라인소액투자중개업자 또는 해당 온라인소액증권발행인에게 제공한다,제117조의14,0.95,정보제공|예외,2026-04-25
예탁결제원,준용함,STRUCTURE,대통령령으로 정하는 경우에 따라 투자자명부 정보를 제공할 수 있다,제117조의14,0.9,대통령령|정하는 경우,2026-04-25
제358조의2제1항 및 제2항,준용한다,STRUCTURE,온라인소액투자중개를 통하여 발행된 증권,제358조의2,0.95,준용|온라인소액투자중개|증권,2026-04-25
정보통신망 이용촉진 및 정보보호 등에 관한 법률,정의함,LOGICAL,제117조의15,제117조의15,0.9,정의|법률,2026-04-25
전자게시판서비스 제공자,정의함,LOGICAL,같은 항 제3호의 정보통신서비스 제공자,제2조제1항제9호,0.95,정의|전자게시판서비스 제공자 정의,2026-04-25
전자게시판서비스 제공자,운영,ACTION,게시판,제2조제1항제9호,0.9,운영|게시판 운영,2026-04-25
온라인소액증권발행인 또는 온라인소액투자중개업자,이용함,ACTION,게시판,제117조의9제1항,0.95,온라인소액증권발행인|게시판,2026-04-25
온라인소액증권발행인 또는 온라인소액투자중개업자,이행함,ACTION,게시판 이용에 관한 사항,제117조의9제1항,0.85,온라인소액증권발행인|게시판,2026-04-25
제117조의9제 1항,정의함,LOGICAL,각 호의 사항을 제공하는 경우,제117조의9제 1항,0.95,제117조의9제 1항|제공|각 호의 사항,2026-04-25
의무 준수,참조함,STRUCTURE,제117조의9,제117조의9,0.95,의무 준수|제117조의9에 따른 의무,2026-04-25
의무 준수,권고,ACTION,게시판,제117조의9,0.85,권고|게시판을 이용하여,2026-04-25
의무 준수,안내,ACTION,의무,제117조의9,0.8,안내|의무,2026-04-25
온라인소액증권발행인,이행할 것,ACTION,접속 제한,제117조의9제1항,0.95,위반 시 조치|접속 제한,2026-04-25
온라인소액증권발행인,이행할 것,ACTION,정보 삭제,제117조의9제1항,0.95,위반 시 조치|정보 삭제,2026-04-25
온라인소액증권발행인,이행할 것,ACTION,금융위원회에 신고,제117조의9제1항,0.95,위반 시 조치|신고,2026-04-25
온라인소액증권발행인,이행할 것,ACTION,대통령령으로 정하는 사항,제117조의9제1항,0.95,위반 시 조치|대통령령으로 정하는 사항,2026-04-25
온라인소액투자중개업자,이행할 것,ACTION,접속 제한,제117조의9제1항,0.95,위반 시 조치|접속 제한,2026-04-25
온라인소액투자중개업자,이행할 것,ACTION,정보 삭제,제117조의9제1항,0.95,위반 시 조치|정보 삭제,2026-04-25
온라인소액투자중개업자,이행할 것,ACTION,금융위원회에 신고,제117조의9제1항,0.95,위반 시 조치|신고,2026-04-25
온라인소액투자중개업자,이행할 것,ACTION,대통령령으로 정하는 사항,제117조의9제1항,0.95,위반 시 조치|대통령령으로 정하는 사항,2026-04-25
금융위원회,요구할 수 있다,ACTION,시정명령,제117조의9제1항,0.95,시정명령|요구,2026-04-25
금융위원회,요구할 수 있다,ACTION,과태료 부과,제117조의9제1항,0.95,과태료 부과|요구,2026-04-25
금융감독원,권한을가짐,ACTION,금융기관,제117조의16,0.95,검사 및 조치,2026-04-25
제117조의16,요구함,ACTION,금융감독원,제117조의16,0.9,검사 및 조치,2026-04-25
온라인소액투자중개업자,예외로함,LOGICAL,제419조제2항부터 제4항까지 및 제8항,제419조제2항부터 제4항까지 및 제8항,0.95,온라인소액투자중개업자|제419조제2항부터 제4항까지 및 제8항,2026-04-25
이 장,금지함,ACTION,대통령령으로 정하는 증권,118,0.95,적용 제외|증권,2026-04-25
이 장,적용 제외,LOGICAL,대통령령으로 정하는 증권,118,0.9,적용 제외|증권,2026-04-25
발행인,제출,ACTION,신고서,제119조,0.95,모집·매출 신고|발행인|신고서,2026-04-25
발행인,제출,ACTION,일괄신고서,제119조,0.95,일괄신고서|발행인|신고서,2026-04-25
발행인,제출,ACTION,일괄신고추가서류,제119조,0.9,일괄신고추가서류|발행인|신고서,2026-04-25
발행인,허용함,ACTION,별도 신고서 제출을 하지 않아도 된다,제119조,0.9,일괄신고서|별도 신고서 제출|허용,2026-04-25
발행인,허용함,ACTION,예측정보 기재,제119조,0.85,예측정보|발행인|허용,2026-04-25
발행인,금지함,ACTION,증권 모집·매출,제119조,0.9,신고서 승인|발행인|증권 모집·매출,2026-04-25
종속회사,요구함,ACTION,자료,제119조의2,0.95,자료요구권|종속회사,2026-04-25
제119조의2,정의함,LOGICAL,자료요구권,제119조의2,0.9,자료요구권,2026-04-25
종속회사,정의함,LOGICAL,지배ㆍ종속의 관계에 있는 경우 그에 종속되는 회사,제2조제3호,0.95,종속회사|지배ㆍ종속의 관계,2026-04-25
연결재무제표 작성대상법인,요구할 수 있다,ACTION,종속회사,제2조제3호,0.95,연결재무제표 작성대상법인|종속회사|증권신고서,2026-04-25
연결재무제표 작성대상법인,조사할 수 있다,ACTION,종속회사의 업무와 재산상태,제2조제3호,0.9,연결재무제표 작성대상법인|종속회사의 업무와 재산상태,2026-04-25
신고의 효력발생시기,정의함,LOGICAL,제120조(신고의 효력발생시기 등),120,0.9,신고의 효력발생시기|정의,2026-04-25
거래의 제한,정의함,LOGICAL,제121조(거래의 제한),121,0.6,거래의 제한|제121조,2026-04-25
발행인·매출인과 그 대리인,금지함,ACTION,청약의 승낙,제120조,0.95,신고의 효력이 발생하지 아니한 증권|취득 또는 매수의 청약,2026-04-25
제120조,참조함,STRUCTURE,신고의 효력이 발생하지 아니한 증권의 취득 또는 매수의 청약,제120조,0.9,신고의 효력이 발생하지 아니한 증권|취득 또는 매수의 청약,2026-04-25
발행인ㆍ매출인과 그 대리인,금지함,ACTION,청약에 대한 승낙,제119조제2항,0.95,승낙 금지|발행인·매출인·대리인|청약,2026-04-25
발행인ㆍ매출인과 그 대리인,요구함,ACTION,일괄신고추가서류를 제출하여야 한다,제119조제2항,0.85,일괄신고추가서류 제출|발행인·매출인·대리인,2026-04-25
제119조제2항,참조함,STRUCTURE,제119조,제119조제2항,0.9,제119조제2항|제119조,2026-04-25
금융위원회,요구함,ACTION,정정신고서,122,0.95,정정신고서|금융위원회|증권신고서,2026-04-25
증권신고서,간주함,LOGICAL,수리되지 아니한 상태,122,0.9,증권신고서|수리되지 아니한,2026-04-25
증권신고서 제출자,제출할 수 있다,ACTION,정정신고서,119,0.9,정정신고서 제출|제출 가능 기간,2026-04-25
증권신고서 제출자,제출하여야 한다,ACTION,정정신고서,119,0.95,정정신고서 제출|대통령령 중요사항|투자자 보호,2026-04-25
일괄신고서를 제출한 자,제출할 수 있다,ACTION,정정신고서,119,0.9,정정신고서 제출|일괄신고서 예외,2026-04-25
정정신고서,정정할 수 있다,ACTION,발행예정금액,119,0.85,정정신고서|발행예정금액|100분의 20 범위|대통령령 한도,2026-04-25
정정신고서,수리된 날에,LOGICAL,증권신고서,119,0.9,정정신고서|수리된 날|증권신고서 수리,2026-04-25
발행인,제출하지 아니하는 경우,LOGICAL,증권신고서,119,0.9,발행인|정,2026-04-25
투자설명서,정의함,LOGICAL,작성 및 공시,제123조,0.7,투자설명서|작성 및 공시,2026-04-25
발행인,요구함,ACTION,투자설명서 작성,제119조,0.95,투자설명서|작성,2026-04-25
발행인,준용함,STRUCTURE,대통령령으로 정하는 방법,제119조,0.8,대통령령|방법,2026-04-25
간이투자설명서,제공함,ACTION,그 증권신고의 효력이 발생하는 날,제124조제2항제3호,0.8,간이투자설명서 제공|효력 발생 시점,2026-04-25
간이투자설명서,제한범위,LOGICAL,집합투자증권,제124조제2항제3호,0.8,집합투자증권|간이투자설명서,2026-04-25
일괄신고추가서류,제출,ACTION,금융위원회,제119조제2항,0.95,일괄신고추가서류|제출,2026-04-25
일괄신고추가서류,비치,ACTION,총리령으로 정하는 장소,제119조제2항,0.95,일괄신고추가서류|비치,2026-04-25
일반인,열람할 수 있도록 하여야 한다,ACTION,일괄신고추가서류,제119조제2항,0.95,일반인|열람,2026-04-25
발행인,요구함,ACTION,투자설명서 및 간이투자설명서,제119조제2항,0.95,투자설명서 제출|간이투자설명서 제출,2026-04-25
발행인,요구함,ACTION,금융위원회,제119조제2항,0.92,투자설명서 제출|간이투자설명서 제출,2026-04-25
발행인,요구함,ACTION,총리령으로 정하는 장소,제119조제2항,0.92,투자설명서 비치|간이투자설명서 비치,2026-04-25
발행인,허용함,ACTION,기재 항목 생략,제119조제2항,0.9,기재 생략|대통령령으로 정하는 사항,2026-04-25
발행인,허용함,ACTION,제출·비치·공시를 하지 아니할 수 있다,제119조제2항,0.88,제출 생략|비치 생략|공시 생략|모집·매출 중지,2026-04-25
발행인,요구함,ACTION,다시 고친 투자설명서 및 간이투자설명서 제출,제119조제2항,0.93,재제출|총리령으로 정하는 기간마다,2026-04-25
변경등록을 한 경우,요구함,ACTION,투자설명서 및 간이투자설명서 제출(5일 이내),제182조제8항,0.95,변경등록|투자설명서|간이투자설명서|제출|5일 이내,2026-04-25
자,사용하도록 요구함,ACTION,정당한 투자설명서,124,0.95,정당한 투자설명서|증권신고의 효력 발생,2026-04-25
자,취득하고자 하는,ACTION,증권신고의 효력이 발생한 증권,124,0.85,증권신고의 효력 발생,2026-04-25
투자자,정의함,LOGICAL,자본시장과 금융투자업에 관한 법률에 따른 투자자,제123조,0.8,정의|투자자,2026-04-25
간이투자설명서,정의함,LOGICAL,제2항제3호에 따른 간이투자설명서,123,0.95,간이투자설명서 정의|제2항제3호 간이투자설명서,2026-04-25
간이투자설명서,참조함,STRUCTURE,제2항제3호에 따른 간이투자설명서,123,0.9,간이투자설명서|제2항제3호 간이투자설명서,2026-04-25
미리 교부,예외로함,LOGICAL,그 증권을 취득하거나 매도,132,0.9,미리 교부|취득|매도,2026-04-25
전자문서 교부,정의함,LOGICAL,전자문서 수신자,436,0.85,정의|전자문서 교부,2026-04-25
전자문서수신자,동의함,ACTION,전자문서 교부,436,0.95,동의|전자문서 교부,2026-04-25
전자문서수신자,지정할 것,ACTION,전자전달매체,436,0.9,지정|전자전달매체,2026-04-25
전자문서수신자,확인할 것,ACTION,전자문서 수신 사실,436,0.9,확인|수신 사실,2026-04-25
전자문서,동일함,LOGICAL,서면 투자설명서,436,0.9,동일|내용,2026-04-25
누구든지,따라야 한다,ACTION,전자문서 교부 방법,436,0.8,따라야 한다|방법,2026-04-25
투자설명서 사용,정의함,LOGICAL,방법 2,제120조제1항,0.9,투자설명서 사용|방법 2,2026-04-25
발행인,사용,ACTION,예비투자설명서,제120조제1항,0.95,예비투자설명서|사용,2026-04-25
예비투자설명서,정의함,LOGICAL,신고의 효력이 발생되지 아니한 사실을 덧붙여 적은 투자설명서,제120조제1항,0.9,예비투자설명서|정의,2026-04-25
발행인,요구함,ACTION,간이투자설명서,제120조제1항,0.95,간이투자설명서 사용|발행인,2026-04-25
집합투자증권,허용함,ACTION,간이투자설명서,제120조제1항,0.9,집합투자증권|간이투자설명서,2026-04-25
간이투자설명서,정의함,LOGICAL,"투자설명서에 기재하여야 할 사항 중 그 일부를 생략하거나 중요한 사항만을 발췌하여 기재 또는 표시한 문서, 전자문서, 그 밖에 이에 준하는 기재 또는 표시",제120조제1항,0.85,간이투자설명서 정의,2026-04-25
투자설명서,요구함,ACTION,투자설명서를 별도로 요청할 수 있음을 알려야 한다,제123조,0.9,알려야 한다|투자설명서,2026-04-25
배상책임,정의함,LOGICAL,손해에 대한 배상 책임,제125조,0.9,배상책임|손해|거짓의 기재,2026-04-25
신고인과 발행인 이사,배상의 책임을 진다,ACTION,손해,제125조,0.95,배상책임|손해|거짓의 기재,2026-04-25
배상의 책임을 질 자,예외로함,LOGICAL,배상의 책임을 지지 않는다,제125조,0.9,예외|배상책임|상당한 주의|알 수 없었음|취득자 청약,2026-04-25
자,지시함,ACTION,증권신고서의 작성,제401조의2제1항,0.95,증권신고서|지시|작성,2026-04-25
자,집행함,ACTION,증권신고서의 작성,제401조의2제1항,0.95,증권신고서|집행|작성,2026-04-25
자,증명함,ACTION,증권신고서의 기재사항 및 첨부서류의 진실·정확성,제401조의2제1항,0.9,증권신고서|증명|기재사항|첨부서류,2026-04-25
자,동의함,ACTION,증권신고서의 기재사항 또는 첨부서류에 대한 평가·분석·확인 의견,제401조의2제1항,0.9,증권신고서|동의|평가|분석|확인,2026-04-25
자,확인함,ACTION,증권신고서의 기재사항 또는 첨부서류,제401조의2제1항,0.9,증권신고서|확인|기재사항|첨부서류,2026-04-25
자,작성하거나 교부함,ACTION,투자설명서,제401조의2제1항,0.85,투자설명서|작성|교부,2026-04-25
주권비상장법인,제2항 적용 제외,LOGICAL,증권신고서 제출,제401조의2제1항,0.9,주권비상장법인|제2항|제외|증권신고서,2026-04-25
손해배상액,정의함,LOGICAL,손해배상액,제126조,0.95,손해배상액 정의,2026-04-25
청구권자,요구함,ACTION,배상금액 추정,제125조,0.95,배상금액 추정|청구권자,2026-04-25
배상금액,정의함,LOGICAL,청구권자가 실제 지급한 금액에서 다음 각 호의 어느 하나에 해당하는 금액을 뺀 금액,제125조,0.9,배상금액 추정|배상금액,2026-04-25
제125조,참조함,STRUCTURE,배상금액 추정,제125조,0.9,제125조|배상금액 추정,2026-04-25
증권,요구함,ACTION,시장가격,125,0.95,증권의 시장가격|손해배상|소송 변론 종결,2026-04-25
증권,요구함,ACTION,처분가격,125,0.9,소송 변론 종결 이전|처분가격,2026-04-25
증권,요구함,ACTION,추정처분가격,125,0.85,시장가격이 없는 경우|추정처분가격,2026-04-25
배상책임을 질 자,지지 아니한다,ACTION,배상책임,125,0.95,배상책임|증명|중요사항|거짓의 기재 또는 표시,2026-04-25
배상청구권의 소멸,정의함,LOGICAL,배상청구권,제127조,0.6,배상청구권의 소멸|배상청구권,2026-04-25
발행인,제출하도록 요구함,ACTION,증권발행실적보고서,128,0.95,증권발행실적보고서|발행인|제출,2026-04-25
간이투자설명서,포함한다,ACTION,간이투자설명서,제124조제2항제3호,0.9,간이투자설명서,2026-04-25
신고서 제출,정의함,LOGICAL,신고서 제출 의무 (모집·매출에 대한 보고 의무),제130조,0.6,신고서 제출|모집|매출,2026-04-25
발행인,요구함,ACTION,재무상태에 관한 사항의 공시,제119조제1항,0.95,공시|재무상태,2026-04-25
발행인,요구함,ACTION,대통령령으로 정하는 조치,제119조제1항,0.9,조치|대통령령,2026-04-25
발행인,준용함,STRUCTURE,제119조제1항,제119조제1항,0.85,제119조제1항에 따른,2026-04-25
둘 이상의 증권의 발행 또는 매도가 사실상 동일한 증권의 발행 또는 매도로 인정되는 경우,보아,ACTION,제1항을 적용한다,제119조제6항,0.9,자금조달 계획의 동일성|대통령령으로 정하는 사항,2026-04-25
자금조달 계획의 동일성 등 대통령령으로 정하는 사항,종합적으로 고려한다,LOGICAL,둘 이상의 증권의 발행 또는 매도가 사실상 동일한 증권의 발행 또는 매도로 인정되는 경우,제119조제6항,0.85,자금조달 계획의 동일성|대통령령으로 정하는 사항,2026-04-25
금융위원회,요구함,ACTION,"증권신고의 신 고인, 증권의 발행인, 매출인, 인수인, 그 밖의 관계인에 대하여 보고 또는 자료 제출",제131조,0.95,보고 및 조사|투자자 보호|증권신고의 신 고인|증권의 발행인|매출인|인수인|관계인,2026-04-25
금융위원회,요구함,ACTION,금융감독원장에게 장부·서류·그 밖의 물건 조사,제131조,0.95,보고 및 조사|투자자 보호|금융감독원장|장부·서류·물건|조사,2026-04-25
조사를 하는 자,요구함,ACTION,관계인에게 증표를 내보여야 한다,제131조,0.9,보고 및 조사|조사|증표|관계인,2026-04-25
금융위원회,정정 명령을 할 수 있다,ACTION,증권신고인,132,0.95,위원회의 조치|정정 명령,2026-04-25
금융위원회,정지 또는 금지할 수 있다,ACTION,"증권의 발행, 모집, 매출 및 그 밖의 거래",132,0.9,위원회의 조치|정지|금지,2026-04-25
금융위원회,대통령령으로 정하는 조치를 할 수 있다,ACTION,대통령령으로 정하는 조치,132,0.9,위원회의 조치|대통령령,2026-04-25
조치에 필요한 절차 및 조치기준,총리령으로 정한다,STRUCTURE,총리령,132,0.9,조치기준|총리령,2026-04-25
투자설명서,정의함,LOGICAL,제121조,제121조,0.8,투자설명서|제121조,2026-04-25
제123조,구조,STRUCTURE,제123조,제123조,0.0,제123조,2026-04-25
예비투자설명서 또는 간이투자설명서에 의한 증권의 모집ㆍ매출 및 그 밖의 거래,위반,ACTION,제124조,124,0.9,위반|증권의 모집ㆍ매출|예비투자설명서|간이투자설명서,2026-04-25
제124조 위반,관하여,LOGICAL,예비투자설명서 또는 간이투자설명서에 의한 증권의 모집ㆍ매출 및 그 밖의 거래,124,0.85,제124조|위반|관하여,2026-04-25
위반자,위반함,ACTION,제124조제2항,제124조제2항,0.95,위반|제124조제2항,2026-04-25
위반자,처벌대상임,SANCTION,6,제124조제2항,0.9,위반|제124조제2항|6,2026-04-25
조치,예외로함,LOGICAL,제2장 기업의 인수ㆍ합병 관련제도 제1절 공개매수,130,0.9,조치|제130조|제2장 기업의 인수ㆍ합병 관련제도 제1절 공개매수,2026-04-25
공개매수자,요구함,ACTION,공개매수공고,134,0.95,공개매수공고|공개매수자,2026-04-25
공개매수자,요구함,ACTION,공개매수신고서 제출,134,0.95,공개매수신고서|공개매수자,2026-04-25
공개매수공고,포함함,LOGICAL,"공개매수자, 공개매수할 주식등의 발행인, 공개매수의 목적, 공개매수할 주식등의 종류 및 수, 공개매수기간ㆍ가격ㆍ결제일 등 공개매수조건, 매수자금의 명세, 그 밖에 투자자 보호를 위하여 필요한 사항",134,0.9,공개매수공고|공개매수자|공개매수할 주식등의 발행인|공개매수의 목적|공개매수할 주식등의 종류 및 수|공개매수기간ㆍ가격ㆍ결제일|매수자금의 명세,2026-04-25
공개매수신고서,따라야 한다,ACTION,제125조제2항제1호ㆍ제2호 및 제4호의 방법,제125조제2항,0.95,공개매수신고서|방법,2026-04-25
공개매수신고서의 첨부서류 및 필요한 사항,정한다,ACTION,대통령령,제125조제2항,0.95,공개매수신고서|대통령령,2026-04-25
공개매수자,송부,ACTION,발행인,제135조,0.95,송부|공개매수자|발행인|사본,2026-04-25
금융위원회,요구할 수 있다,ACTION,정정신고서,제136조,0.95,정정신고|공개매수신고서,2026-04-25
정정신고서,제출,ACTION,공고한 공개매수기간 종료일 전 10일 이내에 해당하는 경우,134,0.85,정정신고서 제출|공개매수기간 종료일 전 10일 이내,2026-04-25
공개매수자,요구함,ACTION,사 실과 정정한 내용,제134조제1항제5호,0.95,공고|정정신고서,2026-04-25
공개매수자,준용함,STRUCTURE,제134조제1항제5호,제134조제1항제5호,0.9,제134조제1항제5호|공고,2026-04-25
공개매수자,요구함,ACTION,발행인,제134조제1항,0.95,정정신고서|송부,2026-04-25
공개매수설명서,금지함,ACTION,다른 내용 표시 및 기재사항 누락,제134조제2항,0.95,공개매수설명서|다른 내용|기재사항|금지,2026-04-25
공개매수설명서,일치함,LOGICAL,공개매수신고서에 기재된 내용,제134조제2항,0.9,공개매수설명서|공개매수신고서|일치,2026-04-25
공개매수자,금지함,ACTION,그 주식등을 매수,제134조제2항,0.95,공개매수자|주식|매수|금지,2026-04-25
공개매수자,요구함,ACTION,제1항에 적합한 공개매수설명서,제134조제2항,0.85,공개매수자|제1항|공개매수설명서|요구,2026-04-25
제134조제2항,준용함,STRUCTURE,각 호 외의 부분 단서,제134조제2항,0.9,제134조제2항|각 호|준용,2026-04-25
제134조제2항,준용함,STRUCTURE,제1항,제134조제2항,0.8,제134조제2항|제1항|준용,2026-04-25
발행인,표명할 수 있다,ACTION,의견,제138조,0.95,공개매수|의견표명|발행인,2026-04-25
발행인,제출해야 한다,ACTION,문서,제138조,0.95,금융위원회|거래소|문서,2026-04-25
공개매수자,금지함,ACTION,공개매수 철회,139,0.95,공개매수 철회|공개매수자,2026-04-25
공개매수자,예외로함,LOGICAL,공개매수 철회 가능,139,0.92,공개매수 철회|공개매수자|대항공개매수|투자자 보호,2026-04-25
공개매수자,요구함,ACTION,철회신고서 제출 및 공고,139,0.93,철회신고서|공개매수자,2026-04-25
공개매수자(특별관계자 및 공개매수사무 취급자 포함),금지함,ACTION,주식등 매수등,제140조,0.95,공개매수공고일부터 매수기간 종료까지,2026-04-25
공개매수자(특별관계자 및 공개매수사무 취급자 포함),예외로함,LOGICAL,주식등 매수등을 할 수 있다,제140조,0.85,다른 주주의 권익침해가 없는 경우|대통령령으로 정하는 경우,2026-04-25
공개매수자,요구함,ACTION,매수(응모한 주식등의 전부),141,0.95,조건과 방법에 따라|지체 없이,2026-04-25
공개매수자,허용함,ACTION,매수(응모한 주식등의 전부 또는 일부),141,0.9,조건에 따라|응모한 주식등의 전부 또는 일부,2026-04-25
공개매수자,요구함,ACTION,매수가격(균일),141,0.9,균일,2026-04-25
공개매수자,준용함,STRUCTURE,자본시장과 금융투자업에 관한 법률,141,0.9,법적 근거,2026-04-25
공개매수자,예외로함,LOGICAL,매수(응모한 주식등의 전부),141,0.85,응모한 주식등의 총수가 공개매수 예정주식등의 수에 미달할 경우,2026-04-25
공개매수자,허용함,ACTION,매수(비례배분 within scheduled amount),141,0.85,응모한 주식등의 총수가 공개매수 예정주식등의 수를 초과할 경우,2026-04-25
공개매수자,금지함,ACTION,매수(초과 부분),141,0.85,초과 부분,2026-04-25
공개매수자,제출,ACTION,공개매수결과보고서,제143조,0.95,공개매수결과보고서|제출,2026-04-25
공개매수결과보고서,정의함,LOGICAL,공개 매수의 결과를 기재한 보고서,제143조,0.9,공개매수결과보고서|정의,2026-04-25
금융위원회와 거래소,공시,ACTION,서류,제144조,0.95,공시|서류,2026-04-25
금융위원회와 거래소,비치,ACTION,서류,제144조,0.95,비치|서류|3년간,2026-04-25
문서,정의함,LOGICAL,문서 4,138,0.95,문서|문서 4,2026-04-25
문서,참조함,STRUCTURE,제138조,138,0.9,문서|제138조,2026-04-25
공개매수결과보고서,정의함,LOGICAL,제139조제2항에 따른 철회신고서 5. 공개매수결과보고서,139,0.95,정의|공개매수결과보고서,2026-04-25
의결권 제한,정의함,LOGICAL,제145조,제145조,0.6,의결권 제한,2026-04-26
제133조제3항,참조함,STRUCTURE,제133조,133조제3항,0.6,제133조제3항|제133조,2026-04-25
금융위원회,허용함,ACTION,"공개매수자, 공개매수자의 특별관계자, 공개매수사무취급자, 그 밖의 관계인에게 보고 또는 자료 제출을 명령",제146조,0.95,조사 및 조치|투자자 보호,2026-04-25
금융위원회,허용함,ACTION,금융감독원장에게 장부·서류·물건을 조사하게 할 수 있다,제146조,0.95,조사 및 조치|투자자 보호,2026-04-25
금융위원회,근거함,STRUCTURE,투자자 보호,제146조,0.95,조사 및 조치|투자자 보호,2026-04-25
금융위원회,정정할 수 있다,ACTION,공개매수자 및 그 특별관계자 및 사무취급자,제131조제2항,0.9,공개매수|정정|금융위원회,2026-04-25
금융위원회,정지할 수 있다,ACTION,공개매수,제131조제2항,0.85,공개매수|정지|금융위원회,2026-04-25
금융위원회,금지할 수 있다,ACTION,공개매수,제131조제2항,0.85,공개매수|금지|금융위원회,2026-04-25
총리령,정한다,STRUCTURE,절차 및 조치기준,제131조제2항,0.8,총리령|절차 및 조치기준|정한다,2026-04-25
제131조제2항,준용함,STRUCTURE,제131조제2항,제131조제2항,0.7,제131조제2항|준용|제131조제2항,2026-04-25
공고 및 제출,요구함,ACTION,"공개매수신고서, 정정신고서, 공개매수결과보고서",제136조제5항,0.9,공고 및 제출|공개매수신고서|정정신고서|공개매수결과보고서,2026-04-25
공고 및 제출,요구함,ACTION,"공개매수공고, 공개매수신고서, 정정신고서",제136조제5항,0.9,공고 및 제출|공개매수공고|공개매수신고서|정정신고서,2026-04-25
거짓의 기재 또는 표시,위반시,LOGICAL,제136조제5항에 따른 처벌,제136조제5항,0.85,거짓의 기재 또는 표시|중요사항|공고|공개매수결과보고서,2026-04-25
중요사항이 기재 또는 표시되지 아니한 경우,위반시,LOGICAL,제136조제5항에 따른 처벌,제136조제5항,0.8,중요사항|공고|공개매수결과보고서,2026-04-25
공시의무,정의함,LOGICAL,"발행자(자본시장 참여자)가 일정 정보(재무제표, 사업보고서 등)를 공시하도록 요구",제135조,0.7,공시의무|정보공시|발행자,2026-04-25
공시의무,요구함,ACTION,발행자,제135조,0.6,공시의무|발행자,2026-04-25
제136조제6항,상위조항,STRUCTURE,제136조,제136조제6항,0.9,제136조제6항|제136조,2026-04-25
발행인,위반함,LOGICAL,제139조제3항,제139조제3항,0.95,위반|제139조제3항,2026-04-25
발행인,송부하지 않음,ACTION,"공개매수신고서 사본, 정정신고서 사본, 철회신고서 사본",제139조제3항,0.95,송부|사본,2026-04-25
위반,결과,SANCTION,5,제139조제3항,0.9,위반|제재,2026-04-25
"공개매수신고서 사본, 정정신고서 사본, 철회신고서 사본",종류,STRUCTURE,"공개매수신고서, 정정신고서, 철회신고서",제139조제3항,0.9,사본|종류,2026-04-25
제135조,정의함,LOGICAL,내용 없음,제135조,0.1,,2026-04-25
신고서 사본,송부,ACTION,신고서 사본,제139조제3항,0.9,신고서 사본|송부,2026-04-25
신고서 사본,정의함,LOGICAL,제139조제3항에 따른 신고서 사본,제139조제3항,0.9,신고서 사본|정의,2026-04-25
위반,위반한,ACTION,제137조,137,0.9,위반|제137조,2026-04-25
공개매수자,위반함,LOGICAL,제139조제1항 또는 제2항,제139조제1항,0.95,위반|제139조,2026-04-25
공개매수자,철회함,ACTION,공개매수,제139조제1항,0.95,공개매수 철회|철회|공개매수,2026-04-25
자,위반,ACTION,제140조,140,0.95,제140조 위반|공개매수에 의하지 아니하고 매수등을 한 경우,2026-04-25
제140조 위반,과태료대상임,SANCTION,9,140,0.9,제140조 위반|9,2026-04-25
공개매수자,위반,ACTION,제141조,141,0.95,제141조 위반|공개매수,2026-04-25
공개매수자,과태료대상임,SANCTION,10,141,0.9,제141조 위반|과태료,2026-04-25
주권상장법인,요구함,ACTION,주식등,147,0.95,대량보유,2026-04-25
대량보유,정의함,LOGICAL,주식등,147,0.8,대량보유,2026-04-25
보유자,보고해야 함,ACTION,금융위원회와 거래소,234,0.95,대량보유보고|보유자|금융위원회|거래소|보고,2026-04-25
보유자,보고해야 할 내용,ACTION,"보유상황, 보유목적, 주요계약내용, 기타 대통령령사항",234,0.9,대량보유보고|보유자|보유상황|보유목적|주요계약내용,2026-04-25
보유자,보고해야 할 시점,ACTION,그 날부터 5일 이내,234,0.9,대량보유보고|보유자|5일 이내,2026-04-25
보유자,보고해야 할 시점,ACTION,변동이 1% 이상일 경우 그 변동된 날부터 5일 이내,234,0.9,대량보유보고|보유자|1% 이상|5일 이내,2026-04-25
대량보유,정의함,LOGICAL,본인과 그 특별관계자가 보유하게 되는 주식등의 수의 합계가 그 주식등의 총수의 100분의 5 이상인 경우,234,0.95,대량보유|정의|5%,2026-04-25
대량보유,예외로함,LOGICAL,보유 목적이 발행인의 경영권에 영향을 주기 위한 것이 아닌 경우 및 전문투자자 중 대통령령으로 정하는 자의 경우 보고내용 및 보고시기 등을 달리 정할 수 있다,234,0.85,대량보유|예외|보유목적|전문투자자,2026-04-25
발행인,요구함,ACTION,보고서,148,0.95,송부|대량보유보고서,2026-04-25
보고한 자,송부,ACTION,발행인,제147조제1항,0.95,송부|보고한 자|발행인,2026-04-25
금융위원회 및 거래소,요구함,ACTION,보고서 등,제149조,0.8,공시|보고서,2026-04-25
보고서 보관 및 공시,정의함,LOGICAL,"제출받은 보고서를 3년간 비치하고, 인터넷 홈페이지 등을 이용하여 공시",제147조,0.95,보고서 보관 및 공시|제출받은 보고서|3년간 비치|공시,2026-04-25
보고서 보관 및 공시,참조함,STRUCTURE,제147조제1항 및 제4항,제147조,0.9,보고서 보관 및 공시|제147조제1항|제147조제4항,2026-04-25
위반 주식등의 의결권행사 제한,정의함,LOGICAL,제150조,150,0.9,위반 주식등의 의결권행사 제한 정의,2026-04-25
보고하지 아니한 자,금지함,ACTION,의결권 행사,제147조제1항,0.95,보고|의결권 행사|금지,2026-04-25
금융위원회,허용함,ACTION,위반분의 처분,제147조제1항,0.85,금융위원회|위반분|처분,2026-04-25
보고하는 자,금지함,ACTION,주식등을 추가로 취득하거나 보유 주식등에 대하여 의결권을 행사할 수 없다,제147조,0.95,보유 목적 보고|추가 취득|의결권 행사,2026-04-25
제2항을 위반하여 주식등을 추가로 취득한 자,금지함,ACTION,의결권을 행사할 수 없다,제147조,0.95,추가 취득|의결권 행사,2026-04-25
금융위원회,권한을가짐,ACTION,6개월 이내의 기간을 정하여 추가 취득분의 처분을 명할 수 있다,제147조,0.9,추가 취득분|처분 명령|기간,2026-04-25
금융위원회,요구함,ACTION,투자자 보호를 위한 조사 및 정정요구,제151조,0.75,조사 및 정정요구,2026-04-25
금융감독원장,요구함,ACTION,보고서 또는 자료 제출,제147조제1항,0.95,보고서 제출|제147조제1항,2026-04-25
금융감독원장,권한을가짐,ACTION,장부·서류·물건 조사,제147조제1항,0.95,조사|제147조제1항,2026-04-25
보고서 제출,정의함,LOGICAL,보고서 또는 자료 제출,제147조제1항,0.85,보고서 제출|제147조제1항,2026-04-25
금융위원회,준용함,ACTION,제131조제2항,제131조제2항,0.95,준용|제131조제2항,2026-04-25
보고서 정정,허용함,ACTION,정정 명령,제147조제1항,0.9,정정 명령|권한,2026-04-25
보고서 정정,허용함,ACTION,거래 정지,제147조제1항,0.85,거래 정지|정지,2026-04-25
보고서 정정,허용함,ACTION,거래 금지,제147조제1항,0.85,거래 금지|금지,2026-04-25
보고서 정정,허용함,ACTION,대통령령으로 정하는 조치,제147조제1항,0.8,대통령령|조치,2026-04-25
의결권권유자,요구함,ACTION,위임장 용지 및 참고서류,제152조,0.95,의결권권유자|위임장 용지|참고서류,2026-04-25
의결권 대리행사의 권유,정의함,LOGICAL,"자기 또는 제삼자에게 의결권의 행사를 대리시키도록 권유하는 행위, 의결권의 행사 또는 불행사를 요구하거나 의결권 위임의 철회를 요구하는 행위, 의결권의 확보 또는 그 취소 등을 목적으로 주주에게 위임장 용지를 송부하거나, 그 밖의 방법으로 의견을 제시하는 행위",제152조,0.9,의결권 대리행사의 권유|정의,2026-04-25
의결권 대리행사의 권유,예외로함,LOGICAL,의결권피권유자의 수 등을 고려하여 대통령령으로 정하는 경우에는 의결권 대리행사의 권유로 보지 아니한다,제152조,0.85,의결권 대리행사의 권유|예외,2026-04-25
공공적 법인,권한을가짐,ACTION,의결권 대리행사의 권유,제152조,0.9,공공적 법인|의결권 대리행사의 권유|권한,2026-04-25
의결권권유자,금지함,ACTION,의결권을 행사할 수 없다,제152조,0.9,의결권권유자|의결권피권유자|금지,2026-04-25
제152조,근거함,STRUCTURE,대통령령,제152조,0.9,대통령령|근거,2026-04-25
의결권권유자,요구함,ACTION,발행인,제152조의2,0.95,의결권권유자|발행인|요구,2026-04-25
발행인,응하다,ACTION,요구,제152조의2,0.95,발행인|요구|응하다,2026-04-25
발행인,수행함,ACTION,주주명부 열람·등사·송부,제152조의2,0.9,발행인|주주명부 열람|등사|송부|수행함,2026-04-25
의결권권유자,의무함,ACTION,위임장 용지 및 참고서류를 비치하고 열람할 수 있도록,제153조,0.7,위임장 용지 및 참고서류|비치 및 열람,2026-04-25
위임장 용지 및 참고서류,비치 및 열람,ACTION,의결권권유자,제153조,0.6,위임장 용지 및 참고서류|비치 및 열람,2026-04-25
의결권권유자,금지함,ACTION,거짓의 기재 또는 표시,154,0.95,거짓의 기재|표시,2026-04-25
의결권권유자,금지함,ACTION,기재 또는 표시 누락,154,0.95,기재|표시|누락,2026-04-25
제154조,정의함,LOGICAL,의결권 위임 관련 중요사항,154,0.9,의결권 위임|중요사항,2026-04-25
상장주권의 발행인,의견표명,ACTION,서면,155,0.95,의견표명,2026-04-25
상장주권의 발행인,제출,ACTION,금융위원회와 거래소,155,0.95,제출,2026-04-25
금융위원회와 거래소,공시함,ACTION,위임장용지,157,0.9,공시|위임장용지,2026-04-25
위임장용지 및 참고서 류,정의함,LOGICAL,제152조,152,0.9,정의|제152조,2026-04-25
서면,참조함,STRUCTURE,제155조,155,0.7,서면|제155조,2026-04-25
정정내용,요구함,ACTION,3년간 비치,156,0.95,정정내용|비치|3년간,2026-04-25
정정내용,요구함,ACTION,인터넷 홈페이지 등을 이용하여 공시,156,0.95,정정내용|공시|인터넷 홈페이지,2026-04-25
금융위원회,요구함,ACTION,보고 또는 자료 제출,제158조,0.95,조사 및 조치|투자자 보호,2026-04-25
금융위원회,요구함,ACTION,금융감독원장에게 장부·서류 조사,제158조,0.95,조사 및 조치|투자자 보호,2026-04-25
금융위원회,권한을가짐,ACTION,정정,131조제2항,0.9,정정|권한,2026-04-25
금융위원회,정지 또는 금지할 수 있다,ACTION,의결권 대리행사의 권유,131조제2항,0.85,정지|금지|의결권 대리행사,2026-04-25
금융위원회,할 수 있다,ACTION,대통령령으로 정하는 조치,제263조,0.95,조치|조건|대통령령,2026-04-26
총리령,정한다,ACTION,조치에 필요한 절차 및 조치기준,131조제2항,0.8,총리령|절차|기준,2026-04-25
제131조제2항,준용함,STRUCTURE,현재 조항,131조제2항,0.9,준용|적용,2026-04-25
제152조제1항 위반,교부하지 않음,ACTION,위임장 용지 및 참고서류를 의결권피권유자에게,제152조제1항,0.95,위반|교부하지 않음,2026-04-25
제152조제1항 위반,위반 시,SANCTION,제152조제2항(2) 제재,제152조제1항,0.9,위반|제152조제2항(2),2026-04-25
위임장 용지 및 참고서류,정의함,LOGICAL,제152조제3항에 따른 위임장 용지 및 참고서류,제152조제3항,0.85,위임장 용지 및 참고서류 정의,2026-04-25
공공적 법인이 아닌 자,권유함,ACTION,의결권 대리행사,제152조제3항,0.9,공공적 법인이 아닌 자 권유,2026-04-25
제153조,참조함,STRUCTURE,제152조,153,0.4,제152조,2026-04-25
제154조,위반함,ACTION,4.,154,0.9,제154조 위반|제4조,2026-04-25
제153조,구성함,STRUCTURE,법령,제153조,0.5,제153조,2026-04-25
위임장 용지 및 참고서류,거짓의 기재 또는 표시가 있거나 기재 또는 표시되지 아니한 경우,SANCTION,의결권 위임 관련 중요사항,제156조제1항ㆍ제3항,0.95,거짓의 기재|표시|의결권 위임 관련 중요사항,2026-04-25
위임장 용지 및 참고서류,제출,ACTION,의결권 위임 관련 중요사항,제156조제1항ㆍ제3항,0.9,제출|의결권 위임 관련 중요사항,2026-04-25
제156조제3항 후단을 위반한 자,제출하지 않음,ACTION,정정서류,156,0.95,정정서류|제156조제3항 후단,2026-04-25
대표이사,요구함,ACTION,서명,제125조제2항제1호,0.95,사업보고서 제출,2026-04-25
이사,요구함,ACTION,서명,제125조제2항제1호,0.95,사업보고서 제출,2026-04-25
대표이사,요구함,ACTION,확인검토,제125조제2항제1호,0.9,사업보고서 제출,2026-04-25
이사,요구함,ACTION,확인검토,제125조제2항제1호,0.9,사업보고서 제출,2026-04-25
법인,제출,ACTION,사업보고서,제125조제2항제1호,0.85,사업보고서 제출,2026-04-25
사업보고서 제출대상법인,요구함,ACTION,반기보고서,제160조,0.95,반기보고서 제출,2026-04-25
사업보고서 제출대상법인,요구함,ACTION,분기보고서,제160조,0.95,분기보고서 제출,2026-04-25
사업보고서 제출대상법인,요구함,ACTION,금융위원회와 거래소,제160조,0.95,제출 대상 기관,2026-04-25
사업보고서 제출대상법인,요구함,LOGICAL,45일 이내,제160조,0.9,일반 제출 기한,2026-04-25
사업보고서 제출대상법인,예외로함,LOGICAL,60일 이내,제160조,0.9,연결재무제표 예외 기한,2026-04-25
분기보고서,예외로함,LOGICAL,제3호 및 제3호의2,제159조,0.95,분기보고서|제3호 및 제3호의2,2026-04-25
분기보고서,준위함,STRUCTURE,"제4항, 제6항, 제7항",제159조,0.9,분기보고서|제4항|제6항|제7항,2026-04-25
사업보고서 제출대상법인,제출하여야 한다,ACTION,주요사항보고서,제161조,0.95,주요사항보고서|사업보고서 제출대상법인,2026-04-25
주요사항보고서,제출 대상,STRUCTURE,금융위원회,제161조,0.9,주요사항보고서|금융위원회,2026-04-25
제159조제6항 및 제7항,준용함,STRUCTURE,본 조항,Unknown,0.95,제159조제6항|제159조제7항|본 조항,2026-04-25
제159조제6항 및 제7항 준용,예외로함,LOGICAL,발행한 어음 또는 수표가 부도로 되거나 은행과의 당좌거래가 정지 또는 금지된 때,Unknown,0.85,발행한 어음 부도|은행 당좌거래 정지|제159조제6항 및 제7항 준용,2026-04-25
제159조제6항 및 제7항 준용,예외로함,LOGICAL,영업활동의 전부 또는 중요한 일부가 정지되거나 그 정지에 관한 이사회 등의 결정이 있는 때,Unknown,0.85,영업활동 정지|이사회 결정|제159조제6항 및 제7항 준용,2026-04-25
제360조의2,상위조항,STRUCTURE,제360조,제360조의2,0.4,,2026-04-25
제360조의15,참조함,STRUCTURE,제360조의2,360,0.9,제360조의15|제360조의2,2026-04-25
제522조,정의함,LOGICAL,None,제522조,0.0,제522조,2026-04-25
결의,결의한 때,LOGICAL,양수/양도(중요 영업 또는 자산),530조의2,0.9,결의|양수|양도|중요 영업|자산,2026-04-25
결의,결의한 때,LOGICAL,자기주식 취득 또는 처분(신탁계약 포함),530조의2,0.9,결의|자기주식|취득|처분|신탁계약,2026-04-25
결의,결의한 때,LOGICAL,"전환사채, 교환사채, 신주인수권부사채 발행",530조의2,0.9,결의|전환사채|교환사채|신주인수권부사채|발행,2026-04-25
신고서 제출,예외로함,LOGICAL,제119조제1항에 따라,제119조제1항,0.85,신고서|제119조제1항|예외,2026-04-25
사업보고서 제출대상법인,준용함,STRUCTURE,금융위원회가 정한 기재방법 및 서식,제119조제1항,0.9,사업보고서 제출대상법인|금융위원회|기재방법 및 서식|준용,2026-04-25
사업보고서 제출대상법인,요구함,ACTION,대통령령으로 정하는 서류 첨부,제119조제1항,0.9,사업보고서 제출대상법인|대통령령|서류 첨부|요구,2026-04-25
금융위원회,권한을가짐,ACTION,필요한 정보 제공 또는 교환 요청,제119조제1항,0.9,금융위원회|정보 제공|교환 요청|권한,2026-04-25
금융위원회,요구함,ACTION,거래소에 주요사항보고서 송부,제119조제1항,0.9,금융위원회|거래소|주요사항보고서|송부,2026-04-25
연결재무제표 작성대상법인 중 사업보고서 제출대상법인,권한을가짐,ACTION,자료요구권,제161조의2,0.85,자료요구권|연결재무제표 작성대상법인 중 사업보고서 제출대상법인,2026-04-25
자료요구권,정의함,LOGICAL,연결재무제표 작성대상법인 중 사업보고서 제출대상법인,제161조의2,0.8,자료요구권|연결재무제표 작성대상법인 중 사업보고서 제출대상법인,2026-04-25
사업보고서 제출대상법인,요구할 수 있다,ACTION,종속회사에게 관련 자료의 제출,제159조,0.95,자료 제출|사업보고서등,2026-04-25
사업보고서 제출대상법인,조사할 수 있다,ACTION,종속회사의 업무와 재산상태,제159조,0.9,조사,2026-04-25
사업보고서등의 제출인과 제출당시의 그 사업보고서 제출대상법인의 이사,요구함,ACTION,손해에 대한 배상,162조,0.95,배상책임|거짓의 기재|중요사항,2026-04-25
배상의 책임을 질 자,예외로함,LOGICAL,배상의 책임을 지지 아니한다,162조,0.9,상당한 주의|알 수 없었음을 증명|취득자 또는 처분자가 사실을 안 경우,2026-04-25
금융위원회와 거래소,비치하고 공시해야 한다,ACTION,사업보고서등,제163조,0.95,사업보고서등의 공시|비치|공시,2026-04-25
대통령령으로 정하는 사항,제외하고 비치 및 공시할 수 있다,LOGICAL,사업보고서등,제163조,0.9,대통령령|예외|비치 및 공시,2026-04-25
금융위원회,명할 수 있다,ACTION,자료 제출,제164조,0.95,조사 및 조치|자료 제출,2026-04-25
금융위원회,조사하게 할 수 있다,ACTION,장부·서류 및 물건,제164조,0.95,조사 및 조치|조사,2026-04-25
금융위원회,목적,LOGICAL,투자자 보호,제164조,0.9,투자자 보호,2026-04-25
금융위원회,대상,STRUCTURE,사업보고서 제 출대상법인 및 그 밖의 관계인,제164조,0.9,출대상법인|관계인,2026-04-25
금융위원회,요구함,ACTION,사업보고서 제출대상법인 정정,제131조제2항,0.95,정정 명령|사업보고서 제출대상법인,2026-04-25
금융위원회,금지함,ACTION,증권의 발행 및 그 밖의 거래,제131조제2항,0.92,증권 발행 정지|거래 금지,2026-04-25
제131조제2항,준용함,STRUCTURE,자본시장과 금융투자업에 관한 법률,제131조제2항,0.9,자본시장법|준용,2026-04-25
제131조제2항,근거함,STRUCTURE,자본시장과 금융투자업에 관한 법률,제131조제2항,0.88,법적 근거|자본시장법,2026-04-25
사업보고서 제출,특례함,LOGICAL,제165조,165,0.85,사업보고서 제출|특례,2026-04-25
제159조,참조함,STRUCTURE,제164조,제159조,0.4,조사 및 조치,2026-04-25
외국법인,면제,ACTION,제출의무,제161조,0.95,제출의무 면제|외국법인,2026-04-25
외국법인,달리할 수 있다,ACTION,제출 기한,제161조,0.9,제출 기한 달리|외국법인,2026-04-25
중소기업기본법,예외로함,LOGICAL,제160조,160,0.9,제160조|중소기업기본법,2026-04-25
제160조,참조함,STRUCTURE,중소기업기본법,160,0.8,제160조|중소기업기본법,2026-04-25
법인,면제함,ACTION,반기·분기보고서의 제출의무,제2조,0.95,보고서 제출의무,2026-04-25
법인,달리함,ACTION,제출기한,제2조,0.9,제출기한,2026-04-25
제159조,정의함,LOGICAL,제159조,제159조,0.1,제159조,2026-04-25
사업보고서 제출대상법인,합의함,ACTION,제출기한 연장,제160조,0.95,제출기한 연장|합의,2026-04-25
제159조제1항,상위조항,STRUCTURE,제159조,제159조제1항,0.9,제159조제1항|제159조,2026-04-25
사업보고서 제출대상법인,허용함,ACTION,사업보고서등 제출 (연장된 기한 내 5영업일 이내),제160조제1항,0.95,사업보고서 제출기한 연장|제160조제1항,2026-04-25
사업보고서 제출대상법인,요구함,ACTION,금융위원회와 거래소에 기한 연장 사유를 기재하여 신고,제160조제1항,0.9,사업보고서 제출기한 연장|제160조제1항,2026-04-25
사업보고서 제출대상법인,요구함,ACTION,회계감사인이 기재하여 서명 날인한 기한 연장 사유서 첨부,제160조제1항,0.9,사업보고서 제출기한 연장|제160조제1항,2026-04-25
이 장,적용함,ACTION,주권상장법인,제165조의2,0.95,적용범위|주권상장법인,2026-04-25
주권상장법인,예외로함,LOGICAL,외국법인등,제165조의2,0.9,예외|외국법인등,2026-04-25
제165조의16,구성요소,STRUCTURE,제165조,제165조의16,0.7,제165조의16|제165조,2026-04-25
이 장,우선 적용함,ACTION,상법 제3편,제165조의18,0.95,주권상장법인,2026-04-25
주권상장법인,취득할 수 있다,ACTION,자기주식,제165조의3,0.95,자기주식 취득|주권상장법인,2026-04-25
자기주식 취득,정의함,LOGICAL,주권상장법인이 자기주식을 취득할 수 있는 행위,제165조의3,0.9,자기주식 취득|주권상장법인,2026-04-25
자기주식의 취득가액의 총액,정한다,LOGICAL,상법,341,0.95,자기주식의 취득가액|상법,2026-04-25
이익배당,한도 이내이어야 한다,LOGICAL,한도,제462조제1항,0.95,이익배당|한도,2026-04-25
주권상장법인,요구함,ACTION,자기주식을 취득·처분,제341조제1항,0.9,자기주식|취득·처분,2026-04-25
주권상장법인,준용함,STRUCTURE,대통령령으로 정하는 요건·방법 등의 기준,제341조제1항,0.9,대통령령|요건·방법,2026-04-25
이사회,결의함,ACTION,자기주식 취득,제341조제1항,0.9,이사회|자기주식,2026-04-25
주권상장법인,취득·처분방법을 선택함,ACTION,제341조제1항 각 호,제341조제1항,0.85,자기주식|취득·처분|제341조제1항,2026-04-25
금융위원회,제한할 수 있다,ACTION,평가 업무,제165조의18,0.9,외부평가기관|제2항에 따른 평가 업무,2026-04-25
외부평가기관,정의함,LOGICAL,"""외부평가기관""이라 한다",제165조의18,0.8,정의,2026-04-25
외부평가기관,범위 및 제한방법을 대통령령으로 정한다,STRUCTURE,대통령령,제165조의18,0.7,범위|제3항에 따른 평가 업무 제한,2026-04-25
주식매수청구권의 특례,정의함,LOGICAL,주권상장법인,165조의5,0.8,주식매수청구권의 특례|주권상장법인,2026-04-25
주권상장법인,준용함,STRUCTURE,상법,제165조의18,0.9,주권상장법인|신주배정|상법,2026-04-25
제360조의3,상위조항,STRUCTURE,제360조,제360조의3,0.9,제360조의3|제360조,2026-04-25
제360조의9,상위조항,STRUCTURE,제360조,제360조의9,0.3,제360조의9|제360조,2026-04-25
제360조의16,상위조항,STRUCTURE,제360조,360조의16,0.9,sub-article|parent article,2026-04-25
제374조,LOGICAL,LOGICAL,내용 없음,374,0.0,내용 없음,2026-04-25
제522조,참조함,STRUCTURE,법령,522,0.2,법령,2026-04-25
제527조의2,상위조항,STRUCTURE,제527조,제527조의2,0.7,제527조의2|제527조,2026-04-25
제530조의3,상위조항,STRUCTURE,제530조,제530조의3,0.9,조의,2026-04-25
제530조의3,참조함,STRUCTURE,같은 법,제530조의3,0.6,같은 법,2026-04-25
주주,반대함,ACTION,이사회 결의,제530조의2,0.95,주주 반대|이사회 결의,2026-04-25
완전자회사가 되는 회사의 주주와 같은 법,정의함,LOGICAL,완전자회사가 되는 회사의 주주와 같은 법,360조의9,0.95,완전자회사가 되는 회사|주주와 같은 법,2026-04-25
소멸하는 회사의 주주,같은 법을 적용받음,LOGICAL,같은 법,제527조의2,0.9,소멸하는 회사의 주주|같은 법,2026-04-25
소멸하는 회사의 주주,제527조의2에 따른,STRUCTURE,제527조의2,제527조의2,0.8,소멸하는 회사의 주주|제527조의2,2026-04-25
완전자회사가 되는 회사,정의함,LOGICAL,완전자회사가 되는 회사의 주주와 같은 법,제360조의9제2항,0.7,완전자회사가 되는 회사|주주와 같은 법,2026-04-25
제360조의9제2항,참조함,STRUCTURE,제360조의9,제360조의9제2항,0.9,제360조의9,2026-04-25
주주,통지,ACTION,결의에 반대하는 의사,제527조의2제2항,0.9,반대 의사 통지|서면 통지|2주 이내,2026-04-25
주주,소유,ACTION,주식,제527조의2제2항,0.8,자기 소유 주식|주주,2026-04-25
주주총회,요구함,ACTION,주식 매수,제391조,0.95,주식 매수|주주총회 결의,2026-04-25
주식 매수,제한함,ACTION,증명한 주식만,제391조,0.9,증명|주식 매수 조건,2026-04-25
완전자회사가 되는 회사의 주주와 같은 법,정의함,LOGICAL,법,제360조의9,0.95,완전자회사가 되는 회사의 주주와 같은 법|법|주주,2026-04-25
완전자회사가 되는 회사의 주주와 같은 법,같다,LOGICAL,완전자회사가 되는 회사의 주주,제360조의9,0.85,완전자회사가 되는 회사의 주주와 같은 법|완전자회사가 되는 회사의 주주|주주,2026-04-25
소멸하는 회사의 주주,적용,ACTION,같은 법,제527조의2,0.95,소멸하는 회사의 주주|같은 법,2026-04-25
완전자회사가 되는 회사의 주주,정의함,LOGICAL,주주,제360조의9제2항,0.4,완전자회사가 되는 회사의 주주 정의,2026-04-25
법인,청구할 수 있다,ACTION,주식,제527조의2제2항,0.95,주식 매수청구|법인|주식,2026-04-25
법인,매수해야 한다,ACTION,주식,제527조의2제2항,0.9,주식 매수청구|법인|주식,2026-04-25
주주와 법인,협의로 결정한다,ACTION,매수가격,제527조의2제2항,0.85,주식 매수청구|주주|법인|매수가격,2026-04-25
법인 또는 주주,반대하면 청구할 수 있다,ACTION,법원에 매수가격의 결정,제527조의2제2항,0.8,주식 매수청구|법인|주주|법원|매수가격,2026-04-25
주권상장법인,처분하여야 한다,ACTION,주식,제527조의2제2항,0.9,주식 매수청구|주권상장법인|주식,2026-04-25
제363조,참조함,STRUCTURE,같은 법,제363조,0.7,제363조|같은 법,2026-04-25
제374조,구조,STRUCTURE,제374조,374,0.0,,2026-04-25
주주총회,요구함,ACTION,결의사항에 관한 통지 또는 공고,제530조의2,0.9,주주총회 소집 통지|결의사항,2026-04-25
제360조의9제2항,상위조항,STRUCTURE,제360조,제360조의9제2항,0.9,제360조의9제2항,2026-04-25
통지 또는 공고,요구함,ACTION,주식매수청구권의 내용 및 행사방법,제527조의2제2항,0.95,주식매수청구권|통지 또는 공고,2026-04-25
통지 또는 공고,참조함,STRUCTURE,제527조의2제2항,제527조의2제2항,0.9,제527조의2제2항,2026-04-25
의결권이 없거나 제한되는 종류주식의 주주,통지하거나 공고하여야 한다,ACTION,그 사항,344,0.97,의결권이 없거나 제한되는 종류주식의 주주|통지|공고,2026-04-25
주권상장법인,배정,ACTION,신주,165조의6,0.95,신주 배정|주식 발행 및 배정 특례,2026-04-25
주권상장법인,부여,ACTION,신주인수의 청약 기회,165조의6,0.9,배정 방식|주주에게 주식 수에 따라 배정,2026-04-25
실권주,정의함,LOGICAL,실권주(失權株)라 한다,제165조의18,0.95,실권주|정의,2026-04-25
주권상장법인,요구함,ACTION,실권주 철회,제165조의18,0.9,실권주|철회|발행,2026-04-25
주권상장법인,예외로함,LOGICAL,실권주 철회,제165조의18,0.85,신주발행|가격이상|조건1|조건2|조건3,2026-04-25
신주인수권증서 발행,요구함,ACTION,주주에게 신주인수권증서,제416조,0.95,신주인수권증서 발행|주주에게 발행,2026-04-25
신주인수권증서,요구함,ACTION,대통령령으로 정하는 방법에 따라 유통될 수 있도록,제416조,0.9,신주인수권증서|대통령령|유통,2026-04-25
신주 배정,요구함,ACTION,이사회의 결의로 정관에 따라 방식,제416조,0.85,신주 배정|이사회 결의|정관,2026-04-25
우리사주조합원,배정,ACTION,신주,제165조의6제1항제1호,0.95,신주 발행|배정,2026-04-25
우리사주조합원,부여,ACTION,신주인수 청약 기회,제165조의7,0.95,신주인수 청약 기회 부여|우선적 기회 부여,2026-04-25
불특정 다수인,부여,ACTION,신주인수 청약 기회,제165조의7,0.9,불특정 다수인에게 기회 부여,2026-04-25
특정한 유형의 자,부여,ACTION,신주인수 청약 기회,제165조의7,0.9,특정한 유형의 자에게 기회 부여,2026-04-25
해 당 법인,요구함,ACTION,주식 배정,제165조의7,0.9,주식 배정|주식 모집|주식 매출,2026-04-25
제165조의7,준용함,STRUCTURE,상법,제165조의7,0.95,상법,2026-04-25
제165조의7,정의함,LOGICAL,주식 배정,제165조의7,0.9,주식 배정,2026-04-25
법인,요구함,ACTION,주식,제418조,0.95,주식배정|우리사주조합원|100분의 20,2026-04-25
법인,예외로함,LOGICAL,외국인투자기업 중 대통령령으로 정하는 법인이 주식을 발행하는 경우,제418조,0.85,외국인투자기업|대통령령|주식발행,2026-04-25
법인,예외로함,LOGICAL,그 밖에 해당 법인이 우리사주조합원에 대하여 우선배정을 하기 어려운 경우로서 대통령령으로 정하는 경우,제418조,0.85,우선배정|대통령령,2026-04-25
법인,예외로함,LOGICAL,우리사주조합원이 소유하는 주식수가 신규로 발행되는 주식과 이미 발행된 주식의 총수 의 100분의 20을 초과하는 경우,제418조,0.85,주식수|신규발행|100분의 20,2026-04-25
우리사주조합원,준용함,STRUCTURE,상법,제165조의6제1항제1호,0.9,배정분|상법,2026-04-25
금융위원회,정하고 고시할 수 있다,ACTION,주식 배정 및 처분 기준,제419조,0.95,주식 배정|주식 배분 기준,2026-04-25
금융위원회,적용 대상,STRUCTURE,우리사주조합원,제419조,0.9,우리사주조합원|주식 배정,2026-04-25
주권상장법인,정의함,LOGICAL,상법,제165조의8,0.95,주권상장법인|상법,2026-04-25
법원,금지함,ACTION,같은 법,제417조,0.85,법원의 인 가 없이 같은 법|제417조,2026-04-25
법원,근거함,STRUCTURE,제417조,제417조,0.9,제417조에도 불구하고,2026-04-25
주주총회 결의,허용함,ACTION,액면미달 발행,434,0.95,액면미달 발행,2026-04-25
주주총회 결의,금지함,ACTION,액면미달 발행,434,0.9,액면미달 발행|상각 미완료,2026-04-25
주주총회 결의,요구함,ACTION,최저발행가액 정함,434,0.95,최저발행가액,2026-04-25
최저발행가액,요구함,ACTION,대통령령 산정 가격 이상,434,0.9,대통령령 산정 가격,2026-04-25
주권상장법인,요구함,ACTION,주식 발행 (제1항에 따른 주식) 1개월 이내,434,0.9,주식 발행|1개월 이내,2026-04-25
주주총회 결의,예외로함,STRUCTURE,1개월 이내 발행 규정,434,0.8,1개월 이내 발행 규정|다르게 정하는 경우,2026-04-25
주권상장법인,요구함,ACTION,주주,제165조의9,0.95,주주 통지,2026-04-25
제165조의6,참조함,STRUCTURE,상법,제165조의6,0.9,제165조의6|상법,2026-04-25
신주,배정,ACTION,제418조제2항의 방식,418,0.95,신주 배정|제418조제2항의 방식,2026-04-25
신주 배정,참조함,STRUCTURE,제418조제2항,418,0.9,신주 배정|제418조제2항,2026-04-25
주요사항보고서,정의함,LOGICAL,제161조제1항제5호에 따라 금융위원회에 제출한 보고서,161,0.95,주요사항보고서 정의|제161조제1항제5호,2026-04-25
금융위원회와 거래소,공시함,ACTION,납입기일,163,0.9,공시|납입기일,2026-04-25
공시,적용함,LOGICAL,상법,163,0.8,공시|상법,2026-04-25
제418조제4항 적용 금지,정의함,LOGICAL,제418조제4항,418,0.95,제418조제4항 적용 금지|제418조제4항,2026-04-25
주권상장법인,발행,ACTION,사채(주권 관련 사채권),제165조의10,0.95,사채 발행|주권상장법인,2026-04-25
사채 발행,정의함,LOGICAL,제165조의10,제165조의10,0.9,사채 발행|특례,2026-04-25
제165조의6제1항,참조함,STRUCTURE,제165조의6제2항 및 제165조의6제4항,제165조의6제1항,0.6,제165조의6제1항|제165조의6제2항|제165조의6제4항,2026-04-25
준용,준용함,STRUCTURE,제 165조의9,제 165조의9,0.95,준용|제 165조의9,2026-04-25
사채,정의함,LOGICAL,주식 전환 사채,제165조의11제1항,0.95,사채 정의|주식 전환 사채,2026-04-25
제469조제2항제2호,상위조항,STRUCTURE,제469조제2항,제469조제2항제2호,0.9,제469조제2항제2호|제469조제2항,2026-04-25
제513조,STRUCTURE,STRUCTURE,제513조,제513조,0.0,제513조,2026-04-25
사채 ② 주권상장법인,정의함,LOGICAL,상법,제516조의2,0.95,사채|주권상장법인|상법,2026-04-25
사채 ② 주권상장법인,정의함,STRUCTURE,제516조의2,제516조의2,0.9,사채|주권상장법인|제516조의2,2026-04-25
사채,금지함,ACTION,사모의 방법으로 발행,516조의2제1항,0.95,신주인수권증권만을 양도할 수 있는 사채|사모의 방법으로 발행,2026-04-25
주권상장법인,요구함,ACTION,조건부자본증권 발행,제165조의11,0.85,조건부자본증권|발행,2026-04-25
제33조제1항제2호ㆍ제3호,참조함,STRUCTURE,금융지주회사법,제33조제1항제2호ㆍ제3호,0.95,참조|법,2026-04-25
제15조의2,참조함,STRUCTURE,보험업법,제15조의2,0.9,제15조의2|보험업법,2026-04-25
사채 발행자 제외,정의함,LOGICAL,제114조의2,제114조의2,0.95,사채 발행자 제외|제114조의2,2026-04-25
이사회,요구함,ACTION,사채 발행자 제외,제114조의2,0.9,이사회|사채 발행자 제외,2026-04-25
제114조의2,참조함,STRUCTURE,제114조의2제1항제 1호ㆍ제2호,제114조의2,0.9,제114조의2|제114조의2제1항제 1호ㆍ제2호,2026-04-25
제469조제2항,상위조항,STRUCTURE,제469조,제469조제2항,0.6,제469조,2026-04-25
제513조,정의함,LOGICAL,제513조,제513조,0.0,제513조,2026-04-25
발행자,허용함,ACTION,조건이 붙은 사채(사채와 다른 종류의 사채),제516조의2,0.92,사채 발행|조건이 붙은 사채,2026-04-25
발행자,허용함,ACTION,대통령령으로 정하는 사채,제516조의2,0.9,사채 발행|대통령령 사채,2026-04-25
대통령령,정의함,LOGICAL,"제1항에 따라 발행하는 사채의 내용, 발행사항 및 유통 등의 방법, 조건의 세부내용 등 필 요한 사항",제516조의2,0.85,사채 발행 세부사항|대통령령 규정,2026-04-25
주권상장법인,할 수 있다,ACTION,분기배당,제165조의12,0.95,주권상장법인|분기배당,2026-04-25
분기배당,할 수 있다,ACTION,45일 이내,제165조의12,0.9,분기배당|45일 이내,2026-04-25
분기배당,금지함,ACTION,각 호의 금액의 합계액에 미치지 못할 우려가 있으면,제462조제1항,0.95,분기배당|각 호의 금액의 합계액|미치지 못할 우려,2026-04-25
이사,요구함,ACTION,법인에 대한 차액 배상,제462조제1항,0.95,배상 책임|연대 책임|차액 배상,2026-04-25
이사,예외로함,LOGICAL,배상 책임이 없다,제462조제1항,0.9,증명|주의|제5항 우려,2026-04-25
제340조제1항,참조함,STRUCTURE,제340조,340-1,0.5,제340조,2026-04-25
제344조제1항,상위조항,구조,제344조,344,0.7,제344조제1항,2026-04-25
제354조제1항,상위조항,STRUCTURE,제354조,제354조제1항,0.95,제354조제1항|제354조,2026-04-26
제370조제1항,참조함,STRUCTURE,제370조,370,0.5,제370조제1항,2026-04-25
제457조제2항,상위조항,STRUCTURE,제457조,제457조제2항,0.6,제457조제2항|제457조,2026-04-25
제464조,참조함,STRUCTURE,제464조 및,464,0.7,제464조 및,2026-04-25
분기배당,적용함,ACTION,같은 법,제625조제3호,0.95,분기배당|적용,2026-04-25
이익의 배당,정의함,LOGICAL,보고,제462조제1항,0.9,이익의 배당 정의|보고,2026-04-25
이익의 배당,참조함,STRUCTURE,제462조제1항,제462조제1항,0.95,제462조제1항 참조,2026-04-25
제635조제1항제22호의2의 적용,정의함,LOGICAL,제3항의 기 간을 같은 법,제635조제1항제22호의2,0.95,적용|기 간,2026-04-25
기간,정의함,LOGICAL,제464조의2제1항의 기간,제464조의2제1항,0.9,기간 정의|제464조의2제1항,2026-04-25
제399조제3항,구조,STRUCTURE,제399조,399,0.7,제399조제3항|제399조,2026-04-25
분기배당,위반함,ACTION,제4항,400,0.95,분기배당|제4항|제400조 준용,2026-04-25
분기배당,적용법,STRUCTURE,상법,400,0.9,분기배당|상법|제400조 준용,2026-04-25
제400조,준용함,STRUCTURE,분기배당,400,0.9,제400조|분기배당|제4항 위반,2026-04-25
준용,준용한다,STRUCTURE,제462조제2항 및 제3항,제462조제2항,0.95,준용|제462조제2항 및 제3항,2026-04-25
주권상장법인,참조함,STRUCTURE,상법,제462조제2항,0.9,주권상장법인|상법,2026-04-25
이사,보고해야함,ACTION,주주총회,제462조제2항,0.95,배당액 보고|이사회의 결의|배당액 산정근거,2026-04-25
배당액 보고,포함함,LOGICAL,배당액의 산정근거 등 대통령령으로 정하는 사항,제462조제2항,0.9,배당액 보고|배당액 산정근거,2026-04-25
이익배당총액,허용함,ACTION,주식,제462조의2제1항,0.9,이익배당총액|주식,2026-04-25
이익배당총액,참조함,STRUCTURE,상법,제462조의2제1항,0.85,이익배당총액|상법,2026-04-25
이익배당총액,예외로함,LOGICAL,상법,제462조의2제1항,0.8,이익배당총액|상법,2026-04-25
대통령령,정한다,ACTION,시가 산정방법,제462조의2제1항,0.95,시가 산정방법|정한다,2026-04-25
공공적 법인,요구함,ACTION,정부에 배당금의 전부 또는 일부를 상법에 따라 지급,제165조의14,0.95,배당|공공적 법인|정부|상법,2026-04-25
공공적 법인,행위,ACTION,배당,제165조의14,0.9,배당|공공적 법인,2026-04-25
법인,허용함,ACTION,주주 중 해당 조건에 해당하는 자,제464조,0.95,지급|주주|조건,2026-04-25
법인,참조함,STRUCTURE,대통령령,제464조,0.9,대통령령|방법,2026-04-25
공공적 법인,허용함,ACTION,주주,제461조제2항,0.95,공공적 법인 발행주식|주주 일정 기간 소유,2026-04-25
공공적 법인,근거함,LOGICAL,대통령령 기준 및 방법,제461조제2항,0.85,대통령령 기준 및 방법,2026-04-25
의결권이 없거나 제한되는 주식,예외로함,LOGICAL,상법,제165조의15,0.8,의결권이 없거나 제한되는 주식|상법,2026-04-25
주권상장법인,발행,ACTION,의결권 없는 주식,제344조의3제1항,0.95,의결권 없는 주식,2026-04-25
주권상장법인,산입하지 아니한다,ACTION,의결권 없는 주식 (한도 계산 시),제344조의3제1항,0.92,의결권 없는 주식|한도 계산,2026-04-25
주권상장법인,적용받는다,STRUCTURE,제344조의3제1항,제344조의3제1항,0.9,의결권 없는 주식|한도 적용,2026-04-25
의결권이 없거나 제한되는 주식,금지함,ACTION,발행주식총수의 2분의 1,제344조의3제1항,0.95,의결권 없는 주식|발행주식총수,2026-04-25
주권상장법인,허용함,ACTION,의결권 없는 주식,제344조의3제3항,0.92,신주인수권|준비금의 자본전입|주식배당|의결권 없는 주식,2026-04-25
금융위원회,정하고 고시할 수 있다,ACTION,주권상장법인 재무관리기준,제165조의16,0.95,투자자 보호|공정한 거래질 서 확립,2026-04-25
금융위원회,권고할 수 있다,ACTION,주권상장법인 재무관리기준,제165조의16,0.95,투자자 보호|공정한 거래질 서 확립,2026-04-25
법인,정할 수 있다,ACTION,주권상장법인 재무관리기준,제9조제15항제3호나목,0.95,주권상장법인 재무관리기준|정할 수 있다,2026-04-25
주권상장법인,따라야 한다,ACTION,제1항에 따른 재무관리기준,제9조제15항제3호나목,0.9,제1항에 따른 재무관리기준|따라야 한다,2026-04-25
주권상장법인 재무관리기준,정의함,LOGICAL,제3조,제3조,0.9,주권상장법인 재무관리기준|정의함,2026-04-25
주식매수선택권 부여신고,정의함,LOGICAL,상법,제165조의17,0.95,주식매수선택권 부여신고|상법,2026-04-25
제340조의2,상위조항,STRUCTURE,제340조,제340조의2,0.3,제340조의2|제340조,2026-04-25
금융위원회,정할 수 있다,ACTION,주권상장법인,제165조의18,0.95,주권상장법인에 대한 조치|정정 명령,2026-04-25
금융위원회,정정 명할 수 있다,ACTION,주권상장법인,제165조의18,0.95,정정 명령|주권상장법인에 대한 조치,2026-04-25
금융위원회,임원 해임 권고,ACTION,주권상장법인,제165조의18,0.95,임원 해임 권고|주권상장법인에 대한 조치,2026-04-25
금융위원회,증권 발행 제한,ACTION,주권상장법인,제165조의18,0.95,증권 발행 제한|주권상장법인에 대한 조치,2026-04-25
금융위원회,다른 조치,ACTION,주권상장법인,제165조의18,0.95,대통령령으로 정하는 조치|주권상장법인에 대한 조치,2026-04-25
총리 령,정한다,ACTION,조치에 필요한 절차 및 조치기준,제165조의18,0.95,절차 및 조치기준|주권상장법인에 대한 조치,2026-04-25
자기주식 취득,위반함,ACTION,제165조의3제2항,165,0.95,자기주식 취득|제165조의3제2항,2026-04-25
자기주식 취득/처분,금지함,ACTION,제165조의3제4항,제165조의3제4항,0.95,자기주식 취득/처분|제165조의3제4항,2026-04-25
자기주식 취득/처분,위반하면,LOGICAL,제165조의3제4항 위반 시 3,제165조의3제4항,0.85,자기주식 취득/처분|제165조의3제4항,2026-04-25
위반,위반함으로써,LOGICAL,같은 항 각 호의 어느 하나에 해당하는 행위,제165조의4제1항,0.95,위반|행위|제165조의4제1항,2026-04-25
위반,위반함으로써,LOGICAL,제165조의4제1항에 따른 행위,제165조의4제1항,0.9,위반|제165조의4제1항|행위,2026-04-25
외부평가기관 평가 미수,위반함,ACTION,제165조의4제2항 위반에 따른 5번 제재,제165조의4제2항,0.95,외부평가기관 평가 미수|위반|제165조의4제2항|5번 제재,2026-04-25
주식 매수자,매수하지 아니한,ACTION,주식,제165조의5제2항,0.9,주식 매수|매수하지 아니한,2026-04-25
주식 매수자,위반시,SANCTION,6,제165조의5제2항,0.95,주식 매수|위반|주식 매수자,2026-04-25
주식 처분,위반,LOGICAL,제165조의5제4항,제165조의5제4항,0.9,주식 처분|제165조의5제4항,2026-04-25
주식 처분,처벌대상임,SANCTION,7,제165조의5제4항,0.9,주식 처분|7,2026-04-25
신주인수권증서,금지함,ACTION,발행,제165조의6제3항,0.9,신주인수권증서|발행|제165조의6제3항,2026-04-25
신주인수권증서,금지함,ACTION,유통,제165조의6제3항,0.9,신주인수권증서|유통|제165조의6제3항,2026-04-25
신주인수권증서,과태료대상임,SANCTION,10,제165조의6제3항,0.9,신주인수권증서|과태료|제165조의6제3항,2026-04-25
위반자,배정,ACTION,신주,제165조의6제4항,0.95,신주 배정,2026-04-25
위반자,위반,LOGICAL,제165조의6제4항,제165조의6제4항,0.9,위반,2026-04-25
위반자,배정함,ACTION,주식,제165조의7,0.95,주식 배정|위반자,2026-04-25
발행자,금지함,ACTION,주식,제165조의8제1항,0.95,액면미달 주식 발행|단서 위반,2026-04-25
발행자,처벌대상임,SANCTION,13,제165조의8제1항,0.95,액면미달 주식 발행|단서 위반,2026-04-25
최저발행가액,정하지 아니하거나 산정하지 아니한 경우,SANCTION,제165조의8제2항 위반에 따른 제14(금지),165조의8제2항,0.9,최저발행가액|위반|제14,2026-04-25
발행자,위반함,ACTION,주식 발행하지 않음,제165조의8제3항,0.9,위반|주식 발행|주주총회 결의|1개월 이내,2026-04-25
발행자,과태료 부과,SANCTION,15,제165조의8제3항,0.9,과태료|위반|주식 발행|1개월 이내,2026-04-25
사채 발행,위반함,ACTION,제165조의10,제165조의10,0.9,사채 발행|제165조의10 위반,2026-04-25
제165조의11,금지함,ACTION,조건부자본증권 발행,제165조의11,0.95,조건부자본증권|발행,2026-04-25
이사회,위반함,ACTION,제165조의12제1항,제165조의12제1항,0.95,제165조의12제1항 위반,2026-04-25
이사회,배당함,ACTION,분기배당,제165조의12제1항,0.95,제165조의12제1항 위반,2026-04-25
위반자,위반함,ACTION,제165조의12제5항,제165조의12제5항,0.9,분기배당|제165조의12제5항,2026-04-25
위반자,과태료대상임,SANCTION,20,제165조의12제5항,0.9,분기배당|제165조의12제5항,2026-04-25
주식배당,위반함,ACTION,제165조의13제1항,제165조의13제1항,0.95,주식배당|위반,2026-04-25
주식배당,위반시,SANCTION,21,제165조의13제1항,0.9,주식배당|위반|제165조의13제1항|제재|21,2026-04-25
제165조의13제2항,금지함,ACTION,주식의 시가를 산정,165,0.95,주식 시가 산정|제165조의13제2항,2026-04-25
주식의 시가를 산정한 경우,처벌대상임,SANCTION,22,165,0.9,주식 시가 산정|제165조의13제2항,2026-04-25
발행자,발행함,ACTION,의결권 제한 주식,제165조의15제2항,0.9,의결권 제한 주식|발행자|제165조의15제2항,2026-04-25
발행자,위반함,ACTION,제165조의15제2항,제165조의15제2항,0.9,발행자|제165조의15제2항,2026-04-25
발행자,위반하여,SANCTION,penalty 23,제165조의15제2항,0.9,발행자|제165조의15제2항|penalty 23,2026-04-25
사외이사,위반함,ACTION,제165조의17제3항,제165조의17제3항,0.95,사외이사 신고|위반,2026-04-25
사외이사,신고하지 않다,ACTION,선임ㆍ해임 또는 퇴임 사실,제165조의17제3항,0.95,사외이사 신고|위반,2026-04-25
사외이사 및 상근감사,특례를 제공함,LOGICAL,중소기업기본법,제165조의19,0.8,사외이사|상근감사|특례,2026-04-25
상법,정의함,LOGICAL,제2조에 따른 중소기업이 발행한 주권을 매매하는 대통령령으로 정하는 증권시장에 상장된 주권을 발행한 법인,제2조,0.95,상법 정의|법인 주권 발행,2026-04-25
제542조의8,제외함,ACTION,"제1항 단서, 제4항 및 제5항",제542조의8,0.95,제1항 단서 제외|제4항 및 제5항 제외,2026-04-25
제1항 단서 제외,정의함,LOGICAL,제542조의8,제542조의8,0.9,제1항 단서 제외,2026-04-25
제542조의10 적용,금지함,ACTION,제542조의10,제542조의10,0.95,제542조의10 적용|제542조의10,2026-04-25
주권상장법인,금지함,ACTION,이사회의 전원을 특정 성의 이사로 구성하지 않음,제165조의20,0.95,이사회의 성별 구성|특정 성의 이사,2026-04-25
장외거래,정의함,LOGICAL,"거래소시장 또는 다자간매매체결회사 외에서 금융투자상품을 매매, 그 밖의 거래를 하는 경우",166,0.95,장외거래|거래소시장|다자간매매체결회사|금융투자상품|매매|거래방법|결제의 방법,2026-04-25
대통령령,정한다,ACTION,"필요한 사항(매매, 그 밖의 거래방법 및 결제의 방법 등)",166,0.95,대통령령|필요한 사항|매매|거래방법|결제의 방법,2026-04-25
장외거래,정의함,LOGICAL,거래소시장 또는 다자간매매체결회사 외에서 이루어지는 금융투자상품의 매매 및 그 밖의 거래,제166조,0.95,장외거래|금융투자상품,2026-04-25
장외거래,요구함,ACTION,단일의 당사자 간에 거래하는 방법으로 하여야 한다,제166조,0.95,장외거래|단일의 당사자 간에 거래하는 방법,2026-04-25
장외거래,예외로함,LOGICAL,협회 또는 종합금융투자사업자를 통한 장외거래로서 대통령령으로 정하는 경우,제166조,0.95,장외거래|협회|종합금융투자사업자|대통령령,2026-04-25
장외거래,예외로함,LOGICAL,다자간 장외거래를 구성요소로 하는 대통령령으로 정하는 인가업무 단위를 인가받은 투자중개업자를 통한 장외거래인 경우,제166조,0.95,장외거래|다자간 장외거래|대통령령|인가업무 단위|투자중개업자,2026-04-25
장외거래,예외로함,LOGICAL,그 밖에 금융투자상품의 원활한 장외거래를 위하여 필요하다고 인정되는 경우로서 대통령령으로 정하는 경우,제166조,0.95,장외거래|금융투자상품|대통령령,2026-04-25
제16조의2,상위조항,STRUCTURE,제16조,제16조의2,0.6,제16조의2,2026-04-25
제40조,구조,STRUCTURE,제40조,제40조,0.5,제40조,2026-04-25
제51조,구조,STRUCTURE,제2조,51,0.4,국외행위에 대한 적용,2026-04-25
대통령령,정한다,ACTION,장외거래 금액,72,0.92,장외거래 금액|대통령령|투자자 투자목적|재산 상황|투자경험|증권 종류,2026-04-25
대통령령,정한다,ACTION,장외거래의 구체적인 방법 및 결제의 방법 등 필요한 사항,72,0.88,장외거래의 구체적인 방법|결제의 방법|대통령령,2026-04-25
장외거래 금액,고려함,LOGICAL,"투자자의 투자목적, 재산 상황, 투자경험, 증권 종류",72,0.85,장외거래 금액|투자자 투자목적|재산 상황|투자경험|증권 종류,2026-04-25
투자매매업자 또는 투자중개업자,준수함,ACTION,위험회피 목적의 거래에 한정,제166조의2,0.9,위험회피 목적의 거래|대통령령,2026-04-25
투자매매업자 또는 투자중개업자,준수함,ACTION,위험액이 고시한 한도 초과 금지,제166조의2,0.9,위험액|금융위원회 고시|한도,2026-04-25
투자매매업자 또는 투자중개업자,준수함,ACTION,장외파생상품 매매 기준,제166조의2,0.95,장외파생상품 매매 기준,2026-04-25
장외파생상품 매매 기준,정의함,LOGICAL,제166조의2,제166조의2,0.9,장외파생상품 매매 기준,2026-04-25
금융기관,중지,ACTION,장외파생상품의 매매,제249조의3제8항,0.95,자기자본 비율|미달상태|해소될 때까지,2026-04-25
금융기관,수행함,ACTION,미종결거래의 정리나 위험회피에 관련된 업무,제249조의3제8항,0.9,미종결거래|정리|위험회피,2026-04-25
자기자본 비율,정의함,LOGICAL,인가업무 또는 등록업무 단위별 자기자본(각 해당 조항에서 대통령령으로 정하는 완화된 요건을 말한다)을 합계한 금액으로 나눈 값,제249조의3제8항,0.85,인가업무|등록업무|완화된 요건,2026-04-25
파생상품업무책임자 승인,정의함,LOGICAL,파생상품업무책임자,제28조의2,0.9,파생상품업무책임자 승인|파생상품업무책임자,2026-04-25
파생상품업무책임자 승인,예외로함,LOGICAL,장외파생상품 매매 계약,제28조의2,0.8,파생상품업무책임자 승인|장외파생상품 매매 계약,2026-04-25
월별 장외파생상품 매매,요구함,ACTION,금융위원회,제28조의2,0.9,월별 장외파생상품 매매|금융위원회,2026-04-25
장외파생상품 신규 취급,요구함,ACTION,협회 사전심의,제28조의2,0.9,장외파생상품 신규 취급|협회 사전심의,2026-04-25
장외파생상품 신규 취급,예외로함,LOGICAL,대통령령으로 정하는 경우,제28조의2,0.8,장외파생상품 신규 취급|대통령령으로 정하는 경우,2026-04-25
장외파생상품 거래 위험관리,허용함,ACTION,금융위원회,제4조제10항제4호,0.9,장외파생상품 거래 위험관리|정하여 고시할 수 있다,2026-04-25
장외파생상품 거래 위험관리,요구함,ACTION,금융감독원장,제4조제10항제4호,0.9,장외파생상품 거래 위험관리|감독하여야 한다,2026-04-25
금융투자업자,요구함,ACTION,"청산회사 등에게 청산의무거래에 따른 거래상대방의 채무를 채무인수, 경개, 그 밖의 방법으로 부담하게 하여야 한다",제166조의3,0.95,청산의무|청산의무거래|청산회사|거래상대방|채무,2026-04-25
청산의무거래,정의함,LOGICAL,장외파생상품의 매매 및 그 밖의 장외거래 중 채무 불이행이 국내 자본시장에 중대한 영향을 줄 우려가 있는 경우,제166조의3,0.9,청산의무|청산의무거래|장외파생상품|채무불이행|자본시장,2026-04-25
청산의무,정의함,LOGICAL,금융투자업자가 청산의무거래에 참여할 때 거래상대방의 채무를 청산회사 등에게 부담하게 하여야 한다,제166조의3,0.9,청산의무|청산의무거래|청산회사|거래상대방|채무,2026-04-25
주식 소유제한,금지함,ACTION,공공적 법인이 발행한 주식을 100분의 10 이상 소유,제167조,0.95,주식 소유제한|공공적 법인|주식 소유|100분의 10,2026-04-25
주식 소유제한,금지함,ACTION,공공적 법인이 발행한 주식을 100분의 3 이내에서 정관이 정하는 비율을 초과하여 소유,제167조,0.9,주식 소유제한|공공적 법인|정관|100분의 3,2026-04-25
주식 소유제한,예외로함,LOGICAL,금융위원회의 승인을 받은 경우 소유 비율 한도까지 소유 가능,제167조,0.9,주식 소유제한|금융위원회|승인|소유 비율 한도,2026-04-25
주식 소유제한,금지함,ACTION,초과분에 대해 의결권 행사 금지,제167조,0.9,주식 소유제한|초과분|의결권,2026-04-25
금융위원회,권한을가짐,ACTION,초과분에 대해 6개월 이내 시정 명령,제167조,0.85,금융위원회|시정 명령|초과분|의결권,2026-04-25
자,요구함,ACTION,회계감사,169조,0.95,회계감사|제1항,2026-04-25
금융위원회,명할 수 있다,ACTION,자료의 제출 및 보고,169조,0.9,제2항|자료 제출|보고,2026-04-25
금융위원회,할 수 있다,ACTION,필요한 조치,169조,0.9,제2항|필요한 조치,2026-04-25
외국법인등,간주함,LOGICAL,회계감사를 받은 것으로 본다,169조,0.9,외국법인등|제3항,2026-04-25
외국회계감사인,준용한다,STRUCTURE,제1항 본문에 따른 회계감사를 받은 것으로 본다,169조,0.9,외국회계감사인|제3항,2026-04-25
외국법인등,준용한다,STRUCTURE,제1항 본문에 따른 회계감사를 받은 것으로 본다,169조,0.9,외국법인등|제3항,2026-04-25
회계감사인,배상,ACTION,손해,제170조,0.95,손해배상책임|회계감사인,2026-04-25
회계감사인,책임을진다,ACTION,손해,제170조,0.9,손해배상책임,2026-04-25
회계감사인,준용함,LOGICAL,손해배상책임,제31조,0.95,손해배상책임|회계감사인,2026-04-25
회계감사인,배상책임을 지다,ACTION,손해배상액,제31조,0.85,손해배상액|회계감사인,2026-04-25
회계감사인,면제함,SANCTION,손해배상책임,제31조,0.8,면제|회계감사인|거짓의 기재|중요사항,2026-04-25
회계감사인,금액추정,ACTION,차액,제31조,0.8,차액|회계감사인,2026-04-25
공공기관,허용함,ACTION,상장증권으로 대신 납부,제171조,0.95,대신 납부|보증금|공공기관,2026-04-25
공공기관,금지함,ACTION,거부,제171조,0.95,거부|대신 납부,2026-04-25
대통령령,정한다,ACTION,평가기준,제171조,0.95,평가기준|대통령령,2026-04-25
주권상장법인 임원,반환함,ACTION,단기매매차익,제172조,0.95,내부자 단기매매차익 반환|주권상장법인 임원|단기매매차익,2026-04-25
내부자 단기매매차익 반환,정의함,LOGICAL,주권상장법인 임원이 단기매매차익을 반환하는 행위,제172조,0.85,내부자 단기매매차익 반환|주권상장법인 임원|단기매매차익,2026-04-25
각 호,포함한다,ACTION,자,제401조의2제1항,0.9,자,2026-04-25
법인,청구할 수 있다,ACTION,임직원 또는 주요주주에게 단기매매차익 반환을 청구,제174조제1항,0.95,단기매매차익|법인|임직원|주요주주|청구,2026-04-25
주주,요구할 수 있다,ACTION,법인에게 단기매매차익 반환청구를 하도록 요구,제174조제1항,0.92,단기매매차익|주주|법인|요구,2026-04-25
주주,대위하여 청구할 수 있다,ACTION,법인에게 단기매매차익 반환청구,제174조제1항,0.9,단기매매차익|주주|법인|대위|청구,2026-04-25
증권선물위원회,통보하여야 한다,ACTION,해당 법인에 단기매매차익 발생사실,제174조제1항,0.93,단기매매차익|증권선물위원회|통보,2026-04-25
법인,공시하여야 한다,ACTION,통보받은 내용 대통령령으로 정하는 방법에 따라,제174조제1항,0.91,단기매매차익|법인|공시|대통령령,2026-04-25
제1항 및 제2항에 따른 권리,소멸한다,LOGICAL,이익을 취득한 날부터 2년 이내에 행사하지 아니한 경우,제174조제1항,0.88,단기매매차익|권리|소멸,2026-04-25
제1항,적용하지 아니한다,LOGICAL,"임직원 또는 주요주주로서 행한 매도 또는 매수의 성격, 그 밖의 사정 등을 고려하여 대통령령으로 정하는 경우 및 주요주주가 매도ㆍ매수한 시기 중 어느 한 시기에 있어서 주요주주가 아닌 경우",제174조제1항,0.87,단기매매차익|제1항|적용|대통령령,2026-04-25
제1항 및 제2항,준용한다,STRUCTURE,주권상장법인이 모집ㆍ사모ㆍ매출하는 특정증권등을 인수한 투자매매 업자에게 대통령령으로 정하는 기간 동안,제174조제1항,0.86,단기매매차익|제1항|제2항|준용,2026-04-25
대통령령,정한다,STRUCTURE,이익의 산정기준ㆍ반환절차 등에 관하여 필요한 사항,제174조제1항,0.9,단기매매차익|대통령령|정함,2026-04-25
임원 및 주요주주,요구함,ACTION,소유상황 보고,제173조,0.95,소유상황 보고|임원|주요주주,2026-04-25
임원 및 주요주주,요구함,ACTION,5일 이내에 소유상황 보고,제173조,0.9,5일 이내|소유상황 보고,2026-04-25
임원 및 주요주주,보고함,ACTION,증권선물위원회 및 거래소,제173조,0.9,보고|증권선물위원회|거래소,2026-04-25
증권선물위원회 및 거래소,보관함,ACTION,보고서 3년간,제173조,0.9,보관|3년|보고서,2026-04-25
증권선물위원회 및 거래소,공시함,ACTION,보고서,제173조,0.9,공시|보고서,2026-04-25
대통령령,예외로함,LOGICAL,보고 내용 및 시기,제173조,0.8,대통령령|예외|보고 내용|시기,2026-04-25
소유상황 변동,제외함,LOGICAL,경미한 변동,제173조,0.8,소유상황 변동|경미한 변동|제외,2026-04-25
대량보유 보고,정의함,LOGICAL,장내파생상품,제173조의2,0.9,대량보유 보고|장내파생상품,2026-04-25
제173조의2,상위조항,STRUCTURE,제173조,제173조의2,0.8,제173조의2|제173조,2026-04-25
보유자,요구함,ACTION,금융위원회와 거래소에 보유 상황 보고,제4조제10항제 3호,0.95,보고|보유자|보유 상황|금융위원회|거래소|5일 이내|대통령령|수량 이상|파생상품,2026-04-25
보유자,요구함,ACTION,금융위원회와 거래소에 변동 내용 보고,제4조제10항제 3호,0.95,보고|보유자|변동 내용|금융위원회|거래소|5일 이내|대통령령|수량 이상|파생상품,2026-04-25
임원,보고함,ACTION,거래계획,제173조의3,0.95,거래계획 보고|임원,2026-04-25
거래계획 보고자,요구함,ACTION,거래계획 보고,제429조,0.95,거래계획 보고|보고,2026-04-25
거래계획 보고자,금지함,ACTION,새로운 거래계획 보고,제429조,0.95,새로운 거래계획 보고,2026-04-25
거래계획 보고자,요구함,ACTION,거래계획에 따른 거래,제429조,0.95,거래계획에 따른 거래,2026-04-25
거래계획 보고자,허용함,ACTION,거래계획과 달리 거래,제429조,0.95,거래계획과 달리 거래,2026-04-25
거래계획 보고자,허용함,ACTION,거래계획 철회,제429조,0.95,거래계획 철회,2026-04-25
증권선물위원회와 거래소,요구함,ACTION,거래계획 공시,제429조,0.95,거래계획 공시,2026-04-25
거래계획,정의함,LOGICAL,"거래목적, 거래가격, 거래수량, 거래기간 등 대통령령으로 정하는 사항",제429조,0.95,거래계획 정의,2026-04-25
거래계획 보고자,정의함,LOGICAL,거래계획을 보고한 자,제429조,0.95,거래계획 보고자 정의,2026-04-25
자,금지함,ACTION,미공개중요정보 이용행위,제174조,0.9,미공개중요정보 이용행위 금지|미공개중요정보,2026-04-25
자,포함한다,STRUCTURE,상장법인 및 상장예정법인등,제174조,0.8,상장법인|상장예정법인등,2026-04-25
미공개중요정보,정의함,LOGICAL,"투자자의 투자판단에 중대한 영향을 미칠 수 있는 정보이며, 대통령령으로 정하는 방법에 따라 불특정 다수인이 알 수 있도록 공개되기 전의 것",제443조,0.95,미공개중요정보 정의|투자판단 영향|공개전 정보,2026-04-25
법인(그 계열회사를 포함한다),금지함,ACTION,미공개중요정보를 이용하여 매매 및 그 밖의 거래,제443조제1항제1호,0.95,미공개중요정보|거래,2026-04-25
그 법인의 임직원·대리인·사용인·종업원,금지함,ACTION,미공개중요정보를 이용하여 매매 및 그 밖의 거래,제443조제1항제2호,0.95,미공개중요정보|거래,2026-04-25
그 법인의 주요주주,금지함,ACTION,미공개중요정보를 이용하여 매매 및 그 밖의 거래,제443조제1항제3호,0.95,미공개중요정보|거래,2026-04-25
그 법인에 대하여 법령에 따른 허가·인가·지도·감독·권한을 가지는 자,금지함,ACTION,미공개중요정보를 이용하여 매매 및 그 밖의 거래,제443조제1항제4호,0.95,미공개중요정보|거래,2026-04-25
대량취득ㆍ처분을 하려는 자,보유,ACTION,주식등,149,0.95,대량취득ㆍ처분|보유|주식등,2026-04-25
대량취득ㆍ처분을 하려는 자,알게 된 자,LOGICAL,미공개정보,149,0.9,대량취득ㆍ처분|미공개정보,2026-04-25
대량취득ㆍ처분을 하려는 자의 임직원ㆍ대리인,알게 된 자,LOGICAL,미공개정보,149,0.9,대량취득ㆍ처분|미공개정보,2026-04-25
미공개중요정보 이용행위의 배상책임,정의함,LOGICAL,배상책임,175,0.9,미공개중요정보 이용행위|배상책임,2026-04-25
제174조 위반자,배상할 책임,ACTION,손해,제174조,0.95,손해배상|배상 책임,2026-04-25
손해배상청구권,소유,LOGICAL,청구권자,제174조,0.9,손해배상청구권|소유,2026-04-25
행위,소멸한다,ACTION,시효,174,0.95,시효|소멸,2026-04-25
제177조,상위조항,STRUCTURE,제1조,제177조,0.5,제177조|제1조,2026-04-25
시세 변동 또는 고정 행위,금지함,ACTION,파생상품의 기초자산의 시세,제443조제1항제7호,0.95,시세 변동|시세 고정|파생상품|기초자산|부당 이익,2026-04-25
시세 변동 또는 고정 행위,금지함,ACTION,파생상품의 시세,제443조제1항제7호,0.95,시세 변동|시세 고정|파생상품|부당 이익,2026-04-25
시세 변동 또는 고정 행위,금지함,ACTION,증권과 연계된 증권 또는 그 증권의 기초자산의 시세,제443조제1항제7호,0.95,시세 변동|시세 고정|증권|기초자산|부당 이익,2026-04-25
시세 변동 또는 고정 행위,금지함,ACTION,증권의 시세,제443조제1항제7호,0.95,시세 변동|시세 고정|증권|부당 이익,2026-04-25
시세 변동 또는 고정 행위,금지함,ACTION,파생상품과 기초자산이 동일하거나 유사한 파생상품의 시세,제443조제1항제7호,0.95,시세 변동|시세 고정|파생상품|기초자산|부당 이익,2026-04-25
시세 변동 또는 고정,정의함,LOGICAL,부당 이익을 얻거나 제삼자에게 부당한 이익을 얻게 할 목적으로 시세를 변동 또는 고정시키는 행위,제443조제1항제7호,0.9,시세 변동|시세 고정|부당 이익|제삼자,2026-04-25
시세조종의 배상책임,정의함,LOGICAL,배상책임,제177조,0.6,시세조종|배상책임,2026-04-25
위반한 자,배상할 책임을 진다,ACTION,제1호의 손해,제176조,0.95,손해배상|가격에 의한 매매등,2026-04-25
위반한 자,배상할 책임을 진다,ACTION,제1호의 손해 외에 그 위반행위로 인한 손해,제176조,0.85,손해배상|가격에 의한 매매등,2026-04-25
손해,정의함,LOGICAL,"가격에 영향을 받은 다른 증권, 파생상품 또는 그 증권ㆍ파생상품의 기초자산에 대한 매매등을 하거나 그 위탁을 한 자가 그 매매등 또는 위탁으로 인하여 입은 손해",제176조제4항,0.95,손해 정의|가격 영향|매매|위탁|기초자산,2026-04-25
자,매매,ACTION,기초자산,제176조제4항,0.85,자|매매|기초자산,2026-04-25
자,입은,LOGICAL,손해,제176조제4항,0.85,자|입은|손해,2026-04-25
손해배상청구권,정의함,LOGICAL,손해배상청구권은 청구권자가 특정 시점의 가격 또는 수치에 따라 권리행사 또는 조건성취가 결정되거나 금전등이 결제되는 증권 또는 파생상품과 관련하여 그 증권 또는 파생상품을 보유한 자가 그 위반행위로 형성된 가격 또는 수치에 따라 결정되거나 결제됨으로써 입은 손해에 대해 청구할 수 있는 권리,제176조제4항,0.95,손해배상청구권 정의|청구권자 의무,2026-04-25
청구권자,요구함,ACTION,손해배상청구권,제176조제4항,0.9,청구권자 의무|손해배상청구권 청구,2026-04-25
시효,소멸,ACTION,위반 행위,176조,0.95,시효|소멸|위반 행위|법적 강제성: MANDATORY,2026-04-25
시효,기간,STRUCTURE,2년,176조,0.85,시효|기간|2년|지식 시점,2026-04-25
시효,기간,STRUCTURE,5년,176조,0.85,시효|기간|5년|행위 발생 시점,2026-04-25
부정거래행위,금지함,ACTION,금지,제178조,0.9,부정거래행위|금지,2026-04-25
인물,금지함,ACTION,"부정한 수단, 계획 또는 기교를 사용하는 행위",제179조,0.95,금지|부정한 수단|계획|기교|행위,2026-04-25
인물,금지함,ACTION,"중요사항에 관하여 거짓의 기재 또는 표시를 하거나, 타인에게 오해를 유발시키지 아니하도록 필요한 중요사항의 기재 또는 표시가 누락된 문서, 그 밖의 기재 또는 표시를 사용하여 금전, 그 밖의 재산상의 이익을 얻고자 하는 행위",제179조,0.95,금지|거짓의 기재|표시|누락|사용|금전|재산상의 이익|행위,2026-04-25
인물,금지함,ACTION,"금전, 그 밖의 재산상의 이익을 얻고자 하는 행위",제179조,0.95,금지|금전|재산상의 이익|행위,2026-04-25
인물,금지함,ACTION,"풍문의 유포, 위계(僞計)의 사용, 폭행 또는 협박",제179조,0.95,금지|풍문|위계|폭행|협박|행위,2026-04-25
제1호에 해당하는 자,금지함,ACTION,제2호에 해당하는 정보를 증권시장에 상장된 증권에,제178조의2,0.8,시장질서 교란행위|금지,2026-04-25
지정 금융투자상품,금지함,ACTION,매매등에 이용하거나 타인에게 이용하게 하는 행위,제174조제1항,0.9,지정 금융투자상품|매매등,2026-04-25
지정 금융투자상품,정의함,LOGICAL,"상장예정법인등이 발행한 증권, 장내파생상품, 기초자산으로 하는 파생상품",제174조제1항,0.85,지정 금융투자상품|상장예정법인|장내파생상품|기초자산,2026-04-25
지정 금융투자상품,예외로함,LOGICAL,투자자 보호 및 건전한 시장질서를 해할 우려가 없는 행위로서 대통령령으로 정하는 경우,제174조제1항,0.75,지정 금융투자상품|대통령령|예외,2026-04-25
제173조의2제 2항,상위조항,STRUCTURE,제173조의2,제173조의2제 2항,0.6,제173조의2제 2항,2026-04-25
제174조,정의함,LOGICAL,지정 금융투자상품,제174조,0.7,지정 금융투자상품 정의,2026-04-25
자,제외함,ACTION,제178조에 해당하는 경우,178,0.9,제178조 제외|제178조에 해당하는 경우,2026-04-25
인물,금지함,ACTION,미공개중요정보를 알게 된 행위,제174조,0.9,미공개중요정보|알게 된,2026-04-25
인물,금지함,ACTION,미공개중요정보를 받거나 전득한 행위,제174조,0.9,미공개중요정보|받거나 전득,2026-04-25
인물,금지함,ACTION,정보를 생산하거나 알게 된 행위,제174조,0.9,미공개중요정보|생산|알게 된,2026-04-25
인물,금지함,ACTION,"해킹, 절취, 기망, 협박 등 부정한 방법으로 정보를 알게 된 행위",제174조,0.9,미공개중요정보|부정한 방법,2026-04-25
인물,금지함,ACTION,나목 또는 다목의 어느 하나에 해당하는 자로부터 나온 정보인 정을 알면서 이를 받거나 전득한 행위,제174조,0.9,미공개중요정보|나목|다목,2026-04-25
미공개중요정보,정의함,LOGICAL,정보가 지정 금융투자상품의 매매등 여부 또는 매매등의 조건에 중대한 영향을 줄 가능성이 있을 것 AND 투자자들이 알지 못하는 사실에 관한 정보로서 불특정 다수인이 알 수 있도록 공개되기 전일 것,제174조,0.95,미공개중요정보|중대한 영향|공개 전,2026-04-25
제176조,정의함,LOGICAL,제176조,176,0.5,제176조,2026-04-26
제178조 제외,정의함,LOGICAL,제178조에 해당하는 경우는 제외한다.,178조,0.95,제178조 제외|제178조에 해당하는 경우는 제외한다,2026-04-26
제178조에 해당하는 경우,정의함,LOGICAL,거래 성립 가능성이 희박한 호가를 대량으로 제출하거나 호가를 제출한 후 해당 호가를 반복적으로 정정ㆍ취소하여 시세에 부당한 영향을 주거나 줄 우려가 있는 행위,178조,0.9,제178조에 해당하는 경우|거래 성립 가능성이 희박한 호가를 대량으로 제출하거나 호가를 제출한 후 해당 호가를 반복적으로 정정ㆍ취소하여 시세에 부당한 영향을 주거나 줄 우려가 있는 행위,2026-04-26
제178조에 해당하는 경우,정의함,LOGICAL,권리의 이전을 목적으로 하지 아니함에도 불구하고 거짓으로 꾸민 매매를 하여 시세에 부당한 영향을 주거나 줄 우려가 있는 행위,178조,0.9,제178조에 해당하는 경우|권리의 이전을 목적으로 하지 아니함에도 불구하고 거짓으로 꾸민 매매를 하여 시세에 부당한 영향을 주거나 줄 우려가 있는 행위,2026-04-26
제178조에 해당하는 경우,정의함,LOGICAL,손익이전 또는 조세회피 목적으로 자기가 매매하는 것과 같은 시기에 그와 같은 가격 또는 약정수치로 타인이 그 상장증권 또는 장내파생상품을 매수할 것을 사전에 그 자와 서로 짠 후 매매를 하여 시세에 부당한 영향을 주거나 영향을 줄 우려가 있는 행위,178조,0.9,제178조에 해당하는 경우|손익이전 또는 조세회피 목적으로 자기가 매매하는 것과 같은 시기에 그와 같은 가격 또는 약정수치로 타인이 그 상장증권 또는 장내파생상품을 매수할 것을 사전에 그 자와 서로 짠 후 매매를 하여 시세에 부당한 영향을 주거나 영향을 줄 우려가 있는 행위,2026-04-26
제178조에 해당하는 경우,정의함,LOGICAL,풍문을 유포하거나 거짓으로 계책을 꾸미는 등으로 상장증권 또는 장내파생상품의 수요ㆍ공급 상황이나 그 가격에 대하여 타인에게 잘못된 판단이나 오해를 유발하거나 상장증권 또는 장내파생상품의 가격을 왜곡할 우려가 있는 행위,178조,0.9,제178조에 해당하는 경우|풍문을 유포하거나 거짓으로 계책을 꾸미는 등으로 상장증권 또는 장내파생상품의 수요ㆍ공급 상황이나 그 가격에 대하여 타인에게 잘못된 판단이나 오해를 유발하거나 상장증권 또는 장내파생상품의 가격을 왜곡할 우려가 있는 행위,2026-04-26
불공정거래행위 통보,정의함,LOGICAL,증권선물위원회가 수행하는 통보 행위,제178조의3,0.45,불공정거래행위 통보,2026-04-26
증권선물위원회,요구함,ACTION,불공정거래행위 통보,제178조의3,0.4,불공정거래행위 통보,2026-04-26
Unknown Article,참조함,STRUCTURE,제429조,Unknown,0.5,제429조,2026-04-26
과징금 사건,준용함,STRUCTURE,제429조의2,제429조의2,0.7,과징금 사건,2026-04-26
제173조의2제2항,상위조항,STRUCTURE,제173조,제173조의2제2항,0.95,제173조의2제2항|제173조,2026-04-26
제174조,구조,STRUCTURE,제174조,제174조,0.0,,2026-04-26
인정하는 사람,요구함,ACTION,검찰총장에게 통보,제178조,0.95,위반 혐의|통보,2026-04-26
위반 혐의,참조함,STRUCTURE,제178조,제178조,0.9,위반 혐의,2026-04-26
제173조의2제2항,참조함,STRUCTURE,제173조의2제2항,제173조의2제2항,0.9,제173조의2제2항,2026-04-26
제178조 위반자 소추,제공할 수 있다,ACTION,관련 정보,Unknown,0.9,제178조 위반자 소추|정보 제공,2026-04-26
배상책임,정의함,LOGICAL,부정거래행위 등에 대한 배상책임,179,0.8,배상책임|부정거래행위,2026-04-26
위반한 자,요구함,ACTION,배상할 책임을 진다,제178조,0.9,배상 책임|위반행위,2026-04-26
청구권자,권한을가짐,ACTION,손해배상청구권,제178조,0.8,손해배상청구권|청구권자,2026-04-26
시효,소멸함,LOGICAL,제178조 위반 행위에 대한 청구,제178조,0.95,시효|소멸|제178조 위반 행위,2026-04-26
누구든지,금지함,ACTION,상장증권의 매도(공매도),제180조,0.95,공매도 제한|상장증권|매도,2026-04-26
누구든지,허용함,ACTION,차입 공매도(차입한 상장증권으로 결제하고자 하는 매도),제180조,0.9,차입 공매도|공매도 제한|대통령령 방법,2026-04-26
금융위원회,제한할 수 있다,ACTION,"차입공매도의 범위, 매매거래 유형 및 기한",제180조,0.9,금융위원회|차입공매도 제한|증권시장 안정성,2026-04-26
공매도,예외로함,LOGICAL,증권시장에서 매수계약이 체결된 상장증권을 해당 수량의 범위에서 결제일 전에 매도하는 경우,제180조,0.9,공매도 예외|매수계약|결제일,2026-04-26
공매도,예외로함,LOGICAL,"전환사채·교환사채·신주인수권부사채 등 권리 행사, 유·무상증자, 주식배당 등으로 취득한 주식을 매도하는 경우",제180조,0.9,공매도 예외|권리 행사|주식배당,2026-04-26
제180조의2,상위조항,STRUCTURE,제180조,제180조의2,0.9,순보유잔고의 보고,2026-04-26
매도자,보고해야 한다,ACTION,금융위원회와 거래소,제180조제1항,0.95,보고의무|순보유잔고 초과,2026-04-26
금융위원회,정정할 수 있다,ACTION,보고서,제180조제1항,0.9,정정권한|거짓기재,2026-04-26
전문투자자,보관해야 한다,ACTION,순보유잔고 산정 자료,제180조제1항,0.9,자료보관의무|보유잔고,2026-04-26
금융위원회,정하고 고시한다,ACTION,보고 절차 및 방법,제180조제1항,0.9,정책정정|고시,2026-04-26
매도자,공시해야 한다,ACTION,"매도자에 관한 사항, 순보유잔고에 관한 사항, 그 밖에 대통령령으로 정하는 사항",제180조의3,0.95,공시 의무|순보유잔고 비율|대통령령 기준,2026-04-26
금융위원회,정하여 고시한다,ACTION,제1항에 따른 공시에 필요한 절차 및 방법 등의 세부사항,제180조의3,0.9,금융위원회|정시 고시|공시 절차,2026-04-26
공매도 제한,금지함,ACTION,모집 또는 매출에 따른 주식의 취득,제180조의4,0.95,공매도 제한|모집 또는 매출에 따른 주식|대통령령으로 정하는 기간,2026-04-26
공매도 제한,금지함,ACTION,전환사채 또는 신주인수권부사채의 취득,제180조의4,0.95,공매도 제한|전환사채 또는 신주인수권부사채|대통령령으로 정하는 기간,2026-04-26
공매도 제한,예외로함,LOGICAL,공정한 가격형성을 저해하지 아니하는 경우,제180조의4,0.9,공매도 제한|공정한 가격형성|대통령령으로 정하는 경우,2026-04-26
차입공매도를 목적으로 상장증권의 대차거래계약을 체결한 자,보관해야 한다,ACTION,대차거래정보,제180조의5,0.95,대차거래정보|보관|5년,2026-04-26
대차거래정보의 보관의무를 지는 자,제출해야 한다,ACTION,대차거래정보,제180조의5,0.95,대차거래정보|제출|지체 없이,2026-04-26
차입공매도를 목적으로 대통령령으로 정하는 상장증권의 대차거래 계약을 체결하려는 자,계약을 체결해야 한다,ACTION,대차거래 계약,제180조의5,0.95,대차거래 계약|계약 체결|상환기간 정하기,2026-04-26
차입공매도를 목적으로 대통령령으로 정하는 상장증권의 대차거래 계약을 체결하려는 자,상환기간을 정해야 한다,ACTION,상환기간,제180조의5,0.95,상환기간|대통령령,2026-04-26
증권의 대차거래의 중개ㆍ주선이나 대리업무를 하려는 자,관리해야 한다,ACTION,대차거래 계약,제180조의5,0.95,대차거래 계약|관리|제3항 상환기간 적용,2026-04-26
대차거래 계약,상환기간을 적용해야 한다,ACTION,제3항의 상환기간,제180조의5,0.95,상환기간|제3항,2026-04-26
대차거래정보,보관기간,ACTION,5년,제180조의5,0.95,대차거래정보|보관기간|5년,2026-04-26
대차거래정보,제출,ACTION,금융위원회 및 거래소,제180조의5,0.95,대차거래정보|제출|금융위원회|거래소,2026-04-26
투자중개업자,요구함,ACTION,무차입공매도 방지 조치,제180조제1항,0.95,무차입공매도 방지 조치|투자중개업자,2026-04-26
투자중개업자,요구함,ACTION,법인으로부터 공매도 위탁을 받는 경우 그 법인이 제1항에 따른 조치를 하였는지 확인,제180조제1항,0.9,투자중개업자|법인|무차입공매도 방지 조치|대통령령,2026-04-26
집합투자기구,받는다,ACTION,상법 및 민법,181,0.95,집합투자기구|상법|민법,2026-04-26
이 법에서 특별히 정한 경우,예외로함,LOGICAL,집합투자기구의 상법 및 민법 적용,181,0.9,이 법에서 특별히 정한 경우|집합투자기구의 상법 및 민법 적용,2026-04-26
투자회 사등,등록 하여야 한다,ACTION,금융위원회,제182조,0.95,집합투자기구 등록,2026-04-26
집합투자기구의 등록요건,정의함,LOGICAL,다음 각 호와 같다,제182조,0.9,등록요건,2026-04-26
일반사무관리회 사,위탁받다,ACTION,업무,제184조제6항,0.9,일반사무관리회 사|업무,2026-04-26
일반사무관리회사,정의함,LOGICAL,제254조에 따른 일반사무관리회사를 말한다.,제254조,0.95,정의|일반사무관리회사,2026-04-26
금융위원회,요구함,ACTION,등록신청서 제출,제9조제18항,0.95,집합투자기구 등록|등록신청서,2026-04-26
금융위원회,검토함,ACTION,등록신청서 내용,제9조제18항,0.95,검토|등록신청서,2026-04-26
금융위원회,결정함,ACTION,등록 여부,제9조제18항,0.95,등록 여부|결정,2026-04-26
금융위원회,통지함,ACTION,등록 여부 및 이유,제9조제18항,0.95,통지|등록 여부,2026-04-26
금융위원회,보완요구할 수 있음,ACTION,등록신청서 흠결,제9조제18항,0.95,보완요구|등록신청서 흠결,2026-04-26
금융위원회,거부할 수 없음,ACTION,등록,제9조제18항,0.95,거부|등록,2026-04-26
금융위원회,기재함,ACTION,집합투자기구등록부,제9조제18항,0.95,기재|등록부,2026-04-26
금융위원회,공고함,ACTION,등록내용,제9조제18항,0.95,공고|등록내용,2026-04-26
투자신탁이나 투자익명조합의 집합투자업자 또는 투자회사등,변경등록해야 함,ACTION,변경내용,제9조제18항,0.95,변경등록|2주 이내,2026-04-26
제9조제18항,참조함,STRUCTURE,제3항,제9조제18항,0.95,제3항,2026-04-26
제9조제18항,참조함,STRUCTURE,제4항,제9조제18항,0.95,제4항,2026-04-26
제9조제18항,준용함,STRUCTURE,제2항부터 제7항까지,제9조제18항,0.95,제2항|제3항|제4항|제5항|제6항|제7항,2026-04-26
제9조제18항,근거함,STRUCTURE,대통령령,제9조제18항,0.95,대통령령,2026-04-26
집합투자업자,허용함,ACTION,교차판매 집합투자기구 등록,제182조의2,0.95,집합투자업자|교차판매 집합투자기구 등록,2026-04-26
교차판매 집합투자기구 등록,근거함,STRUCTURE,교차판매협약등,제182조의2,0.9,교차판매 집합투자기구 등록|교차판매협약등,2026-04-26
교차판매 집합투자기구,등록할 수 있다,ACTION,금융위원회,제182조의2,0.9,교차판매 집합투자기구|금융위원회,2026-04-26
교차판매 집합투자기구 등록,요구함,LOGICAL,교차판매협약등 체결,제182조의2,0.85,교차판매 집합투자기구 등록|교차판매협약등 체결,2026-04-26
집합투자업자,요구함,ACTION,대통령령으로 정하는 적격 요건,제182조제1항,0.95,적격 요건,2026-04-26
적격 요건,정의함,LOGICAL,대통령령으로 정하는 내용,제182조제1항,0.9,적격 요건,2026-04-26
집합투자기구,정의함,LOGICAL,명칭,제183조,0.9,집합투자기구|명칭,2026-04-26
집합투자기구,사용함,ACTION,문자(증권ㆍ부동산ㆍ특별자산ㆍ혼합자산 및 단기금융),229조,0.95,집합투자기구|문자 사용,2026-04-26
집합투자기구가 아닌 자,금지함,ACTION,"‘집합투자’, ‘간접투자’, ‘투자신탁’, ‘투자회사’, ‘투자유한회사’, ‘투자합자회사’, ‘기관전용 사모집합투자기구’, ‘투자유한책임회사’, ‘투자합자조합’, ‘투자익명조합’ 및 유사한 명칭",제229조,0.95,집합투자기구가 아닌 자|명칭|금지,2026-04-26
집합투자기구 종류 표시 문자,정의함,LOGICAL,증권ㆍ부동산ㆍ특별자산ㆍ혼합자산 및 단기금융,229조,0.85,정의|문자 종류,2026-04-26
제6조제5항제1호에 규정된 것,허용함,ACTION,제6조제5항제1호에 규정된 것,제6조제5항제1호,0.95,사용|제6조제5항제1호에 규정된 것,2026-04-26
집합투자기구의 명칭,정의함,LOGICAL,집합투자기구는 그 상호 또는 명칭 중에,제183조,0.9,집합투자기구의 명칭|집합투자기구,2026-04-26
집합투자기구,요구함,ACTION,문자(증권ㆍ부동산ㆍ특별자산ㆍ혼합자산ㆍ단기금융 및 기업 성장),제229조,0.95,집합투자기구|문자|명칭|사용,2026-04-26
규정된 것,사용할 수 있다,ACTION,이것,제6조제5항제1호,0.95,사용|규정된 것,2026-04-26
제6조제5항제1호,규정함,STRUCTURE,규정된 것,제6조제5항제1호,0.9,규정된 것,2026-04-26
집합투자기구,정의함,LOGICAL,집합투자기구의 명칭,183,0.95,집합투자기구|명칭,2026-04-26
집합투자기구평가회사,정의함,LOGICAL,제258조에 따른 집합투자기구평가회사를 말한다,제258조,0.9,집합투자기구평가회사|제258조,2026-04-26
채권평가회사,정의함,LOGICAL,제258조에 따른 채권평가회사를 말한다,제258조,0.8,채권평가회사|제258조,2026-04-26
채권평가회사,정의함,LOGICAL,채권평가회사를 말한다,제263조,0.95,채권평가회사 정의,2026-04-26
채권평가회사,연대책임을진다,ACTION,손해배상책임,제263조,0.95,연대책임|손해배상책임,2026-04-26
자기집합투자증권 취득 제한,정의함,LOGICAL,투자회사 등은 자기 발행한 집합투자증권을 취득하거나 질권의 목적으로 받지 못한다.,186,0.95,자기집합투자증권|취득 제한|질권,2026-04-26
투자회사,금지함,ACTION,자기 발행한 집합투자증권을 취득하거나 질권의 목적으로 받는 행위,186,0.9,취득|질권|집합투자증권,2026-04-26
투자회사,예외로함,LOGICAL,자기 발행한 집합투자증권을 취득,186,0.9,담보권 실행|권리 행사|예외,2026-04-26
투자회사,요구함,ACTION,취득한 집합투자증권을 대통령령으로 정하는 방법에 따라 처분,186,0.9,처분|대통령령|방법,2026-04-26
투자회사,허용함,ACTION,집합투자증권을 환매하는 행위,제235조,0.9,환매|집합투자증권,2026-04-26
주식 매수,참조함,STRUCTURE,제201조제4항,제201조제4항,0.95,주식 매수|제201조제4항,2026-04-26
주식 매수,행위,ACTION,주식,제201조제4항,0.7,주식 매수|주식,2026-04-26
제89조,상위조항,STRUCTURE,제1조,89,0.5,제89조,2026-04-26
제92조까지의 규정,준용함,STRUCTURE,투자회사등,제92조,0.95,제92조까지의 규정|투자회사등|준용,2026-04-26
집합투자업자,정의함,LOGICAL,투자회사등,제87조,0.9,집합투자업자 정의|투자회사등,2026-04-26
집합투자업자,예외로함,LOGICAL,"투자신탁, 투자익명조합",제87조,0.8,제한|투자신탁|투자익명조합,2026-04-26
투자회사등,정의함,LOGICAL,집합투자업자,제87조,0.8,의결권 위탁,2026-04-26
투자신탁이나 투자익명조합의 집합투자업자,정의함,LOGICAL,투자회사등,제89조제1항,0.95,정의|집합투자업자,2026-04-26
제90조,상위조항,STRUCTURE,제89조,90,0.1,제90조,2026-04-26
집합투자업자,보고함,ACTION,투자회사등은,제92조,0.9,집합투자업자|투자회사등은,2026-04-26
집합투자업자,정의함,LOGICAL,투자회사 등,91,0.98,집합투자업자|투자회사 등,2026-04-26
집합투자업자,포함함,LOGICAL,"투자신탁, 투자익명조합의 집합투자업자, 투자매매업자, 투자중개업자",91,0.9,집합투자업자|투자신탁|투자익명조합의 집합투자업자|투자매매업자|투자중개업자,2026-04-26
집합투자업자,본다,ACTION,투자회사 등,91,0.95,집합투자업자|투자회사 등,2026-04-26
투자회사등,요구함,ACTION,자료의 기록·유지,187,0.95,자료의 기록·유지|대통령령으로 정하는 기간|자료의 종류별,2026-04-26
투자회사등,요구함,ACTION,적절한 대책을 수립·시행,187,0.9,멸실 방지|위조 방지|변조 방지,2026-04-26
집합투자업자,요구함,ACTION,신탁계약 체결,188,0.95,신탁계약 체결,2026-04-26
신탁계약서,포함함,STRUCTURE,다음 각 호의 사 항,188,0.9,신탁계약서|사 항,2026-04-26
투자신탁,발행,ACTION,수익권,제189조,0.95,투자신탁 수익권|발행,2026-04-26
집합투자업자,위탁,ACTION,기준가격 산정업무,제189조,0.85,기준가격 산정업무|위탁,2026-04-26
수수료,부담,ACTION,투자신탁재산,제189조,0.9,수수료|투자신탁재산|부담,2026-04-26
집합투자업자,체결,ACTION,변경계약,제189조,0.9,신탁계약|변경계약|체결,2026-04-26
수익자총회,결의,ACTION,집합투자업자ㆍ신탁업자 등이 받는 보수 및 수수료 인상,제190조제5항,0.95,수익자총회|결의|보수 인상,2026-04-26
수익자총회,결의,ACTION,"신탁업자 변경(합병·분할·분할합병 등, 대통령령으로 정하는 사유 제외)",제190조제5항,0.95,수익자총회|결의|신탁업자 변경,2026-04-26
수익자총회,결의,ACTION,신탁계약기간 변경(투자신탁 설정 시 기간변경이 계약서에 명시된 경우 제외),제190조제5항,0.95,수익자총회|결의|신탁계약기간 변경,2026-04-26
수익자총회,결의,ACTION,수익자의 이익과 관련된 중요한 사항(대통령령으로 정하는 사항),제190조제5항,0.95,수익자총회|결의|수익자 이익과 관련된 중요한 사항,2026-04-26
집합투자업자,공시,ACTION,신탁계약 변경(제2항에 따라 변경된 경우),제190조제5항,0.9,집합투자업자|공시|신탁계약 변경,2026-04-26
집합투자업자,통지,ACTION,수익자,제190조제5항,0.9,집합투자업자|통지|수익자,2026-04-26
집합투자업자,납입,ACTION,신탁원본 전액 금전,제190조제5항,0.9,집합투자업자|납입|신탁원본 전액 금전,2026-04-26
집합투자업자,요구함,ACTION,수익증권 발행,제189조,0.95,투자신탁 수익권|수익증권 발행,2026-04-26
수익자,간주함,LOGICAL,수익증권 좌수에 따른 균등한 권리,제189조,0.85,수익자|수익증권 좌수|균등한 권리,2026-04-26
집합투자업자,요구함,ACTION,수익권 전자등록 발행,제189조,0.95,수익권|전자등록|발행,2026-04-26
수익증권,정의함,LOGICAL,무액면 기명식,제189조,0.9,수익증권|무액면 기명식,2026-04-26
집합투자업자,요구함,ACTION,수익증권 전자등록 또는 기록,제189조,0.9,수익증권|전자등록|기록,2026-04-26
집합투자업자,요구함,ACTION,확인을 받아야 한다,제189조,0.85,집합투자업자|신탁업자 대표이사|확인,2026-04-26
집합투자업자,수행한다,ACTION,수익자명부 작성 업무,제189조,0.9,수익자명부|작성 업무,2026-04-26
제189조,참조함,STRUCTURE,주식ㆍ사채 등의 전자등록에 관한 법률,제189조,0.95,주식ㆍ사채 등의 전자등록에 관한 법률,2026-04-26
전자등록기관,요구함,ACTION,수익자명부 작성 및 비치,제2조제6호,0.95,수익자명부|작성|비치,2026-04-26
전자등록기관,금지함,ACTION,제7항 각 호에 관한 정보 제공,제2조제6호,0.9,제7항|정보 제공|금지,2026-04-26
전자등록기관,허용함,ACTION,제7항 각 호에 관한 정보 제공,제2조제6호,0.85,제7항|정보 제공|허용|수익자 총회|집합투자업자|대통령령,2026-04-26
전자등록기관,준용함,STRUCTURE,제6항,제2조제6호,0.9,제6항|위탁,2026-04-26
제337조,정의함,LOGICAL,제337조,제337조,0.0,제337조,2026-04-26
제339조,참조함,STRUCTURE,제2조,제339조,0.3,제339조|제2조,2026-04-26
제35조 제3항 후단,준용함,ACTION,수익권 및 수익증권,제35조,0.95,수익권 및 수익증권|상법,2026-04-26
제353조,참조함,STRUCTURE,제353조 및,Unknown,0.2,제353조,2026-04-26
제366조의2제2항ㆍ제3항,상위조항,STRUCTURE,제366조의2,제366조의2제2항ㆍ제3항,0.9,제366조의2제2항ㆍ제3항|제366조의2,2026-04-26
제367조,상위조항,STRUCTURE,제366조,제367조,0.2,제367조,2026-04-26
제368조제3항ㆍ제4항,정의함,LOGICAL,제368조,제368조제3항ㆍ제4항,0.3,제368조,2026-04-26
제368조의4,상위조항,STRUCTURE,제368조,제368조의4,0.6,sub-article|parent article,2026-04-26
제369조,상위조항,STRUCTURE,제369조제1항,제369조,0.9,조항|항,2026-04-26
제369조,상위조항,STRUCTURE,제369조제2항,제369조,0.9,조항|항,2026-04-26
제371조,상위조항,STRUCTURE,제2조,371,0.1,제2조,2026-04-26
Unknown,unknown,LOGICAL,Unknown,Unknown,0.0,Unknown,2026-04-26
제377조,상위조항,STRUCTURE,제376조,제377조,0.0,제376조,2026-04-26
제379조,참조함,STRUCTURE,제2조,제379조,0.3,제379조|제2조,2026-04-26
수익자총회,준용함,ACTION,제381조까지의 규정,381,0.95,수익자총회|준용,2026-04-26
주주,정의함,LOGICAL,수익자,381,0.9,주주|수익자,2026-04-26
정 관,정의함,LOGICAL,신탁계약,381,0.9,정 관|신탁계약,2026-04-26
주식,정의함,LOGICAL,수익증권,381,0.9,주식|수익증권,2026-04-26
회사,정의함,LOGICAL,집합투자업자,381,0.9,회사|집합투자업자,2026-04-26
이사 회의 결의,정의함,LOGICAL,집합투자업자의 결정,381,0.9,이사 회의 결의|집합투자업자의 결정,2026-04-26
신탁계약,변경,ACTION,신탁계약의 변경,제188조제2항,0.8,신탁계약|변경,2026-04-26
수익자,청구함,ACTION,수익증권,제193조제2항,0.95,수익자 증권 매수 청구,2026-04-26
수익자,반대함,ACTION,수익자총회의 결의,제193조제2항,0.9,수익자 증권 매수 청구,2026-04-26
수익자,통지함,ACTION,집합투자업자,제193조제2항,0.85,수익자 증권 매수 청구,2026-04-26
수익자,제한기간,LOGICAL,수익자총회의 결의일 +20일,제193조제2항,0.8,수익자 증권 매수 청구,2026-04-26
집합투자업자,금지함,ACTION,수익자에게 수익증권 매수에 따른 수수료 및 비용,제193조제2항,0.95,집합투자업자|수익자|수익증권|수수료|비용|금지,2026-04-26
집합투자업자,매수해야 한다,ACTION,수익증권,제193조제2항,0.95,집합투자업자|수익증권|매수|의무,2026-04-26
집합투자업자,연기할 수 있다,ACTION,수익증권 매수,제193조제2항,0.9,집합투자업자|수익증권|매수|연기|금융위 원회 승인,2026-04-26
집합투자업자,소각해야 한다,ACTION,수익증권,제193조제2항,0.9,집합투자업자|수익증권|소각|의무,2026-04-26
수익자,매수청구,ACTION,수익증권,제193조제2항,0.85,수익자|수익증권|매수청구|대통령령,2026-04-26
대통령령으로 정하는 경우,제외함,ACTION,건전한 거래질서,제6조제6항,0.95,건전한 거래질서|대통령령으로 정하는 경우,2026-04-26
집합투자업자,허용함,ACTION,수익자에게 자산 지급,제249조의9제1항,0.9,투자신탁 해지|자산 지급,2026-04-26
집합투자업자,허용함,ACTION,투자신탁의 일부 해지,제249조의9제1항,0.9,투자신탁 해지|환매청구 응답,2026-04-26
대통령령,정한다,STRUCTURE,"신청서 기재사항 및 첨부서류, 미수금 및 미지급금 처리방법, 기타 필요한 사항",제249조의9제1항,0.8,투자신탁 해지 절차|대통령령,2026-04-26
집합투자업자,허용함,ACTION,투자신탁 합병,193,0.95,집합투자업자|투자신탁 합병,2026-04-26
집합투자업자,요구함,ACTION,합병계획서 작성 및 수익자총회 결의 획득,193,0.9,합병계획서|수익자총회 결의,2026-04-26
제193조,참조함,STRUCTURE,상법,193,0.8,상법,2026-04-26
소규모 투자신탁,예외로함,LOGICAL,제193조,193,0.85,소규모 투자신탁|예외,2026-04-26
집합투자업자,비치하다,ACTION,서류,제527조의5,0.95,투자신탁 합병|서류 비치,2026-04-26
집합투자업자,보고하다,ACTION,금융위원회,제527조의5,0.92,투자신탁 합병|보고 의무,2026-04-26
집합투자업자,보고하다,ACTION,거래소,제527조의5,0.9,투자신탁 합병|거래소 보고,2026-04-26
제194조(투자회사의 설립 등),참조함,STRUCTURE,금융회사의 지배구조에 관한 법률,194,0.95,참조|법률,2026-04-26
투자회사,허용함,ACTION,정관,제195조,0.95,정관 변경|이사회 결의,2026-04-26
투자회사,요구함,ACTION,이사회 결의,제195조,0.9,이사회 결의|정관 변경,2026-04-26
정관의 내용 중 특정 항목,예외로함,LOGICAL,정관 변경,제195조,0.8,정관 변경|특정 항목,2026-04-26
투자회사,요구함,ACTION,주주총회 결의,제201조제2항,0.95,주주총회 결의|정관 변경,2026-04-26
투자회사,예외로함,LOGICAL,정관 변경,제201조제2항,0.9,합병|분할|분할합병|집합투자업자 변경|신탁업자 변경,2026-04-26
투자회사,요구함,ACTION,공시 및 통지,제201조제2항,0.9,정관 변경|공시|통지,2026-04-26
주식,정의함,LOGICAL,무액면 기명식,196,0.95,주식|무액면 기명식,2026-04-26
투자회사,요구함,ACTION,주식 발행(전자등록 방식),196,0.95,투자회사|주식|전자등록,2026-04-26
이사회,결정함,ACTION,"신주의 수, 발행가액, 납입기일",196,0.9,이사회|신주|발행가액|납입기일,2026-04-26
이사회,결정함,ACTION,"신주의 발행기간, 제1호의 발행기간 이내에 발행하는 신주수의 상한, 제1호의 발행기간 동안 매일의 발행가액 및 주금납입기일을 정하는 방법",196,0.85,이사회|신주|발행기간|발행가액|납입기일,2026-04-26
개방형투자회사,공시함,ACTION,확정된 매일의 발행가액,196,0.9,개방형투자회사|발행가액|공시,2026-04-26
투자회사,정한다,ACTION,"신주의 발행가액, 발행조건",196,0.9,투자회사|신주|발행가액|발행조건,2026-04-26
신주의 발행가액,산정함,LOGICAL,자산의 순자산액에 기초하여 대통령령으로 정하는 방법,196,0.85,신주|발행가액|자산|순자산액|대통령령,2026-04-26
정관,예외로함,LOGICAL,"신주의 수, 발행가액, 납입기일 결정",196,0.8,정관|예외|신주|발행가액|납입기일,2026-04-26
이사,정의함,LOGICAL,집합투자업자인 이사와 감독이사,제197조,0.95,이사 정의|구분,2026-04-26
투자회사,요구함,ACTION,법인이사 1인과 감독이사 2인 이상,제197조,0.95,이사 선임|법인이사|감독이사,2026-04-26
법인이사,대표하고 집행한다,ACTION,투자회사의 업무,제198조,0.95,법인이사|대표|집행|투자회사의 업무,2026-04-26
법인이사,이사회 결의 필요,ACTION,해당 업무 집행,제198조,0.93,법인이사|이사회 결의|업무 집행,2026-04-26
법인이사,보 고하여야 한다,ACTION,이사회에 업무의 집행상황 및 자산 운용 내용,제198조,0.92,법인이사|보고|이사회|업무 집행상황|자산 운용,2026-04-26
법인이사,선임할 수 있다,ACTION,직무를 수행할 자를 임직원 중에서,제198조,0.9,법인이사|직무 선임|임직원,2026-04-26
집합투자업자,통보하여야 한다,ACTION,투자회사에 서면으로,제198조,0.88,집합투자업자|통보|투자회사|서면,2026-04-26
통보된 자,행위는 법인이사의 행위로 본다,LOGICAL,법인이사의 행위,제198조,0.85,통보된 자|행위 인정|법인이사,2026-04-26
감독이사,감독함,ACTION,법인이사의 업무집행,제199조,0.95,감독이사|법인이사|업무집행,2026-04-26
감독이사,파악함,ACTION,투자회사의 업무 및 재산 상황,제199조,0.9,감독이사|투자회사|업무|재산 상황,2026-04-26
감독이사,감독함,ACTION,법인이사와 그 투자회사재산을 보관·관리하는 신탁업자,제199조,0.85,감독이사|신탁업자|투자회사 재산,2026-04-26
감독이사,감독함,ACTION,그 투자회사의 주식을 판매하는 투자매매업자·투자중개업자,제199조,0.85,감독이사|투자매매업자|투자중개업자,2026-04-26
감독이사,감독함,ACTION,그 투자회사,제199조,0.85,감독이사|투자회사,2026-04-26
감독이사,요구함,ACTION,일반사무관리회사에 대한 투자회사와 관련되는 업무 및 재산상황에 관한 보고,제184조제6항,0.95,보고 요구|일반사무관리회사,2026-04-26
회계감사인,요구할 수 있다,ACTION,회계감사에 관한 보고,제240조제3항,1.0,회계감사인|회계감사에 관한 보고,2026-04-26
감독이사의 요구를 받은 자,응해야 한다,ACTION,요구,제240조제3항,0.95,감독이사|요구|응답,2026-04-26
다음 각 호의 어느 하나에 해당하는 자,감독이사가 될 수 없으며 직을 상실한다,ACTION,감독이사,제240조제3항,0.9,감독이사|직위|금지,2026-04-26
제5조에 적합하지 아니한 자,정의함,LOGICAL,해당 투자회사의 발기인,5,0.9,제5조에 적합하지 아니한 자 정의|해당 투자회사의 발기인,2026-04-26
감독이사 후보자,금지함,ACTION,투자회사의 대주주 및 그 특수관계인,제194조제8항,0.92,감독이사 선임 제한|대주주|특수관계인,2026-04-26
감독이사 후보자,금지함,ACTION,법인이사의 특수관계인 또는 법인이사로부터 계속적으로 보수를 지급받고 있는 자,제194조제8항,0.92,감독이사 선임 제한|법인이사|특수관계인|보수,2026-04-26
감독이사 후보자,금지함,ACTION,투자회사의 주식을 판매하는 투자매매업자 또는 투자중개업자의 특수관계인,제194조제8항,0.92,감독이사 선임 제한|투자매매업자|투자중개업자|특수관계인,2026-04-26
감독이사 후보자,금지함,ACTION,투자회사의 이사가 다른 법인의 이사로 있는 경우 그 법인의 상근 임직원인 자,제194조제8항,0.92,감독이사 선임 제한|이사|다른 법인|상근 임직원,2026-04-26
감독이사 후보자,금지함,ACTION,그 밖에 감독이사로서의 중립성을 해할 우려가 있는 자로서 대통령령으로 정하는 자,제194조제8항,0.92,감독이사 선임 제한|중립성|대통령령,2026-04-26
감독이사 후보자,금지함,ACTION,투자회사의 최초 감독이사 선임,제194조제8항,0.92,감독이사 선임 제한|최초,2026-04-26
감독이사 후보자,금지함,ACTION,투자회사의 감독이사 선임,제194조제8항,0.92,감독이사 선임 제한|대주주|특수관계인|법인이사|보수|투자매매업자|투자중개업자|이사|상근 임직원|중립성|대통령령|최초,2026-04-26
감독이사,준용함,ACTION,제54조,제54조,0.95,준용|적용,2026-04-26
이사회,권한을가짐,ACTION,각 이사 소집,제200조,0.9,이사회|각 이사 소집,2026-04-26
이사,요구함,ACTION,각 이사에게 소집 통지 3일 전,제200조,0.95,이사|소집 통지|3일 전,2026-04-26
정관,예외로함,LOGICAL,통지기간 단축 가능,제200조,0.9,정관|통지기간 단축,2026-04-26
이사회,허용함,ACTION,이 법과 정관이 정하는 사항에 대한 결의,제200조,0.9,이사회 결의|법과 정관,2026-04-26
이사회,요구함,ACTION,주주총회 즉시 소집,제200조,0.95,이사회|주주총회|즉시 소집|이사 결원,2026-04-26
이사회 결의,요구함,ACTION,이사 과반수 출석 및 출석한 이사 과반수 찬성,제200조,0.9,이사회 결의|과반수 출석|과반수 찬성,2026-04-26
주주총회,요구함,ACTION,이사회가 소집한다,제201조,0.9,주주총회|이사회|소집,2026-04-26
주주총회,결의한다,ACTION,출석한 주주의 의결권 과반수와 발행주식총수의 1/4 이상,제201조,0.95,의결권|발행주식총수|과반수|1/4,2026-04-26
주주총회,결의할 수 있다,ACTION,출석한 주주의 의결권 과반수와 발행주식총수의 1/5 이상 (집합투자규약에 따른 결의사항),제201조,0.9,집합투자규약|의결권|발행주식총수|1/5,2026-04-26
제190조제1항ㆍ제3항 및 제6항부터 제9항까지의 규정,준용,ACTION,주주총회,190,0.95,주주총회|준용,2026-04-26
투자신탁,간주함,LOGICAL,투자회사,190,0.95,간주함,2026-04-26
신탁계약,간주함,LOGICAL,정관,190,0.95,간주함,2026-04-26
투자신탁을 설정한 집합투자업자,간주함,LOGICAL,투자회사의 이사회,190,0.95,간주함,2026-04-26
집합투자업자,간주함,LOGICAL,투자회사의 이사회,190,0.95,간주함,2026-04-26
투자신탁재산,간주함,LOGICAL,투자회사 재산,190,0.95,간주함,2026-04-26
수익증권,간주함,LOGICAL,주식,190,0.95,간주함,2026-04-26
총좌수,간주함,LOGICAL,총수,190,0.95,간주함,2026-04-26
수익자,간주함,LOGICAL,주주,190,0.95,간주함,2026-04-26
수익자총회,간주함,LOGICAL,주주총회,190,0.95,간주함,2026-04-26
좌수,간주함,LOGICAL,수,190,0.95,간주함,2026-04-26
제5항,간주함,LOGICAL,제2항,190,0.95,간주함,2026-04-26
투자회사,정의함,LOGICAL,투자회사,제191조,0.6,투자회사 정의,2026-04-26
정관의 변경,요구함,ACTION,정관,195,0.9,정관의 변경|정관,2026-04-26
신탁계약,정의함,LOGICAL,정관,제204조제2항,0.95,용어 정의|정관,2026-04-26
투자신탁,정의함,LOGICAL,투자회사,제204조제2항,0.95,용어 정의|투자회사,2026-04-26
집합 투자업자,정의함,LOGICAL,투자회사,제204조제2항,0.95,용어 정의|투자회사,2026-04-26
투자신탁을 설정한 집합투자업자,정의함,LOGICAL,투자회사,제204조제2항,0.95,용어 정의|투자회사,2026-04-26
수익자총회,정의함,LOGICAL,주주총회,제204조제2항,0.95,용어 정의|주주총회,2026-04-26
수익자,정의함,LOGICAL,주주,제204조제2항,0.95,용어 정의|주주,2026-04-26
수익증권,정의함,LOGICAL,주식,제204조제2항,0.95,용어 정의|주식,2026-04-26
투자신탁재산,정의함,LOGICAL,투자회사재산,제204조제2항,0.95,용어 정의|투자회사재산,2026-04-26
제204조제2항에 따른 합병에 반대하는 주주,준용함,STRUCTURE,정의,제204조제2항,0.85,준용|합병|주주,2026-04-26
금융위원회,선임한다,ACTION,청산인 및 청산감독인,193,0.95,청산인 선임,2026-04-26
금융위원회,해임할 수 있다,ACTION,청산인 또는 청산감독인,193,0.95,청산인 해임,2026-04-26
금융위원회,선임할 수 있다,ACTION,새로운 청산인 또는 청산감독인,193,0.95,청산인 선임,2026-04-26
금융위원회,촉탁해야 한다,ACTION,등기소에 등기,193,0.9,등기 촉탁,2026-04-26
제193조제1항,참조함,STRUCTURE,청산인 선임,193,0.9,청산인 선임,2026-04-26
청산인 선임,정의함,LOGICAL,금융위원회가 직권으로 청산인 및 청산감독인을 선임한다,193,0.9,청산인 선임,2026-04-26
청산인 해임,정의함,LOGICAL,금융위원회가 직권으로 또는 이해관계인의 청구에 의하여 청산인 또는 청산감독인을 해임할 수 있다,193,0.9,청산인 해임,2026-04-26
등기 촉탁,정의함,LOGICAL,금융위원회가 등기원인을 증명하는 서면을 첨부하여 투자회사의 소재지를 관할하는 등기소에 등기를 촉탁하여야 한다,193,0.9,등기 촉탁,2026-04-26
청산인,조사함,ACTION,투자회사의 재산상황,203,0.95,청산|조사,2026-04-26
청산인,작성함,ACTION,재산목록과 재무상태표,203,0.95,청산|작성,2026-04-26
청산인,제출함,ACTION,청산인회,203,0.95,청산|제출,2026-04-26
청산인,승인을요구함,ACTION,청산인회,203,0.95,청산|승인,2026-04-26
청산인,제출함,ACTION,금융위원회,203,0.95,청산|제출,2026-04-26
청산감독인,보고함,ACTION,금융위원회,203,0.95,청산감독인|보고,2026-04-26
청산인,신고함,ACTION,채권자에 대한 채권 신고,203,0.95,청산|신고,2026-04-26
청산인,공고함,ACTION,최고,203,0.95,청산|공고,2026-04-26
청산인,생략할수있다,ACTION,최고절차,203,0.95,청산|생략,2026-04-26
청산인,생략할수없다,ACTION,최고절차,203,0.95,청산|생략제한,2026-04-26
청산인,작성함,ACTION,결산보고서,203,0.95,청산|작성,2026-04-26
청산인,승인을받다,ACTION,주주총회,203,0.95,청산|승인,2026-04-26
청산인,공고함,ACTION,결산보고서,203,0.95,청산|공고,2026-04-26
청산인,제출함,ACTION,금융위원회 및 협회,203,0.95,청산|제출,2026-04-26
청산인,비치해야 한다,ACTION,재산목록과 재무상태표를 투자회사에 비치,제202조,0.95,보수 지급|청산인 비치,2026-04-26
청산인,송부하여 그 영업소에 비치하도록 하여야 한다,ACTION,집합투자업자 및 투자매매업자ㆍ투자중개업자에게 송부,제202조,0.9,청산인 비치,2026-04-26
청산인,지급받을 수 있다,ACTION,투자회사로부터 보수,제202조,0.95,보수 지급,2026-04-26
정관 또는 주주총회,정하는 바에 따라,STRUCTURE,청산인 보수 지급,제202조,0.85,보수 지급,2026-04-26
금융위원회,정하는 바에 따라,STRUCTURE,청산인 보수 지급,제202조,0.85,보수 지급,2026-04-26
투자회사,금지함,ACTION,다른 회사와 합병,204,0.95,합병|투자회사|다른 회사,2026-04-26
투자회사,예외로함,LOGICAL,그 투자회사와 법인이사가 같은 다른 투자회사를 흡수하는 방법으로 합병,204,0.9,합병|투자회사|흡수|법인이사,2026-04-26
주주총 회의 결의,요구함,ACTION,거치다,제201조제2항,0.95,주주총 회의 결의|거치다,2026-04-26
주주총 회의 결의,예외로함,LOGICAL,소규모 투자회사의 합병 등,제201조제2항,0.85,소규모 투자회사|합병|예외,2026-04-26
제193조제4항ㆍ제5항 및 제8항,준용함,STRUCTURE,투자회사의 합병,193,0.9,준용|합병,2026-04-26
투자신탁의 집합투자업자,정의함,LOGICAL,투자회사,193,0.95,투자신탁의 집합투자업자|투자회사,2026-04-26
제3편제3장,적용하지 않는다,ACTION,투자회사,제205조,0.95,제3편제3장|투자회사,2026-04-26
투자회사의 주주,적용함,ACTION,금융회사의 지배구조에 관한 법률,제205조,0.95,투자회사의 주주|금융회사의 지배구조에 관한 법률,2026-04-26
투자회사의 특례,정의함,LOGICAL,제3편제3장은 투자회사에는 적용하지 아니한다.,제205조,0.9,투자회사의 특례|제3편제3장|투자회사,2026-04-26
금융회사,보고,ACTION,투자회사,제33조,0.95,제33조 준용|보고|투자회사,2026-04-26
금융회사,준용,STRUCTURE,제33조,제33조,0.9,제33조 준용|금융회사|제33조,2026-04-26
투자회사,적용함,ACTION,상법,제206조,0.95,상법 적용|투자회사,2026-04-26
제206조,참조함,STRUCTURE,상법,제206조,0.9,상법과의 관계,2026-04-26
제259조제4항,상위조항,STRUCTURE,제259조,제259조제4항,0.9,제259조제4항,2026-04-26
제298조제4항,참조함,STRUCTURE,제298조,298조제4항,0.5,제298조제4항|제298조,2026-04-26
제299조,참조함,STRUCTURE,제298조,299,0.1,제299조|제298조,2026-04-26
제299조의2,참조함,STRUCTURE,제299조,제299조의2,0.6,제299조의2,2026-04-26
제300조,상위조항,STRUCTURE,제299조,300,0.3,제300조|제299조,2026-04-26
제422조,상위조항,STRUCTURE,제421조,제422조,0.0,제421조,2026-04-26
제536조,구조,STRUCTURE,제536조,제536조,0.0,,2026-04-26
공시의무,정의함,LOGICAL,공시의무,제287조의24,0.8,공시의무 정의,2026-04-26
법원,정의함,LOGICAL,금융위원회,제541조,0.95,법원|금융위원회,2026-04-26
검사,정의함,LOGICAL,금융위원회,제176조,0.95,검사|금융위원회,2026-04-26
제19조,정의함,LOGICAL,제19조의 내용,제19조,0.1,제19조,2026-04-26
제288조,정의함,LOGICAL,제288조,제288조,0.1,제288조,2026-04-26
제292조,상위조항,STRUCTURE,제291조,292,0.2,제292조,2026-04-26
제298조,정의함,LOGICAL,제298조,298,0.0,제298조,2026-04-26
제301조,참조함,STRUCTURE,제292조,제301조,0.4,제301조|제292조,2026-04-26
제313조,내용없음,STRUCTURE,없음,313,0.0,,2026-04-26
단서,정의함,LOGICAL,단서,제201조제2항,0.95,단서,2026-04-26
제335조의2,상위조항,STRUCTURE,제335조,제335조의2,0.95,제335조의2|제335조,2026-04-26
제335조의7,상위조항,STRUCTURE,제335조,335조의7,0.95,제335조의7|제335조,2026-04-26
제341조의2,구성함,STRUCTURE,제341조,341조의2,0.9,구성|부분,2026-04-26
제341조의3,참조함,STRUCTURE,제341조,341조의3,0.6,제341조의3|제341조,2026-04-26
제342조,정의함,LOGICAL,금융투자상품,제342조,0.2,정의|금융투자상품,2026-04-26
제342조의2,참조함,STRUCTURE,제342조,제342조의2,0.6,제342조의2|제342조,2026-04-26
제342조의3,상위조항,STRUCTURE,제342조,제342조의3,0.9,제342조의3|제342조,2026-04-26
제343조,참조함,STRUCTURE,제342조,343,0.2,제342조,2026-04-26
제344조,구조,STRUCTURE,제342조의2,344,0.0,제344조,2026-04-26
제344조의2,상위조항,STRUCTURE,제344조,제344조의2,0.9,sub-article|parent article,2026-04-26
제344조의3,상위조항,STRUCTURE,제344조,344조의3,0.9,제344조의3|제344조,2026-04-26
제345조,참조함,STRUCTURE,제344조,제345조,0.95,제345조|제344조,2026-04-26
제351조까지,참조함,STRUCTURE,제351조,Unknown,0.7,제351조까지|제351조,2026-04-26
제365조,STRUCTURE,STRUCTURE,제365조,제365조,0.0,,2026-04-26
제374조의2,근거함,STRUCTURE,제374조,374,0.9,제374조의2|제374조,2026-04-26
제389조제1항,상위조항,STRUCTURE,제389조,389,0.9,,2026-04-26
제397조,정의함,LOGICAL,내용 없음,397,0.2,제397조|내용 없음,2026-04-26
제408조의2,참조함,STRUCTURE,제408조,408조의2,0.9,제408조의2|제408조,2026-04-26
제408조의2,정의함,LOGICAL,해당 조항의 내용,408조의2,0.5,제408조의2,2026-04-26
제408조의9까지,참조함,STRUCTURE,제408조,Unknown,0.9,제408조의9까지|제408조,2026-04-26
제409조의2,참조함,STRUCTURE,제409조,제409조의2,0.9,제409조의2,2026-04-26
제410조,구조,STRUCTURE,제410조,제410조,0.0,,2026-04-26
제412조의5,상위조항,STRUCTURE,제412조,제412조의5,0.6,제412조의5|제412조,2026-04-26
제413조,참조함,STRUCTURE,제2조,제413조,0.3,국외행위에 대한 적용,2026-04-26
제413조의2,참조함,STRUCTURE,제413조,제413조의2,0.6,제413조의2,2026-04-26
제414조,참조함,STRUCTURE,제413조,제414조,0.3,제413조,2026-04-26
제415조,상위조항,STRUCTURE,제414조,제415조,0.5,제415조,2026-04-26
제415조의2,상위조항,STRUCTURE,제415조,제415조의2,0.9,제415조의2|제415조,2026-04-26
제417조,정의함,LOGICAL,제417조,417,0.5,제417조,2026-04-26
제420조까지,참조함,STRUCTURE,제1조,제420조까지,0.2,자본시장의 공정성ㆍ신뢰성 및 효율성,2026-04-26
제420조의2,참조함,STRUCTURE,제420조,제420조의2,0.6,제420조의2|제420조,2026-04-26
제420조,상위조항,STRUCTURE,제420조의5,제420조의5,0.7,제420조의5,2026-04-26
제438조,참조함,STRUCTURE,제245조 (적용배제),438,0.2,적용배제,2026-04-26
제439조,정의함,LOGICAL,없음,제439조,0.5,제439조|없음,2026-04-26
제449조,상위조항,STRUCTURE,제448조,449,0.3,제448조,2026-04-26
제449조의2,참조함,STRUCTURE,제449조,449조의2,0.6,제449조의2|제449조,2026-04-26
제450조,정의함,LOGICAL,No content,제450조,0.0,No content,2026-04-26
제재,정의함,LOGICAL,제461조의2,제461조의2,0.6,제재|제재의 범위,2026-04-26
제604조,적용하지 않는다,ACTION,투자회사,604,0.95,제604조|투자회사,2026-04-26
투자회사,예외로함,LOGICAL,제604조,604,0.95,투자회사|제604조,2026-04-26
집합투자업자,요구함,ACTION,출자금 납입,제209조제2항,0.95,출자금 납입|정관 작성 후|투자유한회사 설립시,2026-04-26
집합투자업자 외의 자,금지함,ACTION,사원으로 가입,제182조,0.95,사원 가입|등록하기 전,2026-04-26
제182조,근거함,STRUCTURE,집합투자업자 외의 자를 사원으로 가입 시켜서는 아니 된다,제182조,0.9,사원 가입 금지,2026-04-26
투자유한회사의 사원,정의함,LOGICAL,지분증권의 수에 따라 균등한 권리,208,0.9,투자유한회사의 사원|지분증권|균등한 권리,2026-04-26
투자유한회사의 지분증권,기재해야 한다,ACTION,다음 각 호의 사항,208,0.85,투자유한회사의 지분증권|기재사항,2026-04-26
법인 이사,요구함,ACTION,기명날인 또는 서명,제209조제1항,0.95,기명날인|서명,2026-04-26
제209조제1항,참조함,STRUCTURE,제209조,제209조제1항,0.9,,2026-04-26
지분증권,정의함,LOGICAL,주식,196,0.95,지분증권 정의,2026-04-26
새 지분증권,정의함,LOGICAL,신주,196,0.95,신주와 새 지분증권의 동일성,2026-04-26
법인이사,정의함,LOGICAL,이사회,196,0.95,이사회와 법인이사의 동일성,2026-04-26
사원,정의함,LOGICAL,주주,196,0.95,주주와 사원의 동일성,2026-04-26
지분증권 대금,정의함,LOGICAL,주금,196,0.95,주금과 지분증권 대금의 동일성,2026-04-26
투자유한회사,정의함,LOGICAL,투자회사,196,0.95,투자회사 정의,2026-04-26
투자유한회사,둔다,ACTION,이사 1인,제209조,0.95,법인이사|집합투자업자,2026-04-26
법인이사,정의함,LOGICAL,이사,제209조,0.9,법인이사|이사,2026-04-26
사원총회,소집함,ACTION,법인이사,210,0.95,소집|법인이사,2026-04-26
사원총회,결의한다,ACTION,출석한 사원의 의결권의 과반수와 발행된 지분증권 총수의 4분의 1 이상의 수,210,0.95,과반수|1/4|의결권|지분증권,2026-04-26
사원총회,결의할 수 있다,ACTION,출석한 사원의 의결권의 과반수와 발행된 지분증권 총수 의 5분의 1 이상의 수,210,0.95,과반수|1/5|의결권|지분증권,2026-04-26
투자유한회사의 사원 총회,준용함,STRUCTURE,제190조 규정,190,0.95,투자유한회사의 사원 총회|제190조 규정,2026-04-26
투자신탁을 설정한 집합투자업자,정의함,LOGICAL,투자유한회사의 법인이사,190,0.95,투자신탁을 설정한 집합투자업자|투자유한회사의 법인이사,2026-04-26
집합투자업자,정의함,LOGICAL,투자유한회사의 법인이사,190,0.95,집합투자업자|투자유한회사의 법인이사,2026-04-26
투자신탁재산,정의함,LOGICAL,투자유한회사재산,190,0.95,투자신탁재산|투자유한회사재산,2026-04-26
수익증권,정의함,LOGICAL,지분증권,190,0.95,수익증권|지분증권,2026-04-26
총좌수,정의함,LOGICAL,총수,190,0.95,총좌수|총수,2026-04-26
수익자,정의함,LOGICAL,사원,190,0.95,수익자|사원,2026-04-26
수익자총회,정의함,LOGICAL,사원총회,190,0.95,수익자총회|사원총회,2026-04-26
수익자명부,정의함,LOGICAL,사원명부,190,0.95,수익자명부|사원명부,2026-04-26
좌수,정의함,LOGICAL,수,190,0.95,좌수|수,2026-04-26
제8항 중 제5항,정의함,LOGICAL,제2항,190,0.95,제8항 중 제5항|제2항,2026-04-26
준용규정,정의함,LOGICAL,제211조,211,0.9,정의|준용규정,2026-04-26
정관변경,준용함,STRUCTURE,투자유한회사의 정관변경,제195조,0.95,정관변경|투자유한회사,2026-04-26
투자 회사,정의함,LOGICAL,투자유한회사,제195조,0.9,투자 회사|투자유한회사,2026-04-26
이사회 결의로,정의함,LOGICAL,법인이사,제195조,0.9,이사회 결의로|법인이사,2026-04-26
단서,정의함,LOGICAL,정의되지 않음,201조제2항,0.2,단서 정의,2026-04-26
주주총회의 결의,정의함,LOGICAL,사원총회의 결의,제210조제2항,0.95,주주총회의 결의|사원총회의 결의,2026-04-26
이사회 결의 및 주주총회의 결의,정의함,LOGICAL,사원총회의 결의,제210조제2항,0.95,이사회 결의 및 주주총회의 결의|사원총회의 결의,2026-04-26
주주,정의함,LOGICAL,사원,제210조제2항,0.95,주주|사원,2026-04-26
제3항 및 제4항 제외,예외로함,LOGICAL,제3항 및 제4항,제202조,0.95,제3항 및 제4항 제외|제3항 및 제4항,2026-04-26
제2항 제외,예외로함,LOGICAL,제2항,203,0.95,제2항 제외|제2항,2026-04-26
투자유한 회사,준용함,ACTION,해산ㆍ청산 및 합병,제204조,0.95,투자유한 회사|해산|청산|합병,2026-04-26
준용,준용함,LOGICAL,투자유한 회사의 해산ㆍ청산 및 합병,제204조,0.95,준용|해산|청산|합병,2026-04-26
주주,대체함,LOGICAL,사원(법인이사인 사원은 제외한다),제204조,0.9,주주|사원|법인이사,2026-04-26
투자회사,대체함,LOGICAL,투자유한회사,제204조,0.9,투자회사|투자유한회사,2026-04-26
주주총회,대체함,LOGICAL,사원총회,제204조,0.9,주주총회|사원총회,2026-04-26
법인 이사 및 감독이사,대체함,LOGICAL,법인이사,제204조,0.9,법인 이사|감독이사|법인이사,2026-04-26
청산인 및 청산감독인,대체함,LOGICAL,청산인,제204조,0.9,청산인|청산감독인,2026-04-26
청산인 또는 청산감독인,대체함,LOGICAL,청산인,제204조,0.9,청산인|청산감독인,2026-04-26
재산목록과 재무상태표를 작성하여 이를 청산인회에 제출하여 그 승인 을 받은 후 그 등본을,대체함,LOGICAL,재산목록과 재무상태표를 작성하여 그 등본을,제204조,0.9,재산목록|재무상태표|청산인회,2026-04-26
단서,정의함,LOGICAL,제201조제2항,제201조제2항,0.6,단서 정의,2026-04-26
주식,정의함,LOGICAL,지분증권,제217조의5제3항,0.99,주식|지분증권,2026-04-26
투자유한회사,적용함,ACTION,상법,제212조,0.95,상법 적용,2026-04-26
제613조제1항,상위조항,STRUCTURE,제613조,613,0.3,제613조제1항,2026-04-26
제536조제2항,구성함,STRUCTURE,제536조,제536조제2항,0.6,구성,2026-04-26
자본시장과 금융투자업에 관한 법률,준위,ACTION,제541조제2항,제541조제2항,0.8,준위|제541조제2항,2026-04-26
제560조,상위조항,STRUCTURE,제559조,제560조,0.0,제559조,2026-04-26
준용,한한다,LOGICAL,제343조제1항,제343조제1항,0.9,준용|제한,2026-04-26
제568조,상위조항,STRUCTURE,제567조,제568조,0.3,제568조,2026-04-26
제570조,참조함,STRUCTURE,제570조까지,570,0.6,제570조,2026-04-26
단서,정의함,LOGICAL,정의,제575조,0.9,단서 정의,2026-04-26
시스템적 위험 관리,요구함,ACTION,필요한 조치,제583조,0.8,시스템적 위험 관리|필요한 조치,2026-04-26
제449조,참조함,STRUCTURE,제45조,제449조,0.25,제45조|적용배제,2026-04-26
제450조,참조함,STRUCTURE,제450조,제450조,0.0,제450조,2026-04-26
제458조,정의함,LOGICAL,Unknown,458,0.3,제458조,2026-04-26
제460조까지의 규정,준용함,ACTION,제460조까지의 규정,460,0.9,규정 준용|제460조까지의 규정,2026-04-26
제584조,구성함,STRUCTURE,법령,584,0.5,법령,2026-04-26
제592조,참조함,STRUCTURE,제592조까지,제592조,0.6,제592조|제592조까지,2026-04-26
제597조,규정함,SANCTION,과태료,597,0.4,제597조|과태료,2026-04-26
준수,한한다,LOGICAL,제439조제1항 및 제2항,제439조제1항 및 제2항,0.9,준수|제439조제1항 및 제2항,2026-04-26
제607조,적용하지 않는다,LOGICAL,투자 자유한 회사,607,0.95,적용|제외,2026-04-26
집합투자업자,요구함,ACTION,정관 작성,제213조,0.95,집합투자업자|정관|작성,2026-04-26
정관,포함함,ACTION,항목1-8,제213조,0.95,정관|항목1-8,2026-04-26
사원 외의 자,금지함,ACTION,사원으로 가입시켜서는 아니 된다,제182조,0.95,사원 가입|등록하기 전,2026-04-26
집합투자업자,이어야 한다,ACTION,집합투자업자,제173조,0.95,집합투자업자|이어야 한다,2026-04-26
집합투자업자,예외로함,LOGICAL,제173조,제173조,0.9,제173조에 불구하고|예외,2026-04-26
제198조,준용함,ACTION,투자합자회사의 업무집행사원,제198조,0.95,준용|적용,2026-04-26
법인이사,정의함,LOGICAL,업무집행사원,제209조제1항,0.95,법인이사 정의|업무집행사원,2026-04-26
투자회사,정의함,LOGICAL,투자합자회사,제198조,0.9,정의|대체,2026-04-26
사원총회,허용함,ACTION,이 법 또는 정관에서 정한 사항에 대하여 결의할 수 있다,제215조,0.95,사원총회|이 법|정관,2026-04-26
사원총회,허용함,ACTION,정관으로 정한 사원총회의 결의사항에 대하여 결의할 수 있다,제215조,0.9,사원총회|정관,2026-04-26
사원총회,요구함,ACTION,출석한 사원의 의결권의 과반수와 발행된 지분증권 총수의 4분의 1 이상의 수,제215조,0.95,사원총회|의결권|지분증권,2026-04-26
사원총회,요구함,ACTION,출석한 사원의 의결권의 과반수와 발행된 지분증권 총수의 5분의 1 이상의 수,제215조,0.9,사원총회|의결권|지분증권|정관,2026-04-26
업무집행사원,권한을가짐,ACTION,사원총회 소집,제215조,0.9,업무집행사원|사원총회,2026-04-26
사원총회,정의함,LOGICAL,사원 전원으로 구성,제215조,0.85,사원총회|사원,2026-04-26
제190조제3항ㆍ제4항 및 제6항부터 제10항까지의 규정,준용함,STRUCTURE,투자합자회사의 사원총회,190조,0.95,준용|규정|사원총회,2026-04-26
투자신탁을 설정한 집합투자업자,정의함,LOGICAL,투자합자회사의 업무집행사원,190조,0.9,정의|투자신탁을 설정한 집합투자업자|투자합자회사의 업무집행사원,2026-04-26
집합투자업자,정의함,LOGICAL,투자합자회사의 업무집행사원,190조,0.9,정의|집합투자업자|투자합자회사의 업무집행사원,2026-04-26
투자신탁재산,정의함,LOGICAL,투자합자회사재산,190조,0.9,정의|투자신탁재산|투자합자회사재산,2026-04-26
제8항 중 제5항,간주함,LOGICAL,제3항,190조,0.85,간주|제8항|제5항|제3항,2026-04-26
준용규정,정의함,LOGICAL,준용규정,216,0.95,정의,2026-04-26
정관변경,준용함,ACTION,투자합자회사,제195조,0.85,정관변경|투자합자회사,2026-04-26
투자 회사,정의함,LOGICAL,투자합자회사,제195조,0.95,투자 회사|투자합자회사,2026-04-26
이사회 결의로,정의함,LOGICAL,업무집행사원,제195조,0.95,이사회 결의로|업무집행사원,2026-04-26
단서,정의함,LOGICAL,정의 내용이 제공되지 않음,201조제2항,0.3,단서|정의,2026-04-26
투자합자회사,준용함,ACTION,지분증권,208조,0.95,지분증권|투자합자회사,2026-04-26
사원,정의함,LOGICAL,유한책임사원,제209조제1항,0.95,사원 정의|유한책임사원,2026-04-26
제202조,예외로함,LOGICAL,제3항 및 제4항,202조,0.95,제3항 및 제4항 제외|제202조 규정,2026-04-26
제203조,제외한다,ACTION,제2항,203,0.95,제2항 제외,2026-04-26
제203조,참조함,STRUCTURE,제2항,203,0.85,제2항 제외,2026-04-26
투자합자 회사,준용,ACTION,해산ㆍ청산 및 합병,204,0.95,해산ㆍ청산 및 합병,2026-04-26
주주,정의함,LOGICAL,사원(업무집행사원은 제외 한다),204,0.9,주주|사원,2026-04-26
주주총회,정의함,LOGICAL,사원총회,204,0.95,주주총회|사원총회,2026-04-26
법인이사 및 감독이사,정의함,LOGICAL,업무집행사원,204,0.9,법인이사 및 감독이사|업무집행사원,2026-04-26
청산인 및 청산감독인,정의함,LOGICAL,청산인,204,0.95,청산인 및 청산감독인|청산인,2026-04-26
청산인 또는 청산감독인,정의함,LOGICAL,청산인,204,0.95,청산인 또는 청산감독인|청산인,2026-04-26
재산목록과 재무상태표를 작성하여 이를 청산인회 에 제출하여 승인을 받은 후 그 등본을,정의함,LOGICAL,재산목록과 재무상태표를 작성하여 그 등본을,204,0.9,재산목록과 재무상태표를 작성하여 이를 청산인회 에 제출하여 승인을 받은 후 그 등본을|재산목록과 재무상태표를 작성하여 그 등본을,2026-04-26
단서,정의함,LOGICAL,정의된 내용,제201조제2항,0.4,단서 정의,2026-04-26
상법,요구함,ACTION,투자합자회사,217,0.9,상법 적용|투자합자회사,2026-04-26
제200조,구조,STRUCTURE,제200조의2,200조의2,0.7,제200조|제200조의2,2026-04-26
제259조,구성함,STRUCTURE,제259조 및,제259조,0.3,제259조,2026-04-26
제198조,구조,STRUCTURE,제198조,198,0.5,제198조,2026-04-26
제217조,상위조항,STRUCTURE,제217조,217,0.5,제217조,2026-04-26
제220조,has no content,STRUCTURE,None,제220조,0.95,No content,2026-04-26
제280조,참조함,STRUCTURE,제280조 및,제280조,0.2,제280조,2026-04-26
제286조,적용하지 않는다,ACTION,투자합자회사,제286조,0.9,투자합자회사|적용 제외,2026-04-26
투자합자회사의 유한책임사원,근거함,STRUCTURE,상법,제286조,0.85,투자합자회사의 유한책임사원|상법|규정 적용,2026-04-26
투자합자회사,책임을 진다,ACTION,출자금액,279,0.95,책임|출자금액,2026-04-26
투자합자회사,배당률을 달리 정할 수 있다,ACTION,무한책임사원과 유한 책임사원,279,0.9,배당률|무한책임사원|유한책임사원,2026-04-26
투자합자회사,배분율 또는 배분순서를 달리 하여서는 아니 된다,ACTION,무한책임사원과 유한책임사원,279,0.9,배분율|배분순서|무한책임사원|유한책임사원,2026-04-26
집합투자업자,요구함,ACTION,정관,제217조의2,0.95,정관 작성,2026-04-26
정관,기재함,ACTION,다음 각 호의 사항,제217조의2,0.9,정관 기재,2026-04-26
사원 1인,기명날인/서명,ACTION,정관,제217조의2,0.9,정관 기명날인,2026-04-26
사원 외의 자,금지함,ACTION,사원으로 가입시키다,182,0.95,등록하기 전|제1항에 따른 사원,2026-04-26
제182조,규정함,STRUCTURE,등록하기 전에는 제1항에 따른 사원 외의 자를 사원 으로 가입시켜서는 아니 된다.,182,0.9,제182조에 따라,2026-04-26
투자유한책임회사의 사원,가진다,ACTION,지분증권,제217조의3,0.95,투자유한책임회사의 사원|지분증권,2026-04-26
지분증권,기재함,ACTION,다음 각 호의 사항,제217조의3,0.9,지분증권|다음 각 호의 사항,2026-04-26
업무집행자,요구함,ACTION,기명날인,제217조의4제1항,0.95,업무집행자|기명날인,2026-04-26
업무집행자,요구함,ACTION,서명,제217조의4제1항,0.95,업무집행자|서명,2026-04-26
항목,포함함,STRUCTURE,회사 상호,제217조의4제1항,0.9,항목|회사 상호,2026-04-26
항목,포함함,STRUCTURE,회사 성립연월일,제217조의4제1항,0.9,항목|회사 성립연월일,2026-04-26
항목,포함함,STRUCTURE,지분증권 발행일,제217조의4제1항,0.9,항목|지분증권 발행일,2026-04-26
투자회사,정의함,LOGICAL,투자유한책임회사,제196조,0.95,투자회사|투자유한책임회사,2026-04-26
신주,정의함,LOGICAL,새 지분증권,제196조,0.95,신주|새 지분증권,2026-04-26
이사회,정의함,LOGICAL,업무집행자,제196조,0.95,이사회|업무집행자,2026-04-26
주금,정의함,LOGICAL,지분증권 대금,제196조,0.95,주금|지분증권 대금,2026-04-26
투자유한책임회사,두다,ACTION,업무집행자,제217조의4,0.95,투자유한책임회사|업무집행자,2026-04-26
업무집행자,요구함,ACTION,집합투자업자,제217조의4,0.95,업무집행자|집합투자업자,2026-04-26
제198조,준용한다,ACTION,투자유한책임회사의 업무집행자,198,0.95,준용|업무집행자|투자유한책임회사,2026-04-26
법인이사,간주함,LOGICAL,업무집행자,198,0.95,간주|법인이사|업무집행자,2026-04-26
투자회사,간주함,LOGICAL,투자유한책임회사,198,0.95,간주|투자회사|투자유한책임회사,2026-04-26
사원총회,정의함,LOGICAL,투자유한책임회사의 사원총회,제190조,0.95,사원총회|투자유한책임회사,2026-04-26
사원총회,준용함,LOGICAL,"제190조제3항, 제4항, 제6항-제10항",제190조,0.95,사원총회|준용,2026-04-26
투자신탁을 설정한 집합투자업자,정의함,LOGICAL,투자유한책임회사의 업무집행자,제190조,0.95,투자신탁을 설정한 집합투자업자|투자유한책임회사의 업무집행자,2026-04-26
집합투자업자,정의함,LOGICAL,투자유한책임회사의 업무집행자,제190조,0.95,집합투자업자|투자유한책임회사의 업무집행자,2026-04-26
투자신탁재산,정의함,LOGICAL,투자유한책임회사재산,제190조,0.95,투자신탁재산|투자유한책임회사재산,2026-04-26
수익 증권,정의함,LOGICAL,지분증권,제190조,0.95,수익 증권|지분증권,2026-04-26
제5항,정의함,LOGICAL,제3항,제190조,0.95,제5항|제3항,2026-04-26
투자유한책임회사,정의함,LOGICAL,투자유한책임회사,제191조,0.9,정의,2026-04-26
합병에 반대하는 사원,준용함,ACTION,합병,제204조제 2항,0.95,합병에 반대하는 사원|준용|합병,2026-04-26
투자신탁,정의함,LOGICAL,투자유한책임회사,제204조제 2항,0.9,투자신탁|투자유한책임회사,2026-04-26
집합투자업자,정의함,LOGICAL,투자유한책임회사,제204조제 2항,0.9,집합투자업자|투자유한책임회사,2026-04-26
준용규정,준용함,STRUCTURE,제217조,217조의6,0.6,준용규정|제217조,2026-04-26
투자유한책임회사,준용함,ACTION,정관변경,제195조,0.95,정관변경|투자유한책임회사,2026-04-26
제201조제2항,참조함,STRUCTURE,제201조,제201조제2항,0.0,제시함,2026-04-26
제3항 및 제4항,제외한다,LOGICAL,제202조,202조,0.95,제3항|제4항|제202조|제외,2026-04-26
제203조,참조함,STRUCTURE,제2항 제외,203,0.8,제203조|제2항 제외,2026-04-26
투자유한 책임회사의 해산ㆍ청산 및 합병,준용함,STRUCTURE,제204조,204,0.95,준용,2026-04-26
주주,정의함,LOGICAL,사원(업무집행자인 사원은 제외한다),204,0.95,주주|사원,2026-04-26
법인이사 및 감독이사,정의함,LOGICAL,업무집행자,204,0.95,법인이사 및 감독이사|업무집행자,2026-04-26
투자유한책임회사,적용함,ACTION,상법,제217조의7,0.95,상법 적용|투자유한책임회사,2026-04-26
제287조의13,상위조항,STRUCTURE,제287조,제287조의13,0.6,제287조의13|제287조,2026-04-26
제200조의2 준용,한정한다,LOGICAL,제200조의2,제200조의2,0.95,제200조의2 준용|제200조의2,2026-04-26
제287조의14,구성,STRUCTURE,제287조,제287조의14,0.5,sub-article|parent article,2026-04-26
제277조 준용,한정한다,LOGICAL,제277조,277,0.95,제277조 준용|제277조,2026-04-26
제287조의17,상위조항,STRUCTURE,제287조,제287조의17,0.6,제287조,2026-04-26
제205조 준용,한정함,LOGICAL,제205조를 준용하는 경우,제205조,0.95,제205조 준용|한정,2026-04-26
제287조의45,상위조항,STRUCTURE,제287조,제287조의45,0.9,하위조항|상위조항,2026-04-26
제287조의9,참조함,STRUCTURE,제287조,제287조의9,0.7,제287조,2026-04-26
제287조의10,참조함,STRUCTURE,제287조,제287조의10,0.6,제287조의10|제287조,2026-04-26
제287조의12,상위조항,STRUCTURE,제287조,제287조의12,0.6,하위조항|상위조항,2026-04-26
제287조의15,상위조항,STRUCTURE,제287조,제287조의15,0.95,제287조의15|제287조,2026-04-26
제287조의16,구조,STRUCTURE,제287조,제287조의16,0.5,제287조의16|제287조,2026-04-26
제287조의 23제3항,상위조항,STRUCTURE,제287조,제287조의 23제3항,0.6,상위조항,2026-04-26
공시의무,과태료대상임,SANCTION,제287조의24에 따른 과태료,제287조의24,0.6,공시의무 위반 과태료,2026-04-26
투자유한책임회사,적용하지,ACTION,제287조의44까지의 규정,제287조의44,0.95,적용,2026-04-26
집합투자업자,요구함,ACTION,조합계약,218,0.95,투자합자조합 설립|조합계약 작성,2026-04-26
투자합자조합 설립,요구함,LOGICAL,조합계약,218,0.9,집합투자업자|조합계약 작성,2026-04-26
업무집행조합원 1인,요구함,ACTION,기명날인 또는 서명,제219조제1항,0.95,업무집행조합원|기명날인|서명,2026-04-26
유한 책임조합원 1인,요구함,ACTION,기명날인 또는 서명,제219조제1항,0.95,유한 책임조합원|기명날인|서명,2026-04-26
조합원 외의 자,금지함,ACTION,조합원 으로 가입,Unknown,0.95,제182조에 따라|등록하기 전,2026-04-26
투자합자조합,등기해야 한다,ACTION,다음 각 호의 사항,Unknown,0.95,설립 후 2주 이내|대통령령으로 정하는 서류 첨부,2026-04-26
다음 각 호의 사항,구성함,STRUCTURE,제1항제1호부터 제4호까지의 사항,Unknown,0.9,제1항제1호부터 제4호까지,2026-04-26
다음 각 호의 사항,구성함,STRUCTURE,조합계약으로 정한 존속기간 또는 해산사유,Unknown,0.9,조합계약|존속기간|해산사유,2026-04-26
투자합자조합,정의함,LOGICAL,업무집행조합원 1인과 유한책임 조합원,제219조,0.9,조합 구성|무한책임|유한책임,2026-04-26
투자합자조합,구성,STRUCTURE,업무집행조합원 1인,제219조,0.9,무한책임,2026-04-26
투자합자조합,구성,STRUCTURE,유한책임 조합원,제219조,0.9,유한책임,2026-04-26
제198조제1항ㆍ제4항 및 제5항,준용함,ACTION,투자합자조합의 업무집행조합원,198,0.95,준용|업무집행조합원,2026-04-26
법인이사,간주함,LOGICAL,업무집행조합원,198,0.95,법인이사|업무집행조합원,2026-04-26
투자회사,간주함,LOGICAL,투자합자조합,198,0.95,투자회사|투자합자조합,2026-04-26
투자합자조합,요구함,ACTION,조합원총회,제220조,0.95,투자합자조합|조합원총회,2026-04-26
조합원총회,구성함,ACTION,조합원 전원,제220조,0.9,조합원총회|조합원 전원,2026-04-26
조합원총회,결의할 수 있다,ACTION,정한 사항,제220조,0.95,조합원총회|정한 사항,2026-04-26
조합원총회,소집한다,ACTION,업무집행조합원,제220조,0.95,조합원총회|업무집행조합원,2026-04-26
조합원총회,결의할 때 필요조건,LOGICAL,출석한 조합원의 의결권의 과반수와 발행된 지분증권 총수의 4분의 1 이상,제220조,0.9,조합원총회|의결권|지분증권|4분의 1,2026-04-26
조합원총회,예외로함,LOGICAL,조합계약으로 정한 결의사항,제220조,0.9,조합원총회|조합계약,2026-04-26
조합원총회,결의할 때 필요조건,LOGICAL,출석한 조합원의 의결권의 과반수와 발행된 지분증권 총수의 5분의 1 이상,제220조,0.9,조합원총회|의결권|지분증권|5분의 1,2026-04-26
조합원총회,참조함,STRUCTURE,이 법 또는 조합계약에서 정한 사항,제220조,0.9,조합원총회|이 법|조합계약,2026-04-26
투자합자조합의 조합원총회,준용함,ACTION,제190조제3항ㆍ제4항 및 제6항부터 제10항까지의 규정,제190조,0.98,준용|규정,2026-04-26
투자신탁을 설정한 집합투자업자,정의함,LOGICAL,투자합자조합의 업무집행조합원,제190조,0.95,정의|대체,2026-04-26
집합투자업자,정의함,LOGICAL,투자합자조합의 업무집행조합원,제190조,0.95,정의|대체,2026-04-26
투자신탁재산,정의함,LOGICAL,투자합자조합재산,제190조,0.95,정의|대체,2026-04-26
수익자,정의함,LOGICAL,조합원,제190조,0.95,정의|대체,2026-04-26
수익자 총회,정의함,LOGICAL,조합원총회,제190조,0.95,정의|대체,2026-04-26
수익자명부,정의함,LOGICAL,조합원명부,제190조,0.95,정의|대체,2026-04-26
제8항 중 제5항,정의함,LOGICAL,제3항,제190조제8항,0.95,정의|대체,2026-04-26
투자합자조합,준용함,STRUCTURE,청산에 관한 규정 (제2항 제외),203,0.95,투자합자조합 청산|준용,2026-04-26
투자회사,정의함,LOGICAL,투자합자조합,203,0.9,투자회사|투자합자조합,2026-04-26
주주 총회,정의함,LOGICAL,조합원총회,203,0.9,주주 총회|조합원총회,2026-04-26
재산목록과 재무상태표를 작성하여 이를 청산인회에 제출 하여 승인을 받은 후 그 등본을,정의함,LOGICAL,재산목록과 재무상태표를 작성하여 그 등본을,203,0.85,재산목록과 재무상태표|청산인회,2026-04-26
제222조,준용함,STRUCTURE,제??조,222,0.4,준용규정,2026-04-26
제222조,구조,STRUCTURE,준용규정,222,0.6,준용규정,2026-04-26
제195조,준용함,ACTION,투자합자조합의 조합계약변경,195,0.95,조합계약변경|준용,2026-04-26
투자회사,대체함,ACTION,투자합자조합,195,0.85,투자회사|투자합자조합,2026-04-26
이사회 결의로,대체함,ACTION,업무집행조합원 이,195,0.85,이사회 결의로|업무집행조합원 이,2026-04-26
제201조제2항,구조,STRUCTURE,제201조,201조제2항,0.5,제201조,2026-04-26
주주,정의함,LOGICAL,조합원,제220조제3항,0.95,주주|조합원,2026-04-26
주주총회의 결의,정의함,LOGICAL,조합원총회의 결의,제220조제3항,0.95,주주총회의 결의|조합원총회의 결의,2026-04-26
이사회 결의 및 주주총회의 결의,정의함,LOGICAL,조합원총회의 결의,제220조제3항,0.95,이사회 결의 및 주주총회의 결의|조합원총회의 결의,2026-04-26
제208조,준용한다,ACTION,투자합자조합의 지분증권,208,0.95,지분증권|투자합자조합,2026-04-26
투자유한회사,정의함,LOGICAL,투자합자조합,208,0.9,투자유한회사|투자합자조합,2026-04-26
회사,정의함,LOGICAL,투자합자조합,208,0.9,회사|투자합자조합,2026-04-26
법인이사,정의함,LOGICAL,업무집행조합원,제209조,0.95,정의,2026-04-26
정관,정의함,LOGICAL,조합계약,제209조,0.95,정의,2026-04-26
사원 (제1항),정의함,LOGICAL,유한책임조합원,제209조,0.95,정의,2026-04-26
사원 (제2항 및 제3항),정의함,LOGICAL,조합원,제209조,0.95,정의,2026-04-26
투자합자조합,적용함,ACTION,상법,제223조,0.92,상법 적용|투자합자조합,2026-04-26
투자합자조합,적용함,ACTION,민법,제223조,0.78,민법 적용|투자합자조합,2026-04-26
제86조의8제2항,구성함,STRUCTURE,제86조,제86조의8제2항,0.6,하위조항|구성,2026-04-26
제200조의2를 준용하는 경우,한정한다,ACTION,제200조 제3항,제200조의2,0.85,준용|한정,2026-04-26
법원,참조함,STRUCTURE,제277조,277,0.9,법원|제277조,2026-04-26
제86조의8제2항,상위조항,STRUCTURE,제86조의8,제86조의8제2항,0.6,조항|상위조항,2026-04-26
제208조제2항,상위조항,STRUCTURE,제208조,208조제2항,0.9,조항|상위조항,2026-04-26
제287조 준용,금지함,ACTION,투자합자조합,제287조,0.95,제287조 준용|투자합자조합,2026-04-26
제703조,정의함,LOGICAL,없음,703,0.1,제703조,2026-04-26
제706조,구조,STRUCTURE,제1조,706,0.1,자본시장의 공정성ㆍ신뢰성 및 효율성,2026-04-26
제713조까지,참조함,STRUCTURE,제713조,제713조까지,0.3,제713조까지,2026-04-26
제716조,구성함,STRUCTURE,법령,제716조,0.8,제716조|법령,2026-04-26
제724조까지의 규정,적용하지 않는다,ACTION,투자합자조합,724,0.95,적용배제,2026-04-26
투자자,가입한 것으로 본다,LOGICAL,투자합자조합,724,0.9,지분증권 매수|가입,2026-04-26
투자합자조합,배당률 또는 배당순서 등을 달리 정할 수 있다,ACTION,무한책임조합원 및 유한책임조합원,724,0.9,배당|무한책임조합원|유한책임조합원,2026-04-26
투자합자조합,배분율 또는 배분순서 등을 달리 하여서는 아니 된다,ACTION,무한책임조합원 및 유한책임조합원,724,0.9,손실배분|무한책임조합원|유한책임조합원,2026-04-26
집합투자업자,요구함,ACTION,익명조합계약을 작성하고 영업자 1인과 익명조합원 1인이 기명날인 또는 서명,제224조,0.95,투자익명조합 설립|익명조합계약,2026-04-26
집합투자업자,요구함,ACTION,"익명조합계약에 다음 각 호의 사항을 기재: 목적, 명칭, 영업자 상호·사업자등록번호, 소재지, 재산 운용·관리, 존속기간·해산사유, 이익분배·환매, 공시·보고서, 대통령령 정하는 사항",제224조,0.9,익명조합계약 내용,2026-04-26
익명조합원,요구함,ACTION,출자 목적은 금전에 한함,제224조,0.9,익명조합원 출자|금전출자,2026-04-26
투자익명조합의 설립,정의함,LOGICAL,집합투자업자가 익명조합계약을 작성하고 서명해야 함,제224조,0.85,투자익명조합 설립|익명조합계약,2026-04-26
등록자,금지함,ACTION,익명조합원 외 의 자를 익명조합원으로 가입시키다,182,0.95,등록하기 전|제1항에 따른 익명조합원 외 의 자,2026-04-26
제182조,근거함,STRUCTURE,등록자,182,0.9,제182조에 따라,2026-04-26
영업자,운용함,ACTION,투자익명조합재산,225,0.95,운용|영업자|투자익명조합재산,2026-04-26
영업자,정의함,LOGICAL,집합투자업자,225,0.9,영업자|집합투자업자,2026-04-26
제198조제1항ㆍ제4항 및 제5항,준용함,ACTION,영업자,제198조,0.95,준용|영업자,2026-04-26
법인이 사,정의함,LOGICAL,영업자,제198조,0.9,법인이 사|영업자,2026-04-26
투자회사,정의함,LOGICAL,투자익명조합,제198조,0.9,투자회사|투자익명조합,2026-04-26
준용규정,준용함,STRUCTURE,제226조,227,0.6,준용규정|제226조,2026-04-26
준용,준용함,STRUCTURE,투자익명조합의 익명조합계약변경,제195조,0.95,준용|투자익명조합의 익명조합계약변경,2026-04-26
단서,정의함,LOGICAL,단서의 정의,제201조제2항,0.6,단서|정의,2026-04-26
익명조합원,정의함,LOGICAL,주주,제226조제3항,0.95,익명조합원|주주,2026-04-26
익명조합원총회의 결의,정의함,LOGICAL,주주총회의 결의,제226조제3항,0.95,익명조합원총회의 결의|주주총회의 결의,2026-04-26
익명조합원총회의 결의,정의함,LOGICAL,이사회 결의 및 주주총회의 결의,제226조제3항,0.95,익명조합원총회의 결의|이사회 결의 및 주주총회의 결의,2026-04-26
투자익명조합,준용함,ACTION,지분증권,208,0.95,지분증권,2026-04-26
투자유한회사,정의함,LOGICAL,투자익명조합,208,0.9,투자유한회사,2026-04-26
회사,정의함,LOGICAL,투자익명조합,208,0.9,회사,2026-04-26
용어 정의,정의함,LOGICAL,법인이사 (영업자),제209조제1항,0.95,용어 정의|정의,2026-04-26
용어 정의,정의함,LOGICAL,사원 (익명조합원),제209조제1항,0.95,용어 정의|정의,2026-04-26
용어 정의,정의함,LOGICAL,정관 (익명조합계약),제209조제1항,0.95,용어 정의|정의,2026-04-26
투자합자조합,정의함,LOGICAL,투자익명조합,제221조,0.95,투자익명조합,2026-04-26
유한책임조합원,정의함,LOGICAL,익명조합원,제221조,0.95,투자익명조합,2026-04-26
조합원총회,정의함,LOGICAL,익명조합원총회,제221조,0.95,투자익명조합,2026-04-26
업무집행조합원,정의함,LOGICAL,영업자,제221조,0.95,투자익명조합,2026-04-26
제221조,준용함,STRUCTURE,투자익명조합의 해산ㆍ청산,제221조,0.95,투자익명조합,2026-04-26
상법,정의함,LOGICAL,상법,228,0.95,상법,2026-04-26
제82조제3항,참조함,STRUCTURE,제82조,82조제3항,0.6,제82조,2026-04-26
제83조,상위조항,STRUCTURE,제82조제3항,제83조,0.0,,2026-04-26
투자익명조합,적용하지 않는다,ACTION,제84조,84,0.95,투자익명조합|제84조,2026-04-26
신탁법 제3장,준용한다,STRUCTURE,투자익명조합,84,0.95,신탁법 제3장|투자익명조합,2026-04-26
신탁재산,정의함,LOGICAL,투자익명조합재산,84,0.95,신탁재산|투자익명조합재산,2026-04-26
수탁자,정의함,LOGICAL,영업자,84,0.95,수탁자|영업자,2026-04-26
신탁,정의함,LOGICAL,투자익명조합 가입,84,0.95,신탁|투자익명조합 가입,2026-04-26
위탁자,정의함,LOGICAL,익명조합원,84,0.95,위탁자|익명조합원,2026-04-26
수익자,정의함,LOGICAL,익명조합원,84,0.95,수익자|익명조합원,2026-04-26
투자자,지분증권 매수 시 가입한다,LOGICAL,투자익명조합,84,0.95,투자자|지분증권 매수|투자익명조합,2026-04-26
집합투자기구,구분한다,ACTION,증권집합투자기구,229,0.95,집합투자재산의 운용대상|100분의 40 이상|대통령령으로 정하는 비율,2026-04-26
집합투자기구,구분한다,ACTION,부동산집합투자기구,229,0.95,집합투자재산의 운용대상|100분의 40 이상|대통령령으로 정하는 비율,2026-04-26
집합투자기구,구분한다,ACTION,특별자산집합투자기구,229,0.95,집합투자재산의 운용대상|100분의 40 이상|대통령령으로 정하는 비율,2026-04-26
집합투자기구,구분한다,ACTION,혼합자산집합투자기구,229,0.95,집합투자재산의 운용대상|100분의 40 이상|대통령령으로 정하는 비율,2026-04-26
집합투자기구,구분한다,ACTION,단기금융집합투자기구,229,0.95,집합투자재산의 운용대상|100분의 40 이상|대통령령으로 정하는 비율,2026-04-26
집합투자기구의 종류,정의함,LOGICAL,집합투자기구는 집합투자재산의 운용대상에 따라 다음 각 호와 같이 구분한다.,229,0.9,집합투자재산의 운용대상|100분의 40 이상|대통령령으로 정하는 비율,2026-04-26
집합투자기구의 종류,정의함,LOGICAL,집합투자기구는 집합투자재산의 운용대상에 따라 다음 각 호와 같이 구분된다.,제229조,0.95,집합투자기구|집합투자재산|운용대상,2026-04-26
집합투자기구의 종류,구분한다,LOGICAL,증권집합투자기구,제229조,0.9,증권|파생상품|집합투자재산,2026-04-26
집합투자기구의 종류,구분한다,LOGICAL,부동산집합투자기구,제229조,0.9,부동산|파생상품|집합투자재산,2026-04-26
집합투자기구의 종류,구분한다,LOGICAL,특별자산집합투자기구,제229조,0.9,특별자산|집합투자재산,2026-04-26
집합투자기구의 종류,구분한다,LOGICAL,혼합자산집합투자기구,제229조,0.9,혼합자산|집합투자재산,2026-04-26
집합투자기구의 종류,구분한다,LOGICAL,단기금융집합투자기구,제229조,0.9,단기금융상품|집합투자재산,2026-04-26
집합투자기구의 종류,구분한다,LOGICAL,기업성장집합투자기구,제229조,0.9,주투자대상기업|금전대여|증권매입|집합투자재산,2026-04-26
기업성장집합투자기구 설정 요건,정의함,LOGICAL,기업성장집합투자기구를 설정ㆍ설립할 때 필요한 요건,제229조의2,0.95,기업성장집합투자기구 설정 요건|요건,2026-04-26
기업성장집합투자기구,요구함,ACTION,기업성장집합투자기구 설정 요건,제229조의2,0.95,기업성장집합투자기구|기업성장집합투자기구 설정 요건,2026-04-26
기업성장집합투자기구,요구함,ACTION,투자신탁 또는 투자회사로 설정ㆍ설립할 것,제229조의2,0.9,기업성장집합투자기구|투자신탁|투자회사,2026-04-26
기업성장집합투자기구,요구함,ACTION,전문투자자의 투자금만으로 설정ㆍ설립하는 경우에는 제4호의 요건을 갖추어야 한다,제229조의2,0.9,기업성장집합투자기구|전문투자자|제4호의 요건,2026-04-26
기업성장집합투자기구 설정 요건,예외로함,LOGICAL,전문투자자의 투자금만으로 설정ㆍ설립하는 경우에는 제4호의 요건만을 갖추어야 한다,제229조의2,0.85,기업성장집합투자기구 설정 요건|전문투자자|제4호의 요건,2026-04-26
기업성장집합투자업자,요구함,ACTION,환매금지형집합투자기구를 설정ㆍ설립할 것,제230조,0.95,설정|설립,2026-04-26
환매금지형집합투자기구,요구함,ACTION,계약기간 또는 존속기간이 5년 이상,제230조,0.9,계약기간|5년 이상,2026-04-26
환매금지형집합투자기구,요구함,ACTION,모집가액이 500억원 이하의 범위에서 대통령령으로 정하는 금액 이상,제230조,0.9,모집가액|500억원 이하,2026-04-26
기업성장집합투자업자,요구함,ACTION,보유해야 할 비율이 100분의 10 이하이면서 대통령령으로 정하는 비율 이상의 집합투자증권을 3년 이상 보유,제230조,0.85,보유|10% 이하|3년 이상,2026-04-26
기업성장집합투자업자,요구함,ACTION,"집합투자재산을 시가에 따라 평가하거나, 신뢰할 만한 시가가 없을 경우 분기별 1회 이상 대통령령으로 정하는 공정가액으로 평가",제230조,0.85,평가|시가|공정가액,2026-04-26
기업성장집합투자기구,준용함,STRUCTURE,"대통령령으로 정하는 집합투자재산 평가, 투자비율 산정, 발행, 상장 등 필요한 사항",제230조,0.8,대통령령|정함,2026-04-26
특수한 형태의 집합투자기구,정의함,LOGICAL,제229조의2,제229조의2,0.9,특수한 형태의 집합투자기구 정의,2026-04-26
집합투자업자등,요구함,ACTION,투자신탁ㆍ투자유한회사ㆍ투자합자회사ㆍ투자유한책임회사ㆍ투자합자조합 및 투자익명조합,제230조,0.9,설정·설립|집합투자업자등,2026-04-26
집합투자업자등,설정·설립,ACTION,투자신탁ㆍ투자유한회사ㆍ투자합자회사ㆍ투자유한책임회사ㆍ투자합자조합 및 투자익명조합,제230조,0.85,설정·설립|집합투자업자등,2026-04-26
집합투자업자등,정의함,LOGICAL,발기인,제230조,0.7,정의|집합투자업자등,2026-04-26
환매금지형집합투자기구,정의함,LOGICAL,집합투자증권의 환매를 청구할 수 없는 집합투자기구,제235조제1항,0.98,환매금지형집합투자기구|집합투자증권의 환매를 청구할 수 없는,2026-04-26
환매금지형집합투자기구,설정·설립할 수 있다,ACTION,존속기간을 정한 집합투자기구에 대하여만,제235조,0.9,환매금지형집합투자기구|존속기간|집합투자기구,2026-04-26
투자신탁이나 투자익명조합의 집합투자업자 또는 투자회사등,추가로 발행할 수 있다,ACTION,환매금지형집합투자기구의 집합투자증권,제235조,0.9,투자신탁|투자익명조합|집합투자업자|투자회사|환매금지형집합투자기구|집합투자증권,2026-04-26
투자신탁의 집합투자업자 또는 투자회사는,상장하여야 한다,ACTION,환매금지형집합투자기구의 집합투자증권,제235조,0.9,투자신탁|집합투자업자|투자회사|환매금지형집합투자기구|집합투자증권|증권시장,2026-04-26
집합투자업자등,요구함,ACTION,환매금지형집합투자기구,제238조제6항,0.95,집합투자업자등|환매금지형집합투자기구|설정ㆍ설립,2026-04-26
제238조제6항부터 제8항까지의 규정,예외로함,LOGICAL,환매금지형집합투자기구의 집합투자증권,제238조제6항,0.85,제238조제6항부터 제8항까지의 규정|환매금지형집합투자기구의 집합투자증권,2026-04-26
제238조제6항부터 제8항까지의 규정,적용함,LOGICAL,제2항에 따라 추가로 집합투자증권을 발행할 수 있는 환매금 지형집합투자기구,제238조제6항,0.85,제238조제6항부터 제8항까지의 규정|제2항에 따라 추가로 집합투자증권을 발행할 수 있는 환매금 지형집합투자기구,2026-04-26
집합투자업자등,정의함,LOGICAL,집합투자업자 또는 투자회사 의 발기인,제230조,0.95,집합투자업자|투자회사|발기인,2026-04-26
집합투자업자등,권한을가짐,ACTION,"투자신탁, 투자유한회사, 투자합자회사, 투자유한책임회사, 투자합자조합, 투자익명조합",제230조,0.9,설정|설립|투자신탁|투자유한회사|투자합자회사|투자유한책임회사|투자합자조합|투자익명조합,2026-04-26
집합투자기구,허용함,ACTION,환매금지형집합투자기구를 설정·설립,제235조제1항,0.95,설정·설립|허용,2026-04-26
투자신탁/투자익명조합의 집합투자업자/투자회사,허용함,ACTION,환매금지형집합투자기구의 집합투자증권을 추가로 발행,제235조제1항,0.95,추가 발행|대통령령으로 정하는 때,2026-04-26
투자신탁의 집합투자업자/투자회사,요구함,ACTION,환매금지형집합투자기구의 집합투자증권을 증권시장에 상장,제235조제1항,0.95,증권시장에 상장|90일 이내|3년,2026-04-26
환매금지형집합투자기구,제한함,ACTION,집합투자기구에 대하여만 설정·설립,제235조제1항,0.9,존속기간 정|제한,2026-04-26
환매금지형집합투자기구,예외로함,LOGICAL,제238조제6항부터 제8항까지,제238조제6항부터 제8항까지,0.95,예외|적용제외,2026-04-26
환매금지형집합투자기구,적용함,LOGICAL,제238조제6항부터 제8항까지,제238조제6항부터 제8항까지,0.9,제2항|추가발행가능,2026-04-26
집합투자업자등,요구함,ACTION,환매금지형집합투자기구를 설정ㆍ설립,제238조제6항부터 제8항까지,0.98,대통령령|현금화곤란|집합투자업자등,2026-04-26
집합투자업자등,정의함,LOGICAL,집합투자업자등,제230조,0.5,집합투자업자등,2026-04-26
종류형집합투자기구,정의함,LOGICAL,제231조,231,0.7,종류형집합투자기구 정의,2026-04-26
제189조제2항,상위조항,STRUCTURE,제189조,제189조제2항,0.6,제189조제2항|제189조,2026-04-26
제196조제5항,참조함,STRUCTURE,제196조제6항,제196조제5항,0.2,제196조제5항|제196조제6항,2026-04-26
제208조,구성항,STRUCTURE,제208조 제1항,208,0.9,제208조|제208조 제1항,2026-04-26
제216조제2항,상위조항,STRUCTURE,제216조,제216조제2항,0.6,제216조제2항|제216조,2026-04-26
제222조제2항,상위조항,STRUCTURE,제222조,제222조제2항,0.9,제222조제2항|제222조,2026-04-26
집합투자기구,준용함,ACTION,제227조제2항,제227조제2항,0.95,집합투자기구|준용,2026-04-26
종류형집합투자기구,정의함,LOGICAL,집합투자증권을 발행하는 집합투자기구,제76조,0.95,종류형집합투자기구|집합투자기구|정의,2026-04-26
종류형집합투자기구,허용함,ACTION,설정ㆍ설립,제76조,0.9,종류형집합투자기구|설정ㆍ설립|허용,2026-04-26
대통령령,정의함,LOGICAL,"종류형집합투자기구의 설정ㆍ설립, 집합투자증권의 발행ㆍ판매ㆍ환매, 그 밖에 필요한 사항",제76조,0.85,대통령령|종류형집합투자기구|정의,2026-04-26
집합투자업자,요구함,ACTION,전환형집합투자기구 설정ㆍ설립 시 요건 충족,제232조,0.95,전환형집합투자기구|요건 충족,2026-04-26
전환형집합투자기구,정의함,LOGICAL,구조의 집합투자기구(투자자가 소유한 집합투자증권을 다른 집합투자기구의 집합투자증권으로 전환할 수 있는 권리를 부여하는 구조),제232조,0.95,전환형집합투자기구|정의,2026-04-26
집합투자업자,요구함,ACTION,공통 집합투자규약 존재,제232조,0.9,공통 집합투자규약|요건,2026-04-26
집합투자업자,요구함,ACTION,집합투자규약에 대한 요건 충족,제232조,0.85,집합투자규약|요건,2026-04-26
집합투자기구,금지함,ACTION,집합투자기구 간 전환,제9조,0.95,전환 금지|집합투자기구 간 전환,2026-04-26
전환형집합투자기구,정의함,LOGICAL,필요사항,제9조,0.9,전환형집합투자기구 필요사항|대통령령 정의,2026-04-26
집합투자업자등,요구함,ACTION,자집합투자기구를 설정ㆍ설립할 때 요건을 충족해야 한다,233,0.95,집합투자업자|자집합투자기구|설정|설립|요건,2026-04-26
자집합투자기구,금지함,ACTION,모집합투자기구의 집합투자증권 외의 다른 집합투자증권을 취득,233,0.9,자집합투자기구|모집합투자기구|집합투자증권|취득|금지,2026-04-26
자집합투자기구 외의 자,금지함,ACTION,모집합투자기구의 집합투자증권을 취득,233,0.9,자집합투자기구|자|모집합투자기구|집합투자증권|취득|금지,2026-04-26
집합투자업자,동일함,LOGICAL,자집합투자기구와 모집합투자기구의 집합투자재산을 운용하는 집합투자업자,233,0.85,집합투자업자|자집합투자기구|모집합투자기구|집합투자재산|운용|동일,2026-04-26
대통령령,정한다,ACTION,모집합투자기구 및 자집합투자기구의 설정ㆍ설립,제81조제1항제3호,0.95,집합투자증권|모자형집합투자기구,2026-04-26
대통령령,정한다,ACTION,집합투자증권의 판매ㆍ환매,제81조제1항제3호,0.95,집합투자증권|모자형집합투자기구,2026-04-26
대통령령,정한다,ACTION,그 밖에 모자형집합투자기구에 관하여 필요한 사항,제81조제1항제3호,0.95,집합투자증권|모자형집합투자기구,2026-04-26
모자형집합투자기구,정의함,LOGICAL,모집합투자기구 및 자집합투자기구,제81조제1항제3호,0.9,모자형집합투자기구|모집합투자기구|자집합투자기구,2026-04-26
제81조제1항제3호,예외로함,LOGICAL,자집합투자기구가 모집합투자기구의 집합투자증권을 취득하는 경우,제81조제1항제3호,0.9,자집합투자기구|모집합투자기구|집합투자증권,2026-04-26
상장지수집합투자기구,정의함,LOGICAL,상장지수집합투자기구 정의,234,0.9,상장지수집합투자기구 정의,2026-04-26
상장지수집합투자기구,위치함,STRUCTURE,제234조(상장지수집합투자기구) ①,234,0.8,제234조,2026-04-26
제34조제1항제1호ㆍ제2호,상위조항,STRUCTURE,제34조,제34조제1항제1호ㆍ제2호,0.85,제34조제1항제1호ㆍ제2호|제34조,2026-04-26
제87조제3항,참조함,STRUCTURE,제87조,87-3,0.0,,2026-04-26
준용,정의함,LOGICAL,제186조제2항에서 준용하는 경우를 포함한다,제186조제2항,0.95,준용|제186조제2항,2026-04-26
제88조,정의함,LOGICAL,정의 없음,88,0.0,제88조,2026-04-26
제147조,정의함,LOGICAL,제147조,147,0.0,제147조,2026-04-26
제172조,구성요소,STRUCTURE,법령,제172조,0.5,법령,2026-04-26
제235조,정의함,LOGICAL,Unknown,Unknown,0.6,제235조|정의,2026-04-26
상장지수집합투자기구,예외로함,LOGICAL,제237조 규정,237,0.95,상장지수집합투자기구|제237조 규정,2026-04-26
상장지수집합투자기구,조건을 갖춘,LOGICAL,다수 종목 가격수준 지수 연동 운용,237,0.9,상장지수집합투자기구|다수 종목 가격수준 지수 연동 운용,2026-04-26
상장지수집합투자기구,조건을 갖춘,LOGICAL,수익증권 또는 투자회사 주식의 환매가 허용,237,0.9,상장지수집합투자기구|수익증권 또는 투자회사 주식의 환매가 허용,2026-04-26
상장지수집합투자기구,조건을 갖춘,LOGICAL,수익증권 또는 투자회사 주식이 설정일 또는 설립일로부터 30일 이내에 증권시장에 상장,237,0.9,상장지수집합투자기구|수익증권 또는 투자회사 주식 상장 30일 이내,2026-04-26
상장지수집합투자기구,조건을 갖춘,LOGICAL,투자매매업자 또는 투자중개업자 중 대통령령으로 정하는 자가 설정을 위하여 증권 매매,237,0.85,상장지수집합투자기구|투자매매업자 또는 투자중개업자 증권 매매,2026-04-26
제188조제4항,참조함,STRUCTURE,제188조,188,0.6,제188조제4항|제188조,2026-04-26
제194조제7항,구성함,STRUCTURE,제194조,제194조제7항,0.6,제194조제7항|제194조,2026-04-26
자산 납입 및 상장지수집합투자기구 설정,허용함,ACTION,금전 외의 자산으로 납입,제196조제6항,0.9,자산 납입|금전 외의 자산,2026-04-26
"상장지수집합투자기구의 설정ㆍ추가설정ㆍ설립 및 신주발행, 집합투자증권의 판매 및 환 매, 상장 및 상장폐지, 소유 재산의 공고, 그 밖에 필요한 사항",근거함,STRUCTURE,대통령령,제196조제6항,0.9,상장지수집합투자기구|대통령령,2026-04-26
제234조의2,삭제됨,STRUCTURE,제4장 집합투자증권의 환매,234조의2,0.95,삭제|제234조의2|제4장 집합투자증권의 환매,2026-04-26
투자자,청구할 수 있다,ACTION,집합투자증권,제235조,0.95,환매청구,2026-04-26
투자자,청구하여야 한다,ACTION,투자매매업자 또는 투자중개업자,제235조,0.9,환매청구,2026-04-26
투자자,청구할 수 있다,ACTION,집합투자업자,제235조,0.85,환매청구,2026-04-26
투자자,청구할 수 있다,ACTION,신탁업자,제235조,0.8,환매청구,2026-04-26
투자매매업자 또는 투자중개업자,요구하여야 한다,ACTION,해당 투자신탁 또는 투자익명조합의 집합투자업자,제235조,0.9,환매청구,2026-04-26
집합투자업자 또는 신탁업자,요구하여야 한다,ACTION,투자회사등,제235조,0.9,환매청구,2026-04-26
투자자,부담함,ACTION,환매수수료,236,0.95,환매수수료|부담,2026-04-26
환매수수료,귀속함,ACTION,집합투자재산,236,0.9,환매수수료|집합투자재산|귀속,2026-04-26
환매가격 및 수수료,요구함,ACTION,환매가격은 환매청구일 후 산정되는 기준가격,236,0.9,환매가격|기준가격|환매청구일,2026-04-26
환매가격 및 수수료,예외로함,LOGICAL,대통령령으로 정하는 경우에는 환매청구일 이전에 산정된 기준가격으로 환매할 수 있다,236,0.85,대통령령|예외|기준가격|환매청구일,2026-04-26
환매가격에 관한 필요한 사항,정한다,STRUCTURE,대통령령,236,0.9,환매가격|필요한 사항|대통령령,2026-04-26
집합투자증권을 환매하는 경우,정의함,LOGICAL,환매가격은 환매청구일 후 산정되는 기준가격,236,0.85,집합투자증권|환매가격|기준가격|환매청구일,2026-04-26
투자신탁이나 투자익명조합의 집합투자업자 또는 투자회사등,허용함,ACTION,환매 연기,제237조,0.95,환매 연기|집합투자증권,2026-04-26
집합투자자총회,결의함,ACTION,환매에 관한 사항,제237조,0.9,집합투자자총회|환매에 관한 사항,2026-04-26
환매 연기,정의함,LOGICAL,집합투자증권의 환매를 연기할 수 있는 행위,제237조,0.85,환매 연기|집합투자증권,2026-04-26
제190조제5항,상위조항,STRUCTURE,제190조,제190조제5항,0.9,제190조제5항|제190조,2026-04-26
자본시장과 금융투자업에 관한 법률,참조함,STRUCTURE,제2항,210조제,0.95,단서|참조,2026-04-26
제215조제3항,참조함,STRUCTURE,제215조,제215조제3항,0.6,제215조,2026-04-26
집합투자업자,허용함,ACTION,환매 연기,226조제3항,0.95,환매|연기,2026-04-26
집합투자업자,예외로함,LOGICAL,환매 연기,226조제3항,0.9,환매|연기|정의되지 않음|실행 불가능,2026-04-26
집합투자업자,요구함,ACTION,투자자에게 통지,226조제3항,0.95,통지|투자자,2026-04-26
통지,정의함,STRUCTURE,"환매에 관한 사항 결의 내용 및 환매 연기 사유, 기간, 재개 방법",226조제3항,0.9,통지|환매|연기|재개,2026-04-26
집합투자업자,요구함,ACTION,투자자에게 환매대금 지급,226조제3항,0.95,환매대금|지급|투자자,2026-04-26
집합투자업자,허용함,ACTION,별도 집합투자기구 설정,226조제3항,0.9,집합투자기구|설정|연기된 집합투자재산,2026-04-26
집합투자업자,허용함,ACTION,환매 연기 (부분),226조제3항,0.9,환매|연기|부분,2026-04-26
집합투자업자,허용함,ACTION,환매 응할 수 있음 (부분),226조제3항,0.9,환매|응할 수 있음|부분,2026-04-26
집합투자업자,요구함,ACTION,투자자에게 환매 연기 사유 통지,226조제3항,0.9,통지|연기 사유,2026-04-26
집합투자업자,요구함,ACTION,투자자에게 환매 연기 기간 통지,226조제3항,0.9,통지|연기 기간,2026-04-26
제81조,정의함,LOGICAL,None,81,0.0,,2026-04-26
제88조,정의함,LOGICAL,없음,88,0.1,제88조,2026-04-26
제238조제7항,상위조항,STRUCTURE,제238조,제238조제7항,0.85,제238조제7항|제238조,2026-04-26
제240조,구성함,STRUCTURE,제240조제3항부터 제8항까지,240,0.7,제240조|제240조제3항부터 제8항까지,2026-04-26
제248조,적용하지 아니한다,LOGICAL,제248조,제248조,0.9,제248조,2026-04-26
집합투자기구,허용함,ACTION,환매청구에 응하지 않음,235,0.95,환매청구에 응하지 않음|집합투자기구,2026-04-26
집합투자기구,간주함,LOGICAL,환매청구에 응하지 않음 (해산한 경우),235,0.9,해산|환매청구에 응하지 않음,2026-04-26
집합투자기구,간주함,LOGICAL,환매청구에 응하지 않음 (순자산액 미달),235,0.9,순자산액 미달|환매청구에 응하지 않음,2026-04-26
집합투자기구,간주함,LOGICAL,환매청구에 응하지 않음 (법령에 따른 제한),235,0.9,법령에 따른 제한|환매청구에 응하지 않음,2026-04-26
집합투자기구,간주함,LOGICAL,환매청구에 응하지 않음 (상법에 따른 권리 행사),235,0.9,상법에 따른 권리 행사|환매청구에 응하지 않음,2026-04-26
수익자,청구함,ACTION,환매청구,제189조제9항,0.9,환매청구|수익자,2026-04-26
환매청구,정의함,LOGICAL,수익자명부 또는 주주명부에 기재된 수익자·주주 또는 질권자가 일정한 날과 그 권리를 행사할 날의 사이에 환매청구를 한 경우,제189조제9항,0.85,환매청구|수익자,2026-04-26
제354조제3항,정의함,LOGICAL,"기간 ""3월""을 ""2개월""로 정의",제354조제3항,0.95,기간 정의 변경|대체,2026-04-26
집합투자업자,요구함,ACTION,집합투자재산을 시가에 따라 평가,제238조,0.95,집합투자재산 평가|시가|공정가액,2026-04-26
집합투자업자,요구함,ACTION,평가위원회를 구성ㆍ운영,제238조,0.9,평가위원회|구성|운영,2026-04-26
집합투자업자,요구함,ACTION,집합투자재산평가기준을 마련,제238조,0.9,집합투자재산평가기준|보관·관리|정책,2026-04-26
집합투자재산 평가,정의함,LOGICAL,집합투자업자가 대통령령으로 정하는 방법에 따라 집합투자재산을 시가에 따라 평가,제238조,0.9,집합투자재산 평가|시가|공정가액,2026-04-26
집합투자업자,요구함,ACTION,기준가격 산정,263,0.95,산정|기준가격,2026-04-26
집합투자업자,통보함,ACTION,신탁업자,263,0.9,통보|평가명세,2026-04-26
신탁업자,확인함,ACTION,평가의 공정성,263,0.9,확인|평가공정성,2026-04-26
집합투자업자,공고ㆍ게시함,ACTION,기준가격,263,0.9,공고|게시,2026-04-26
금융위원회,위탁하도록 명할 수 있다,ACTION,일반사무관리회사,263,0.85,위탁|명령,2026-04-26
집합투자업자,작성,ACTION,결산서류,제239조,1.0,집합투자업자|결산서류,2026-04-26
결산서류,정의함,LOGICAL,"재무상태표, 손익계산서",제239조,1.0,결산서류|재무상태표|손익계산서,2026-04-26
투자회사의 법인이사,요구함,ACTION,결산서류를 이사회에 제출하여 승인을 받는다,제88조,0.95,보고서|결산서류|이사회|제출|승인,2026-04-26
투자신탁이나 투자익명조합의 집합투자업자 또는 투자회사등,요구함,ACTION,"결산서류, 회계감사보고서, 집합투자자총회 의사록, 이사회 의사록(투자회사의 경우에 한한다)을 비치하고 해당 집합투자증권을 판매한 투자매매업자 또는 투자중개업자에게 송부한다",제88조,0.9,보고서|결산서류|회계감사보고서|비치|송부,2026-04-26
"투자신탁이나 투자익명조합의 집합투자업자, 투자회사등 및 해당 집합투자증권을 판매한 투자매매업자 또는 투자중개업자",요구함,ACTION,결산서류 및 회계감사보고서를 제3항의 비치일부터 5년간 보존한다,제88조,0.9,보존|결산서류|회계감사보고서|5년,2026-04-26
집합투자기구의 투자자 및 채권자,허용함,ACTION,제3항에 따라 비치된 서류를 열람하고 등본 또는 초본을 청구할 수 있다,제88조,0.85,열람|등본|초본|청구,2026-04-26
금융위원회,정한다,ACTION,결산서류의 기재사항 등에 관한 고시를 정한다,제88조,0.9,고시|결산서류|기재사항,2026-04-26
투자신탁,요구함,ACTION,회계처리기준,제240조,0.95,회계처리기준|집합투자재산,2026-04-26
금융위원회,허용함,ACTION,전문성을 갖춘 민간법인 또는 단체,제240조,0.9,위탁|민간법인,2026-04-26
전문성을 갖춘 민간법인 또는 단체,요구함,ACTION,금융위원회,제240조,0.9,보고|제정|개정,2026-04-26
투자신탁,요구함,ACTION,회계감사인의 회계감사,제240조,0.9,회계감사|회계기간,2026-04-26
투자신탁,요구함,ACTION,신탁업자,제240조,0.9,통지|보관·관리,2026-04-26
투자신탁,요구함,ACTION,금융위원회,제240조,0.9,보고|회계감사,2026-04-26
회계감사인,요구함,ACTION,투자신탁 및 투자익명조합의 집합투자업자 및 투자회사,제240조,0.85,감사|통보|집합투자재산평가기준,2026-04-26
회계감사인,실시해야함,ACTION,회계감사,제16조,0.95,회계감사|회계감사인,2026-04-26
회계감사인,요청할수있다,ACTION,회계장부 등 관계 자료,제16조,0.95,회계감사|회계장부|자료,2026-04-26
회계감사인,요청할수있다,ACTION,집합투자업자,제16조,0.95,회계감사|집합투자업자,2026-04-26
회계감사인,요청할수있다,ACTION,신탁업자,제16조,0.95,회계감사|신탁업자,2026-04-26
회계감사인,요청할수있다,ACTION,투자매매업자,제16조,0.95,회계감사|투자매매업자,2026-04-26
회계감사인,요청할수있다,ACTION,투자중개업자,제16조,0.95,회계감사|투자중개업자,2026-04-26
요청을 받은 자,응해야함,ACTION,요청,제16조,0.95,요청|응답,2026-04-26
회계감사인,요구할수있다,ACTION,회계장부 등 관계 자료,제16조,0.95,회계감사|회계장부|자료,2026-04-26
일반사무관리회사,위탁받은,LOGICAL,투자회사,제184조제6항,0.9,일반사무관리회사|투자회사|업무,2026-04-26
일반사무관리회사,정의함,LOGICAL,제184조제6항,제184조제6항,0.95,정의|제184조제6항,2026-04-26
일반사무관리회사,위탁받다,ACTION,기준가격 산정업무,238,0.95,기준가격 산정업무|위탁,2026-04-26
제20조,준용한다,STRUCTURE,집합투자재산의 회계감사,제20조,0.95,회계감사|집합투자재산,2026-04-26
제20조,준용한다,STRUCTURE,제3항,제20조,0.9,회계감사|제3항,2026-04-26
회계감사인에 관한 필요한 사항,정한다,ACTION,대통령령,제8조,0.95,회계감사인|필요한 사항,2026-04-26
회계감사인,책임을 진다,LOGICAL,손해배상책임,제241조,0.9,손해배상책임|회계감사인,2026-04-26
회계감사인,보상할 책임을 진다,ACTION,투자자에 대하여 손해 배상 책임,제240조제3항,0.95,회계감사인|손해배상|투자자,2026-04-26
회계감사보고서,중요사항에 거짓 기재 또는 표시가 있거나 표시되지 않음으로써,LOGICAL,투자자에게 손해를 끼친 경우,제240조제3항,0.85,회계감사보고서|중요사항|손해,2026-04-26
감사반이 회계감사인인 경우에 해당 집합투자재산에 대한 감사에 참여한 자,연대하여 손해를 배상할 책임을 진다,ACTION,손해,제2조제7호,0.9,연대배상|감사반|회계감사인|집합투자재산,2026-04-26
회계감사인과 집합투자업자의 이사ㆍ감사 또는 투자회사의 감독이사,연대하여 손해를 배상할 책임을 진다,ACTION,손해,제2조제7호,0.9,연대배상|회계감사인|집합투자업자|감사|감독이사,2026-04-26
손해를 배상할 책임이 있는 자,법원이 귀책사유에 따라 정하는 책임비율에 따라 손해를 배상할 책임이 있다,ACTION,손해,제2조제7호,0.8,책임비율|고의|손해배상,2026-04-26
회계감사인과 집합투자업자의 이사ㆍ감사 또는 투자회사의 감독이사,배상할 책임이 있다,ACTION,손해,제2조제8호,0.95,배상 책임|연대 책임,2026-04-26
제31조제6항부터 제9항까지의 규정,준용함,STRUCTURE,제1항 및 제2항,제31조제6항부터 제9항까지,0.95,준용|제1항 및 제2항,2026-04-26
집합투자업자,요구함,ACTION,이익금의 분배,제242조,0.95,이익금|집합투자업자,2026-04-26
집합투자업자,허용함,ACTION,이익금을 투자자에게 금전 또는 새로 발행하는 집합투자증권으로 분배,제242조,0.9,이익금|집합투자증권,2026-04-26
집합투자업자,허용함,ACTION,이익금을 초과하여 금전으로 분배,제242조,0.88,이익금|집합투자업자,2026-04-26
집합투자규약,허용함,ACTION,이익금의 분배를 집합투자기구에 유보,제242조,0.85,이익금|집합투자규약,2026-04-26
투자회사,금지함,ACTION,이익금을 초과하여 분배,제242조,0.9,이익금|투자회사,2026-04-26
대통령령,정의함,LOGICAL,필요한 사항,제242조,0.8,대통령령|필요한 사항,2026-04-26
삭제,정의함,LOGICAL,제243조,243,0.95,삭제|제243조,2026-04-26
신탁업자,요구함,ACTION,집합투자재산을 보관ㆍ관리,제244조,0.95,선관주의의무|보관ㆍ관리,2026-04-26
신탁업자,요구함,ACTION,투자자의 이익을 보호,제244조,0.95,선관주의의무|투자자 이익 보호,2026-04-26
적용배제,정의함,LOGICAL,법률의 적용이 제외되는 사안,제245조,0.7,적용배제|법률 적용 제외,2026-04-26
제116조,정의함,LOGICAL,제116조,116,0.0,None,2026-04-26
신탁업자,예외로함,LOGICAL,투자신탁재산,117,0.95,신탁업자|투자신탁재산,2026-04-26
신탁업자 업무제한,정의함,LOGICAL,신탁업자가 집합투자재산을 보관·관리하는 업무에 대한 제한,246,0.95,신탁업자 업무제한|집합투자재산|보관·관리,2026-04-26
신탁업자,금지함,ACTION,"계열회사 of 해당 집합투자기구(투자회사, 투자유한회사, 투자합자회사, 투자유한책임회사)",246,0.9,신탁업자|계열회사|집합투자기구,2026-04-26
신탁업자,금지함,ACTION,계열회사 of 집합투자업자,246,0.9,신탁업자|계열회사|집합투자업자,2026-04-26
신탁업자,요구함,ACTION,"집합투자재산을 고유재산, 다른 집합투자재산, 제삼자 재산과 구분하여 관리",246,0.9,신탁업자|집합투자재산|고유재산|제삼자 재산|구분,2026-04-26
신탁업자,요구함,ACTION,집합투자재산과 위탁자 명기,246,0.9,신탁업자|집합투자재산|위탁자|명기,2026-04-26
신탁업자,요구함,ACTION,증권을 집합투자기구별로 예탁결제원에 예탁,246,0.9,신탁업자|증권|집합투자기구|예탁결제원|예탁,2026-04-26
신탁업자,예외로함,LOGICAL,증권 예탁 의무가 대통령령에 따라 예외될 수 있음,246,0.8,신탁업자|증권|예탁|대통령령|예외,2026-04-26
신탁업자,확인함,ACTION,집합투자업자에 대하여 운용지시 또는 운용행위의 위반 여부,제247조,0.95,운용행위감시|신탁업자|집합투자업자,2026-04-26
신탁업자,요구함,ACTION,집합투자업자에 대하여 운용지시 또는 운용행위의 철회·변경·시정,제247조,0.95,운용행위감시|신탁업자|집합투자업자,2026-04-26
신탁업자,확인함,ACTION,투자회사의 감독이사에 대하여 운용행위가 법령·정관·투자설명서를 위반하는지 여부,제247조,0.95,운용행위감시|신탁업자|투자회사의 감독이사,2026-04-26
신탁업자,보고함,ACTION,투자회사의 감독이사,제247조,0.95,운용행위감시|신탁업자|투자회사의 감독이사,2026-04-26
투자회사의 감독이사,요구함,ACTION,집합투자업자에 대하여 운용행위의 시정,제247조,0.95,운용행위감시|투자회사의 감독이사|집합투자업자,2026-04-26
신탁업자 또는 투자회사의 감독이사,보고함,ACTION,금융위원회,제247조,0.9,운용행위감시|신탁업자|투자회사의 감독이사|금융위원회,2026-04-26
신탁업자 또는 투자회사의 감독이사,공시함,ACTION,금융위원회,제247조,0.9,운용행위감시|신탁업자|투자회사의 감독이사|금융위원회,2026-04-26
투자회사의 감독이사,이행하지 않음,ACTION,보고 또는 공시 업무,제247조,0.85,운용행위감시|투자회사의 감독이사|보고|공시,2026-04-26
신탁업자,이행함,ACTION,보고 또는 공시 업무,제247조,0.85,운용행위감시|신탁업자|보고|공시,2026-04-26
신탁업자,확인함,ACTION,투자설명서가 법령·집합투자규약에 부합하는지 여부,제247조,0.9,운용행위감시|신탁업자|투자설명서,2026-04-26
집합투자업자,이의신청할 수 있다,ACTION,금융위원회,제247조,0.9,운용행위감시|집합투자업자|금융위원회,2026-04-26
자산운용보고서,정의함,LOGICAL,자산운용보고서,제3조,0.95,자산운용보고서|정의,2026-04-26
자산운용보고서,작성함,ACTION,자산운용보고서,제88조제1항ㆍ제2항,0.9,자산운용보고서|작성,2026-04-26
위험관리방법,정의함,LOGICAL,위험관리방법의 작성이 적정한지 여부,제93조제2항,0.9,위험관리방법|작성|적정하다,2026-04-26
평가 공정성,정의함,LOGICAL,집합투자재산의 평가가 공정한지 여부,제238조제1항,0.9,평가 공정성|집합투자재산의 평가,2026-04-26
평가 공정성,참조함,STRUCTURE,제238조제1항,제238조제1항,0.8,제238조제1항,2026-04-26
집합투자업자,이행명세를 제출한다,ACTION,제1항 또는 제2항의 시정요구 등에 대한,제238조제6항,0.85,집합투자업자 이행명세|시정요구,2026-04-26
신탁업자,제1항에 따른 요구 또는 제2항에 따른 보고를 한다,ACTION,제1항에 따른 요구 또는 제2항에 따른 보고,제238조제6항,0.75,신탁업자|제1항|제2항,2026-04-26
자료 제출,요구할 수 있다,ACTION,일반사무관리회사,제184조제6항,0.8,자료 제출|일반사무관리회사,2026-04-26
일반사무관리회사,응하여야 한다,ACTION,자료 제출,제184조제6항,0.9,정당한 사유가 없는 한|자료 제출,2026-04-26
신탁업자,교부,ACTION,자산보관·관리보고서,제248조,0.95,자산보관·관리보고서|집합투자자재산,2026-04-26
신탁업자,요구함,ACTION,교부,제248조,0.9,자산보관·관리보고서|집합투자자재산,2026-04-26
자산보관·관리보고서,관하여,LOGICAL,집합투자자재산,제248조,0.85,자산보관·관리보고서|집합투자자재산,2026-04-26
자산보관ㆍ관리보고서,작성,ACTION,투자자,제90조제2항,0.95,자산보관ㆍ관리보고서|투자자|2개월 이내|각 호의 사유 발생,2026-04-26
자산보관ㆍ관리보고서,교부,ACTION,투자자,제90조제2항,0.95,자산보관ㆍ관리보고서|투자자|2개월 이내|각 호의 사유 발생,2026-04-26
신탁업자,교부하여야 한다,ACTION,금융위원회 및 협회,제247조제5항,0.95,자산보관ㆍ관리보고서|제1항에 따른 교부|제1항의 기간 이내,2026-04-26
누구든지,금지함,ACTION,일반 사모집합투자업을 영위(등록을 하지 아니하고는),제249조,0.95,미등록 영업행위|일반 사모집합투자업,2026-04-26
일반 사모집합투자기구,발행할 수 있다,ACTION,집합투자증권,제249조의2,0.95,적격투자자,2026-04-26
적격투자자,정의함,LOGICAL,전문투자자,제249조의2,0.9,전문투자자,2026-04-26
적격투자자,정의함,LOGICAL,1억원 이상 투자 개인 또는 법인,제249조의2,0.9,1억원 이상 투자,2026-04-26
일반 사모집합투자업을 영위하려는 자,등록을 하여야 한다,ACTION,금융위 원회에 일반 사모집합투자업 등록,제249조의3,0.95,일반 사모집합투자업 등록|등록 의무,2026-04-26
등록을 하려는 자,요건을 갖추어야 한다,ACTION,다음 각 호의 요건,제249조의3,0.9,요건|자격 요건,2026-04-26
자,해당한다,LOGICAL,주식회사이거나 대통령령으로 정하는 금융회사,제249조의3,0.9,주식회사|금융회사,2026-04-26
자,해당한다,LOGICAL,외국 집합투자업자,제249조의3,0.9,외국 집합투자업자,2026-04-26
자,갖추어야 한다,ACTION,5억원 이상 자기자본,제249조의3,0.9,자기자본|자본 요건,2026-04-26
자,갖추어야 한다,ACTION,"인력, 전산설비, 물적 설비",제249조의3,0.9,인력|전산설비|물적 설비,2026-04-26
임원,준수해야 한다,ACTION,금융회사의 지배구조에 관한 법률,제249조의3,0.9,지배구조법|법률 준수,2026-04-26
등록을 하려는 자,등록을 하여야 한다,ACTION,금융위 원회에 일반 사모집합투자업 등록,제249조의3,0.95,등록 의무|금융위,2026-04-26
대주주,갖출,ACTION,요건,제5조,0.95,요건,2026-04-26
외국 집합투자업자,갖출,ACTION,요건,제5조,0.95,요건,2026-04-26
금융위원회,검토함,ACTION,등록신청서,제12조제2항제6호,0.95,검토|등록신청서|금융위원회,2026-04-26
금융위원회,결정함,ACTION,일반 사모집합투자업 등록 여부,제12조제2항제6호,0.95,결정|등록 여부|금융위원회,2026-04-26
금융위원회,통지함,ACTION,신청인에게 문서로 통지,제12조제2항제6호,0.95,통지|신청인|금융위원회,2026-04-26
금융위원회,보완요구함,ACTION,등록신청서 흠결 보완,제12조제2항제6호,0.9,보완요구|등록신청서|금융위원회,2026-04-26
등록신청서,보완기간은 검토기간에 산입하지 않음,LOGICAL,검토기간,제12조제2항제6호,0.85,보완기간|검토기간|등록신청서,2026-04-26
등록신청서,흠결이 있으면 보완요구 가능,LOGICAL,보완요구,제12조제2항제6호,0.85,흠결|보완요구|등록신청서,2026-04-26
일반 사모집합투자업자,유지함,ACTION,등록요건,제12조제2항제6호,0.9,유지|등록요건|일반 사모집합투자업자,2026-04-26
금융위원회,등록부에 필요한 사항을 적음,ACTION,일반 사모집합투자업자 등록부,제12조제2항제6호,0.9,등록부|필요한 사항|금융위원회,2026-04-26
금융투자업자,요구함,ACTION,투자자 적격 여부,제249조의4,0.95,투자권유|적격투자자 여부,2026-04-26
집합투자업자,준용함,STRUCTURE,금융소비자 보호에 관한 법률,제249조의4,0.9,집합투자업자|금융소비자 보호법,2026-04-26
투자신탁,요구함,ACTION,일반 사모집합투자기구를 설정ㆍ설립,제249조의6,0.95,일반 사모집합투자기구|설정ㆍ설립,2026-04-26
투자신탁,요구함,ACTION,업무정지기간 중에 있지 아니할 것,제249조의6,0.9,업무정지기간|조건,2026-04-26
일반 사모집합투자기구,요구함,ACTION,이 법에 따라 적법하게 설정·설립되었을 것,제184조제6항,0.95,일반 사모집합투자기구|적법한 설정·설립,2026-04-26
일반 사모집합투자기구의 집합투자규약,요구함,ACTION,법령을 위반하거나 투자자의 이익을 명백히 침해하지 아니할 것,제184조제6항,0.9,집합투자규약|법령 위반 금지|투자자 이익 보호,2026-04-26
일반 사모집합투자기구,요구함,ACTION,금융위원회,제9조제18항,0.95,보고|2주일 이내,2026-04-26
금융위원회,요구할 수 있다,ACTION,보완,제9조제18항,0.9,보완|보고 내용,2026-04-26
일반 사모집합투자업자,운용,ACTION,집합투자재산,제249조의7,0.95,집합투자재산 운용방법,2026-04-26
일반 사모집합투자업자,요구함,ACTION,집합투자재산 운용방법,제249조의7,0.9,집합투자재산 운용방법,2026-04-26
집합투자재산 운용방법,정의함,LOGICAL,제249조의7,제249조의7,0.85,집합투자재산 운용방법,2026-04-26
일반 사모집합투자업자,운용함,ACTION,집합투자재산,제249조의13,0.95,일반 사모집합투자업자|집합투자재산|운용,2026-04-26
일반 사모집합투자업자,금지함,ACTION,금액 합산이 100분의 400 이내를 초과하는 행위,제249조의13,0.9,금액 합산|100분의 400|초과 금지,2026-04-26
일반 사모집합투자업자,금지함,ACTION,부동산 취득 후 5년 이내에 처분 행위 (부동산개발사업에 따른 토지·건축물 분양 제외),제249조의13,0.9,부동산|취득|5년|처분|부동산개발사업|토지|건축물,2026-04-26
일반 사모집합투자업자,금지함,ACTION,부동산개발사업 시행 전 토지에 대한 처분 행위 (합병·해지·해산 등 제외),제249조의13,0.9,부동산개발사업|토지|처분|합병|해지|해산,2026-04-26
일반 사모집합투자업자,금지함,ACTION,집합투자재산을 개인 및 그 밖의 대부업 등에게 직접 대여하거나 회피 목적으로 대부업 등 등록 및 금융이용자 보호에 관한 법률에 따라 행위,제249조의13,0.9,집합투자재산|대여|대부업|금융이용자 보호,2026-04-26
일반 사모집합투자업자,금지함,ACTION,대부업자 등 대통령령으로 정하는 자와의 연계거래 이용,제3조,0.9,연계거래 이용|대부업자,2026-04-26
일반 사모집합투자업자,금지함,ACTION,"집합투자증권을 일반 사모집합투자기구의 집합투자재산을 금전의 대여로 운용하는 경우에 발행하는 행위 (to persons other than 국가, 한국은행, 전문투자자)",제3조,0.8,집합투자증권 발행|전문투자자,2026-04-26
일반 사모집합투자업자,예외로함,LOGICAL,"집합투자증권 발행 (to persons other than 국가, 한국은행, 전문투자자) when borrower purpose is as defined by presidential decree",제3조,0.7,예외|대출 목적,2026-04-26
연계거래 이용,정의함,LOGICAL,대부업자 등 대통령령으로 정하는 자와의 연계거래 이용,제3조,0.8,연계거래 이용|대부업자,2026-04-26
투자목적 회사가 아닌 법인,설립 또는 이용,ACTION,이와 유사한 목적 또는 형태를 가진 법인,제249조의13,0.95,설립|이용|유사한 목적|유사한 형태,2026-04-26
외국 투자대상자산의 취득을 목적으로 설립된 외국법인 등 대통령령으로 정하는 법인,설립 또는 이용,LOGICAL,제외,제249조의13,0.9,외국 투자대상자산|취득|설립|이용|제외,2026-04-26
일반 사모집합투자업자,보고,ACTION,금융위원회,제249조의13,0.9,보고|금융위원회|매분기 말일 기준,2026-04-26
일반 사모집합투자기구인 투자신탁이나 투자익명조합의 집합투자업자 또는 일반 사모집합투자기구인 투자회사등,보고,ACTION,금융위원회,제249조의13,0.9,보고|금융위원회|3영업일 이내,2026-04-26
일반 사모집합투자업자,운용,ACTION,일반 사모집합투자기구의 집합투자재산,제249조의13,0.85,운용|집합투자재산|경영권 참여|사업구조 개선,2026-04-26
일반 사모집합투자기구,집합투자재산인,STRUCTURE,주식,87,0.95,일반 사모집합투자기구|주식|집합투자재산,2026-04-26
일반 사모집합투자기구의 집합투자재산인 주식,제외되는,LOGICAL,제87조제4항,87,0.9,주식|제87조제4항|제외,2026-04-26
주식 보유자,허용함,ACTION,의결권,제81조제1항,0.95,의결권 행사|투자한도 초과,2026-04-26
특례,정의함,LOGICAL,일반 사모집합투자기구,제249조의8,0.8,특례|일반 사모집합투자기구,2026-04-26
제76조,참조함,STRUCTURE,제2조,76,0.2,제2조,2026-04-26
의결권 행사,정의함,LOGICAL,주식 보유자,81조제1항,0.85,의결권 행사|주식 보유자,2026-04-26
제83조,정의함,LOGICAL,Unknown,83,0.4,제83조,2026-04-26
제88조,STRUCTURE,STRUCTURE,제2조,88,0.2,제88조|제2조,2026-04-26
제89조,참조함,STRUCTURE,제81조,제89조,0.5,제81조 참조,2026-04-26
준용,포함한다,LOGICAL,준용하는 경우,제186조제2항,0.95,준용|포함,2026-04-26
제90조,구조,STRUCTURE,제2조,90,0.1,제90조|제2조,2026-04-26
제186조 제2항,준용함,ACTION,경우,제186조,0.9,준용|사례,2026-04-26
준용,정의함,LOGICAL,제186조 제2항에서 준용하는 경우를 포함한다,제186조,0.8,정의|준용,2026-04-26
제91조제3항,참조함,STRUCTURE,제91조,제91조제3항,0.6,제91조제3항|제91조,2026-04-26
제186조제2항,포함한다,ACTION,준용하는 경우,제186조,0.95,준용|포함,2026-04-26
제93조,정의함,LOGICAL,제93조,93,0.3,제93조,2026-04-26
제94조,참조함,STRUCTURE,"제94조제1항부터 제4항까지, 같은 조 제6항",94,0.5,제94조,2026-04-26
제182조,상위조항,STRUCTURE,제1조,Unknown,0.3,제182조|제1조,2026-04-26
제183조제1항,상위조항,STRUCTURE,제183조,제183조제1항,0.9,조항|제183조,2026-04-26
제186조,상위조항,STRUCTURE,제185조,186,0.0,제186조,2026-04-26
제188조제2항ㆍ제3항,상위조항,STRUCTURE,제188조,188,0.8,제188조제2항ㆍ제3항|제188조,2026-04-26
제189조제2항,정의함,LOGICAL,제189조,제189조제2항,0.5,제189조,2026-04-26
제195조,정의함,LOGICAL,Unknown concept,195,0.1,제195조|Unknown concept,2026-04-26
제196조제5항,참조함,STRUCTURE,제196조,제196조제5항,0.4,제196조제5항,2026-04-26
제208조제3항,상위조항,STRUCTURE,제208조,208조제3항,0.6,제208조제3항,2026-04-26
제217조의3제3항,참조함,STRUCTURE,제217조의3,217조의3제3항,0.6,제217조의3제3항|제217조의3,2026-04-26
제222조제2항,참조함,STRUCTURE,제222조,222조제2항,0.5,제222조제2항|제222조,2026-04-26
준용,포함한다,LOGICAL,제 2항,제227조,0.95,준용|포함,2026-04-26
제197조,정의함,LOGICAL,제197조,197,0.0,제197조,2026-04-26
제198조제2항ㆍ제3항,상위조항,STRUCTURE,제198조,198조제2항ㆍ제3항,0.6,제198조,2026-04-26
제199조,상위조항,STRUCTURE,제198조,199,0.5,제199조|제198조,2026-04-26
제200조,참조함,STRUCTURE,제199조,제200조,0.0,상위조항,2026-04-26
제207조제5항,구조,STRUCTURE,제207조,제 207조제5항,0.9,제207조제5항|제207조,2026-04-26
제208조제1항,구조,STRUCTURE,제208조,제208조제1항,0.5,제208조제1항,2026-04-26
제216조제2항,참조함,STRUCTURE,제216조,제216조제2항,0.8,제216조,2026-04-26
경우,정의함,LOGICAL,제227조제2항에서 준용되는 경우,227,0.9,정의|준용,2026-04-26
제211조제1항,상위조항,STRUCTURE,제210조,제211조제1항,0.2,제211조제1항,2026-04-26
제213조제5항,구조,STRUCTURE,제213조,213,0.85,조항,2026-04-26
제216조제1항,참조함,STRUCTURE,제216조,제216조제1항,0.5,제216조제1항|제216조,2026-04-26
제217조의2제5항,상위조항,STRUCTURE,제217조의2,217조의2제5항,0.9,조항|상위조항,2026-04-26
제217조의 3제1항,상위조항,STRUCTURE,제217조,217.3.1,0.6,제217조의 3제1항,2026-04-26
제217조의6제1항,상위조항,STRUCTURE,제217조,제217조의6제1항,0.4,제217조의6제1항,2026-04-26
제218조제3항,상위조항,STRUCTURE,제218조,제218조제3항,0.4,제218조,2026-04-26
제222조제1항,정의함,LOGICAL,제222조제1항,제222조제1항,0.0,제222조제1항,2026-04-26
제224조제3항,정의함,LOGICAL,None,제224조제3항,0.0,제224조제3항,2026-04-26
제227조제1항,구조,STRUCTURE,제227조제1항,제227조제1항,0.1,제227조제1항,2026-04-26
제229조,정의함,LOGICAL,적용배제,229,0.4,적용배제,2026-04-26
제230조,STRUCTURE,STRUCTURE,제229조,230,0.4,제229조,2026-04-26
적용배제,정의함,LOGICAL,제235조,제235조,0.4,적용배제 정의,2026-04-26
제238조제7항ㆍ제8항,구성함,STRUCTURE,제238조,제238조제7항ㆍ제8항,0.5,제238조|제7항|제8항,2026-04-26
제239조,참조함,STRUCTURE,제239조제1항제3호,제239조제1항제3호,0.95,제239조|제239조제1항제3호,2026-04-26
제239조,참조함,STRUCTURE,제239조제2항부터 제5항까지,제239조제1항제3호,0.95,제239조|제239조제2항부터 제5항까지,2026-04-26
제240조,참조함,STRUCTURE,"제240조제3항부터 제8항까지, 같은 조 제10항",240,0.9,"제240조|제240조제3항부터 제8항까지, 같은 조 제10항",2026-04-26
제241조,정의함,LOGICAL,적용배제,241,0.9,적용배제,2026-04-26
제248조,정의함,LOGICAL,내용 없음,248,0.1,제248조,2026-04-26
일반 사모집합투자기구,적용하지 아니한다,ACTION,제253조,253,0.95,일반 사모집합투자기구|적용제외,2026-04-26
일반투자자를 대상으로 하는 일반 사모집합투자기구,적용한다,ACTION,다음 각 호 의 조항,253,0.9,일반투자자|일반 사모집합투자기구|적용,2026-04-26
대통령령으로 정하는 집합투자기구,일반투자자로 본다,LOGICAL,일반투자자,253,0.95,대통령령|집합투자기구|일반투자자,2026-04-26
다만,예외로함,LOGICAL,다음 조항,제76조제2항,0.6,다만|예외,2026-04-26
제1호 및 제2호,정의함,LOGICAL,제92조제1항제1호 및 제2호,제92조,0.9,제1호 및 제2호|정의,2026-04-26
제1호 및 제2호,참조함,STRUCTURE,제92조제1항제1호 및 제2호,제92조,0.8,제1호 및 제2호|참조,2026-04-26
통지,한정함,LOGICAL,통지를 받은 경우,186,0.9,통지|한정,2026-04-26
통지,포함함,LOGICAL,제186조제2항에서 준용하는 경우,186,0.8,통지|포함,2026-04-26
자산운용보고서,허용함,ACTION,교부하지 않다,제88조,0.9,자산운용보고서|교부하지 않다,2026-04-26
자산운용보고서,예외로함,LOGICAL,전문투자자,제88조,0.85,자산운용보고서|전문투자자,2026-04-26
제230조제5항 4,상위조항,STRUCTURE,제230조,제230조제5항 4,0.7,상위조항,2026-04-26
대통령령,적용하지 않다,ACTION,규정,제240조제3항~제10항,0.9,적용 제외|대통령령,2026-04-26
적용 제외,정의함,LOGICAL,제240조제3항~제10항의 규정이 대통령령으로 정하는 경우에 적용하지 않는다.,제240조제3항~제10항,0.9,적용 제외,2026-04-26
대통령령으로 정하는 경우,적용하지 않다,ACTION,규정,제240조제3항~제10항,0.85,적용 제외|대통령령으로 정하는 경우,2026-04-26
신탁업자,보관·관리,ACTION,집합투자재산,247,0.95,집합투자재산 보관·관리|신탁업자,2026-04-26
집합투자재산 보관·관리,정의함,LOGICAL,제247조,247,0.9,집합투자재산 보관·관리|제247조,2026-04-26
위탁한 신탁업자,위탁함,ACTION,다른 신탁업자에게 업무,제42조제1항,0.95,업무 위탁|신탁업자,2026-04-26
위탁한 신탁업자,제42조제1항에 따라,STRUCTURE,제42조제1항,제42조제1항,0.9,제42조제1항|위탁,2026-04-26
투자설명서,정의함,LOGICAL,핵심상품설명서,제247조,0.9,투자설명서|핵심상품설명서,2026-04-26
투자자,금지함,ACTION,적격투자자가 아닌 자에게 양도,제247조,0.95,투자자|양도|적격투자자가 아닌 자,2026-04-26
3영업일,정의함,LOGICAL,3영업일 또는 집합투자업자가 3영업일 이내에 요구를 이행하기 곤란한 불가피한 사유가 있는 경우로서 일반 사모집합투자기구의 집합투자재산을 보관ㆍ관리하는 신탁업자와 이 행을 위한 기간을 따로 합의한 경우에는 그 기간,제247조,0.85,3영업일|집합투자업자|신탁업자,2026-04-26
제194조제7항,참조함,STRUCTURE,제194조,제194조제7항,0.7,제194조제7항|제194조,2026-04-26
준용하는 경우,정의함,LOGICAL,제196조제6항에서 포함한다,제196조제6항,0.95,준용하는 경우|제196조제6항,2026-04-26
제207조제4항,상위조항,STRUCTURE,제207조,제207조제4항,0.9,제207조,2026-04-26
제213조제4항,상위조항,STRUCTURE,제213조,213,0.9,제213조제4항,2026-04-26
제217조의2제4항,상위조항,STRUCTURE,제217조의2,217조의2제4항,0.6,조항,2026-04-26
제218조제2항,구성함,STRUCTURE,제218조,제218조제2항,0.95,제218조제2항|제218조,2026-04-26
투자자,납입할 수 있다,ACTION,"증권, 부동산, 실물자산 등 금전 외의 자산",제224조제 2항,0.95,납입|금전 외의 자산|대통령령 방법|객관적 가치평가 가능|다른 투자자 이익 해치지 않음,2026-04-26
대통령령으로 정하는 방법,근거함,STRUCTURE,투자자가 금전 외의 자산으로 납입할 수 있다,제224조제 2항,0.9,대통령령|근거|납입,2026-04-26
객관적인 가치평가가 가능하고 다른 투자자의 이익을 해칠 우려가 없는 경우,예외로함,LOGICAL,투자자가 금전 외의 자산으로 납입할 수 있다,제224조제 2항,0.85,객관적 가치평가|다른 투자자 이익|예외,2026-04-26
집합투자자총회 및 그와 관련된 사항,적용하지 아니한다,ACTION,일반 사모집합투자기구,제224조제 2항,0.8,집합투자자총회|일반 사모집합투자기구|적용 제외,2026-04-26
집합투자자총회 결의일,정한다,ACTION,3개월 이내 (환매를 연기한 날부터),제237조,0.95,집합투자자총회 결의일|환매 연기|3개월 이내,2026-04-26
집합투자규약에서 정한 방법으로 전체 투자자에게 통지한 경우,본다,LOGICAL,이 법 또는 「상법」에 따라 공시 또는 공고한 것으로,제237조,0.9,통지|공시|공고|집합투자규약,2026-04-26
일반 사모집합투자기구인 투자신탁이나 투자익명조합의 집합투자업자 또는 일반 사모집 합투자기구인 투자회사등,공시 또는 공고하여야 한다,ACTION,투자자에게,제237조,0.85,일반 사모집합투자기구인 투자신탁|투자익명조합|집합투자업자|일반 사모집 합투자기구인 투자회사|공시|공고|투자자,2026-04-26
이사,허용함,ACTION,1명 또는 2명,제383조제1항,0.9,이사의 수|제383조제1항,2026-04-26
일반 사모집합투자기구,허용함,ACTION,투자자에 대한 손익의 분배 또는 손익의 순위 등에 관한 사항,제383조제1항,0.9,집합투자규약|손익 분배|손익 순위,2026-04-26
일반 사모집합투자업자,판매,ACTION,집합투자증권,제7조제6항제3호,0.95,일반 사모집합투자업자|집합투자증권,2026-04-26
집합투자증권 판매,예외로함,LOGICAL,제7조제6항제3호,제7조제6항제3호,0.85,집합투자증권 판매|제7조제6항제3호,2026-04-26
제71조제5호부터 제7호까지,정의함,LOGICAL,제7호의 경우 대통령령으로 정하는 행위 중 대통령령으로 정하는 것으로 한정한다,제71조,0.95,제7호|대통령령|행위,2026-04-26
제71조제5호부터 제7호까지,참조함,STRUCTURE,제7호,제71조,0.9,제7호,2026-04-26
제 74조,참조함,STRUCTURE,제 74조 및,74,0.0,제 74조 및,2026-04-26
준용,준용함,ACTION,제76조제1항,제76조제1항,0.95,준용|제76조제1항,2026-04-26
제74조,참조함,STRUCTURE,제71조제5호부터 제7호까지,제74조,0.6,제74조|제71조제5호부터 제7호까지,2026-04-26
투자매매업자 또는 투자중개업자,정의함,LOGICAL,자신이 운용하는 일반 사모집합투자기구의 집합투자증권을 판매하는 일반 사모집합투자업자,제76조제1항,0.95,정의|사모집합투자업자,2026-04-26
투자매매업자 또는 투자중개업자,정의함,LOGICAL,사모집합투자업자,제76조제1항,0.92,정의|사모집합투자업자,2026-04-26
금융위원회,명할,ACTION,일반 사모집합투자기구의 해지ㆍ해산,제249조의9,0.95,해지ㆍ해산|일반 사모집합투자기구에 대한 조치,2026-04-26
요건 미충족,갖추지 못한 경우,LOGICAL,각 호에 따른 요건,제249조의6제1항,0.9,요건 미충족|갖추지 못한 경우|각 호에 따른 요건,2026-04-26
금융위원회,허용함,ACTION,6개월 이내의 업무의 전부 또는 일부의 정지,제249조의10제3항,0.95,업무정지|6개월,2026-04-26
금융위원회,허용함,ACTION,계약의 인계명령,제249조의10제3항,0.95,계약인계,2026-04-26
금융위원회,허용함,ACTION,위법행위의 시정명령 또는 중지명령,293,0.95,금융위원회|시정명령|중지명령|위법행위,2026-04-26
금융위원회,허용함,ACTION,위법행위로 인한 조치를 받았다는 사실의 공표명령 또는 게시명령,제249조의10제3항,0.95,공표명령|게시명령,2026-04-26
금융위원회,허용함,ACTION,기관경고,제249조의10제3항,0.95,기관경고,2026-04-26
금융위원회,허용함,ACTION,기관주의,제249조의10제3항,0.95,기관주의,2026-04-26
금융위원회,허용함,ACTION,그 밖에 위법행위를 시정하거나 방지하기 위하여 필요한 조치 (대통령령으로 정하는 조치),제249조의6,0.9,위법행위|조치,2026-04-26
금융위원회,허용함,ACTION,해임요구,제249조의10제3항,0.95,해임요구,2026-04-26
금융위원회,허용함,ACTION,6개월 이내의 직무정지,제249조의10제3항,0.95,직무정지|6개월,2026-04-26
금융위원회,허용함,ACTION,문책경고,제249조의10제3항,0.95,문책경고,2026-04-26
금융위원회,허용함,ACTION,주의적 경고,제249조의10제3항,0.95,주의적경고,2026-04-26
금융위원회,허용함,ACTION,주의,제249조의6,0.9,위법행위|조치,2026-04-26
금융위원회,허용함,ACTION,그 밖에 대통령령으로 정하는 조치 (감독이사에 대한 조치),제249조의6,0.9,위법행위|조치,2026-04-26
준용,준용함,STRUCTURE,제199조제5항,제199조제5항,0.95,준용|제199조제5항,2026-04-26
제422조제3항,준용함,STRUCTURE,제422조,제422조제3항,0.9,준용,2026-04-26
제423조,상위조항,STRUCTURE,제1조,423,0.4,자본시장의 공정성ㆍ신뢰성 및 효율성,2026-04-26
제425조,준용함,ACTION,제425조까지의 규정,425,0.95,규정 준용|제425조까지의 규정,2026-04-26
자,제168조제1항에 따른 외국인,LOGICAL,외국인,Unknown,0.95,제168조제1항|외국인,2026-04-26
자,기관전용 사모집합투자기구의 업무집행사원의 임원 또는 운용인력,LOGICAL,임원 또는 운용인력,Unknown,0.95,기관전용 사모집합투자기구|업무집행사원|임원|운용인력,2026-04-26
자,전문투자자,ACTION,전문투자자,Unknown,0.9,전문투자자|대통령령,2026-04-26
자,전문성 또는 위험감수능력 등을 갖춘 자,ACTION,전문성 또는 위험감수능력 등을 갖춘 자,Unknown,0.9,전문성|위험감수능력|대통령령,2026-04-26
한국산업은행,출자할 수 있다,ACTION,기관전용 사모집합투자기구,Unknown,0.9,한국산업은행|기관전용 사모집합투자기구|대통령령,2026-04-26
중소기업은행,출자할 수 있다,ACTION,기관전용 사모집합투자기구,Unknown,0.9,중소기업은행|기관전용 사모집합투자기구|대통령령,2026-04-26
기관전용 사모집합투자기구,보고하여야 한다,ACTION,금융위원회,Unknown,0.9,기관전용 사모집합투자기구|금융위원회|대통령령|유한책임사원|출자지분|비율,2026-04-26
사원,정한다,ACTION,대통령령,Unknown,0.85,사원|대통령령|출자방법|절차|보고절차,2026-04-26
기관전용 사모집합투자 기구,운용,ACTION,집합투자재산,제249조의12,0.95,운용방법|집합투자재산,2026-04-26
기관전용 사모집합투자기구,보고해야한다,ACTION,금융위원회,제249조의7,0.95,보고|의무|대통령령으로 정하는 방법,2026-04-26
기관전용 사모집합투자기구,보고할사항,ACTION,파생상품 매매 및 그에 따른 위험평가액 현황,제249조의7,0.9,파생상품|위험평가액,2026-04-26
기관전용 사모집합투자기구,보고할사항,ACTION,채무보증 또는 담보제공 현황,제249조의7,0.9,채무보증|담보제공,2026-04-26
기관전용 사모집합투자기구,보고할사항,ACTION,금전차입 현황,제249조의7,0.9,금전차입,2026-04-26
기관전용 사모집합투자기구,보고할사항,ACTION,그 밖에 금융시장의 안정 또는 건전한 거래질서를 위하여 필요한 사항,제249조의7,0.9,금융시장 안정|건전한 거래질서,2026-04-26
기관전용 사모집합투자기구,보고방법,LOGICAL,대통령령으로 정하는 방법,제249조의7,0.9,대통령령|정하는 방법,2026-04-26
사모집합투자기구,투자할 수 있다,ACTION,투자목적회사의 지분증권,제249조의13,0.99,투자목적회사의 지분증권에 투자|사모집합투자기구의 투자권한,2026-04-26
사모집합투자기구,조건을 충족해야 한다,LOGICAL,상법에 따른 주식회사 또는 유한회사일 것,제249조의13,0.95,요건 1|상법 주식회사/유한회사,2026-04-26
사모집합투자기구,조건을 충족해야 한다,LOGICAL,특정 법인 또는 특정 자산 등에 대한 효율적인 투자를 목적으로 할 것,제249조의13,0.95,요건 2|효율적 투자 목적,2026-04-26
사모집합투자기구,조건을 충족해야 한다,LOGICAL,주주 또는 사원이 가목에 해당하며 출자비율이 대통령령으로 정하는 비율 이상일 것,제249조의13,0.95,요건 3|가목 출자비율,2026-04-26
사모집합투자기구,조건을 충족해야 한다,LOGICAL,주주 또는 사원인 사모집합투자기구의 투자자 수와 사모집합투자기구가 아닌 주주 또는 사원의 수를 합산한 수가 100인 이내일 것,제249조의13,0.95,요건 4|투자자 수 제한,2026-04-26
사모집합투자기구,조건을 충족해야 한다,LOGICAL,"상근임원을 두거나 직원을 고용하지 아니하고, 본점 외에 영업소를 설치하지 아니할 것",제249조의13,0.95,요건 5|인력 및 영업소 제한,2026-04-26
투자목적회사,적용받는다,STRUCTURE,상법의 주식회사 또는 유한회사의 규정,제249조의13,0.9,상법 적용|투자목적회사 규정,2026-04-26
대통령령,정한다,STRUCTURE,투자비율 산정방식 및 투자목적회사 재산의 운용에 관한 사항,제249조의13,0.9,대통령령 규정|투자비율 산정,2026-04-26
제242조,상위조항,STRUCTURE,제241조,제242조,0.4,제242조,2026-04-26
제249조,구성함,STRUCTURE,제249조의11제3항,제249조의11제3항,0.6,제249조,2026-04-26
일반 사모집합투자기구,준용함,STRUCTURE,제249조의18,제249조의18,0.95,일반 사모집합투자기구|제249조의18,2026-04-26
제184조제3항ㆍ제4항,상위조항,STRUCTURE,제184조,제184조제3항ㆍ제4항,0.8,제184조|제184조제3항ㆍ제4항,2026-04-26
집합투자재산,본다,LOGICAL,투자목적회사의 재산,제249조의8제2항제5호,0.95,집합투자재산|투자목적회사의 재산,2026-04-26
제249조의8제2항제5호,준용함,STRUCTURE,제249조의8제2항제5호,제249조의8제2항제5호,0.9,제249조의8제2항제5호,2026-04-26
제317조,상위조항,STRUCTURE,제317조제2항제2호ㆍ제3호,317,0.6,제317조|제317조제2항제2호ㆍ제3호,2026-04-26
제549조제2항제2호,적용하지 않음,ACTION,투자목적회사,제549조제2항제2호,0.95,투자목적회사|적용 제외,2026-04-26
기관전용 사모집합투자기구,요구함,ACTION,무한책임사원 중 1인 이상을 업무집행사원으로 정함,제249조의14,0.95,정관|무한책임사원|업무집행사원,2026-04-26
금융관련 법령 중 대통령령으로 정하는 법령에서 규정하고 있는 업무를 영위하고 있는 자,허용함,ACTION,업무집행사원,제249조의14,0.92,대통령령|업무집행사원|금융관련 법령,2026-04-26
업무집행사원,권한을가짐,ACTION,업무를 집행할 수 있다,제249조의14,0.9,업무집행사원|업무집행,2026-04-26
업무집행사원,요구함,ACTION,집합투자재산을 운용,제249조의14,0.88,업무집행사원|집합투자재산|운용,2026-04-26
기관전용 사모집합투자기구,허용함,ACTION,업무집행사원에 대한 손익의 분배 또는 손익의 순위 등에 관한 사항을 정할 수 있다,제249조의14,0.9,정관|손익|업무집행사원,2026-04-26
업무집행사원,요구함,ACTION,직무를 충실히 수행,11,0.95,법령과 정관에 따라|기관전용 사모집합투자기구,2026-04-26
업무집행사원,금지함,ACTION,기관전용 사모집합투자기구와 거래하는 행위,11,0.95,사원 전원의 동의가 있는 경우는 제외,2026-04-26
업무집행사원,금지함,ACTION,원금 또는 일정한 이익의 보장을 약속하는 등의 방법으로 사원이 될 것을 부당하게 권유하는 행위,11,0.95,원금 보장 약속,2026-04-26
업무집행사원,금지함,ACTION,사원 전원의 동의 없이 사원의 일부 또는 제삼자의 이익을 위하여 기관전용 사모집합투자기구가 소유한 자산의 명세를 사원이 아닌 자에게 제공하는 행위,11,0.95,사원 전원 동의 없이,2026-04-26
업무집행사원,금지함,ACTION,대통령령으로 정하는 행위(금융시장의 안정 및 건전한 거래질서를 해칠 우려가 있는 행위),11,0.95,대통령령으로 정하는 행위,2026-04-26
기관전용 사모집합투자기구,요구함,ACTION,"업무집행사원이 준수해야 할 행위준칙을 제정하고, 제정·변경 시 지체 없이 금융위원회에 보고",11,0.9,제5항 및 제6항에 따라,2026-04-26
제419조,준용함,ACTION,제5항부터 제7항까지 및 제9항,419,0.95,준용|적용,2026-04-26
자,등록하여야 한다,ACTION,금융위원회,제249조의15,0.95,등록|자금운용|법적 의무,2026-04-26
자,갖추어야 할 요건,LOGICAL,1억원 이상 자기자본,제249조의15,0.9,자기자본|요건,2026-04-26
자,갖추어야 할 요건,LOGICAL,임원(합자회사의 업무집행사원 등 대통령령으로 정하는 자 포함),제249조의15,0.85,임원|업무집행사원|요건,2026-04-26
투자운용전문인력,갖출,ACTION,수 이상 (대통령령으로 정하는 수),제5조,0.95,투자운용전문인력|대통령령으로 정하는 수,2026-04-26
제5조,참조함,STRUCTURE,대통령령,제5조,0.9,제5조|대통령령,2026-04-26
이해상충,갖출,ACTION,적절한 내부통제 기준,44조,0.95,파악|평가|관리,2026-04-26
제44조,제44조에 따라,STRUCTURE,이해상충이 발생할 가능성을 파악ㆍ평가ㆍ관리할 수 있는 적절한 내부통제 기준을 갖출 것,44조,0.9,,2026-04-26
금융회사,요구함,ACTION,금융위원회,제2조제1호,0.95,재무제표 제출,2026-04-26
금융회사,작성,ACTION,재무제표,제2조제1호,0.9,재무제표 작성,2026-04-26
재무제표,간주함,LOGICAL,90일 이내,제2조제1호,0.85,제출 기간,2026-04-26
업무집행사원에 관한 변경보고 사항,변경보고한,ACTION,금융위원회,Unknown,0.9,업무집행사원|변경보고|금융위원회|대통령령,2026-04-26
업무집행사원에 관한 변경보고 사항,정의함,LOGICAL,대통령령으로 정하는 사항,Unknown,0.8,업무집행사원|변경보고|대통령령,2026-04-26
"등록신청서의 기재사항ㆍ첨부서류 등 등록 의 신청에 관한 사항과 등록검토의 방법ㆍ절차, 등록사항 변경의 보고에 관한 사항 및 그 밖 에 필요한 사항",정한다,ACTION,대통령령,Unknown,0.9,등록신청서|등록검토|등록사항 변경|대통령령,2026-04-26
"등록신청서의 기재사항ㆍ첨부서류 등 등록 의 신청에 관한 사항과 등록검토의 방법ㆍ절차, 등록사항 변경의 보고에 관한 사항 및 그 밖 에 필요한 사항",정의함,LOGICAL,대통령령으로 정하는 사항,Unknown,0.8,등록신청서|등록검토|등록사항 변경|대통령령,2026-04-26
업무집행사원,금지함,ACTION,이해관계인과의 거래행위,제249조의16,0.95,이해관계인과의 거래제한|업무집행사원|이해관계인|거래행위,2026-04-26
업무집행사원,허용함,ACTION,이해관계인과의 거래행위,제249조의16,0.9,이해관계인과의 거래제한|공개시장 거래|유리한 거래|대통령령 정하는 거래|조건부 허용,2026-04-26
업무집행사원,통보해야 한다,ACTION,해당 기관전용 사모집합투자기구의 집합투자재산을 보관·관리하는 신탁업자에게 즉시 통보,제249조의16,0.9,통보|신탁업자|집합투자재산,2026-04-26
업무집행사원,금지함,ACTION,발행한 증권을 취득,제249조의16,0.9,발행한 증권|취득|금지,2026-04-26
업무집행사원,금지함,ACTION,계열회사가 발행한 증권을 취득,제249조의16,0.9,계열회사가 발행한 증권|취득|금지,2026-04-26
무한책임사원,금지함,ACTION,지분 양도 (타인),249조의17(1),0.95,지분양도|무한책임사원|타인,2026-04-26
무한책임사원,허용함,ACTION,지분 양도 (타인),249조의17(1),0.9,지분양도|무한책임사원|정관|사원 전원 동의|분할하지 않음,2026-04-26
유한책임사원,허용함,ACTION,지분 양도 (타인),249조의17(2),0.9,지분양도|유한책임사원|무한책임사원 전원 동의|분할하지 않음,2026-04-26
사원,허용함,ACTION,지분 양도 (분할),249조의17(3),0.9,지분양도|사원|분할|총수 100인 이하,2026-04-26
기관전용 사모집합투자기구,금지함,ACTION,다른 회사와 합병,제249조의11제3항,0.95,합병 금지|기관전용 사모집합투자기구|다른 회사,2026-04-26
자,금지함,ACTION,해 당하지 아니하는 자에게 양도,제249조의11제6항,0.95,양도|해당 조항,2026-04-26
기관전용 사모집합투자기구,제한함,ACTION,다른 회사,제249조의18,0.9,제한|상호출자제한기업집단|계열회사,2026-04-26
외국 기업,제외함,ACTION,계열회사,제9조제16항제4호,0.9,외국 기업 제외|계열회사,2026-04-26
상호출자제한기업집단의 계열회사 전체,정의함,LOGICAL,금융업 또는 보험업을 영위하는 회사의 자본총액 또는 자본금 중 큰 금액,제9조제16항제4호,0.85,자산총액 비율 정의|금융업/보험업 자본,2026-04-26
투자목적회사,준용함,STRUCTURE,제249조의13,249조의13,0.9,투자목적회사|제249조의13,2026-04-26
지주회사,규제의 근거,STRUCTURE,독점규제 및 공정거래에 관한 법률,249조의19,0.9,지주회사|독점규제 및 공정거래에 관한 법률,2026-04-26
지주회사,규제의 적용 대상,STRUCTURE,사모집합투자기구 또는 투자목적회사,249조의19,0.8,지주회사|사모집합투자기구|투자목적회사,2026-04-26
사모집합투자기구,보고,ACTION,금융위원회,제249조의7제5항제1호,0.95,2주일 이내|법적 강제성: MANDATORY,2026-04-26
사모집합투자기구,보고,ACTION,대통령령으로 정하는 방법,제249조의7제5항제1호,0.9,대통령령으로 정하는 방법,2026-04-26
금융위원회,통보,ACTION,공정거래위원회,제249조의7제5항제1호,0.95,공정거래위원회,2026-04-26
금융지주회사,정의하지 않음,LOGICAL,그 요건을 충족한 경우,제249조의7제5항제1호,0.9,금융지주회사|요건 충족,2026-04-26
사모집합투자기구 또는 투자목적회사,같은 법이 적용된다,STRUCTURE,금융지주회사법,제249조의7제5항제1호,0.8,사모집합투자기구|투자목적회사|금융지주회사법,2026-04-26
제45조,정의함,LOGICAL,None,제45조,0.0,,2026-04-26
제45조,상위조항,STRUCTURE,제45조의2,45조,0.6,제45조|제45조의2,2026-04-26
제45조,준용함,STRUCTURE,제45조의4까지,Unknown,0.6,제45조|제45조의4까지,2026-04-26
제45조의2,참조함,STRUCTURE,제45조,45조의2,0.8,제45조의2|제45조,2026-04-26
은행지주회사의 주요출자자,정의함,LOGICAL,업무집행사원 또는 집합투자업자,제45조의4,0.95,은행지주회사의 주요출자자|업무집행사원 또는 집합투자업자,2026-04-26
은행지주회사의 주요출자자,정의함,LOGICAL,업무집행 사원 또는 집합투자업자의 대주주,제45조의4,0.95,은행지주회사의 주요출자자|업무집행 사원 또는 집합투자업자의 대주주,2026-04-26
사모집합투자기구,지분을 취득할 수 있다,ACTION,사모집합투자기구의 지분,Unknown,0.9,사모집합투자기구|지분|취득,2026-04-26
사모집합투자기구,제19조에도 불구하고,LOGICAL,제19조,Unknown,0.8,제19조|제19조에도 불구하고,2026-04-26
기관전용 사모집합투자기구에 대한 특례,정의함,LOGICAL,기관전용 사모집합투자기구,제249조의20,0.6,특례|기관전용 사모집합투자기구,2026-04-26
제182조,정의함,LOGICAL,공시의무,제182조,0.4,공시의무,2026-04-26
제184조,STRUCTURE,STRUCTURE,제184조제 1항ㆍ제2항ㆍ제5항ㆍ제6항,184,0.1,제184조,2026-04-26
공시의무,요구함,ACTION,공시자료,186,0.4,공시의무|공시자료,2026-04-26
공시의무,정의함,LOGICAL,"주식회사는 주식의 발행, 상장, 거래 등에 관한 정보를 공시해야 한다.",213,0.9,공시의무|주식회사의 공시,2026-04-26
주식회사는,요구함,ACTION,"주식의 발행, 상장, 거래 등에 관한 정보를 공시해야 한다.",213,0.9,공시의무|주식회사의 공시,2026-04-26
공시의무를 위반한 기업,과태료대상임,SANCTION,과태료,제215조,0.6,공시의무|과태료,2026-04-26
Article 3's portion applicable to investment partnership companies' dissolution/ liquidation,제외함,ACTION,해산ㆍ청산,216,0.95,해산ㆍ청산 제외|준용 부분|투자합자회사,2026-04-26
적용배제,정의함,LOGICAL,제229조,229,0.9,적용배제,2026-04-26
제 237조,상위조항,STRUCTURE,제 237조,Unknown,0.5,제 237조,2026-04-26
제238조,참조함,STRUCTURE,제238조제2항부터 제5항까지,제238조,0.9,제238조|제238조제2항부터 제5항까지,2026-04-26
제238조,참조함,STRUCTURE,제238조제7항ㆍ제8항,제238조,0.9,제238조|제238조제7항ㆍ제8항,2026-04-26
제239조,정의함,LOGICAL,Unknown,239,0.0,제239조,2026-04-26
제240조제3항부 터 제10항까지,상위조항,STRUCTURE,제240조,제240조제3항부 터 제10항까지,0.2,제240조|제240조제3항부 터 제10항까지,2026-04-26
제247조,상위조항,STRUCTURE,제246조,제247조,0.1,제246조,2026-04-26
제248조,참조함,STRUCTURE,제240조제3항부 터 제10항까지,248,0.1,제240조제3항부 터 제10항까지,2026-04-26
제249조,상위조항,STRUCTURE,제248조,249,0.3,제249조,2026-04-26
제249조의2,상위조항,STRUCTURE,제249조,제249조의2,0.7,sub-article|hierarchy,2026-04-26
제249조,참조함,STRUCTURE,제249조의 6까지,Unknown,0.7,제249조|제249조의 6까지,2026-04-26
제249조의8,참조함,STRUCTURE,제249조,Unknown,0.7,제249조의8|제249조,2026-04-26
제249조의9,상위조항,STRUCTURE,제249조,제249조의9,0.9,하위조항|상위조항,2026-04-26
제250조,참조함,STRUCTURE,제250조제3항,Unknown,0.4,제250조|제250조제3항,2026-04-26
Unknown,참조함,STRUCTURE,제251조,Unknown,0.6,제251조,2026-04-26
제253조,예외로함,LOGICAL,기관전용 사모집합투자기구,253,0.95,적용 제외|기관전용 사모집합투자기구,2026-04-26
제173조,참조함,STRUCTURE,제173조의2제 2항,제173조,0.4,제173조|제173조의2제 2항,2026-04-26
제217조제2항,상위조항,STRUCTURE,제217조,217조제2항,0.9,제217조제2항|제217조,2026-04-26
제224조,내용없음,STRUCTURE,없음,224,0.0,,2026-04-26
제274조,참조함,STRUCTURE,제274조 및,Unknown,0.3,제274조,2026-04-26
기관전용 사모 집합투자기구,예외로함,LOGICAL,제286조,286,0.95,적용하지 않음|예외,2026-04-26
제286조,적용하지 않음,LOGICAL,기관전용 사모 집합투자기구,286,0.9,적용하지 않음|예외,2026-04-26
적용배제,정의함,LOGICAL,제25조제1항,25,0.9,적용배제,2026-04-26
제25조제1항,참조함,STRUCTURE,적용배제,25,0.8,적용배제,2026-04-26
기업,제외한다,ACTION,지분증권에 대하여 의결권을 행사하는 경우,제9조제1항,0.9,특수관계인|지분증권|의결권,2026-04-26
제9조제1항,참조함,STRUCTURE,특수관계인,제9조제1항,0.9,특수관계인,2026-04-26
제27조 및,구조,STRUCTURE,제28조,제27조,0.2,제27조 및|제28조,2026-04-26
유한책임사원 현황,정하는,LOGICAL,독점규제 및 공정거래에 관한 법률,제28조,0.95,정하는|대통령령|법률,2026-04-26
공시대상기업집단의 계열회사인 기관전용 사모집합투자기구,적용하지 않는다,ACTION,대통령령으로 정하는 기관전용 사모집합투자기구,14.1,0.95,적용|제외|대통령령|기관전용 사모집합투자기구,2026-04-26
공시대상기업집단의 계열회사가 무한책임사원인 기관전용 사모집합투자기구,적용하지 않는다,ACTION,대통령령으로 정하는 기관전용 사모집합투자기구,14.1,0.95,적용|제외|대통령령|기관전용 사모집합투자기구,2026-04-26
금융위원회,명할,ACTION,기관전용 사모집합투자기구,제249조의21,0.95,해산|기관전용 사모집합투자기구,2026-04-26
제249조의10제4항ㆍ제6항,참조함,STRUCTURE,제249조,제249조의10제4항ㆍ제6항,0.9,제249조의10제4항ㆍ제6항|제249조,2026-04-26
"거짓, 그 밖의 부정한 방법",정의함,LOGICAL,제249조의11제8항에 따른 보고나 변경보고를 하지 아니 한 경우,249조의11제8항,0.9,거짓|부정한 방법,2026-04-26
"거짓, 그 밖의 부정한 방법",간주함,LOGICAL,부정한 방법,249조의11제8항,0.8,부정한 방법,2026-04-26
제249조의10,참조함,STRUCTURE,제4항,제249조의10,0.7,제4항,2026-04-26
제249조의10,참조함,STRUCTURE,제6항,제249조의10,0.7,제6항,2026-04-26
기관전용 사모집합투자기구,요구함,ACTION,보고,제249조의11제8항,0.9,보고,2026-04-26
기관전용 사모집합투자기구,요구함,ACTION,변경보고,제249조의11제8항,0.9,변경보고,2026-04-26
제249조의11제8항,구조,STRUCTURE,보고 및 변경보고,제249조의11제8항,0.8,보고|변경보고,2026-04-26
금융위원회,허용함,ACTION,위법행위에 대한 시정명령 또는 중지명령,제249조의10제3항,0.95,위법행위|시정명령|중지명령,2026-04-26
금융위원회,허용함,ACTION,대통령령으로 정하는 조치,제249조의10제3항,0.95,대통령령조치,2026-04-26
금융위원회,허용함,ACTION,면직,제249조의10제3항,0.95,면직,2026-04-26
금융위원회,허용함,ACTION,정직,제249조의10제3항,0.95,정직,2026-04-26
금융위원회,허용함,ACTION,감봉,제249조의10제3항,0.95,감봉,2026-04-26
제422조제3항,구조,STRUCTURE,제422조,제422조제3항,0.6,제422조제3항,2026-04-26
규정 준용,준용함,ACTION,제425조까지의 규정,제425조,0.95,규정 준용|준용,2026-04-26
기업재무안정 사모집합투자기구,정의함,LOGICAL,재무구조개선기업(금융산업의 구조 개선에 관한 법률에서 정하는 금융기관 제외) 경영정상화 및 재무안정 등을 위하여 제2항에서 정하는 바에 따라 투자ㆍ운용하여 그 수익을 투자자에게 배분하는 사모집합투자기구,제249조의22,0.95,기업재무안정 사모집합투자기구|재무구조개선기업|금융산업의 구조 개선에 관한 법률|투자자|제2항,2026-04-26
기업재무안정 사모집합투자기구,예외로함,LOGICAL,금융산업의 구조 개선에 관한 법률에서 정하는 금융기관,제249조의22,0.9,기업재무안정 사모집합투자기구|금융산업의 구조 개선에 관한 법률,2026-04-26
기업재무안정 사모집합투자기구,목적,LOGICAL,재무구조개선기업의 경영정상화 및 재무안정,제249조의22,0.9,기업재무안정 사모집합투자기구|재무구조개선기업,2026-04-26
기업재무안정 사모집합투자기구,행위,ACTION,투자ㆍ운용,제249조의22,0.9,기업재무안정 사모집합투자기구|투자|운용,2026-04-26
기업재무안정 사모집합투자기구,배분함,ACTION,투자자에게 수익 배분,제249조의22,0.9,기업재무안정 사모집합투자기구|투자자|수익,2026-04-26
기업재무안정 사모집합투자기구,준용함,STRUCTURE,제2항,제249조의22,0.8,기업재무안정 사모집합투자기구|제2항,2026-04-26
기업재무안정 사모집합투자기구,정의함,LOGICAL,기업구조조정 촉진법에 해당하는 재무구조개선기업,제249조의22,0.85,기업재무안정 사모집합투자기구|기업구조조정 촉진법|재무구조개선기업,2026-04-26
부실징후기업,정의함,LOGICAL,「채무자 회생 및 파산에 관한 법률」,제2조제7호,0.95,부실징후기업 정의|채무자 회생 및 파산에 관한 법률,2026-04-26
부실징후기업,참조함,STRUCTURE,제2조,제2조제7호,0.9,부실징후기업 참조|제2조,2026-04-26
기업,신청함,ACTION,법원,제35조,0.95,회생절차개시,2026-04-26
회생절차개시,참조함,STRUCTURE,제35조,제35조,0.9,회생절차개시,2026-04-26
제294조,참조함,STRUCTURE,제294조 또는,294,0.2,Incomplete Article|Placeholder,2026-04-26
기업재무안정 사모집합투자기구,요구함,ACTION,집합투자재산을 운용,제295조,0.95,운용|집합투자재산|기업재무안정 사모집합투자기구,2026-04-26
기업재무안정 사모집합투자기구,요구함,ACTION,출자금액의 50% 이상을 운용,제295조,0.9,출자금액|50%,2026-04-26
기업재무안정 사모집합투자기구,요구함,ACTION,운용기간 6개월 이상,제295조,0.9,6개월,2026-04-26
기업재무안정 사모집합투자기구,허용함,ACTION,재무구조개선기업이 발행한 증권의 매매,제295조,0.85,증권 매매,2026-04-26
기업재무안정 사모집합투자기구,허용함,ACTION,"재무구조개선기업이 채무자인 대출채권 등 채권, 이에 수반되는 담보권 및 그 밖의 권리의 매매",제295조,0.85,채권 매매,2026-04-26
기업재무안정 사모집합투자기구,허용함,ACTION,"재무구조개선기업이 보유하고 있는 부동산, 영업권 등 경제적 가치가 있는 자산의 매매",제295조,0.85,부동산 매매,2026-04-26
기업재무안정 사모집합투자기구,허용함,ACTION,자산총액에서 부채총액을 뺀 가액을 초과하지 아니하는 범위에서의 재무구조개선기업에 대한 자금의 대여 및 지급의 보증,제295조,0.85,자금 대여 보증,2026-04-26
기업재무안정 사모집합투자기구,허용함,ACTION,제3항에 따른 투자목적회사의 지분증권에 대한 투자,제295조,0.85,지분증권 투자,2026-04-26
기업재무안정 사모집합투자기구,운용할 수 있다,ACTION,남은 재산을 대통령령으로 정하는 바에 따라 운용,제295조,0.9,남은 재산|대통령령,2026-04-26
재산 운용,허용함,ACTION,재산,제249조의13제1항제2호,0.95,재산 운용|재산,2026-04-26
재산 운용,방법을 포함함,LOGICAL,제2항제1호부터 제4호까지,제249조의13제1항제2호,0.85,재산 운용|제2항제1호부터 제4호까지,2026-04-26
창업기업,정의함,LOGICAL,창업기업이 창업하거나 창업하여 사업을 개시한 중소기업,제2조제3호,0.95,창업기업|창업|중소기업|중소기업창업 지원법,2026-04-26
창업기업,참조함,STRUCTURE,중소기업창업 지원법,제2조제3호,0.9,중소기업창업 지원법,2026-04-26
단서에 해당하는 업종의 중소기업,제외함,ACTION,규정,제5조제1항,0.95,단서에 해당하는 업종|중소기업|제외,2026-04-26
벤처기업,정의함,LOGICAL,「중소기업 기술혁신 촉진법」,제2조제1항,0.95,벤처기업 정의|중소기업 기술혁신 촉진법,2026-04-26
벤처기업,근거함,STRUCTURE,제2조제1항,제2조제1항,0.9,제2조제1항 근거,2026-04-26
기술혁신형 중소기업,정의함,LOGICAL,제15조에 따른 기술혁신형 중소기업 또는 같은 법,제15조,0.9,기술혁신형 중소기업 정의,2026-04-26
경영혁신형 중소기업,정의함,LOGICAL,제15조의 3,제15조의 3,0.95,경영혁신형 중소기업 정의,2026-04-26
경영혁신형 중소기업,참조함,STRUCTURE,기술보증기금법,제15조의 3,0.85,기술보증기금법 참조,2026-04-26
소재ㆍ부품ㆍ장비산업 경쟁력 강화 및 공급망 안정화를 위한 특별조치법,정의함,LOGICAL,신기술사업자,제2조제1호,0.9,정의|신기술사업자,2026-04-26
전문기업,정의함,LOGICAL,중소기업기본법,제2조제5호,0.95,전문기업 정의|중소기업기본법,2026-04-26
전문기업,근거함,STRUCTURE,제2조제5호,제2조제5호,0.9,제2조제5호 근거,2026-04-26
자본시장과 금융투자업에 관한 법률,정의함,LOGICAL,자본시장과 금융투자업에 관한 법률,제2조,0.9,자본시장과 금융투자업에 관한 법률,2026-04-26
자본시장과 금융투자업에 관한 법률,참조함,STRUCTURE,중소기업기본법,제2조,0.8,자본시장과 금융투자업에 관한 법률|중소기업기본법,2026-04-26
창업ㆍ벤처전문 사모집합투자기구,요구함,ACTION,집합투자재산을 운용,제2조,0.95,운용|집합투자재산,2026-04-26
창업ㆍ벤처전문 사모집합투자기구,요구함,ACTION,집합투자재산의 50% 이상을 운용,제2조,0.9,50% 이상|출자금액|대통령령,2026-04-26
창업ㆍ벤처전문 사모집합투자기구,운용할 수 있다,ACTION,재산,Unknown,0.9,운용|재산|대통령령,2026-04-26
대통령령,정한다,STRUCTURE,집합투자재산 및 제3항의 투자목적회사 재산의 투자비율 산정방식,Unknown,0.9,대통령령|투자,2026-04-26
은행,참조함,STRUCTURE,제250조(은행에 대한 특칙),250,0.7,은행|특칙,2026-04-26
집합투자업겸영은행,허용함,ACTION,"투자신탁 설 정, 해지 및 투자신탁재산 운용업무",Unknown,0.95,집합투자업겸영은행|투자신탁|운용업무,2026-04-26
은행,금지함,ACTION,집합투자재산 정보,제229조제5호,0.95,정보 이용 금지|집합투자재산 정보,2026-04-26
은행,금지함,ACTION,자기가 운용하는 투자신탁재산의 운용,제229조제5호,0.9,정보 이용 금지|운용 투자신탁재산,2026-04-26
은행,금지함,ACTION,자기가 판매하는 집합투자증권의 판매,제229조제5호,0.9,정보 이용 금지|판매 집합투자증권,2026-04-26
은행,금지함,ACTION,정당한 사유 없이 고객 차별,제229조제5호,0.85,정보 이용 금지|고객 차별,2026-04-26
보험회사,특칙,STRUCTURE,제251조,251,0.7,보험회사에 대한 특칙|제251조,2026-04-26
집합투자업겸영보험회사,허용함,ACTION,투자신탁,제12조,0.95,집합투자업에 관한 금융투자업 인가|영위,2026-04-26
집합투자업겸영보험회사,근거함,STRUCTURE,인가받은 범위,제12조,0.9,인증 범위,2026-04-26
투자신탁의 설정ㆍ해지 및 투자신탁재산의 운용업무,근거함,STRUCTURE,보험업법,제12조,0.9,보험업법,2026-04-26
집합투자업겸영보험회사,정의함,LOGICAL,집합투자업에 관한 금융투자업 인가를 받은 자,제12조,0.9,인증,2026-04-26
특별계정,정의함,LOGICAL,투자신탁,제108조제1항제3호,0.95,특별계정 정의|투자신탁,2026-04-26
특별계정,한함,LOGICAL,투자신탁,제108조제1항제3호,0.9,한정|투자신탁,2026-04-26
특별계정,참조함,STRUCTURE,제108조제1항제3호,제108조제1항제3호,0.8,조항 참조,2026-04-26
제250조제3항,준용함,ACTION,집합투자업겸영보험회사,제250조제3항,0.95,준용,2026-04-26
제250조제3항,준용함,ACTION,보험회사,제250조제3항,0.95,준용,2026-04-26
은행,정의함,LOGICAL,보험회사,제250조제3항,0.9,은행|보험회사,2026-04-26
은행법,정의함,LOGICAL,보험업법,제250조제3항,0.9,은행법|보험업법,2026-04-26
운용,예외로함,LOGICAL,제83조제4항,제83조제4항,0.95,운용|제83조제4항,2026-04-26
투자신탁,허용함,ACTION,자산을 보험에 가입한 자에게 대출하는 방법으로 운용,제83조제4항,0.95,투자신탁|운용|자산|보험에 가입한 자에게 대출,2026-04-26
운용 방법,근거함,STRUCTURE,보 험업법,제83조제4항,0.9,운용 방법|보 험업법,2026-04-26
제182조,참조함,STRUCTURE,제1조,182,0.3,자본시장의 공정성ㆍ신뢰성 및 효율성,2026-04-26
제188조,참조함,STRUCTURE,"제188조제1항제2호ㆍ제6호, 같은 조 제2항 각 호 외의 부분 후단 및 같은 조 제3항",제188조,0.9,제188조|참조,2026-04-26
제189조,참조함,STRUCTURE,제188조,189,0.4,제189조|제188조,2026-04-26
Unknown,참조함,STRUCTURE,제191조,Unknown,0.5,Unknown|제191조,2026-04-26
제1항 단서,제외함,LOGICAL,같은 조,192,0.95,제1항 단서|같은 조,2026-04-26
제193조,참조함,STRUCTURE,제192조,193,0.6,제192조,2026-04-26
제230조,정의함,LOGICAL,제230조,제230조,0.0,제230조,2026-04-26
제235조,참조함,STRUCTURE,제245조,235,0.5,제245조|적용배제,2026-04-26
제237조,정의함,LOGICAL,Unknown,237,0.3,제237조,2026-04-26
투 자신탁재산,허용함,ACTION,대통령령으로 정하는 방법,제238조제2항,0.95,투 자신탁재산|대통령령으로 정하는 방법,2026-04-26
제239조제3항,구조함,STRUCTURE,제239조,제239조제3항,0.7,조항|부분,2026-04-26
제253조제1항,구성함,STRUCTURE,제253조,제253조제1항,0.6,제253조제1항|제253조,2026-04-26
적용 제외,예외로함,LOGICAL,집합투자업 겸 영보험회사가 운용하는 투자신탁,제420조제1항,0.95,적용 제외|집합투자업 겸 영보험회사|투자신탁,2026-04-26
공시의무,requires,ACTION,issuers of securities,82,0.8,공시의무|발행자|정보공시,2026-04-26
공시의무,requires,ACTION,disclosure of information,82,0.75,공시의무|정보공시,2026-04-26
제86조,정의함,LOGICAL,자본시장의 공정성ㆍ신뢰성 및 효율성,86,0.2,공정성|신뢰성|효율성,2026-04-26
제89조제1항제4호,구성요소,STRUCTURE,제89조,제89조제1항제4호,0.6,조항|부분,2026-04-26
제90조,구조,STRUCTURE,제90조 및,90,0.1,,2026-04-26
제92조,적용하지 않는다,ACTION,보험회사의 집합투자업 영위,92,0.95,집합투자업 영위|보험회사,2026-04-26
보험회사,적용하지 않는다,ACTION,집합투자업 영위,92,0.95,집합투자업 영위|보험회사,2026-04-26
금융위원회,명할 수 있다,ACTION,필요한 조치,제252조,0.95,투자자 보호|건전한 거래질서,2026-04-26
금융위원회,명할 수 있다,ACTION,집합투자재산의 운용에 관한 사항,제252조,0.95,집합투자재산 운용|투자자 보호,2026-04-26
금융위원회,명할 수 있다,ACTION,집합투자재산의 공시에 관한 사항,제252조,0.95,공시|투자자 보호,2026-04-26
금융위원회,명할 수 있다,ACTION,그 밖에 투자자 보호 또는 건전한 거래질서를 위하여 필요한 사항으로서 대통령령으로 정 하는 사항,제252조,0.95,대통령령|투자자 보호|건전한 거래질서,2026-04-26
검사,준용한다,STRUCTURE,투자회사등에 대한 검사,제419조,0.95,검사|투자회사등에 대한 검사,2026-04-26
금융위원회,허용함,ACTION,집합투자기구의 등록을 취소할 수 있다,253조,0.95,등록취소|집합투자기구|금융위원회,2026-04-26
금융위원회,요구함,ACTION,집합투자기구의 등록을 취소해야 한다 (제3호에 해당하는 경우),253조,0.9,등록취소|제3호|집합투자기구|금융위원회,2026-04-26
등록자,요구함,ACTION,등록,제182조제1항,0.85,등록|제182조제1항|제8항,2026-04-26
등록자,요구함,ACTION,법제처 170 국가법령정보 센터,제182조제1항,0.85,등록|제182조제1항|제8항,2026-04-26
법제처 170 국가법령정보 센터,근거함,STRUCTURE,자본시장과 금융투자업에 관한 법률,제182조제1항,0.75,법제처|자본시장과 금융투자업에 관한 법률,2026-04-26
투자회사,요구함,ACTION,등록요건,제182조제2항,0.9,등록요건|등록요건을 갖추다,2026-04-26
투자회사,계속,ACTION,순자산액,제182조제2항,0.85,순자산액|3개월 이상,2026-04-26
투자회사,예외로함,LOGICAL,등록요건,제182조제2항,0.75,등록요건|갖추지 못하다,2026-04-26
최저순자산액,미달시,LOGICAL,제재(5),제194조제2항제7호,0.95,최저순자산액|미달|제재,2026-04-26
금융위원회,권한을가짐,ACTION,투자회사등에 대한 조치,제182조제8항,0.95,조치,2026-04-26
금융위원회,할 수 있다,ACTION,6개월 이내의 업무의 전부 또는 일부의 정지,제263조,0.95,조치|조건|업무정지,2026-04-26
금융위원회,할 수 있다,ACTION,계약의 인계명령,제263조,0.95,조치|조건|계약인계,2026-04-26
금융위원회,할 수 있다,ACTION,위법행위의 시정명령 또는 중지명령,제263조,0.95,조치|조건|위법행위,2026-04-26
금융위원회,할 수 있다,ACTION,위법행위로 인한 조치를 받았다는 사실의 공표명령 또는 게시명령,제263조,0.95,조치|조건|공표명령,2026-04-26
금융위원회,할 수 있다,ACTION,기관경고,제263조,0.95,조치|조건|경고,2026-04-26
금융위원회,할 수 있다,ACTION,기관주의,제263조,0.95,조치|조건|주의,2026-04-26
금융위원회,할 수 있다,ACTION,그 밖에 위법행위를 시정하거나 방지하기 위하여 필요한 조치로서 대통령령으로 정하는 조치,제182조제8항,0.9,조치,2026-04-26
금융위원회,할 수 있다,ACTION,감독이사에 대한 해임 요구,제182조제8항,0.9,조치,2026-04-26
직무관련 정보 이용,위반함,ACTION,제54조제1항,54조제1항,0.95,직무관련 정보 이용|제54조제1항 위반,2026-04-26
제54조제1항 위반,제재,SANCTION,3,54조제1항,0.9,제54조제1항 위반|제재 3,2026-04-26
위반,과태료대상임,SANCTION,제200조제3항,제200조제3항,0.9,위반|제200조제3항|과태료 4,2026-04-26
금융위원회,허용함,ACTION,교차판매 집합투자기구의 등 록 취소,제247조제2항,0.95,등록 취소|교차판매 집합투자기구,2026-04-26
등록 취소,정의함,LOGICAL,교차판매 집합투자기구의 등 록을 취소하는 행위,제247조제2항,0.9,등록 취소|교차판매 집합투자기구,2026-04-26
등록요건,갖추지 못하면,LOGICAL,제182조의2제2항에 따른 제재,제182조의2제2항,0.9,등록요건|갖추지 못함|제재,2026-04-26
금융위원회,실시,ACTION,청문,제182조의2제3항,0.95,청문|집합투자기구|교차판매 집합투자기구|투자회사의 감독이사|해임요구,2026-04-26
제424조,STRUCTURE,STRUCTURE,제424조 및,제424조,0.0,제424조,2026-04-26
감독이사,준용함,STRUCTURE,조치,425,0.95,준용|조치,2026-04-26
일반사무관리회사,정의함,LOGICAL,정의,제254조,0.95,정의|일반사무관리회사,2026-04-26
위탁,허용함,ACTION,업무를 영위,제184조제6항,0.9,위탁|업무 영위,2026-04-26
위탁,참조함,STRUCTURE,제6항,제184조제6항,0.8,위탁|제6항,2026-04-26
자,등록해야함,ACTION,금융위원회,제238조제6항,0.95,등록|금융위원회,2026-04-26
자,요건을갖추어야함,ACTION,상법에 따른 주식회사,제238조제6항,0.9,요건|주식회사,2026-04-26
자,요건을갖추어야함,ACTION,명의개서대행회사,제238조제6항,0.9,요건|명의개서대행회사,2026-04-26
자,요건을갖추어야함,ACTION,금융기관(대통령령정의),제238조제6항,0.9,요건|금융기관,2026-04-26
자,자기자본을갖추어야함,ACTION,5억원 이상 및 대통령령정의 금액 이상,제238조제6항,0.9,자기자본|5억원,2026-04-26
자,전문인력을보유해야함,ACTION,상근 임직원 중 대통령령정의 기준의 전문인력,제238조제6항,0.9,전문인력|상근 임직원,2026-04-26
자,물적설비를갖추어야함,ACTION,전산설비 등 대통령령정의 물적설비,제238조제6항,0.9,물적설비|전산설비,2026-04-26
임원,준수해야함,ACTION,금융회사의 지배구조에 관한 법률,제238조제6항,0.9,금융회사의 지배구조에 관한 법률,2026-04-26
금융위원회,결정,ACTION,등록 여부,제5조,0.97,등록|결정,2026-04-26
금융위원회,통지,ACTION,신청인에게 문서로 통지,제5조,0.95,통지|등록,2026-04-26
금융위원회,거부하지 않음,ACTION,등록,제5조,0.96,거부|등록|조건,2026-04-26
금융위원회,기재,ACTION,일반사무관리회사등록부,제5조,0.94,기재|등록,2026-04-26
금융위원회,공고,ACTION,관보 및 인터넷 홈페이지,제5조,0.94,공고|등록,2026-04-26
등록을 하려는 자,제출,ACTION,등록신청서,제5조,0.95,제출|등록,2026-04-26
등록한 자,유지,ACTION,등록요건,제5조,0.93,유지|등록,2026-04-26
검토기간 산정,제외,LOGICAL,보완기간,제5조,0.9,검토기간|보완,2026-04-26
금융위원회,보완요구,ACTION,등록신청서,제5조,0.92,보완|등록,2026-04-26
대통령령,정한다,STRUCTURE,등록신청서의 기재사항,제5조,0.88,정한다|등록,2026-04-26
금융위원회,검토,ACTION,등록신청서,제5조,0.95,검토|등록,2026-04-26
준용규정,정의함,LOGICAL,관련 법령의 규정에 준용한다,255,0.7,준용규정|관련 법령,2026-04-26
준용규정,준용함,LOGICAL,관련 법령,255,0.6,준용규정|관련 법령,2026-04-26
공시의 내용,정의함,LOGICAL,공시의 내용,42조,0.6,공시의 내용,2026-04-26
제54조,상위조항,STRUCTURE,제53조,54,0.3,제54조,2026-04-26
제60조 및,참조함,STRUCTURE,제60조,Unknown,0.6,제60조 및|제60조,2026-04-26
일반사무관리회사,준용함,STRUCTURE,제64조,제64조,0.95,준용|제64조,2026-04-26
금융위원회,명할,ACTION,조치,제256조,0.97,감독ㆍ검사|필요한 조치,2026-04-26
조치,포함함,LOGICAL,고유재산의 운용에 관한 사항,제256조,0.9,고유재산 운용|필요한 조치,2026-04-26
조치,포함함,LOGICAL,영업의 질서 유지에 관한 사항,제256조,0.9,영업 질서|필요한 조치,2026-04-26
조치,포함함,LOGICAL,영업방법에 관한 사항,제256조,0.9,영업방법|필요한 조치,2026-04-26
조치,포함함,LOGICAL,대통령령으로 정하는 사항,제256조,0.9,대통령령|필요한 조치,2026-04-26
일반사무관리회사에 대한 검사,준용함,ACTION,제2조,제419조,0.9,검사|준용|제2조,2026-04-26
제419조,예외로함,LOGICAL,제2항부터 제4항까지 및 제8항,419,0.9,제외|예외,2026-04-26
금융위원회,권한을가짐,ACTION,일반사무관리회사의 별표 3 각 호의 어느 하나에 해당하는 경우에 대한 처분,제257조,0.9,일반사무관리회사|별표 3,2026-04-26
금융위원회,할 수 있다,ACTION,등록 취소,제254조,0.9,등록 취소|금융위원회,2026-04-26
금융위원회,할 수 있다,ACTION,대통령령으로 정하는 조치(위법행위 시정·방지),제254조,0.9,대통령령 조치|금융위원회,2026-04-26
금융위원회,할 수 있다,ACTION,해임요구,제263조,0.95,조치|조건|임원,2026-04-26
금융위원회,할 수 있다,ACTION,6개월 이내의 직무정지,제263조,0.95,조치|조건|임원,2026-04-26
금융위원회,할 수 있다,ACTION,문책경고,제263조,0.95,조치|조건|임원,2026-04-26
금융위원회,할 수 있다,ACTION,주의적 경고,제263조,0.95,조치|조건|임원,2026-04-26
금융위원회,할 수 있다,ACTION,주의,제263조,0.95,조치|조건|임원,2026-04-26
금융위원회,할 수 있다,ACTION,면직,제360조제9항,0.95,위반 시 조치|단기금융회사,2026-04-26
금융위원회,할 수 있다,ACTION,6개월 이내의 정직,제360조제9항,0.95,위반 시 조치|단기금융회사,2026-04-26
금융위원회,할 수 있다,ACTION,감봉,제360조제9항,0.95,위반 시 조치|단기금융회사,2026-04-26
금융위원회,할 수 있다,ACTION,견책,제360조제9항,0.95,위반 시 조치|단기금융회사,2026-04-26
금융위원회,할 수 있다,ACTION,경고,제360조제9항,0.95,위반 시 조치|단기금융회사,2026-04-26
제422조제3항,상위조항,STRUCTURE,제422조,제422조제3항,0.95,제422조제3항|제422조,2026-04-26
제423조,상위조항,STRUCTURE,제422조제3항,423,0.5,제423조|제422조제3항,2026-04-26
제425조까지의 규정,준용함,ACTION,일반사무관리회사 및 그 임직원에 대한 조치 등에 관하여,제425조,0.95,준용|일반사무관리회사|임직원,2026-04-26
자,이어야 한다,ACTION,상법에 따른 주식회사,제258조,0.9,상법|주식회사,2026-04-26
자,금지함,ACTION,투자매매업자ㆍ투자중개업자 또는 집합투자업자와 그 계열회사,제258조,0.9,투자매매업자|투자중개업자|집합투자업자|계열회사,2026-04-26
자,갖추어야 한다,ACTION,"1억원 이상, 대통령령으로 정하는 금액 이상의 자기자본",제258조,0.9,자기자본|자본금,2026-04-26
자,보유할 것,ACTION,상근 임직원 중 대통령령으로 정하는 기준의 전문인력,제258조,0.9,전문인력|임직원,2026-04-26
자,갖추어야 한다,ACTION,전산설비 등 대통령령으로 정하는 물적 설비,제258조,0.9,전산설비|물적설비,2026-04-26
임원,이어야 한다,ACTION,금융회사의 지배구조에 관한 법률,제258조,0.8,지배구조|법률,2026-04-26
금융위원회,접수,ACTION,등록신청서,제5조,0.95,등록신청서|접수,2026-04-26
금융위원회,보완 요구,ACTION,등록신청서,제5조,0.95,보완 요구|등록신청서,2026-04-26
집합투자기구평가회사,요구함,ACTION,영업행위준칙,제259조,0.95,영업행위준칙|제정,2026-04-26
집합투자업자,허용함,ACTION,집합투자재산의 명세,제259조,0.9,집합투자재산의 명세|제공,2026-04-26
대통령령,요구함,ACTION,필요한 사항,제259조,0.9,필요한 사항|정함,2026-04-26
제60조,구조,STRUCTURE,제2조,60,0.1,제2조의 규정에 따라,2026-04-26
제64조,준용함,STRUCTURE,집합투자기구평가회사,64,0.95,준용,2026-04-26
금융위원회,명할 수 있다,ACTION,집합투자기구평가회사에 대한 필요한 조치,제261조,0.95,집합투자기구평가회사|필요한 조치,2026-04-26
금융위원회,명할 수 있다,ACTION,고유재산의 운용에 관한 사항,제261조,0.9,고유재산의 운용에 관한 사항,2026-04-26
금융위원회,명할 수 있다,ACTION,영업의 질서 유지에 관한 사항,제261조,0.9,영업의 질서 유지에 관한 사항,2026-04-26
금융위원회,명할 수 있다,ACTION,영업방법에 관한 사항,제266조,0.95,필요한 조치|영업방법|투자자 보호|건전한 거래질서,2026-04-26
금융위원회,명할 수 있다,ACTION,대통령령으로 정하는 사항,제261조,0.9,대통령령으로 정하는 사항,2026-04-26
금융위원회,명할 수 있다,ACTION,투자자 보호 또는 건전한 거래질서를 위하여 필요한 사항,제261조,0.9,투자자 보호|건전한 거래질서,2026-04-26
집합투자기구평가회사,준용,ACTION,검사,419,0.95,검사|준용,2026-04-26
금융위원회,권한을가짐,ACTION,집합투자기구평가회사 (별표 4 각 호의 어느 하나에 해당하는 경우),262,0.9,집합투자기구평가회사|별표 4,2026-04-26
집합투자기구평가회사,해당한다,LOGICAL,별표 4 각 호,262,0.8,집합투자기구평가회사|별표 4,2026-04-26
금융위원회,취소할 수 있다,ACTION,등록,258,0.95,등록 취소,2026-04-26
제422조제3항,참조함,STRUCTURE,제422조,제422조제3항,0.9,제422조제3항|제422조,2026-04-26
제423조,구조,STRUCTURE,REGULATION,Unknown,0.9,제423조|REGULATION,2026-04-26
제425조까지의 규정,준용한다,STRUCTURE,집합투자기구평가회사 및 그 임직원에 대한 조치 등에 관하여,제425조,0.95,집합투자기구평가회사|제425조까지의 규정,2026-04-26
채권평가회사,등록하여야 한다,ACTION,금융위원회,제263조,1.0,채권평가회사 등록|등록 의무,2026-04-26
채권평가회사,등록을 하려는 자는,ACTION,상법에 따른 주식회사일 것,제263조,0.9,법인 형태 요건,2026-04-26
채권평가회사,등록을 하려는 자는,ACTION,20억원 이상 자기자본을 갖추어야 한다,제263조,0.9,자본 요건,2026-04-26
채권평가회사,등록을 하려는 자는,ACTION,상호출자제한기업집단의 출자액 또는 대통령령으로 정하는 금융기관의 출자액이 각각 100분의 10 이하일 것,제263조,0.9,출자 제한 요건,2026-04-26
채권평가회사,등록을 하려는 자는,ACTION,상근 임직원 중 대통령령으로 정하는 기준의 전문인력을 보유할 것,제263조,0.9,인력 요건,2026-04-26
채권평가회사,등록을 하려는 자는,ACTION,전산설비 등 대통령령으로 정하는 물적 설비를 갖출 것,제263조,0.9,설비 요건,2026-04-26
채권평가회사,등록을 하려는 자는,ACTION,임원이 금융회사의 지배구조에 관한 법률을 준수할 것,제263조,0.9,지배구조 요건,2026-04-26
등록을 하려는 자,제출하여야 한다,ACTION,등록신청서,제3조,0.95,등록신청서 제출|등록을 하려는 자,2026-04-26
등록신청서,제출대상,STRUCTURE,금융위원회,제3조,0.9,제출대상|금융위원회,2026-04-26
채권평가회사,제정함,ACTION,업무준칙,제264조,0.95,업무준칙|채권평가회사,2026-04-26
업무준칙,포함함,STRUCTURE,대통령령으로 정하는 사항,제264조,0.9,업무준칙|대통령령,2026-04-26
대통령령,정함,ACTION,필요한 사항,제264조,0.95,대통령령|필요한 사항,2026-04-26
대통령령,정함,ACTION,증권평가기준 공시방법 등에 관한 필요한 사항,제264조,0.9,대통령령|증권평가기준 공시방법|필요한 사항,2026-04-26
제54조,정의함,LOGICAL,Unknown concept,54,0.3,제54조,2026-04-26
채권평가회사,준용함,ACTION,제64조,64,0.95,채권평가회사|제64조,2026-04-26
금융위원회,명할 수 있다,ACTION,고유재산 운용에 관한 사항,제266조,0.95,필요한 조치|고유재산 운용|투자자 보호|건전한 거래질서,2026-04-26
금융위원회,명할 수 있다,ACTION,영업 질서 유지에 관한 사항,제266조,0.95,필요한 조치|영업 질서 유지|투자자 보호|건전한 거래질서,2026-04-26
금융위원회,명할 수 있다,ACTION,대통령령으로 정하는 사항(투자자 보호 또는 건전한 거래질서를 위하여 필요한 사항),제266조,0.95,필요한 조치|대통령령 정하는 사항|투자자 보호|건전한 거래질서,2026-04-26
검사,준용함,ACTION,채권평가회사에 대한 검사,419,0.95,검사|채권평가회사,2026-04-26
금융위원회,요구할 수 있다,ACTION,면직,제263조,0.95,조치|조건|직원,2026-04-26
금융위원회,요구할 수 있다,ACTION,6개월 이내의 정직,제263조,0.95,조치|조건|직원,2026-04-26
금융위원회,요구할 수 있다,ACTION,감봉,제263조,0.95,조치|조건|직원,2026-04-26
금융위원회,요구할 수 있다,ACTION,견책,제263조,0.95,조치|조건|직원,2026-04-26
금융위원회,요구할 수 있다,ACTION,경고,제263조,0.95,조치|조건|직원,2026-04-26
금융위원회,요구할 수 있다,ACTION,주의,제263조,0.95,조치|조건|직원,2026-04-26
금융위원회,요구할 수 있다,ACTION,대통령령으로 정하는 조치,제263조,0.95,조치|조건|직원,2026-04-26
제423조,구조,STRUCTURE,제1조,Unknown,0.2,제423조|제1조,2026-04-26
제425조까지의 규정,준용함,STRUCTURE,채권평가회사 및 그 임직원에 대한 조치 등에 관하여,제425조,0.95,준용|규정,2026-04-26
삭제,정의함,LOGICAL,제268조,제268조,0.95,삭제|제268조,2026-04-26
삭제,삭제됨,STRUCTURE,제269조,269,0.95,삭제,2026-04-26
제270조,삭제함,STRUCTURE,삭제,제270조,0.9,삭제,2026-04-26
삭제,삭제함,STRUCTURE,제271조,제271조,1.0,삭제,2026-04-26
삭제,적용일,STRUCTURE,2015. 7. 24.,제271조,1.0,삭제|적용일,2026-04-26
삭제,정의함,LOGICAL,제272조,272,0.9,삭제|제272조,2026-04-26
제272조의2,삭제됨,STRUCTURE,없음,제272조의2,1.0,삭제,2026-04-26
제273조,삭제됨,STRUCTURE,삭제,제273조,0.95,삭제,2026-04-26
삭제,삭제함,ACTION,제275조,275,0.95,삭제,2026-04-26
제276조,삭제됨,ACTION,2015. 7. 24.,276,0.95,삭제|제276조|삭제일자,2026-04-26
삭제,정의함,LOGICAL,제277조,277,0.9,삭제|제277조,2026-04-26
삭제,정의함,LOGICAL,제278조,278,0.9,삭제,2026-04-26
삭제,정의함,LOGICAL,제278조의2,제278조의2,0.9,삭제|제278조의2,2026-04-26
삭제,정의함,LOGICAL,제278조의3,제278조의3,0.95,삭제|제278조의3,2026-04-26
외국 투자신탁,등록해야 한다,ACTION,외국 집합투자기구,제279조,0.95,외국 집합투자기구 등록,2026-04-26
외국 투자익명조합,등록해야 한다,ACTION,외국 집합투자기구,제279조,0.95,외국 집합투자기구 등록,2026-04-26
외국 투자회사등,등록해야 한다,ACTION,외국 집합투자기구,제279조,0.95,외국 집합투자기구 등록,2026-04-26
외국 투자신탁,갖추어야 한다,ACTION,대통령령으로 정하는 외국 집합투자업자 적격 요건 및 외국 집합투자증권 판매적격 요건,제279조,0.9,외국 집합투자업자 적격 요건|외국 집합투자증권 판매적격 요건,2026-04-26
외국 투자신탁,달리 정할 수 있다,ACTION,외국 집합투자업자 적격 요건 및 외국 집합투자증권 판매적격 요건,제279조,0.85,특정 조건|외국 집합투자업자 적격 요건|외국 집합투자증권 판매적격 요건,2026-04-26
규정,준용함,ACTION,외국 집합투자기구의 등록,182,0.95,외국 집합투자기구 등록|준용,2026-04-26
이 법,정의함,LOGICAL,외국 집합투자기구가 설정ㆍ설립된 법제처 179 국가법령정보 센터 자본시장과 금융투자업에 관한 법률 국가의 법,182,0.9,이 법|정의,2026-04-26
자산운용보고서 작성자,제공해야 한다,ACTION,외국 집합투자기구의 투자자,88,0.95,자산운용보고서|제공|의무,2026-04-26
투자자,청구할 수 있다,ACTION,장부·서류 열람·교부,88,0.85,투자자|청구|열람|교부,2026-04-26
외국 투자신탁 등,거절할 수 없다,ACTION,청구,88,0.85,거절|청구|정당한 사유,2026-04-26
외국 투자신탁 등,공고·게시해야 한다,ACTION,기준가격,88,0.9,공고|게시|기준가격,2026-04-26
대통령령,정한다,ACTION,"판매방법, 보고서 제공, 기타 필요사항",88,0.8,정한다|판매방법|보고서 제공,2026-04-26
금융위원회,명할 수 있다,ACTION,외국 집합투자업자 등,281,0.9,외국 투자신탁|외국 투자익명조합|외국 투자회사,2026-04-26
외국 투자신탁 및 외국 투자익명 조합의 외국 집합투자업자 또는 외국 투자회사 등,준용함,ACTION,검사,제419조,0.9,검사|준용,2026-04-26
제419조,제외함,STRUCTURE,제2항부터 제4항까지 및 제8항,제419조,0.8,제2항부터 제4항까지|제8항|제외,2026-04-26
금융위원회,허용함,ACTION,외국 집합투자기구의 등록 취소,제282조,0.95,등록취소|외국 집합투자기구,2026-04-26
외국 집합투자기구의 등록 취소,예외로함,LOGICAL,"거짓, 그 밖의 부정한 방법으로",제282조,0.9,거짓|부정한 방법,2026-04-26
등록,요구함,ACTION,제279조제1항에 따른 등록,제279조제1항,0.9,등록|제279조제1항에 따른 등록,2026-04-26
등록,참조함,STRUCTURE,제279조제1항,제279조제1항,0.8,제279조제1항,2026-04-26
용어,정의함,LOGICAL,제279조제3항에서 준 용하는,제279조제3항,0.95,용어|정의,2026-04-26
변경등록,참조함,STRUCTURE,제182조제8항,제182조제8항,0.92,변경등록|제182조제8항,2026-04-26
제279조 제3항,준용함,ACTION,제279조 제3항,제279조제3항,0.8,준용,2026-04-26
등록요건,갖추지 못하다,ACTION,경우 3,제182조제2항,0.9,등록요건|갖추지 못하다,2026-04-26
제279조제3항,준용함,ACTION,제279조제3항,제279조제3항,0.9,준용,2026-04-26
변경등록,예외로함,LOGICAL,제182조제8항에 따른 변경등록을 하지 아니한 경우,제182조제8항,0.9,변경등록|제182조제8항에 따른 변경등록을 하지 아니한 경우,2026-04-26
제182조제8항에 따른 변경등록을 하지 아니한 경우,근거함,STRUCTURE,제182조제8항,제182조제8항,0.7,제182조제8항에 따른 변경등록을 하지 아니한 경우|제182조제8항,2026-04-26
제280조 위반,금지함,ACTION,제280조,280,0.95,제280조 위반|제280조,2026-04-26
제424조,참조함,STRUCTURE,제424조 및,제424조,0.5,제424조,2026-04-26
제425조,준용한다,ACTION,외국 집합투자기구의 등록 취소,425,0.95,외국 집합투자기구의 등록 취소|준용,2026-04-26
협회가 아닌 자,금지함,ACTION,"금융투자협회, 증권협회, 선물협회, 자산운용협회 또는 유사한 명칭 사용",284,0.95,유사명칭 사용|금지,2026-04-26
회원,정의함,LOGICAL,"자 (금융투자업자, 금융투자업과 관련된 업무를 영위하는 자, 대통령령으로 정하는 자)",제285조,0.95,회원|자|금융투자업자|금융투자업과 관련된 업무|대통령령,2026-04-26
협회,허용함,ACTION,회원으로부터 회비를 징수,제285조,0.9,협회|회원|회비|정관,2026-04-26
협회,참조함,STRUCTURE,정관,제285조,0.85,협회|정관,2026-04-26
협회,행한다,ACTION,회원 간의 건전한 영업질서 유지 및 투자자 보호를 위한 자율규제업무,제286조,0.95,자율규제업무|회원|투자자 보호|영업질서,2026-04-26
협회,행한다,ACTION,회원의 영업행위와 관련된 분쟁의 자율조정(당사자의 신청이 있는 경우에 한한다)에 관한 업무,제286조,0.95,자율조정|분쟁|영업행위|당사자 신청,2026-04-26
협회,행한다,ACTION,다음 각 목의 주요직무 종사자의 등록 및 관리에 관한 업무,제286조,0.95,등록|관리|주요직무 종사자|투자권유자문인력|조사분석인력|투자운용인력|투자자 보호,2026-04-26
협회,행한다,ACTION,금융투자업자가 다음 각 목의 어느 하나에 해당하는 장외파생상품을 신규로 취급하는 경우 그 사전심의업무,제286조,0.95,사전심의업무|장외파생상품|신규취급|금융투자업자,2026-04-26
협회,행한다,ACTION,업무,제286조,0.9,업무|정관|협회,2026-04-26
협회,요구함,ACTION,업무를 독립적으로 운영하도록 하여야,제4조제10항제4호,0.95,업무|독립적 운영,2026-04-26
협회,요구함,ACTION,별도의 조직을 갖추어야 한다,제4조제10항제4호,0.9,업무|조직,2026-04-26
업무,참조함,STRUCTURE,제4조제10항제4호,제4조제10항제4호,0.85,업무|제4조제10항제4호,2026-04-26
협회,요구함,ACTION,"정관에 목적, 명칭, 조직, 사무소, 업무, 회원의 자격 및 권리의무, 회원의 가입, 제명, 그 밖의 제재, 회비, 공고의 방법, 그 밖에 협회의 운영에 관한 사항을 기재",287,0.95,정관|목적|명칭|조직|사무소|업무|회원의 자격 및 권리의무|회원의 가입|제명|제재|회비|공고의 방법|운영에 관한 사항,2026-04-26
협회,요구함,ACTION,정관 중 대통령령으로 정하는 사항을 변경하려면 금융위원회의 승인을 받아야 한다,287,0.95,정관|대통령령|금융위원회|승인|변경,2026-04-26
정관,포함함,STRUCTURE,"목적, 명칭, 조직, 사무소, 업무, 회원의 자격 및 권리의무, 회원의 가입, 제명, 그 밖의 제재, 회비, 공고의 방법, 그 밖에 협회의 운영에 관한 사항",287,0.9,정관|목적|명칭|조직|사무소|업무|회원의 자격 및 권리의무|회원의 가입|제명|제재|회비|공고의 방법|운영에 관한 사항,2026-04-26
분쟁의 자율조정,정의함,LOGICAL,협회가 수행하는 분쟁의 자율조정 행위,제288조,0.4,분쟁의 자율조정|협회,2026-04-26
협회,요구함,ACTION,당사자,제286조제1항제2호,0.95,협회|당사자|요구,2026-04-26
협회,요청함,ACTION,당사자,제286조제1항제2호,0.95,협회|당사자|요청,2026-04-26
협회,요청함,ACTION,이해관계인,제286조제1항제2호,0.95,협회|이해관계인|요청,2026-04-26
분쟁조정규정,정의함,LOGICAL,필요한 분쟁조정규정,제286조제1항제2호,0.9,분쟁조정규정|정의,2026-04-26
협회,구성함,ACTION,장외파생상품심의위원회,제288조의2,0.6,장외파생상품심의위원회|협회,2026-04-26
장외파생상품심의위원회,설립,ACTION,사전심의업무 수행을 위하여,제286조제1항제4호,0.95,설립 목적|사전심의업무,2026-04-26
위원회,구성한다,ACTION,위원장 1명과 5-10명 위원,제286조제1항제4호,0.95,위원회 구성|위원,2026-04-26
위원회의 회의,의결한다,ACTION,재적위원 과반수 출석과 출석위원 3분의 2 이상의 찬성,제286조제1항제4호,0.9,회의 의결 요건|과반수|3분의 2,2026-04-26
위원회,고려해야 한다,ACTION,사전심의업무 수행 시 고려 사항,제286조제1항제4호,0.85,사전심의 업무|고려 사항,2026-04-26
위원회,구성원수,LOGICAL,5-10명,제286조제1항제4호,0.9,구성원 수|5-10명,2026-04-26
위원회,요구할 수 있다,ACTION,사실의 확인,제4조제10항제4호,0.95,요구할 수 있다|사실의 확인,2026-04-26
위원회,요구할 수 있다,ACTION,자료의 제출,제4조제10항제4호,0.95,요구할 수 있다|자료의 제출,2026-04-26
위원회,보고하여야 한다,ACTION,금융감독원장,제4조제10항제4호,0.95,보고하여야 한다|금융감독원장,2026-04-26
협회,정 하여야 한다,ACTION,위원회의 구성 및 운영을 위한 규정,제4조제10항제4호,0.95,정 하여야 한다|위원회의 구성 및 운영을 위한 규정,2026-04-26
준용규정,정의함,LOGICAL,제289조에 정의된 준용규정,289,0.9,정의|준용규정,2026-04-26
제54조,정의함,LOGICAL,Unknown,54,0.3,정의|제54조,2026-04-26
제63조,참조함,STRUCTURE,금융회사의 지배구조에 관한 법률,63,0.95,법률참조|지배구조법,2026-04-26
협회,준용한다,ACTION,제5조,제5조,0.95,협회|제5조,2026-04-26
협회,보고하여야 한다,ACTION,금융위원회,제290조,0.95,업무규정의 보고|지체 없이,2026-04-26
업무규정의 보고,정의함,LOGICAL,협회는 업무에 관한 규정 제정·변경·폐지 시 금융위원회에 보고해야 한다.,제290조,0.9,업무규정의 보고|보고|지체 없이,2026-04-26
협회,허용함,ACTION,연수원,제291조,0.95,연수원|설립,2026-04-26
검사,정의함,LOGICAL,협회에 대한 검사,제292조,0.6,검사|협회에 대한 검사,2026-04-26
제419조,준용한다,ACTION,협회에 대한 검사,419,0.95,제2항부터 제4항까지 및 제8항을 제외한다|협회에 대한 검사,2026-04-26
제1호 제외,정의함,LOGICAL,제1호,423,0.95,제1호 제외|제1호,2026-04-26
제2항 제외,제2항 제외함,LOGICAL,제2항,424,0.9,제2항 제외|제2항,2026-04-26
제425조,준용함,LOGICAL,조치,425,0.9,준용|조치|협회 및 그 임직원,2026-04-26
한국예탁 결제원,설립,ACTION,한국예탁 결제원,제294조,0.95,설립,2026-04-26
한국예탁 결제원,법인,LOGICAL,법인,제294조,0.9,법인,2026-04-26
한국예탁 결제원,설립등기,ACTION,주된 사무소 소재지,제294조,0.85,설립등기,2026-04-26
예탁결제원이 아닌 자,금지함,ACTION,한국예탁결제원 또는 이와 유사한 명칭 사용,제295조,0.95,유사명칭 사용금지|한국예탁결제원|예탁결제원,2026-04-26
예탁결제원,행한다,ACTION,증권등의 집중예탁업무,제296조,0.95,업무|정관,2026-04-26
예탁결제원,행한다,ACTION,증권등의 계좌 간 대체업무,제296조,0.95,업무|정관,2026-04-26
예탁결제원,행한다,ACTION,증권시장 밖에서의 증권등의 매매거래에 따른 증권등의 인도와 대금의 지급에 관한 업무,제296조,0.95,업무|정관,2026-04-26
예탁결제원,행한다,ACTION,"예탁결제원과 유사한 업무를 영위하는 외국 법인과의 계좌설정을 통한 증권등의 예탁, 계좌 간 대체 및 매매거래에 따른 증권등의 인도와 대금의 지급에 관한 업무",제296조,0.95,업무|정관,2026-04-26
예탁결제원,행한다,ACTION,증권등의 보호예수업무,제296조,0.95,업무|정관,2026-04-26
예탁결제원,행한다,ACTION,예탁증권등의 담보관리에 관한 업무,제296조,0.95,업무|정관,2026-04-26
예탁결제원,허용함,ACTION,금융위원회의 승인을 받은 업무,제80조4.3,0.95,업무|금융위원회 승인을 받은 업무,2026-04-26
예탁결제원,허용함,ACTION,예탁결제원의 업무로 규정한 업무,제80조4.3,0.95,업무|예탁결제원의 업무로 규정한 업무,2026-04-26
예탁결제원,요구함,ACTION,인가ㆍ허가,제80조4.3,0.9,인가|허가,2026-04-26
예탁결제원,요구함,ACTION,등록ㆍ신고,제80조4.3,0.9,등록|신고,2026-04-26
예탁결제원,근거함,STRUCTURE,정관,제80조4.3,0.9,정관,2026-04-26
제80조4.3,참조함,STRUCTURE,제80조,제80조4.3,0.9,제80조,2026-04-26
예탁결제원,근거함,STRUCTURE,제80조,제80조4.3,0.9,제80조,2026-04-26
증권시장 결제기관,정의함,LOGICAL,증권시장에서의 매매거래(다자간매매체결회사에서의 증권의 매매 거래를 포함한다.,제297조,0.9,증권시장 결제기관|증권시장에서의 매매거래,2026-04-26
전자등록기관,수행한다,ACTION,증권인도 및 대금지급 업무,제303조제2항제5호,0.95,증권인도 및 대금지급 업무,2026-04-26
전자등록기관,위탁할 수,ACTION,대금지급 업무 (금융위 원회가 지정하는 전자등록기관에),제303조제2항제5호,0.92,대금지급 업무|위탁,2026-04-26
예탁결제원이 아닌 자,금지함,ACTION,증권등을 예탁받아 그 증권등의 수수를 갈음하여 계좌 간의 대체로 결제하는 업무,제298조,0.95,예탁업무 영위 금지|예탁결제원,2026-04-26
전자등록기관이 아닌 자,금지함,ACTION,국내에서 증권예탁증권을 발행하는 업무,제298조,0.95,예탁업무 영위 금지|전자등록기관,2026-04-26
예탁결제원,요구함,ACTION,목적,제299조,0.95,정관|목적,2026-04-26
예탁결제원,요구함,ACTION,명칭,제299조,0.95,정관|명칭,2026-04-26
예탁결제원,요구함,ACTION,주된 사무소의 소재지,제299조,0.95,정관|주된 사무소의 소재지,2026-04-26
예탁결제원,요구함,ACTION,주식 및 자본금에 관한 사항,제299조,0.95,정관|주식 및 자본금에 관한 사항,2026-04-26
예탁결제원,요구함,ACTION,주식의 취득자격 및 소유한도에 관한 사항,제299조,0.95,정관|주식의 취득자격 및 소유한도에 관한 사항,2026-04-26
예탁결제원,요구함,ACTION,주주총회 및 이사회에 관한 사항,제299조,0.95,정관|주주총회 및 이사회에 관한 사항,2026-04-26
예탁결제원,요구함,ACTION,임원에 관한 사항,제299조,0.95,정관|임원에 관한 사항,2026-04-26
예탁결제원,요구함,ACTION,회계에 관한 사항,제299조,0.95,정관|회계에 관한 사항,2026-04-26
예탁결제원,요구함,ACTION,공고의 방법,제299조,0.95,정관|공고의 방법,2026-04-26
예탁결제원,승인을요구함,ACTION,금융위원회의 승인,제299조,0.95,정관 변경|금융위원회 승인,2026-04-26
예탁결제원,적용함,ACTION,상법,제300조,0.95,상법 준용|예탁결제원,2026-04-26
예탁결제원,예외로함,LOGICAL,이 법 또는 이 법에 따른 명령에 특별한 규정이 있는 경우,제300조,0.85,특별한 규정|예외,2026-04-26
제517조,정의함,LOGICAL,Unknown,517,0.1,Unknown,2026-04-26
예탁결제원,본다,LOGICAL,주식회사,521조의2,0.95,주식회사|상법에 따른,2026-04-26
예탁결제원 임원,정의함,LOGICAL,"사장, 전무이사, 이사, 감사",제301조,0.95,임원 정의|예탁결제원 임원,2026-04-26
사장,선출된다,ACTION,주주총회,제301조,0.9,사장 선출|주주총회,2026-04-26
사장,승인을 받아야 한다,ACTION,금융위원회,제301조,0.9,사장 승인|금융위원회,2026-04-26
상근감사,선출한다,ACTION,주주총회,제301조,0.9,상근감사 선출|주주총회,2026-04-26
상근 임직원,금지함,ACTION,특별한 이해관계,제5조,0.95,이해관계|특별한|금지,2026-04-26
예탁결제원,요구함,ACTION,증권등의 예탁,제302조,0.9,예탁|증권등,2026-04-26
예탁업무규정,요구함,ACTION,예탁증권등의 관리,309,0.95,예탁업무규정|예탁증권등의 관리|정해져야 한다,2026-04-26
제1항의 예탁업무규정,요구함,ACTION,다음 각 호의 사항,309,0.95,제1항의 예탁업무규정|다음 각 호의 사항|포함되어야 한다,2026-04-26
예탁자,요구함,ACTION,예탁대상증권을 지정,308,0.95,예탁대상증권|지정,2026-04-26
예탁자,요구함,ACTION,예탁대상증권을 취소,308,0.9,예탁대상증권|취소,2026-04-26
예탁자,요구함,ACTION,예탁자계좌를 개설,308,0.92,예탁자계좌|개설,2026-04-26
예탁자,요구함,ACTION,예탁자계좌를 폐지,308,0.92,예탁자계좌|폐지,2026-04-26
예탁자,요구함,ACTION,예탁자계좌부를 작성 및 비치,308,0.9,예탁자계좌부|작성|비치,2026-04-26
제308조에 따른 예탁대상증권등의 예탁ㆍ반환 및 계좌 간 대체에 관한 사항 5,정의함,LOGICAL,예탁ㆍ반환 및 계좌 간 대체,제308조에 따른 예탁대상증권등의 예탁ㆍ반환 및 계좌 간 대체에 관한 사항 5,0.6,예탁ㆍ반환 및 계좌 간 대체 정의,2026-04-26
제308조,참조함,STRUCTURE,제308조에 따른 예탁대상증권등의 예탁ㆍ반환 및 계좌 간 대체에 관한 사항 5,제308조,0.7,제308조 참조,2026-04-26
예탁증권등에 대한 담보권의 설정·소멸 및 신탁재산의 표시·말소,구성함,STRUCTURE,제309조제3항제2호,309.3.2,0.9,예탁증권|담보권|신탁재산,2026-04-26
제309조제3항제2호,구성함,STRUCTURE,예탁증권등에 대한 담보권의 설정·소멸 및 신탁재산의 표시·말소에 관한 사항 6,309.3.2,0.9,예탁증권|담보권|신탁재산,2026-04-26
예탁증권등의 권리 행사,참조함,STRUCTURE,제309조제3항제2호,제309조제3항제2호,0.7,예탁증권등의 권리 행사|그 밖에,2026-04-26
예탁증권,요구함,ACTION,관리에 필요한 사항,제309조,0.9,예탁증권|관리|필요한 사항,2026-04-26
예탁결제원 및 전자등록기관,정한다,ACTION,결제업무규정,제303조,0.95,결제업무규정|정하여야 한다,2026-04-26
결제업무규정,정의함,LOGICAL,결제업무규정은 증권등의 매매거래에 따른 결제업무의 수행을 위하여 정해진 규정이다,제303조,0.85,결제업무규정|정의,2026-04-26
청산업무규정,정의함,LOGICAL,제323조의11,323조의11,0.95,청산업무규정|정의,2026-04-26
회원관리규정,참조함,STRUCTURE,제387조,제387조의,0.5,회원관리규정,2026-04-26
제393조의 업무규정,금지함,ACTION,상충,제393조,0.95,상충|금지,2026-04-26
제1항의 결제업무규정,요구함,ACTION,예탁결제원 및 전자등록기관 결제회원의 가입ㆍ탈퇴 및 권리ㆍ의무에 관한 사항,제393조,0.95,결제업무규정|포함|예탁결제원|전자등록기관|결제회원,2026-04-26
제1항의 결제업무규정,요구함,ACTION,결제계좌의 개설 및 관리에 관한 사항,제393조,0.95,결제업무규정|포함|결제계좌,2026-04-26
제1항의 결제업무규정,요구함,ACTION,결제시한에 관한 사항,제393조,0.95,결제업무규정|포함|결제시한,2026-04-26
제1항의 결제업무규정,요구함,ACTION,증권등의 인도 및 대금지급에 관한 사항,제393조,0.95,결제업무규정|포함|증권|인도|대금지급,2026-04-26
제1항의 결제업무규정,요구함,ACTION,증권시장에서의 증권의 매매거래에 따른 결제이행ㆍ불이행 결과의 거래소에 대한 통지에 관한 사항(전자등록기관의 결제업무규정에 한정한다),제393조,0.95,결제업무규정|포함|증권|매매거래|결제이행|불이행|거래소|통지|전자등록기관,2026-04-26
제1항의 결제업무규정,요구함,ACTION,그 밖에 결제업무 수행을 위하여 필요한 사항,제393조,0.95,결제업무규정|포함|필요한 사항,2026-04-26
준용규정,참조함,STRUCTURE,제304조,304,0.9,참조|제304조,2026-04-26
제408조,상위조항,STRUCTURE,제??,408,0.0,,2026-04-26
제413조,정의함,LOGICAL,내용 없음,제413조,0.6,제413조,2026-04-26
제296조제1항제1호ㆍ제2호ㆍ제4호,한정한다,ACTION,업무,제296조제1항제1호ㆍ제2호ㆍ제4호,0.95,업무|제296조제1항제1호ㆍ제2호ㆍ제4호,2026-04-26
제296조제1항제1호ㆍ제2호ㆍ제4호,참조함,STRUCTURE,금융실명거래 및 비밀보장에 관한 법률,제296조제1항제1호ㆍ제2호ㆍ제4호,0.9,금융실명거래 및 비밀보장에 관한 법률,2026-04-26
업무,정의함,LOGICAL,제296조제1항제1호ㆍ제2호ㆍ제4호,제296조제1항제1호ㆍ제2호ㆍ제4호,0.85,업무|제296조제1항제1호ㆍ제2호ㆍ제4호,2026-04-26
예탁결제원,준용,STRUCTURE,자본시장과 금융투자업에 관한 법률,제4조,0.95,준용|자본시장과 금융투자업에 관한 법률,2026-04-26
예탁결제원,요구함,ACTION,업무규정의 승인 및 보고,제305조,0.9,업무규정|승인|보고,2026-04-26
업무규정,정의함,LOGICAL,예탁결제원에 의해 승인 및 보고가 필요함,제305조,0.7,업무규정|승인|보고,2026-04-26
업무,정의함,LOGICAL,업무,제296조제1항제5호,0.9,업무|규정,2026-04-26
예탁업무규정,정의함,LOGICAL,예탁업무규정,제302조,0.9,예탁업무규정,2026-04-26
검사,정의함,LOGICAL,예탁결제원에 대한 검사,306,0.9,검사|예탁결제원에 대한 검사,2026-04-26
예탁 결제원,준용함,ACTION,검사,419,0.95,검사|준용|제2항부터 제4항까지 및 제8항 제외,2026-04-26
금융위원회,할 수 있다,ACTION,예탁결제원에 대한 조치,제307조,0.95,예탁결제원|별표 8|위법행위|금융위원회|조치|조건: 예탁결제원이 별표 8에 해당,2026-04-26
금융위원회,할 수 있다,ACTION,임원에 대한 조치,제307조,0.95,임원|별표 8|위법행위|금융위원회|조치|조건: 임원이 별표 8에 해당,2026-04-26
금융위원회,요구할 수 있다,ACTION,직원에 대한 조치,제307조,0.95,직원|별표 8|위법행위|금융위원회|조치|조건: 직원이 별표 8에 해당,2026-04-26
제425조,준용,STRUCTURE,예탁결제원 및 그 임직원에 대한 조치 등에 관하여,제425조,0.95,준용|예탁결제원 및 그 임직원에 대한 조치,2026-04-26
예탁대상증권등,정의함,LOGICAL,예탁결제원에 예탁할 수 있는 증권등,308,0.95,예탁대상증권등 정의|예탁결제원 지정,2026-04-26
예탁대상증권등,적용하지 않는다,LOGICAL,전자등록된 증권등,308,0.95,예탁대상증권등 정의|전자등록 예외,2026-04-26
예탁자,요구함,ACTION,예탁결제원에 계좌 개설,제309조,0.95,예탁자|계좌 개설,2026-04-26
예탁자,허용함,ACTION,예탁결제원에 예탁,제309조,0.95,예탁자|예탁|투자자 동의,2026-04-26
예탁자,요구함,ACTION,투자자 동의,제309조,0.9,예탁자|투자자 동의,2026-04-26
예탁결제원,요구함,ACTION,예탁자계좌부 작성 및 비치,제309조,0.95,예탁결제원|예탁자계좌부,2026-04-26
예탁결제원,요구함,ACTION,예탁자계좌부에 예탁자의 자기소유분과 투자자 예탁분 구분,제309조,0.95,예탁결제원|구분|자기소유분|투자자 예탁분,2026-04-26
예탁결제원,허용함,ACTION,예탁증권등 혼합 보관,제309조,0.9,예탁결제원|예탁증권등|혼합 보관,2026-04-26
발행인,허용함,ACTION,예탁결제원 명의로 발행,제309조,0.9,발행인|예탁결제원|명의|발행,2026-04-26
예탁자/투자자,허용함,ACTION,증권등 발행 청구,제309조,0.85,예탁자|투자자|발행 청구,2026-04-26
예탁자,작성ㆍ비치하여야 한다,ACTION,투자자계좌부,310,0.99,예탁자|투자자계좌부|작성ㆍ비치,2026-04-26
예탁자,예탁결제원에 예탁하여야 한다,ACTION,예탁결제원,310,0.98,예탁자|예탁결제원|예탁,2026-04-26
예탁자,보관하여야 한다,ACTION,자기소유분과 구분하여 보관,310,0.97,예탁자|보관|자기소유분,2026-04-26
예탁자,밝히고,ACTION,해당 증권등이 투자자 예탁분이라는 것,310,0.96,예탁자|밝히다|투자자 예탁분,2026-04-26
제1항에 따른 투자자계좌부에 기재된 증권등,간주함,LOGICAL,예탁결제원에 예탁된 것으로 본다,310,0.95,투자자계좌부|증권등|간주,2026-04-26
예탁자,기재하여야 한다,ACTION,투자자계좌부,310,0.99,예탁자|기재|투자자계좌부,2026-04-26
계좌부에 기재된 자,본다,LOGICAL,그 증권등을 점유하는 것으로,311,0.95,계좌부에 기재된 자|증권등|점유,2026-04-26
계좌부에 기재된 자(계좌 간 대체 또는 질권설정),본다,LOGICAL,증권등의 교부가 있었던 것으로,311,0.9,계좌부에 기재된 자|계좌 간 대체|질권설정|증권등|교부,2026-04-26
예탁증권등의 신탁,대항할 수 있다,ACTION,제삼자,311,0.9,예탁증권등의 신탁|제삼자|대항,2026-04-26
예탁자,추정한다,LOGICAL,공유지분을 가지는 것으로,제312조,0.95,권리 추정|공유지분,2026-04-26
예탁자의 투자자,추정한다,LOGICAL,공유지분을 가지는 것으로,제312조,0.95,권리 추정|공유지분,2026-04-26
예탁자,청구할 수 있다,ACTION,공유지분에 해당하는 예탁증권등의 반환,제312조,0.9,청구|반환|공유지분,2026-04-26
예탁결제원,제한할 수 있다,ACTION,예탁증권등 중 투자자 예탁분의 반환 또는 계좌 간 대 체,제312조,0.9,제한|반환|계좌 간 대 체,2026-04-26
질권자,동의가 있어야 한다,LOGICAL,질권의 목적으로 되어 있는 예탁증권등,제312조,0.8,동의|질권|예탁증권,2026-04-26
보전의무,정의함,LOGICAL,예탁증권등이 부족하게 된 경우에는 예탁결제원 및 예탁자 등은 보전의무를 수행한다,313,0.95,보전의무|예탁증권부족|예탁결제원|예탁자,2026-04-26
예탁자,보전,ACTION,예탁금,제310조제1항,0.95,보전,2026-04-26
예탁결제원 및 예탁자,행사할 수 있다,ACTION,구상권,제310조제1항,0.9,구상권 행사,2026-04-26
보전책임,부담한다,ACTION,계좌 폐쇄 이후,제309조제1항,0.95,보전책임|계좌 폐쇄,2026-04-26
보전책임,소멸한다,ACTION,5년 경과,제309조제1항,0.95,보전책임|5년 경과,2026-04-26
예탁결제원,허용함,ACTION,예탁증권등에 관한 권리 행사,314,0.95,권리 행사|예탁증권등,2026-04-26
예탁결제원,허용함,ACTION,명의개서 청구,314,0.95,명의개서|자기명의,2026-04-26
주주,행사할 수 있다,ACTION,권리,제358조의2,0.95,주주권리행사|주주|권리,2026-04-26
예탁증권등의 발행인,통지해야 한다,ACTION,예탁결제원,제358조의2,0.9,예탁증권|발행인|통지|예탁결제원,2026-04-26
제3항,준용한다,STRUCTURE,예탁증권등 중 기명식 증권,제358조의2,0.85,제3항|준용|예탁증권|기명식 증권,2026-04-26
대통령령,정한다,ACTION,필요한 사항 (주권 관리),제358조의2,0.8,대통령령|정한다|필요한 사항|주권|관리,2026-04-26
실질주주,정의함,LOGICAL,주식의 공유자,제315조,0.95,실질주주 정의,2026-04-26
실질주주,행사,ACTION,주주로서의 권리,제315조,0.9,주주권리 행사,2026-04-26
실질주주,정의함,LOGICAL,공유지분에 상당하는 주식,제312조제1항,0.95,정의|공유지분에 상당하는 주식,2026-04-26
실질주주,가지다,ACTION,공유지분에 상당하는 주식,제312조제1항,0.95,주식|공유지분에 상당하는,2026-04-26
권리,금지함,ACTION,행사,제314조제3항,0.95,권리|행사,2026-04-26
권리,예외로함,LOGICAL,회사 주주에 대한 통지 및 상법,제314조제3항,0.75,권리|회사 주주에 대한 통지|상법,2026-04-26
주주,행 사할 수 있다,ACTION,주주명부의 열람 또는 등사 청구,제396조제2항,0.95,주주명부 열람|권리 행사,2026-04-26
주주명부 열람,참조함,STRUCTURE,제396조제2항,제396조제2항,0.9,주주명부 열람|제396조제2항,2026-04-26
실질주주명부,정의함,LOGICAL,주주명부,316조,0.4,실질주주명부|주주명부,2026-04-26
통지받은 발행인 또는 명의개서를 대행하는 회사,작성ㆍ비치하여야 한다,ACTION,실질주주명부,제315조제3항,0.95,실질주주명부 작성비치|통지받은 발행인|명의개서 대행 회사,2026-04-26
실질주주명부에의 기재,같은 효력을 가진다,LOGICAL,주주명부에의 기재,제315조제3항,0.9,실질주주명부 기재|주주명부 기재|효력,2026-04-26
주주명부의 주식수와 실질주주명부의 주식수,합산하여야 한다,ACTION,주주로서의 권리 행사,제315조제3항,0.9,주주명부 주식수|실질주주명부 주식수|권리 행사,2026-04-26
대법원규칙,정한다,ACTION,필요한 사항,제317조,0.95,예탁증권|강제집행|가압류|가처분|경매,2026-04-26
대항,허용함,ACTION,발행인,제337조제1항,0.95,대항|발행인,2026-04-26
대항,예외로함,LOGICAL,제337조제1항,제337조제1항,0.9,대항|제337조제1항,2026-04-26
삭제,정의함,LOGICAL,제319조,제319조,0.9,삭제|제319조,2026-04-26
외국예탁결제기관,정의함,LOGICAL,예탁 등에 관한 특례,제320조,0.4,외국예탁결제기관|특례,2026-04-26
제310조,구조,STRUCTURE,내용 없음,310,0.1,제310조,2026-04-26
제313조,참조함,STRUCTURE,제313조,313,0.0,제313조,2026-04-26
제314조제6항,상위조항,STRUCTURE,제314조,314조제6항,0.7,제314조제6항,2026-04-26
제 315조,상위조항,STRUCTURE,제 314조,315,0.3,제 315조|제 314조,2026-04-26
제316조제3항,적용하지 않다,ACTION,외국예탁결제기관,316조제3항,0.95,외국예탁결제기관 제외|적용 제외,2026-04-26
외국예탁결제기관,적용한다,ACTION,제316조제3항,316조제3항,0.9,외국예탁결제기관 요청|적용 예외,2026-04-26
제309조제5항,상위조항,STRUCTURE,제309조,309,0.5,제309조제5항|제309조,2026-04-26
제314조제6항,참조함,STRUCTURE,제316조제3항,제314조제6항,0.4,외국예탁결제기관 제외,2026-04-26
제315조,정의함,LOGICAL,외국예탁결제기관,315,0.6,외국예탁결제기관|설립·운영,2026-04-26
제316조,참조함,STRUCTURE,제316조,Unknown,0.3,제316조,2026-04-26
제318조,금지함,ACTION,예탁증권등의 발행인,제318조,0.95,예탁증권|외국법인,2026-04-26
외국법인등,허용함,ACTION,제318조,제318조,0.9,예탁증권|외국법인,2026-04-26
예탁결제원,요구할 수 있다,ACTION,예탁업무에 관한 보고 또는 자료의 제출,제321조,0.95,보고 및 확인,2026-04-26
예탁결제원,열람할 수 있다,ACTION,관련 장부,제321조,0.95,보고 및 확인,2026-04-26
예탁결제원,확인할 수 있다,ACTION,예탁자 자체보관 증권 등 보관상황,제321조,0.95,보고 및 확인,2026-04-26
상장법인 및 명의개서대행회사,준수해야 한다,ACTION,예탁결제원이 정하는 증권등 취급규정,제322조,0.95,규정|준수|관리,2026-04-26
예탁결제원,관리할 수 있다,ACTION,예비증권등,제322조,0.95,관리|예비증권등|권한,2026-04-26
예탁결제원,제출을 요구할 수 있다,ACTION,상장법인 및 명의개서대행회사,제322조,0.9,제출|요구|사무취급절차,2026-04-26
예탁결제원,확인하게 할 수 있다,ACTION,소속직원,제322조,0.9,확인|직원|허용,2026-04-26
비상장법인,승인을 받아야 한다,ACTION,예탁결제원,제322조,0.95,승인|요구|비상장법인,2026-04-26
비상장법인,준용한다,STRUCTURE,제1항부터 제3항까지의 규정,제322조,0.9,준용|규정|비상장법인,2026-04-26
제1항부터 제3항까지의 규정,준용한다,STRUCTURE,상장법인이 비상장법인으로 된 경우 예탁결제원의 증권 등 취급규정에 따른 용지와 그 용지에 의하여 발행한 증권등이 전부 폐기될 때까지,제322조,0.9,준용|규정|폐기,2026-04-26
발행인,통지해야 한다,ACTION,예탁결제원,제323조,0.95,통지|지체 없이|새로 증권등을 발행하는 경우|총리령으로 정하는 사항,2026-04-26
예탁결제원,공표해야 한다,ACTION,그 내용,제323조,0.95,공표|통지 내용,2026-04-26
누구든지,금지함,ACTION,금융투자상품거래청산업을 영위하다,제323조의2,0.95,무인가 청산영업행위 금지|금융투자상품거래청산업|영위하다|무인가,2026-04-26
무인가 청산영업행위 금지,정의함,LOGICAL,금융투자상품거래청산업을 영위하는 행위는 무인가인 경우 금지된다,제323조의2,0.9,무인가 청산영업행위 금지|금융투자상품거래청산업|영위하다|무인가,2026-04-26
금융투자상품거래청산업인가,필수,LOGICAL,금융투자상품거래청산업을 영위하기 위해 필요,제323조의2,0.85,금융투자상품거래청산업인가|금융투자상품거래청산업|영위하다,2026-04-26
금융투자상품거래청산업을 영위하려는 자,요구함,ACTION,금융투자상품거래청산업인가를 받아야 한다,323조의3,0.95,금융투자상품거래청산업 인가|영위하려는 자,2026-04-26
금융투자상품거래청산업을 영위하려는 자,요구함,ACTION,상법에 따른 주식회사일 것,323조의3,0.9,상법|주식회사|금융투자상품거래청산업 인가,2026-04-26
금융투자상품거래청산업을 영위하려는 자,요구함,ACTION,청산업 인가업무 단위별로 200억원 이상으로서 대통령령으로 정하는 금액 이상의 자기자본을 갖출 것,323조의3,0.9,청산업 인가업무 단위|자기자본|금융투자상품거래청산업 인가,2026-04-26
금융투자상품거래청산업을 영위하려는 자,요구함,ACTION,사업계획이 타당하고 건전할 것,323조의3,0.9,사업계획|타당|건전|금융투자상품거래청산업 인가,2026-04-26
금융투자상품거래청산업을 영위하려는 자,요구함,ACTION,"투자자의 보호가 가능하고 그 영위하려는 금융투자상품거래청산업을 수행하기에 충분한 인력과 전산설비, 그 밖의 물적 설비를 갖출 것",323조의3,0.9,투자자 보호|인력|전산설비|물적설비|금융투자상품거래청산업 인가,2026-04-26
금융투자상품거래청산업을 영위하려는 자,요구함,ACTION,정관 및 청산업무규정이 법령에 적합하고 금융투자상품거래청산업을 수행하기에 충분할 것,323조의3,0.9,정관|청산업무규정|법령|금융투자상품거래청산업 인가,2026-04-26
금융투자상품거래청산업을 영위하려는 자,요구함,ACTION,임원이 금융회사의 지배구조에 관한 법률을 준수할 것,323조의3,0.9,임원|금융회사의 지배구조에 관한 법률|금융투자상품거래청산업 인가,2026-04-26
대주주,정의함,LOGICAL,대주주에 대한 정의,제5조,0.6,대주주,2026-04-26
대주주,요구함,ACTION,"충분한 출자능력, 건전한 재무상태 및 사회적 신용",제12조제2항제6호가목,0.95,대주주|출자능력|재무상태|사회적 신용,2026-04-26
대주주,요구함,ACTION,대통령령으로 정하는 사회적 신용,제12조제2항제6호가목,0.95,대주주|사회적 신용|대통령령,2026-04-26
대주주,요구함,ACTION,이해상충방지체계 구축,제12조제2항제6호가목,0.95,대주주|이해상충방지체계,2026-04-26
제12조제2항제6호가목,준용함,STRUCTURE,대통령령,제12조제2항제6호가목,0.9,제12조제2항제6호가목|대통령령,2026-04-26
제323조의4,상위조항,STRUCTURE,제323조,제323조의4,0.95,제323조,2026-04-26
제323조의4,참조함,STRUCTURE,인가의 신청 및 심사,제323조의4,0.9,인가의 신청 및 심사,2026-04-26
금융위원회,신청받음,ACTION,예비인가,제323조의3,0.85,예비인가 신청,2026-04-26
예비인가,요구함,ACTION,본인가 여부를 결정,323조의3제2항,0.95,요건을 갖추었는지 여부를 확인|본인가 여부 결정,2026-04-26
예비인가,정의함,LOGICAL,대통령령으로 정한다,323조의3제2항,0.95,예비인가 신청서 및 그 기재사항ㆍ첨부서류 등 예비인가의 신청에 관한 사항|예비인가심사의 방법ㆍ절차|예비인가에 관하여 필요 한 사항,2026-04-26
금융투자상품거래청산회사,요구함,ACTION,인가요건의 유지,제323조의6,0.8,인증요건|유지,2026-04-26
인가요건의 유지,정의함,LOGICAL,금융투자상품거래청산회사의 의무,제323조의6,0.6,인증요건|유지,2026-04-26
금융투자상품 거래청산업,유지해야 한다,ACTION,"인증요건(제2항 각 호, 제8호 제외)",제323조의3,0.95,인증요건 유지|금융투자상품 거래청산업|인증요건,2026-04-26
금융투자상품 거래청산업,인가를 받아야 한다,ACTION,제323조의3,제323조의3,0.9,인증요건|제323조의3|금융투자상품 거래청산업,2026-04-26
금융투자상품거래청산회사,허용함,ACTION,업무의 추가 및 인가의 변경,제323조의7,0.85,업무의 추가|인가의 변경,2026-04-26
제323조의7,상위조항,STRUCTURE,제323조,제323조의7,0.9,상위조항,2026-04-26
인 가받은 청산업 인가업무 단위 외에 다른 청산업 인가업무 단위,추가함,ACTION,금융투자상품거래 청산업,제323조의3,0.9,청산업 인가업무 단위|금융투자상품거래 청산업,2026-04-26
제323조의3,근거함,STRUCTURE,인 가받은 청산업 인가업무 단위 외에 다른 청산업 인가업무 단위를 추가하여 금융투자상품거래 청산업을 영위하려는 경우,제323조의3,0.9,제323조의3|청산업 인가업무 단위,2026-04-26
제323조의3,정의함,LOGICAL,MANDATORY,제323조의3,0.9,제323조의3|법적 강제성,2026-04-26
금융투자상품 거래청산업,요구함,ACTION,인증요건 유지,제323조의3,0.9,인증요건|유지,2026-04-26
변경인가,정의함,LOGICAL,금융위원회의 변경인가,제323조의4,0.9,변경인가|금융위원회,2026-04-26
변경인가,참조함,STRUCTURE,제323조의4,제323조의4,0.9,변경인가|제323조의4,2026-04-26
금융위원회,제공함,ACTION,변경인가,제323조의4,0.8,금융위원회|변경인가,2026-04-26
적용,정의함,LOGICAL,제323조의5,제323조의5,0.95,적용|제323조의5,2026-04-26
금융투자상품거래청산회사가 아닌 자,금지함,ACTION,"‘금융투자상품거래청산’, ‘금융투자상품청산’, ‘증권거래청산’, ‘증권청산’, ‘파생상품거래청산’, ‘파생상품청산’ 및 이와 유사한 명칭",제323조의8,0.95,유사명칭 사용 금지|금융투자상품거래청산회사가 아닌 자,2026-04-26
유사명칭 사용 금지,정의함,LOGICAL,"금융투자상품거래청산회사가 아닌 자는 ‘금융투자상품거래청산’, ‘금융투자상품청산’, ‘증권거래청산’, ‘증권청산’, ‘파생상품거래청산’, ‘파생상품청산’ 및 이와 유사한 명칭을 사용하여서는 아니 된다.",제323조의8,0.9,유사명칭 사용 금지|금융투자상품거래청산회사가 아닌 자,2026-04-26
상근임원,이어야,ACTION,청산대상업자의 임직원 외의 사람,제323조의9,0.95,상근임원|청산대상업자|임직원|사람,2026-04-26
상근임원,이어야,ACTION,사람,제323조의9,0.9,상근임원|사람,2026-04-26
상근임원,준용함,STRUCTURE,금융회사의 지배구조에 관한 법률,제323조의9,0.9,상근임원|금융회사의 지배구조에 관한 법률,2026-04-26
금융투자상품거래청산회사의 상근 임직원,금지함,ACTION,특별한 이해관계,제5조,0.95,이해관계|금지|상근 임직원,2026-04-26
금융투자상품거래청산회사의 상근 임직원,금지함,ACTION,청산대상업자 및 금융투자업관계기관과의 이해관계,제5조,0.9,이해관계|금지|상근 임직원|청산대상업자|금융투자업관계기관,2026-04-26
금융투자상품거래청산회사,행한다,ACTION,청산대상거래의 확인업무,제323조의10,0.95,업무|청산대상거래|정관,2026-04-26
금융투자상품거래청산회사,행한다,ACTION,"청산대상거래에 따른 채무의 채무인수, 경개, 그 밖의 방법에 따른 채무부담업무",제323조의10,0.95,업무|채무|청산대상거래,2026-04-26
금융투자상품거래청산회사,행한다,ACTION,청산대상거래에서 발생하는 다수의 채권 및 채무에 대한 차감업무,제323조의10,0.95,업무|채권|채무|청산대상거래,2026-04-26
금융투자상품거래청산회사,행한다,ACTION,결제목적물ㆍ결제금액의 확정 및 결제기관에 대한 결제지시업무,제323조의10,0.95,업무|결제|결제기관,2026-04-26
금융투자상품거래청산회사,행한다,ACTION,결제불이행에 따른 처리업무,제323조의10,0.95,업무|결제불이행|처리,2026-04-26
금융투자상품거래청산회사,행한다,ACTION,제1호부터 제5호까지의 규정에 따른 업무에 수반되는 부수업무로서 금융위원회로부터 승인을 받은 업무,제323조의10,0.95,업무|부수업무|금융위원회|승인,2026-04-26
금융투자상품거래청산회사,금지함,ACTION,제1항 각 호의 업무 외에 다른 업무를 할 수 없다,제323조의10,0.95,업무|제한,2026-04-26
금융투자상품거래청산회사,예외로함,LOGICAL,이 법 또는 다른 법령에서 금융투자상품거래청산회사의 업무로 규정한 업무를 행하는 경우,제323조의10,0.9,업무|법령|예외,2026-04-26
금융투자상품거래청산회사,예외로함,LOGICAL,"이 법 또는 다른 법률에서 정하는 바에 따라 거래소, 그 밖에 대통령령으로 정하는 금융투자업관계기관이 금융투자상품거래청산업무를 하는 경우",제323조의10,0.9,업무|거래소|금융투자업관계기관|예외,2026-04-26
금융투자상품거래청산회사,정하여야 한다,ACTION,청산업무규정,제323조의11,0.95,청산업무규정,2026-04-26
결제업무규정,정의함,LOGICAL,제303조,303,0.95,정의|결제업무규정,2026-04-26
회원관리규정,정의함,LOGICAL,제387조,제387조의,0.85,정의|회원관리규정 정의,2026-04-26
금융투자상품거래청산회사,금지함,ACTION,정당한 사유 없이 특정한 청산 대상업자를 차별적으로 대우,제323조의12,0.95,차별 금지|정당한 사유 없이 차별적 대우 금지,2026-04-26
차별 금지,정의함,LOGICAL,정당한 사유 없이 특정한 청산 대상업자를 차별적으로 대우하지 않는다.,제323조의12,0.95,차별 금지|정당한 사유 없이 차별적 대우 금지,2026-04-26
청산대상업자,예치하여야 한다,ACTION,금융투자상품거래청산회사에 청산증거금,제323조의13,0.95,청산증거금|예치|금융투자상품거래청산회사,2026-04-26
청산대상업자,예외로함,LOGICAL,청산증거금,제323조의13,0.9,청산증거금|예외,2026-04-26
금융투자상품거래청산회사,사용함,ACTION,청산증거금,제323조의13,0.95,청산증거금|변제,2026-04-26
채무변제순위,우선권을가짐,ACTION,금융투자상품거래청산회사 또는 다른 청산대상업자,제323조의15,0.9,채무변제순위|우선권|청산대상업자,2026-04-26
채무변제순위,우선권을가짐,ACTION,결제목적물 및 결제대금,제323조의15,0.9,채무변제순위|우선권|결제목적물|결제대금,2026-04-26
채무변제순위,우선권을가짐,ACTION,청산대상업자의 재산,제323조의15,0.9,채무변제순위|우선권|재산,2026-04-26
채무변제순위,예외로함,LOGICAL,전세권·질권·저당권 등 담보권에 의한 채권,제323조의15,0.85,채무변제순위|예외|담보권,2026-04-26
금융투자상품거래청산회사,요구함,ACTION,거래정보,제323조의16,0.95,거래정보 보고|금융투자상품거래청산회사,2026-04-26
금융투자상품거래청산회사,요구함,ACTION,거래정보를 보관·관리,제166조의3,0.95,거래정보 보관·관리|청산의무거래|대통령령,2026-04-26
금융투자상품거래청산회사,요구함,ACTION,거래정보를 금융위원회 및 대통령령으로 정하는 자에게 보고,제166조의3,0.95,보고|대통령령,2026-04-26
대통령령,정한다,ACTION,"거래정보의 보관·관리 및 보고의 요령과 방법, 필요한 사 항",제166조의3,0.9,정한다|보관·관리|보고|요령과 방법,2026-04-26
준용규정,준용함,STRUCTURE,제323조,323조의17,0.9,준용규정|제323조,2026-04-26
제54조,STRUCTURE,STRUCTURE,None,54,0.0,None,2026-04-26
제63조,정의함,LOGICAL,제63조,63,0.5,제63조,2026-04-26
제383조제1항,상위조항,STRUCTURE,제383조,제383조제1항,0.6,제383조,2026-04-26
제408조,정의함,LOGICAL,제408조,408,0.5,제408조,2026-04-26
금융실명거래 및 비밀보장에 관한 법률,정의함,LOGICAL,금융실명거래 및 비밀보장,제413조,0.85,금융실명거래|비밀보장,2026-04-26
제4조,준용함,STRUCTURE,금융투자상품거래청산회사,제4조,0.95,준용|금융투자상품거래청산회사,2026-04-26
주식소유 제한,정의함,LOGICAL,사람이 금융투자상품거래청산회사의 의결권 있는 발행주식총수의 20% 초과 주식을 소유할 수 없음,323조의18,0.95,주식소유 제한|금융투자상품거래청산회사|의결권 있는 주식|20% 초과,2026-04-26
사람,금지함,ACTION,의결권 있는 발행주식총수의 20% 초과 주식 소유,323조의18,0.9,금융투자상품거래청산회사|의결권 있는 주식|20% 초과,2026-04-26
사람,금지함,ACTION,주식 소유,323조의18,0.85,다음 각 호의 어느 하나에 해당하는 경우를 제외하고는,2026-04-26
제406조,STRUCTURE,STRUCTURE,제4조,406,0.0,,2026-04-26
정부,준용,ACTION,제407조,제407조,0.95,제407조 준용|정부가 소유하는 경우|대통령령으로 정하는 바에 따라 금융위원회의 승인을 받은 경우,2026-04-26
검사,정의함,LOGICAL,금융투자상품거래청산회사에 대한 검사,제323조의19,0.9,검사|금융투자상품거래청산회사,2026-04-26
준용,준용한다,ACTION,제419조(제2항부터 제4항까지 및 제8항은 제외한다),419,0.95,준용|제2항부터 제4항까지 및 제8항은 제외,2026-04-26
금융위원회,요구함,ACTION,조치,제323조의20,0.95,금융투자상품거래청산회사|조치,2026-04-26
인증 취소,허용함,ACTION,인증,제323조의3제1항,0.95,인증 취소|허용,2026-04-26
인증 취소,근거함,STRUCTURE,제323조의3제1항,제323조의3제1항,0.9,인증 취소|근거,2026-04-26
제323조의3제1항,정의함,LOGICAL,인가를 받은 경우,제323조의3제1항,0.9,인가|조건,2026-04-26
제323조의3제1항,정의함,LOGICAL,인가조건을 위반한 경우,제323조의3제1항,0.9,인가조건|위반,2026-04-26
자본시장의 공정성ㆍ신뢰성 및 효율성,참조함,STRUCTURE,제423조,Unknown,0.5,제1조|제423조,2026-04-26
제425조까지의 규정,준용한다,ACTION,금융투자상품거래청산회사 및 그 임직원에 대한 조치 등에 관하여,제425조,0.95,규정 준용|금융투자상품거래청산회사|임직원,2026-04-26
무인가 증권금융업무 금지,금지함,ACTION,증권 금융업무,323조의21,0.95,무인가 증권금융업무 금지|증권 금융업무,2026-04-26
업무,정의함,LOGICAL,제326조제1항에 따른 업무,326,0.9,정의|업무,2026-04-26
업무,금지함,ACTION,영위,326,0.8,금지|영위,2026-04-26
제324조,정의함,LOGICAL,인가,제324조,0.8,인가,2026-04-26
자,요구함,ACTION,금융위원회의 인가,326조제1항제2호,0.95,증권금융업무|인증,2026-04-26
자,요구함,ACTION,상법에 따른 주식회사,326조제1항제2호,0.9,법인요건,2026-04-26
자,요구함,ACTION,자기자본 20억원 이상 및 대통령령 금액 이상의 자기자본,326조제1항제2호,0.9,자본요건,2026-04-26
자,요구함,ACTION,사업계획이 타당하고 건전할 것,326조제1항제2호,0.9,사업계획요건,2026-04-26
자,요구함,ACTION,"인력 및 전산설비, 물적설비를 갖출 것",326조제1항제2호,0.9,설비요건,2026-04-26
자,요구함,ACTION,임원이 금융회사의 지배구조에 관한 법률을 준수할 것,326조제1항제2호,0.9,지배구조요건,2026-04-26
증권금융업무,정의함,LOGICAL,증권금융업무(이하 “증권금융업무”라 한다),326조제1항제2호,0.95,증권금융업무,2026-04-26
제5조,참조함,STRUCTURE,대주주,5,0.6,대주주,2026-04-26
증권금융업무,정의함,LOGICAL,"금융투자상품의 매도·매수, 증권의 발행·인수 또는 그 중개나 청약의 권유, 청약, 청약의 승낙과 관련하여 투자매매업자 또는 투자중개업자에 대하여 필요한 자금 또는 증권을 대여하는 업무",326,0.95,증권금융업무 정의|금융투자상품 매도·매수,2026-04-26
증권금융업무,정의함,LOGICAL,거래소시장에서의 매매거래(다자간매매체결회사에서의 거래를 포함한다) 또는 청산대상 거래에 필요한 자금 또는 증권을,326,0.95,증권금융업무 정의|거래소시장에서의 매매거래,2026-04-26
증권금융회사,영위할 수 있다,ACTION,대여하는 업무,제378조제1항,0.95,영위|가능성,2026-04-26
증권금융회사,영위할 수 있다,ACTION,증권을 담보로 하는 대출업무,제378조제1항,0.95,영위|가능성,2026-04-26
증권금융회사,영위할 수 있다,ACTION,그 밖에 금융위원회의 승인을 받은 업무,제378조제1항,0.95,영위|가능성|승인,2026-04-26
증권금융회사,영위할 수 있다,ACTION,투자매매업 및 투자중개업 중 대통령령으로 정하는 업무,제378조제1항,0.95,영위|가능성,2026-04-26
증권금융회사,영위할 수 있다,ACTION,신탁업무,제378조제1항,0.95,영위|가능성,2026-04-26
증권금융회사,영위할 수 있다,ACTION,집합투자재산의 보관·관리 업무,제378조제1항,0.95,영위|가능성,2026-04-26
증권금융회사,영위할 수 있다,ACTION,증권대차업무,제378조제1항,0.95,영위|가능성,2026-04-26
증권금융회사,영위할 수 있다,ACTION,이 법 또는 다른 법령에서 증권금융회사의 업무로 규정한 업무,제378조제1항,0.9,영위|가능성|법규,2026-04-26
증권금융회사,영위할 수 있다,ACTION,그 밖에 금융위원회로부터 승인을 받은 업무,제378조제1항,0.9,영위|가능성|승인,2026-04-26
증권금융회사,인가를 받아야 한다,ACTION,인가·허가·등록,제378조제1항,0.95,인가|요구,2026-04-26
증권금융회사,영위할 수 있다,ACTION,증권금융업무 외에 다음 각 호의 업무,제378조제1항,0.9,영위|가능성,2026-04-26
부수업무,정의함,LOGICAL,제330조에 따른 업무에 부수하는 업무,330,0.9,부수업무|제330조|업무,2026-04-26
부수업무,행한다,ACTION,보호예수업무,330,0.95,부수업무|보호예수업무,2026-04-26
부수업무,행한다,ACTION,금융위원회의 승인을 받은 업무,330,0.95,부수업무|금융위원회의 승인을 받은 업무,2026-04-26
부수업무,구조,STRUCTURE,제330조,330,0.9,부수업무|제330조,2026-04-26
증권금융회사의 상근임원,요구함,ACTION,금융투자업자의 임직원 외의 자,제327조,0.95,상근임원|금융투자업자|임직원 외의 자,2026-04-26
제327조,참조함,STRUCTURE,금융회사의 지배구조에 관한 법률,제327조,0.9,지배구조에 관한 법률,2026-04-26
상근임원,정의함,LOGICAL,금융투자업자의 임직원 외의 자이어야 한다,제327조,0.9,상근임원|금융투자업자|임직원 외의 자,2026-04-26
제328조(준용규정),준용함,STRUCTURE,다른 법령의 규정,328,0.85,준용규정|deemed application,2026-04-26
제63조,구조,STRUCTURE,제63조,제63조,0.0,,2026-04-26
제64조,참조함,STRUCTURE,금융회사의 지배구조에 관한 법률,제64조,0.9,제64조|금융회사의 지배구조에 관한 법률,2026-04-26
제31조,준용한다,ACTION,증권금융회사,31,0.95,준용|제31조,2026-04-26
증권금융회사,허용함,ACTION,자금 예탁을 받을 수 있다,330조,0.95,자금 예탁|허용,2026-04-26
증권금융회사,허용함,ACTION,채무증서를 발행할 수 있다,330조,0.95,채무증서|허용,2026-04-26
제1항 및 제2항의 경우,예외로함,LOGICAL,한국은행법과 은행법 적용,330조,0.9,한국은행법|은행법|예외,2026-04-26
금융위원회,감독,ACTION,증권금융회사,제331조,0.95,감독,2026-04-26
금융위원회,근거함,STRUCTURE,이 법,제331조,0.9,근거,2026-04-26
제331조,참조함,STRUCTURE,은행법,제331조,0.9,참조,2026-04-26
제34조,참조함,STRUCTURE,제34조 및,제34조,0.5,제34조,2026-04-26
금융위원회,정하다,ACTION,경영지도기준,제46조,0.95,경영의 건전성|감독업무|증권금융회사,2026-04-26
제46조,준용한다,STRUCTURE,증권금융회사의 경영의 건전성을 유지하기 위한 감독업무,제46조,0.95,경영의 건전성|감독업무|증권금융회사,2026-04-26
증권금융회사,요구함,ACTION,업무 폐지 등의 승인,332,0.4,업무 폐지|승인,2026-04-26
업무 폐지/해산,요구함,ACTION,금융위원회의 승인,326조제1항,0.9,업무 폐지/해산|승인,2026-04-26
금융위원회,공고하여야 한다,ACTION,승인 내용,326조제2항,0.9,금융위원회|승인 내용,2026-04-26
승인방법ㆍ절차,정한다,ACTION,대통령령,326조제3항,0.9,승인방법ㆍ절차|대통령령,2026-04-26
증권금융회사,보고하여야 한다,ACTION,금융위원회,제333조,0.95,정관 변경|지체 없이,2026-04-26
검사,정의함,LOGICAL,증권금융회사에 대한 검사,334,0.8,검사|증권금융회사에 대한 검사,2026-04-26
제419조,준용함,LOGICAL,제2항부터 제4항까지의 규정 및 제8항을 제외한 다,제419조,0.9,검사|증권금융회사,2026-04-26
제419조,준용함,LOGICAL,검사,제419조,0.8,증권금융회사,2026-04-26
금융위원회,권한을가짐,ACTION,증권금융회사의 조치,제335조,0.9,금융위원회|증권금융회사|조치,2026-04-26
증권금융회사,간주함,LOGICAL,다음 각 호의 어느 하나,제335조,0.8,증권금융회사|다음 각 호,2026-04-26
인증 취소,허용함,ACTION,인가,355,0.95,인증 취소|인증|인가,2026-04-26
인가조건을 위반한 경우,위반함,ACTION,인가조건,제324조제1항,0.8,인가조건 위반,2026-04-26
제422조제3항,정의함,LOGICAL,제422조제3항 및,제422조제3항,0.0,제422조제3항,2026-04-26
제423조,근거함,STRUCTURE,제422조,제423조,0.95,제423조|제422조,2026-04-26
금융위원회,제재조치를 할 수 있다,ACTION,위반자,제423조,0.85,제재조치|위반자,2026-04-26
제재조치,정의함,LOGICAL,금융위원회가 위반자에게 부과하는 제재,제423조,0.8,제재조치|위반자,2026-04-26
제425조까지의 규정,준용한다,ACTION,증권금융회사 및 그 임직원에 대한 조치 등에 관하여,425,0.95,규정 준용|규정 적용,2026-04-26
인물,금지함,ACTION,신용평가업 영위,335조의2,0.95,신용평가업|영위|신용평가업인가,2026-04-26
인물,예외로함,LOGICAL,대통령령으로 정하는 경우,335조의2,0.9,대통령령|예외,2026-04-26
인물,요구함,ACTION,신용평가업인가를 받는 것,335조의2,0.9,신용평가업|신용평가업인가,2026-04-26
신용평가업을 영위하려는 자,받다,ACTION,신용평가업인가,제335조의3,0.95,신용평가업|신용평가업인가|금융위원회,2026-04-26
신용평가업을 영위하려는 자,이어야 한다,ACTION,상법에 따른 주식회사 또는 대통령령으로 정하는 법인,제335조의3,0.9,상법|주식회사|법인,2026-04-26
신용평가업을 영위하려는 자,갖추다,ACTION,자본금 50억원 이상,제335조의3,0.9,자본금|50억원,2026-04-26
신용평가업을 영위하려는 자,이어야 한다,ACTION,사업계획이 타당하고 건전할 것,제335조의3,0.9,사업계획|타당|건전,2026-04-26
신용평가업을 영위하려는 자,갖추다,ACTION,"인력 및 전산설비, 물적 설비",제335조의3,0.9,인력|전산설비|물적설비|신용등급,2026-04-26
신용평가업을 영위하려는 자,이어야 한다,ACTION,임원이 금융회사의 지배구조에 관한 법률을 준수,제335조의3,0.85,임원|지배구조법,2026-04-26
대주주,참조함,STRUCTURE,제5조,제5조,0.7,대주주 정의|제5조 참조,2026-04-26
대주주,정의함,LOGICAL,대주주를 말한다,제12조제2항제6호가목,0.95,대주주,2026-04-26
대주주,갖출,ACTION,신용평가회사와 투자자 또는 발행인 사이의 이해상충을 방지하기 위한 체계,제12조제2항제6호가목,0.9,이해상충 방지 체계,2026-04-26
인가,정의함,LOGICAL,신청 및 심사 절차,제335조의4,0.5,인가|신청 및 심사 절차,2026-04-26
신청인,제출,ACTION,인가신청서,제335조의3,0.95,인가신청|제출,2026-04-26
금융위원회,심사,ACTION,인가신청서,제335조의3,0.95,심사,2026-04-26
금융위원회,결정,ACTION,인가 여부,제335조의3,0.95,결정|인가 여부,2026-04-26
금융위원회,보완요구,ACTION,인가신청서,제335조의3,0.9,보완요구|흠결,2026-04-26
금융위원회,조건붙이기,ACTION,인가,제335조의3,0.9,조건붙이기|신용평가회사의 경영건전성,2026-04-26
신청인,요청,ACTION,조건취소/변경,제335조의3,0.9,요청|조건취소|조건변경,2026-04-26
금융위원회,공고,ACTION,"인가 내용, 인가 조건",제335조의3,0.85,공고|인가 내용|인가 조건,2026-04-26
대통령령,정한다,STRUCTURE,"인가신청서 기재사항, 인가심사 방법",제335조의3,0.8,정한다|대통령령,2026-04-26
예비인가,정의함,LOGICAL,제335조의5,제335조의5,0.6,예비인가,2026-04-26
금융위원회,수신받음,ACTION,예비인가 신청,제335조의3,0.9,예비인가 신청,2026-04-26
금융위원회,행동함,ACTION,예비인가 처리(2개월 이내),제335조의3,0.85,예비인가 처리|2개월 이내,2026-04-26
금융위원회,심사,ACTION,예비인가 여부,제335조의3제2항,0.95,예비인가|심사,2026-04-26
금융위원회,통지,ACTION,결과와 이유,제335조의3제2항,0.9,통지|결과|이유,2026-04-26
금융위원회,보완을 요구할 수 있다,ACTION,예비인가신청에 관하여 흠결이 있는 경우,제335조의3제2항,0.85,보완|흠결,2026-04-26
금융위원회,조건을 붙일 수 있다,ACTION,예비인가,제335조의3제2항,0.9,조건|예비인가,2026-04-26
금융위원회,이행 여부를 확인할 수 있다,ACTION,예비인가의 조건,제335조의3제2항,0.8,이행|조건,2026-04-26
제335조의2제2항,요구함,ACTION,본인가 여부를 결정,335-2-2,0.95,확인|결정,2026-04-26
제335조의2제2항,참조함,STRUCTURE,제1항부터 제5항까지의 규정,335-2-2,0.9,참조함|규정,2026-04-26
인가요건의 유지,정의함,LOGICAL,신용평가회사는 인가요건을 유지해야 함,제335조의6,0.95,인가요건의 유지|신용평가회사,2026-04-26
신용평가회사,요구함,ACTION,인가요건을 유지해야 함,제335조의6,0.85,신용평가회사|인가요건,2026-04-26
신용평가업자,요구함,ACTION,신용평가업인가,제335조의3,0.95,신용평가업인가|영위,2026-04-26
신용평가업자,영위함에 있어서,ACTION,업무,제335조의3,0.9,업무|영위,2026-04-26
각 호,유지해야 한다,ACTION,인가요건,제335조의3제2항,0.95,인가요건|유지,2026-04-26
신용평가회사가 아닌 자,금지함,ACTION,신용평가 또는 이와 유사한 명칭을 사용,제335조의7,0.95,유사명칭 사용 금지|신용평가,2026-04-26
대통령령으로 정하는 경우,예외로함,LOGICAL,신용평가 또는 이와 유사한 명칭을 사용,제335조의7,0.9,대통령령|예외,2026-04-26
금융회사의 지배구조에 관한 법률,참조함,STRUCTURE,제335조의8,335조의8,0.9,금융회사의 지배구조에 관한 법률|제335조의8,2026-04-26
제5조,정의함,LOGICAL,자본시장과 금융투자업에 관한 법률,제5조,0.2,제5조,2026-04-26
겸영업무,준용함,STRUCTURE,금융회사의 지배구조에 관한 법률,제335조의10,0.95,겸영업무|금융회사의 지배구조에 관한 법률,2026-04-26
제25조제3항,참조함,STRUCTURE,제25조,제25조제3항,0.8,제25조제3항|제25조,2026-04-26
제26조,구성요소,STRUCTURE,제26조제1항제1호,제26조,0.6,제26조,2026-04-26
제30조,준용함,STRUCTURE,신용평가회사의 준법감시인,제30조,0.95,준용|신용평가회사의 준법감시인,2026-04-26
대통령령,정한다,ACTION,신용평가내부통제기준 및 준법감시인에 관한 필요한 사항,제30조,0.95,신용평가내부통제기준|준법감시인|대통령령,2026-04-26
신용평가회사 및 그 임직원,수행하여야 한다,ACTION,업무,제335조의9,0.95,독립성|공정성|충실성,2026-04-26
신용평가회사,허용함,ACTION,업무 겸영,335조의10,0.95,신용평가회사|업무 겸영,2026-04-26
업무 겸영,정의함,LOGICAL,투자자 보호 및 건전한 거래질서를 해할 우려가 없는 업무,335조의10,0.9,업무 겸영|투자자 보호|건전한 거래질서,2026-04-26
신용평가회사,허용함,ACTION,업무,제263조,0.95,신용평가회사의 업무|영위할 수 있다,2026-04-26
신용평가회사,허용함,ACTION,신용공여의 원리금상환 가 능성에 대한 평가 업무,제263조,0.9,신용공여|평가 업무,2026-04-26
신용평가회사,허용함,ACTION,"은행, 보험회사, 그 밖에 대통령령으로 정하는 금융기관의 지급능력, 재무건전성 등에 대한 평가 업무",제263조,0.9,지급능력|재무건전성|평가 업무,2026-04-26
신용평가회사,허용함,ACTION,그 밖에 대통령령으로 정하는 업무,제263조,0.8,대통령령|업무,2026-04-26
신용평가회사,요구함,ACTION,금융위원회에 신고,제263조,0.95,영위하려는 날|신고,2026-04-26
신용평가회사,허용함,ACTION,신용평가업에 부수 하는 업무,제263조,0.9,부수 업무,2026-04-26
제41조제2항부터 제4항까지의 규정,준용함,LOGICAL,신용평가회사,제41조제2항부터 제4항까지,0.95,준용,2026-04-26
신용평가회사,정하고,ACTION,신용평가방법,제335조의11,0.95,신용평가방법|정하기,2026-04-26
신용평가회사,하여야 한다,ACTION,신용평가,제335조의11,0.95,신용평가|행위,2026-04-26
신용평가회사,고려해야 한다,ACTION,종합적 고려 대상,제335조의11,0.9,종합적 고려|위험,2026-04-26
신용평가회사,작성하여야 한다,ACTION,신용평가서,제335조의11,0.95,신용평가서|작성,2026-04-26
신용평가회사,포함해야 한다,ACTION,"신용등급, 신용평가회사의 의견, 출자관계, 기타 정보",제335조의11,0.9,신용등급|신용평가서 내용,2026-04-26
신용평가회사,제공하여야 한다,ACTION,"신용평가서, 신용평가실적서 등",제335조의11,0.95,제공|신용평가서,2026-04-26
신용평가회사,보존하여야 한다,ACTION,기록,제335조의11,0.95,기록 보존|3년,2026-04-26
신용평가회사의 임직원,금지함,ACTION,비밀 누설 및 이용,제335조의11,0.95,비밀 누설 금지,2026-04-26
신용평가회사의 임직원,예외로함,LOGICAL,"요청인 동의, 법원 제출명령, 법률에 따라 제공",제335조의11,0.9,예외,2026-04-26
신용평가회사,금지함,ACTION,"특수 관계에 있는 자와 관련된 신용평가, 강요, 투자자 보호 우려 행위",제335조의11,0.95,금지 행위,2026-04-26
제335조의11,상위조항,STRUCTURE,제335조,제335조의11,0.99,상위조항,2026-04-26
제335조의11,근거함,STRUCTURE,금융위원회,제335조의11,0.95,근거,2026-04-26
제335조의11,근거함,STRUCTURE,대통령령,제335조의11,0.95,근거,2026-04-26
신용평가회사,요구함,ACTION,신용평가방법,제335조의12,0.9,신용평가방법|신용평가회사,2026-04-26
신용평가회사,요구함,ACTION,신용평가서,제335조의 11제1항,0.95,신용평가서 제출|신용평가회사,2026-04-26
신용평가회사,요구함,ACTION,"금융위원회, 거래소 및 협회",제335조의 11제1항,0.95,신용평가서 제출|제출 대상,2026-04-26
회사,제한함,ACTION,의결권,제335조의13,0.95,의결권 제한,2026-04-26
금융기관,준용함,STRUCTURE,제335조의3제2항제1호나목,335조의3제2항제1호나목,0.85,규정|의무,2026-04-26
주식 처분,명할 수 있다,ACTION,신용평가회사의 주식,제335조의3제2항제1호,0.9,주식 처분|신용평가회사의 주식,2026-04-26
주식 처분,기간을 정하여,ACTION,6개월 이내,제335조의3제2항제1호,0.8,주식 처분|6개월 이내,2026-04-26
주식 처분,기준,LOGICAL,가목 또는 나목,제335조의3제2항제1호,0.7,가목|나목,2026-04-26
주식 처분,대상,LOGICAL,신용평가회사의 주식,제335조의3제2항제1호,0.9,신용평가회사의 주식,2026-04-26
준용규정,정의함,LOGICAL,제335조의14,335조의14,0.9,정의|준용규정,2026-04-26
제335조의14,상위조항,STRUCTURE,제335조,335조의14,0.95,제335조의14|제335조,2026-04-26
임직원,정의함,LOGICAL,금융투자 상품의 신용평가를 담당하는 임직원,63,0.95,임직원|신용평가|금융투자상품,2026-04-26
공시의무,정의함,LOGICAL,기업은 공시를 해야 한다,제415조,0.9,공시의무|기업|정보공개,2026-04-26
신용평가회사,준용한다,ACTION,제419조 규정,제419조,0.95,신용평가회사|제419조 규정,2026-04-26
제419조 규정,예외로함,LOGICAL,제2항부터 제4항까지 및 제8항,제419조,0.9,제419조 규정|제2항부터 제4항까지 및 제8항,2026-04-26
집합투자기구평가회사,정의함,LOGICAL,신용평가 회사,제259조제2항,0.95,집합투자기구평가회사 정의|신용평가 회사,2026-04-26
금융위원회,조치함,ACTION,신용평가회사,제335조의15,0.95,신용평가회사|조치,2026-04-26
제335조의3제1항,참조함,STRUCTURE,제335조,제335조의3제1항,0.95,제335조의3제1항|제335조,2026-04-26
인증을 받은 경우,참조함,STRUCTURE,제335조의3제1항,Unknown,0.9,인증|제335조의3제1항,2026-04-26
제335조의3제1항,정의함,LOGICAL,인증을 받은 경우,Unknown,0.8,제335조의3제1항|인증,2026-04-26
인증조건 위반,위반함,ACTION,인증조건,제335조의4제4항,0.9,인증조건|위반,2026-04-26
제425조까지의 규정,준용함,STRUCTURE,신용평가회사 및 그 임직원에 대한 조치 등에 관하여,제425조,0.95,신용평가회사|임직원|조치,2026-04-26
종합금융회사,수행,ACTION,업무,제336조,0.95,종합금융회사|업무,2026-04-26
종합금융회사,정의함,LOGICAL,업무,제336조,0.9,종합금융회사|업무,2026-04-26
업무,정의함,LOGICAL,어음의 발행ㆍ할인ㆍ매매ㆍ중개ㆍ인수 및 보증,제3조,0.95,업무|어음의 발행ㆍ할인ㆍ매매ㆍ중개ㆍ인수 및 보증,2026-04-26
업무,정의함,LOGICAL,설비 또는 운전자금의 투융자,제3조,0.95,업무|설비 또는 운전자금의 투융자,2026-04-26
업무,정의함,LOGICAL,증권의 인수ㆍ매출 또는 모집ㆍ매출의 중개ㆍ주선ㆍ대리,제3조,0.95,업무|증권의 인수ㆍ매출 또는 모집ㆍ매출의 중개ㆍ주선ㆍ대리,2026-04-26
업무,정의함,LOGICAL,"외자도입, 해외 투자, 그 밖의 국제금융의 주선과 외자의 차입 및 전대",제3조,0.95,"업무|외자도입, 해외 투자, 그 밖의 국제금융의 주선과 외자의 차입 및 전대",2026-04-26
업무,정의함,LOGICAL,채권의 발행,제3조,0.95,업무|채권의 발행,2026-04-26
업무,정의함,LOGICAL,기업의 경영 상담과 기업인수 또는 합병 등에 관한 용역,제3조,0.95,업무|기업의 경영 상담과 기업인수 또는 합병 등에 관한 용역,2026-04-26
업무,정의함,LOGICAL,지급보증,제3조,0.95,업무|지급보증,2026-04-26
업무,정의함,LOGICAL,제1호부터 제7호까지의 업무에 부수되는 업무로서 대통령령으로 정하는 업무,제3조,0.95,업무|제1호부터 제7호까지의 업무에 부수되는 업무로서 대통령령으로 정하는 업무,2026-04-26
종합금융회사는,허용함,ACTION,시설대여업무,제3조,0.9,종합금융회사|시설대여업무,2026-04-26
종합금융회사는,허용함,ACTION,집합투자업(투자신탁의 설정ㆍ해지 및 투자신탁재산의 운용업무에 한한다),제3조,0.9,종합금융회사|집합투자업,2026-04-26
종합금융회사는,허용함,ACTION,금전신탁 외의 신탁업,제3조,0.9,종합금융회사|금전신탁 외의 신탁업,2026-04-26
종합금융회사는,허용함,ACTION,증권을 대상으로 하는 투자매매업 및 투자중개업(제1항제3호에 해당되는 부분을 제외한 다),제3조,0.9,종합금융회사|증권을 대상으로 하는 투자매매업 및 투자중개업,2026-04-26
종합금융회사는,허용함,ACTION,외국환업무,제3조,0.9,종합금융회사|외국환업무,2026-04-26
종합금융회사,요구함,ACTION,금융위원회의 인가,337,0.95,지점등 설치|인증,2026-04-26
종합금융회사,준용함,STRUCTURE,대통령령으로 정하는 기준 및 방법,337,0.9,지점등 설치|대통령령 기준 및 방법,2026-04-26
종합금융회사가 아닌 자,금지함,ACTION,종합금융회사 또는 유사한 명칭 사용,338,0.95,유사명칭의 사용금지,2026-04-26
종합금융회사는,정의함,LOGICAL,인가사항 등,339,0.4,인가사항 등,2026-04-26
종합금융회사,요구함,ACTION,금융위원회에 내용 보고,제336조,0.9,7일 이내|정관 변경|업무방법 변경|본점 이전,2026-04-26
종합금융회사,요구함,ACTION,금융위원회에 사전 신고,제336조,0.85,사전 신고|본점 이전,2026-04-26
종합금융회사는,준용함,STRUCTURE,상법,제340조,0.7,채권의 발행|상법 준용,2026-04-26
종합금융회사,허용함,ACTION,채권,제470조,0.95,채권 발행|자기자본의 10배 범위,2026-04-26
종합금융회사,참조함,STRUCTURE,제1항,제470조,0.85,제1항에 따라,2026-04-26
대통령령,정한다,STRUCTURE,채권 발행에 관한 필요한 사항,제470조,0.8,필요한 사항|대통령령,2026-04-26
집합투자업에 대한 특례,정의함,LOGICAL,집합투자업에 대한 특례,341,0.6,집합투자업에 대한 특례,2026-04-26
업무,요구함,ACTION,투자신탁의 설정ㆍ해지 및 운용,제336조 2,0.95,투자신탁|설정|해지|운용,2026-04-26
업무,근거함,STRUCTURE,제336조,제336조 2,0.9,근거,2026-04-26
업무,예외로함,LOGICAL,제2호의 업무,제336조 2,0.85,제2호의 업무|제외,2026-04-26
업무,수행함,ACTION,투자신탁재산의 운용,제336조 2,0.9,투자신탁재산|운용,2026-04-26
종합금융회사,금지함,ACTION,증권에 투자,제344조,0.95,증권 투자한도|자기자본 100% 초과 금지,2026-04-26
종합금융회사,정의함,LOGICAL,투자한도 = 자기자본의 100%,제344조,0.9,투자한도|자기자본 100%,2026-04-26
종합금융회사,예외로함,LOGICAL,국채증권과 한국은행이 발행한 통화안정증권,제344조,0.9,한도계산 제외|국채증권|통화안정증권,2026-04-26
금융위원회,고시할 수 있다,ACTION,주식 및 파생결합증권 등에 대한 투자한도,제344조,0.9,투자한도 고시|주식|파생결합증권,2026-04-26
종합금융회사,금지함,ACTION,다른 상호출자제한기업집단에 속하는 금융기관,제345조,0.95,금지행위|상호출자제한기업집단,2026-04-26
종합금융회사,금지함,ACTION,다른 상호출자제한기업집단에 속하는 회사,제345조,0.9,금지행위|상호출자제한기업집단,2026-04-26
종합금융회사,금지함,ACTION,한도 회피를 위한 교차 소유 또는 신용공여 행위,제344조,0.95,한도 회피|교차 소유|신용공여,2026-04-26
종합금융회사,금지함,ACTION,자기주식 취득 제한 회피를 위한 교차 주식 취득 행위,제344조,0.9,자기주식 취득 제한 회피|교차 주식 취득,2026-04-26
종합금융회사,금지함,ACTION,예금자 및 투자자 이익을 크게 해할 우려가 있는 행위 (대통령령으로 정하는 행위),제344조,0.85,예금자 이익 해할 행위|대통령령 정의,2026-04-26
종합금융회사,금지함,ACTION,의결권 행사 (제1항 위반으로 취득한 주식에 대해),제344조,0.9,의결권 행사 금지|제1항 위반,2026-04-26
종합금융회사,금지함,ACTION,신용공여를 통한 주식 매입,제344조,0.9,신용공여 금지|주식 매입,2026-04-26
금융위원회,권한을가짐,ACTION,주식 처분 및 신용공여 회수 조치 (제1항 또는 제3항 위반 종합금융회사에 대해),제344조,0.95,금융위원회 권한|주식 처분|신용공여 회수|6개월 이내 기간,2026-04-26
금융위원회,정한다,ACTION,6개월 이내 기간,제344조,0.9,6개월 이내 기간|제1항 위반|제3항 위반,2026-04-26
한도 회피 행위,정의함,LOGICAL,대통령령으로 정하는 행위,제344조,0.8,한도 회피 정의|대통령령,2026-04-26
종합금융회사,보유하여야 한다,ACTION,지급준비자산,제346조,0.95,지급준비자산|보유,2026-04-26
종합금융회사,금지함,ACTION,부동산을 취득,제347조,0.95,부동산 취득 제한|업무용 부동산 제외,2026-04-26
종합금융회사,금지함,ACTION,부동산을 소유,제347조,0.95,부동산 소유 제한|업무용 부동산 제외,2026-04-26
종합금융회사,예외로함,LOGICAL,부동산을 소유,제347조,0.9,담보권 실행|부동산 소유,2026-04-26
종합금융회사,금지함,ACTION,업무용 부동산을 취득,제347조,0.9,자기자본 초과 제한|업무용 부동산 취득,2026-04-26
종합금융회사,요구함,ACTION,부동산 처분,제347조,0.9,부동산 처분|업무용 부동산이 아닌 부동산,2026-04-26
대통령령,정의함,LOGICAL,업무용 부동산 범위,제347조,0.8,업무용 부동산 정의,2026-04-26
제348조,삭제함,STRUCTURE,2016. 3. 29.,348,0.95,삭제|제거,2026-04-26
금융위원회,과징금,SANCTION,종합금융회사,제349조,0.9,과징금|종합금융회사,2026-04-26
금융위원회,부과할 수 있다,ACTION,과징금,제343조제1항,0.95,과징금|부과,2026-04-26
과징금,부과범위,LOGICAL,한도를 초과한 신용공여액,제343조제1항,0.85,한도 초과|신용공여액,2026-04-26
과징금,부과할 수 있다,ACTION,종합금융 회사,제347조,0.9,과징금|부과,2026-04-26
위반자,요구함,ACTION,과징금(30% of 부동산 취득금액),제347조제1항,0.95,과징금|부동산 취득금액|30%,2026-04-26
위반자,부과,ACTION,과징금,제347조제2항,0.95,과징금|부과,2026-04-26
과징금,금액,LOGICAL,한도를 초과한 업무용 부동산 취득금액의 30%,제347조제2항,0.9,과징금|금액,2026-04-26
규정 준용,준용함,ACTION,제434조까지의 규정,제434조,0.9,규정 준용|제434조까지의 규정,2026-04-26
종합금융회사,준용함,STRUCTURE,제1조,350,0.8,종합금융회사|준용규정|제1조,2026-04-26
제31조,정의함,LOGICAL,내용 없음,31,0.3,제31조|내용 없음,2026-04-26
제33조,정의함,LOGICAL,제33조,33,0.5,제33조,2026-04-26
제35조,참조함,STRUCTURE,제31조,35,0.1,제35조,2026-04-26
Unknown,정의함,LOGICAL,제36조,Unknown,0.5,Unknown,2026-04-26
제416조,참조함,STRUCTURE,제1조,416,0.1,제416조|제1조,2026-04-26
제418조,한정한다,LOGICAL,제4호부터 제9호까지의 규정,418,0.95,제4호부터 제9호까지의 규정,2026-04-26
제418조,참조함,STRUCTURE,금융회사의 지배구조에 관한 법률,418,0.9,금융회사의 지배구조에 관한 법률,2026-04-26
이 경우,준용한다,ACTION,제31조(제5항은 제외한다),제31조,0.9,준용|제31조,2026-04-26
제31조,예외로함,LOGICAL,제5항,제31조,0.8,제31조|제5항|예외,2026-04-26
금융투자업자,정의함,LOGICAL,종합금융회사,제31조제1항,0.95,금융투자업자 정의|종합금융회사,2026-04-26
삭제,삭제함,ACTION,제351조,351,0.95,삭제,2026-04-26
한국은행법 및 은행법,적용하지 않는다,ACTION,종합금융회사,제352조,0.95,종합금융회사|적용|법률,2026-04-26
이 법,적용,ACTION,그 업무의 종류에 따라 이 법 또는 각 해당 법률,336,0.95,업무 종류에 따른 법 적용,2026-04-26
이 장에 특별한 규정이 있는 사항,예외로함,LOGICAL,이 법 또는 각 해당 법률 적용,336,0.9,특별한 규정 제외,2026-04-26
검사,요구함,ACTION,종합금융회사,353,0.9,검사|종합금융회사,2026-04-26
검사,준용한다,ACTION,종합금융회사,419,0.9,검사|종합금융회사,2026-04-26
검사,예외로함,LOGICAL,제2항부터 제4항까지 및 제8항,419,0.9,검사|제2항부터 제4항까지 및 제8항,2026-04-26
금융위원회,취소할 수 있다,ACTION,인가,354,0.95,종합금융회사 인가 취소|인증조건 위반,2026-04-26
제423조,상위조항,STRUCTURE,제422조,423,0.6,제423조|제422조,2026-04-26
제423조,법적 강제성,LOGICAL,None,423,0.7,법적 강제성|None,2026-04-26
제425조까지의 규정,준용한다,ACTION,종합금융회사 및 그 임직원에 대한 조치 등에 관하여,제425조,0.95,규정 준용|종합금융회사,2026-04-26
자금거래 중개업자,요구함,ACTION,금융위원회의 인가,355,0.95,자금거래 중개업자|금융위원회|인가,2026-04-26
자금거래 중개업자,요구함,ACTION,상법에 따른 주식회사,355,0.95,자금거래 중개업자|상법|주식회사,2026-04-26
자금거래 중개업자,요구함,ACTION,자기자본 10억원 이상 및 대통령령 금액 이상,355,0.95,자금거래 중개업자|자기자본|10억원|대통령령,2026-04-26
자금거래 중개업자,요구함,ACTION,사업계획이 타당하고 건전할 것,355,0.95,자금거래 중개업자|사업계획|타당|건전,2026-04-26
자금거래 중개업자,요구함,ACTION,"충분한 인력 및 전산설비, 물적 설비",355,0.95,자금거래 중개업자|인력|전산설비|물적설비,2026-04-26
자금거래 중개업자,요구함,ACTION,임원이 금융회사의 지배구조에 관한 법률을 준수,355,0.95,자금거래 중개업자|임원|금융회사의 지배구조에 관한 법률,2026-04-26
대주주,정의함,LOGICAL,대주주 정의,제5조,0.4,대주주 정의,2026-04-26
인가를 받으려는 자,제출해야 한다,ACTION,인가신청서,제12조제1항,0.95,인가신청서 제출|인가를 받으려는 자,2026-04-26
인가를 받으려는 자,제출해야 한다,ACTION,금융위원회,제12조제1항,0.9,인가신청서 제출|금융위원회,2026-04-26
자금중개회사가 아닌 자,금지함,ACTION,자금중개 또는 이와 유사한 명칭 사용,356,0.95,자금중개회사가 아닌 자|자금중개|유사명칭,2026-04-26
자금중개회사,금지함,ACTION,금융투자업,제357조,0.85,자금중개회사의 행위규제|금융투자업,2026-04-26
금융투자업,금지함,ACTION,자금거래의 중개업무와 경제적 실질이 유사한 것으로서 대통령령으로 정하는 금융투자업,제355조제1항,0.9,금융투자업|자금거래의 중개업무|대통령령으로 정하는 금융투자업,2026-04-26
금융투자업,예외로함,LOGICAL,대통령령으로 정하는 금융투자업,제355조제1항,0.8,금융투자업|대통령령으로 정하는 금융투자업,2026-04-26
금융투자업,참조함,STRUCTURE,제355조제1항,제355조제1항,0.95,제355조제1항,2026-04-26
제33조,상위조항,STRUCTURE,제1조,33,0.5,조문|법규,2026-04-26
제2항제3호,제외함,ACTION,제339조,339,0.95,제2항제3호|제외,2026-04-26
제416조,준용,STRUCTURE,자금중개회사,416,0.95,자금중개회사|준용,2026-04-26
자금중개회사의 상근임원,요구함,ACTION,금융위원회의 승인,제355조제1항,0.95,자금중개회사의 상근임원|금융위원회의 승인,2026-04-26
필요한 방법 및 절차 등,정의함,LOGICAL,대통령령으로 정한다,제355조제1항,0.9,필요한 방법 및 절차|대통령령,2026-04-26
검사,정의함,LOGICAL,자금중개회사에 대한 검사,제358조,0.9,검사|자금중개회사,2026-04-26
금융위원회,요구함,ACTION,자금중개회사에 대한 조치,제359조,0.9,자금중개회사|자금중개회사가 다음 각 호의 어느 하나 에 해당하는 경우,2026-04-26
인증,정의함,LOGICAL,인증을 받은 경우,355,0.85,인증|인증을 받은 경우,2026-04-26
인증,정의함,LOGICAL,인증조건을 위반한 경우,355,0.8,인증|인증조건을 위반한 경우,2026-04-26
인증,참조함,STRUCTURE,제355조제1항,355,0.9,인증|제355조제1항,2026-04-26
제423조,구조,STRUCTURE,제423조,423,0.0,,2026-04-26
제425조까지의 규정,준용한다,LOGICAL,자금중개회사 및 그 임직원에 대한 조치 등에 관하여,425,0.95,준용|규정,2026-04-26
영위하려는 자,요구함,ACTION,금융위원회의 인가,360,0.95,단기금융업무|영위|인가,2026-04-26
단기금융업무,정의함,LOGICAL,어음의 발행ㆍ할인ㆍ매매ㆍ중개ㆍ인수 및 보증업무와 그 부대업무,360,0.9,단기금융업무|정의,2026-04-26
인가를 받으려는 자,요구함,ACTION,은행 또는 대통령령으로 정하는 금융기관,360,0.9,자격요건|은행,2026-04-26
인가를 받으려는 자,요구함,ACTION,자기자본 200억원 이상,360,0.9,자본요건,2026-04-26
인가를 받으려는 자,요구함,ACTION,사업계획이 타당하고 건전할 것,360,0.9,사업계획,2026-04-26
인가를 받으려는 자,요구함,ACTION,"충분한 인력 및 전산설비, 물적 시설",360,0.9,인력|전산설비|물적시설,2026-04-26
신청인,제출해야 한다,ACTION,인가신청서,제12조제2항제6호,0.98,신청인|인가신청서,2026-04-26
금융위원회,결정함,ACTION,인가 여부,제12조제2항제6호,0.97,금융위원회|인가 여부,2026-04-26
금융위원회,통지함,ACTION,신청인,제12조제2항제6호,0.97,금융위원회|신청인,2026-04-26
금융위원회,요구함,ACTION,보완,제12조제2항제6호,0.96,금융위원회|보완,2026-04-26
신청인,요청할 수 있다,ACTION,조건의 취소 또는 변경,제12조제2항제6호,0.95,신청인|조건,2026-04-26
금융위원회,결정함,ACTION,조건의 취소 또는 변경 여부,제12조제2항제6호,0.96,금융위원회|조건,2026-04-26
준용규정,정의함,LOGICAL,제361조,361,0.9,준용규정,2026-04-26
제외,제외함,ACTION,제2항제1호 및 제3호,339,0.95,제외|제2항제1호 및 제3호,2026-04-26
제342조,상위조항,STRUCTURE,제341조,342,0.3,제341조,2026-04-26
제352조제1항,참조함,STRUCTURE,제352조,352,0.8,제352조,2026-04-26
단기금융회사,준용함,ACTION,단기금융업무 범위,416,0.95,준용|단기금융업무 범위,2026-04-26
투자매매업 또는 투자중개업에 관한 금융투자업인가를 받은 자,영위함,ACTION,기업어음증권에 대한 투자매매업 또는 투자중개업,제362조,0.95,영위|기업어음증권,2026-04-26
투자매매업 또는 투자중개업에 관한 금융투자업인가를 받은 자,예외로함,LOGICAL,단기금융업무,제362조,0.95,단기금융업무의 적용배제|단기금융업무,2026-04-26
단기금융회사(종합금융회사를 포함한다),영위함,ACTION,기업어음증권에 대한 투자매매업 또는 투자중개업,제362조,0.95,영위|기업어음증권,2026-04-26
단기금융회사(종합금융회사를 포함한다),예외로함,LOGICAL,기업어음증권에 대한 투자매매업 또는 투자중개업,제362조,0.95,단기금융업무의 적용배제|기업어음증권,2026-04-26
단기금융회사 검사,정의함,LOGICAL,단기금융회사의 검사 절차,제363조,0.6,단기금융회사|검사|절차,2026-04-26
단기금융회사 검사,참조함,STRUCTURE,제416조,제363조,0.5,제416조|준용,2026-04-26
단기금융회사,준용함,STRUCTURE,검사,419,0.9,준용|검사,2026-04-26
금융위원회,권한을가짐,ACTION,단기금융회사에 대한 조치,제364조,0.8,단기금융회사에 대한 조치|금융위원회,2026-04-26
인정 취소,허용함,ACTION,인가,제360조제1항,0.9,인정 취소|인가,2026-04-26
인정 취소,예외로함,LOGICAL,"거짓, 그 밖의 부정한 방법",제360조제1항,0.8,거짓|부정한 방법,2026-04-26
인증,받다,ACTION,인가,제360조제1항,0.95,인증|인가,2026-04-26
금융위원회,할 수 있다,ACTION,대통령령으로 정하는 조치 (위법행위를 시정하거나 방지하기 위하여 필요한 조치),제360조제9항,0.95,위반 시 조치|단기금융회사,2026-04-26
제422조제3항,구성함,STRUCTURE,제422조,제422조제3항,0.6,제422조,2026-04-26
제425조까지의 규정,준용함,LOGICAL,단기금융회사 및 그 임직원에 대한 조치 등에 관하여,425,0.95,준용|규정|단기금융회사,2026-04-26
부수업무,정의함,LOGICAL,증권의 배당ㆍ이자 및 상환금 지급을 대행하는 업무와 증권의 발행을 대행하는 업무,제366조,0.9,부수업무|배당ㆍ이자 및 상환금 지급 대행 업무|증권 발행 대행 업무,2026-04-26
명의개서대행회사,영위할 수 있다,ACTION,증권의 배당ㆍ이자 및 상환금 지급을 대행하는 업무,제366조,0.95,명의개서대행회사|배당ㆍ이자 및 상환금 지급 대행 업무,2026-04-26
명의개서대행회사,영위할 수 있다,ACTION,증권의 발행을 대행하는 업무,제366조,0.95,명의개서대행회사|증권 발행 대행 업무,2026-04-26
준용규정,정의함,LOGICAL,정의된 개념,제367조,0.95,준용규정|정의,2026-04-26
임직원,담당,LOGICAL,명의개서 대행 업무,63,0.9,명의개서 대행 업무|임직원,2026-04-26
임직원,대행,ACTION,증권의 명의개서,63,0.95,명의개서 대행 업무|임직원,2026-04-26
임직원,한한다,LOGICAL,명의개서 대행 업무,63,0.85,명의개서 대행 업무|임직원,2026-04-26
준용,준용함,ACTION,명의개서대행회사,416,0.95,준용|적용,2026-04-26
명의개서대행회사,요구함,ACTION,검사,368,0.9,명의개서대행회사|검사,2026-04-26
준용,준용한다,ACTION,명의개서대행회사에 대한 검사,제419조,0.95,준용|검사|명의개서대행회사,2026-04-26
준용,제2항부터 제4항까지 및 제8항을 제외한다,STRUCTURE,제2항부터 제4항까지 및 제8항,제419조,0.9,제2항|제3항|제4항|제8항|준용,2026-04-26
금융위원회,조치,ACTION,명의개서대행회사,제369조,0.7,명의개서대행회사에 대한 조치|다음 각 호의 어 느 하나에 해당하는 경우,2026-04-26
금융위원회,권한을가짐,LOGICAL,명의개서대행회사,제369조,0.8,명의개서대행회사에 대한 조치,2026-04-26
등록,정의함,LOGICAL,제365조제1항에 따른 등록,제365조제1항,0.85,등록|제365조제1항,2026-04-26
규정,준용함,STRUCTURE,명의개서대행회사 및 그 임직원에 대한 조치,425,0.95,준용|규정|명의개서대행회사|임직원|조치,2026-04-26
단체를 설립하고자 하는 자,승인을요구함,ACTION,금융위원회의 허가,제370조,0.95,설립|허가,2026-04-26
검사,정의함,LOGICAL,금융투자 관계 단체에 대한 검사,371,0.6,검사|금융투자 관계 단체,2026-04-26
검사,참조함,STRUCTURE,금융투자 관계 단체,371,0.7,검사|금융투자 관계 단체,2026-04-26
검사,준용함,ACTION,금융투자 관계 단체에 대한 검사,419,0.95,검사|금융투자 관계 단체,2026-04-26
금융위원회,권한을가짐,ACTION,금융투자 관계 단체에 대한 조치,제372조,0.95,금융위원회|금융투자 관계 단체|조치,2026-04-26
금융투자 관계 단체,해당,LOGICAL,다음 각 호의 어느 하나,제372조,0.85,금융투자 관계 단체|조건,2026-04-26
허가 취소,허용함,ACTION,허가,370,0.95,허가 취소|허가,2026-04-26
허가 취소,근거함,STRUCTURE,제370조제1항,370,0.9,허가 취소|제370조제1항,2026-04-26
법제처,해제,ACTION,허가,제370조제1항,0.95,허가조건 위반|정관에 따른 목적 외의 업무|투자자 보호 또는 건전한 거래질서를 해할 우려가 있는 경우|대통령령으로 정하는 경우,2026-04-26
허가조건 위반,예외로함,LOGICAL,해제,제370조제1항,0.9,허가조건 위반,2026-04-26
정관에 따른 목적 외의 업무,예외로함,LOGICAL,해제,제370조제1항,0.9,정관에 따른 목적 외의 업무,2026-04-26
투자자 보호 또는 건전한 거래질서를 해할 우려가 있는 경우,예외로함,LOGICAL,해제,제370조제1항,0.9,투자자 보호 또는 건전한 거래질서를 해할 우려가 있는 경우,2026-04-26
제외,예외로함,LOGICAL,제2호,제423조,0.95,제외|제2호,2026-04-26
금융투자 관계 단체,준용함,STRUCTURE,허가 취소,425,0.95,허가 취소|금융투자 관계 단체,2026-04-26
무허가 시장개설행위,금지함,ACTION,금융투자상품시장 개설 및 운영,373,0.95,무허가 시장개설행위|금융투자상품시장 개설 및 운영,2026-04-26
무허가 시장개설행위,예외로함,LOGICAL,다자간매매체결회사가,373,0.8,무허가 시장개설행위|다자간매매체결회사가,2026-04-26
협회,수행함,ACTION,다자간매매체결업무,제78조,0.95,다자간매매체결업무|협회,2026-04-26
협회,근거함,STRUCTURE,제78조,제78조,0.9,제78조|협회,2026-04-26
업무,요구함,ACTION,"공정한 가격 형성, 매매 그 밖의 거래의 안정성 및 효율성의 도모 및 투자자의 보호에 우려가 없는 경우",제286조제1항제5호,0.9,장외매매거래|대통령령,2026-04-26
장외매매거래,정의함,LOGICAL,증권시장에 상장되지 아니한 주권의 장외매매거래에 관한 업무를 수행하는 경우,제286조제1항제5호,0.85,업무|공정한 가격 형성,2026-04-26
금융투자상품시장을 개설하거나 운영하려는 자,요구함,ACTION,거래소허가,제373조의2,0.95,거래소허가|금융투자상품시장 개설자,2026-04-26
금융투자상품시장을 개설하거나 운영하려는 자,선택함,ACTION,시장개설 단위(전부나 일부),제373조의2,0.95,시장개설 단위|금융투자상품시장 개설자,2026-04-26
금융위원회,허가함,ACTION,거래소허가,제373조의2,0.95,거래소허가|금융위원회,2026-04-26
자,정의함,LOGICAL,회원관리규정에 따른 자,제387조제1항,0.95,거래소허가|회원관리규정,2026-04-26
자,갖추어야 한다,ACTION,상법에 따른 주식회사,제387조제1항,0.95,상법|주식회사,2026-04-26
자,갖추어야 한다,ACTION,자기자본 1천억원 이상,제387조제1항,0.95,자기자본|1천억원|대통령령,2026-04-26
자,갖추어야 한다,ACTION,사업계획 타당·건전,제387조제1항,0.95,사업계획|타당|건전,2026-04-26
자,갖추어야 한다,ACTION,투자자 보호 가능·인력·전산설비·물적설비,제387조제1항,0.95,투자자 보호|인력|전산설비|물적설비,2026-04-26
자,갖추어야 한다,ACTION,정관·회원관리규정·증권시장업무규정·파생상품시장업무규정·상장규정·공시규정·시장감시규정·분쟁조정규정,제387조제1항,0.95,정관|회원관리규정|증권시장업무규정|파생상품시장업무규정|상장규정|공시규정|시장감시규정|분쟁조정규정,2026-04-26
정관등,정의함,LOGICAL,"법령에 적합하고, 증권 및 장내파생상품의 공정한 가격 형성과 매매 그 밖의 거래의 안정성 및 효율성을 도모하며 투자자의 보호를 위하여 충분할 것",제373조의7,0.95,정관등|정의,2026-04-26
제373조의7,상위조항,STRUCTURE,자본시장과 금융투자업에 관한 법률,제373조의7,0.95,제373조의7|자본시장과 금융투자업에 관한 법률,2026-04-26
대주주,요구함,ACTION,"충분한 출자능력, 건전한 재무상태 및 사회적 신용을 갖추다",제12조제2항제6호가목,0.95,대주주|출자능력|재무상태|사회적 신용,2026-04-26
대주주,요구함,ACTION,대통령령으로 정하는 사회적 신용을 갖추다,제12조제2항제6호가목,0.9,대주주|사회적 신용|대통령령,2026-04-26
대주주,요구함,ACTION,이해상충방지체계를 구축하고 있다,제12조제2항제6호가목,0.9,대주주|이해상충방지체계,2026-04-26
허가의 신청 및 심사,정의함,LOGICAL,제373조의3,373조의3,0.7,허가의 신청 및 심사,2026-04-26
허가를 받으려는 자,제출,ACTION,허가신청서,제373조의2,0.95,허가신청|제출,2026-04-26
금융위원회,접수,ACTION,허가신청서,제373조의2,0.95,허가신청서|접수,2026-04-26
금융위원회,심사,ACTION,허가신청서,제373조의2,0.95,심사|허가신청서,2026-04-26
금융위원회,결정,ACTION,허가 여부,제373조의2,0.95,결정|허가 여부,2026-04-26
금융위원회,통지,ACTION,신청인에게,제373조의2,0.95,통지|신청인,2026-04-26
금융위원회,보완 요구,ACTION,허가신청서 흠결,제373조의2,0.95,보완 요구|허가신청서 흠결,2026-04-26
조건이 붙은 허가를 받은 자,요청할 수 있다,ACTION,조건의 취소 또는 변경,제373조의2,0.95,조건 취소/변경|요청,2026-04-26
제373조의4,참조함,STRUCTURE,제373조의3,제373조의4,0.7,제373조의3,2026-04-26
제373조의4,정의함,LOGICAL,예비허가,제373조의4,0.6,예비허가,2026-04-26
자,허용함,ACTION,예비허가 신청,제373조의2,0.95,예비허가|신청,2026-04-26
금융위원회,권한을가짐,ACTION,예비허가 신청에 2개월 이내에 응답,제373조의2,0.9,예비허가|응답|2개월 이내,2026-04-26
금융위원회,심사한다,ACTION,예비허가 여부,제373조의2제2항,0.95,예비허가|심사,2026-04-26
금융위원회,보완을 요구할 수 있다,ACTION,신청인,제373조의2제2항,0.85,보완|요구,2026-04-26
보완기간,산입하지 않는다,LOGICAL,심사기간,제373조의2제2항,0.8,보완기간|산입하지 않음,2026-04-26
금융위원회,이행 여부를 확인한다,ACTION,예비허가 조건,제373조의2제2항,0.7,이행 여부|확인,2026-04-26
당사자,확인,ACTION,각 호의 요건,제373조의2제2항,0.95,본허가 결정|확인|요건,2026-04-26
당사자,결정,ACTION,본허가 여부,제373조의2제2항,0.95,본허가 결정|결정|본허가 여부,2026-04-26
대통령령,정한다,STRUCTURE,"예비허가의 신청서 및 그 기재사항ㆍ첨부서류 등 예비허가의 신청에 관한 사항과 예비허가심사의 방법ㆍ절차, 그 밖에 예비허가에 관하여 필요 한 사항",제373조의2제2항,0.9,예비허가|정한다|대통령령,2026-04-26
거래소,요구함,ACTION,허가요건의 유지,제373조의5,0.8,허가요건의 유지,2026-04-26
허가를 받은 자,요구함,ACTION,거래소허가,제373조의2,0.95,거래소허가|허가를 받은 자,2026-04-26
허가를 받은 자,개설·운영,ACTION,시장,제373조의2,0.9,시장|개설·운영,2026-04-26
각 호,유지해야 한다,ACTION,허가요건,제373조의2제2항,0.95,허가요건|유지,2026-04-26
제8호,예외로함,LOGICAL,허가요건,제373조의2제2항,0.9,제8호|허가요건,2026-04-26
거래소,요구함,ACTION,시장개설 단위,제373조의6,0.95,시장개설 단위|추가 및 허가의 변경,2026-04-26
시장개설 단위,추가,ACTION,금융투자상품시장,제373조의2,0.9,시장개설 단위|금융투자상품시장,2026-04-26
시장개설 단위,예외로함,LOGICAL,허가받은 시장 개설 단위,제373조의2,0.8,시장개설 단위|허가받은 시장 개설 단위,2026-04-26
변경허가,정의함,LOGICAL,금융위원회의 변경허가,제373조의3,0.85,변경허가|금융위원회,2026-04-26
적용,적용함,ACTION,제 373조의4,제 373조의4,0.95,적용,2026-04-26
거래소,가짐,ACTION,책무,제373조의7,0.95,책무,2026-04-26
책무,정의함,LOGICAL,투자자를 보호하고 증권 및 장내파생상품의 매매를 공정하게 수행할 책무,제373조의7,0.95,책무 정의,2026-04-26
대통령령,정하는,ACTION,업무,402,0.95,투자자 보호|공정한 거래질서 확보,2026-04-26
업무,정의함,LOGICAL,투자자를 보호하고 공정한 거래질서를 확보하기 위하여 필요한 업무,402,0.95,투자자 보호|공정한 거래질서 확보,2026-04-26
투자자 보호,관련함,LOGICAL,업무,402,0.85,투자자 보호|공정한 거래질서 확보,2026-04-26
거래소,적용함,ACTION,상법 중 주식회사에 관한 규정,374,0.95,상법 적용|주식회사에 관한 규정,2026-04-26
거래소,예외로함,LOGICAL,특별히 정한 경우,374,0.85,특별히 정한 경우|상법 적용 제외,2026-04-26
제375조,삭제함,ACTION,삭제됨,375,0.95,삭제|제거,2026-04-26
거래소,요구함,ACTION,"정관에 기재할 사항(목적, 상호, 주식총수, 1주 금액, 설립 시 주식총수, 공고 방법, 시장 구분, 규정 제정·변경·폐지, 임원·집행간부, 이사회·소위원회·이사후보추천위원회, 감사위원회, 시장감시위원회, 업무 집행)",376,0.95,정관|목적|상호|주식총수|1주 금액|설립 시 주식총수|공고 방법|시장 구분|규정 제정·변경·폐지|임원·집행간부|이사회·소위원회·이사후보추천위원회|감사위원회|시장감시위원회|업무 집행,2026-04-26
거래소,요구함,ACTION,금융위원회 승인(정관 변경 시),376,0.95,정관변경|금융위원회 승인,2026-04-26
금융위원회,요구함,ACTION,시장운영의 자율성 고려(정관변경 승인 시),376,0.9,정관변경 승인|시장운영 자율성,2026-04-26
정관,정의함,LOGICAL,거래소의 정관에 기재할 사항을 포함한다,376,0.8,정관|정의,2026-04-26
거래소,행한다,ACTION,업무,제377조,0.95,정관으로 정하는 바에 따라,2026-04-26
정관,정의함,LOGICAL,업무,제377조,0.85,정관|업무,2026-04-26
거래소,정의함,LOGICAL,금융위원회로부터 청산기관 또는 결제기관으로 지정된 거래소로 한정된다,제378조,0.95,거래소|금융위원회|청산기관|결제기관,2026-04-26
거래소,한정됨,STRUCTURE,금융위원회로부터 청산기관 또는 결제기관으로 지정된 거래소,제378조,0.95,거래소|금융위원회|청산기관|결제기관,2026-04-26
거래소,수행함,ACTION,거래소시장의 개설ㆍ운영에 관한 업무,제378조,0.9,거래소|개설|운영,2026-04-26
거래소,수행함,ACTION,증권 및 장내파생상품의 매매에 관한 업무,제378조,0.9,거래소|증권|장내파생상품|매매,2026-04-26
거래소,수행함,ACTION,"증권 및 장내파생상품의 거래(다자간매매체결회사에서의 거래를 포함한다)에 따른 매매확인, 채무인수, 차감, 결제증권ㆍ결제품목ㆍ결제금액의 확정, 결제이행보증, 결제불이행에 따른 처리 및 결제지시에 관한 업무",제378조,0.85,거래소|매매확인|채무인수|결제,2026-04-26
거래소,수행함,ACTION,장내파생상품의 매매거래에 따른 품목인도 및 대금지급에 관한 업무,제378조,0.85,거래소|품목인도|대금지급,2026-04-26
거래소,수행함,ACTION,증권의 상장에 관한 업무,제378조,0.85,거래소|상장,2026-04-26
거래소,수행함,ACTION,장내파생상품 매매의 유형 및 품목의 결정에 관한 업무,제378조,0.85,거래소|유형|품목,2026-04-26
거래소,수행함,ACTION,상장법인의 신고ㆍ공시에 관한 업무,제378조,0.85,거래소|신고|공시,2026-04-26
거래소,수행함,ACTION,증권 또는 장내파생상품 매매 품목의 가격이나 거래량이 비정상적으로 변동하는 거래 등 대통령령으로 정하는 이상거래의 심리 및 회원의 감리에 관한 업무,제378조,0.8,거래소|이상거래,2026-04-26
금융투자상품거래청산업,허용함,ACTION,영위,제323조의3,0.9,인증|인가,2026-04-26
청산기관 및 결제기관,요구함,ACTION,결제지시업무,제378조,0.9,결제지시업무|청산기관|결제기관,2026-04-26
청산기관 및 결제기관,수행함,ACTION,매매확인,제378조,0.95,매매확인|청산기관|결제기관,2026-04-26
청산기관 및 결제기관,수행함,ACTION,채무인수,제378조,0.95,채무인수|청산기관|결제기관,2026-04-26
청산기관 및 결제기관,수행함,ACTION,차감,제378조,0.95,차감|청산기관|결제기관,2026-04-26
청산기관 및 결제기관,수행함,ACTION,결제증권·결제품목·결제금 액의 확정,제378조,0.95,결제증권·결제품목·결제금 액의 확정|청산기관|결제기관,2026-04-26
청산기관 및 결제기관,수행함,ACTION,결제이행보증,제378조,0.95,결제이행보증|청산기관|결제기관,2026-04-26
청산기관 및 결제기관,수행함,ACTION,결제불이행에 따른 처리,제378조,0.95,결제불이행에 따른 처리|청산기관|결제기관,2026-04-26
결제지시업무,정의함,LOGICAL,"매매확인, 채무인수, 차감, 결제증권·결제품목·결제금 액의 확정, 결제이행보증, 결제불이행에 따른 처리를 포함하는 업무",제378조,0.9,결제지시업무|매매확인|채무인수|차감|결제증권·결제품목·결제금 액의 확정|결제이행보증|결제불이행에 따른 처리,2026-04-26
결제지시업무,정의함,LOGICAL,청산기관 및 결제기관이 수행하는 업무,제378조,0.9,결제지시업무|청산기관|결제기관,2026-04-26
제323조의2,상위조항,STRUCTURE,제323조,제323조의2,0.8,제323조의2|제323조,2026-04-26
거래소가 아닌 자,금지함,ACTION,"그 명칭 또는 상호에 ‘한국거래소’, ‘금융상 품거래소’, ‘금융투자상품거래소’, ‘증권선물거래소’, ‘증권거래소’, ‘선물거래소’, ‘파생상품 거래소’, ‘거래소시장’, ‘증권시장’, ‘유가증권시장’, ‘코스닥시장’, ‘선물시장’, ‘파생상품시장’ 또는 이와 유사한 명칭을 사용",제379조,0.95,사용금지|명칭 사용,2026-04-26
사용금지,정의함,LOGICAL,"거래소가 아닌 자는 그 명칭 또는 상호에 ‘한국거래소’, ‘금융상 품거래소’, ‘금융투자상품거래소’, ‘증권선물거래소’, ‘증권거래소’, ‘선물거래소’, ‘파생상품 거래소’, ‘거래소시장’, ‘증권시장’, ‘유가증권시장’, ‘코스닥시장’, ‘선물시장’, ‘파생상품시장’ 또는 이와 유사한 명칭을 사용하여서는 아니 된다",제379조,0.9,사용금지|거래소가 아닌 자|명칭 사용,2026-04-26
거래소,둔다,ACTION,이사장 1인,제380조,0.95,임원|이사장|수량 1인,2026-04-26
거래소,둔다,ACTION,상근이사인 감사위원회 위원 1인,제380조,0.95,임원|감사위원회 위원|수량 1인,2026-04-26
거래소,둔다,ACTION,시장감시위원장 1인,제380조,0.95,임원|시장감시위원장|수량 1인,2026-04-26
거래소,둔다,ACTION,이사 12인 이내,제380조,0.95,임원|이사|수량 12인 이내,2026-04-26
임원,임기는,LOGICAL,3년,제380조,0.9,임기|3년,2026-04-26
임원,연임할 수 있다,ACTION,연임,제380조,0.9,연임|가능,2026-04-26
이사장,자격 요건,LOGICAL,대통령령으로 정하는 금융에 관한 경험과 지식,제380조,0.9,자격 요건|금융 경험|지식,2026-04-26
이사장,자격 요건,LOGICAL,거래소 건전한 경영과 공정한 거래질서를 해할 우려가 없는 자,제380조,0.9,자격 요건|건전한 경영|공정한 거래질서,2026-04-26
임원,정의함,LOGICAL,"이사장, 상근이사인 감사위원회 위원, 시장감시위원장, 이사",제380조,0.85,임원|구성요소,2026-04-26
주주총회,선임한다,ACTION,이사,제385조제1항,0.95,이사후보추천위원회|주주총회|이사,2026-04-26
이사후보추천위원회,추천한다,ACTION,이사,제385조제1항,0.9,이사후보추천위원회|이사,2026-04-26
금융위원회,해임을 요구할 수 있다,ACTION,이사장,제385조제1항,0.85,금융위원회|이사장|해임,2026-04-26
거래소,선임하여야 한다,ACTION,이사장,제385조제1항,0.9,거래소|이사장|선임,2026-04-26
주주총회,선임한다,ACTION,사외이사,제385조제1항,0.9,주주총회|사외이사,2026-04-26
주주총회,선임한다,ACTION,감사위원회 위원,제385조제1항,0.9,주주총회|감사위원회 위원,2026-04-26
주주,의결권을 행사하지 못한다,ACTION,상근이사인 감사위원회 위원 선임 및 해임,제385조제1항,0.8,주주|상근이사|감사위원회 위원|의결권,2026-04-26
이사후보추천위원회,정의함,LOGICAL,후보추천위원회,제385조제1항,0.7,이사후보추천위원회|후보추천위원회,2026-04-26
자,될 수 없다,ACTION,감사위원회의 위원,384,0.95,상근이사|감사위원회,2026-04-26
자,상실한다,ACTION,감사위원회의 위원,384,0.9,상근이사|감사위원회,2026-04-26
상근이사,허용함,ACTION,감사위원회의 위원,제384조제3항제2호,0.95,상근이사|감사위원회 위원,2026-04-26
상근이사,예외로함,LOGICAL,제384조제3항제2호,제384조제3항제2호,0.9,상근이사|제384조제3항제2호,2026-04-26
이사회,위치함,STRUCTURE,거래소에,381,0.6,이사회|거래소에,2026-04-26
사외이사,요구함,ACTION,이사회의 과반수,제380조제1항,0.95,이사회|과반수,2026-04-26
이사회,정의함,LOGICAL,각 호의 자로 구성되는,제380조제1항,0.9,이사회|각 호의 자,2026-04-26
금융회사의 지배구조에 관한 법률,정의함,LOGICAL,금융회사의 지배구조에 관한 법률,제382조,0.9,정의|법률,2026-04-26
제5조,준용,STRUCTURE,거래소의 임원,5,0.95,준용|거래소의 임원,2026-04-26
거래소의 임원,금지함,ACTION,겸직,제6조,0.95,거래소의 임원 겸직 금지|거래소의 임원,2026-04-26
거래소의 사외이사,준용함,STRUCTURE,거래소의 임원 겸직 금지,제6조,0.9,거래소의 사외이사|거래소의 임원 겸직 금지,2026-04-26
거래소의 임원 겸직 금지,정의함,LOGICAL,거래소의 임원은 둘 이상의 거래소의 임원 지위를 겸직하여서는 아니 된다.,제6조,0.9,거래소의 임원 겸직 금지|거래소의 임원,2026-04-26
거래소의 임직원 및 임직원이었던 자,금지함,ACTION,비밀을 누설 또는 이용,제383조,0.95,비밀|누설|이용,2026-04-26
거래소의 상근 임직원,금지함,ACTION,"자금의 공여, 손익의 분배, 그 밖에 영업에 관하여 대통령령으로 정하는 특별한 이해관계",제383조,0.95,자금의 공여|손익의 분배|이해관계|대통령령,2026-04-26
제63조,준용한다,ACTION,거래소의 임직원,제63조,0.95,준용,2026-04-26
준용,준용함,ACTION,제409조,제409조제2항 및 제3항,0.95,준용|제409조,2026-04-26
거래소,설정함,ACTION,후보추천위원회,제385조,0.95,후보추천위원회|거래소,2026-04-26
이사장,위촉함,ACTION,후보추천위원회 위원,제385조,0.9,이사장|후보추천위원회 위원,2026-04-26
후보추천위원회 위원 장,선출함,ACTION,위원 간의 호선,제385조,0.9,후보추천위원회 위원 장|위원 간의 호선,2026-04-26
정관,정한다,ACTION,후보추천위원회의 구성 및 운영에 관한 필요한 사항,제385조,0.9,정관|후보추천위원회 구성 및 운영,2026-04-26
후보추천위원회,정의함,LOGICAL,이사장ㆍ사외이사의 적정한 선임을 위하여 후보추 천위원회를 둔다.,제385조,0.85,후보추천위원회|정의,2026-04-26
거래소,허용함,ACTION,금융투자상품시장,386,0.95,시장 개설|개설,2026-04-26
시장 개설,정의함,LOGICAL,거래소가 개설하는 금융투자상품시장,386,0.9,시장 개설|개설,2026-04-26
거래소,정하다,ACTION,회원관리규정,제387조,0.95,정하다|회원관리규정,2026-04-26
회원,정의함,LOGICAL,거래소 결제회원,제387조,0.95,구분한다|거래소 결제회원,2026-04-26
회원,정의함,LOGICAL,매매전문회원,제387조,0.95,구분한다|매매전문회원,2026-04-26
회원,정의함,LOGICAL,대통령령으로 정하는 회원,제387조,0.95,구분한다|대통령령으로 정하는 회원,2026-04-26
회원관리규정,포함해야 한다,ACTION,회원의 자격에 관한 사항,제387조,0.95,포함해야 한다|회원의 자격에 관한 사항,2026-04-26
회원관리규정,포함해야 한다,ACTION,회원의 가입과 탈퇴에 관한 사항,제387조,0.95,포함해야 한다|회원의 가입과 탈퇴에 관한 사항,2026-04-26
회원관리규정,포함해야 한다,ACTION,회원의 권리와 의무에 관한 사항,제387조,0.95,포함해야 한다|회원의 권리와 의무에 관한 사항,2026-04-26
회원관리규정,포함해야 한다,ACTION,그 밖에 회원을 관리하기 위하여 필요한 사항,제387조,0.95,포함해야 한다|그 밖에 회원을 관리하기 위하여 필요한 사항,2026-04-26
거래소의 회원이 아닌 자,금지함,ACTION,증권시장 및 파생상품시장에서의 매매거래,388,0.95,거래자격|금지,2026-04-26
거래소의 회원이 아닌 자,허용함,ACTION,특정한 증권의 매매거래,388,0.9,거래자격|예외|회원관리규정,2026-04-26
거래자격,정의함,LOGICAL,거래소의 회원이 아닌 자는 증권시장 및 파생상품시장에서 매매거래를 할 수 없다.,388,0.9,거래자격|정의,2026-04-26
제377조제8호,상위조항,STRUCTURE,제377조,제377조제8호,0.5,제377조,2026-04-26
거래소,요구함,ACTION,회원,제387조(회원),0.8,회원|거래소,2026-04-26
제389조,상위조항,STRUCTURE,제388조,389,0.5,제389조|제388조,2026-04-26
제394조,정의함,LOGICAL,제394조,394,0.0,제394조,2026-04-26
제395조,참조함,STRUCTURE,제394조,제395조,0.2,제394조와 같은 규정,2026-04-26
제396조제2항,상위조항,STRUCTURE,제396조,396-2,0.5,제396조,2026-04-26
제397조,STRUCTURE,STRUCTURE,제396조제2항,397,0.2,제397조|제396조제2항,2026-04-26
제400조까지,참조함,STRUCTURE,제400조,Unknown,0.3,제400조까지|제400조,2026-04-26
제404조 및,참조함,STRUCTURE,제404조,Unknown,0.6,제404조 및,2026-04-26
거래소의 회원,간주함,LOGICAL,it,제426조 제6항,0.95,본다|거래소의 회원,2026-04-26
거래소의 회원,근거함,STRUCTURE,제426조 제6항,제426조 제6항,0.9,제426조 제6항|적용함에 있어서,2026-04-26
거래소,요구함,ACTION,매매거래를 종결시켜야 한다,389,0.95,거래소|매매거래|종결,2026-04-26
자격을 상실한 회원,간주함,LOGICAL,매매거래를 종결시키는 범위에서 회원의 자격을 가진 것으로 본다,389,0.9,자격을 상실한 회원|종결 범위|회원 자격,2026-04-26
그 회원과 다른 회원 사이,간주함,LOGICAL,위임계약이 체결된 것으로 본다,389,0.9,위임계약|회원 관계,2026-04-26
거래소,정하다,ACTION,상장규정,제390조,0.95,거래소|상장규정|정하다,2026-04-26
상장규정,포함해야 한다,ACTION,증권의 상장기준 및 상장심사에 관한 사항,제390조,0.95,상장규정|포함해야 한다|상장기준 및 상장심사에 관한 사항,2026-04-26
상장규정,포함해야 한다,ACTION,증권의 상장폐지기준 및 상장폐지에 관한 사항,제390조,0.95,상장규정|포함해야 한다|상장폐지기준 및 상장폐지에 관한 사항,2026-04-26
상장규정,포함해야 한다,ACTION,증권의 매매거래정지와 그 해제에 관한 사항,제390조,0.95,상장규정|포함해야 한다|매매거래정지와 그 해제에 관한 사항,2026-04-26
상장규정,포함해야 한다,ACTION,그 밖에 상장법인 및 상장증권의 관리에 관하여 필요한 사항,제390조,0.95,상장규정|포함해야 한다|그 밖에 상장법인 및 상장증권의 관리에 관하여 필요한 사항,2026-04-26
거래소,별도의 상장규정으로 정할 수 있다,ACTION,둘 이상의 증권시장,제390조,0.95,거래소|별도의 상장규정으로 정할 수 있다|둘 이상의 증권시장,2026-04-26
거래소,요구함,ACTION,상장한 법인에 대한 공시,제391조,0.9,공시규정|상장한 법인,2026-04-26
거래소,규정함,STRUCTURE,공시규정,제391조,0.8,공시규정,2026-04-26
거래소,정하여야 한다,ACTION,공시규정,제392조,1.0,공시규정|정하여야 한다,2026-04-26
공시규정,포함되어야 한다,ACTION,주권등상장법인이 신고하여야 하는 내용에 관한 사항,제392조,1.0,포함되어야 한다|주권등상장법인 신고 내용,2026-04-26
공시규정,포함되어야 한다,ACTION,주권등상장법인이 신고함에 있어서 준수하여야 할 방법 및 절차에 관한 사항,제392조,1.0,포함되어야 한다|방법 및 절차,2026-04-26
공시규정,포함되어야 한다,ACTION,주권등상장법인에 관한 풍문이나 보도 등의 사실 여부 및 그 법인이 발행한 증권의 가격 이나 거래량의 현저한 변동의 원인 등에 대한 거래소의 신고 또는 확인 요구에 관한 사항,제392조,1.0,포함되어야 한다|풍문 및 보도 사실 여부,2026-04-26
공시규정,포함되어야 한다,ACTION,주권등상장법인의 경영상 비밀유지와 투자자 보호와의 형평 등을 고려하여 신고ㆍ공시하 지 아니할 사항,제392조,1.0,포함되어야 한다|비밀유지 및 투자자 보호,2026-04-26
공시규정,포함되어야 한다,ACTION,주권등상장법인이 신고한 내용의 공시에 관한 사항,제392조,1.0,포함되어야 한다|공시 내용,2026-04-26
공시규정,포함되어야 한다,ACTION,"주권등상장법인의 제1호부터 제4호까지의 위반유형, 위반 여부 결정기준 및 조치 등에 관한 사항",제392조,1.0,포함되어야 한다|위반유형 및 조치,2026-04-26
은행,요구함,ACTION,거래소,392,0.95,통보|지체 없이|발행한 어음이나 수표가 부도로 된 경우|은행과의 당좌거래가 정지 또는 금지된 경우,2026-04-26
"행정기관, 그 밖의 관계기관",요청할 수 있다,ACTION,필요한 정보의 제공 또는 교환,제391조제2항제1호,0.92,신속 알림 필요성|대통령령 방법,2026-04-26
요청을 받은 기관,협조해야 한다,ACTION,요청,제391조제2항제1호,0.88,특별 사유 없음,2026-04-26
신고를 한 경우,요구함,ACTION,금융위원회,391,0.9,송부|지체 없이,2026-04-26
금융위원회,요구함,ACTION,인터넷 홈페이지 등,391,0.9,공시|제3항에 따른 송부를 받은 경우,2026-04-26
제391조,참조함,STRUCTURE,제3항,391,0.8,제3항에 따른 송부,2026-04-26
거래소,정한다,ACTION,증권시장업무규정,제393조,0.95,업무규정|증권시장,2026-04-26
거래소,정한다,ACTION,파생상품시장업무규정,제393조,0.95,업무규정|파생상품시장,2026-04-26
거래소,정한다,ACTION,별도 증권시장업무규정,제393조,0.9,업무규정|별도|증권시장,2026-04-26
증권시장업무규정,포함항목,STRUCTURE,매매거래의 종류 및 수탁에 관한 사항,제393조,0.9,항목|매매거래,2026-04-26
증권시장업무규정,포함항목,STRUCTURE,증거금의 납부 등 매매거래의 규제에 관한 사항,제393조,0.9,항목|증거금,2026-04-26
파생상품시장업무규정,포함항목,STRUCTURE,장내파생상품 매매의 수탁에 관한 사항,제393조,0.9,항목|장내파생상품,2026-04-26
파생상품시장업무규정,포함항목,STRUCTURE,파생상품시장의 개폐ㆍ정지 또는 휴장에 관한 사항,제393조,0.9,항목|파생상품시장,2026-04-26
파생상품시장업무규정,포함항목,STRUCTURE,결제의 방법,제393조,0.9,항목|결제,2026-04-26
회원,적립해야 한다,ACTION,손해배상공동기금,제394조,0.95,손해배상공동기금|적립|회원,2026-04-26
회원,예외로함,LOGICAL,손해배상공동기금 적립,제394조,0.9,손해배상공동기금|예외|회원,2026-04-26
거래소,적립해야 한다,ACTION,"손해배상공동기금 (증권시장, 파생상품시장 구분)",제394조,0.95,손해배상공동기금|거래소|적립,2026-04-26
회원,연대책임을 진다,ACTION,손해배상공동기금 손해배상,제394조,0.9,손해배상공동기금|연대책임|회원,2026-04-26
회원,요구함,ACTION,거래소에 회원보증금 예치,395,0.95,회원보증금|채무 이행 보증,2026-04-26
회원,금지함,ACTION,채권과 회원보증금과의 상계,제398조,0.95,회원보증금|상계|채권,2026-04-26
거래소,정한다,ACTION,회원보증금의 최저한도ㆍ운용 및 관리,제398조,0.9,회원보증금|최저한도|운용 및 관리|거래소,2026-04-26
위탁자,변제받을 권리가 있다,ACTION,회원보증금에 관하여 다른 채권자보다 우선,제398조,0.85,위탁자|회원보증금|우선 변제|채권자,2026-04-26
거래소의 회원,요구함,ACTION,위탁증거금 수령,396,0.95,위탁증거금|수탁|관려,2026-04-26
거래소의 회원,요구함,ACTION,거래증거금 예치,396,0.95,거래증거금|채무 이행 보증,2026-04-26
거래소의 파생상품시장업무규정,근거함,STRUCTURE,위탁증거금 수령,396,0.9,파생상품시장업무규정|위탁증거금 수령,2026-04-26
증권시장업무규정 및 파생상품시장업무규정,근거함,STRUCTURE,거래증거금 예치,396,0.9,증권시장업무규정|파생상품시장업무규정|거래증거금 예치,2026-04-26
거래소,허용함,ACTION,채무 변제 충당,제397조,0.9,채무변제|충당,2026-04-26
거래소,충당할 수 있다,ACTION,채무,제397조,0.9,채무변제|충당,2026-04-26
채무변제,정의함,LOGICAL,채무의 변제에 충당할 수 있다,제397조,0.8,채무변제,2026-04-26
거래소,충당에 사용되는 자원,STRUCTURE,거래증거금과 회원보증금,제397조,0.8,거래증거금|회원보증금,2026-04-26
거래소,허용함,ACTION,채권을 행사 또는 취득하거나 채무를 이행 또는 인수할 수 있다,제398조,0.95,채무이행|채권행사|채무인수|회원대리,2026-04-26
해당 회원,부담함,ACTION,같은 채무,제398조,0.95,채무이행|손실배상,2026-04-26
손해를 입은 거래소 또는 다른 회원,우선 변제받을 권리가 있다,ACTION,"손해를 끼친 회원의 회원보증금, 거래증거금 및 공동기금 지분",제400조,0.95,채무변제순위|우선권|손해|회원보증금|거래증거금|공동기금 지분,2026-04-26
거래소,우선 변제받을 권리가 있다,ACTION,"회원이 결제에 납부한 대금, 증권 및 품목",제400조,0.95,채무변제순위|우선권|대금|증권|품목,2026-04-26
거래소,우선 변제받을 권리가 있다,ACTION,그 회원의 재산,제400조,0.95,채무변제순위|우선권|재산,2026-04-26
"전세권, 질권, 저당권에 의한 담보된 채권",우선 변제받을 권리가 없다,ACTION,거래소,제400조,0.95,채무변제순위|우선권|전세권|질권|저당권|담보권,2026-04-26
이 효력,우선함,LOGICAL,위탁자 회원보증금에 대한 권리,제395조제3항,0.95,우선|효력,2026-04-26
거래소,공표하여야 한다,ACTION,시세,제401조,0.95,시세 공표|대통령령으로 정하는 방법,2026-04-26
거래소,공표하여야 한다,ACTION,증권의 매일의 매매거래량 및 그 성립가격과 최고ㆍ최저 및 최종가격,제401조,0.95,증권 시세|공표,2026-04-26
거래소,공표하여야 한다,ACTION,"장내파생상품의 종목별 매일의 총거래량, 최초ㆍ최고ㆍ최저 및 최종거래 성립가격 또는 약정수치",제401조,0.95,장내파생상품 시세|공표,2026-04-26
거래소,공표하여야 한다,ACTION,그 밖에 시세의 공정한 형성 및 투자자 보호에 필요하다고 인정되는 시세,제401조,0.95,공정한 시세|투자자 보호,2026-04-26
시세,예외로함,LOGICAL,다자간매매체결회사가 다자간매매체결업무를 할 때 형성된 시세,제401조,0.9,시세|예외,2026-04-26
거래소,둔다,ACTION,시장감시위원회,제402조,0.95,시장감시위원회,2026-04-26
시장감시위원회,수행한다,ACTION,"시장감시, 이상거래의 심리 및 회원에 대한 감리",제402조,0.85,시장감시|이상거래의 심리|회원에 대한 감리,2026-04-26
연계감시,포함한다,LOGICAL,감시,제78조제3항,0.9,연계감시 정의|감시 포함,2026-04-26
연계감시,포함한다,LOGICAL,이상거래의 심리,제78조제3항,0.9,연계감시 정의|이상거래 심리 포함,2026-04-26
연계감시,포함한다,LOGICAL,거래참가자에 대한 감리,제78조제3항,0.9,연계감시 정의|감리 포함,2026-04-26
연계감시,포함한다,LOGICAL,증권시장과 파생상품시장 사이의 연계감시(지정거래소가),제78조제3항,0.85,연계감시 정의|시장간 연계감시 포함,2026-04-26
지정거래소,수행한다,ACTION,연계감시,제78조제3항,0.88,지정거래소 권한|연계감시 수행,2026-04-26
거래소시장,포함함,ACTION,연계감시 (다자간매매체결회사와의),404조제2항,0.95,연계감시|다자간매매체결회사,2026-04-26
거래소시장,심리함,ACTION,이상거래,404조제3항,0.9,이상거래,2026-04-26
거래소시장,감리함,ACTION,회원,404조제3항,0.9,회원,2026-04-26
거래소시장,징계함,ACTION,회원 또는 거래참가자,404조제3항,0.9,징계|회원|거래참가자,2026-04-26
거래소시장,결정함,ACTION,징계요구,404조제3항,0.9,징계요구,2026-04-26
거래소시장,수행함,ACTION,불공정거래 예방 활동,404조제3항,0.9,불공정거래 예방,2026-04-26
자율조정,정의함,LOGICAL,분쟁의 자율조정에 관한 업무 6,제377조제10호,0.9,자율조정|업무,2026-04-26
제403조,정의함,LOGICAL,시장감시규정,403,0.9,시장감시규정,2026-04-26
시장감시위원회,구성한다,ACTION,시장감시위원회 위원장,제405조제1항,0.95,위원회 구성,2026-04-26
시장감시위원회,구성한다,ACTION,금융위원회 위원장이 추천하는 2인,제405조제1항,0.95,위원회 구성,2026-04-26
시장감시위원회,구성한다,ACTION,협회가 추천하는 2인,제405조제1항,0.95,위원회 구성,2026-04-26
시장감시위원회 위원,임기는,LOGICAL,3년,제405조제1항,0.9,임기,2026-04-26
시장감시위원회 위원,연임 가능,LOGICAL,정관에 따라,제405조제1항,0.9,연임,2026-04-26
시장감시위원회 위원장,선임한다,ACTION,주주총회,제405조제1항,0.9,선임|주주총회,2026-04-26
금융위원회,해임을 요구할 수 있다,ACTION,시장감시위원장,제405조제1항,0.9,해임|요구,2026-04-26
제5조,준용함,STRUCTURE,시장감시위원회 위원의 자격,제5조,0.9,자격|준용,2026-04-26
시장감시위원회 위원,금지함,ACTION,비밀을 누설하거나 이용,제5조,0.95,비밀 누설|비밀 이용|금지,2026-04-26
금융위원회,허용함,ACTION,위원에 대한 업무집행 정지 및 해임 요구 (6개월 이내),제5조,0.9,업무집행 정지|해임 요구|허용,2026-04-26
시장감시위원회 위원,위반시,LOGICAL,비밀을 누설하거나 이용 (제7항 위반),제5조,0.85,비밀 누설|비밀 이용|제7항 위반|위반,2026-04-26
시장감시위원회 위원,위반시,LOGICAL,투자자 보호 또는 건전한 시장 질서를 해할 우려가 있는 경우 (대통령령으로 정함),제5조,0.85,투자자 보호|시장 질서|위반|대통령령,2026-04-26
시장감시위원회,정관으로 정한다,STRUCTURE,구성 및 운영에 관한 필요한 사항,제5조,0.9,정관|구성|운영|필요 사항,2026-04-26
시장감시위원회,정의함,LOGICAL,시장감시규정,제403조,0.6,시장감시위원회 정의|시장감시규정,2026-04-26
시장감시규정,정의함,LOGICAL,제402조제1항제1호부터 제4호까지,제402조제1항제1호부터 제4호까지,0.95,시장감시규정|제정,2026-04-26
시장감시규정,업무를 수행한다,ACTION,업무,제402조제1항제1호부터 제4호까지,0.85,시장감시규정|업무,2026-04-26
거래소,요구함,ACTION,금융투자업자(증권 또는 장내파생상품을 대상으로 금융투자업을 영위하는 투자매매업자 또는 투자중개업자) 관련 자료 제출,제404조,0.95,관련 자료 제출 요청|서면 사유 밝힘,2026-04-26
거래소,허용함,ACTION,회원에 대하여 업무·재산상황·장부·서류·물건 감리,제404조,0.95,감리|이상거래 혐의가 인정되는 경우,2026-04-26
분쟁의 자율조정,정의함,LOGICAL,시장감시위원회는 ...,제405조,0.7,분쟁의 자율조정|시장감시위원회,2026-04-26
시장감시위원회,정한다,ACTION,분쟁조정규정,제377조제10호,0.95,분쟁조정규정,2026-04-26
시장감시위원회,요구할 수 있다,ACTION,사 실의 확인 또는 자료의 제출,제377조제10호,0.95,사 실의 확인|자료의 제출,2026-04-26
시장감시위원회,요청할 수 있다,ACTION,회의에 출석하여 의견을 진술할 것,제377조제10호,0.95,회의에 출석|의견 진술,2026-04-26
분쟁조정규정,구조,STRUCTURE,제377조제10호,제377조제10호,0.9,분쟁조정규정|제377조제10호,2026-04-26
주식소유자,금지함,ACTION,거래소가 발행한 주식의 5% 초과 소유,406,0.9,주식소유 제한|5% 초과 금지,2026-04-26
주식소유자,예외로함,LOGICAL,집합투자기구가 소유하는 경우(사모집합투자기구 제외),406,0.85,집합투자기구|예외,2026-04-26
주식소유자,예외로함,LOGICAL,외국 거래소와의 제휴를 위하여 필요한 경우(금융위원회 승인),406,0.85,외국 거래소|제휴|금융위원회 승인,2026-04-26
주식소유자,예외로함,LOGICAL,정부가 소유하는 경우,406,0.85,정부 소유|예외,2026-04-26
주식소유자,예외로함,LOGICAL,거래소의 공정한 운영을 해할 우려가 없는 경우(대통령령으로 정함),406,0.85,공정 운영|대통령령,2026-04-26
신탁계약에 따라 의결권을 행사할 수 있는 권한을 가진 경우,간주함,LOGICAL,제1항에 따라 제한되는 주식의 소유,406,0.8,신탁계약|의결권 행사 권한|제한 소유 간주,2026-04-26
제1항을 위반하여 주식을 소유한 자,금지함,ACTION,초과분에 대한 의결권 행사,406,0.9,위반|의결권 제한,2026-04-26
제1항을 위반하여 주식을 소유한 자,요구함,ACTION,지체 없이 제1항에서 정한 한도에 적합하도록 하여야 한다,406,0.9,위반|한도 적합 조정,2026-04-26
금융위원회,명할 수 있다,ACTION,제3항을 준수하지 아니한 자에게 6개월 이내의 기한을 정하여 초과 주식 처분 명령,406,0.9,금융위원회|주식 처분 명령,2026-04-26
거래소의 의결권 있는 발행주식총수,정의함,LOGICAL,주식소유 제한 기준,406,0.8,의결권 있는 발행주식총수|제한 기준,2026-04-26
주식소유 제한,정의함,LOGICAL,주식소유자에게 거래소가 발행한 주식의 5% 초과 소유 금지,406,0.8,주식소유 제한|5% 초과 금지,2026-04-26
이행강제금,정의함,LOGICAL,금융위원회가 부과하는 금액,제407조,0.4,이행강제금|금융위원회,2026-04-26
이행강제금,구조,STRUCTURE,제407조,제407조,0.9,이행강제금|제407조,2026-04-26
주식처분명령,준용함,STRUCTURE,제406조제4항,제406조제4항,0.95,주식처분명령|제406조제4항,2026-04-26
금융위원회,부과,ACTION,이행강제금,제426조의3,0.95,이행강제금|부과,2026-04-26
금융위원회,통지,ACTION,문서,제426조의3,0.92,이행강제금|통지,2026-04-26
금융위원회,밝히다,ACTION,문서,제426조의3,0.9,이행강제금|금액|부과사유|납부기한|수납기간|이의제기방법|이의제기기관,2026-04-26
금융위원회,중지,ACTION,새로운 이행강제금 부과,제426조의3,0.88,이행명령 이행|중지,2026-04-26
금융위원회,징수,ACTION,이미 부과된 이행강제금,제426조의3,0.9,징수,2026-04-26
이행강제금,한계,LOGICAL,취득가액의 5%,제426조의3,0.93,한계|취득가액|5%,2026-04-26
처분명령을 받은 자,이행,ACTION,처분명령,제426조의3,0.92,이행|처분명령,2026-04-26
처분명령을 받은 자,부과,ACTION,이행강제금,제426조의3,0.9,이행강제금|부과,2026-04-26
처분명령을 받은 자,처분,ACTION,주식 또는 금융투자상품,제426조의3,0.88,주식|금융투자상품|처분,2026-04-26
제430조,제외함,LOGICAL,제2항,430조,0.7,제430조|제2항,2026-04-26
제434조까지의 규정,준용함,ACTION,이행강제금 부과 및 징수,434,0.95,이행강제금 부과 및 징수|준용,2026-04-26
거래소,받아야 한다,ACTION,금융위원회의 승인,제408조,0.95,영업양도 승인,2026-04-26
거래소,승인을요구함,ACTION,금융위원회,제409조,0.95,상장|상장폐지|승인,2026-04-26
거래소,수행하고 보고하여야 한다,ACTION,금융위원회,제409조,0.9,상장관리|보고,2026-04-26
상장 및 상장폐지 승인,참조함,STRUCTURE,제409조,제409조,0.9,상장|상장폐지|승인,2026-04-26
금융위원회,명하고,ACTION,거래소에 대하여 그 업무 및 재산에 관한 보고 또는 참고가 될 자료의 제출,제410조,0.95,보고|제출|거래소|업무|재산,2026-04-26
금융위원회,검사하게 할 수 있다,ACTION,"금융감독원장에게 그 업무ㆍ재산상황ㆍ장부ㆍ서류, 그 밖의 물건을 검사",제410조,0.95,검사|금융감독원장|업무|재산상황|장부|서류|물건,2026-04-26
검사를 하는 자,내보여야 한다,ACTION,관계인에게 그 권한을 표시하는 증표를 지니고,제410조,0.9,검사|권한|증표|관계인,2026-04-26
금융감독원장,보고하여야 한다,ACTION,금융위원회에,제410조,0.95,보고|금융감독원장|금융위원회,2026-04-26
금융감독원장,첨부하여야 한다,ACTION,그 처리에 관한 의견서,제410조,0.9,첨부|의견서|금융감독원장,2026-04-26
제419조제9항,준용함,STRUCTURE,거래소에 대한 검사,제419조제9항,0.95,준용|검사|거래소,2026-04-26
금융위원회,요구함,ACTION,거래소,제411조,0.9,거래소에 대한 조치|금융위원회,2026-04-26
거래소허가 취소,허용함,ACTION,거래소허가,제373조의2제1항,0.95,거짓|그 밖의 부정한 방법으로,2026-04-26
허가받은자,요구함,ACTION,허가조건 준수,제373조의2제1항,0.8,허가조건|준수,2026-04-26
허가받은자,금지함,ACTION,허가조건 위반,제373조의2제1항,0.7,허가조건|위반,2026-04-26
금융위원회,할 수 있다,ACTION,"조치 (1. 6개월 이내의 업무의 전부 또는 일부의 정지, 2. 계약의 인계명령, 3. 위법행위의 시정명령 또는 중지명령, 4. 위법행위로 인한 조치를 받았다는 사실의 공표명령 또는 게시명령, 5. 기관경고, 6. 기관주의, 7. 그 밖에 위법행위를 시정하거나 방지하기 위하여 필요한 조치로서 대통령령으로 정하는 조치)",제373조의5,0.95,위반 시 조치|허가요건 유지의무 위반|거래소,2026-04-26
금융위원회,할 수 있다,ACTION,"조치 (1. 해임요구, 2. 6개월 이내의 직무정지, 3. 문책경고, 4. 주의적 경고, 5. 주의, 6. 그 밖에 위법행위를 시정하거나 방지하기 위하여 필요한 조치로서 대통령령으로 정하는 조치, 7. 삭제)",제373조의5,0.95,위반 시 조치|임원|거래소,2026-04-26
금융위원회,요구할 수 있다,ACTION,"조치 (1. 면직, 2. 6개월 이내의 정직, 3. 감봉, 4. 견책, 5. 경고, 6. 주의, 7. 그 밖에 위법행위를 시정하거나 방지하기 위하여 필요한 조치로서 대통령령으로 정하는 조치)",제373조의5,0.95,위반 시 조치|직원|거래소,2026-04-26
위반 시 조치,정의함,LOGICAL,"허가요건 유지의무 위반, 업무 정지기간 중 업무, 시정명령 이행 불이행, 별표 14 해당, 대통령령 위반, 투자자 이익 해할 우려, 업무 영위 곤란",제373조의5,0.9,위반 시 조치|허가요건 유지의무|시정명령|대통령령,2026-04-26
거래소,위반,ACTION,허가요건 유지의무,제373조의5,0.85,허가요건 유지의무|위반,2026-04-26
제424조,제2항을 제외한다,STRUCTURE,제2항,제424조,0.9,제2항 제외,2026-04-26
제425조,준용,STRUCTURE,거래소 및 그 임직원에 대한 조치 등에 관하여,425,0.95,준용|조치,2026-04-26
거래소,권한을가짐,ACTION,"회원관리규정, 증권시장업무규정, 파생상품시장업무규정, 상장규정, 공시규정, 시장감시규정, 분쟁조정규정, 그 밖의 업무에 관한 규정",제412조,0.9,규정 승인|제정·변경·폐지,2026-04-26
금융위원회,할 수 있다,ACTION,"거래소에 대하여 개장시간 변경, 거래 중단, 시장 휴장, 필요한 조치를 할 수 있다",제413조,0.95,긴급사태|처분|금융위원회|거래소,2026-04-26
긴급사태시의 처분,정의함,LOGICAL,"금융위원회가 거래소에 대하여 개장시간 변경, 거래 중단, 시장 휴장, 필요한 조치를 할 수 있는 권한",제413조,0.9,긴급사태|처분|금융위원회|거래소,2026-04-26
제413조,근거함,STRUCTURE,자본시장과 금융투자업에 관한 법률,제413조,0.8,법률|자본시장과 금융투자업에 관한 법률,2026-04-26
금융위원회,설치한다,ACTION,시장효율화위원회,제414조,0.95,시장효율화위원회 설치|금융위원회 의무,2026-04-26
이 법에 따라 설립된 기관 및 대통령령으로 정하는 기관,심의를 거쳐야 한다,ACTION,시장효율화위원회,제414조,0.9,심의 필요성|수수료 변경|전산 투자,2026-04-26
대통령령,정한다,ACTION,시장효율화위원회의 구성 및 운영에 관한 필요한 사항,제414조,0.85,구성 및 운영 규정,2026-04-26
시장효율화위원회,정의함,LOGICAL,증권시장 및 파생상품시장의 거래비용 절감과 관련한 사항에 대 한 심의를 위하여 금융위원회에 설치되는 기관,제414조,0.9,시장효율화위원회 정의,2026-04-26
금융위원회,감독하여야 한다,ACTION,금융투자 업자,제415조,0.95,감독|의무,2026-04-26
금융위원회,감독하여야 한다,ACTION,이 법 또는 이 법에 따른 명령이나 처분을 적절히 준수하는지 여부,제415조,0.9,감독|준수 여부,2026-04-26
금융위원회,명령,ACTION,금융투자업자 및 그 임원,제416조,0.98,조치명령권|긴급한 조치,2026-04-26
대통령령,정한다,ACTION,"조치명령 세부기준, 절차, 그 밖에 필요한 사항",제14조의3,0.95,제14조의3 준용|조치명령 세부기준,2026-04-26
제14조의3,준용함,STRUCTURE,대통령령,제14조의3,0.9,제14조의3 준용,2026-04-26
금융투자업자,요구함,ACTION,금융위원회의 승인,제417조,0.95,승인|금융투자업자|금융위원회,2026-04-26
역외투자자문업자 및 역외투자일임업자,보고해야 한다,ACTION,금융위원회,제417조,0.9,보고|역외투자자문업자|역외투자일임업자|금융위원회|7일 이내,2026-04-26
금융투자업 전부,참조함,STRUCTURE,제5조,제6조,0.95,양도 또는 양수|제5조 참조,2026-04-26
양도 또는 양수,정의함,LOGICAL,금융투자업 전부(및 준수)의 양도 또는 양수,제6조제1항제4호 및 제5호,0.95,양도 또는 양수|금융투자업 전부,2026-04-26
금융투자업 전부(이에 준하는 경우를 포함한다),요구함,ACTION,폐지,제6조제1항제1호부터 제3호까지 및 제6호의 어느 하나,0.95,폐지|금융투자업 전부,2026-04-26
금융위원회,요구함,ACTION,관보 및 인터넷 홈페이지 등에 공고,제6조제1항제4호 및 제5호,0.95,공고|승인|보고,2026-04-26
대통령령,정한다,STRUCTURE,승인ㆍ보고의 기준ㆍ방법,제6조제1항제4호 및 제5호,0.9,승인|보고|기준|방법,2026-04-26
금융투자업 전부,폐지,ACTION,폐지,제6조제1항제4호 및 제5호,0.9,폐지,2026-04-26
금융투자업자,보고해야 함,ACTION,금융위원회,418,0.95,보고|의무,2026-04-26
금융투자업자,보고방법,STRUCTURE,대통령령으로 정하는 방법에 따라,418,0.9,보고방법|대통령령,2026-04-26
겸영금융투자업자,제한함,LOGICAL,보고사항은 제6호부터 제9호까지에 한한다,418,0.85,제한|보고사항,2026-04-26
다음 각 호의 어느 하나에 해당하는 경우,조건부,LOGICAL,금융투자업자가 금융위원회에 보고해야 함,418,0.9,조건부|보고,2026-04-26
금융투자업자,요구함,ACTION,금융투자업의 일부를 양도하거나 양수,제6조제1항,0.95,양도/양수|금융투자업의 일부,2026-04-26
제6조제1항,정의함,LOGICAL,양도/양수,제6조제1항,0.85,양도/양수,2026-04-26
금융투자업의 일부를 양도 또는 양수 한 경우,제정된 제재,SANCTION,8,제6조제1항제4호 및 제5호,0.7,양도|양수|금융투자업의 일부,2026-04-26
금융투자업,폐지,ACTION,금융투자업의 일부,제6조,0.95,폐지|금융투자업의 일부,2026-04-26
금융투자업의 일부,정의함,LOGICAL,제1항제1호부터 제3호까지 및 제6호,제6조,0.85,정의|제1항제1호부터 제3호까지 및 제6호,2026-04-26
금융투자업,폐지함,ACTION,금융투자업의 일부,제6조제1항제4호 및 제5호,0.9,폐지|금융투자업의 일부,2026-04-26
금융투자업,신설함,ACTION,지점 및 그 밖의 영업소,제6조제1항제4호 및 제5호,0.9,신설|지점|영업소,2026-04-26
금융투자업,폐지함,ACTION,지점 및 그 밖의 영업소,제6조제1항제4호 및 제5호,0.9,폐지|지점|영업소,2026-04-26
금융투자업,변경함,ACTION,본점의 위치,제6조제1항제4호 및 제5호,0.9,변경|본점의 위치,2026-04-26
금융투자업,중지함,ACTION,본점ㆍ지점 및 그 밖의 영업소의 영업,제6조제1항제4호 및 제5호,0.9,중지|영업,2026-04-26
금융투자업,다시시작함,ACTION,본점ㆍ지점 및 그 밖의 영업소의 영업,제6조제1항제4호 및 제5호,0.9,다시시작|영업,2026-04-26
제6조제1항제4호 및 제5호,참조함,STRUCTURE,제2장 검사 및 조치,제6조제1항제4호 및 제5호,0.85,제2장 검사 및 조치,2026-04-26
금융투자업자,요구함,ACTION,금융감독 원장의 검사,419,0.95,검사|금융투자업자|금융감독 원장,2026-04-26
검사,정의함,LOGICAL,금융감독 원장의 검사,419,0.9,검사|금융감독 원장,2026-04-26
업무,인정,LOGICAL,필요,제40조제1항제3호 또는 제4호,0.9,통화신용정책의 수행|지급결제제도의 원활한 운영,2026-04-26
금융감독원장,요구할 수 있다,ACTION,검사,제40조제1항제3호 또는 제4호,0.95,검사 요구,2026-04-26
금융감독원장,요구할 수 있다,ACTION,한국은행과의 공동검사,제40조제1항제3호 또는 제4호,0.95,공동검사 요구,2026-04-26
제87조,참조함,STRUCTURE,다른 조항,87,0.3,제87조,2026-04-26
제62조,준용한다,STRUCTURE,제2항 및 제3항의 요구 방법 및 절차,제62조,0.95,준용|요구 방법|절차,2026-04-26
금융감독원장,요구할 수 있다,ACTION,업무 또는 재산에 관한 보고,제62조,0.95,검사 요구|보고,2026-04-26
금융감독원장,요구할 수 있다,ACTION,자료의 제출,제62조,0.95,검사 요구|자료 제출,2026-04-26
금융감독원장,요구할 수 있다,ACTION,증인의 출석,제62조,0.95,검사 요구|증인 출석,2026-04-26
금융감독원장,요구할 수 있다,ACTION,증언 및 의견의 진술,제62조,0.95,검사 요구|증언|의견 진술,2026-04-26
검사를 하는 자,내보여야 한다,ACTION,증표,제62조,0.95,검사 권한|증표,2026-04-26
금융감독원장,제출해야 한다,ACTION,보고서,제62조,0.95,검사 보고서|제출,2026-04-26
금융위원회,조치함,ACTION,금융투자업자,제420조,0.9,금융투자업자에 대한 조치|금융투자업자|금융위원회,2026-04-26
금융투자업 인가,정의함,LOGICAL,제12조,12,0.95,금융투자업 인가|제12조,2026-04-26
금융투자업 인가,참조함,STRUCTURE,제12조,12,0.9,금융투자업 인가|제12조,2026-04-26
업무 단위,요구함,ACTION,추가등록,제16조의2,0.95,업무 단위 추가등록,2026-04-26
제18조,정의함,LOGICAL,없음,제18조,1.0,제18조|정의 없음,2026-04-26
제117조의4,상위조항,STRUCTURE,제117조,제117조의4,0.6,제117조의4|제117조,2026-04-26
등록 취소,허용함,ACTION,금융투자업등록,249조의3,0.95,등록 취소|금융투자업등록,2026-04-26
인가요건 및 업무 단위 추가등록요건,정의함,LOGICAL,제15조제1항에 따른 인가요건 및 업무 단위 추가등록요건,제15조제1항,0.9,인가요건|업무 단위 추가등록요건,2026-04-26
제20조,구조,STRUCTURE,제1조,제20조,0.2,제20조,2026-04-26
검사 및 조치,참조함,STRUCTURE,제117조의4제8항,제117조의4제8항,0.6,검사 및 조치,2026-04-26
등록요건의 유지의무,위반,ACTION,업무의 정지기간 중에 업무를 한 경우,제249조의3제8항,0.95,등록요건의 유지의무|업무의 정지기간|위반,2026-04-26
등록요건의 유지의무,위반,ACTION,금융위원회의 시정명령 또는 중지명령을 이행하지 아니한 경우,제249조의3제8항,0.95,등록요건의 유지의무|금융위원회|시정명령|중지명령|위반,2026-04-26
등록요건의 유지의무,위반,ACTION,별표 1 각 호의 어느 하나에 해당하는 경우로서 대통령령으로 정하는 경우,제249조의3제8항,0.95,등록요건의 유지의무|별표 1|대통령령|위반,2026-04-26
등록요건의 유지의무,위반,ACTION,대통령령으로 정하는 금융관련 법령 등을 위반한 경우로서 대통령령으로 정하는 경우,제249조의3제8항,0.95,등록요건의 유지의무|금융관련 법령|대통령령|위반,2026-04-26
등록요건의 유지의무,위반,ACTION,「금융소비자 보호에 관한 법률」,제249조의3제8항,0.95,등록요건의 유지의무|금융소비자 보호에 관한 법률|위반,2026-04-26
금융투자업자,해산한다,ACTION,금융투자업자,제51조제1항제4호/제5호,0.95,해산|취소,2026-04-26
금융투자업자,취소한다,ACTION,금융투자업등록,제51조제1항제4호/제5호,0.9,취소|등록,2026-04-26
금융투자업자,취소한다,ACTION,금융투자업가,제51조제1항제4호/제5호,0.9,취소|업가,2026-04-26
금융위원회,해산한다,ACTION,금융투자업자,제51조제1항제4호/제5호,0.9,해산|제1항 각 호|별표 1 각 호|금융회사의 지배구조에 관한 법률 별표|금융소비자 보호에 관한 법률,2026-04-26
위법행위 조치,할 수 있다,ACTION,6개월 이내의 업무의 전부 또는 일부의 정지,51-2,0.95,위법행위 조치|정지|대통령령으로 정하는 경우,2026-04-26
위법행위 조치,할 수 있다,ACTION,"신탁계약, 그 밖의 계약의 인계명령",51-2,0.95,위법행위 조치|인계명령|대통령령으로 정하는 경우,2026-04-26
위법행위 조치,할 수 있다,ACTION,위법행위의 시정명령 또는 중지명령,51-2,0.95,위법행위 조치|시정명령|중지명령|대통령령으로 정하는 경우,2026-04-26
위법행위 조치,할 수 있다,ACTION,위법행위로 인한 조치를 받았다는 사실의 공표명령 또는 게시명령,51-2,0.95,위법행위 조치|공표명령|게시명령|대통령령으로 정하는 경우,2026-04-26
위법행위 조치,할 수 있다,ACTION,기관경고,51-2,0.95,위법행위 조치|기관경고|대통령령으로 정하는 경우,2026-04-26
위법행위 조치,할 수 있다,ACTION,기관주의,51-2,0.95,위법행위 조치|기관주의|대통령령으로 정하는 경우,2026-04-26
위법행위 조치,할 수 있다,ACTION,그 밖에 위법행위를 시정하거나 방지하기 위하여 필요한 조치로서 대통령령으로 정하는 조치,51-2,0.95,위법행위 조치|필요한 조치|대통령령으로 정하는 조치,2026-04-26
금융위원회,취소함,ACTION,지점,제421조,0.95,지점 인가 취소|외국 금융투자업자,2026-04-26
지점 인가 취소,정의함,LOGICAL,외국 금융투자업자의 지점에 대한 인가 취소,제421조,0.9,지점 인가 취소,2026-04-26
금융투자업,요구함,ACTION,인가,제12조,0.9,금융투자업인가|제12조,2026-04-26
제18조,참조함,STRUCTURE,제2조,제18조,0.3,제18조,2026-04-26
제117조의4,구성함,STRUCTURE,제117조,제117조의4,0.4,제117조의4|제117조,2026-04-26
"외국 금융투자업자의 지점, 그 밖의 영업소",요구함,ACTION,금융위원회에 보고,제249조의3,0.95,보고|지체 없이,2026-04-26
"외국 금융투자업자의 지점, 그 밖의 영업소",요구함,ACTION,청산,제249조의3,0.9,청산|지체 없이,2026-04-26
"외국 금융투자업자의 지점, 그 밖의 영업소",허용함,ACTION,금융투자업등록 취소,제249조의3,0.85,취소|금융투자업등록,2026-04-26
제1항 및 제2항,준용함,STRUCTURE,역외투자자문업자 또는 역외투자일임업자 등록취소 등에 관하여,제249조의3,0.9,역외투자자문업자|역외투자일임업자,2026-04-26
금융위원회,권한을가짐,ACTION,금융투자업자의 임원에 대한 조치,제422조,0.8,임직원에 대한 조치,2026-04-26
임직원,포함함,LOGICAL,임원,제422조,0.6,임직원|임원,2026-04-26
금융위원회,할 수 있다,ACTION,조치,제420조제1항,0.95,조치,2026-04-26
제420조제1항,요구함,ACTION,면직,제420조제1항,0.95,제재 조치|금융투자업자,2026-04-26
제재 조치,정의함,LOGICAL,면직,제420조제1항,0.9,제재 조치,2026-04-26
금융위원회,요구함,ACTION,청문,423,0.95,청문|처분 또는 조치,2026-04-26
지정의 취소,정의함,LOGICAL,종합금융투자사업자에 대한 지정,제77조의2제4항,0.9,지정의 취소|종합금융투자사업자,2026-04-26
금융투자상품거래청산회사,취소,ACTION,인가,제323조의20제1항,0.95,인가의 취소,2026-04-26
제323조의20제1항,근거함,STRUCTURE,인가의 취소,제323조의20제1항,0.9,인가의 취소,2026-04-26
금융투자상품거래청산회사 임직원,요구함,ACTION,해임 또는 면직,제323조의20제3항,0.95,해임요구,2026-04-26
해임요구,정의함,LOGICAL,금융투자상품거래청산회사 임직원에 대한 해임요구 또는 면직요구,제323조의20제3항,0.9,해임요구,2026-04-26
신용평가회사 인가,취소함,ACTION,신용평가회사,335조의15제1항,0.95,인정 취소|신용평가회사 인가,2026-04-26
인정 취소,정의함,LOGICAL,신용평가회사에 대한 인가의 취소,335조의15제1항,0.9,인정 취소|신용평가회사 인가의 취소,2026-04-26
신용평가회사 임직원,요구함,ACTION,해임,제335조의15제3항,0.95,해임요구,2026-04-26
신용평가회사 임직원,요구함,ACTION,면직,제335조의15제3항,0.95,면직요구,2026-04-26
거래소허가 취소,근거함,STRUCTURE,제411조제1항,제411조제1항,0.95,거래소허가 취소|제411조제1항,2026-04-26
거래소 임직원,요구함,ACTION,해임,제411조,0.95,해임요구,2026-04-26
거래소 임직원,요구함,ACTION,면직,제411조,0.95,면직요구,2026-04-26
제420조제1항,참조함,STRUCTURE,제420조제2항,제420조제1항,0.3,제420조제1항|제420조제2항,2026-04-26
금융투자업,취소,ACTION,인증·등록,제421조제1항,0.95,인증·등록 취소|준용,2026-04-26
제421조제1항,준용함,STRUCTURE,제4항,제421조제1항,0.85,준용,2026-04-26
금융투자업자 임직원,허용함,ACTION,해임요구 또는 면직요구,제422조,0.95,해임요구|면직요구,2026-04-26
금융위원회,수행함,ACTION,처분 등의 기록 및 공시,제424조,0.6,처분 기록 및 공시|금융위원회,2026-04-26
기록 및 유지관리,정의함,LOGICAL,기록 및 유지관리 행위,제422조,0.9,기록 및 유지관리|의무,2026-04-26
기록 및 유지관리,참조함,STRUCTURE,제422조,제422조,0.95,기록 및 유지관리|제422조,2026-04-26
제420조,정의함,LOGICAL,제420조제1항ㆍ제3항,420,0.9,제420조제1항ㆍ제3항,2026-04-26
금융위원회,요구함,ACTION,공고,제421조제1항,0.95,공고|관보|인터넷 홈페이지,2026-04-26
공고,정의함,LOGICAL,관보 및 인터넷 홈페이지,제421조제1항,0.9,공고|관보|인터넷 홈페이지,2026-04-26
금융위원회,준용함,STRUCTURE,제4항,제421조제1항,0.85,제4항|준용,2026-04-26
금융위원회,공고,ACTION,제421조제1항,421,0.95,공고,2026-04-26
금융투자업자,통보,ACTION,제422조제1항,422,0.95,통보,2026-04-26
조회,정의함,LOGICAL,제422조까지의 규정에 따른 처분 또는 조치 여부 및 그 내용을 조회할 수 있다,제422조,0.9,조회|제422조 규정,2026-04-26
금융위원회,통보,ACTION,조회 요청자,제422조,1.0,금융위원회|조회 요청자|통보,2026-04-26
금융위원회,통보,ACTION,처분 또는 조치 여부 및 그 내용,제422조,0.95,금융위원회|처분|조치|통보,2026-04-26
이의신청 특례,정의함,LOGICAL,금융투자업 인가 취소처분 등에 대한 이의신청 특례,제425조,0.3,이의신청 특례|금융투자업 인가 취소처분,2026-04-26
제420조,구조,STRUCTURE,제420조제1항ㆍ제3항,제420조제1항ㆍ제3항,0.5,제420조,2026-04-26
제421조,상위조항,STRUCTURE,제420조,421,0.3,제421조|제420조,2026-04-26
불복하는 자,허용함,ACTION,금융위원회,제422조,0.9,이의신청|불복|30일 이내,2026-04-26
불복하는 자,제한시간,LOGICAL,30일 이내,제422조,0.8,이의신청|30일|제한시간,2026-04-26
이의신청,제한함,LOGICAL,제1항제2호부터 제6호까지 및 같은 조 제3항(제1항제2호부터 제6호까지의 어느 하나에 해당하는 조치),제422조,0.8,이의신청|제한|특정조치,2026-04-26
금융위원회,통지해야 한다,ACTION,신청인,제422조,0.9,통지|60일 이내|이의신청,2026-04-26
금융위원회,연장할 수 있다,ACTION,30일 범위,제422조,0.8,연장|30일|부득이한 사유,2026-04-26
이의신청,준용함,STRUCTURE,행정기본법,제422조,0.7,준용|행정기본법|이의신청,2026-04-26
제36조,준용함,STRUCTURE,제36조,36,0.9,제36조에 따른다,2026-04-26
금융위원회,요구함,ACTION,보고 및 조사,426,0.8,보고 및 조사,2026-04-26
제174조까지,구조,STRUCTURE,제174조,제174조,0.4,제174조까지|제174조,2026-04-26
제178조,참조함,STRUCTURE,제179조,178,0.0,,2026-04-26
제178조의 2,구성함,STRUCTURE,제178조,제178조의 2,0.8,제178조의 2|제178조,2026-04-26
금융위원회,요구함,ACTION,진술서 제출,제180조의6,0.95,요구|진술서 제출,2026-04-26
금융위원회,요구함,ACTION,출석,제180조의6,0.95,요구|출석,2026-04-26
금융위원회,요구함,ACTION,장부·서류·물건 제출,제180조의6,0.95,요구|장부·서류·물건 제출,2026-04-26
금융위원회,명령함,ACTION,보고·자료 제출,제180조의6,0.9,명령|보고·자료 제출,2026-04-26
금융위원회,명령함,ACTION,금융감독원장 조사,제180조의6,0.9,명령|조사,2026-04-26
금융위원회,수행함,ACTION,조사,제180조의6,0.9,수행|조사,2026-04-26
제172조,정의함,LOGICAL,REGULATION,Unknown,0.6,제172조|REGULATION,2026-04-26
제174조까지,상위조항,STRUCTURE,제174조,Unknown,0.6,제174조까지|제174조,2026-04-26
제176조,정의함,LOGICAL,법령의 규정,제176조,0.6,법령|규정,2026-04-26
제178조의2,상위조항,STRUCTURE,제178조,제178조의2,0.9,제178조의2|제178조,2026-04-26
제180조,참조함,STRUCTURE,제2조,180,0.2,제2조의 규정에 따라,2026-04-26
금융위원회,할 수 있다,ACTION,"제2항제3호에 따라 제출된 장부ㆍ서류, 그 밖의 물건의 영치",제180조의6,0.95,조사 조치|필요하다고 인정되는 경우,2026-04-26
금융위원회,할 수 있다,ACTION,"관계자의 사무소 또는 사업장에 대한 출입을 통한 업무ㆍ장부ㆍ서류, 그 밖의 물건의 조사",제180조의6,0.95,조사 조치|필요하다고 인정되는 경우,2026-04-26
금융위원회,할 수 있다,ACTION,"금융투자 업자, 금융투자업관계기관 또는 거래소에 대통령령으로 정하는 방법에 따라 조사에 필요한 자료의 제출을 요구할 수 있다",제180조의6,0.95,조사 조치|자료 제출 요구|필요하다고 인정되는 경우,2026-04-26
금융위원회,할 수 있다,ACTION,시정명령 및 대통령령으로 정하는 조치,제180조의6,0.95,조사 조치|시정명령|대통령령 조치|필요하다고 인정되는 경우,2026-04-26
금융위원회,허용함,ACTION,지급정지,제426조의2,0.5,지급정지,2026-04-26
제173조의2제2항,상위조항,STRUCTURE,제173조의2,제173조의2제2항,0.9,구조|상위조항,2026-04-26
증권회사,요구함,ACTION,공시의무를 이행할 것,제176조,0.8,공시의무|증권회사,2026-04-26
제178조,정의함,LOGICAL,내용 없음,제178조,0.0,,2026-04-26
제178조 의2,참조함,STRUCTURE,제178조,제178조 의2,0.4,제178조 의2|제178조,2026-04-26
제180조,참조함,STRUCTURE,제180조 또는,180,0.0,,2026-04-26
특정 불공정거래 행위,정의함,LOGICAL,제180조의4를 위반한 행위,제180조의4,0.95,불공정거래 행위,2026-04-26
금융거래,정지,ACTION,계좌,제180조의4,0.9,불공정거래 행위|불법이익 은닉 방지|전기통신금융사기 피해 방지 및 피해금 환급에 관한 특별법,2026-04-26
수사기관,요구,ACTION,지급정지,제2조제1호,0.95,수사기관|지급정지|요구,2026-04-26
수사기관,요청할 수 있다,ACTION,금융위원회,제2조제1호,0.95,수사기관|금융위원회|요청,2026-04-26
금융위원회,해제할 수 있다,ACTION,지급정지,제2조제1호,0.95,금융위원회|지급정지|해제,2026-04-26
금융위원회,해제해야 한다,ACTION,지급정지,제2조제1호,0.95,금융위원회|지급정지|해제,2026-04-26
금융위원회,요구함,ACTION,투자자 보호,제426조의3,0.95,거래 및 임원선임 제한|투자자 보호,2026-04-26
금융위원회,요구함,ACTION,건전한 거래 질서 유지,제426조의3,0.95,거래 및 임원선임 제한|건전한 거래 질서,2026-04-26
거래 및 임원선임 제한,정의함,LOGICAL,제426조의3,제426조의3,0.9,거래 및 임원선임 제한,2026-04-26
제한명령,제한대상,LOGICAL,특정 불공정거래 행위 를 한 자,제426조,0.95,제한명령|불공정거래 행위,2026-04-26
제한명령,제한행위,LOGICAL,"금융투자상품의 계좌 개설, 매매, 대여, 차입 및 그 밖의 거래",제426조,0.9,제한명령|금융투자상품,2026-04-26
제한명령,제한행위,LOGICAL,주권상장법인등의 임원,제426조,0.9,제한명령|주권상장법인등,2026-04-26
제한명령,제한기간,LOGICAL,제한기간,제426조,0.9,제한명령|제한기간,2026-04-26
금융위원회,요구함,ACTION,제한기간을 정할 때 고려할 사항,제2조제5호,0.9,제한기간|고려,2026-04-26
금융위원회,금지함,ACTION,제한기간이 5년 초과,제2조제5호,0.9,제한기간|5년 초과 금지,2026-04-26
금융위원회,통보해야 한다,ACTION,거래제한대상자 정보,제2조제5호,0.9,통보|거래제한대상자|정보,2026-04-26
금융투자업자,거부해야 한다,ACTION,거래제한대상자 거래,제2조제5호,0.9,거부|거래제한대상자,2026-04-26
증권선물위원회,허용함,ACTION,압수·수색,제427조,0.7,불공정거래 조사|압수·수색,2026-04-26
제172조,정의함,LOGICAL,Unknown,172,0.5,Unknown,2026-04-26
Unknown,참조함,STRUCTURE,제174조까지,Unknown,0.5,핵심 개념|제174조,2026-04-26
제176조,참조함,STRUCTURE,제427조,176,0.3,압수ㆍ수색|증권선물위원회,2026-04-26
제178조,참조함,STRUCTURE,제2조,178,0.1,제178조|제2조,2026-04-26
제180조,참조함,STRUCTURE,제179조,제180조,0.3,제180조|제179조,2026-04-26
조사공무원,금지함,ACTION,조사권한의 남용,제427조의2,0.95,조사권한 남용 금지,2026-04-26
금융위원회,과징금 부과,ACTION,금융투자업자,제428조,0.85,과징금|금융투자업자,2026-04-26
제428조,정의함,STRUCTURE,과징금,제428조,0.9,과징금,2026-04-26
제34조제1항제1호ㆍ제 2호와 같은 조,참조함,STRUCTURE,제34조제1항제2항,제34조제1항제1호ㆍ제 2호와 같은 조 제2항,0.6,제34조제1항제1호ㆍ제 2호와 같은 조,2026-04-26
금융투자업자,부과할 수 있다,ACTION,과징금,제77조의3제9항,0.95,과징금|금융투자업자,2026-04-26
과징금,제한함,LOGICAL,위반금액,제77조의3제9항,0.9,과징금|위반금액,2026-04-26
제34조제1항제1호,위반,ACTION,취득금액 2,제34조제1항제1호,0.9,위반|취득금액,2026-04-26
제34조제1항제2호,위반한,ACTION,취득금액,제34조제1항제2호,0.95,취득금액 초과,2026-04-26
취득금액,초과,LOGICAL,허용비율,제34조제1항제2호,0.9,취득금액 초과|허용비율 초과,2026-04-26
제34조제1항제2호,과징금,SANCTION,3,제34조제1항제2호,0.9,과징금|금액,2026-04-26
제34조제2항,과태료대상임,SANCTION,신용공여액 4.,제34조제2항,0.8,위반|신용공여액,2026-04-26
금융위원회,금지함,ACTION,신용공여액,제77조의3제9항,0.85,신용공여액|위반,2026-04-26
위반,위반한 경우,LOGICAL,제77조의3제5항부터 제7항까지,제77조의3,0.95,위반|제77조의3제5항부터 제7항까지,2026-04-26
과징금,부과범위,LOGICAL,허용금액 초과한 신 법제처 245 국가법령정보 센터 자본시장과 금융투자업에 관한 법률 용공여액의 100분의 40 이하 범위,제77조의 3제8항,0.9,과징금 부과 범위|40% 이하,2026-04-26
금융위원회,부과,ACTION,과징금,제420조제3항,0.95,과징금 부과|업무정지기간의 이익 범위,2026-04-26
제54조제2항,참조함,STRUCTURE,제54조,제54조제2항,0.8,제54조,2026-04-26
제42조제10항,참조함,STRUCTURE,제42조,제42조제10항,0.6,제42조제10항|제42조,2026-04-26
제199조제5항,참조함,STRUCTURE,제199조,199조제5항,0.6,제199조제5항|제199조,2026-04-26
제260조,LOGICAL,LOGICAL,내용 없음,260,0.0,제260조,2026-04-26
제265조,STRUCTURE,STRUCTURE,제265조,제265조,0.0,제265조,2026-04-26
제289조,정의함,LOGICAL,공시의무,제289조,0.7,공시의무,2026-04-26
제304조,구조,STRUCTURE,제304조,304,0.0,제304조,2026-04-26
제323조의17,상위조항,STRUCTURE,제323조,323조의17,0.9,제323조의17|제323조,2026-04-26
제328조,구조,STRUCTURE,준용규정,제328조,0.9,준용규정,2026-04-26
임직원,부과할 수 있다,ACTION,과징금,제 367조,0.92,과징금|임직원,2026-04-26
정보 교류 차단 대상 정보 제공받아 이용한 자,부과할 수 있다,ACTION,과징금,제 367조,0.92,과징금|정보 교류 차단 대상,2026-04-26
과징금,금액은,LOGICAL,1.5배에 상당하는 금액 (이익 또는 회피한 손실액),제 367조,0.9,과징금|1.5배,2026-04-26
금융위원회,부과함,ACTION,과징금,제180조,0.9,공매도 주문금액 위반|과징금 부과,2026-04-26
조건,정의함,LOGICAL,각 호의 어느 하나에 해당하는 자가 다음 각 호의 어느 하나에 해당하는 경우,제125조제1항,0.95,조건|조건부,2026-04-26
제119조,참조함,STRUCTURE,자본시장의 공정성ㆍ신뢰성 및 효율성,119,0.1,제119조|자본시장의 공정성ㆍ신뢰성 및 효율성,2026-04-26
제122조,정의함,LOGICAL,제122조,제122조,0.1,제122조,2026-04-26
제119조,정의함,LOGICAL,제119조,제119조,0.1,제119조,2026-04-26
제122조,참조함,STRUCTURE,제122조,122,0.3,제122조,2026-04-26
금융위원회,근거함,STRUCTURE,"제123조에 따른 신고서ㆍ설명서, 그 밖의 제출서류",123,0.85,제출서류|제123조,2026-04-26
자,부과할 수 있다,ACTION,과징금,제142조제1항,0.95,과징금|부과|자,2026-04-26
자,조건부,LOGICAL,다음 각 호의 어느 하나에 해당,제142조제1항,0.9,조건|다음 각 호,2026-04-26
과징금,범위,STRUCTURE,공개매수예정총액의 3% (최대 20억원),제142조제1항,0.9,과징금|공개매수예정총액|3%,2026-04-26
공개매수예정총액,정의함,LOGICAL,공개매수할 주식등의 수량 × 공개매수가격,제142조제1항,0.95,공개매수예정총액|수량|가격|곱,2026-04-26
제134조,정의함,LOGICAL,제134조,134,0.1,제134조,2026-04-26
제136조,상위조항,STRUCTURE,제135조,제136조,0.4,제136조|제135조,2026-04-26
제136조,하위조항,STRUCTURE,제137조,제136조,0.4,제136조|제137조,2026-04-26
거짓 기재,처벌대상임,SANCTION,신고서·설명서 등 중요사항에 대한 거짓 기재 또는 표시,137,0.95,거짓 기재|중요사항,2026-04-26
제134조,정의함,LOGICAL,없음,134,0.5,제134조|정의함,2026-04-26
제136조,정의함,LOGICAL,제136조,136,0.3,제136조,2026-04-26
과징금,금액제한,LOGICAL,"일일평균거래금액의 100분의 10 (10억원 미만인 경우 10억원, 20억원 초과 또는 거래되지 않은 경우 20억원)",제137조,0.85,과징금|금액제한|일일평균거래금액,2026-04-26
공시의무,정의함,LOGICAL,발행자가 일정 기간 내에 특정 정보를 공개하도록 요구하는 의무,제159조,0.5,공시의무|발행자,2026-04-26
발행자,요구함,ACTION,공시의무,제159조,0.6,공시의무|발행자,2026-04-26
제160조,참조함,STRUCTURE,제159조,160,0.3,제160조|제159조,2026-04-26
사업보고서,금지함,ACTION,거짓의 기재 또는 표시,161,0.95,거짓의 기재 또는 표시|중요사항,2026-04-26
제159조,참조함,STRUCTURE,제159조,제159조,0.5,제159조,2026-04-26
제160조,구조,STRUCTURE,제160조,제160조,0.5,제160조,2026-04-26
제161조제1항,근거함,STRUCTURE,제161조제1항에 따라 제출하여야 하는 사업보고서등을 제출하지 아니한 때 ④ 금융위원회는,제161조제1항,0.9,제161조제1항|제161조제1항에 따라 제출하여야 하는 사업보고서등을 제출하지 아니한 때,2026-04-26
금융위원회,권한을가짐,ACTION,제161조제1항에 따라 제출하여야 하는 사업보고서등을 제출하지 아니한 때,제161조제1항,0.8,금융위원회|제161조제1항에 따라 제출하여야 하는 사업보고서등을 제출하지 아니한 때,2026-04-26
보고자,요구함,ACTION,보고,제147조제1항,0.9,보고 의무,2026-04-26
보고자,부과,ACTION,과징금,제147조제1항,0.95,과징금 부과|보고자 의무,2026-04-26
과징금,근거함,STRUCTURE,제147조제1항,제147조제1항,0.9,과징금|제147조제1항,2026-04-26
위반자,금지함,ACTION,보고를 하지 않다,제147조,0.95,보고|위반|제147조,2026-04-26
위반자,과징금대상임,SANCTION,보고를 하지 않다,제147조,0.9,보고|위반|제147조,2026-04-26
제147조,참조함,STRUCTURE,"제147조제1항, 제3항, 제4항",제147조,0.85,제147조|제147조제1항|제147조제3항|제147조제4항,2026-04-26
보고서류,정의함,LOGICAL,제147조에 따른 보고서류,제147조,0.9,보고서류|제147조에 따른,2026-04-26
정정보고서,금지함,ACTION,거짓의 기재 또는 표시,제151조제2항,0.9,정정보고서|거짓의 기재 또는 표시,2026-04-26
정정보고서,금지함,ACTION,중요한 사항을 기재 또는 표시하지 아니한 경우,제151조제2항,0.9,정정보고서|중요한 사항 기재/표시하지 않음,2026-04-26
정정보고서,준용함,STRUCTURE,대통령령으로 정하는 중요한 사항,제151조제2항,0.9,정정보고서|대통령령|중요한 사항,2026-04-26
금융위원회,권한을가짐,ACTION,정정보고서에 대한 조치,제151조제2항,0.7,금융위원회|정정보고서|조치,2026-04-26
위반,위반함,ACTION,제173조의3제1항,제173조의3제1항,0.95,위반|제173조의3제1항,2026-04-26
위반,과징금 부과,ACTION,과징금,제173조의3제1항,0.9,위반|과징금,2026-04-26
보고자,위반함,ACTION,제173조의3제2항,제173조의3제2항,0.95,위반|제173조의3제2항,2026-04-26
보고자,보고함,ACTION,새로운 거래계획,제173조의3제2항,0.9,보고|새로운 거래계획|거래기간 종료일 이전,2026-04-26
보고자,처벌대상임,SANCTION,4,제173조의3제2항,0.9,처벌|4|제173조의3제2항,2026-04-26
위반,위반함,ACTION,제173조의3제3항,제173조의3제3항,0.95,위반|제173조의3제3항,2026-04-26
위반,위반시 과징금,SANCTION,5,제173조의3제3항,0.95,위반|과징금 5,2026-04-26
금융위원회,부과할 수 있다,ACTION,과징금(2배 이익 또는 회피 손실액 이하),제429조의2,0.9,과징금|이익|손실액,2026-04-26
금융위원회,부과할 수 있다,ACTION,과징금(40억원 이하),제429조의2,0.9,과징금|40억원,2026-04-26
자,위반,ACTION,제173조의2제2항,제173조의2제2항,0.95,위반,2026-04-26
자,누설,ACTION,정보,제173조의2제2항,0.95,정보 누설,2026-04-26
자,이용,ACTION,장내파생상품 및 그 기초자산의 매매나 그 밖의 거래,제173조의2제2항,0.9,이용,2026-04-26
자,이용하게 하다,ACTION,타인,제173조의2제2항,0.9,이용하게 하다,2026-04-26
자,위반함,ACTION,제174조,제174조,0.95,위반,2026-04-26
자,이용행위,ACTION,미공개중요정보,제174조,0.95,이용행위,2026-04-26
자,위반하여,ACTION,미공개중요정보 이용행위,제174조,0.9,위반|이용행위,2026-04-26
자,위반함,ACTION,제176조,제176조,0.95,위반|제176조,2026-04-26
자,행위함,ACTION,시세조종행위,제176조,0.9,시세조종행위|행위,2026-04-26
시세조종행위,위반의 대상,LOGICAL,제176조,제176조,0.85,시세조종행위|제176조,2026-04-26
과징금 부과,근거함,STRUCTURE,제1항,제178조,0.9,제1항에 따라,2026-04-26
제443조제1항,참조함,STRUCTURE,제443조,제443조제1항,0.2,제443조제1항,2026-04-26
위반한 자,부과할 수 있다,ACTION,과징금,제178조의2,0.95,과징금|부과|제178조의2,2026-04-26
과징금,정의함,LOGICAL,5억원 이하,제178조의2,0.9,과징금|정의|5억원 이하,2026-04-26
과징금,예외로함,LOGICAL,1.5배 이익 이하,제178조의2,0.85,과징금|예외|1.5배 이익,2026-04-26
과징금,부과할 수 있다,ACTION,과징금,제178조의2,0.8,과징금|부과|1.5배 이익|5억원 초과,2026-04-26
과징금,정의함,LOGICAL,위법한 공매도에 대한 과징금,제429조의3,0.9,과징금|위법한 공매도,2026-04-26
금융위원회,권한을가짐,ACTION,과징금,제429조의3,0.8,과징금|위법한 공매도,2026-04-26
공매도를 하거나 공매도 주문을 위탁한 자,과징금을 부과할 수 있다,ACTION,과징금,180,0.95,과징금 부과|공매도 위반,2026-04-26
제180조를 위반한 자,과징금을 부과할 수 있다,ACTION,과징금,180,0.9,과징금 부과|제180조 위반,2026-04-26
공매도 주문금액,위반함,ACTION,제180조,제180조,0.85,공매도 주문금액|제180조|위반,2026-04-26
금융위원회,부과할 수 있다,ACTION,과징금 (5억원 이하),제180조의4,0.95,과징금|부과|5억원 이하,2026-04-26
금융위원회,부과할 수 있다,ACTION,과징금 (1.5배 금액 이하),제180조의4,0.9,과징금|부과|1.5배 금액 이하|조건: 1.5배 금액 > 5억원,2026-04-26
벌금 부과받은 사람,취소할 수 있다,ACTION,과징금 부과,제443조제1항제10호,0.95,과징금 부과 취소,2026-04-26
벌금 부과받은 사람,제외할 수 있다,ACTION,과징금,제443조제1항제10호,0.95,과징금 제외,2026-04-26
과징금 부과 취소,정의함,LOGICAL,과징금 부과를 취소하거나 벌금에 상당하는 금액을 과징금에서 제외할 수 있다,제443조제1항제10호,0.9,과징금 부과 취소,2026-04-26
과징금,정의함,LOGICAL,과징금의 부과,430,0.7,과징금|부과,2026-04-26
제4항,제외한다,ACTION,제429조,제429조,0.95,제4항 제외|제4항,2026-04-26
과징금부과대상자,부과,ACTION,과징금,제429조의3제1항제2호,0.95,과징금 부과|고의|중대한 과실,2026-04-26
과징금부과대상자,한한다,LOGICAL,고의 또는 중대한 과실이 있는 경우,제429조의3제1항제2호,0.9,한한다|고의|중대한 과실,2026-04-26
제428조,정의함,LOGICAL,None,제428조,0.0,None,2026-04-26
제4항,제4항 제외,STRUCTURE,제429조,429,0.85,제4항 제외,2026-04-26
과징금부과대상자,과징금 부과,ACTION,제429조의3제1항제2호,429,0.9,과징금 부과,2026-04-26
제429조의2,참조함,STRUCTURE,제429조의3제1항제2호,제429조의2,0.6,과징금 부과,2026-04-26
과징금 부과 기준,고려하여야 한다,ACTION,위반행위의 내용 및 정도,제429조의3,0.92,과징금 부과 기준|위반행위의 내용 및 정도,2026-04-26
과징금 부과 기준,고려하여야 한다,ACTION,위반행위의 기간 및 회수,제429조의3,0.92,과징금 부과 기준|위반행위의 기간 및 회수,2026-04-26
과징금 부과 기준,고려하여야 한다,ACTION,위반행위로 인하여 취득한 이익의 규모,제429조의3,0.92,과징금 부과 기준|위반행위로 인하여 취득한 이익의 규모,2026-04-26
과징금 부과 기준,고려하여야 한다,ACTION,업무정지기간,제429조의3,0.92,과징금 부과 기준|업무정지기간,2026-04-26
금융위원회,허용함,ACTION,과징금 부과·징수,제428조제3항,0.95,과징금 부과·징수|합병|위반행위,2026-04-26
과징금 부과·징수,근거함,STRUCTURE,대통령령,제428조제3항,0.9,과징금 부과|대통령령,2026-04-26
금융위원회,요구함,ACTION,의견제출 기회,제431조,0.95,의견제출|과징금 부과,2026-04-26
당사자 또는 이해관계인 등,허용함,ACTION,회의에 출석하여 의견 진술 또는 자료 제출,제431조,0.9,의견진술|자료제출,2026-04-26
당사자 또는 이해관계인 등,허용함,ACTION,변호인의 도움을 받거나 변호인을 대리인으로 지정,제431조,0.9,변호인 도움|대리인 지정,2026-04-26
과징금 부과,우선함,LOGICAL,의견제출 기회 제공,제431조,0.85,과징금 부과|의견제출,2026-04-26
과징금 부과처분에 대한 이의신청 특례,정의함,LOGICAL,과징금 부과처분에 대한 이의신청 절차에 대한 특례 규정,432,0.85,과징금 부과처분|이의신청|특례,2026-04-26
금융위원회,과징금 부과·징수,ACTION,과징금,428,0.9,과징금 부과·징수|금융위원회,2026-04-26
제429조,정의함,LOGICAL,None,429,0.1,,2026-04-26
제429조의2,상위조항,STRUCTURE,제429조,제429조의2,0.9,제429조,2026-04-26
이의신청,참조함,STRUCTURE,제429조의 3에 따른 과징금 부과처분,제429조의 3,0.9,이의신청|과징금 부과처분,2026-04-26
이의신청,정의함,LOGICAL,과징금 부과처분에 대한 이의신청 절차,제429조의 3,0.7,이의신청|과징금 부과처분,2026-04-26
준용,준용함,ACTION,제425조,제425조,0.95,준용|제425조,2026-04-26
금융위원회,허용함,ACTION,과징금납부의무자에 대한 과징금 납부기한 연기 및 분할 납부,제433조,0.85,과징금 납부기한 연기 및 분할 납부|과징금납부의무자,2026-04-26
과징금납부의무자,요구함,ACTION,금융위원회,제29조,0.95,과징금 납부기한 연기|분할 납부|10일 전,2026-04-26
금융위원회,허용함,ACTION,과징금 납부기한 연기 또는 분할 납부,제29조,0.9,과징금 납부기한 연기|분할 납부,2026-04-26
금융위원회,요구할 수 있다,ACTION,담보 제공,제29조,0.85,담보 제공|필요하다고 인정,2026-04-26
금융위원회,취소할 수 있다,ACTION,과징금 납부기한 연기 또는 분할 납부 결정,제29조,0.9,분할 납부기한 미납|담보 제공 부적합|강제집행|경매|파산선고|법인 해산|국세 강제징수|지방세 체납처분,2026-04-26
금융위원회,징수할 수 있다,ACTION,과징금,제29조,0.9,과징금|일시 징수,2026-04-26
과징금,예외로함,LOGICAL,제1항부터 제3항까지에서 규정한 사항,제29조,0.85,과징금|제1항부터 제3항까지,2026-04-26
금융위원회,가산금을 징수할 수 있다,ACTION,가산금,제434조,0.95,과징금|가산금|납부기한,2026-04-26
금융위원회,독촉을 하고 가산금을 징수할 수 있다,ACTION,과징금 및 가산금,제434조,0.9,과징금|가산금|기한|국세체납처분,2026-04-26
금융위원회,위탁할 수 있다,ACTION,국세청장,제434조,0.9,과징금|가산금|체납처분|위탁,2026-04-26
금융위원회,요청할 수 있다,ACTION,세무관서 장 또는 지방자치단체 장,제434조,0.85,과징금|체납|과세정보|요청,2026-04-26
과세정보의 제공을 요청받은 자,따라야 한다,ACTION,요청,제434조,0.8,과세정보|요청|정당한 사유,2026-04-26
금융위원회,환급하여야 한다,ACTION,과징금 과오납금,제434조의2,0.95,과오납금 환급|지체 없이|청구가 없어도,2026-04-26
과징금 납부의무자,청구,ACTION,과징금 과오납금 환급,제434조의2,0.9,과오납금 환급 청구|이의신청 재결|법원 판결,2026-04-26
환급받을 자,충당할 수 있다,ACTION,과징금,제434조의2,0.85,환급 금액 충당|과징금,2026-04-26
과오납금 환급,정의함,LOGICAL,과징금 과오납금 환급,제434조의2,0.8,과오납금 환급 정의,2026-04-26
금융위원회,정의함,LOGICAL,환급가산금,제434조의3,0.7,환급가산금 정의,2026-04-26
과징금 환급,지급,ACTION,환급가산금,제434조의2제1항,0.95,과징금 환급|환급가산금|가산금 이율|대통령령,2026-04-26
과징금 환급,근거함,STRUCTURE,제434조의2제1항,제434조의2제1항,0.9,과징금 환급|제434조의2제1항,2026-04-26
금융위원회,할 수 있다,ACTION,결손처분,제434조의4,0.95,결손처분|과징금 납부의무자|사유,2026-04-26
누구든지,보고할 의무가 있다,ACTION,금융위원회,435,0.95,위법행위의 신고,2026-04-26
금융위원회,보호함,ACTION,신고자,435,0.9,신고자 보호,2026-04-26
제174조,참조함,STRUCTURE,제174조,제174조,0.5,제174조,2026-04-26
제176조,정의함,LOGICAL,없음,176,0.3,제176조,2026-04-26
제178조,참조함,STRUCTURE,제178조의2,제178조,0.3,제178조|제178조의2,2026-04-26
공시의무,정의함,LOGICAL,"주식회사가 주식의 발행, 상장, 상장폐지, 배당, 분할, 합병, 전환 등에 관한 사항을 공시한다.",제180조,0.8,공시의무|주식회사의 공시,2026-04-26
주식회사는,요구함,ACTION,공시의무를 이행한다,제180조,0.75,공시의무,2026-04-26
제180조의2,참조함,STRUCTURE,제180조,제180조의2,0.6,제180조의2|제180조,2026-04-26
"금융위원회, 증권선물위원회, 금융감독원장, 거래소, 협회, 예탁결제원",허용함,ACTION,"신고서ㆍ보고서, 그 밖의 서류 또는 자료",제436조,0.95,전자문서에 의한 신고|제436조,2026-04-26
전자문서에 의한 신고,규정함,STRUCTURE,대통령령,제436조,0.9,전자문서에 의한 신고|제436조,2026-04-26
전자문서에 의한 신고,정의함,LOGICAL,제출 방법이 전자문서일 수 있다,제436조,0.85,전자문서에 의한 신고|제436조,2026-04-26
금융위원회,할 수 있다,ACTION,외국금융투자감독기관,제437조,0.95,정보교환|외국금융투자감독기관,2026-04-26
제172조,정의함,LOGICAL,제172조,Unknown,0.5,제172조,2026-04-26
상장사,요구함,ACTION,공시의무,제174조,0.5,공시의무|상장사,2026-04-26
상장사,지닌다,LOGICAL,공시의무,제174조,0.5,공시의무|상장사,2026-04-26
제178조,구조,STRUCTURE,제177조,178,0.1,상위조항,2026-04-26
제180조,참조함,STRUCTURE,제180조 및,제180조,0.2,제180조,2026-04-26
증권선물위원회,정의함,LOGICAL,제180조의6까지의 규정을 위반한 사항인 경우,180조의6,0.98,증권선물위원회|제180조의6까지의 규정 위반,2026-04-26
외국금융투자감독기관,요청할 수 있다,ACTION,조사 또는 검사,180조의6,0.95,외국금융투자감독기관|조사 또는 검사 요청|협조,2026-04-26
금융위원회,제공할 수 있다,ACTION,조사 또는 검사자료,180조의6,0.95,금융위원회|조사 또는 검사자료 제공|상호주의 원칙,2026-04-26
금융위원회,제공받을 수 있다,ACTION,조사 또는 검사자료,180조의6,0.95,금융위원회|조사 또는 검사자료 수령|상호주의 원칙,2026-04-26
거래소,정보교환할 수 있다,ACTION,외국 거래소,180조의6,0.95,거래소|외국 거래소|정보교환,2026-04-26
거래소,협의해야 한다,ACTION,금융위원회,180조의6,0.95,거래소|금융위원회|협의,2026-04-26
거래소,협의하지 않아도 된다,ACTION,금융위원회,180조의6,0.9,거래소|금융위원회|협의 면제,2026-04-26
조사 또는 검사자료,사용될 수 없다,LOGICAL,제공된 목적 외의 다른 용도,180조의6,0.92,조사 또는 검사자료|제공 목적|비사용,2026-04-26
조사 또는 검사자료 및 그 제공사실,비밀이 유지될 것,LOGICAL,비밀 유지,180조의6,0.92,조사 또는 검사자료|비밀 유지,2026-04-26
금융위원회,위임할 수 있다,ACTION,증권선물위원회,438,0.95,위임|권한의 일부|대통령령으로 정하는 바에 따라,2026-04-26
금융위원회,위탁할 수 있다,ACTION,거래소 또는 협회,438,0.95,위탁|권한의 일부|대통령령으로 정하는 바에 따라,2026-04-26
금융위원회,위탁할 수 있다,ACTION,금융감독원장,438,0.95,위탁|권한의 일부|대통령령으로 정하는 바에 따라,2026-04-26
증권선물위원회,위탁할 수 있다,ACTION,금융감독원장,438,0.95,위탁|권한의 일부|대통령령으로 정하는 바에 따라,2026-04-26
금융위원회,요구함,ACTION,증권선물위원회 심의,439,0.95,증권선물위원회 심의|미리,2026-04-26
증권거래소,수행함,ACTION,거래소의 업무,제354조제1항,0.9,증권거래소|업무,2026-04-26
Unknown,정의함,LOGICAL,제132조,132,0.4,Unknown,2026-04-26
제146조제1항,구성함,STRUCTURE,전단 및 제2항,제146조제1항,0.3,전단|제2항,2026-04-26
제151조제1항,참조함,STRUCTURE,제151조제2항,151,0.7,제151조제1항|제151조제2항,2026-04-26
전단,참조함,STRUCTURE,제151조제1항,151,0.6,전단|제151조제1항,2026-04-26
전단,정의함,LOGICAL,전단,158,0.6,전단,2026-04-26
전단,참조함,STRUCTURE,제158조제1항,158,0.7,전단,2026-04-26
전단 및 제2항에 따른 조사ㆍ조치,정의함,LOGICAL,절차 및 기준,제164조제1항,0.95,절차 및 기준|조사ㆍ조치,2026-04-26
재무관리기준,정의함,LOGICAL,제165조의16,제165조의16,0.95,재무관리기준|제165조의16,2026-04-26
금융위원회,요구함,ACTION,절차 및 기준,제426조제5항,0.95,조사 절차|절차 및 기준,2026-04-26
금융위원회,요구함,ACTION,조치ㆍ명령,제426조제5항,0.9,조사 절차|조치ㆍ명령,2026-04-26
조사 절차,정의함,LOGICAL,절차 및 기준,제426조제5항,0.92,조사 절차|절차 및 기준,2026-04-26
금융위원회,권한을가짐,ACTION,조사ㆍ조치,제426조제5항,0.88,금융위원회|조사ㆍ조치,2026-04-26
제132조,정의함,LOGICAL,없음,제132조,0.3,내용 없음,2026-04-26
제146조제2항,구조,STRUCTURE,제146조,제146조제2항,0.7,제146조,2026-04-26
제151조제2항,참조함,STRUCTURE,제151조,151조제2항,0.8,제151조제2항|제151조,2026-04-26
제158조제2항,상위조항,STRUCTURE,제158조,제158조제2항,0.9,제158조제2항,2026-04-26
제164조제2항,상위조항,STRUCTURE,제164조,제164조제2항,0.95,제164조제2항|제164조,2026-04-26
제165조의 18,준용함,STRUCTURE,조치,제165조의 18,0.95,제165조의 18|조치,2026-04-26
의결권 없는 주식 발행,인정함,ACTION,의결권 없는 주식 발행,제165조의15제1항제2호,0.9,의결권 없는 주식 발행|인정,2026-04-26
의결권 없는 주식 발행,참조함,STRUCTURE,제165조의15제1항제2호,제165조의15제1항제2호,0.8,의결권 없는 주식 발행|제165조의15제1항제2호,2026-04-26
주식소유비율 한도,승인,ACTION,주식소유비율 한도,제167조제2항,0.9,주식소유비율 한도|승인,2026-04-26
명령,참조함,STRUCTURE,제416조,416,0.9,명령|제416조에 따른 명령,2026-04-26
조사결과에 따른 조치,요구함,ACTION,조사결과,제426조제5항,0.95,조사결과에 따른 조치|조사결과,2026-04-26
지급정지 요구 사,정의함,LOGICAL,제426조의2제1항,제426조의2제1항,0.95,지급정지 요구 사|제426조의2제1항,2026-04-26
제한명령,근거함,STRUCTURE,제426조의3,제426조의3,0.9,제한명령|제426조의3,2026-04-26
제429조,상위조항,STRUCTURE,제428조,429,0.2,제429조|제428조,2026-04-26
제429조의2,구성함,STRUCTURE,제429조,제429조의2,0.4,제429조의2,2026-04-26
과징금부과처분자,정의함,LOGICAL,제429조의3에 따른 과징금부과처분자,제429조의3,0.95,과징금부과처분자 정의,2026-04-26
금융위원회,정하고 고시하는,ACTION,사항,제449조제3항,0.95,과태료부과처분|정하고 고시하는,2026-04-26
금융위원회 또는 증권선물위원회,권한을 가짐,ACTION,"금융감독원장에 대한 지시·감독 및 업무집행방법의 변경, 그 밖에 감독상 필요한 조치를 명할 수 있다",제440조,0.95,지시·감독|업무집행방법의 변경|감독상 필요한 조치,2026-04-26
금융감독원,수행함,ACTION,증권신고서에 관한 사항,제440조,0.95,증권신고서|업무 수행,2026-04-26
금융감독원,수행함,ACTION,증권의 공개매수에 관한 사항,제440조,0.95,공개매수|업무 수행,2026-04-26
금융감독원,수행함,ACTION,이 법에 따라 금융감독원장의 검사를 받아야 하는 기관의 검사에 관한 사항,제440조,0.95,검사|업무 수행,2026-04-26
금융감독원,수행함,ACTION,상장법인의 관리에 관한 사항,제440조,0.95,상장법인|관리|업무 수행,2026-04-26
금융감독원,수행함,ACTION,상장법인의 기업분석 및 기업내용의 신고에 관한 사항,제440조,0.95,기업분석|신고|업무 수행,2026-04-26
금융감독원,수행함,ACTION,거래소시장(다자간매매체결회사에서의 거래를 포함한다) 외에서의 증권 및 장외파생상품의 매매의 감독에 관한 사항,제440조,0.95,거래소시장|증권|장외파생상품|감독|업무 수행,2026-04-26
금융감독원,수행함,ACTION,정부로부터 위탁받은 업무,제440조,0.95,위탁|업무 수행,2026-04-26
금융감독원,수행함,ACTION,그 밖에 이 법에 따라 부여된 업무,제440조,0.95,법에 따른 부여|업무 수행,2026-04-26
금융감독원,수행함,ACTION,제1호부터 제8호까지의 업무에 부수되는 업무,제440조,0.95,부수 업무|업무 수행,2026-04-26
금융투자상품 매매의 제한,정의함,LOGICAL,금융투자상품 매매,441조,0.6,금융투자상품 매매의 제한|금융투자상품 매매,2026-04-26
제63조,참조함,STRUCTURE,제63조,제63조,0.5,제63조,2026-04-26
자본시장과 금융투자업에 관한 법률,준용함,LOGICAL,금융위원회의 위원 및 소속 공무원,383조제1항,0.95,자본시장과 금융투자업에 관한 법률|준용,2026-04-26
자본시장과 금융투자업에 관한 법률,준용함,LOGICAL,증권선물위원회의 위원,383조제1항,0.95,자본시장과 금융투자업에 관한 법률|준용,2026-04-26
자본시장과 금융투자업에 관한 법률,준용함,LOGICAL,금융감독원의 원장ㆍ부원장ㆍ부원장보ㆍ감사 및 소속 직원,383조제1항,0.95,자본시장과 금융투자업에 관한 법률|준용,2026-04-26
발행인,요구함,ACTION,분담금,제442조,0.95,발행인|분담금,2026-04-26
분담금,정의함,LOGICAL,금융감독원의 운영경비의 일부를 분담,제442조,0.95,분담금|운영경비,2026-04-26
분담금,준용함,STRUCTURE,대통령령,제442조,0.9,분담금|대통령령,2026-04-26
이익 산정,정의함,LOGICAL,위반행위로 얻은 이익의 산정,제442조의2,0.9,이익 산정|위반행위로 얻은 이익,2026-04-26
위반행위와 관련된 거래로 얻은 이익 또는 회피한 손실액,정의함,LOGICAL,제429조의3에 따른,제429조의3,0.9,위반행위와 관련된 거래로 얻은 이익 또는 회피한 손실액,2026-04-26
제429조의3,참조함,STRUCTURE,위반행위와 관련된 거래로 얻은 이익 또는 회피한 손실액,제429조의3,0.8,위반행위와 관련된 거래로 얻은 이익 또는 회피한 손실액,2026-04-26
위반행위로 얻은 이익 또는 회피한 손실액,정의함,LOGICAL,그 위반행위를 통하여 이루어진 거래로 발생한 총수입에서 그 거래를 위한 총비용을 공제한 차액,제443조,0.97,위반행위로 얻은 이익 또는 회피한 손실액|총수입|총비용|차액,2026-04-26
위반행위의 유형별 구체적인 산정방식,정의함,LOGICAL,대통령령으로 정한다,제443조,0.92,위반행위의 유형별 구체적인 산정방식|대통령령,2026-04-26
자,벌금에 처한다,ACTION,벌금,제443조,0.95,벌금|벌금에 처한다,2026-04-26
벌금,상한액을 5억원으로 한다,LOGICAL,5억원,제443조,0.95,벌금|상한액|5억원,2026-04-26
벌금,금액은 4배 이상 6배 이하,LOGICAL,그 위반행위로 얻은 이익 또는 회피한 손실액,제443조,0.95,벌금|4배 이상 6배 이하|이익 또는 회피한 손실액,2026-04-26
자,위반함,ACTION,제174조제1항,제174조제1항,0.95,위반|제174조제1항,2026-04-26
자,이용함,ACTION,미공개중요정보,제174조제1항,0.95,이용|미공개중요정보,2026-04-26
자,이용하게 한,ACTION,타인,제174조제1항,0.9,이용하게 한|타인,2026-04-26
자,이용함,ACTION,미공개정보,제174조제2항,0.9,미공개정보|이용,2026-04-26
자,위반함,ACTION,제174조제2항,제174조제2항,0.95,제174조제2항|위반,2026-04-26
자,위반함,ACTION,미공개정보 이용,제174조제3항,0.95,미공개정보 이용|위반,2026-04-26
자,타인에게 이용하게 함,ACTION,미공개정보,제174조제3항,0.9,미공개정보|이용|타인,2026-04-26
자,위반함,ACTION,제176조제1항,제176조제1항,0.9,위반|제176조제1항,2026-04-26
자,행위한,ACTION,행위,제176조제1항,0.8,행위|자,2026-04-26
자,위반,ACTION,제176조제2항,제176조제2항,0.95,위반,2026-04-26
자,한,ACTION,같은 항 각 호의 어느 하나에 해당하는 행위,제176조제2항,0.9,행위,2026-04-26
같은 항 각 호의 어느 하나에 해당하는 행위,목적,LOGICAL,상장증권 또는 장내파생상품의 매매를 유인,제176조제2항,0.85,목적,2026-04-26
시세 고정,정의함,LOGICAL,상장증권 또는 장내파생상품의 시세를 고정시키거나 안정시킬 목적으로 그 증권 또는 장내파생상품에 관한 일련의 매매 또는 그 위탁이나 수탁을 한 자,제176조제3항,0.95,시세 고정|정의|상장증권|장내파생상품|매매|위탁|수탁,2026-04-26
자,위반함,ACTION,제176조제3항,제176조제3항,0.9,자|위반|제176조제3항,2026-04-26
자,위반함,ACTION,시세 고정,제176조제3항,0.9,자|위반|시세 고정,2026-04-26
자,금지함,ACTION,금융투자상품의 매매,제176조제4항,0.95,금융투자상품의 매매,2026-04-26
자,위반함,LOGICAL,제178조제2항,제178조제2항,0.95,제178조제2항|위반,2026-04-26
자,한,ACTION,풍문의 유포,제178조제2항,0.9,풍문의 유포,2026-04-26
자,한,ACTION,위계의 사용,제178조제2항,0.9,위계의 사용,2026-04-26
자,한,ACTION,폭행 또는 협박,제178조제2항,0.9,폭행|협박,2026-04-26
자,제재,SANCTION,10,제178조제2항,0.9,제178조제2항|제재,2026-04-26
자,목적,LOGICAL,금융투자상품의 매매,제178조제2항,0.9,금융투자상품의 매매,2026-04-26
자,목적,LOGICAL,시세 변동 도모,제178조제2항,0.9,시세 변동 도모,2026-04-26
자,가중한다,ACTION,징역,제180조,0.95,이익 또는 회피한 손실액이 50억원 이상|이익 또는 회피한 손실액이 5억원 이상 50억원 미만,2026-04-26
징역,가중한다,ACTION,무기 또는 5년 이상의 징역,제180조,0.9,이익 또는 회피한 손실액이 50억원 이상,2026-04-26
징역,가중한다,ACTION,3년 이상의 유기징역,제180조,0.9,이익 또는 회피한 손실액이 5억원 이상 50억원 미만,2026-04-26
징역,병과할 수 있다,ACTION,10년 이하의 자격정지,제180조,0.9,징역에 처하는 경우,2026-04-26
자,처리,ACTION,5년 이하의 징역 또는 2억원 이하의 벌금,444,0.95,벌칙|징역|벌금,2026-04-26
자,위반함,ACTION,제11조,11,0.95,제11조 위반|금융투자업,2026-04-26
자,영위함,ACTION,금융투자업,11,0.95,금융투자업|제11조 위반,2026-04-26
자,위반함,ACTION,제11조의2,제11조의2,0.95,위반|제11조의2,2026-04-26
자,알선하거나 중개함,ACTION,계좌 대여,제11조의2,0.9,알선|중개|계좌 대여,2026-04-26
자,위반함,ACTION,제16조의2,제16조의2,0.95,제16조의2 위반,2026-04-26
자,위반함,ACTION,업무 단위 추가등록,제16조의2,0.92,업무 단위 추가등록,2026-04-26
자,영위함,ACTION,투자매매업 또는 투자중 개업,제16조의2,0.9,투자매매업|투자중 개업,2026-04-26
자,등록,ACTION,업무 단위,제16조의2,0.95,업무 단위 추가등록,2026-04-26
자,근거함,STRUCTURE,제16조의2에 따른 업무 단위 추가등록,제16조의2,0.9,업무 단위 추가등록,2026-04-26
자,정의함,LOGICAL,금융투자업인가(변경인가를 포함한다)를 받는 자,제12조,0.95,자|금융투자업인가|변경인가,2026-04-26
자,위반함,ACTION,제34조제1항,제34조제1항,0.95,위반|제34조제1항,2026-04-26
자,행위함,ACTION,제34조제1항 제1호 또는 제2호에 해당하는 행위,제34조제1항,0.9,행위|제34조제1호|제34조제2호,2026-04-26
금융투자업자,과태료대상임,SANCTION,과태료 5,제34조제2항,0.95,신용공여|제34조제2항 위반,2026-04-26
신용공여를 받은 자,과태료대상임,SANCTION,과태료 5,제34조제2항,0.95,신용공여|제34조제2항 위반,2026-04-26
금융투자업자,행위,ACTION,신용공여,제34조제2항,0.9,신용공여|제34조제2항 위반,2026-04-26
위반,정의함,LOGICAL,대주주(그의 특수관계인을 포함한다) 자신의 이익을 얻을 목적으로 같은 조각의 어느 하나에 해당하는 행위를 한 자,350,0.95,위반|대주주|특수관계인|이익|행위,2026-04-26
위반,준용함,STRUCTURE,제350조,350,0.9,위반|제350조,2026-04-26
제42조제10항,상위조항,STRUCTURE,제42조,42조제10항,0.9,제42조제10항|제42조,2026-04-26
금융실명거래 및 비밀보장에 관한 법률,준용함,STRUCTURE,제304조,304,0.95,준용|법률,2026-04-26
제304조,참조함,STRUCTURE,금융실명거래 및 비밀보장에 관한 법률,304,0.9,참조|법률,2026-04-26
제52조제6항,구성함,STRUCTURE,제52조,제52조제6항,0.6,제52조,2026-04-26
제199조제5항,구성함,STRUCTURE,제199조,199조제5항,0.6,제199조,2026-04-26
제255조,정의함,LOGICAL,내용 없음,255,0.0,제255조,2026-04-26
제260조,정의함,STRUCTURE,REGULATION,260,0.6,제260조|REGULATION,2026-04-26
공시의무,정의함,LOGICAL,공시,제265조,0.8,공시의무 정의|공시,2026-04-26
제289조,상위조항,STRUCTURE,제289조,제289조,0.0,제289조,2026-04-26
제328조,정의함,LOGICAL,준용규정,328,0.7,준용규정,2026-04-26
제367조 준용,위반함,ACTION,제367조,367,0.9,제367조 준용|위반,2026-04-26
자,이용,ACTION,정보,제45조제1항,0.95,정보교류 차단|정당한 사유 없이,2026-04-26
정보교류 차단,대상이 되는,LOGICAL,정보,제45조제1항,0.9,정당한 사유 없이,2026-04-26
제45조제1항,적용함,STRUCTURE,정보교류 차단,제45조제1항,0.9,,2026-04-26
자,금지함,ACTION,금융투자상품 매매,70,0.95,제70조 위반|금융투자상품 매매,2026-04-26
제70조 위반,정의함,LOGICAL,금융투자상품 매매,70,0.9,제70조 위반|금융투자상품 매매,2026-04-26
제70조 위반,참조함,STRUCTURE,제70조,70,0.85,제70조 위반|제70조,2026-04-26
제7호 제외,예외로함,LOGICAL,제7호,제71조,0.95,제7호 제외|제7호,2026-04-26
제7호 제외,정의함,LOGICAL,제7호를 제외한다,제71조,0.9,제7호 제외|제7호를 제외한다,2026-04-26
제8호 제외,정의함,LOGICAL,제8호를 제외한다,85,0.95,제8호 제외|제8호,2026-04-26
제8호 제외,예외로함,LOGICAL,제8호,85,0.85,제8호 제외|제8호,2026-04-26
제98조제1항,상위조항,STRUCTURE,제98조,98조제1항,0.9,제98조제1항|제98조,2026-04-26
제101조의2제1항,준용함,STRUCTURE,제2항,제101조의2제1항,0.8,준용|제101조의2제1항,2026-04-26
제2항,예외로함,LOGICAL,제10호,제101조의2제1항,0.75,제외|제10호,2026-04-26
자,위반함,ACTION,제108조(제9호를 제외한다),108,0.95,위반|제108조,2026-04-26
자,행위함,ACTION,해당 조항 각 호의 행위,108,0.9,행위|해당 조항,2026-04-26
제77조의3,상위조항,STRUCTURE,제77조,제77조의3,0.95,제77조의3|제77조,2026-04-26
제77조의3제8항에 해당하는 경우,예외로함,LOGICAL,제77조의3제8항,Unknown,0.8,제77조의3제8항|예외,2026-04-26
신용공여를 한 자,위반함,ACTION,제77조의3제8항,Unknown,0.7,신용공여|위반,2026-04-26
자,처벌대상임,SANCTION,한도에 적합하도록 하지 않음,제77조의3제8항,0.95,한도 적합 불이행|기간 이내,2026-04-26
종합금융투자사업자,위반함,ACTION,제77조의3제9항,77조의3제9항,0.95,신용공여|위반,2026-04-26
자,위반함,ACTION,제81조제1항,제81조제1항,0.95,위반|제81조제1항,2026-04-26
자,운용함,ACTION,집합투자재산,제81조제1항,0.9,운용|집합투자재산,2026-04-26
자,행위,LOGICAL,같은 항 각 호의 어느 하나에 해당하는 행위,제81조제1항,0.85,행위|제81조제1항,2026-04-26
위반자,위반함,ACTION,제84조제1항,84,0.95,위반자|제84조제1항,2026-04-26
위반자,이해관계인과 거래행위함,ACTION,이해관계인,84,0.9,위반자|이해관계인,2026-04-26
위반자,운용함,ACTION,집합투자재산,84,0.85,위반자|집합투자재산,2026-04-26
제87조,구조,STRUCTURE,제2항부터 제5항,제87조,0.5,제87조|제2항부터 제5항,2026-04-26
준용,참조함,STRUCTURE,제186조제2항,제186조제2항,0.9,준용|제186조제2항,2026-04-26
자,위반함,ACTION,제112조제2항부터 제5항까지의 규정,112조제2항부터 제5항까지,0.95,규정 위반,2026-04-26
자,처벌대상임,SANCTION,의결권 행사,112조,0.95,의결권 행사|위반,2026-04-26
자,위반함,ACTION,제117조의7제6항,제117조의7제6항,0.95,위반|제117조의7제6항,2026-04-26
자,증권의 청약을함,ACTION,증권,제117조의7제6항,0.9,증권 청약|자,2026-04-26
자,위반으로 처벌받음,SANCTION,제11조의3,제117조의7제6항,0.9,제11조의3|처벌,2026-04-26
증권 모집·매출자,위반함,ACTION,제119조(제5항을 제외한다),119,0.95,위반|제119조,2026-04-26
증권 모집·매출자,거짓 기재,ACTION,중요사항,119,0.9,거짓 기재|중요사항,2026-04-26
증권 모집·매출자,알고도,LOGICAL,중요사항에 대한 거짓 기재 또는 누락,119,0.85,알고도|거짓 기재|누락,2026-04-26
증권 모집·매출자,처벌대상임,SANCTION,거짓 기재,119,0.9,거짓 기재|증권 모집·매출자,2026-04-26
제119조,참조함,STRUCTURE,제119조 제5항,119,0.8,제119조|제119조 제5항,2026-04-26
제159조제7항,구성함,STRUCTURE,제159조,제159조제7항,0.6,제159조,2026-04-26
제160조제1항,정의함,LOGICAL,제160조제1항 후단 또는,제160조제1항,0.3,제160조제1항,2026-04-26
공인회계사ㆍ감정인 또는 신용평가를 전문으로 하는 자,요구함,ACTION,서명하고 진실 또는 정 확하다고 증명하며 그 뜻을 기재,제161조제1항,0.9,서명|증명|기재,2026-04-26
증권신고서,정의함,LOGICAL,제119조에 따른 증권신고서 또는 일괄신고추가서류,119,0.95,증권신고서 정의|제119조에 따른 증권신고서,2026-04-26
정정신고서,정의함,LOGICAL,제122조,122,0.9,정정신고서|제122조,2026-04-26
투자설명서,정의함,LOGICAL,제123조에 따른 내용,제123조,0.8,투자설명서|제123조,2026-04-26
제123조,참조함,STRUCTURE,투자설명서,제123조,0.8,제123조|투자설명서,2026-04-26
제124조제2항제3호,포함함,ACTION,간이투자 설명서,제124조제2항제3호,0.9,간이투자 설명서 포함|규정,2026-04-26
사업보고서,정의함,LOGICAL,제159조,159,0.9,사업보고서|제159조,2026-04-26
보고서,요구함,ACTION,제160조에 따른,160,0.95,반기보고서|분기보고서,2026-04-26
주요사항보고서,정의함,LOGICAL,제161조에 따른 주요사항보고서 사,161조,0.9,주요사항보고서|제161조에 따른 주요사항보고서 사,2026-04-26
사업보고서등,요구함,ACTION,정정명령,Unknown,0.8,제164조제2항|정정명령,2026-04-26
정정신고서를 제출하지 아니한 자,위반,ACTION,제122조제3항,제122조제3항,0.9,제122조제3항|위반,2026-04-26
정정신고서를 제출하지 아니한 자,거짓의 기재 또는 표시,ACTION,중요사항,제122조제3항,0.9,거짓의 기재 또는 표시|중요사항,2026-04-26
정정신고서를 제출하지 아니한 자,중요사항을 기재 또는 표시하지 아니한,ACTION,중요사항,제122조제3항,0.9,중요사항 기재 또는 표시|중요사항,2026-04-26
공개매수공고,공고,ACTION,공개매수공고,134,0.9,공개매수공고|제134조에 따른 공개매수공고,2026-04-26
공개매수신고서,공고,ACTION,공개매수신고서,134,0.8,공개매수신고서|제134조에 따른 공개매수신고서,2026-04-26
정정신고서,정의함,LOGICAL,정정신고서 또는 공고,136,0.7,정정신고서|공고,2026-04-26
정정신고서,참조함,STRUCTURE,제136조,136,0.9,정정신고서 참조|제136조,2026-04-26
공개매수설명서,정의함,LOGICAL,제137조제1항에 따른 공개매수설명서 16.,137,0.9,공개매수설명서|제137조제1항,2026-04-26
제134조제1항,상위조항,STRUCTURE,제134조,제134조제1항,0.9,제134조제1항|제134조,2026-04-26
자,위반함,ACTION,제136조제5항,제136조제5항,0.95,제136조제5항 위반|공고를 하지 아니한,2026-04-26
자,공고를 하지 아니함,ACTION,공고,제136조제5항,0.9,제136조제5항 위반|공고를 하지 아니한,2026-04-26
자,위반함,ACTION,제134조제2항,134조제2항,0.95,공개매수신고서|제134조제2항,2026-04-26
자,제출하지 않음,ACTION,공개매수신고서,134조제2항,0.95,공개매수신고서|제134조제2항,2026-04-26
위임장 용지,정의함,LOGICAL,위임장 용지 및 참고서류,제154조,0.8,위임장 용지|참고서류,2026-04-26
의결권 위임 관련 중요사항,정의함,LOGICAL,의결권피권 유자의 의결권 위임 여부 판단에 중대한 영향을 미칠 수 있는 사항,156,0.92,의결권 위임 관련 중요사항|정의,2026-04-26
자,처벌대상임,SANCTION,의결권 위임 관련 중요사항에 대한 거짓 기재 또는 미기재,156,0.95,의결권 위임 관련 중요사항|거짓 기재|미기재,2026-04-26
거래한 자,위반,ACTION,제246조제5항ㆍ제6항,제246조제5항ㆍ제6항,0.95,위반|거래한 자|제246조제5항ㆍ제6항,2026-04-26
거래한 자,위반,ACTION,제19조제3항,제246조제5항ㆍ제6항,0.9,위반|거래한 자|제19조제3항,2026-04-26
제249조의7제2항,상위조항,STRUCTURE,제249조,제249조의7제2항,0.6,제249조의7제2항|제249조,2026-04-26
자,위반함,SANCTION: 처벌대상임,집합투자 재산 운용,249조의12,0.9,집합투자 재산|운용|위반,2026-04-26
자,위반함,ACTION,제249조의7제6항,제249조의7제6항,0.95,위반|의결권 행사,2026-04-26
자,행사함,ACTION,의결권,제249조의7제6항,0.95,의결권 행사,2026-04-26
자,위반함,ACTION,제249조의16제1항,249,0.95,위반,2026-04-26
제250조제1항,상위조항,STRUCTURE,제250조,250,0.6,제250조,2026-04-26
자,위반함,ACTION,제251조제1항,251,0.95,위반,2026-04-26
자,영위함,ACTION,집합투자업,251,0.95,집합투자업,2026-04-26
자,위반함,ACTION,제280조제1항,280(1),0.95,위반|제280조제1항,2026-04-26
자,판매함,ACTION,외국집합투자증권,280(1),0.95,판매|외국집합투자증권,2026-04-26
자,위반행위에 따른 처벌,SANCTION,21의2,280(1),0.95,위반|처벌|21의2,2026-04-26
금융투자상품거래청산업인가를 받은 자,정의함,LOGICAL,제323조의3에 따른 금융투자상품거래청산업인가(변경인가를 포함한다)를 받은 자,제323조의3,0.95,금융투자상품거래청산업인가|변경인가,2026-04-26
금융투자상품거래청산업인가를 받은 자,참조함,STRUCTURE,제323조의3,제323조의3,0.9,제323조의3,2026-04-26
제323조의21,참조함,STRUCTURE,제323조,323조의21,0.6,제323조의21|제323조,2026-04-26
제335조의2,참조함,STRUCTURE,제335조의2,Unknown,0.5,제335조의2,2026-04-26
제355조,상위조항,STRUCTURE,제355조제1항,355,0.8,제355조|제355조제1항,2026-04-26
자,위반함,ACTION,제360조제1항,제360조제1항,0.95,위반|제360조제1항,2026-04-26
자,영위함,ACTION,업무,제360조제1항,0.92,영위|업무,2026-04-26
자,받지 않음,ACTION,인가,제360조제1항,0.9,인가|받지 않음,2026-04-26
제324조제1항,구조,STRUCTURE,제324조,324,0.6,제324조제1항|제324조,2026-04-26
제335조의3제1항,상위조항,STRUCTURE,제335조,335조의3제1항,0.9,제335조의3제1항|제335조,2026-04-26
제355조,정의함,LOGICAL,제355조제1항,355,0.0,제355조,2026-04-26
인증을 받은 자,정의함,LOGICAL,24,360,0.95,인증을 받은 자|정의,2026-04-26
제360조제1항,참조함,STRUCTURE,인증을 받은 자,360,0.9,제360조제1항|인증을 받은 자,2026-04-26
제335조제1항,상위조항,STRUCTURE,제335조,335조제1항,1.0,제335조제1항|제335조,2026-04-26
인가가 취소된 후 그 취소된 업무를 영위한 자,과태료대상임,SANCTION,25,제364조제1항,0.95,업무 영위|인가 취소,2026-04-26
인가가 취소된 후 그 취소된 업무를 영위한 자,영위함,ACTION,업무,제364조제1항,0.85,업무 영위,2026-04-26
제364조제1항,근거함,STRUCTURE,인가가 취소된 후 그 취소된 업무를 영위한 자는 25,제364조제1항,0.9,업무 영위|인가 취소,2026-04-26
종합금융회사,위반함,ACTION,제343조제1항,제343조제1항,0.95,위반|제343조제1항,2026-04-26
종합금융회사,신용공여를함,ACTION,자,제343조제1항,0.95,신용공여,2026-04-26
자,신용공여를받음,ACTION,종합금융회사,제343조제1항,0.95,신용공여,2026-04-26
종합금융회사,처벌대상임,SANCTION,제343조제1항,제343조제1항,0.95,제343조제1항|처벌,2026-04-26
자,처벌대상임,SANCTION,제343조제1항,제343조제1항,0.95,제343조제1항|처벌,2026-04-26
자,위반함,ACTION,제357조제1항,제357조제1항,0.95,위반,2026-04-26
자,처벌대상임,SANCTION,금융투자업 영위 위반,제357조제1항,0.85,위반|금융투자업 영위,2026-04-26
자,위반함,ACTION,제373조,제373조,0.95,위반|제373조,2026-04-26
자,받지 아니함,ACTION,거래소허가(변경허가 포함),제373조,0.95,거래소허가|변경허가,2026-04-26
자,개설하거나 운영함,ACTION,금융투자상품시장,제373조,0.95,개설|운영|금융투자상품시장,2026-04-26
자,위반 행위에 사용한 방법,LOGICAL,"거짓, 부정한 방법",제373조,0.9,거짓|부정한 방법,2026-04-26
거래소허가를 받은 자,정의함,LOGICAL,자(거래소허가를 받은 자),제373조의2,0.95,거래소허가를 받은 자|자,2026-04-26
거래소허가를 받은 자,참조함,STRUCTURE,제373조의2,제373조의2,0.9,제373조의2에 따른,2026-04-26
자,금지함,ACTION,업무,제420조제1항,0.95,금융투자업인가 취소|영위한 업무,2026-04-26
누설자,누설한,ACTION,비밀,제435조제4항,0.95,비밀 누설,2026-04-26
누설자,위반한,ACTION,제435조제4항,제435조제4항,0.9,위반,2026-04-26
자,처리한다,ACTION,5년 이하의 징역 또는 2억원 이하의 벌금,제444조,0.95,벌칙|징역|벌금,2026-04-26
벌칙,정의함,LOGICAL,다음 각 호의 어느 하나에 해당하는 자는 5년 이하의 징역 또는 2억원 이하의 벌금에 처한다,제444조,0.9,벌칙,2026-04-26
자,영위하다,ACTION,금융투자업,제11조,0.95,영위하다|금융투자업,2026-04-26
자,위반하다,ACTION,제11조,제11조,0.95,위반|제11조,2026-04-26
자,받지 않다,ACTION,금융투자업인가,제11조,0.95,금융투자업인가|받지 않다,2026-04-26
제16조의2 위반,정의함,LOGICAL,제16조의2를 위반하여 업무 단위 추가등록을 하지 아니하고 투자매매업 또는 투자중 개업을 영위한 자,제16조의2,0.8,제16조의2 위반|위반,2026-04-26
자,처벌대상임,SANCTION,업무 단위 추가등록,제16조의2,0.95,업무 단위 추가등록|제16조의2,2026-04-26
자,행위함,ACTION,행위,제34조제1항,0.9,행위,2026-04-26
자,처벌받음,SANCTION,4,제34조제1항,0.9,위반|처벌,2026-04-26
금융투자업자,위반함,ACTION,제34조제2항,제34조제2항,0.9,제34조제2항|신용공여,2026-04-26
금융투자업자,신용공여를함,ACTION,신용공여를 받은 자,제34조제2항,0.85,신용공여,2026-04-26
금융투자업자,과태료대상임,SANCTION,5,제34조제2항,0.95,과태료|제34조제2항,2026-04-26
신용공여를 받은 자,과태료대상임,SANCTION,5,제34조제2항,0.95,과태료|제34조제2항,2026-04-26
제35조,정의함,LOGICAL,내용 없음,35,0.1,제35조,2026-04-26
대주주,금지함,ACTION,행위,제350조,0.85,위반 행위|대주주,2026-04-26
제350조,정의함,LOGICAL,PENALTY,제350조,0.9,제350조|PENALTY,2026-04-26
제350조,규정함,STRUCTURE,처벌,제350조,0.8,제350조|처벌,2026-04-26
위반자,위반하고 제공/누설한,ACTION,제3자,제4조,0.8,위반|제3자 제공|거래정보|누설,2026-04-26
요구한 자,요구한,ACTION,제3자에 제공/누설된 거래정보,제4조,0.7,요구|제3자 제공|거래정보,2026-04-26
제54조제2항,상위조항,STRUCTURE,제54조,제54조제2항,0.8,제54조제2항|제54조,2026-04-26
제54조제2항,구조,STRUCTURE,금융실명거래 및 비밀보장에 관한 법률,제54조제2항,0.7,제54조제2항|금융실명거래 및 비밀보장에 관한 법률,2026-04-26
제52조제6항,참조함,STRUCTURE,제52조,제52조제6항,0.7,제52조제6항|제52조,2026-04-26
제199조제5항,상위조항,STRUCTURE,제199조,199조제5항,0.9,제199조제5항|제199조,2026-04-26
제255조,참조함,STRUCTURE,제255조,255,0.0,,2026-04-26
공시의무자,요구함,ACTION,공시의무,제260조,0.6,공시의무|공시의무자,2026-04-26
공시의무,정의함,LOGICAL,발행자 등은 일정한 정보를 공시해야 한다,제265조,0.8,공시의무|발행자|정보공시,2026-04-26
제289조,정의함,LOGICAL,Unknown concept,289,0.0,Unknown,2026-04-26
제328조,준용함,STRUCTURE,해당 조항,328,0.6,준용규정,2026-04-26
제367조,위반함,ACTION,준용,제367조,0.9,제367조|준용,2026-04-26
자,이용함,ACTION,정보교류 차단 대상 정보,제45조제1항/제2항,0.95,정보교류 차단 대상 정보 이용|정당한 사유 없이,2026-04-26
자,제삼자에게 이용하게 함,ACTION,정보교류 차단 대상 정보,제45조제1항/제2항,0.9,제삼자에게 이용하게 함|정보교류 차단 대상 정보 이용,2026-04-26
자,위반함,ACTION,제70조,70,0.9,제70조 위반,2026-04-26
자,행위,ACTION,금융투자상품 매매,70,0.95,제70조 위반|금융투자상품 매매,2026-04-26
제71조,제7호를 제외한다,ACTION,제7호,제71조,0.95,제7호|제71조,2026-04-26
제8호 제외,제외함,ACTION,제8호,85,0.95,제8호 제외|제8호,2026-04-26
제101조의2제1항에서 준용하는 경우,포함한다,ACTION,제10호,제101조의2,0.9,준용|포함,2026-04-26
제101조의2제2항,제외한다,ACTION,제10호,제101조의2,0.9,제10호|제외,2026-04-26
자,위반함,ACTION,제108조,108,0.95,위반|제108조,2026-04-26
제108조,제9호를 제외한다,STRUCTURE,제9호,108,0.9,제9호|제108조,2026-04-26
자,위반함,ACTION,신용공여,제345조,0.95,신용공여|제345조,2026-04-26
자,행위,ACTION,한도에 적합하도록 하지 않음,제8조의4,0.95,한도 적합 불이행|제77조의3제8항 기간,2026-04-26
한도 적합 불이행,정의함,LOGICAL,제77조의3제8항 기간 이내에 한도에 적합하도록 하지 아니한 행위,제8조의4,0.85,한도 적합 불이행|제77조의3제8항 기간,2026-04-26
제77조의3제8항,참조함,STRUCTURE,제8조의4,제8조의4,0.9,제77조의3제8항|제8조의4,2026-04-26
자,위반함,ACTION,집합투자재산을 운용함에 있어서 같은 항 각 호의 어느 하나에 해당하는 행위,제81조제1항,0.95,위반|집합투자재산 운용,2026-04-26
자,위반함,ACTION,제81조제5항(제7호를 제외한다),81,0.9,위반|제81조제5항,2026-04-26
자,위반함,ACTION,기업성장집합투자기구의 집합투자재산을 운용할 때 같은 항 각 호의 어느 하나에 해당하는 행위,81,0.8,위반|집합투자재산,2026-04-26
제87조제2항부터 제5항,구성함,STRUCTURE,제87조제2항 및 제5항,Unknown,0.5,제87조제2항|제5항,2026-04-26
준수,포함한다,LOGICAL,준수하는 경우,제186조제2항,0.9,준수|포함,2026-04-26
자,증권 청약을 함,ACTION,투자자의 재산,제117조의7제6항,0.95,증권 청약|투자자의 재산,2026-04-26
보관자,위반,ACTION,제117조의8제1항,제117조의8제1항,0.95,위반|제117조의8제1항,2026-04-26
보관자,과태료,SANCTION,제117조의8제1항 위반,제117조의8제1항,0.9,과태료|위반,2026-04-26
보관자,보관,ACTION,투자자 재산,제117조의8제1항,0.9,보관|투자자 재산,2026-04-26
증권을 모집 또는 매출한 자,거짓의 기재 또는 표시를 하다,ACTION,중요사항에 대한 거짓의 기재 또는 표시,119,0.95,거짓의 기재 또는 표시|중요사항,2026-04-26
증권을 모집 또는 매출한 자,알고도,LOGICAL,중요사항에 대한 거짓의 기재 또는 표시가 있거나 중요사항의 기재 또는 표시가 누락된 사실,119,0.9,알고도|거짓의 기재 또는 표시|중요사항 누락,2026-04-26
증권을 모집 또는 매출한 자,위반하여,ACTION,제119조(제5항을 제외한다),119,0.85,위반|제119조,2026-04-26
증권을 모집 또는 매출한 자,제재함,SANCTION,거짓의 기재 또는 표시,제119조,0.9,거짓의 기재 또는 표시|증권 모집/매출,2026-04-26
제159조제7항,상위조항,STRUCTURE,제159조,제159조제7항,0.6,제159조,2026-04-26
제160조제1항,구조,STRUCTURE,제160조,160,0.5,후단 또는,2026-04-26
공인회계사ㆍ감정인 또는 신용평가를 전문으로 하는 자,증명함,ACTION,서명,제161조제1항,0.9,증명|서명,2026-04-26
공인회계사ㆍ감정인 또는 신용평가를 전문으로 하는 자,기재함,ACTION,그 뜻,제161조제1항,0.85,기재|그 뜻,2026-04-26
증권신고서,정의함,LOGICAL,제119조에 따른 증권신고서,119,0.85,증권신고서 정의|제119조,2026-04-26
일괄신고추가서류,정의함,LOGICAL,제119조에 따른 일괄신고추가서류,119,0.85,일괄신고추가서류 정의|제119조,2026-04-26
정정신고서,참조함,STRUCTURE,제122조,122,0.95,정정신고서|제122조,2026-04-26
투자설명서,정의함,LOGICAL,집합투자증권의 경우,제123조,0.8,투자설명서|집합투자증권,2026-04-26
투자설명서,준용함,STRUCTURE,제123조,제123조,0.7,투자설명서|제123조,2026-04-26
문서,포함한다,ACTION,간이투자 설명서,제124조제2항제3호,0.95,간이투자 설명서,2026-04-26
사업보고서,준용함,STRUCTURE,제159조,Unknown,0.8,제159조에 따른|사업보고서,2026-04-26
보고서,정의함,LOGICAL,반기보고서,160,0.9,보고서|반기보고서,2026-04-26
보고서,정의함,LOGICAL,분기보고서,160,0.9,보고서|분기보고서,2026-04-26
보고서,참조함,STRUCTURE,제160조,160,0.8,보고서|제160조,2026-04-26
주요사항보고서,정의함,LOGICAL,제161조,161,0.9,주요사항보고서|제161조,2026-04-26
사업보고서등,제출,ACTION,정정명령에 따라,제164조제2항,0.95,사업보고서|정정명령|제164조제2항,2026-04-26
정정명령,근거함,STRUCTURE,제164조제2항,제164조제2항,0.9,정정명령|제164조제2항,2026-04-26
정정신고서 제출 불이행,정의함,LOGICAL,제122조제3항을 위반하여 정정신고서를 제출하지 아니한 자,제122조제3항,0.95,정정신고서 제출 불이행|제122조제3항 위반,2026-04-26
정정신고서 제출 불이행,처벌대상임,SANCTION,제122조제3항을 위반하여 정정신고서를 제출하지 아니한 자,제122조제3항,0.95,정정신고서 제출 불이행|제122조제3항 위반,2026-04-26
정정신고서,제출해야함,ACTION,제122조제3항에 따라,제122조제3항,0.9,정정신고서|제122조제3항,2026-04-26
공개매수공고,정의함,LOGICAL,제134조에 따른 공개매수공고 또는 공개매수신고서,134,0.9,공개매수공고 정의|제134조 적용,2026-04-26
공개매수공고,참조함,STRUCTURE,제134조,134,0.8,공개매수공고 정의|제134조 참조,2026-04-26
정정신고서,정의함,LOGICAL,제136조,136,0.95,정정신고서 정의|제136조,2026-04-26
공개매수설명서,참조함,STRUCTURE,제137조제1항에 따른 공개매수설명서 16,137,0.9,공개매수설명서|제137조제1항,2026-04-26
공개매수공고,정의함,LOGICAL,공개매수공고에 관한 내용,134조,0.3,공개매수공고,2026-04-26
보고서류,정의함,LOGICAL,제147조,147,0.9,보고서류|제147조,2026-04-26
자,위반,ACTION,거짓의 기재 또는 표시,151조제2항,0.95,거짓의 기재 또는 표시|중요한 사항,2026-04-26
자,위반,ACTION,중요한 사항을 기재 또는 표시하지 아니한,151조제2항,0.95,중요한 사항|중요한 사항을 기재 또는 표시하지 아니한,2026-04-26
위임장 용지 및 참고서류,준용함,STRUCTURE,제154조,제154조,0.8,위임장 용지 및 참고서류|제154조에 따른,2026-04-26
자,과태료대상임,SANCTION,거짓의 기재 또는 표시를 하거나 의결권 위임 관련 중요사항을 기재 또는 표시하지 아니한 행위,Unknown,0.8,거짓의 기재|표시|의결권 위임 관련 중요사항,2026-04-26
거래한 자,위반함,ACTION,제246조제5항ㆍ제6항,246,0.95,위반|제246조제5항ㆍ제6항,2026-04-26
거래한 자,처벌대상임,SANCTION,제246조제5항ㆍ제6항,246,0.9,위반|제246조제5항ㆍ제6항,2026-04-26
Unknown,참조함,STRUCTURE,제249조의7제2항,Unknown,0.3,Unknown,2026-04-26
자 20,위반함,ACTION,제249조의16제1항,제249조의16제1항,0.95,위반|제249조의16제1항,2026-04-26
자 20,위반하여 거래행위함,ACTION,거래행위,제249조의16제1항,0.9,위반|거래행위,2026-04-26
제250조제1항,참조함,STRUCTURE,제250조,제250조제1항,0.8,제250조제1항|제250조,2026-04-26
자,처벌대상임,SANCTION,벌칙 21,251,0.9,위반|집합투자업,2026-04-26
외국 집 합투자증권 판매,정의함,LOGICAL,제280조제1항,280,0.95,외국 집 합투자증권 판매|제280조제1항,2026-04-26
판매자,위반함,ACTION,제280조제1항,280,0.9,판매자|제280조제1항,2026-04-26
판매자,판매함,ACTION,외국 집 합투자증권,280,0.9,판매자|외국 집 합투자증권,2026-04-26
제280조제1항,위반시,SANCTION,21의2,280,0.9,제280조제1항|21의2,2026-04-26
자,위반함,ACTION,제323조의2,제323조의2,0.95,위반,2026-04-26
자,받지 않음,ACTION,금융투자상품거래청산업인가(변경인가 포함),제323조의2,0.95,금융투자상품거래청산업인가,2026-04-26
자,영위함,ACTION,금융투자상품거래청산업무,제323조의2,0.95,금융투자상품거래청산업무,2026-04-26
자,정의함,LOGICAL,금융투자상품거래청산업인가(변경인가를 포함한다)를 받은 사람,323조의3,0.95,정의|제323조의3에 따른,2026-04-26
자,참조함,STRUCTURE,제323조의3,323조의3,0.9,제323조의3에 따른,2026-04-26
제355조제1항,참조함,STRUCTURE,제355조,355조제1항,0.6,조항|참조,2026-04-26
위반자,정의함,LOGICAL,제360조제1항을 위반하여 인가를 받지 아니하고 해당 업무를 영위한 자,제360조제1항,0.95,위반자 정의|제360조제1항 위반,2026-04-26
공시의무,정의함,LOGICAL,발행자가 일정한 정보를 공시해야 한다.,제324조제1항,0.8,공시의무|발행자,2026-04-26
제355조제1항,상위조항,STRUCTURE,제355조,355,0.6,제355조제1항,2026-04-26
인가를 받은 자,정의함,LOGICAL,자(인가를 받는 자),제360조제1항,0.95,인가를 받은 자 정의|자|인가,2026-04-26
제354조제1항,정의함,LOGICAL,없음,354,0.0,,2026-04-26
종합금융회사,신용공여함,ACTION,자,제343조제1항,0.92,신용공여|종합금융회사|자,2026-04-26
자,신용공여받음,ACTION,종합금융회사,제343조제1항,0.92,신용공여|자|종합금융회사,2026-04-26
자,거래소허가를 받지 않음,ACTION,제373조,373,0.9,거래소허가|위반,2026-04-26
자,"거짓, 그 밖의 부정한 방법으로",LOGICAL,제373조 위반,373,0.85,부정한 방법,2026-04-26
자,받은,ACTION,거래소허가(변경허가를 포함한다),제373조의2,0.95,거래소허가|변경허가,2026-04-26
거래소허가(변경허가를 포함한다),제373조의2에 따른,STRUCTURE,제373조의2,제373조의2,0.85,거래소허가|제373조의2,2026-04-26
영위한 자,과태료를 부과받음,SANCTION,과태료,제420조제1항,0.95,과태료|영위한 자|업무,2026-04-26
영위한 자,영위하다,ACTION,취소된 업무,제420조제1항,0.9,영위한 자|취소된 업무,2026-04-26
자,누설함,ACTION,비밀,제435조제4항,0.95,비밀 누설|위반,2026-04-26
자,위반함,ACTION,제17조,제17조,0.95,제17조 위반,2026-04-26
자,영위함,ACTION,투자자문업 또는 투자일임업,제17조,0.92,투자자문업|투자일임업,2026-04-26
자,등록하지않음,ACTION,금융투자업등록(변경등록 포함),제17조,0.9,금융투자업등록|변경등록,2026-04-26
자,수행방법,ACTION,"거짓, 그 밖의 부정한 방법",제17조,0.88,거짓|부정한 방법,2026-04-26
금융투자업등록,정의함,LOGICAL,금융투자업 등록(변경등록을 포함한다)을 한 자,제18조,0.95,금융투자업등록|금융투자업 등록|변경등록,2026-04-26
명의 대여,정의함,LOGICAL,자기 명의를 대여하여 타인에게 금융투자업을 영위하게 한 자,제39조,0.95,명의 대여|자기 명의 대여|타인에게 금융투자업 영위,2026-04-26
자,대여함,ACTION,명의,제39조,0.85,자|대여|명의,2026-04-26
자,위반함,ACTION,제39조,제39조,0.8,자|제39조|위반,2026-04-26
자,위반,ACTION,제52조제1항,제52조제1항,0.95,위반|제52조제1항,2026-04-26
제54조제1항,참조함,STRUCTURE,제54조,54조제1항,0.6,제54조,2026-04-26
제255조,정의함,LOGICAL,제255조,255,0.1,제255조,2026-04-26
제260조,정의함,LOGICAL,내용 없음,제260조,0.1,제260조,2026-04-26
제265조,구조,STRUCTURE,제265조,제265조,0.0,제265조,2026-04-26
제289조,구조,STRUCTURE,제289조,289,0.0,,2026-04-26
제삼자,이용함,ACTION,정보,제367조,0.9,정보 이용|제삼자,2026-04-26
제삼자,이용함,ACTION,외부에 공개되지 아니한 정보,제367조,0.85,비공개 정보|정보 이용,2026-04-26
제55조,정의함,LOGICAL,제55조,55,0.0,제55조,2026-04-26
자,위반함,ACTION,같은 조 각 호의 어느 하나에 해당하는 행위,제101조의2제1항,0.9,위반|행위,2026-04-26
제60조제1항,정의함,LOGICAL,Unknown,Unknown,0.3,제60조제1항,2026-04-26
제255조,STRUCTURE,STRUCTURE,제255조,제255조,0.0,unknown,2026-04-26
제260조,정의함,LOGICAL,제260조의 내용,제260조,0.1,제260조,2026-04-26
준수,포함함,LOGICAL,제265조 준수,제265조,0.9,준수|제265조 준수,2026-04-26
자,위반함,ACTION,자료 기록·유지,제187조제1항,0.9,자료 기록·유지|위반,2026-04-26
자,위반함,ACTION,제187조제1항,제187조제1항,0.9,제187조제1항,2026-04-26
제187조제1항,정의함,LOGICAL,자료 기록·유지,제187조제1항,0.9,자료 기록·유지,2026-04-26
제63조제1항제1호,정의함,LOGICAL,내용 미제공,63조제1항제1호,0.2,제63조제1항제1호,2026-04-26
제289조,정의함,LOGICAL,제289조,제289조,0.1,,2026-04-26
공시의무,정의함,LOGICAL,제304조,304,0.6,공시의무,2026-04-26
제323조의17,참조함,STRUCTURE,제323조,제323조의17,0.6,제323조의17|제323조,2026-04-26
제328조,준용함,STRUCTURE,준용규정,제328조,0.9,준용규정,2026-04-26
제공자,정의함,LOGICAL,제공자에 대한 책임,335조의14,0.6,제공자|책임,2026-04-26
제367조,구조,STRUCTURE,제367조,제367조,0.0,제367조,2026-04-26
제383조제3항,참조함,STRUCTURE,제383조,383조제3항,0.6,제383조제3항,2026-04-26
위반자,정의함,LOGICAL,"금융투자상품 매매자(위반하고, 같은 호에 규정된 방법을 따르지 아니하고, 금융투자상품을 매매한 자)",제441조,0.95,위반자|금융투자상품 매매자|위반|준용|같은 호에 규정된 방법,2026-04-26
위반자,준용함,STRUCTURE,제441조,제441조,0.9,위반자|제441조|준용,2026-04-26
자,위반함,LOGICAL,집합투자증권 판매 및 광고,제76조제3항,0.9,집합투자증권 판매 및 광고 위반|위반,2026-04-26
자,판매함,ACTION,집합투자증권,제76조제3항,0.85,집합투자증권|판매,2026-04-26
자,광고함,ACTION,집합투자증권,제76조제3항,0.85,집합투자증권|광고,2026-04-26
종합금융투자사업자,정의함,LOGICAL,지정을 받은 자,제77조의2제1항,0.95,종합금융투자사업자|지정을 받은 자,2026-04-26
종합금융투자사업자,금지함,ACTION,전담중개업무,제77조의2,0.95,종합금융투자사업자 지정,2026-04-26
영위한 자,정의함,LOGICAL,업무를 영위한 자,제77조의3제3항,0.9,정의|업무|영위한 자,2026-04-26
자,배분하지 아니한,ACTION,결과,제80조제3항,0.95,배분|전단 위반|자산배분명세|투자신탁재산별,2026-04-26
제87조제6항,상위조항,STRUCTURE,제87조,제87조제6항,0.95,제87조제6항|제87조,2026-04-26
자,위반함,ACTION,주식 처분 명령,제186조제2항,0.9,주식 처분 위반|명령 위반,2026-04-26
자,위반함,ACTION,신탁재산을 고유재산으로 취득,104조제2항,0.95,신탁재산 고유재산 취득|위반,2026-04-26
신탁재산 고유재산 취득,정의함,LOGICAL,위반자,104조제2항,0.9,신탁재산 고유재산 취득|위반자 정의,2026-04-26
제114조제3항,상위조항,STRUCTURE,제114조,114조제3항,0.6,제114조제3항,2026-04-26
자,위반함,ACTION,제240조제3항,제240조제3항,0.95,제240조제3항|회계감사,2026-04-26
자,위반하여 회계감사를 받지 아니함,ACTION,회계감사,제240조제3항,0.92,제240조제3항|회계감사,2026-04-26
자,요구함,ACTION,등록(변경등록 포함),제117조의3,0.9,온라인소액투자 중개,2026-04-26
자,금지함,ACTION,온라인소액투자 중개 without registration,제117조의3,0.9,온라인소액투자 중개|등록 미이행,2026-04-26
자,처벌대상임,SANCTION,제117조의3 위반,제117조의3,0.95,온라인소액투자 중개|등록 미이행,2026-04-26
자,위반함,ACTION,제117조의7제10항,제117조의7제10항,0.95,위반,2026-04-26
자,권유함,ACTION,증권의 청약,제117조의7제10항,0.95,증권 청약 권유,2026-04-26
제133조제3항,상위조항,STRUCTURE,제133조,133,0.8,제133조제3항|제133조,2026-04-26
자,위반함,LOGICAL,제140조,제140조,0.95,공개매수 위반,2026-04-26
자,매수,ACTION,주식,제140조,0.95,공개매수 위반,2026-04-26
자,위반하여,SANCTION,20,제140조,0.9,공개매수 위반,2026-04-26
자,위반함,ACTION,제147조제1항ㆍ제3항 또는 제4항,제147조,0.95,위반|제147조,2026-04-26
자,보고를 하지 않음,ACTION,보고,제147조,0.9,보고|위반,2026-04-26
자,처벌대상임,SANCTION,제147조,제147조,0.85,처벌|위반,2026-04-26
자,위반함,ACTION,제152조제1항 또는 제3항,제152조,0.95,제152조제1항 또는 제3항|의결권 대리행사의 권유,2026-04-26
자,권유함,ACTION,의결권 대리행사,제152조,0.95,의결권 대리행사의 권유|제152조제1항 또는 제3항,2026-04-26
자,위반함,ACTION,제169조제1항,169,0.9,회계감사|위반,2026-04-26
자,위반함,ACTION,회계감사,169,0.8,회계감사|위반,2026-04-26
자,위반함,ACTION,제173조의2제2항,173조의2제2항,0.95,위반|제173조의2제2항,2026-04-26
자,누설함,ACTION,정보,173조의2제2항,0.95,정보 누설|시세에 영향을 미칠 수 있는 정보,2026-04-26
자,이용함,ACTION,장내파생상품 및 그 기초자산의 매매나 그 밖의 거래,173조의2제2항,0.95,이용|장내파생상품|기초자산,2026-04-26
자,타인에게 이용하게 함,ACTION,정보,173조의2제2항,0.95,타인 이용|정보,2026-04-26
집합투자기구를 등록하지 아니한 자,위반함,ACTION,제182조제1항,제182조제1항,0.95,위반|등록|집합투자기구,2026-04-26
제182조제1항ㆍ제8항,정의함,LOGICAL,제182조제1항ㆍ제8항,제182조제1항ㆍ제8항,0.3,제182조제1항ㆍ제8항,2026-04-26
준용,포함한다,LOGICAL,제279조제3항에서 준용하는 경우,279,0.95,준용|포함,2026-04-26
제182조의2,참조함,STRUCTURE,제182조의2제1항,제182조의2,0.9,제182조의2|제182조의2제1항,2026-04-26
제182조의2,참조함,STRUCTURE,제182조의2제3항,제182조의2,0.9,제182조의2|제182조의2제3항,2026-04-26
자,요구함,ACTION,등록 및 변경등록,제279조제1항,0.9,등록|변경등록,2026-04-26
자,위반함,ACTION,제246조제7항,제246조제7항,0.95,위반,2026-04-26
자,이용함,ACTION,정보,제246조제7항,0.95,정보 이용,2026-04-26
자,위반함,ACTION,제247조제1항,제247조제1항,0.95,위반|제247조제1항,2026-04-26
자,요구하지 않음,ACTION,철회ㆍ변경 또는 시정,제247조제1항,0.9,요구하지 않음|철회ㆍ변경 또는 시정,2026-04-26
자,위반 및 요구하지 않음으로써 처벌받음,SANCTION,제25-2,제247조제1항,0.95,위반|요구하지 않음|제25-2,2026-04-26
자,위반함,ACTION,제249조,제249조,0.95,제249조 위반|사모집합투자업 영위,2026-04-26
자,영위함,ACTION,사모집합투자업,제249조,0.9,영위|사모집합투자업,2026-04-26
제249조 위반,정의함,LOGICAL,제249조,제249조,0.9,제249조 위반|제249조,2026-04-26
등록을 한 자,정의함,LOGICAL,일반 사모집합투자업 등록을 한 자,제249조의3,0.95,등록을 한 자|일반 사모집합투자업 등록,2026-04-26
제251조제2항,상위조항,STRUCTURE,제251조,251,0.95,제251조제2항|제251조,2026-04-26
자,위반함,ACTION,항,341,0.95,위반,2026-04-26
자,위반함,ACTION,제341조제1항,341,0.9,위반,2026-04-26
제250조제4항,상위조항,STRUCTURE,제250조,제250조제4항,0.9,제250조제4항|제250조,2026-04-26
제251조제2항,포함한다,LOGICAL,제5항,제251조제2항,0.9,준용|포함,2026-04-26
제251조제2항,준용함,LOGICAL,제5항,제251조제2항,0.8,준용,2026-04-26
제251조제2항,준용함,STRUCTURE,제251조제2항,251조제2항,0.3,준용,2026-04-26
자기,위반함,ACTION,집합투자재산에 관한 정보,제341조제1항,0.95,집합투자재산에 관한 정보|위반,2026-04-26
제250조제6항,상위조항,STRUCTURE,제250조,제250조제6항,0.5,제250조제6항,2026-04-26
제251조제2항,참조함,STRUCTURE,제251조,251조제2항,0.6,제251조제2항|제251조,2026-04-26
자,영위한,ACTION,취소된 업무,253.1,0.95,등록 취소|업무 영위,2026-04-26
자,위반함,ACTION,제254조제1항,제254조제1항,0.95,제254조제1항 위반,2026-04-26
자,영위한,ACTION,업무,제254조제1항,0.95,제254조제1항 위반,2026-04-26
자,등록을 하지 않음,ACTION,등록,제254조제1항,0.9,제254조제1항 위반,2026-04-26
등록을 한 자,정의함,LOGICAL,제254조제1항에 따른 등록을 한 자,제254조제1항,0.95,등록을 한 자|제254조제1항에 따른 등록,2026-04-26
등록을 한 자,참조함,STRUCTURE,제254조제1항,제254조제1항,0.9,제254조제1항,2026-04-26
영위한 자,영위하다,ACTION,업무,제257조제1항,0.9,영위한 자|업무,2026-04-26
영위한 자,처벌대상임,SANCTION,등록 취소 후 업무 영위,제257조제1항,0.7,영위한 자|등록 취소|업무,2026-04-26
등록을 하지 아니하고 해당 업무를 영위한 자,위반함,ACTION,제249조의15제1항,제32조의3,0.95,등록을 하지 아니하고 해당 업무를 영위한 자|제249조의15제1항,2026-04-26
등록자,정의함,LOGICAL,제249조의15제1항에 따른 등록을 한 자,249-15-1,0.95,등록자|등록|제249조의15제1항,2026-04-26
자,처벌대상임,SANCTION,외국 집합투자증권을 판매한 자,제279조제1항,0.95,외국 집합투자증권|등록|판매,2026-04-26
외국 집합투자증권,참조함,STRUCTURE,제279조제1항,제279조제1항,0.85,외국 집합투자증권|제279조제1항,2026-04-26
판매자,판매한,ACTION,외국 집합투자 증권,제282조제1항,0.95,외국 집합투자 증권 판매자|등록 취소 후,2026-04-26
자,위반함,ACTION,제298조,298,0.95,제298조 위반,2026-04-26
자,영위함,ACTION,계좌 간의 대체로 결제하는 업무,298,0.9,계좌 간의 대체로 결제하는 업무,2026-04-26
자,영위함,ACTION,국내에서 증권예탁 증권을 발행하는 업무,298,0.9,국내에서 증권예탁 증권을 발행하는 업무,2026-04-26
제301조제5항,구조,STRUCTURE,제301조,301조제5항,0.4,제301조제5항,2026-04-26
제323조의9제3항,상위조항,STRUCTURE,제323조,제323조의9제3항,0.7,제323조의9제3항|제323조,2026-04-26
제327조제3항,구성요소,STRUCTURE,제327조,제327조제3항,0.6,제327조,2026-04-26
제383조제2항,상위조항,STRUCTURE,제383조,383조제2항,0.8,제383조,2026-04-26
이해관계자,금지함,ACTION,자금공여,78,0.9,자금공여|위반,2026-04-26
제335조제2항,구조,STRUCTURE,제335조,제335조제2항,0.6,제335조제2항|제335조,2026-04-26
제354조제2항,정의함,LOGICAL,자금공여,제354조제2항,0.4,제354조제2항|자금공여,2026-04-26
제354조제2항,참조함,STRUCTURE,제383조제2항,제354조제2항,0.3,제354조제2항|제383조제2항,2026-04-26
제359조제2항,상위조항,STRUCTURE,제359조,제359조제2항,0.9,제359조,2026-04-26
업무 정지 기간 중 업무를 영위한 자,정의함,LOGICAL,제37조제2항,제364조제2항,0.95,업무 정지 기간 중 업무를 영위한 자 정의|제37조제2항 참조,2026-04-26
업무 정지 기간 중 업무를 영위한 자,참조함,STRUCTURE,제37조제2항,제364조제2항,0.9,정의 참조|제37조제2항,2026-04-26
신용평가를 한 자,위반함,ACTION,제335조의11제7항제1호,제335조의11제7항제1호,0.95,위반|신용평가,2026-04-26
신용평가를 한 자,수행함,ACTION,신용평가,제335조의11제7항제1호,0.9,신용평가|특수한 관계,2026-04-26
신용평가를 한 자,관련된,LOGICAL,신용평가회사와 특수한 관계에 있는 자,제335조의11제7항제1호,0.85,특수한 관계|신용평가회사,2026-04-26
자,위반함,ACTION,제335조의11제7항제2호,335,0.95,위반|제335조의11제7항제2호,2026-04-26
자,강요함,ACTION,신용평가회사 또는 그 계열 회사의 상품이나 서비스,335,0.9,강요|상품|서비스,2026-04-26
제357조제2항,상위조항,STRUCTURE,제357조,제357조제2항,0.95,신용평가기관의 업무,2026-04-26
제357조제2항,정의함,LOGICAL,신용평가기관의 업무,제357조제2항,0.7,신용평가기관|신용평가,2026-04-26
자,위반함,ACTION,인가,제361조,0.9,위반|인가,2026-04-26
자,처벌대상임,SANCTION,위반,제361조,0.9,위반|처벌,2026-04-26
자,폐지함,ACTION,업무,제361조,0.8,업무|폐지,2026-04-26
자,해산함,ACTION,업무,제361조,0.8,업무|해산,2026-04-26
등록 미이행자,위반,ACTION,등록,제365조제1항,0.95,제365조제1항 위반|등록 미이행자|등록,2026-04-26
등록을 한 자,정의함,LOGICAL,자,제365조제1항,0.95,등록|제365조제1항,2026-04-26
등록을 한 자,참조함,STRUCTURE,제365조제1항,제365조제1항,0.9,제365조제1항,2026-04-26
자,영위함,ACTION,취소된 업무,제369조제1항,0.9,등록 취소|영위|업무,2026-04-26
제383조제1항,참조함,STRUCTURE,제383조,383-1,0.5,제383조제1항|제383조,2026-04-26
제78조제6항,상위조항,STRUCTURE,제78조,제78조제6항,0.7,조항,2026-04-26
비밀 누설,정의함,LOGICAL,자에 의한 비밀의 누설 또는 이용,441,0.95,비밀 누설|위반|비밀,2026-04-26
자,금지함,ACTION,비밀 누설,441,0.9,비밀 누설|위반|비밀,2026-04-26
자,위반하여 비밀을 누설하거나 이용한,ACTION,비밀,제402조제7항,0.95,비밀 누설|위반,2026-04-26
자,위반한,ACTION,제402조제7항,제402조제7항,0.95,위반|제402조제7항,2026-04-26
자,위반하여 비밀을 누설하거나 이용한,SANCTION,45,제402조제7항,0.9,비밀 누설|위반|제402조제7항,2026-04-26
제417조제1항,정의함,LOGICAL,제417조,제417조제1항,0.2,제417조,2026-04-26
자,금지함,ACTION,승인을 받지 아니하는 행위,제335조의14,0.9,위반 행위|승인,2026-04-26
자,금지함,ACTION,같은 항 단서를 위반하여 보고하지 아니하는 행위,제335조의14,0.9,위반 행위|보고,2026-04-26
자,금지함,ACTION,같은 항 각 호에 해당하는 행위,제335조의14,0.9,위반 행위|각 호 행위,2026-04-26
금융투자업등록 취소,후,LOGICAL,업무,제420조제1항,0.85,금융투자업등록 취소|업무,2026-04-26
영위한 자,영위한,ACTION,정지된 업무,제420조제3항,0.9,영위한 자|정지된 업무,2026-04-26
금융위원회,참조함,STRUCTURE,제426조제2항,제426조제2항,0.8,제426조제2항에 따른,2026-04-26
제172조,정의함,LOGICAL,금융투자상품,172,0.3,제172조|금융투자상품,2026-04-26
제174조,참조함,STRUCTURE,제174조까지,제174조,0.5,제174조|제174조까지,2026-04-26
제176조,참조함,STRUCTURE,제2조,176,0.3,제2조,2026-04-26
제178조,참조함,STRUCTURE,제245조,178,0.2,적용배제,2026-04-26
제178조 의2,상위조항,STRUCTURE,제178조,178,0.95,제178조 의2|제178조,2026-04-26
제180조,정의함,LOGICAL,제180조,제180조,0.0,제180조,2026-04-26
자,불응함,ACTION,요구,제180조의6,0.95,규정 위반|불응,2026-04-26
자,처한다,ACTION,1년 이하의 징역 또는 3천만원 이하의 벌금,제446조,0.95,벌칙|징역|벌금,2026-04-26
벌칙,정의함,LOGICAL,1년 이하의 징역 또는 3천만원 이하의 벌금,제446조,0.9,벌칙|징역|벌금,2026-04-26
자,위반함,ACTION,제38조,38,0.95,제38조 위반,2026-04-26
자,사용함,ACTION,"문자(금융투자, 증권, 파생, 선물, 집합투자, 투자신탁, 자산운용, 투자자문, 투자일임, 신탁)",38,0.9,제38조 위반,2026-04-26
자,위반한,SANCTION,제38조 위반에 대한 벌칙,38,0.85,제38조 위반,2026-04-26
업무 위탁자,위반함,ACTION,제255조,255,0.95,위반|제255조,2026-04-26
제42조제5항,상위조항,STRUCTURE,제42조,42조제5항,0.7,제42조,2026-04-26
위탁한 자,재위탁,ACTION,제삼자,255,0.95,위탁 재위탁|동의|위반,2026-04-26
위탁한 자,금지함,ACTION,제삼자에게 재위탁,255,0.9,위탁 재위탁|동의|위반,2026-04-26
위탁 재위탁,정의함,LOGICAL,위탁한 자가 위탁받은 업무를 제삼자에게 재위탁하는 행위,255,0.9,위탁 재위탁|위탁|재위탁,2026-04-26
자,위반함,ACTION,위탁계약의 취소명령 또는 변경명령,제43조제2항,0.95,위탁계약 취소/변경명령 위반|위탁계약,2026-04-26
자,금지함,ACTION,투자권유대행업무 영위,제53조제2항,0.95,투자권유대행인등록 취소|정지기간,2026-04-26
투자권유대행인등록 취소,간주함,LOGICAL,투자권유대행업무 영위 금지,제53조제2항,0.9,투자권유대행인등록 취소|정지기간,2026-04-26
자산을 국내에 두지 아니한 자,위반함,ACTION,제65조제2항,제65조제2항,0.95,위반|제65조제2항,2026-04-26
자산을 국내에 두지 아니한 자,위반에 따른 처벌,SANCTION,10,제65조제2항,0.9,처벌|10,2026-04-26
자,위반함,ACTION,제65조제3항,제65조제3항,0.95,제65조제3항 위반,2026-04-26
자,위반함,ACTION,자산을 국내에 주소나 거소가 있는 자에 대한 채무의 변제에 우 선 충당하지 않음,제65조제3항,0.9,자산을 국내에 주소나 거소가 있는 자에 대한 채무의 변제에 우 선 충당하지 않음,2026-04-26
자기,밝히지 않음,ACTION,투자매매업자 여부 및 투자중개업자 여부,66,0.95,제66조 위반|밝히지 않음|투자매매업자 여부|투자중개업자 여부,2026-04-26
자기,위반함,ACTION,제66조,66,0.9,제66조 위반|위반,2026-04-26
자기,받은자,STRUCTURE,금융투자상품의 매매에 관한 청약 또는 주문,66,0.85,제66조 위반|청약|주문,2026-04-26
제67조 위반 금융투자상품 매매자,정의함,LOGICAL,자 (위반 제67조 및 금융투자상품 매매),제67조,0.95,위반|금융투자상품|매매,2026-04-26
자,위반함,ACTION,제67조,제67조,0.9,위반,2026-04-26
자,매매함,ACTION,금융투자상품,제67조,0.9,매매|금융투자상품,2026-04-26
제88조,정의함,LOGICAL,제1조,88,0.2,제88조|제1조,2026-04-26
자산운용보고서를 제공하지 아니한 자,위반함,ACTION,자산운용보고서,제280조제2항,0.95,자산운용보고서 제공 위반|자산운용보고서,2026-04-26
거짓으로 작성하거나 그 기재사항을 누락하고 작성하여 제공한 자,위반함,ACTION,자산운용보고서,제280조제2항,0.95,자산운용보고서 제공 위반|자산운용보고서,2026-04-26
제89조,상위조항,STRUCTURE,제88조,89,0.4,제88조,2026-04-26
제91조제1항,상위조항,STRUCTURE,제91조,제91조제1항,0.9,제91조제1항|제91조,2026-04-26
제186조제2항,준용,ACTION,경우,186,0.9,준용|경우,2026-04-26
제113조,구성함,STRUCTURE,제113조제1항,제113조제1항,0.8,제113조|제113조제1항,2026-04-26
자,과태료,SANCTION,제280조제3항 위반,제280조제3항,0.95,과태료|제280조제3항 위반,2026-04-26
자,위반함,ACTION,열람이나 교부 청구를 거절한 행위,제280조제3항,0.9,위반|열람이나 교부 청구 거절,2026-04-26
제95조제2항,상위조항,STRUCTURE,제95조,제95조제2항,0.9,제95조,2026-04-26
제117조,포함한다,ACTION,준용하는 경우,117,0.9,준용|포함,2026-04-26
자,위반함,ACTION,명령,제116조제3항,0.95,명령 위반,2026-04-26
자,영위한,ACTION,유사투자자문업,제101조제1항,0.95,유사투자자문업 영위|신고 의무 위반,2026-04-26
자,신고를 하지 아니한,ACTION,제101조제1항에 따른 신고 의무,제101조제1항,0.9,신고 의무 위반,2026-04-26
신고자,정의함,LOGICAL,"자(신고를 한 자, 제101조제1항에 따른 신고를 한 자)",101,0.95,신고자 정의|자 신고 행위,2026-04-26
재산 수탁자,위반함,ACTION,제103조제1항 또는 제4항,제103조,0.95,위반|제103조제1항|제103조제4항,2026-04-26
재산 수탁자,재산 수탁,ACTION,재산,제103조,0.9,재산 수탁|재산,2026-04-26
제105조제1항부터 제3항까지의 규정,금지함,ACTION,신탁재산 운용,제105조,0.95,신탁재산 운용|제105조제1항부터 제3항까지의 규정,2026-04-26
자,운용함,ACTION,신탁재산,제105조,0.92,신탁재산 운용|자,2026-04-26
자,위반함,LOGICAL,제117조의5,제117조의5,0.95,제117조의5 위반|문자 사용,2026-04-26
자,사용함,ACTION,문자 '금융투자' 또는 '온라인소액투자중개',제117조의5,0.95,문자 사용|제117조의5 위반,2026-04-26
자신이 중개하는 증권을 자기의 계산으로 취득한 자,위반함,ACTION,제117조의7제2항,19의4,0.95,자기계산으로 증권 취득|제117조의7제2항 위반,2026-04-26
자신이 중개하는 증권을 자기의 계산으로 취득한 자,취득함,ACTION,증권,19의4,0.9,자기계산으로 증권 취득,2026-04-26
자문 응답자,위반,ACTION,제117조의7제3항,제117조의7제3항,0.95,자문 응답자|위반|제117조의7제3항,2026-04-26
자문 응답자,위반,ACTION,제19조의5,제19조의5,0.95,자문 응답자|위반|제19조의5,2026-04-26
청약의 의사표시를 받은 자,위반함,ACTION,제117조의7제4항,제117조의7제4항,0.95,제117조의7제4항 위반|청약의 의사표시를 받은 자,2026-04-26
자,위반함,ACTION,제117조의7제7항,제117조의7제7항,0.95,위반,2026-04-26
자,우대하거나 차별함,ACTION,온라인소액증권발행인 또는 투자자,제117조의7제7항,0.9,우대|차별,2026-04-26
자,위반함,ACTION,제117조의9제2항,제117조의9제2항,0.95,투자광고|위반|정당한 이유 없이,2026-04-26
자,행위함,ACTION,투자광고,제117조의9제2항,0.9,투자광고|위반|정당한 이유 없이,2026-04-26
자,처벌대상임,SANCTION,제19조의8항,제19조의8항,0.85,위반|제19조의8항,2026-04-26
제119조의2,참조함,STRUCTURE,제119조,제119조의2,0.7,제119조의2|제119조,2026-04-26
자,금지함,ACTION,자료제출 요구 및 조사,제161조의2,0.95,자료제출 요구 및 조사|거부ㆍ방해ㆍ기피,2026-04-26
자,과태료대상임,SANCTION,20,제161조의2,0.9,과태료|제재,2026-04-26
자,위반함,ACTION,제121조,제121조,0.95,위반|제121조,2026-04-26
자,승낙함,ACTION,청약,제121조,0.95,승낙|청약,2026-04-26
제123조제1항,구조,STRUCTURE,제123조,123,0.9,제123조제1항|제123조,2026-04-26
제153조 위반,위반함,ACTION,제153조,제153조,0.9,제153조 위반|위반|제153조,2026-04-26
자,처벌대상임,SANCTION,공개매수설명서 또는 위임장 용지 및 참고서류,제124조제2항제3호,0.9,제출|공개매수설명서,2026-04-26
자,금지함,ACTION,공개매수설명서 또는 위임장 용지 및 참고서류,제124조제2항제3호,0.9,제출|공개매수설명서,2026-04-26
투자설명서,위반함,ACTION,제124조제1항,제124조제1항,0.95,위반|제124조제1항,2026-04-26
자,금지함,ACTION,간이투자설명서,제124조제2항제3호,0.95,간이투자설명서|교부하지 않다,2026-04-26
자,처벌대상임,SANCTION,간이투자설명서,제124조제2항제3호,0.9,간이투자설명서|교부하지 않다,2026-04-26
자,위반함,ACTION,제124조제2항,제124조제2항,0.95,위반|제124조제2항,2026-04-26
제132조,정의함,LOGICAL,제132조,132,0.1,제132조,2026-04-26
제146조제2항,정의함,LOGICAL,제146조제2항,146조제2항,0.5,제146조제2항,2026-04-26
제151조제2항,구성함,STRUCTURE,제151조,151조제2항,0.6,제151조제2항|제151조,2026-04-26
자,위반한,ACTION,금융위 원회의 처분,제164조제2항,0.95,과태료|금융위 원회의 처분 위반,2026-04-26
자,위반한,ACTION,과태료 25,제164조제2항,0.95,과태료|금융위 원회의 처분 위반,2026-04-26
과태료,금액,STRUCTURE,25,제164조제2항,0.9,과태료|금액,2026-04-26
과태료,정의함,LOGICAL,금융위 원회의 처분 위반 시 부과되는 금액,제164조제2항,0.85,과태료|금융위 원회의 처분 위반,2026-04-26
자,위반함,LOGICAL,제137조제3항,137,0.95,제137조제3항 위반,2026-04-26
자,매수함,ACTION,주식등,137,0.95,매수,2026-04-26
자,미제공함,ACTION,공개매수설명서,137,0.95,공개매수설명서 미제공,2026-04-26
제150조제1항ㆍ제3항,상위조항,STRUCTURE,제150조,150,0.9,제150조,2026-04-26
제167조제3항,상위조항,STRUCTURE,제167조,제167조제3항,0.6,제167조제3항|제167조,2026-04-26
위반한 자,위반함,ACTION,제168조제3항에 따른 처분명령 또는 시정명령,제168조제3항,0.95,위반|명령,2026-04-26
자,제156조제3항 후단을 위반함,ACTION,정정서류 제출,156,0.95,정정서류 제출|제156조제3항 후단,2026-04-26
정정서류 제출,참조함,STRUCTURE,제156조제3항 후단,156,0.9,정정서류 제출|제156조제3항 후단,2026-04-26
자,위반함,ACTION,제161조제1항,제161조제1항,0.95,제161조제1항 위반|사업보고서 제출 의무,2026-04-26
제161조제1항 위반,정의함,LOGICAL,제161조제1항을 위반하여 사업보고서ㆍ반기보고서ㆍ분기보고서 나 주요사항보고서를 제출하지 아니한 자,제161조제1항,0.9,제161조제1항 위반|제161조제1항,2026-04-26
제161조제1항,제출 의무,STRUCTURE,사업보고서ㆍ반기보고서ㆍ분기보고서 나 주요사항보고서,제161조제1항,0.85,제161조제1항|사업보고서 제출,2026-04-26
위반한 자,위반함,ACTION,자료의 제출 또는 보고명령이나 조치,169조제2항,0.95,자료 제출|보고명령|조치,2026-04-26
자,위반함,ACTION,제173조제1항,173,0.95,제173조제1항|보고,2026-04-26
자,위반함,ACTION,보고,173,0.95,보고|제173조제1항,2026-04-26
자,해지한,ACTION,투자신탁,제192조제1항,0.95,투자신탁 해지|제192조제1항 위반|승인 없이,2026-04-26
자,위반한,ACTION,제192조제1항,제192조제1항,0.95,제192조제1항 위반,2026-04-26
승인,정의함,LOGICAL,제192조제1항에 따른 승인을 받은 자,192,0.95,정의|제192조제1항에 따른 승인을 받은 자,2026-04-26
승인,참조함,STRUCTURE,제192조제1항,192,0.9,제192조제1항에 따른 승인을 받은 자,2026-04-26
제192조제2항,상위조항,STRUCTURE,제192조,제192조제2항,0.9,제192조,2026-04-26
제202조제1항,상위조항,STRUCTURE,제202조,제202조제1항,0.6,제202조제1항|제202조,2026-04-26
제211조제2항,상위조항,STRUCTURE,제211조,Unknown,0.7,제211조제2항,2026-04-26
제216조제3항,상위조항,STRUCTURE,제216조,제216조제3항,0.7,제216조,2026-04-26
준용,포함함,LOGICAL,제217조의6제2항에서 준용 하는 경우,217조의6제2항,0.9,준용|포함,2026-04-26
제221조제1항,상위조항,STRUCTURE,제221조,제221조제1항,0.6,조항,2026-04-26
자,금지함,ACTION,투자신탁을 해지하지 않다,제227조제3항,0.95,해지 금지,2026-04-26
해지 금지,정의함,LOGICAL,투자신탁을 해지하지 않다,제227조제3항,0.9,해지 금지,2026-04-26
자,금지함,ACTION,투자회사등을 해산하지 않다,제227조제3항,0.85,해지 금지,2026-04-26
자,처벌대상임,SANCTION,36,제235조제4항,0.9,환매대금|위반,2026-04-26
자,위반함,ACTION,제235조제4항 또는 제5항,제235조제4항,0.8,환매대금|위반,2026-04-26
자,위반하여,ACTION,제280조제4항,제280조제4항,0.95,기준가격 공고 게시,2026-04-26
자,공고ㆍ게시하지 아니하거나 거짓으로 공고ㆍ게시한,ACTION,기준가격,제280조제4항,0.95,기준가격 공고 게시,2026-04-26
자,처벌대상임,SANCTION,제280조제4항 위반,제280조제4항,0.95,기준가격 공고 게시,2026-04-26
자,구분 및 관리하지 않음,ACTION,집합투자재산,제246조제2항,0.95,집합투자재산 관리|위반,2026-04-26
자,위반함,ACTION,제246조제2항,제246조제2항,0.85,위반|제246조제2항,2026-04-26
자,위반함,ACTION,제246조제3항,246(3),0.95,위반|제246조제3항,2026-04-26
자,예탁하지 않음,ACTION,예탁,246(3),0.9,예탁|위반,2026-04-26
자,과태료대상임,SANCTION,40,제246조제4항,0.9,위반|과태료,2026-04-26
자,이행하지 않음,ACTION,집합투자업자의 지시 (각각의 집합투자기구별),제246조제4항,0.85,이행하지 않음|집합투자업자 지시,2026-04-26
자,위반,ACTION,제246조제4항,제246조제4항,0.8,위반|제246조제4항,2026-04-26
자,위반함,ACTION,제248조제1항,248-1,0.95,위반|제248조제1항,2026-04-26
자,제공하지 않음,ACTION,자산보관ㆍ관리보고서,248-1,0.95,제공|자산보관ㆍ관리보고서|거짓,2026-04-26
자,거짓으로 작성하여 제공함,ACTION,자산보관ㆍ관리보고서,248-1,0.95,제공|거짓|자산보관ㆍ관리보고서,2026-04-26
자,벌금,SANCTION,40의2,248-1,0.95,벌금|40의2,2026-04-26
자,교부하지 않음,ACTION,핵심상품설명서,제249조의4제4항,0.95,핵심상품설명서|위반,2026-04-26
자,위반함,ACTION,제249조의4제5항,제249조의4제5항,0.95,위반,2026-04-26
자,위반함,ACTION,제249조의6제2항 또는 제4항,제249조의6,0.95,보고|제249조의6제2항 또는 제4항,2026-04-26
자,거짓으로 보고함,ACTION,보고(변경보고를 포함한다),제249조의6,0.9,보고|거짓,2026-04-26
자,보고하지 않음,ACTION,보고(변경보고를 포함한다),제249조의6,0.9,보고|보고하지 않음,2026-04-26
제249조의7제5항,상위조항,STRUCTURE,제249조,249조의7제5항,0.3,제249조의7제5항,2026-04-26
지분증권,정의함,LOGICAL,자(지분증권을 처분하지 아니한 자),249조의12,0.9,지분증권 정의|비처분,2026-04-26
자,해지ㆍ해산명령을 따르다,ACTION,해지ㆍ해산명령,제249조의9제1항,0.9,해지ㆍ해산명령|따르다,2026-04-26
자,해지ㆍ해산명령을 따르지 아니한,LOGICAL,해지ㆍ해산명령,제249조의9제1항,0.8,해지ㆍ해산명령|따르지 아니한,2026-04-26
자,과태료대상임,SANCTION,42,제249조의9제1항,0.9,과태료|42,2026-04-26
제249조의9제2항,참조함,STRUCTURE,제249조의9제1항,제249조의9제2항,0.5,제249조의9제2항|제249조의9제1항,2026-04-26
제249조의21제2항,구조,STRUCTURE,제249조,Unknown,0.3,제249조의21제2항|제249조,2026-04-26
제253조제2항,상위조항,STRUCTURE,제253조,253조제2항,0.9,제253조제2항|제253조,2026-04-26
제257조제2항,상위조항,STRUCTURE,제257조,제257조제2항,0.6,제257조제2항|제257조,2026-04-26
업무의 정지기간 중 업무를 영위한 자,정의함,LOGICAL,자,제369조제2항,0.95,업무의 정지기간 중 업무를 영위한 자|자,2026-04-26
제249조의10,참조함,STRUCTURE,제4항 및 제6항,제249조의10,0.8,제4항|제6항,2026-04-26
자,위반함,ACTION,제249조의11제8항,249조의11제8항,0.9,위반|거짓보고,2026-04-26
제249조의11제8항,삭제됨,STRUCTURE,2015. 7. 24.,249조의11제8항,0.8,삭제|시행일,2026-04-26
Unknown,정의함,LOGICAL,제249조의14제2항,Unknown,0.6,Unknown|제249조의14제2항,2026-04-26
제249조의22제2항,참조함,STRUCTURE,제6항,제249조의22제2항,0.8,제249조의22제2항|제6항,2026-04-26
위반자,정의함,LOGICAL,운용한 자 또는 지분증권등을 소유하지 아니하거나 처분한 자,제249조의23제2항,0.95,위반자|제249조의23제2항 위반,2026-04-26
자,위반함,ACTION,제249조의23제5항,제249조의23제5항,0.95,보고 위반|제249조의23제5항,2026-04-26
한 자,위반함,ACTION,제249조의14제6항,249,0.95,위반,2026-04-26
한 자,위반함,ACTION,같은 항 제1호부터 제3호까지의 어느 하나에 해당하는 행위,249,0.95,위반,2026-04-26
한 자,위반시,SANCTION,제48조,249,0.95,위반,2026-04-26
출자한 지분을 타인에게 양도한 자,위반함,ACTION,제249조의17제1항,제249조의17제1항,0.9,위반|제249조의17제1항,2026-04-26
출자한 지분을 타인에게 양도한 자,양도함,ACTION,지분,제249조의17제1항,0.95,양도|지분,2026-04-26
출자한 지분을 타인에게 양도한 자,벌금 부과,SANCTION,49,제249조의17제1항,0.9,벌금|49,2026-04-26
제249조의18제1항,상위조항,STRUCTURE,제249조,제249조의18제1항,0.9,제249조의18제1항|제249조,2026-04-26
위반자,금지함,ACTION,지분 증권을 처분하지 않다,제249조의13제5항,0.9,위반자|지분 증권 처분|처분하지 않다,2026-04-26
지분 증권 처분,준용함,STRUCTURE,제249조의13제5항,제249조의13제5항,0.8,지분 증권 처분|제249조의13제5항,2026-04-26
지분증권을 취득한 자,금지함,ACTION,지분증권을 취득함,제249조의13제5항,0.85,지분증권|금지,2026-04-26
지분증권을 취득한 자,처벌대상임,SANCTION,위반 행위,제249조의13제5항,0.9,지분증권|위반,2026-04-26
지분증권을 취득한 자,위반함,ACTION,제249조의13제5항,제249조의13제5항,0.8,지분증권|위반,2026-04-26
자,위반함,ACTION,제249조의19제2항,제249조의19제2항,0.95,위반|제249조의19제2항,2026-04-26
자,보고를 하지 아니하거나 거짓으로 보고함,ACTION,제249조의19제2항,제249조의19제2항,0.9,보고|제249조의19제2항,2026-04-26
해산명령,준용함,LOGICAL,제249조의21제1항,249(21)(1),0.95,해산명령|제249조의21제1항,2026-04-26
자,처벌대상임,SANCTION,제52조의2,249(21)(1),0.98,해산명령을 따르지 아니한|제52조의2,2026-04-26
업무집행사원 53,수행한,ACTION,직무,제249조의21제3항,0.95,업무집행사원|직무정지 기간|직무,2026-04-26
제309조제3항,상위조항,STRUCTURE,제309조,309,0.5,제309조제3항|제309조,2026-04-26
자,위반함,ACTION,제310조제1항,제310조제1항,0.95,위반|제310조제1항,2026-04-26
자,작성/비치하지 아니하거나 거짓으로 작성,ACTION,예탁자계좌부 또는 투자자계좌부,제310조제1항,0.92,작성|예탁자계좌부|투자자계좌부,2026-04-26
자,처벌대상임,SANCTION,제53조의2,제310조제1항,0.9,제53조의2|위반,2026-04-26
자,보관·관리하지 아니한,ACTION,거래정보,제323조의16제1항,0.95,거래정보 보관·관리,2026-04-26
자,위반,ACTION,제323조의16제1항,제323조의16제1항,0.95,위반,2026-04-26
자,위반으로 인한,SANCTION,53의3,제323조의16제1항,0.9,위반|제53조의3,2026-04-26
자,위반함,ACTION,제323조의16제2항,323조의16제2항,0.95,제323조의16제2항 위반,2026-04-26
자,보고하지 않음 또는 거짓 보고함,ACTION,거래정보,323조의16제2항,0.9,거래정보 보고|거짓 보고,2026-04-26
제323조의16제2항 위반,제재대상임,SANCTION,54,323조의16제2항,0.9,위반|제재,2026-04-26
제338조,정의함,LOGICAL,제338조,338,0.0,제338조,2026-04-26
자,사용함,ACTION,명칭,356,0.9,종합금융회사|자금중개,2026-04-26
자,위반함,ACTION,제356조,356,0.9,제356조,2026-04-26
제356조,금지함,ACTION,종합금융회사 명칭 사용,356,0.9,종합금융회사,2026-04-26
제342조,참조함,STRUCTURE,제342조제1항부터 제4항,제342조,0.8,제342조|제342조제1항부터 제4항,2026-04-26
준용,정의함,LOGICAL,제361조에서 준용하는 경우를 포함한다,제361조,0.95,준용|제361조,2026-04-26
자,위반함,ACTION,제344조,344,0.95,제344조 위반,2026-04-26
자,위반함,ACTION,제345조제1항,제345조제1항,0.95,위반 행위|제345조제1항,2026-04-26
자,과태료대상임,SANCTION,58,제345조제1항,0.9,과태료|위반 행위,2026-04-26
자,위반함,ACTION,제345조제2항,제345조제2항,0.95,위반,2026-04-26
자,요구함,ACTION,조치,제345조제4항,0.92,조치 이행|제345조제4항,2026-04-26
자,처벌대상임,SANCTION,조치 이행을 이행하지 않다,제345조제4항,0.92,조치 이행|제345조제4항,2026-04-26
제416조제1항,참조함,STRUCTURE,제416조,제416조제1항,0.3,제416조,2026-04-26
제335조의14,정의함,LOGICAL,없음,335조의14,0.0,제335조의14,2026-04-26
제361조,상위조항,STRUCTURE,제360조,361,0.0,,2026-04-26
자,이행하지,ACTION,절차ㆍ조치,제367조,0.95,절차ㆍ조치|명령 이행,2026-04-26
자,영위함,ACTION,정지된 업무,제420조제3항,0.95,정지된 업무|정지기간,2026-04-26
징역과 벌금의 병과,정의함,LOGICAL,징역과 벌금이 동시에 부과되는 경우,제447조,0.85,정의|병과,2026-04-26
징역,병과한다,ACTION,벌금,제443조제1항,0.95,벌금 병과,2026-04-26
제10호,정의함,LOGICAL,제443조제1항,제443조제1항제10호,0.7,제10호|제443조제1항,2026-04-26
제444조,참조함,STRUCTURE,제447조,444,0.3,징역과 벌금의 병과,2026-04-26
몰수ㆍ추징,정의함,LOGICAL,제447조의2,제447조의2,0.5,몰수|추징,2026-04-26
자,몰수함,ACTION,재산,제443조제1항,0.95,몰수|재산,2026-04-26
자,추징함,ACTION,가액,제443조제1항,0.9,추징|가액,2026-04-26
제443조제1항,제외함,LOGICAL,제10호,제443조제1항,0.85,제외|제10호,2026-04-26
자,몰수,ACTION,제공하려 한 재산,443,0.95,재산 몰수|제공하려 한 재산,2026-04-26
자,추징,ACTION,가액,443,0.9,가액 추징|재산 가액,2026-04-26
대표자,처벌대상임,SANCTION,업무에 관하여 위반 시,448,0.8,양벌규정|대표자|업무,2026-04-26
대리인,처벌대상임,SANCTION,업무에 관하여 위반 시,448,0.7,양벌규정|대리인|업무,2026-04-26
양벌규정,정의함,LOGICAL,대표자와 법인(또는 개인) 모두가 업무에 관하여 위반 시 처벌을 받는다,448,0.6,양벌규정|대표자|법인|업무,2026-04-26
법인 또는 개인,과(科)한다,ACTION,벌금형,446,0.95,벌금형,2026-04-26
행위자,과(科)한다,ACTION,벌금형,446,0.95,벌금형,2026-04-26
법인 또는 개인,예외로함,LOGICAL,벌금형,446,0.85,상당한 주의와 감독을 게을리하지 아니한 경우,2026-04-26
형벌 감면,정의함,LOGICAL,제448조의2,제448조의2,0.9,형벌 감면 정의,2026-04-26
제448조의2,상위조항,STRUCTURE,제448조,제448조의2,0.95,상위조항,2026-04-26
형벌 감면,참조함,STRUCTURE,제448조,제448조의2,0.7,참조,2026-04-26
금융기관,제공함,ACTION,금융상품에 관한 정보,제173조의2제2항,0.95,정보 제공|명확하고 이해하기 쉬운 형태,2026-04-26
제178조를 위반한 자,감경 또는 면제할 수 있다,ACTION,형,제178조,0.95,형의 감경·면제|자수|진술|자료제출|제보,2026-04-26
과징금을 부과받은 자,허용함,ACTION,과징금 감경,제429조의2제1항,0.95,과징금 감경|감경|면제,2026-04-26
자,부과한다,ACTION,과태료,제449조,0.95,과태료|부과,2026-04-26
과태료,제한한다,ACTION,1억원 이하,제449조,0.9,과태료|제한,2026-04-26
제33조제1항,참조함,STRUCTURE,제33조,제33조제1항,0.6,제33조제1항|제33조,2026-04-26
현재 조항,참조함,STRUCTURE,제335조의14,Unknown,0.9,참조,2026-04-26
제357조제2항,정의함,LOGICAL,내용이 없음,제357조제2항,0.2,제357조제2항|내용이 없음,2026-04-26
자,제출하지 않다,ACTION,업무보고서,제361조,0.9,업무보고서 제출 위반|제출하지 않다,2026-04-26
자,거짓으로 작성하여 제출하다,ACTION,업무보고서,제361조,0.9,업무보고서 제출 위반|거짓으로 작성하여 제출,2026-04-26
공시,정의함,LOGICAL,공시의 방법,제33조제2항,0.5,공시|공시의 방법,2026-04-26
공시의무,정의함,LOGICAL,공시의무는 발행자(issuer)가 일정 시점에 공시해야 할 정보를 명시한 규정,제350조,0.8,공시의무 정의,2026-04-26
공시의무,요구함,ACTION,발행자(issuer),제350조,0.7,공시의무 요구,2026-04-26
제357조제2항,정의함,LOGICAL,제357조제2항,제357조제2항,0.5,제357조제2항,2026-04-26
자,위반함,ACTION,공시서류 비치 의무,361,0.95,공시서류 비치|위반,2026-04-26
자,거짓 작성,ACTION,공시서류,361,0.9,거짓 작성|공시서류,2026-04-26
공시서류 비치,준용함,STRUCTURE,제361조,361,0.85,공시서류 비치|제361조,2026-04-26
제33조제3항,상위조항,STRUCTURE,제33조,33조제3항,0.9,제33조제3항|제33조,2026-04-26
제350조,상위조항,STRUCTURE,제1조,350,0.2,제350조|제1조,2026-04-26
자,위반함,ACTION,보고 또는 공시를 하지 아니하거나 거짓으로 보고 또는 공시함,제15조의2,0.95,거짓 보고 또는 공시|보고 또는 공시를 하지 않음,2026-04-26
제15조의2,준용함,STRUCTURE,제361조,제15조의2,0.85,제361조 준용,2026-04-26
제33조제4항,구성함,STRUCTURE,제33조,33-4,0.6,제33조제4항,2026-04-26
제357조제2항,구성함,STRUCTURE,제357조,제357조제2항,0.5,제357조제2항|제357조,2026-04-26
자,금지함,ACTION,보고서 미제출,제361조,0.9,보고서 제출|위반,2026-04-26
자,금지함,ACTION,거짓 보고서 제출,제361조,0.9,보고서 제출|위반,2026-04-26
자,처벌대상임,SANCTION,보고서 미제출,제361조,0.95,보고서 제출|위반,2026-04-26
자,처벌대상임,SANCTION,거짓 보고서 제출,제361조,0.95,보고서 제출|위반,2026-04-26
자,위반함,ACTION,제34조제3항,제34조제3항,0.95,위반|제34조제3항,2026-04-26
자,이사회 결의 거치지 않음,ACTION,이사회 결의,제34조제3항,0.9,이사회 결의|거치지 않음,2026-04-26
자,위반함,ACTION,제34조제4항 또는 제5항,34,0.9,위반|제34조제4항|제34조제5항,2026-04-26
자,위반함,ACTION,보고 또는 공시,34,0.95,위반|보고|공시,2026-04-26
제34조제6항,상위조항,STRUCTURE,제34조,제34조제6항,0.95,제34조제6항|제34조,2026-04-26
제36조,정의함,LOGICAL,제36조,36,0.0,제36조,2026-04-26
자,위반함,ACTION,제출 명령,350,0.95,제출 명령 위반,2026-04-26
제40조제1항,상위조항,STRUCTURE,제40조,제40조제1항,0.4,제40조제1항|제40조,2026-04-26
자,위반하여 보고를 하지 아니한,ACTION,제41조제1항,제41조제1항,0.95,제41조제1항 위반|보고를 하지 아니한,2026-04-26
제43조제1항,STRUCTURE,STRUCTURE,제40조제1항,제43조제1항,0.3,제43조제1항,2026-04-26
제53조제1항,상위조항,STRUCTURE,제53조,53,0.9,제53조제1항|제53조,2026-04-26
제131조제1항,상위조항,STRUCTURE,제131조,131조제1항,0.9,제131조,2026-04-26
제146조제1항,정의함,LOGICAL,제146조,146,0.4,제146조제1항|제146조,2026-04-26
제151조제1항,상위조항,STRUCTURE,제151조,제151조제1항,0.6,제151조,2026-04-26
제158조제1항,정의함,LOGICAL,제158조제1항,158,0.1,제158조제1항,2026-04-26
제164조제1항,상위조항,STRUCTURE,제164조,제164조제1항,0.9,제164조제1항|제164조,2026-04-26
제321조,정의함,LOGICAL,제321조,321,0.3,제321조,2026-04-26
제419조제1항,구조,STRUCTURE,제419조,제419조제1항,0.6,조항|구조,2026-04-26
제101조제11항,참조함,STRUCTURE,제101조의3,101.11,0.3,제101조의3,2026-04-26
제252조제2항,상위조항,STRUCTURE,제252조,252조제2항,0.7,제252조제2항|제252조,2026-04-26
제256조제2항,상위조항,STRUCTURE,제256조,256조제2항,0.8,제256조제2항|제256조,2026-04-26
제261조제2항,상위조항,STRUCTURE,제261조,제261조제2항,0.9,제261조제2항|제261조,2026-04-26
제266조제2항,상위조항,STRUCTURE,제266조,제266조제2항,0.8,조항,2026-04-26
제281조제2항,상위조항,STRUCTURE,제281조,제281조제2항,0.9,제281조제2항|제281조,2026-04-26
제306조,정의함,LOGICAL,제306조,306,0.1,제306조,2026-04-26
제323조의19,상위조항,STRUCTURE,제323조,제323조의19,0.6,제323조의19|제323조,2026-04-26
제334조,구성,STRUCTURE,제334조 및,334,0.0,제334조,2026-04-26
제353조,정의함,LOGICAL,제353조,353,0.0,제353조,2026-04-26
공시의무가 있는 자,요구함,ACTION,공시를 해야 한다,제358조,0.6,공시의무|공시,2026-04-26
자,금지함,ACTION,검사·조사 또는 확인,371,0.95,검사·조사 거부·방해·기피|제재,2026-04-26
자,처벌대상임,SANCTION,검사·조사 거부·방해·기피,371,0.9,검사·조사 거부·방해·기피|제재,2026-04-26
투자권유준칙,정의함,LOGICAL,투자권유준칙,제50조제1항,0.6,투자권유준칙 정의,2026-04-26
자,정하지 아니한,LOGICAL,투자권유대행기준,52.4,0.95,투자권유대행기준|정하지 아니한 자,2026-04-26
자,요구함,ACTION,단서에 따른 신고,제56조제1항,0.85,단서에 따른 신고,2026-04-26
자,처벌대상임,SANCTION,단서에 따른 신고를 하지 아니하고 약관을 제정 또는 변경한 행위,제56조제1항,0.9,단서에 따른 신고|약관 제정/변경,2026-04-26
자,정의함,LOGICAL,단서에 따른 신고를 한 자,제56조제1항,0.95,신고|단서,2026-04-26
자,위반함,ACTION,제62조제1항,62,0.95,위반|제62조제1항,2026-04-26
자,공고 또는 통지하지 않음,ACTION,공고 또는 통지,62,0.95,위반|공고 또는 통지,2026-04-26
자,위반함,ACTION,제1항부터 제5항까지의 규정,68,0.95,위반|규정,2026-04-26
자,이행하지 않음,ACTION,의무,68,0.9,이행|의무,2026-04-26
제7호에 한한다,한한다,ACTION,제7호,제71조,0.9,제7호에 한한다|제7호,2026-04-26
제8호,참조함,STRUCTURE,제85조,85,0.92,제8호|제85조,2026-04-26
제98조제2항,제한함,ACTION,제10호,98-2,0.95,제10호|제한,2026-04-26
자,위반함,ACTION,제9호에 한한다,108,0.95,위반|제9호에 한한다,2026-04-26
자,처벌대상임,SANCTION,30,108,0.95,위반|30,2026-04-26
자,위반함,ACTION,제4항부터 제6항까지의 규정,76,0.95,위반|제4항부터 제6항까지의 규정,2026-04-26
자,받다,ACTION,판매수수료나 판매보수,76,0.9,받다|판매수수료|판매보수,2026-04-26
자,처벌대상임,SANCTION,30의2,76,0.85,처벌|30의2,2026-04-26
자,위반함,ACTION,제77조의3제2항,제77조의3제2항,0.95,위반|제77조의3제2항,2026-04-26
자,계약을 체결하지 아니 함,ACTION,계약,제77조의3제2항,0.95,계약|체결하지 아니 함,2026-04-26
자,위반함으로 인한 처벌,SANCTION,제31조,제77조의3제2항,0.95,위반|제31조|처벌,2026-04-26
자,위반함,ACTION,제86조,제86조,0.95,제86조,2026-04-26
자,수령함,ACTION,성과보수,제86조,0.95,성과보수,2026-04-26
자,위반으로서,SANCTION,제86조,제86조,0.9,제86조,2026-04-26
제87조제7항,참조함,STRUCTURE,제86조,87-7,0.5,,2026-04-26
자,위반함,ACTION,기록ㆍ유지,제186조제2항,0.95,기록ㆍ유지|위반,2026-04-26
제87조제8항,참조함,STRUCTURE,제87조,87,0.9,제87조제8항|제87조,2026-04-26
자,위반함,ACTION,공시,제112조제7항,0.95,공시|위반,2026-04-26
자,위반함,ACTION,제112조제7항,제112조제7항,0.9,제112조제7항|위반,2026-04-26
제90조제1항,참조함,STRUCTURE,제90조,90,0.9,제90조제1항|제90조,2026-04-26
자,위반함,ACTION,제98조의2,제98조의2,0.9,위반,2026-04-26
자,받다,ACTION,성과보수,제98조의2,0.95,성과보수,2026-04-26
제101조의2제2항,상위조항,STRUCTURE,제101조의2항,101조의2제2항,0.7,제101조의2제2항,2026-04-26
제114조제1항,정의함,LOGICAL,제114조제1항,제114조제1항,0.6,제114조제1항,2026-04-26
온라인소액투자중개업자,위반한,ACTION,제117조의6제2항,제117조의6제2항,0.95,위반|제117조의6제2항,2026-04-26
온라인소액투자중개업자,정하지 아니한,ACTION,내부통제기준,제117조의6제2항,0.95,정하지 아니한|내부통제기준,2026-04-26
제117조의6제2항,위반시,LOGICAL,제35조의3,제117조의6제2항,0.95,위반시|제35조의3,2026-04-26
자,위반함,ACTION,제117조의9제1항,제117조의9제1항,0.9,위반|제117조의9제1항,2026-04-26
투자광고,금지함,ACTION,제117조의9제1항,제117조의9제1항,0.8,금지|투자광고,2026-04-26
자,처벌대상임,SANCTION,35의5,제117조의9제1항,0.9,처벌|35의5,2026-04-26
자,요구함,ACTION,제117조의10제2항에 따른 조치,제117조의10제2항,0.95,제117조의10제2항에 따른 조치|조치,2026-04-26
제117조의10제2항에 따른 조치,제재대상임,SANCTION,자,제117조의10제2항,0.9,제117조의10제2항에 따른 조치|자,2026-04-26
제117조의10제2항에 따른 조치,정의함,LOGICAL,조치,제117조의10제2항,0.9,제117조의10제2항에 따른 조치|조치,2026-04-26
자,위반함,ACTION,제117조의10제3항,제117조의10제3항,0.95,위반|제117조의10제3항,2026-04-26
위반자,정의함,LOGICAL,위반한 자,제117조의10제3항,0.9,위반자|위반한 자,2026-04-26
위반자,처벌대상임,SANCTION,제117조의10제3항,제117조의10제3항,0.9,위반자|제117조의10제3항,2026-04-26
정정하지 아니한 자,정정하지 않음,ACTION,내용,제117조의10제4항,0.9,정정|내용,2026-04-26
정정하지 아니한 자,처벌대상임,SANCTION,35의8,제117조의10제4항,0.95,정정|35의8,2026-04-26
자,위반함,ACTION,제117조의10제5항,제117조의10제5항,0.9,위반|증권 매도,2026-04-26
자,매도함,ACTION,증권,제117조의10제5항,0.9,증권 매도|매도,2026-04-26
증권 매도,정의함,LOGICAL,증권을 매도하는 행위,제117조의10제5항,0.95,증권 매도|매도,2026-04-26
자,반환하지 아니한,ACTION,청약증거금,제117조의10제8항,0.95,청약증거금 반환,2026-04-26
제135조,정의함,LOGICAL,법령,135,0.1,제135조,2026-04-26
제136조제6항,구조,STRUCTURE,제136조,136,0.9,제136조,2026-04-26
제139조제3항,정의함,LOGICAL,제139조제3항,제139조제3항,0.4,제139조제3항,2026-04-26
자,위반함,ACTION,제148조,148,0.95,신고서 사본 송부|위반,2026-04-26
자,송부하지 않음,ACTION,신고서 또는 보고서의 사본,148,0.95,신고서 사본 송부|위반,2026-04-26
제135조,정의함,LOGICAL,제135조,135,0.1,제135조,2026-04-26
신고서 사본,준용함,STRUCTURE,제139조제3항,제139조제3항,0.8,신고서 사본|제139조제3항,2026-04-26
송부한 자,처벌대상임,SANCTION,보 고서 사본에 신고서 또는 보고서에 기재된 내용과 다른 내용을 표시하거나 그 내용을 누락 하여 송부,148,0.95,보 고서 사본|신고서|보고서|내용|누락|표시,2026-04-26
보 고서 사본,정의함,LOGICAL,보 고서 사본,148,0.9,보 고서 사본,2026-04-26
자,위반함,ACTION,순보유잔고 보고,제180조의2제1항,0.95,순보유잔고 보고|위반,2026-04-26
자,위반함,ACTION,제180조의2제2항,39의4,0.95,정정명령 이행 불이행|위반,2026-04-26
자,이행하지 않음,ACTION,정정명령,39의4,0.9,정정명령 이행 불이행,2026-04-26
자,거짓 기재 또는 표시,ACTION,정정명령에 따른 보고,39의4,0.9,거짓의 기재 또는 표시,2026-04-26
제180조의3,위반을 규정함,LOGICAL,공시,제180조의3,0.9,공시|위반,2026-04-26
제180조의3,위반 시 적용되는 제재,STRUCTURE,제39의5,제180조의3,0.85,제39의5|제재,2026-04-26
자,보관하지 않다,ACTION,대차거래정보,제180조의5제1항,0.95,대차거래정보 보관|위반,2026-04-26
자,위반,ACTION,제180조의5제1항,제180조의5제1항,0.9,대차거래정보 보관|위반,2026-04-26
자,위반함,LOGICAL,상환기간,제39조의7,0.95,상환기간 위반|차입공매도,2026-04-26
자,체결하였거나,ACTION,상장증권의 대차거래 계약,제39조의7,0.9,대차거래 계약|차입공매도,2026-04-26
자,구분하여 관리하지 않음,ACTION,상장증권의 대차거래 계약,제39조의7,0.9,대차거래 계약|구분 관리,2026-04-26
자,위반함,ACTION,제180조의6제1항 또는 제2항,제180조의6,0.95,무차입공매도 방지 조치|위반,2026-04-26
자,조치하지 않음,ACTION,무차입공매도를 방지하기 위한 조치,제180조의6,0.9,무차입공매도 방지 조치|조치,2026-04-26
제182조제8항,정의함,LOGICAL,제182조제8항의 내용,제182조제8항,0.5,제182조제8항|제182조제8항의 내용,2026-04-26
준수하는 경우,정의함,LOGICAL,제279조제3항,제279조제3항,0.9,준수하는 경우|정의,2026-04-26
준수하는 경우,포함함,LOGICAL,제279조제3항,제279조제3항,0.8,준수하는 경우|포함,2026-04-26
자,요구함,ACTION,변경등록,제182조의2제3항,0.95,변경등록|제182조의2제3항,2026-04-26
자,사용한,ACTION,명칭,제183조제2항,0.95,명칭 사용,2026-04-26
자,위반하여,LOGICAL,제183조제2항,제183조제2항,0.9,위반,2026-04-26
자,위반함,LOGICAL,제184조제3항,제184조제3항,0.95,위반|제184조제3항,2026-04-26
자,위탁하지 않음,ACTION,집합투자재산의 보관·관리업무,제184조제3항,0.95,위탁하지 않음|집합투자재산의 보관·관리업무,2026-04-26
자,위반하여,SANCTION,41의3,제184조제3항,0.95,위반|41의3,2026-04-26
제249조의7제3항,참조함,STRUCTURE,제249조,249,0.6,제249조의7제3항|제249조,2026-04-26
제250조제7항,상위조항,STRUCTURE,제250조,제250조제7항,0.7,제250조,2026-04-26
제251조제3항,상위조항,STRUCTURE,제251조,제251조제3항,0.9,제251조제3항|제251조,2026-04-26
제250조제7항,참조함,STRUCTURE,제250조,제250조제7항,0.6,제250조,2026-04-26
자,위반함,ACTION,제341조제2항,제341조제2항,0.95,위반|제341조제2항,2026-04-26
자,갖추지 아니함,LOGICAL,이해상충방지체계,제341조제2항,0.95,이해상충방지체계|갖추지 아니함,2026-04-26
공시의무,정의함,LOGICAL,제284조,284,0.7,공시의무,2026-04-26
제323조의8,상위조항,STRUCTURE,제323조,323조의8,0.9,제323조의8|제323조,2026-04-26
자,위반함,ACTION,제379조,제379조,0.9,제379조 위반,2026-04-26
자,처벌대상임,SANCTION,제44조의2,제379조,0.8,제44조의2|제379조 위반,2026-04-26
자,위반함,ACTION,제335조의8제2항,제335조의8제2항,0.95,신용평가내부통제기준,2026-04-26
자,정하지 않음,ACTION,신용평가내부통제기준,제335조의8제2항,0.95,신용평가내부통제기준,2026-04-26
자,처벌대상임,SANCTION,제44조의3,제44조의3,0.95,신용평가내부통제기준,2026-04-26
자,과태료,SANCTION,제335조의8제3항 위반,335조의8제3항,0.95,과태료|위반|제335조의8제3항,2026-04-26
자,두지 않음,ACTION,준법감시인,335조의8제3항,0.9,두지 않음|준법감시인,2026-04-26
자,위반함,ACTION,제335조의8제4항,제335조의8제4항,0.95,위반|제335조의8제4항,2026-04-26
자,위반으로 처벌받음,SANCTION,44의5,제335조의8제4항,0.95,위반|제335조의8제4항,2026-04-26
서류 제출,정의함,LOGICAL,금융위원회가 정하여 고시하는 서류 또는 신용평가서,제335조의12,0.95,서류 제출|정의,2026-04-26
자,처벌대상임,SANCTION,서류 제출 위반,제335조의12,0.9,서류 제출|제출 위반,2026-04-26
서류 제출,금지함,ACTION,제출하지 않음,제335조의12,0.85,서류 제출|제출 위반,2026-04-26
자,위반,ACTION,이사회 결의,제343조제2항,0.95,제343조제2항 위반|이사회 결의,2026-04-26
자,위반,ACTION,제343조제2항,제343조제2항,0.95,제343조제2항 위반,2026-04-26
자,위반함,ACTION,자료의 제출명령,제343조제8항,0.95,자료 제출명령|위반,2026-04-26
자,보유하지 않음,ACTION,지급준비자산,제346조,0.95,제346조 위반|지급준비자산,2026-04-26
제346조 위반,보유하지 않음,LOGICAL,지급준비자산,제346조,0.9,제346조 위반|지급준비자산,2026-04-26
허가를 받은 자,정의함,LOGICAL,제48조제2항,제370조제1항,0.95,허가를 받은 자 정의|48의2,2026-04-26
허가를 받은 자,참조함,STRUCTURE,제370조제1항,제370조제1항,0.9,허가를 받은 자 정의|제370조제1항 참조,2026-04-26
금융회사,하지 않다,ACTION,지급정지 조치,제426조의2제4항,0.95,지급정지 조치,2026-04-26
자,위반함,ACTION,제한명령,제48조의4,0.95,제한명령|위반,2026-04-26
제한명령,정의함,STRUCTURE,제426조의3제1항,제426조의3제1항,0.9,제한명령|정의,2026-04-26
거부하지 아니한 자,거부하지 않음,ACTION,거래제한대상자의 거래 요청,제426조의3제4항,0.95,거부|거래제한대상자|거래 요청,2026-04-26
거부하지 아니한 자,전단을 위반함,ACTION,전단,제426조의3제4항,0.9,전단|위반,2026-04-26
자,선임한,ACTION,임원,제426조의3제6항,0.95,임원선임ㆍ재임제한대상자|전단 위반,2026-04-26
자,해임하지 아니한,ACTION,임원선임ㆍ재임제한대상자,제426조의3제6항,0.95,전단 위반,2026-04-26
자,위반함,ACTION,전단,제426조의3제6항,0.9,전단 위반,2026-04-26
자,처벌대상임,SANCTION,48의6,제426조의3제6항,0.9,위반|임원선임ㆍ재임제한대상자,2026-04-26
해임 요구,정의함,LOGICAL,해임 요구를 이행하지 아니한 자,제426조의3제7항제2호,0.95,해임 요구|이행하지 않다,2026-04-26
자,위반함,ACTION,제435조제5항,제435조제5항,0.95,위반,2026-04-26
자,한,ACTION,신고자등에게 불리한 대우를,제435조제5항,0.95,불리한 대우,2026-04-26
제63조제1항,참조함,STRUCTURE,제63조,제63조제1항,0.7,제63조제1항|제63조,2026-04-26
제367조,정의함,LOGICAL,none,제367조,0.5,제367조,2026-04-26
자,부과함,ACTION,과태료,제441조,0.95,과태료 부과|5천만원 이하,2026-04-26
제50조제2항을 위반하여 공시를 하지 아니하거나 거짓으로 공시한 자,정의함,LOGICAL,위반자,제50조제2항,0.9,제50조제2항을 위반하여 공시를 하지 아니하거나 거짓으로 공시한 자|위반자,2026-04-26
자,처벌대상임,SANCTION,보고를 하지 아니하거나 거짓으로 보고한 행위,제56조제1항,0.95,보고|거짓보고|보고의무,2026-04-26
자,위반,ACTION,제63조의2,제63조의2,0.95,제63조의2 위반,2026-04-26
매매명세 통지 위반,정의함,LOGICAL,제73조,제73조,0.8,매매명세 통지 위반|제73조,2026-04-26
자,통지,ACTION,매매명세,제73조,0.9,통지|매매명세,2026-04-26
자,처벌대상임,SANCTION,매매명세 통지 위반,제73조,0.9,위반|처벌,2026-04-26
자,요구함,ACTION,제101조제2항에 따른 보고,101(2),0.85,보고|제101조제2항,2026-04-26
자,처벌대상임,SANCTION,제101조제2항에 따른 보고,101(2),0.9,거짓 보고|보고,2026-04-26
거짓 보고,금지함,ACTION,제101조제2항에 따른 보고,101(2),0.9,거짓 보고|보고,2026-04-26
자,금지함,ACTION,자료제출을 하지 않거나 거짓으로 제출,제101조제3항,0.85,정당한 사유 없이|자료제출|거짓으로 제출,2026-04-26
자,처벌대상임,SANCTION,삭제,제101조제3항,0.9,정당한 사유 없이|자료제출|삭제,2026-04-26
자,처벌대상임,SANCTION,제117조의6제1항에 따른 보고를 하지 아니하거나 거짓으로 보고한 행위,제117조의6제1항,0.95,보고|위반,2026-04-26
자,통지하지 아니하거나 거짓으로 통지한,ACTION,6의4,제117조의7제8항,0.95,통지|거짓 통지|통지 의무,2026-04-26
자,위반함,ACTION,제117조의10제7항,제117조의10제7항,0.95,제117조의10제7항|증권 예탁,2026-04-26
자,위반함,ACTION,증권 예탁 또는 보호예수,제117조의10제7항,0.9,증권 예탁|제117조의10제7항,2026-04-26
자,이행하지 않다,ACTION,사항,제117조의15,0.9,투자자 피해 방지|이행 의무,2026-04-26
제128조,구성함,STRUCTURE,제128조 또는,128,0.1,제128조,2026-04-26
제143조 위반 행위,금지함,ACTION,보고서 제출,143,0.9,보고서 제출|제출 의무,2026-04-26
제143조 위반 행위,금지함,ACTION,거짓 보고서 작성,143,0.9,거짓 보고서 작성|보고서,2026-04-26
제146조제1항,참조함,STRUCTURE,제146조,제146조제1항,0.5,제146조제1항|제146조,2026-04-26
제158조제1항,정의함,LOGICAL,제158조,158조제1항,0.3,제158조제1항,2026-04-26
제164조제1항,정의함,LOGICAL,제164조제1항,제164조제1항,0.0,제164조제1항,2026-04-26
제419조 제5항,정의함,LOGICAL,조항,제419조 제5항,0.9,조항|정의,2026-04-26
제419조,포함함,STRUCTURE,제419조 제5항,제419조 제5항,0.9,조항|포함,2026-04-26
제43조제1항,상위조항,STRUCTURE,제43조,제43조제1항,0.8,제43조제1항,2026-04-26
적용배제,정의함,LOGICAL,제53조제1항 후단,제53조제1항,0.4,적용배제,2026-04-26
제252조제2항,정의함,LOGICAL,내용이 제공되지 않음,252-2,0.1,제252조제2항,2026-04-26
공시의 내용,정의함,LOGICAL,공시의 내용은 다음 각 호의 사항을 포함하여야 한다.,제306조,0.5,공시의 내용|공시,2026-04-26
제334조,구조,STRUCTURE,제334조,334,0.0,내용 없음,2026-04-26
공시의무,정의함,LOGICAL,제353조에 규정된 공시의무,제353조,0.85,공시의무|제353조,2026-04-26
공시의무 위반자,과태료대상임,SANCTION,제353조에 따라,제353조,0.75,공시의무|과태료|제353조,2026-04-26
불응한 자,금지함,ACTION,자료의 제출명령,제371조,0.9,불응|자료 제출,2026-04-26
불응한 자,금지함,ACTION,증인의 출석,제371조,0.9,불응|증인 출석,2026-04-26
불응한 자,금지함,ACTION,증언 및 의견의 진술 요구,제371조,0.9,불응|증언 요구,2026-04-26
자,위반함,ACTION,제152조의2제2항,제152조의2제2항,0.95,위반|제152조의2제2항,2026-04-26
자,응하지 않음,ACTION,의결권권유자의 요구,제152조의2제2항,0.9,응하지 않음|의결권권유자,2026-04-26
자,위반으로 인한 처벌,SANCTION,8의3,제152조의2제2항,0.9,위반|8의3,2026-04-26
자,처벌대상임,SANCTION,제173조의2제1항에 따른 보고를 하지 아니하거나 거짓으로 보고한 행위,173조의2제1항,0.95,보고|위반,2026-04-26
자,보관하지 않음,ACTION,자료,제180조의2제3항,0.9,자료 보관,2026-04-26
자,응하지 않음,ACTION,금융위원회의 자료제출 요구,제180조의2제3항,0.9,금융위원회의 자료제출 요구,2026-04-26
자,위반함,ACTION,제180조의2제3항,제180조의2제3항,0.9,자료 보관|금융위원회의 자료제출 요구,2026-04-26
자,위반함,LOGICAL,자료 보관,제180조의2제3항,0.8,자료 보관,2026-04-26
자,위반함,LOGICAL,금융위원회의 자료제출 요구,제180조의2제3항,0.8,금융위원회의 자료제출 요구,2026-04-26
제190조제7항,구조,STRUCTURE,제190조,190조제7항,0.5,제190조제7항|제190조,2026-04-26
제201조제3항,상위조항,STRUCTURE,제201조,201조제3항,0.4,제201조,2026-04-26
제210조제3항,상위조항,STRUCTURE,제210조,제210조제3항,0.9,제210조제3항|제210조,2026-04-26
제215조제4항,상위조항,STRUCTURE,제215조,제215조제4항,0.6,제215조,2026-04-26
제217조의5제4항,참조함,STRUCTURE,제217조의5,217,0.6,제217조의5제4항|제217조의5,2026-04-26
제220조제 4항,참조함,STRUCTURE,제220조,제220조제 4항,0.8,제220조제 4항,2026-04-26
자,소집하지 않다,ACTION,연기수익자총회,제226조제4항,0.95,연기수익자총회|소집하지 않다,2026-04-26
자,위반,ACTION,연기수익자총회 소집,제226조제4항,0.85,연기수익자총회|소집|위반,2026-04-26
자,위반,ACTION,제249조의15제8항,제249조의15제8항,0.9,위반|제249조의15제8항,2026-04-26
자,처벌대상임,SANCTION,등록사항 변경의 보고,제249조의15제8항,0.9,등록사항 변경의 보고|위반,2026-04-26
자,금액,SANCTION,10의3,제249조의15제8항,0.9,10의3|금액,2026-04-26
자,위반함,LOGICAL,제249조의15제9항,제249조의15제9항,0.95,자|제249조의15제9항|재무제표 제출 위반,2026-04-26
자,제출하지 않음,ACTION,재무제표,제249조의15제9항,0.9,자|재무제표,2026-04-26
자,거짓으로 작성하여 제출함,ACTION,재무제표,제249조의15제9항,0.9,자|재무제표,2026-04-26
재무제표 제출 위반,위반함,LOGICAL,자,제249조의15제9항,0.9,재무제표 제출 위반|자,2026-04-26
자,위반함,ACTION,예탁,제310조제2항,0.9,위반|예탁,2026-04-26
위반,정의함,LOGICAL,제310조제2항을 위반하여 예탁하지 아니한 자,제310조제2항,0.8,위반|예탁,2026-04-26
증권등 보관 위반자,정의함,LOGICAL,자,310조제3항,0.95,제310조제3항 위반|보관하지 아니한 증권등,2026-04-26
제314조제6항,참조함,STRUCTURE,제314조,314,0.4,제314조제6항|제314조,2026-04-26
자,위반함,ACTION,실질주주명부를 작성ㆍ비치하지 아니하거나 거짓으로 작성한,316,0.95,실질주주명부|위반,2026-04-26
자,금지함,ACTION,통지 (통지를 하지 아니하거나 거짓으로 통지),323,0.9,통지|통지 의무 위반,2026-04-26
자,처벌대상임,SANCTION,통지 의무 위반,323,0.95,통지|통지 의무 위반,2026-04-26
제339조제2항,상위조항,STRUCTURE,제339조,제339조제2항,0.7,제339조제2항|제339조,2026-04-26
자,처벌대상임,SANCTION,보고,제361조,0.95,보고|위반,2026-04-26
자,금지함,ACTION,보고를 하지 않음,제361조,0.85,보고|위반,2026-04-26
제418조,구조,STRUCTURE,제417조,418,0.3,제418조,2026-04-26
제335조의14,참조함,STRUCTURE,제335조,제335조의14,0.6,제335조의14,2026-04-26
금융 회사,위반하여,LOGICAL,제426조의2제4항,제426조의2제4항,0.95,위반|제426조의2제4항,2026-04-26
금융 회사,통지하지 아니함,ACTION,해당 지급정지 조치에 관한 사항,제426조의2제4항,0.95,통지|지급정지 조치,2026-04-26
시행일,정의함,LOGICAL,공포한 날,제1조,0.95,시행일 정의|공포한 날,2026-04-26
이 법,시행함,ACTION,공포한 날,제1조,0.95,시행일|공포한 날,2026-04-26
단서의 개정규정,시행,ACTION,공포 후 6개월이 경과한 날부터,제50조제1항,0.95,개정규정|시행,2026-04-26
제50조제1항,상위조항,STRUCTURE,제50조,제50조제1항,0.9,제50조제1항|제50조,2026-04-26
개정규정,시행,ACTION,공포 후 1년이 경과한 날부터,166,0.95,개정규정|시행|공포 후 1년이 경과한 날,2026-04-26
일반투자자,제한함,ACTION,장외거래 금액,제2조,0.95,장외거래 금액 제한|일반투자자,2026-04-26
개정규정,적용함,STRUCTURE,일반투자자(장외거래를 하는 분),166조제3항,0.95,개정규정|일반투자자|장외거래|투자중개업자|시행 이후,2026-04-26
신용공여 제한,정의함,LOGICAL,장외거래 투자중개업자에 대한 신용공여 제한,제3조,0.9,신용공여 제한|장외거래 투자중개업자,2026-04-26
개정규정,정의함,LOGICAL,제166조제2항,제166조제2항,0.7,개정규정|제166조제2항,2026-04-26
신용 공여,준용함,STRUCTURE,제72조에 따른 개정규정,제72조,0.9,신용 공여|개정규정,2026-04-26
제72조,적용하지 않다,ACTION,부분,제72조,0.9,제72조 적용|제72조 적용 제한,2026-04-26
제72조,적용하지 않다,ACTION,같은 개정규정 시 행 이후 신용공여 계약을 갱신하는 경우,제72조,0.8,제72조 적용 제한|신용공여 계약 갱신 예외,2026-04-26
