subject,relation,relation_category,object,article_number,confidence,concepts,created_at
이 영,정의함,LOGICAL,위임된 사항과 그 시행에 관하여 필요한 사항을 규정함,제1조,0.9,목적|위임|필요한 사항,2026-04-30
해외 증권시장,정의함,LOGICAL,증권시장과 유사한 시장으로서 해외에 있는 시장,제2조,0.95,해외 증권시장|증권시장과 유사한 시장,2026-04-30
청약의 권유,정의함,LOGICAL,"권유받는 자에게 증권을 취득하도록 하기 위하여 신문ㆍ방송ㆍ잡지 등을 통한 광고, 안내문ㆍ홍보전단 등 인쇄물의 배포, 투자설명회의 개최, 전자통신 등의 방법",제2조,0.95,청약의 권유|권유|증권 취득,2026-04-30
투자광고,정의함,LOGICAL,증권 취득청약의 권유 또는 증권 매도청약이나 매수청약의 권유 등 증권을 발행 또는 매도한다는 사실을 알리거나 취득의 절차를 안내하는 활동,제249조의5,0.95,투자광고 정의|증권 취득청약 권유,2026-04-30
금융위원회,정하여 고시한다,ACTION,기준,제249조의5,0.9,금융위원회 기준|정의 기준,2026-04-30
금융위원회,정하여 고시한다,ACTION,제외되는 항목 목록,제249조의5,0.85,제외 항목|광고 제외,2026-04-30
외화자산,정의함,LOGICAL,외국에서 발행 또는 창설되거나 유통되는 자산 및 이와 비슷한 자산,제249조의5,0.9,외화자산 정의,2026-04-30
특수관계인,정의함,LOGICAL,금융회사의 지배구조에 관한 법률 시행령,제249조의5,0.9,특수관계인 정의,2026-04-30
주요주주,정의함,LOGICAL,금융회사의 지배구조에 관한 법률,제3조제1항,0.95,정의|주요주주,2026-04-30
전자적 투자조언장치,정의함,LOGICAL,"자동화된 전산정보처리장치로서, 집합투자재산을 운용할 경우 집합투자기구의 투자목적·투자방침·투자전략에 맞게 운용하고, 투자자문업·투자일임업을 수행할 경우 투자자의 투자목적·재산상황·투자경험 등을 고려해 투자성향을 분석하는 장치",제2조제6호나목,0.95,정의|요건,2026-04-30
전자적 투자조언장치,요구함,ACTION,집합투자기구의 투자목적·투자방침·투자전략에 맞게 운용할 것,제2조제6호나목,0.9,운용|요구,2026-04-30
침해사고 예방 체계,갖출,ACTION,체계 및 재해 예방 체계,제2조제1항제7호,0.92,침해사고 예방 체계|재해 예방 체계,2026-04-30
금융위원회가 정하여 고시하는 요건,갖출,ACTION,요건,제2조제1항제7호,0.88,금융위원회가 정하여 고시하는 요건,2026-04-30
해외 파생상품시장,정의함,LOGICAL,상장되어 거래되는 상품 또는 전문투자자,제5조제2항제2호,0.95,해외 파생상품시장 정의|상장 거래 상품,2026-04-30
자,정의함,LOGICAL,"제9조제5항제1호부터 제3호까지의 어느 하나에 해당하는 자, 이 영",제9조제5항제1호부터 제3호까지,0.95,정의|자,2026-04-30
자,참조함,STRUCTURE,제9조제5항,제9조제5항,0.9,참조|제9조제5항,2026-04-30
상품,제외함,ACTION,자,제10조제3항제1호,0.9,상품 제외|자,2026-04-30
고난도투자일임계약,정의함,LOGICAL,금융위원회가 정하여 고시하는 방법으로 산정한 최대 원금손실 가능금액이 원금의 100분의 20을 초과하는 투자일임계약 중 그 운용방법 및 그에 따른 위험을 투자자가 이해하기 어렵다고 인정되는 것으로서 금융위원회가 정하여 고시하는 기준에 해당하는 투자일임계약을 말한다.,제7조제2항제1호,0.95,정의함|고난도투자일임계약,2026-04-30
자본시장과 금융투자업에 관한 법률,정의함,LOGICAL,법,제3조,0.99,정의|이하 ‘법’이라 한다,2026-04-30
판매수수료 등 대통령령으로 정하는 금액,정의함,LOGICAL,다음 각 호의 금액,제3조제1항,0.95,정의|금액,2026-04-30
수수료,정의함,LOGICAL,제58조제1항에 따른 수수료,제58조제1항,0.9,수수료|제58조제1항,2026-04-30
수수료,준용함,STRUCTURE,제58조제1항,제58조제1항,0.8,수수료|제58조제1항,2026-04-30
수수료,정의함,LOGICAL,판매수수료(이하 “판매수수료”라 한다),제76조제4항,0.95,수수료 정의|항목,2026-04-30
수수료,정의함,LOGICAL,보험계약에 따른 사업비와 위험보험료,제76조제4항,0.95,수수료 정의|항목,2026-04-30
수수료,정의함,LOGICAL,금융위원회가 정하여 고시하는 금액,제76조제4항,0.95,수수료 정의|항목,2026-04-30
해지수수료 등 대통령령으로 정하는 금액,정의함,LOGICAL,다음 각 호의 금액을 말한다. 1. 법,제3조제1항,0.95,정의|금액,2026-04-30
환매수수료,정의함,LOGICAL,제236조제2항에 따른 환매수수료(이하 “환매수수료”라 한다),제236조제2항,0.99,환매수수료 정의,2026-04-30
해지수수료,정의함,LOGICAL,"중도해지로 인하여 투자자, 그 밖의 고객이 지급하는 해지수수료(이에 준하는 것을 포함한다)",제236조제2항,0.98,해지수수료 정의,2026-04-30
투자자,요구함,ACTION,환매수수료,제236조제2항,0.97,환매수수료,2026-04-30
투자자,요구함,ACTION,해지수수료,제236조제2항,0.96,해지수수료,2026-04-30
투자자,요구함,ACTION,각종 세금,제236조제2항,0.95,세금,2026-04-30
투자자,요구함,ACTION,파산 또는 채무조정에 따른 금전적 손실,제236조제2항,0.9,파산|채무조정,2026-04-30
투자자,요구함,ACTION,금융위원회가 정하여 고시하는 금액,제236조제2항,0.88,금융위원회 고시 금액,2026-04-30
금융투자상품,정의함,LOGICAL,상법,제3조제1항제3호,0.95,금융투자상품 정의|상법,2026-04-30
제340조의2,상위조항,STRUCTURE,제340조,제340조의2,0.8,제340조의2|제340조,2026-04-30
주식매수선택권,정의함,LOGICAL,제542조의3에 따른 주식매수선택권,제542조의3,0.95,주식매수선택권 정의,2026-04-30
증권신고서 제출 등의 규제만 적용되는 증권,정의함,LOGICAL,증권,제3조의2,0.95,정의|규제 적용 범위,2026-04-30
증권,정의함,LOGICAL,합자회사ㆍ유한책임회사ㆍ합자조합ㆍ익명조합의 출자지분이 표시된 것,제4조제1항제2호,0.97,합자회사|유한책임회사|합자조합|익명조합|집합투자증권 제외,2026-04-30
증권,참조함,STRUCTURE,상법,제4조제1항제2호,0.9,상법,2026-04-30
기업어음증권,정의함,LOGICAL,기업어음증권의 요건,제4조,0.9,요건|정의,2026-04-30
대통령령으로 정하는 요건,정의함,LOGICAL,기업의 위탁에 따라 그 지급대행을 하는 다음 각 호의 어느 하나에 해당하는 자가 내어준 것으로서 “기업어음증권”이라는 문자가 인쇄된 어음용지를 사 용하는 것,제4조제3항,0.95,정의|요건|기업어음증권,2026-04-30
기업어음증권,정의함,LOGICAL,기업의 위탁에 따라 그 지급대행을 하는 다음 각 호의 어느 하나에 해당하는 자가 내어준 것으로서 “기업어음증권”이라는 문자가 인쇄된 어음용지를 사 용하는 것,제4조제3항,0.95,정의|기업어음증권|어음용지,2026-04-30
은행,정의함,LOGICAL,기업의 위탁에 따라 그 지급대행을 하는 다음 각 호의 어느 하나에 해당하는 자,제4조제3항,0.9,정의|은행|지급대행,2026-04-30
은행,포함한다,LOGICAL,수산업협동조합법에 따른 수협은행,제59조,0.95,은행 정의|수산업협동조합법에 따른 수협은행,2026-04-30
은행,포함한다,LOGICAL,농업협동조합법에 따른 농협은행,제59조,0.95,은행 정의|농업협동조합법에 따른 농협은행,2026-04-30
은행,포함한다,LOGICAL,한국산업은행법에 따른 한국산업은행,제59조,0.95,은행 정의|한국산업은행법에 따른 한국산업은행,2026-04-30
은행,포함한다,LOGICAL,중소기업은행법에 따른 중소기업은행,제59조,0.95,은행 정의|중소기업은행법에 따른 중소기업은행,2026-04-30
파생결합증권에서 제외되는 금융투자상품,정의함,LOGICAL,제4조의2,제4조의2,0.95,정의|파생결합증권에서 제외되는 금융투자상품,2026-04-30
대통령령으로 정하는 금융투자상품,정의함,LOGICAL,상법,제4조제7항제5호,0.99,정의|대통령령으로 정하는 금융투자상품,2026-04-30
신주인수권증서,준용함,STRUCTURE,제420조의2,제420조의2,0.95,신주인수권증서|제420조의2에 따른,2026-04-30
신주인수권증권,정의함,LOGICAL,제516조의5에 따른 신주인수권증권,제516조의5,0.95,정의|제516조의5에 따른 신주인수권증권,2026-04-30
파생상품에서 제외되는 금융투자상품,정의함,LOGICAL,법,제4조의3,0.95,정의|법,2026-04-30
금융투자상품,정의함,LOGICAL,대통령령으로 정하는 금융투자상품이란 다음 각 호의 어느 하나에 해당하는 금융투자상품을 말한다.,제5조제1항,0.95,정의|금융투자상품|대통령령,2026-04-30
금융투자상품,정의함,LOGICAL,증권 및 장외파생상품에 대한 투자매매업의 인가를 받은 금융투자업자가 발행하는 증권 또는 증서로서 기초자산의 가격·이자율·지표·단위 또는 이를 기초로 하는 지수 등의 변동과 연계하여 미리 정해진 방법에 따라 그 기초자산의 매매나 금전을 수수하는 거래를 성립시킬 수 있는 권리가 표시된 증권 또는 증서,제5조제1항,0.9,정의|증권|장외파생상품|투자매매업|금융투자업자,2026-04-30
신주인수권증권,정의함,LOGICAL,제516조의5에 따른,제516조의5,0.95,신주인수권증권 정의|제516조의5에 따른,2026-04-30
신주인수권증권,참조함,STRUCTURE,제516조의5,제516조의5,0.9,신주인수권증권 정의|제516조의5 참조,2026-04-30
해외 파생상품거래,정의함,LOGICAL,해외 파생상품거래,제5조,0.95,정의|해외 파생상품거래,2026-04-30
해외 파생상품거래,참조함,STRUCTURE,법,제5조,0.85,참조|법,2026-04-30
대통령령으로 정하는 해외 파생상품거래,정의함,LOGICAL,런던금속거래소의 규정에 따라 장외에서 이루어지는 금속거래,제5조제2항제2호,0.95,대통령령으로 정하는 해외 파생상품거래|금속거래,2026-04-30
대통령령으로 정하는 해외 파생상품거래,정의함,LOGICAL,런던귀금속시장협회의 규정에 따라 이루어지는 귀금속거래,제5조제2항제2호,0.95,대통령령으로 정하는 해외 파생상품거래|귀금속거래,2026-04-30
대통령령으로 정하는 해외 파생상품거래,정의함,LOGICAL,미국선물협회의 규정에 따라 장외에서 이루어지는 외국환거래,제5조제2항제2호,0.95,대통령령으로 정하는 해외 파생상품거래|외국환거래,2026-04-30
대통령령으로 정하는 해외 파생상품거래,정의함,LOGICAL,선박운임선도거래업자협회의 규정에 따라 이루어지는 선박운임거래,제5조제2항제2호,0.95,대통령령으로 정하는 해외 파생상품거래|선박운임거래,2026-04-30
대통령령으로 정하는 해외 파생상품거래,정의함,LOGICAL,국제적으로 표준화된 조건이나 절차에 따라 이루어지는 거래로서 금융위원회가 정하여 고시하는 거래,제5조제2항제2호,0.95,대통령령으로 정하는 해외 파생상품거래|국제표준거래,2026-04-30
집합투자,예외로함,LOGICAL,법,제6조,0.7,집합투자|법,2026-04-30
대통령령으로 정하는 법률,정의함,LOGICAL,부동산투자회사법,제6조제5항제1호,0.99,정의함|법률,2026-04-30
대통령령으로 정하는 법률,정의함,LOGICAL,선박투자회사법,제6조제5항제1호,0.99,정의함|법률,2026-04-30
대통령령으로 정하는 법률,정의함,LOGICAL,문화산업진흥 기본법,제6조제5항제1호,0.99,정의함|법률,2026-04-30
대통령령으로 정하는 법률,정의함,LOGICAL,산업발전법,제6조제5항제1호,0.99,정의함|법률,2026-04-30
대통령령으로 정하는 법률,정의함,LOGICAL,벤처투자 촉진에 관한 법률,제6조제5항제1호,0.99,정의함|법률,2026-04-30
대통령령으로 정하는 법률,정의함,LOGICAL,여신전문금융업법,제6조제5항제1호,0.99,정의함|법률,2026-04-30
대통령령으로 정하는 법률,정의함,LOGICAL,소재ㆍ부품ㆍ장비산업 경쟁력 강화 및 공급망 안정화를 위한 특별조치법,제6조제5항제1호,0.99,정의함|법률,2026-04-30
대통령령으로 정하는 법률,정의함,LOGICAL,농림수산식품투자조합 결성 및 운용에 관한 법률,제6조제5항제1호,0.99,정의함|법률,2026-04-30
투자자,정의함,LOGICAL,다음 각 호에 해당하지 아니하는 투자자,제6조제5항제1호,0.95,투자자 정의|대통령령으로 정하는 투자자,2026-04-30
자,정의함,LOGICAL,각 호의 어느 하나에 해당하는 자,제4조,0.99,자|각 호의 어느 하나에 해당하는 자,2026-04-30
자,정의함,LOGICAL,자(금융위원회가 정하고 고시하는),제10조제3항제12호ㆍ제13호,0.95,자|정의함|정하고 고시하는,2026-04-30
대통령령으로 정하는 수,정의함,LOGICAL,49인,제6조제5항제1호,0.95,정의|수,2026-04-30
투자금액을 합산한 금액,초과함,LOGICAL,자산총액의 80%,제80조제1항제5호의2,0.95,투자금액 합산|자산총액 80% 초과,2026-04-30
제80조제1항제5호의2,규정함,STRUCTURE,부동산투자회사법,제80조제1항제5호의2,0.9,제80조제1항제5호의2|부동산투자회사법,2026-04-30
사모투자재간접집합투자기구,투자금액을 합산함,ACTION,투자금액,제80조제1항제5호의2,0.85,사모투자재간접집합투자기구|투자금액 합산,2026-04-30
다른 집합투자기구,요구함,ACTION,집합투자증권 발행총수의 100분의 10 이상을 취득,제49조의3제1항,0.92,집합투자기구|집합투자증권|발행총수|10%,2026-04-30
다른 집합투자기구,요구함,ACTION,투자자 수를 더함,제49조의3제1항,0.88,투자자|수|추가,2026-04-30
대통령령으로 정하는 경우,정의함,LOGICAL,다음 각 호의 어느 하나에 해당하는 경우,제202조제1항제7호,0.99,대통령령으로 정하는 경우|다음 각 호의 어느 하나에 해당하는 경우,2026-04-30
대통령령으로 정하는 경우,참조함,STRUCTURE,법,제6조제5항제3호,0.9,참조|법,2026-04-30
예치기관,운용한다,ACTION,투자자예탁금,제74조제3항,0.95,투자자예탁금 운용,2026-04-30
예치기관,배분한다,ACTION,투자자예탁금,제74조제3항,0.9,투자자예탁금 배분,2026-04-30
예치기관,예치한다,ACTION,투자자예탁금,제74조제3항,0.85,투자자예탁금 예치,2026-04-30
예치기관,신탁받는다,ACTION,투자자예탁금,제74조제3항,0.85,투자자예탁금 신탁,2026-04-30
종합금융투자사업자,정의함,LOGICAL,지정받은 종합금융투자사업자,제77조의2,0.95,종합금융투자사업자 정의|지정받은 종합금융투자사업자,2026-04-30
종합금융투자사업자,참조함,STRUCTURE,제77조의2,제77조의2,0.9,제77조의2 참조,2026-04-30
신탁업자,운용,ACTION,수탁한 금전,제77조의6제1항제3호,0.95,종합투자계좌업무|신탁재산 효율적 운용,2026-04-30
종합재산신탁,참조함,STRUCTURE,제103조제2항,제103조제2항,0.9,제103조제2항,2026-04-30
종합재산신탁,요구함,ACTION,신탁재산,제103조제2항,0.95,운용|신탁재산,2026-04-30
종합재산신탁,간주함,LOGICAL,운용,제103조제2항,0.85,금전의 수탁비율|40% 이하|수익금|해지|환매|불가피한 경우,2026-04-30
투자목적회사,업무를 하는,ACTION,업무,제249조의13,0.95,투자목적회사|업무,2026-04-30
투자목적회사,제249조의13에 따른,STRUCTURE,제249조의13,제249조의13,0.9,제249조의13,2026-04-30
투자목적회사,정의함,LOGICAL,투자목적회사,제249조의13,0.8,투자목적회사,2026-04-30
종합금융회사,정의함,LOGICAL,종합금융회사,336,0.95,종합금융회사 정의,2026-04-30
어음관리계좌,수행,ACTION,어음관리계좌 업무,제329조,0.95,어음관리계좌 업무,2026-04-30
어음관리계좌,준용함,STRUCTURE,조세특례제한법,제329조,0.9,어음관리계좌 업무|조세특례제한법,2026-04-30
법인,갖추다,ACTION,요건,제104조의31제1항,0.95,요건,2026-04-30
국내회사,허용함,ACTION,금전등,제3조제1항,0.9,금전등 운용|금전등 배분,2026-04-30
국내회사,예외로함,LOGICAL,지분증권 소유를 통한 다른 회사의 사업 지배,제3조제1항,0.8,지분증권 소유|사업 지배,2026-04-30
제3조제1항,참조함,STRUCTURE,가맹사업거래의 공정화에 관한 법률,제3조제1항,0.95,가맹사업거래의 공정화에 관한 법률,2026-04-30
금전등 운용,정의함,LOGICAL,금전등을 모아 운용ㆍ배분,제3조제1항,0.85,금전등 운용|금전등 배분,2026-04-30
가맹사업,준용함,STRUCTURE,방문판매 등에 관한 법률,제2조제1호,0.9,가맹사업|방문판매 등에 관한 법률,2026-04-30
사업자,요구함,ACTION,투자자,제2조제5호,0.95,다단계판매 사업|운용,2026-04-30
사업자,예외로함,LOGICAL,사업자가 특정한 사업의 결과를 배분하는 경우,제2조제5호,0.9,예외|특정 사업|배분,2026-04-30
다단계판매 사업,정의함,LOGICAL,다단계판매 사업을 하는 경우,제2조제5호,0.85,다단계판매 사업|정의,2026-04-30
인증을 받은 자 (증권금융회사),예치·신탁할 것,ACTION,기관 (금융위원회가 정하여 고시하는 기관),제324조제1항,0.95,예치·신탁|기관|인증을 받은 자,2026-04-30
인증을 받은 자 (증권금융회사),인출하거나 담보로 제공하지 않을 것,ACTION,예치·신탁한 금전,제324조제1항,0.9,인출|담보|합병등기 완료 전|예치·신탁한 금전,2026-04-30
발기인,요구함,ACTION,지분증권 투자 매매업자,제165조의5,0.9,주식매수청구권|지분증권,2026-04-30
지분증권,예외로함,LOGICAL,집합투자증권,제4조제3항,0.9,지분증권 예외|집합투자증권 제외,2026-04-30
금융위원회,정하여 고시함,STRUCTURE,규모 이상의 지분증권 투자 매매업자,제165조의5,0.85,금융위원회|지분증권 투자 매매업자,2026-04-30
주권,요구함,ACTION,증권시장에 상장할 것,제5조제1항,0.95,주권 상장|증권시장,2026-04-30
주권,요구함,ACTION,다른 법인과의 합병등기를 완료할 것,제5조제1항,0.9,주권 합병등기|다른 법인,2026-04-30
집합투자 여부 판단,고려함,LOGICAL,금융위원회가 집합투자에 해당하지 아니한다고 인정하는 경위,제5조제1항,0.8,집합투자 여부 판단|금융위원회,2026-04-30
대통령령으로 정하는 자,정의함,LOGICAL,정의 대상,제6조제6항제1호,0.95,정의|대통령령으로 정하는 자,2026-04-30
자,정의함,LOGICAL,제13조제2항의 각 호에 해당하는 자,제13조제2항,0.95,자|제13조제2항의 각 호에 해당하는 자,2026-04-30
대통령령으로 정하는 자,정의함,LOGICAL,공제회 또는 공제조합,제6조제6항제10호,0.95,정의|대통령령,2026-04-30
성과보상기금,정의함,LOGICAL,제35조의2에 따른 성과보상기금,제35조의2,0.9,정의|제35조의2에 따른 성과보상기금,2026-04-30
성과보상기금,참조함,STRUCTURE,제35조의2,제35조의2,0.8,제35조의2에 따른,2026-04-30
관리ㆍ운용하는 자,준용함,STRUCTURE,법,제35조의4,0.85,관리ㆍ운용|법,2026-04-30
"투자구조, 관리주체 등 대통령령으로 정하는 요건을 갖춘 자",정의함,LOGICAL,금융위원회가 정하여 고시하는 자,제6조제6항제11호,0.95,요건을 모두 충족하는 자|금융위원회 고시,2026-04-30
"투자구조, 관리주체 등 대통령령으로 정하는 요건을 갖춘 자",충족함,ACTION,법령에 따라 설립되거나 설치되는 자,제6조제6항제11호,0.9,설립|설치|법령,2026-04-30
"투자구조, 관리주체 등 대통령령으로 정하는 요건을 갖춘 자",충족함,ACTION,법령에 따라 운용자산을 전문적이고 독립적으로 운용하는 관리주체가 있을 것,제6조제6항제11호,0.9,운용자산|전문적|독립적|관리주체,2026-04-30
"투자구조, 관리주체 등 대통령령으로 정하는 요건을 갖춘 자",충족함,ACTION,고유재산과 운용자산을 명확하게 구분하여 회계처리할 것,제6조제6항제11호,0.9,고유재산|운용자산|회계처리|구분,2026-04-30
"투자구조, 관리주체 등 대통령령으로 정하는 요건을 갖춘 자",충족함,ACTION,투자결과를 투자자 또는 수익자에게 실질적으로 귀속시킬 것,제6조제6항제11호,0.9,투자결과|투자자|수익자|귀속,2026-04-30
투자대상자산,정의함,LOGICAL,투자대상자산,229,0.85,투자대상자산|정의,2026-04-30
투자대상자산,정의함,LOGICAL,"부동산, 부동산 관련 권리 등",제6조제7항,0.95,투자대상자산 정의|자산 목록,2026-04-30
사업수익권,정의함,LOGICAL,출자지분 또는 권리,제106조제2항,0.95,사업수익권 정의|출자지분 또는 권리,2026-04-30
사업수익권,정의함,LOGICAL,합자회사ㆍ유한책임회사ㆍ합자조합ㆍ익명조합의 출자지분,제106조제2항,0.9,상법 출자지분|사업수익권 정의,2026-04-30
사업수익권,정의함,LOGICAL,민법에 따른 조합의 출자지분,제106조제2항,0.9,민법 출자지분|사업수익권 정의,2026-04-30
사업수익권,정의함,LOGICAL,계약상의 출자지분 또는 권리,제106조제2항,0.9,계약 출자지분|사업수익권 정의,2026-04-30
금지금,정의함,LOGICAL,각 호 외의 부분에 따른 금지금 (金地金),제106조의3제1항,0.95,금지금|정의,2026-04-30
거래소,정의함,LOGICAL,제8조의2제2항에 따른 거래소,제8조의2제2항,0.95,거래소 정의|제8조의2제2항에 따른 거래소,2026-04-30
거래소,참조함,STRUCTURE,제8조의2제2항,제8조의2제2항,0.9,거래소 정의 참조|제8조의2제2항,2026-04-30
은행,거래되는,ACTION,금지금,제377조제1항제12호,0.95,금지금|거래,2026-04-30
은행,개설한,ACTION,시장,제377조제1항제12호,0.9,시장|개설,2026-04-30
은행,준용함,STRUCTURE,은행법 시행령,제377조제1항제12호,0.85,은행법 시행령|준용,2026-04-30
금지금 6. 법,금지함,ACTION,그 판매를 대행하거나 매매ㆍ대여하는,제18조제1항제4호,0.95,금지금|법,2026-04-30
금지금 6. 법,참조함,STRUCTURE,제18조제1항제4호,제18조제1항제4호,0.9,제18조제1항제4호,2026-04-30
제336조제1항제1호,참조함,STRUCTURE,법,제336조제1항제1호,0.95,제336조제1항제1호|법,2026-04-30
어음,정의함,LOGICAL,제360조제1항에 따라 발행된 어음,제360조제1항,0.95,어음|발행|제360조제1항,2026-04-30
어음,참조함,STRUCTURE,제360조제1항,제360조제1항,0.9,어음|제360조제1항,2026-04-30
전담중개업무의 범위 등,정의함,LOGICAL,법,제6조의3,0.6,전담중개업무의 범위 등|법,2026-04-30
대통령령으로 정하는 투자자,정의함,LOGICAL,다음 각 호의 투자자,제6조제10항,0.95,정의|투자자,2026-04-30
자,정의함,LOGICAL,제10조제2항,제10조제2항,0.95,자,2026-04-30
자,정의함,LOGICAL,법,제10조제3항제12호ㆍ제13호,0.95,자|법,2026-04-30
기관전용 사모집합투자기구,정의함,LOGICAL,4. 법,제9조제19항제1호,0.92,정의|기관전용 사모집합투자기구,2026-04-30
기관전용 사모집합투자기구,참조함,STRUCTURE,제9조제19항제1호,제9조제19항제1호,0.9,참조|제9조제19항제1호,2026-04-30
외국 집합투자기구,정의함,LOGICAL,외국 집합투자기구(법,제279조제1항,0.8,외국 집합투자기구|정의,2026-04-30
집합투자기구,한정함,ACTION,사모집합투자기구,제9조제19항,0.95,사모집합투자기구|집합투자기구,2026-04-30
사모집합투자기구,정의함,LOGICAL,사모집합투자기구에 상당하는 집합투자기구,제9조제19항,0.9,사모집합투자기구|집합투자기구,2026-04-30
부동산투자회사법,참조함,STRUCTURE,제2조제11호에 따른 벤처투자조합 6.,제2조제11호,0.95,부동산투자회사법|벤처투자조합,2026-04-30
부동산투자회사,정의함,LOGICAL,여신전문금융업법,제2조제1호,0.95,정의|여신전문금융업법,2026-04-30
신기술사업투자조합 ② 법,정의함,LOGICAL,제2조제14호의5,제2조제14호의5,0.95,신기술사업투자조합 ② 법|제2조제14호의5,2026-04-30
대통령령으로 정하는 방법,정의함,LOGICAL,법,제6조제10항,0.95,정의|법,2026-04-30
연계 제공,정의함,LOGICAL,제6조제10항제1호부터 제3호까지의 업무 및 제3항 각 호의 업무를 서로 연계하여 제공하는 것,제6조제10항제1호부터 제3호까지,0.95,연계 제공|업무 연계 제공,2026-04-30
업무,포함되어야 한다,ACTION,제6조제10항제2호 및 제3호,제6조제10항,0.95,업무|포함,2026-04-30
대통령령으로 정하는 업무,정의함,LOGICAL,법,제184조제6항제5호,0.99,대통령령으로 정하는 업무|법,2026-04-30
일반사모집합투자기구등,집행,ACTION,청약 또는 주문의 집행업무,제6조제10항,0.95,투자자재산|집행업무,2026-04-30
일반사모집합투자기구등,집행,ACTION,취득·처분 업무,제6조제10항,0.95,투자자재산|집행업무,2026-04-30
일반사모집합투자기구등,집행,ACTION,파생상품 매매 또는 그 중개·주선·대리업무,제6조제10항,0.95,투자자재산|집행업무,2026-04-30
일반사모집합투자기구등,집행,ACTION,환매조건부매매 또는 그 중개·주선·대리업무,제6조제10항,0.95,투자자재산|집행업무,2026-04-30
일반사모집합투자기구등,집행,ACTION,집합투자증권의 판매업무,제6조제10항,0.95,투자자재산|집행업무,2026-04-30
일반사모집합투자기구등,집행,ACTION,자문업무(금융 및 재무 등),제6조제10항,0.95,투자자재산|집행업무,2026-04-30
일반사모집합투자기구등,집행,ACTION,다른 투자자의 투자를 유치하거나 촉진하기 위한 업무,제6조제10항,0.95,투자자재산|집행업무,2026-04-30
출자,요구함,ACTION,일반 사모집합투자기구,제9조제19항제2호,0.95,출자|일반 사모집합투자기구,2026-04-30
출자,참조함,STRUCTURE,제9조제19항제2호,제9조제19항제2호,0.9,출자|제9조제19항제2호,2026-04-30
업무,정의함,LOGICAL,하는 업무,제271조의11제3항제2호,0.95,업무|정의,2026-04-30
업무,참조함,STRUCTURE,단서에서 같다,제271조의11제3항제2호,0.85,단서|참조,2026-04-30
금융투자업의 적용배제,정의함,LOGICAL,법,제7조,0.6,금융투자업의 적용배제|법,2026-04-30
파생결합증권,정의함,LOGICAL,다음 각 호의 요건을 모두 충족하는 파생결합증권을 제외한 파생결합증권,제7조제1항제2호,0.95,정의함|제외한,2026-04-30
파생결합증권,예외로함,LOGICAL,기초자산이 통화 또는 외국통화로서 지급하거나 회수하는 금전등이 그 기초자산과 다른 통화 또는 외국통화로 표시될 것,제7조제1항제2호,0.9,예외로함|기초자산이 통화 또는 외국통화,2026-04-30
파생결합증권,예외로함,LOGICAL,증권의 발행과 동시에 금융위원회가 정하여 고시하는 위험회피 목적의 거래가 이루어질 것,제7조제1항제2호,0.9,예외로함|위험회피 목적의 거래,2026-04-30
파생결합증권,예외로함,LOGICAL,사업에 필요한 자금을 조달하기 위하여 발행될 것,제7조제1항제2호,0.9,예외로함|자금 조달,2026-04-30
파생결합증권,예외로함,LOGICAL,그 밖에 총리령으로 정하는 발행요건 등을 충족할 것,제7조제1항제2호,0.9,예외로함|발행요건,2026-04-30
대통령령으로 정하는 계약에 따른 증권,정의함,LOGICAL,금적립계좌등,제7조제1항제3호,0.99,대통령령으로 정하는 계약에 따른 증권|금적립계좌등,2026-04-30
파생결합증권,정의함,LOGICAL,금적립계좌 또는 은적립계좌(투자자가 은행등에 금전을 지급하면 기초자산인 금(金) 또는 은(銀)의 가격 등에 따라 현재 또는 장래에 회수하는 금전등이 결정되는 권리가 표시된 것으로서 금융위원회가 정하여 고시하는 기준에 따른 파생결합증권),제4조,0.95,금적립계좌|은적립계좌|기초자산|금|은|가격|금전|금융위원회|고시,2026-04-30
파생결합증권,정의함,LOGICAL,그 밖에 증권 및 장외파생상품에 대한 투자매매업의 인가를 받은 자가 투자자와 체결하는 계약에 따라 발행하는 파생결합증권으로서 금융위원회가 투자에 따른 위험과 손익의 구조 등을 고려하여 고시하는 파생결합증권,제4조,0.95,증권|장외파생상품|투자매매업|인가|투자자|계약|발행|위험|손익|구조|금융위원회|고시,2026-04-30
대통령령으로 정하는 경우,정의함,LOGICAL,투자중개업자가 따로 대가 없이 금융투자상품에 대한 투자판단,제7조제4항,0.9,대통령령으로 정하는 경우|투자중개업자|대가 없이|금융투자상품,2026-04-30
투자판단,정의함,LOGICAL,제6조제7항에 따른 투자판단,제6조제7항,0.95,투자판단|제6조제7항에 따른 투자판단,2026-04-30
투자자,입금/출금,ACTION,계좌,제72조,0.95,입금|출금|계좌,2026-04-30
투자자,자동 적용,ACTION,법적 효력,제72조,0.9,계좌 입금/출금 자동 적용|의사 표시 없이|법적 효력,2026-04-30
단기금융집합투자기구,매수 또는 매도,ACTION,집합투자증권,제229조제5호,0.9,매수|매도|집합투자증권,2026-04-30
단기금융집합투자기구,매수 또는 매도,ACTION,증권을 환매를 조건으로,제229조제5호,0.9,매수|매도|환매조건,2026-04-30
단기금융집합투자기구,체결한,ACTION,투자중개업자와의 약정,제229조제5호,0.85,체결|약정|투자중개업자,2026-04-30
단기금융집합투자기구,일임받은,ACTION,투자자로부터 권한,제229조제5호,0.85,일임|권한|투자자,2026-04-30
단기금융집합투자기구,일임받은,ACTION,증권을 환매를 조건으로 매수 또는 매도하는 권한,제229조제5호,0.85,일임|권한|환매조건|매수|매도,2026-04-30
단기금융집합투자기구,조건,LOGICAL,투자자 보호 및 건전한 금융거래질서를 해칠 염려가 없는 경우,제229조제5호,0.8,투자자 보호|건전한 금융거래질서,2026-04-30
금융위원회,정하여 고시하는,ACTION,조건,제229조제5호,0.8,정하기|고시|조건,2026-04-30
금융위원회,정하여 고시하는,ACTION,투자자 보호 및 건전한 금융거래질서를 해칠 염려가 없는 경우,제229조제5호,0.8,정하기|고시|투자자 보호|건전한 금융거래질서,2026-04-30
대통령령으로 정하는 경우,정의함,LOGICAL,국가 또는 지방자치단체가 공익을 위하여 관련 법령에 따라 금융투자상품을 매매하는 경우,제7조제6항제4호,0.95,정의|대통령령으로 정하는 경우,2026-04-30
대통령령으로 정하는 경우,정의함,LOGICAL,한국은행이 「한국은행법」,제7조제6항제4호,0.9,정의|대통령령으로 정하는 경우,2026-04-30
자,조작함,ACTION,공개시장,68,0.95,공개시장 조작|제68조에 따라,2026-04-30
제68조,상위조항,STRUCTURE,공개시장 조작,68,0.9,제68조에 따라|공개시장 조작,2026-04-30
환매조건부매도,정의함,LOGICAL,제81조제1항제1호에 따른 환매조건부매도 또는,제81조제1항제1호,0.95,환매조건부매도 정의|제81조제1항제1호에 따른 정의,2026-04-30
환매조건부매도,참조함,STRUCTURE,제81조제1항제1호,제81조제1항제1호,0.9,제81조제1항제1호 참조,2026-04-30
환매조건부매수,정의함,LOGICAL,환매조건부매매,제85조제3호나목,0.95,환매조건부매수|환매조건부매매,2026-04-30
환매조건부매수,참조함,STRUCTURE,제85조제3호나목,제85조제3호나목,0.9,환매조건부매수|제85조제3호나목,2026-04-30
나,정의함,LOGICAL,제10조제2항,제10조제2항,0.95,나,2026-04-30
자,정의함,LOGICAL,외국인(이에 준하는),제10조,0.95,정의|자|외국인,2026-04-30
자,정의함,LOGICAL,금융위원회가 정하여 고시하는 자,제10조제3항제4호ㆍ제12호,0.95,정의|자,2026-04-30
한국금융투자협회,정의함,LOGICAL,법,제283조,0.95,설립|법,2026-04-30
한국금융투자협회,근거함,STRUCTURE,제283조,제283조,0.9,제283조에 따라 설립된,2026-04-30
제286조제1항제5호,참조함,STRUCTURE,이 영,제286조제1항제5호,0.7,제286조제1항제5호|이 영,2026-04-30
외국 투자매매업자,정의함,LOGICAL,외국 법령에 따라 외국에서 투자 매매업에 상당하는 영업을 하는 자,제307조제 2항제5호의2,0.95,외국 투자매매업자|정의,2026-04-30
외국 투자매매업자,준용함,STRUCTURE,파생결합증권,제307조제 2항제5호의2,0.9,외국 투자매매업자|파생결합증권,2026-04-30
파생결합증권,요구함,ACTION,외국금융투자감독기관으로부터 감독을 받다,제437조제1항,0.95,감독|외국금융투자감독기관,2026-04-30
파생결합증권,요구함,ACTION,금융위원회가 정하여 고시하는 기준에 적합하다,제437조제1항,0.9,경영능력|재무상태|사회적 신용|기준,2026-04-30
신탁업자,제외함,ACTION,제103조제1호에 따른 특정금전신탁,제103조제1호,0.85,특정금전신탁|제외,2026-04-30
외국환업무취급기관,정의함,LOGICAL,외국 금융기관,제8조제5항,0.95,외국환업무취급기관|외국 금융기관,2026-04-30
외국 금융기관,준용함,STRUCTURE,같은 법,제8조제5항,0.9,외국 금융기관|같은 법,2026-04-30
외국 투자매매업자,정의함,LOGICAL,"국외에서 외국통화를 기초자산으로 하는 장외파생상품을 매매하거나, 투자매매업자를 상대방으로 하여 금융투자상품을 매매하거나, 투자중개업자를 통하여 금융투자상품의 매매를 중개ㆍ주선 또는 대리하는 행위",제9조제2항,0.9,외국 투자매매업자|장외파생상품|금융투자상품|외국통화,2026-04-30
외국 투자중개업자,정의함,LOGICAL,"국외에서 외국통화를 기초자산으로 하는 장외파생상품을 매매하거나, 투자매매업자를 상대방으로 하여 금융투자상품을 매매하거나, 투자중개업자를 통하여 금융투자상품의 매매를 중개ㆍ주선 또는 대리하는 행위",제9조제2항,0.9,외국 투자중개업자|장외파생상품|금융투자상품|외국통화,2026-04-30
제9조제2항,참조함,STRUCTURE,외국환중개회사를 통하여 외국통화를 기초자산으로 하는 장외파생상품을 매매,제9조제2항,0.8,제9조제2항|외국환중개회사|장외파생상품|외국통화,2026-04-30
외국 투자신탁,정의함,LOGICAL,제279조제1항에 따른 외국 투자신탁,제279조제1항,0.95,정의|외국 투자신탁,2026-04-30
외국 투자신탁,참조함,STRUCTURE,제279조제1항,제279조제1항,0.9,참조|제279조제1항,2026-04-30
외국 투자익명조합,정의함,LOGICAL,제 279조제1항에 따른 외국 투자익명조합,279조제1항,0.95,정의|제 279조제1항에 따른 외국 투자익명조합,2026-04-30
외국 투자익명조합,참조함,STRUCTURE,제 279조제1항,279조제1항,0.9,제 279조제1항에 따른,2026-04-30
외국 집합투자업자,정의함,LOGICAL,제279조제1항에 따른 외국 집합투자업자 정의,제279조제1항,0.95,정의|외국 집합투자업자,2026-04-30
외국 집합투자업자,참조함,STRUCTURE,제279조제1항,제279조제1항,0.9,참조|제279조제1항,2026-04-30
외국 투자회사등,정의함,LOGICAL,제279조제1항에 따른 외국 투자회사등,제279조제1항,0.95,정의|외국 투자회사등,2026-04-30
외국 집합투자증권,정의함,LOGICAL,외국 집합투자증권,제279조제1항,0.9,외국 집합투자증권,2026-04-30
외국 집합투자증권,참조함,STRUCTURE,제279조제1항,제279조제1항,0.95,제279조제1항 참조,2026-04-30
집합투자기구,요구함,ACTION,외국 집합투자증권,제279조제1항,0.95,집합투자기구|외국 집합투자증권,2026-04-30
외국 집합투자기구,정의함,LOGICAL,제279조제1항에 따른 외국 집합투자기구,제279조제1항,0.95,정의|제279조제1항에 따른 외국 집합투자기구,2026-04-30
외국 집합투자기구,참조함,STRUCTURE,제279조제1항,제279조제1항,0.95,제279조제1항,2026-04-30
집합투자재산,운용,ACTION,외화자산,제80조제1항제6호가목,0.95,운용|70% 이상,2026-04-30
외국 집합투자기구,요구함,ACTION,등록,제279조제1항,0.95,외국 집합투자기구|등록|의무,2026-04-30
외국 집합투자기구,준용함,STRUCTURE,제279조제1항,제279조제1항,0.9,제279조제1항|준용,2026-04-30
외국 투자자문업자,금지함,ACTION,투자권유 또는 투자광고,제18조제2항제1호,0.95,외국 투자자문업자|투자권유|투자광고,2026-04-30
외국 투자자문업자,허용함,ACTION,투자자문 업이나 투자일임업을 하는 경우,제18조제2항제1호,0.95,외국 투자자문업자|투자자문|투자일임업,2026-04-30
외국 투자자문업자,투자자문 업이나 투자일임업을 하는 경우,ACTION,국가,제18조제2항제1호,0.9,외국 투자자문업자|국가,2026-04-30
외국 투자자문업자,투자자문 업이나 투자일임업을 하는 경우,ACTION,한국은행,제18조제2항제1호,0.9,외국 투자자문업자|한국은행,2026-04-30
금융위원회,정의함,ACTION,자,제10조제3항제4호ㆍ제12호,0.9,정의|자,2026-04-30
자문에 응하는 경우,정의함,LOGICAL,금융투자상품등의 가치나 그 금융투자상품등에 대 한 투자판단에 관한 자문에 응하는 경우,제6조제7항,0.85,자문에 응하는 경우|금융투자상품등의 가치,2026-04-30
집합투자기구평가회사,정의함,LOGICAL,법,제258조,0.95,집합투자기구평가회사|법,2026-04-30
집합투자기구평가회사,참조함,STRUCTURE,제258조,제258조,0.9,집합투자기구평가회사|제258조,2026-04-30
전문가,요구함,ACTION,자문용역,263,0.9,자문용역|전문가|의무,2026-04-30
전문가,제공함,ACTION,자문용역,263,0.95,자문용역|전문가,2026-04-30
전문가,제공함,ACTION,분석정보,263,0.85,전문가|분석정보,2026-04-30
전문가,제공함,ACTION,부동산 자문,263,0.8,부동산 자문|전문가,2026-04-30
한국예탁결제원,설립,STRUCTURE,제294조,제294조,0.95,제294조에 따라 설립,2026-04-30
한국예탁결제원,수탁,ACTION,증권,제294조,0.95,수탁,2026-04-30
한국예탁결제원,보관ㆍ관리,ACTION,증권,제294조,0.95,보관|관리,2026-04-30
한국예탁결제원,발행,ACTION,수익증권,제294조,0.95,수익증권 발행,2026-04-30
종합투자계좌업무,참조함,STRUCTURE,제77조의6제1항제3호,제77조의6제1항제3호,0.92,종합투자계좌업무|제77조의6제1항제3호,2026-04-30
신탁법,요구함,ACTION,구분관리,제77조의6제3항제2호,0.95,구분관리|신탁법,2026-04-30
구분관리,준용함,STRUCTURE,제77조의6제3항제2호,제77조의6제3항제2호,0.9,구분관리|제77조의6제3항제2호,2026-04-30
신탁자,요구함,ACTION,신탁을 설정,제3조제1항제3호,0.95,신탁 설정|자신을 수탁자로 하는 신탁,2026-04-30
신탁자,참조함,STRUCTURE,제3조제1항제3호,제3조제1항제3호,0.9,제3조제1항제3호에 따라,2026-04-30
해당 호,보지 아니한다,ACTION,금융투자업,제7조제6항,0.95,금융투자업|보지 아니한다,2026-04-30
해당 호,근거함,STRUCTURE,제7조제6항,제7조제6항,0.9,제7조제6항에 따라,2026-04-30
투자중개업,정의함,LOGICAL,제7조제6항제1호,제7조제6항제1호,0.85,투자중개업 정의|제7조제6항제1호,2026-04-30
투자매매업,정의함,LOGICAL,3. 법,제7조제6항제2호,0.95,투자매매업 정의|법적 정의,2026-04-30
투자매매업 또는 투자중개업,정의함,LOGICAL,제7조제6항제3호,제7조제6항제3호,0.95,투자매매업|투자중개업,2026-04-30
금융투자업,정의함,LOGICAL,"다음 각 목의 금융투자업 가. 제4항제1호부터 제3호까지, 제5호의2 및 제5호의3: 투자매매업 나. 제4항제4호: 투자중개업 다. 제4항제5호, 제6호 및 제6호의2: 투자매매업 또는 투자중개업 라. 제4항제7호: 투자자문업 또는 투자일임업 마. 제4항제8호 및 제9호: 투자자문업 바. 제4항제10호: 투자자문업 또는 투자일임업 사. 제4항제11호: 신탁업 아. 제4항제12호: 신탁업",제7조제6항제4호,0.95,금융투자업 정의|금융투자업 종류,2026-04-30
적용범위,정의함,LOGICAL,법,제7조의2,0.95,적용범위|법,2026-04-30
대통령령으로 정하는 금융기관 등,정의함,LOGICAL,"한국산업은행, 중소기업은행, 한국수출입은행, 증권금융회사, 종합금융회사, 자금중개회사, 외국환중개회사, 한국주택금융공사, 기타 금융위원회가 정하여 고시하는 금융기관 등",제8조제9항제3호,0.95,정의|금융기관,2026-04-30
이동,정의함,LOGICAL,제24조,제24조,0.95,이동 정의,2026-04-30
종전,정의함,LOGICAL,제24조,제24조,0.95,종전 정의,2026-04-30
적용범위,정의함,LOGICAL,제7조의2에 정의된 내용,제7조의2,0.9,적용범위,2026-04-30
제7조의2,상위조항,STRUCTURE,제7조,제7조의2,0.8,제7조,2026-04-30
금융투자상품시장,근거함,STRUCTURE,법,제7조의3,0.6,금융투자상품시장|법,2026-04-30
대통령령으로 정하는 증권,정의함,LOGICAL,주권과 관련된 증권예탁증권으로서 증권시장에 상장된 것,제8조의2제5항,0.95,정의|증권|주권|증권예탁증권|상장,2026-04-30
대통령령으로 정하는 증권,정의함,LOGICAL,법,제81조제1항제1호,0.95,정의|대통령령으로 정하는 증권,2026-04-30
상장지수집합투자기구,포함,ACTION,파생결합증권,제234조,0.95,집합투자증권|파생결합증권,2026-04-30
상장지수집합투자기구,포함,ACTION,총리령으로 정하는 증권,제234조,0.9,집합투자증권|총리령|공정한 가격 형성|거래의 효율성,2026-04-30
상장지수집합투자기구,예외로함,LOGICAL,금융위원회가 정하여 고시하는 파생결합증권,제234조,0.9,금융위원회|파생결합증권|예외,2026-04-30
대통령령으로 정하는 기준을 넘지 아니하는 경우,정의함,LOGICAL,다음 각 호의 요건을 모두 충족하는 경우,제8조의2제5항제1호,0.95,정의|요건 충족,2026-04-30
매매체결대상상품,정의함,LOGICAL,제4조제2항에 따른 증권의 구분별로 과거 6개월간 해당 다자간매매체결회사의 경쟁 매매의 방법을 통한 매매체결대상상품(법,제4조제2항,0.9,매매체결대상상품|제4조제2항에 따른 증권의 구분별,2026-04-30
매매체결대상상품,정의함,LOGICAL,제8조의2제5항 각 호 외의 부분에 따른 매매체결대상상품,제8조의2제5항,0.9,매매체결대상상품|제8조의2제5항,2026-04-30
평균거래량,정의함,LOGICAL,매매가 체결된 매매체결대상상품의 총수량을 매매가 이루어진 일수로 나눈 것,제8조의2제5항,0.95,평균거래량|매매체결대상상품,2026-04-30
매매체결대상상품,제한,ACTION,평균거래량,제78조,0.9,거래량 제한|15% 이하,2026-04-30
대통령령으로 정하는 방법,정의함,LOGICAL,매매체결대상상품의 종목별로 매도자와 매수자 간 호가가 일치하는 경우 그 가격으로 매매거래를 체결하는 방법,제8조의2제5항제3호,0.95,대통령령으로 정하는 방법|매매거래 체결 방법,2026-04-30
제7조의2,정의함,LOGICAL,2016. 7. 28.,제7조의2,0.7,수정|시행일,2026-04-30
제8조,삭제함,STRUCTURE,법령,제8조,0.95,삭제|제8조,2026-04-30
제9조,삭제함,ACTION,법령,9,0.95,삭제|제9조,2026-04-30
전문투자자,정의함,LOGICAL,정의된 개념,제10조,0.9,전문투자자|정의,2026-04-30
대통령령으로 정하는 자,정의함,LOGICAL,전문투자자,제9조제5항,0.99,정의|대통령령으로 정하는 자|전문투자자,2026-04-30
대통령령으로 정하는 자,예외로함,LOGICAL,국가,제9조제5항,0.95,예외|국가,2026-04-30
대통령령으로 정하는 자,예외로함,LOGICAL,한국은행,제9조제5항,0.95,예외|한국은행,2026-04-30
대통령령으로 정하는 자,예외로함,LOGICAL,제2항제1호부터 제17호까지의 어느 하나에 해당하는 자,제9조제5항,0.95,예외|제2항제1호부터 제17호까지,2026-04-30
대통령령으로 정하는 자,예외로함,LOGICAL,제3항제1호부터 제11호까지의 어느 하나에 해당하는 자,제9조제5항,0.95,예외|제3항제1호부터 제11호까지,2026-04-30
대통령령으로 정하는 자,예외로함,LOGICAL,제3항제18호가목부터 다목까지의 어느 하나에 해당하는 자,제9조제5항,0.95,예외|제3항제18호가목부터 다목까지,2026-04-30
대통령령으로 정하는 자,예외로함,LOGICAL,제3호 및 제4호에 준하는 외국인,제9조제5항,0.95,예외|제3호 및 제4호에 준하는 외국인,2026-04-30
대통령령으로 정하는 금융기관,정의함,LOGICAL,은행,제263조제2항제3호,1.0,정의|금융기관,2026-04-30
대통령령으로 정하는 금융기관,정의함,LOGICAL,한국산업은행,제263조제2항제3호,1.0,정의|금융기관,2026-04-30
대통령령으로 정하는 금융기관,정의함,LOGICAL,중소기업은행,제263조제2항제3호,1.0,정의|금융기관,2026-04-30
대통령령으로 정하는 금융기관,정의함,LOGICAL,한국수출입은행,제9조제5항제3호,0.95,정의|금융기관,2026-04-30
대통령령으로 정하는 금융기관,정의함,LOGICAL,농업협동조합중앙회,제9조제5항제3호,0.95,정의|금융기관,2026-04-30
대통령령으로 정하는 금융기관,정의함,LOGICAL,수산업협동조합중앙회,제9조제5항제3호,0.95,정의|금융기관,2026-04-30
대통령령으로 정하는 금융기관,정의함,LOGICAL,보험회사,제263조제2항제3호,1.0,정의|금융기관,2026-04-30
대통령령으로 정하는 금융기관,정의함,LOGICAL,금융투자업자,제263조제2항제3호,1.0,정의|금융기관,2026-04-30
겸영금융투자업자,정의함,LOGICAL,제8조제9항에 따른,제8조제9항,0.9,겸영금융투자업자 정의,2026-04-30
자금중개회사,정의함,LOGICAL,인증을 받은 자금중개회사,제355조제1항,0.95,자금중개회사|인증,2026-04-30
대통령령으로 정하는 자,정의함,LOGICAL,다음 각 호의 자,제9조제5항제5호,0.95,정의|대통령령으로 정하는 자|다음 각 호의 자,2026-04-30
제12호부터 제17호까지의 자,예외로함,LOGICAL,대통령령으로 정하는 자,제9조제5항제5호,0.9,예외|제12호부터 제17호까지의 자|금융투자업자|장외파생상품 거래,2026-04-30
전자등록기관,정의함,LOGICAL,제2조제6호에 따른 전자등록기관,Unknown,0.85,전자등록기관|제2조제6호,2026-04-30
전자등록기관,참조함,STRUCTURE,제2조제6호,Unknown,0.85,제2조제6호,2026-04-30
전문기관,정의함,LOGICAL,"전자등록기관, 거래소, 금융감독원, 집합투자기구, 신용보증기금, 기술보증기금, 기금 및 그 기금을 관리·운용하는 법인, 공제사업을 경영하는 법인, 지방자치단체, 해외 증권시장에 상장된 주권을 발행한 국내법인",Unknown,0.7,전문기관|목록,2026-04-30
법인 또는 단체,요구함,ACTION,관련 자료를 제출할 것,Unknown,0.75,관련 자료 제출|금융위원회,2026-04-30
법인 또는 단체,요구함,ACTION,금융투자상품 잔고 100억원 이상,Unknown,0.75,금융투자상품 잔고|100억원,2026-04-30
법인 또는 단체,요구함,ACTION,관련 자료 제출 후 2년 이내,Unknown,0.75,2년 이내,2026-04-30
개인,예외로함,LOGICAL,외국인인 개인,Unknown,0.6,외국인인 개인|조세특례제한법,2026-04-30
개인,정의함,LOGICAL,개인종합자산관리계좌에 가입한 거주자인 개인,제91조의18제1항,0.95,개인|개인종합자산관리계좌에 가입한 거주자인 개인,2026-04-30
금융투자업자,제출,ACTION,관련 자료,제98조제1항제4호의2,0.95,관련 자료 제출|금융투자업자,2026-04-30
금융투자업자,보유한 경험이 있을 것,ACTION,금융투자상품 월말 평균잔고 5천만원 이상 보유 경험,제98조제1항제4호의2,0.9,보유 경험|금융투자상품|5천만원 이상,2026-04-30
금융투자업자,충족할 것,ACTION,소득액ㆍ자산 기준 및 금융 관련 전문성 요건,제98조제1항제4호의2,0.9,소득액 기준|자산 기준|전문성 요건,2026-04-30
외국인,가입함,ACTION,개인종합자산관리계좌,제91조의18제1항,0.95,개인종합자산관리계좌|외국인,2026-04-30
투자일임업자와 투자일임계약을 체결하는 경우,제외함,ACTION,제98조제1항제4호의2 및 같은 조 제2항,제98조제1항제4호의2,0.95,투자일임업자|투자일임계약,2026-04-30
증권의 모집ㆍ매출,정의함,LOGICAL,법,제11조,0.8,증권의 모집ㆍ매출 정의|법,2026-04-30
자,제외한다,ACTION,합산 대상자,제9조제7항 및 제9항,0.95,합산 대상자 제외|자,2026-04-30
전문가,예외로함,LOGICAL,합산 대상자,제9조제7항 및 제9항,0.9,전문가|합산 대상자 제외,2026-04-30
전문투자자,예외로함,LOGICAL,합산 대상자,제9조제7항 및 제9항,0.9,전문투자자|합산 대상자 제외,2026-04-30
회계법인,예외로함,LOGICAL,합산 대상자,제9조제7항 및 제9항,0.9,회계법인|합산 대상자 제외,2026-04-30
신용평가회사,예외로함,LOGICAL,합산 대상자,제9조제7항 및 제9항,0.9,신용평가회사|합산 대상자 제외,2026-04-30
신용평가업인가를 받은 자,정의함,LOGICAL,"발행인에게 회계, 자문 등의 용역을 제공하고 있는 공인회계사ㆍ감정인ㆍ변호사ㆍ변리사ㆍ세무사 등 공인된 자격증을 가지고 있는 자",335조의3,0.95,공인회계사|감정인|변호사|변리사|세무사|회계용역|자문용역,2026-04-30
신용평가업인가를 받은 자,정의함,LOGICAL,그 밖에 발행인의 재무상황이나 사업내용 등을 잘 알 수 있는 전문가로서 금융위원회가 정하여 고시하는 자,335조의3,0.9,전문가|금융위원회|고시,2026-04-30
연고자,정의함,LOGICAL,발행인의 최대주주,335조의3,0.85,연고자|최대주주|발행인,2026-04-30
신용평가업인가를 받은 자,정의함,LOGICAL,연고자,335조의3,0.8,연고자,2026-04-30
최대주주,정의함,LOGICAL,발행주식 총수의 100분의 5 이상을 소유한 주주,제2조제6호가목,0.95,최대주주 정의|5% 소유,2026-04-30
금융회사,정의함,LOGICAL,법인,제2조제6호가목,0.95,금융회사 정의|법인,2026-04-30
발행주식(출자지분을 포함한다. 이하 같다),정의함,LOGICAL,발행주식,제2조제6호가목,0.95,발행주식 정의|출자지분 포함,2026-04-30
최대주주,참조함,STRUCTURE,제2조제6호가목,제2조제6호가목,0.9,제2조제6호가목 참조,2026-04-30
자,정의함,LOGICAL,우리사주조합원,제401조의2제1항,0.95,자|우리사주조합원,2026-04-30
자,정의함,LOGICAL,발행인의 계열회사와 그 임원,제401조의2제1항,0.95,자|발행인의 계열회사와 그 임원,2026-04-30
자,정의함,LOGICAL,주권비상장법인 주주,제401조의2제1항,0.95,자|주권비상장법인 주주,2026-04-30
자,정의함,LOGICAL,국내 계열회사의 임직원,제401조의2제1항,0.95,자|국내 계열회사의 임직원,2026-04-30
자,정의함,LOGICAL,발기인,제401조의2제1항,0.95,자|발기인,2026-04-30
자,정의함,LOGICAL,연고자,제401조의2제1항,0.95,자|연고자,2026-04-30
한국거래소,정의함,LOGICAL,거래소허가를 받은 것,제15조제1항,0.95,한국거래소|거래소허가,2026-04-30
한국거래소,참조함,STRUCTURE,제15조제1항,제15조제1항,0.9,제15조제1항,2026-04-30
코넥스시장,정의함,LOGICAL,증권시장,제2조,0.99,코넥스시장|증권시장,2026-04-30
제178조제1항제2호,상위조항,STRUCTURE,제178조제1항,제178조제1항제2호,0.8,하위항|상위항,2026-04-30
장외매매거래가 이루어지는 지분증권,참조함,STRUCTURE,제178조의2,제178조의2,0.95,장외매매거래|지분증권|제178조의2,2026-04-30
장외매매거래가 이루어지는 지분증권,해당함,LOGICAL,각 호의 어느 하나에 해당하는 자,제178조의2,0.95,장외매매거래|지분증권|각 호의 어느 하나에 해당하는 자,2026-04-30
자,제외함,ACTION,합산 대상자,제178조의2,0.95,합산 대상자 제외|장외매매거래,2026-04-30
자,근거함,STRUCTURE,제178조의2,제178조의2,0.9,제178조의2|장외매매거래,2026-04-30
금융위원회,정의함,LOGICAL,전매기준,제6조제1항,0.9,전매기준|정의,2026-04-30
금융위원회,정하여 고시한다,ACTION,전매기준,제6조제1항,0.95,전매기준|고시,2026-04-30
삭제,정의함,LOGICAL,제12조,제12조,0.85,삭제|제12조,2026-04-30
외국법인등의 범위,정의함,LOGICAL,법,13,0.6,외국법인등의 범위|법,2026-04-30
대통령령으로 정하는 국제기구,정의함,LOGICAL,조약에 따라 설립된 국제 기구,제9조제16항제5호,0.99,정의|국제기구,2026-04-30
대통령령으로 정하는 자,정의함,LOGICAL,"외국 법령에 따라 설정ㆍ감독하거나 관리되고 있는 기금이나 조합; 외국 정부, 외국 지방자치단체 또는 외국 공공단체에 의하여 설정ㆍ감독하거나 관리되고 있는 기금이나 조합; 조약에 따라 설립된 국제기구에 의하여 설정ㆍ감독하거나 관리되고 있는 기금이나 조합",제9조제16항제6호,0.95,정의|대통령령으로 정하는 자|기금|조합,2026-04-30
사모집합투자기구,정의함,LOGICAL,법,제14조,0.5,사모집합투자기구|법,2026-04-30
대통령령으로 정하는 투자자,정의함,LOGICAL,투자자(다음 각 호에 해당하지 않는 투자자),제9조제19항,0.95,정의|대통령령으로 정하는 투자자,2026-04-30
자,정의함,LOGICAL,각 호의 어느 하나에 해당하는 자 2,제10조제1항,0.95,자|각 호의 어느 하나에 해당하는 자 2,2026-04-30
고시자,정하는,LOGICAL,제10조제3항제12호ㆍ제13호에 해당하는 자 중 금융위원회가 정하여 고시하는 자,제10조제3항제12호ㆍ제13호,0.97,고시자|정하는|제10조제3항제12호ㆍ제13호에 해당하는 자 중 금융위원회가 정하여 고시하는 자,2026-04-30
사모집합투자기구,요구함,ACTION,투자자 수를 합산한 수,제9조제19항,0.95,투자자 총수|합산,2026-04-30
투자자 총수,정의함,LOGICAL,투자자 수를 합산한 수,제9조제19항,0.95,투자자 총수|합산,2026-04-30
집합투자기구,금지함,ACTION,투자금액 합산이 자산총액의 80%를 초과하는 경우,제80조제1항제5호의2,0.95,투자금액 합산|자산총액|80% 초과,2026-04-30
투자금액 합산,정의함,LOGICAL,자산총액의 80% 초과 여부를 판단하는 금액,제80조제1항제5호의2,0.85,투자금액 합산|자산총액|80% 초과,2026-04-30
그 다른 집합투자기구,더해야 한다,ACTION,투자자 수,제49조의3제1항,0.95,투자자 수 합산|투자자 수,2026-04-30
그 다른 집합투자기구,취득한다,ACTION,그 집합투자기구의 집합투자증권 발행총수의 100분의 10 이상,제49조의3제1항,0.9,투자자 수 합산|취득,2026-04-30
기관전용 사모집합투자기구,정의함,LOGICAL,법,제9조제19항제1호,0.95,정의|법,2026-04-30
무한책임사원 및 유한책임사원,정의함,LOGICAL,무한책임사원 및 같은 조 제6항 각 호에 따른 유한책임사원,제249조,0.95,정의|법,2026-04-30
무한책임사원 및 유한책임사원,참조함,STRUCTURE,제11조 제1항,제249조,0.9,참조|의11제1항,2026-04-30
무한책임사원 및 유한책임사원,참조함,STRUCTURE,제6조,제249조,0.9,참조|제6조,2026-04-30
일반 사모집합투자기구,정의함,LOGICAL,법,제9조제19항제2호,0.95,정의|법,2026-04-30
집합투자업자,요구함,ACTION,그 증권 발행총수의 100분의 10 미만을 취득한 다른 집합투자기구의 투자자 수를 더한다,제249조의2,0.95,투자자 수 합산|집합투자업자 의무,2026-04-30
투자자 수 합산,정의함,LOGICAL,해당 둘 이상의 다른 집합투자기구가 그 집합투자기구의 집합투자증권 발행총수 의 100분의 30 이상을 취득,제249조의2,0.9,투자자 수 합산|조건 정의,2026-04-30
여유자금의 효율적 운용을 위한 취득,예외로함,LOGICAL,해당 둘 이상의 다른 집합투자기구가 그 집합투자기구의 집합투자증권 발행총수 의 100분의 30 이상을 취득,제249조의2,0.85,예외|여유자금 효율적 운용,2026-04-30
청산대상업자 및 청산대상거래,정의함,LOGICAL,법,제14조의2,0.9,청산대상업자|청산대상거래,2026-04-30
대통령령으로 정하는 자,정의함,LOGICAL,국가,제147조제1항,0.98,정의|대통령령|국가,2026-04-30
대통령령으로 정하는 자,정의함,LOGICAL,한국은행,제147조제1항,0.98,정의|대통령령|한국은행,2026-04-30
대통령령으로 정하는 자,상위조항,STRUCTURE,제9조제25항,제9조제25항,0.9,대통령령으로 정하는 자|제9조제25항,2026-04-30
자,정의함,LOGICAL,제10조제2항제1호부터 제7호까지 및 제9호의 어느 하나에 해당하는 자,제10조제2항제1호부터 제7호까지 및 제9호,0.95,자|정의,2026-04-30
자,정의함,LOGICAL,"제10조제3항제1호ㆍ제2호, 제10호부터 제12호까지 및 제18호가목부터 다목까지의 어느 하나에 해당하는 자","제10조제3항제1호ㆍ제2호, 제10호부터 제12호까지 및 제18호가목부터 다목까지의 어느 하나에 해당하는 자 5.",0.95,정의|자,2026-04-30
외국 금융투자업자,정의함,LOGICAL,총리령으로 정하는 자,제12조제2항제1호나목,0.95,정의,2026-04-30
외국 금융투자업자,상위조항,STRUCTURE,제12조제2항제1호나목,제12조제2항제1호나목,0.9,상위조항,2026-04-30
대통령령으로 정하는 금융투자상품의 거래,정의함,LOGICAL,장외파생상품의 거래,제9조제25항,0.95,정의|금융투자상품의 거래|장외파생상품의 거래,2026-04-30
대통령령으로 정하는 금융투자상품의 거래,정의함,LOGICAL,법,제9조제25항,0.9,정의|금융투자상품의 거래|법,2026-04-30
증권의 장외거래,정의함,LOGICAL,환매조건부매매,166조,0.95,증권의 장외거래 정의|환매조건부매매,2026-04-30
증권의 장외거래,정의함,LOGICAL,증권의 대차거래,166조,0.95,증권의 장외거래 정의|증권의 대차거래,2026-04-30
증권의 장외거래,정의함,LOGICAL,채무증권의 거래(가목 및 나목에 따른 거래는 제외한다),166조,0.95,증권의 장외거래 정의|채무증권의 거래,2026-04-30
증권의 장외거래,정의함,LOGICAL,수탁자인 투자중개업자와 위탁자인 금융투자업자 또는 제1항 각 호의 어느 하나에 해당하는 자 간의 증권시장에 상장된 증권 중 채무증권을 제외한 증권의 위탁매매거래,166조,0.95,증권의 장외거래 정의|위탁매매거래,2026-04-30
청산대상 업자,정의함,LOGICAL,수탁자인 투자중개업자와 위탁자인 금융투자업자 또는 제1항 각 호의 어느 하나에 해당하는 자,166조,0.95,청산대상 업자 정의|수탁자|위탁자,2026-04-30
채무증권의 거래,예외로함,LOGICAL,가목 및 나목에 따른 거래,166조,0.9,채무증권의 거래 예외|가목 및 나목 거래,2026-04-30
신용평가의 대상,정의함,LOGICAL,법,제14조의3,0.85,신용평가의 대상 정의,2026-04-30
온라인소액투자중개를 통한 증권 발행의 방법,정의함,LOGICAL,법,제14조의4,0.9,온라인소액투자중개를 통한 증권 발행의 방법|법,2026-04-30
대통령령으로 정하는 방법,정의함,LOGICAL,온라인소액투자중개업자의 인터넷 홈페이지 및 애플리케이션 등 가상 공간,제9조제27항,0.95,대통령령으로 정하는 방법|온라인소액투자중개업자|인터넷 홈페이지|애플리케이션|가상 공간,2026-04-30
법,정의함,LOGICAL,게재한 사 항,제117조의10제2항,0.9,게재한 사 항|제117조의10제2항에 따라,2026-04-30
게재한 사 항,참조함,STRUCTURE,제117조의10제2항,제117조의10제2항,0.8,제117조의10제2항에 따라,2026-04-30
법,준용함,STRUCTURE,제117조의10제2항,제117조의10제2항,0.85,제117조의10제2항에 따라,2026-04-30
증권발행방법,정의함,LOGICAL,"온라인소액증권발행인과 투자자 간, 투자자 상호 간에 해당 인터넷 홈페이지에서 의견의 교환이 이루어질 수 있도록 한 후에 채무증권, 지분증권 또는 투자계약증권을 발행하는 방법",제117조의7제3항,0.95,증권발행방법 정의,2026-04-30
증권발행방법,상위조항,STRUCTURE,제117조의7제3항,제117조의7제3항,0.9,제117조의7제3항 준용,2026-04-30
중개,정의함,LOGICAL,새로 발행되는 증권에 대하여 온라인소액증권발행인을 위하여 다음 각 호의 어느 하나에 해당하는 행위를 하는 것으로 한다.,제9조제27항,0.95,중개|새로 발행되는 증권|온라인소액증권발행인|투자자|청약|권유|분담|전달,2026-04-30
중개,권유함,ACTION,투자자에게 그 증권의 취득에 관한 청약을 권유하는 행위,제9조제27항,0.9,중개|투자자|청약|권유,2026-04-30
중개,분담함,ACTION,제1호의 행위 외에 직접 또는 간접으로 온라인소액증권발행인과 그 증권의 모집 또는 사모를 분담하는 행위,제9조제27항,0.85,중개|온라인소액증권발행인|분담|모집|사모,2026-04-30
중개,전달함,ACTION,투자자로부터 그 증권의 취득에 관한 청약을 받아 온라인소액증권발행인에게 전달하는 행위,제9조제27항,0.9,중개|투자자|청약|전달|온라인소액증권발행인,2026-04-30
온라인소액증권발행인,정의함,LOGICAL,법,제118조의16,0.85,온라인소액증권발행인|법,2026-04-30
주권상장법인,정의함,LOGICAL,제9조제15항제3호에 따른 주권상장법인,제9조제15항제3호,0.95,정의|제9조제15항제3호,2026-04-30
주권상장법인,예외로함,LOGICAL,코넥스시장에 주권을 신규로 상장한 법인으로서 그 상장일부터 3년이 경과하지 않은 법인,제9조제15항제3호,0.9,예외|코넥스시장|3년이 경과하지 않은,2026-04-30
제119조,근거함,STRUCTURE,법,119,0.4,제119조,2026-04-30
업종,정의함,LOGICAL,"다음 각 목의 어느 하나에 해당하는 업종(금융 및 보험업, 부동산업, 일반 유흥주점업, 무도 유흥주점업 및 기타 주점업, 무도장 운영업, 그 밖에 다수의 일반투자자로부터 자금을 조달하는 것이 바람직하지 않은 업종)으로서, 제130조에 따른 방식으로 증권의 모집 또는 매출을 한 실적이 없는 법인 2가 하는 업종",130,0.95,업종 정의,2026-04-30
업종,예외로함,LOGICAL,창업기업(중소기업창업 지원법에 따른 창업 기업)으로서 금융위원회가 정하여 고시하는 업종,130,0.9,업종 예외,2026-04-30
그 밖에 대통령령으로 정하는 요건에 부합하는 자,정의함,LOGICAL,다음 각 호의 어느 하나에 해당 하는 자,제9조제27항제2호,0.95,정의|요건,2026-04-30
그 밖에 대통령령으로 정하는 요건에 부합하는 자,예외로함,LOGICAL,주권상장법인,제9조제27항제2호,0.9,예외|제외,2026-04-30
벤처기업,참조함,STRUCTURE,벤처기업육성에 관한 특별법,제9조제27항제2호,0.85,법률|참조,2026-04-30
벤처투자 촉진에 관한 법률,정의함,LOGICAL,제2조에 따른 중소기업으로서 다음 각 목의 요건을 모두 충족하는 자,제2조,0.99,벤처투자 촉진|제2조에 따른 중소기업|요건을 모두 충족하는 자,2026-04-30
중소기업,요구함,ACTION,금융위원회가 정하여 고시하는 분야와 관련된 사업을 할 것,제37조제1항제6호,0.95,투자 대상 사업|금융위원회 고시 분야,2026-04-30
중소기업,요구함,ACTION,금융위원회가 정하여 고시하는 기준을 갖출 것,제37조제1항제6호,0.95,가목에 따른 사업|금융위원회 고시 기준,2026-04-30
중소기업,정의함,LOGICAL,제2조에 따른 중소기업,제2조,0.95,제2조에 따른 중소기업 정의,2026-04-30
중소기업,참조함,STRUCTURE,제2조,제2조,0.9,제2조 참조,2026-04-30
중소기업,근거함,STRUCTURE,사회적기업 육성법,제2조,0.85,사회적기업 육성법,2026-04-30
사회적기업에 해당하는 자,정의함,LOGICAL,제2조제1호에 따른,제2조제1호,0.9,정의|제2조제1호,2026-04-30
사회적기업에 해당하는 자,참조함,STRUCTURE,제2조,제2조제1호,0.95,참조|제2조,2026-04-30
법,정의함,LOGICAL,법,제125조제1항,0.95,법,2026-04-30
대통령령으로 정하는 업무 단위,정의함,LOGICAL,별표 1,제12조제1항,0.95,정의함|대통령령으로 정하는 업무 단위,2026-04-30
대통령령으로 정하는 것,정의함,LOGICAL,채무증권,제12조제1항제2호,0.95,대통령령으로 정하는 것|정의,2026-04-30
대통령령으로 정하는 것,정의함,LOGICAL,지방채증권,제12조제1항제2호,0.95,대통령령으로 정하는 것|정의,2026-04-30
대통령령으로 정하는 것,정의함,LOGICAL,법,제12조제1항제2호,0.95,대통령령으로 정하는 것|정의,2026-04-30
특수채증권,정의함,LOGICAL,"지분증권(집합투자증권 제외), 상장주권, 수익증권(집합투자증권 제외), 집합투자증권",제4조제3항,0.95,특수채증권 정의|지분증권|상장주권|수익증권|집합투자증권,2026-04-30
수익증권,예외로함,LOGICAL,집합투자증권,제4조제3항,0.9,수익증권 예외|집합투자증권 제외,2026-04-30
증권법,정의함,LOGICAL,제181조제1항제1호에 따른 증권법,제181조제1항제1호,0.85,증권법|제181조제1항제1호,2026-04-30
대통령령으로 정하는 것,정의함,LOGICAL,주권 외의 것을 기초자산으로 하는 파생상품,제12조제1항제2호,0.97,대통령령으로 정하는 것|파생상품 정의,2026-04-30
대통령령으로 정하는 것,정의함,LOGICAL,통화ㆍ이자율을 기초자산으로 하는 파생상품,제12조제1항제2호,0.97,대통령령으로 정하는 것|파생상품 정의,2026-04-30
제16조(인가요건 등),근거함,STRUCTURE,법,16,0.6,법|제16조,2026-04-30
대통령령으로 정하는 금융기관,정의함,LOGICAL,다음 각 호의 어느 하나에 해당하는 금융기관,제12조제2항제1호가,0.99,정의|대통령령|금융기관,2026-04-30
대통령령으로 정하는 금융기관,참조함,STRUCTURE,한국산업은행법,제12조제2항제1호가,0.95,법|한국산업은행,2026-04-30
대통령령으로 정하는 금융기관,참조함,STRUCTURE,중소기업은행법,제12조제2항제1호가,0.95,법|중소기업은행,2026-04-30
대통령령으로 정하는 금융기관,참조함,STRUCTURE,한국수출입은행법,제12조제2항제1호가,0.95,법|한국수출입은행,2026-04-30
대통령령으로 정하는 금융기관,참조함,STRUCTURE,농업협동조합법,제12조제2항제1호가,0.95,법|농업협동조합중앙회|농협은행,2026-04-30
대통령령으로 정하는 금융기관,참조함,STRUCTURE,수산업협동조합법,제12조제2항제1호가,0.95,법|수산업협동조합중앙회|수협은행,2026-04-30
대통령령으로 정하는 금융기관,참조함,STRUCTURE,은행법,제12조제2항제1호가,0.95,법|외국은행의 국내지점,2026-04-30
대통령령으로 정하는 금융기관,참조함,STRUCTURE,보험업법,제12조제2항제1호가,0.95,법|외국보험회사의 국내지점,2026-04-30
대통령령으로 정하는 금융기관,참조함,STRUCTURE,금융위원회가 정하여 고시하는 금융기관,제12조제2항제1호가,0.95,금융위원회|고시,2026-04-30
외국 금융투자업자,요구함,ACTION,요건,제12조제2항제1호나목,0.95,요건|적합,2026-04-30
외국 금융투자업자,요구함,ACTION,국제적으로 인정되는 감독기준,제12조제2항제1호나목,0.9,감독기준|국제적 인정,2026-04-30
외국 금융투자업자,정의함,LOGICAL,"""외국 금융투자업자""",제12조제2항제1호나목,0.99,정의,2026-04-30
외국 금융투자업자,참조함,STRUCTURE,제12조제2항제1호나목,제12조제2항제1호나목,0.9,참조,2026-04-30
대통령령으로 정하는 금액,정의함,LOGICAL,별표 1,제12조제2항제2호,0.95,정의함|대통령령으로 정하는 금액과 별표 1의 동일성,2026-04-30
사업계획,요구함,ACTION,수지전망이 타당하고 실현가능성이 있을 것,제12조제2항제3호,0.95,사업계획|수지전망|실현가능성,2026-04-30
사업계획,요구함,ACTION,위험관리와 금융사고 예방 등을 위한 적절한 내부통제장치가 마련되어 있을 것,제12조제2항제3호,0.95,사업계획|위험관리|내부통제장치,2026-04-30
사업계획,요구함,ACTION,투자자 보호에 적절한 업무방법을 갖출 것(집합투자증권에 대한 투자매매업ㆍ투자중개업 인가의 경우에는 해당 신청인의 자기자본 적정성 등을 고려하여 집합투자증권의 매매ㆍ중개와 관련된 손해의 배상을 보장하기 위한 보 험에의 가입을 포함한다),제12조제2항제3호,0.95,사업계획|투자자 보호|업무방법|내부통제,2026-04-30
사업계획,요구함,ACTION,법령을 위반하지 아니하고 건전한 금융거래질서를 해칠 염려가 없을 것,제12조제2항제3호,0.95,사업계획|법령|금융거래질서,2026-04-30
사업계획,요구함,ACTION,요건,제12조제2항제3호,0.95,사업계획|요건,2026-04-30
금융투자업자,요구함,ACTION,전산설비,제286조제1항제3호,0.95,전산설비,2026-04-30
금융투자업자,요구함,ACTION,보안설비,제286조제1항제3호,0.9,보안설비,2026-04-30
금융투자업자,요구함,ACTION,보완설비,제286조제1항제3호,0.9,보완설비,2026-04-30
금융투자업자,요구함,ACTION,전산요원,제286조제1항제3호,0.9,전산요원,2026-04-30
대주주,정의함,LOGICAL,제12조제2항제6호가목에 따른 대주주,제12조제2항제6호가목,0.95,대주주 정의,2026-04-30
대주주,요구함,ACTION,별표 2의 요건,제12조제2항제6호가목,0.9,요건 만족,2026-04-30
금융위원회,허용함,ACTION,요건 완화 및 고시,제12조제2항제6호가목,0.85,요건 완화|고시,2026-04-30
금융투자업자,요구함,ACTION,다른 회사와 합병·분할 또는 분할합병을 하는 행위,제8조제9항,0.9,합병·분할|분할합병,2026-04-30
대통령령으로 정하는 자,정의함,LOGICAL,다음 각 호의 어느 하나에 해당하는 자,제285조제1항,0.99,대통령령으로 정하는 자|다음 각 호의 어느 하나에 해당하는 자,2026-04-30
제1호에 해당하는 자,예외로함,LOGICAL,대통령령으로 정하는 자,제12조제2항제6호가,0.9,예외|제1호|대통령령,2026-04-30
건전한 재무상태와 사회적 신용,정의함,LOGICAL,각 호의 구분에 따른 사항,제12조제2항제6호의2,0.95,건전한 재무상태와 사회적 신용 정의|각 호의 구분,2026-04-30
건전한 재무상태,정의함,LOGICAL,법,제12조제2항제6호의2,0.9,건전한 재무상태 정의|법,2026-04-30
경영건전성기준,정의함,LOGICAL,충족할 수 있는 상태,제31조,0.95,경영건전성기준,2026-04-30
사회적 신용,정의함,LOGICAL,다음 각 목의 모든 요건에 적합한 것,제31조,0.9,사회적 신용,2026-04-30
경영건전성기준,예외로함,LOGICAL,위반 정도가 경미한 경우 제외,제31조,0.85,경영건전성기준,2026-04-30
경영건전성기준,준용함,STRUCTURE,최근 3년간 금융회사의 지배구조에 관한 법률 시행령,제31조,0.9,경영건전성기준,2026-04-30
형사처벌,정의함,LOGICAL,벌금형 이상에 상당하는 형사처벌,제5조,0.95,형사처벌 정의|벌금형 이상,2026-04-30
제외,예외로함,LOGICAL,해당 법률의 양벌 규정에 따라 처벌을 받은 경우,448,0.95,제외|양벌 규정에 따라 처벌을 받은 경우,2026-04-30
제외,예외로함,LOGICAL,최근 3년간 채무불이행 등으로 건전한 신용질서를 해친 사실이 없을 것,448,0.9,제외|건전한 신용질서 해친 사실이 없을 것,2026-04-30
제외,예외로함,LOGICAL,최근 5년간 부실금융기관으로 지정되었거나 영업 허가·인가·등록이 취소된 자가 아닐 것,448,0.9,제외|부실금융기관 지정·영업허가 취소 여부,2026-04-30
제외,예외로함,LOGICAL,"지점, 영업소 폐쇄 또는 정지 조치 후 일정 기간이 지났을 것",448,0.9,제외|폐쇄·정지 조치 후 기간,2026-04-30
이해상충방지체계,적합,ACTION,각 호의 기준,제12조제2항제7호,0.95,이해상충방지체계|기준,2026-04-30
이해상충방지체계,참조함,STRUCTURE,제12조제2항제7호,제12조제2항제7호,0.9,이해상충방지체계|제12조제2항제7호,2026-04-30
금융회사,요구함,ACTION,적절한 내부통제기준(이해상충 파악·평가·관리),44,0.95,이해상충|내부통제기준,2026-04-30
내부통제기준,정의함,LOGICAL,제24조제1항에 따른 내부통제기준,제24조제1항,0.9,정의|내부통제기준,2026-04-30
내부통제기준,참조함,STRUCTURE,제24조제1항,제24조제1항,0.95,제24조제1항|내부통제기준,2026-04-30
정보 교류 차단 체계,정의함,LOGICAL,적절한 체계,제45조제1항 및 제2항,0.85,정보 교류 차단 체계|정의함,2026-04-30
정보 교류 차단 체계,갖출,ACTION,체계,제45조제1항 및 제2항,0.9,정보 교류 차단 체계|갖출,2026-04-30
외국 금융투자업자등,정의함,LOGICAL,"외국 금융투자업자, 외국은행, 외국보험회사",제12조제3항,0.95,정의|외국 금융투자업자등|외국은행|외국보험회사,2026-04-30
외국 금융투자업자등,본다,LOGICAL,하나의 금융투자업자,제12조제3항,0.95,본다|하나의 금융투자업자|지점등,2026-04-30
외국 금융투자업자등,제출하여야 한다,ACTION,금융위원회에 관련 자료,제12조제3항,0.95,제출|관련 자료|금융위원회|정하여 고시하는 방법,2026-04-30
금융위원회,정하여 고시한다,ACTION,구체적인 기준,제12조제3항,0.9,"정하여 고시한다|구체적인 기준|인가요건|제2항, 제4항부터 제6항까지, 제8항부터 제10항까지",2026-04-30
인증의 방법 및 절차,정의함,LOGICAL,법,제17조,0.6,인증|절차,2026-04-30
인증 신청서,요구함,ACTION,각 호의 사항,제13조제1항,0.95,인증 신청서|기재|각 호의 사항,2026-04-30
금융투자업인가 신청자,요구함,ACTION,서류,제12조제2항제6호,0.95,요건을 갖추었음을 확인할 수 있는 서류,2026-04-30
서류,정의함,LOGICAL,요건을 갖추었음을 확인할 수 있는 서류,제12조제2항제6호,0.9,요건을 갖추었음을 확인할 수 있는 서류,2026-04-30
서류,정의함,LOGICAL,이해상충방지체계를 갖추었는지를 확인할 수 있는 서류,제12조제2항제6호,0.9,이해상충방지체계를 갖추었는지를 확인할 수 있는 서류,2026-04-30
서류,정의함,LOGICAL,금융위원회가 정하여 고시하는 서류,제12조제2항제6호,0.9,금융위원회가 정하여 고시하는 서류,2026-04-30
예비인가 신청서 및 첨부서류,허용함,ACTION,제1항의 인가신청서의 기재사항 중 일부를 기재하지 아니하거나,제14조,0.9,예비인가 신청서|제1항,2026-04-30
예비인가 신청서 및 첨부서류,허용함,ACTION,제2항의 첨부서류 중 그 첨부서류의 제출을 생략할 수 있다,제14조,0.9,예비인가 신청서|제2항,2026-04-30
금융위원회,준용함,STRUCTURE,전자정부법,제134조제3항,0.85,금융위원회|전자정부법,2026-04-30
금융위원회,확인함,ACTION,법인 등기사항증명서,제36조제1항⑤,0.95,법인 등기사항증명서 확인|행정정보 공동이용,2026-04-30
금융위원회,수신함,ACTION,인가신청서,제36조제1항⑤,0.85,인가신청서 수신,2026-04-30
금융위원회,확인함,ACTION,금융투자업인가의 신청내용에 관한 사실 여부,제36조제1항⑤,0.9,신청내용 사실 여부 확인,2026-04-30
금융위원회,고려함,ACTION,이해관계자 등으로부터 수렴된 의견,제36조제1항⑤,0.8,이해관계자 의견 고려,2026-04-30
금융투자업인가를 받은 자,시작하여야 한다,ACTION,영업,제13조제2항,0.95,영업 시작|6개월 이내,2026-04-30
금융투자업인가를 받은 자,시작할 수 있다,ACTION,영업,제13조제2항,0.9,기한 이내|연장,2026-04-30
금융위원회,확인하여야 한다,ACTION,금융투자업인가에 조건 이행 여부,제13조제2항,0.95,조건 이행 여부 확인,2026-04-30
금융위원회,정하여 고시한다,ACTION,"필요한 사항 (신청과 심사, 서식, 작성방법 등)",제13조제2항,0.9,정하여 고시|필요한 사항,2026-04-30
예비인가,정의함,LOGICAL,법,제324조의5,0.8,예비인가|법,2026-04-30
자,신청하려는,ACTION,예비인가,제14조제1항,0.85,예비인가|신청,2026-04-30
자,참조함,STRUCTURE,제14조제1항,제14조제1항,0.95,제14조제1항,2026-04-30
예비인,제출하여야 한다,ACTION,금융위원회,제17조제1항,0.95,예비인 가신청서|제17조제1항,2026-04-30
서류,확인할 수 있는,ACTION,각 목의 요건,제12조제2항제6호,0.9,서류|각 목의 요건,2026-04-30
서류,확인할 수 있는,LOGICAL,이해상충방지체계,제276조제6항,0.95,이해상충방지체계|서류,2026-04-30
서류,필요함,ACTION,예비인가요건의 심사,제12조제2항제6호,0.9,서류|예비인가요건의 심사,2026-04-30
예비인가,심사,ACTION,방법 및 절차,14,0.9,심사 방법 및 절차,2026-04-30
제14조제1항,준용함,STRUCTURE,예비인가의 심사 방법 및 절차,14,0.95,제14조제1항에 따라|예비인가,2026-04-30
규정 준용,준용함,ACTION,제17조제4항부터 제9항까지의 규정,제17조제4항,0.95,규정 준용|제17조제4항부터 제9항까지의 규정,2026-04-30
금융투자업인가,정의함,LOGICAL,예비인가,제17조제4항,0.9,금융투자업인가|예비인가,2026-04-30
예비인가를 받은 자,이행한다,ACTION,예비인가의 내용 및 조건,제14조제2항,0.95,예비인가|이행|내용 및 조건,2026-04-30
예비인가를 받은 자,이행해야 할 기간,LOGICAL,6개월 이내,제14조제2항,0.92,6개월|이행 기간,2026-04-30
금융투자업자,요구함,ACTION,본인가 신청,제12조,0.95,본인가 신청|금융투자업자,2026-04-30
금융투자업자,허용함,ACTION,본인가 신청,제12조,0.85,본인가 신청|금융투자업자|예비인가|금융위원회,2026-04-30
본인가,정의함,LOGICAL,금융투자업인가,제12조,0.95,본인가|금융투자업인가,2026-04-30
금융위원회,정하여 고시한다,ACTION,"예비인가의 신청과 심사, 예비인가신청서의 서식과 작성방법 등에 관한 필요한 사항",제12조,0.9,금융위원회|예비인가 신청|정하여 고시한다,2026-04-30
법,정의함,LOGICAL,인가유지요건의 완화,19,0.6,법|인가유지요건의 완화,2026-04-30
대통령령,정한다,ACTION,완화된 요건,제15조제1항,0.95,완화된 요건 정의,2026-04-30
완화된 요건,정의함,LOGICAL,법,제324조제9항,0.85,완화된 요건|법,2026-04-30
금융투자업자,요구함,ACTION,최저자기본의 70% 이상 유지,제12조제2항제2호,0.95,최저자기본|70% 이상 유지,2026-04-30
금융투자업자,예외로함,LOGICAL,다음 회계연도말까지 유지요건에 적합한 것으로 본다,제12조제2항제2호,0.9,유지요건 미달|다음 회계연도말까지 예외 인정,2026-04-30
대주주,요구함,ACTION,요건,제12조제2항제6호,0.95,요건 유지|대주주,2026-04-30
최근 5년간,정의함,LOGICAL,최대주주가 최근 5년간,제12조제2항제6호,0.9,최근 5년간|최대주주가 최근 5년간,2026-04-30
벌금형,정의함,LOGICAL,5억원의 벌금형,제12조제2항제6호,0.9,벌금형|5억원의 벌금형,2026-04-30
최근 3년간,정의함,LOGICAL,최대주주가 최근 3년간,제12조제2항제6호,0.9,최근 3년간|최대주주가 최근 3년간,2026-04-30
벌금형 이상에 상당하는 형사처벌을 받은 사실,정의함,LOGICAL,5억원의 벌금형에 상당하는 형사처벌을 받은 사실,제12조제2항제6호,0.9,벌금형 이상에 상당하는 형사처벌을 받은 사실|5억원의 벌금형에 상당하는 형사처벌을 받은 사실,2026-04-30
대주주,요구함,ACTION,같은 표 제1호마목1)ㆍ3)의 요건,제12조제2항제6호,0.92,요건 유지|대주주|표 제1호마목1)ㆍ3),2026-04-30
외국 금융투자업자,유지,ACTION,요건,제12조제2항제6호나목,0.9,외국 금융투자업자|요건,2026-04-30
최대주주,정의함,LOGICAL,외국 금융투자업자,제12조제2항제6호나목,0.9,최대주주 정의|외국 금융투자업자,2026-04-30
제16조제6항 각 호의 어느 하나에 해당하는 경우,조건으로서,LOGICAL,요건 완화,제16조제6항,0.9,요건 완화,2026-04-30
요건 완화,허용함,ACTION,제1항제2호 각 목의 요건,제16조제6항,0.95,요건 완화|제1항제2호 각 목의 요건,2026-04-30
대통령령으로 정하는 완화된 요건,정의함,LOGICAL,제1항제1호의 요건,제15조제2항,0.99,완화된 요건|정의,2026-04-30
변경인가요건의 완화,정의함,LOGICAL,변경인가요건,제19조의2,0.9,완화|요구사항,2026-04-30
완화된 요건,정의함,LOGICAL,요건,제16조제2항,0.9,완화된 요건|요건,2026-04-30
외국 금융투자업자,충족할 것,ACTION,제2호의 요건,제12조제2항제6호나목,0.95,외국 금융투자업자|요건 충족,2026-04-30
법,요구함,ACTION,투자매매업 등의 업무 단위,제19조의3,0.7,추가등록|업무 단위,2026-04-30
대통령령으로 정하는 업무 단위,정의함,LOGICAL,별표 1에 따른 인가업무 단위,제16조의2제1항,0.99,정의함|업무 단위,2026-04-30
대통령령으로 정하는 업무 단위,예외로함,LOGICAL,"1a-1-2, 1a-4-2, 2a-1-2, 2a-4-2, 2o-12-1, 2o-12-2, 2o-14-1, 2o-14-2, 2l-1-1, 2l-1-2, 2-14-1, 2-14-2",제16조의2제1항,0.95,예외로함|업무 단위,2026-04-30
업무 단위 추가등록의 방법 및 절차,근거함,STRUCTURE,제16조의2제1항,제16조의2제1항,0.95,업무 단위 추가등록의 방법 및 절차|제16조의2제1항,2026-04-30
제17조,제6호 및 제8호는 제외한다,LOGICAL,제6호 및 제8호,제17조,0.95,제6호|제8호,2026-04-30
제17조,"제7호, 제9호 및 제10호는 제외한다",LOGICAL,"제7호, 제9호 및 제10호",제17조,0.95,제7호|제9호|제10호,2026-04-30
제17조,준용한다,STRUCTURE,제4항부터 제6항까지 및 제10항부터 제12항까지,제17조,0.95,제4항|제6항|제10항|제12항,2026-04-30
외국 금융투자업자 조직형태 변경 인가 특례,참조함,STRUCTURE,법,제19조의4,0.85,외국 금융투자업자 조직형태 변경 인가 특례|법,2026-04-30
대통령령으로 정하는 외국 금융투자업자의 국내법인,정의함,LOGICAL,외국 금융투자업자가 그 발행주식 총수의 전부를 소유하고 있는 국내법인,제16조의3,0.97,정의|대통령령|외국 금융투자업자|국내법인|발행주식 총수,2026-04-30
법인,정의함,LOGICAL,법인,제12조제2항제1호가목,0.99,법인 정의,2026-04-30
조직형태 변경,정의함,LOGICAL,다음 각 호의 구분에 따른 변경,제16조의3,0.95,조직형태 변경|정의,2026-04-30
외국 금융투자업자,요구함,ACTION,"지점, 영업소가 국내법인으로 변경",제12조제2항제1호,0.95,변경|지점|영업소|국내법인,2026-04-30
외국 금융투자업자,준용함,STRUCTURE,국제조세조정에 관한 법률 시행령,제12조제2항제1호,0.8,국제조세조정에 관한 법률 시행령,2026-04-30
"지점, 영업소",정의함,LOGICAL,국내법인,제12조제2항제1호,0.85,변경|국내법인,2026-04-30
외국 금융투자업자,요구함,ACTION,지점 및 영업소로의 변경,제35조제1항제1호,0.95,지점 변경|외국 금융투자업자,2026-04-30
외국 금융투자업자 국내법인,요구함,ACTION,지점 및 영업소로의 변경,제35조제1항제1호,0.9,지점 변경|외국 금융투자업자 국내법인,2026-04-30
양수자,준용함,STRUCTURE,제16조의3,제16조의3,0.95,양수|제16조의3,2026-04-30
양수자,준용함,STRUCTURE,법,제16조의3,0.9,양수|법,2026-04-30
인가요건,정의함,LOGICAL,다음 각 호의 인가요건,제12조,0.9,인가요건 정의|금융투자업 인가 요건,2026-04-30
금융투자업인가를 받으려는 경우,요구함,ACTION,인가요건,제12조,0.85,금융투자업 인가 요건 요구|인증 요건,2026-04-30
제12조제2항제4호 3,참조함,STRUCTURE,법,제12조제2항제4호 3,0.9,법,2026-04-30
제2항제1호나목에 해당하는 경우,예외로함,LOGICAL,별표 2 제4호나목 및 다목의 요건,제12조제2항제6호,0.95,요건 제외|제2항제1호나목에 해당하는 경우|별표 2 제4호나목 및 다목의 요건,2026-04-30
등록업무 단위,정의함,LOGICAL,법,20,0.8,등록업무 단위 정의,2026-04-30
대통령령으로 정하는 업무 단위,정의함,LOGICAL,별표 3,제18조제1항,0.95,대통령령으로 정하는 업무 단위|별표 3,2026-04-30
투자대상자산,정의함,LOGICAL,대통령령으로 정하는 투자대상자산,제18조제1항제2호,0.95,정의,2026-04-30
자산,정의함,LOGICAL,각 호의 자산,제6조의2,0.95,자산 정의|각 호의 자산,2026-04-30
등록의 요건,정의함,LOGICAL,등록,21,0.9,등록의 요건|등록,2026-04-30
대통령령으로 정하는 금융기관,정의함,LOGICAL,"한국산업은행, 중소기업은행, 한국수출입은행, 농협은행, 수협은행, 금융위원회가 정하여 고시하는 금융기관",제18조제2항제1호,0.95,정의|금융기관,2026-04-30
대통령령으로 정하는 금액,정의함,LOGICAL,별표 3과 같다,제18조제2항제2호,0.95,정의|대통령령으로 정하는 금액,2026-04-30
대통령령으로 정하는 금액,참조함,STRUCTURE,별표 3,제18조제2항제2호,0.9,참조|별표 3,2026-04-30
대통령령으로 정하는 수,정의함,LOGICAL,상근 임직원 1인,제18조제2항제3호가목,0.95,대통령령으로 정하는 수|정의,2026-04-30
상근 임직원 4인,정의함,LOGICAL,제4조에 따른 인가를 받아 합병으로 신설되거나 존속하는 종합금융회사,제4조 다),0.95,상근 임직원 4인 정의|제4조 인가 조건,2026-04-30
대통령령으로 정하는 수,정의함,LOGICAL,상근 임직원 2인,제18조제2항제3호나목,0.99,정의|대통령령으로 정하는 수,2026-04-30
대통령령으로 정하는 사회적 신용,정의함,LOGICAL,다음 각 호의 요건,제18조제2항제5호가목,0.95,정의|요건,2026-04-30
금융위원회,정하고 고시,ACTION,요건,제12조,0.95,금융투자업등록|요건,2026-04-30
대주주,갖출 것,ACTION,같은 표 제4호가목ㆍ라목 및 마목의 요건,제12조,0.9,대주주|요건,2026-04-30
인,정의함,LOGICAL,등록,제12조,0.9,인|등록,2026-04-30
인 받으려는,정의함,LOGICAL,등록하려는,제12조,0.9,인 받으려는|등록하려는,2026-04-30
등록 직권말소,정의함,LOGICAL,등록이 직권말소된 자,제20조의2,0.85,등록 직권말소|등록이 직권말소된 자,2026-04-30
투자자문업,정의함,LOGICAL,투자자문업의 등록을 신청한 경우,제20조의2,0.8,투자자문업|투자자문업의 등록을 신청한 경우,2026-04-30
투자일임업,정의함,LOGICAL,투자일임업의 등록을 신청한 경우,제20조의2,0.8,투자일임업|투자일임업의 등록을 신청한 경우,2026-04-30
사회적 신용,정의함,LOGICAL,다음 각 호의 요건,제18조제2항제5호나목,0.95,정의|요건,2026-04-30
등록 직권말소 및 임원/대주주 여부,금지함,ACTION,등록이 직권말소된 사실,제20조의2,0.95,등록 직권말소|임원/대주주 여부,2026-04-30
등록 직권말소 및 임원/대주주 여부,금지함,ACTION,제2호에 해당하는 자의 임원 또는 대주주,제20조의2,0.95,등록 직권말소|임원/대주주 여부,2026-04-30
건전한 재무상태와 사회적 신용,정의함,LOGICAL,다음 각 호의 구분에 따른 요건,제18조제2항제5호의2,0.95,건전한 재무상태와 사회적 신용 정의|요건,2026-04-30
사회적 신용,정의함,LOGICAL,제6항제2호 및 제3호,Unknown,0.85,요건|정의,2026-04-30
제16조제8항제1호,근거함,STRUCTURE,사회적 신용,Unknown,0.75,근거|참조,2026-04-30
법,따르다,ACTION,요건,제16조제8항제2호,0.95,요건,2026-04-30
이해상충방지체계,정의함,LOGICAL,이해상충을 방지하기 위한 체계,제18조제2항제6호,0.9,이해상충방지체계|정의,2026-04-30
이해상충방지체계,적합해야 한다,ACTION,각 호의 기준,제18조제2항제6호,0.95,이해상충방지체계|적합|기준,2026-04-30
이해상충,갖출 것,ACTION,적절한 내부통제기준,제44조,0.95,이해상충|내부통제기준,2026-04-30
적절한 체계,갖출 것,ACTION,정보 교류 차단 체계,제45조제1항 및 제2항,0.9,적절한 체계|정보 교류 차단 체계,2026-04-30
금융위원회,정하여 고시한다,ACTION,필요한 구체적인 기준,제45조제1항 및 제2항,0.9,등록요건|금융위원회,2026-04-30
제45조제1항 및 제2항,참조함,STRUCTURE,제5항부터 제8항까지의 규정,제45조제1항 및 제2항,0.8,제5항부터 제8항까지의 규정,2026-04-30
등록,정의함,LOGICAL,방법 및 절차,제22조,0.6,등록|방법 및 절차,2026-04-30
등록신청서,요구함,ACTION,등록신청서 항목,제19조제1항,0.95,등록신청서 항목,2026-04-30
등록신청서 항목,포함함,STRUCTURE,상호,제19조제1항,0.9,등록신청서 항목,2026-04-30
등록신청서 항목,포함함,STRUCTURE,본점의 소재지,제19조제1항,0.9,등록신청서 항목,2026-04-30
등록신청서 항목,포함함,STRUCTURE,임원에 관한 사항,제19조제1항,0.9,등록신청서 항목,2026-04-30
등록신청서 항목,포함함,STRUCTURE,경영하려는 등록업무 단위(법,제19조제1항,0.9,등록신청서 항목,2026-04-30
등록신청서,제출함,ACTION,금융위원회,제19조제1항,0.9,제19조제1항,2026-04-30
등록업무 단위,정의함,LOGICAL,등록업무 단위,제18조제1항,0.95,등록업무 단위 정의,2026-04-30
등록업무 단위,참조함,STRUCTURE,제18조제1항,제18조제1항,0.9,제18조제1항 참조,2026-04-30
투자권유자문인력,정의함,LOGICAL,투자권유자문인력(이하 “투자권유자문인력”이라 한다) 또는 법,제286조제1항제3호가목,0.95,정의|투자권유자문인력,2026-04-30
등록신청서,첨부해야 한다,ACTION,정관(및 준수 문서),제286조제1항 제3호다목,0.95,등록신청서|서류 첨부|법적 의무,2026-04-30
등록신청서,첨부해야 한다,ACTION,본점의 위치와 명칭을 기재한 서류,제286조제1항 제3호다목,0.95,등록신청서|서류 첨부|법적 의무,2026-04-30
등록신청서,첨부해야 한다,ACTION,임원의 이력서와 경력증명서,제286조제1항 제3호다목,0.95,등록신청서|서류 첨부|법적 의무,2026-04-30
등록신청서,첨부해야 한다,ACTION,등록업무 단위의 종류와 업무방법을 기재한 서류,제286조제1항 제3호다목,0.95,등록신청서|서류 첨부|법적 의무,2026-04-30
등록신청서,첨부해야 한다,ACTION,최근 3개 사업연도의 재무제표와 그 부속명세서,제286조제1항 제3호다목,0.95,등록신청서|서류 첨부|법적 의무,2026-04-30
등록신청서,첨부해야 한다,ACTION,투자권유자문인력 또는 투자운용인력의 현황을 확인할 수 있는 서류,제286조제1항 제3호다목,0.95,등록신청서|서류 첨부|법적 의무,2026-04-30
등록신청서,첨부해야 한다,ACTION,등록신청일(등록업무 단위를 추가하기 위한 등록신청이나 겸영금융투자업자의 등록신청인 경우에는 최근 사업 연도말) 현재 대주주의 성명이나 명칭과 그 소유주식수를 기재한 서류,제286조제1항 제3호다목,0.95,등록신청서|서류 첨부|법적 의무,2026-04-30
금융위원회,정하는,ACTION,서류 9,제18조제2항제5호,0.95,금융위원회|서류 9|정하는,2026-04-30
금융위원회,정하는,ACTION,서류 10,제18조제2항제5호,0.95,금융위원회|서류 10|정하는,2026-04-30
금융위원회,정하는,ACTION,서류 ③,제18조제2항제5호,0.95,금융위원회|서류 ③|정하는,2026-04-30
서류 9,정의함,LOGICAL,각 목의 요건을 갖추었음을 확인할 수 있는 서류,제18조제2항제5호,0.9,서류 9|정의함|요건 확인 서류,2026-04-30
서류 10,정의함,LOGICAL,이해상충방지체계를 갖추었는지를 확인할 수 있는 서류,제18조제2항제5호,0.9,서류 10|정의함|이해상충방지체계 확인 서류,2026-04-30
서류 ③,정의함,LOGICAL,그 밖에 등록의 검토에 필요한 서류로서 금융위원회가 정하여 고시하는 서류,제18조제2항제5호,0.9,서류 ③|정의함|등록 검토 서류,2026-04-30
등록요건 충족 여부,검토해야 한다,ACTION,제18조제2항에 따른 등록요건,Unknown,0.9,등록요건|제18조제2항,2026-04-30
필요한 사항,정하여 고시한다,ACTION,금융위원회,Unknown,0.9,필요한 사항|금융위원회|금융투자업등록,2026-04-30
본 조항,참조함,STRUCTURE,제18조제2항,Unknown,0.8,제18조제2항,2026-04-30
금융위원회,정하여 고시한다,ACTION,필요한 사항,제249조의3,0.95,필요한 사항,2026-04-30
등록유지요건의 완화,정의함,LOGICAL,법,제23조,0.8,등록유지요건의 완화|법,2026-04-30
대통령령으로 정하는 완화된 요건,정의함,LOGICAL,법,제20조,0.99,완화된 요건|정의함,2026-04-30
금융투자업자,예외로함,LOGICAL,6개월 이내 유지요건 적합,제18조제2항제2호,0.9,유지요건 미달|6개월 이내 예외,2026-04-30
유지요건,적용함,STRUCTURE,매월말 기준,제18조제2항제2호,0.85,유지요건|월말 기준,2026-04-30
대주주,유지,ACTION,표 제1호 마목1) 및 3),제18조제2항제5호,0.9,요건 유지|대주주|표 제1호 마목1|마목3,2026-04-30
대주주,유지,ACTION,표 제1호 마목1)ㆍ3) 및 제4호라목,제18조제2항제5호,0.9,요건 유지|대주주|표 제1호 마목1|마목3|제4호라목,2026-04-30
벌금형,정의함,LOGICAL,5억원의 벌금형을 받은 사실,제18조제2항제5호,0.9,벌금형|5억원|벌금형을 받은 사실|정의,2026-04-30
외국 투자자문업자 또는 외국 투자일임업자,유지할 것,ACTION,요건,제18조제2항제5호나목,0.95,요건 유지|외국 투자자문업자|외국 투자일임업자,2026-04-30
3년,정의함,LOGICAL,2년,제18조제2항제5호나목,0.9,3년|2년|별표 2 제4호라목,2026-04-30
최대주주,정의함,LOGICAL,외국 투자자문업자 또는 외국 투자일임업자,제18조제2항제5호나목,0.9,최대주주|외국 투자자문업자|외국 투자일임업자,2026-04-30
제23조의2,정의함,LOGICAL,변경등록요건의 완화,제23조의2,0.8,제23조의2|변경등록요건의 완화,2026-04-30
제23조의2,상위조항,STRUCTURE,제23조,제23조의2,0.9,제23조의2|제23조,2026-04-30
완화된 요건,정의함,LOGICAL,대통령령으로 정하는 완화된 요건,제21조제2항,0.99,정의|완화된 요건,2026-04-30
요건,정의함,LOGICAL,각 목의 구분에 따른 요건,제23조제2호,0.95,요건|각 목의 구분에 따른 요건,2026-04-30
제24조,상위조항,STRUCTURE,제23조,제24조,0.1,제23조,2026-04-30
제24조,상위조항,STRUCTURE,제23조제2호,24,0.3,제24조|제23조제2호,2026-04-30
제7조의2,위임함,STRUCTURE,2016. 7. 28.,제7조의2,0.9,이동|제7조의2,2026-04-30
삭제,정의함,LOGICAL,제25조,25,0.95,삭제|제25조,2026-04-30
제26조,삭제함,ACTION,법령,26,0.95,삭제|제정,2026-04-30
제26조의2,삭제함,STRUCTURE,제26조의2,제26조의2,0.95,삭제|제26조의2,2026-04-30
삭제,정의함,LOGICAL,제27조,제27조,0.95,삭제|제27조,2026-04-30
제28조,삭제됨,STRUCTURE,2016. 7. 28.,28,0.95,삭제|제28조,2026-04-30
제30조,삭제함,ACTION,삭제됨,30,0.95,삭제|제30조,2026-04-30
삭제,삭제함,ACTION,제31조,31,0.9,삭제,2026-04-30
삭제,삭제함,ACTION,제32조,32,0.95,삭제,2026-04-30
파생상품업무책임자,정의함,LOGICAL,법,제32조의2,0.7,파생상품업무책임자 정의,2026-04-30
금융투자업자,정의함,LOGICAL,대통령령으로 정하는 금융투자업자,제28조의2제1항,0.95,정의|금융투자업자|대통령령,2026-04-30
금융투자업자,정의함,LOGICAL,장내파생상품에 대한 투자매매업 또는 투자중개업을 경영하는 자로서 최근 사업연도말일을 기준으로 자산총액 이 1천억원 이상인 자,제28조의2제1항,0.95,정의|금융투자업자|장내파생상품|자산총액|1천억원,2026-04-30
금융투자업자,정의함,LOGICAL,장외파생상품에 대한 투자매매업 또는 투자중개업을 경영하는 자,제28조의2제1항,0.95,정의|금융투자업자|장외파생상품,2026-04-30
파생상품업무책임자,정의함,LOGICAL,파생상품업무를 총괄하는 자,제28조의2제1항,0.95,파생상품업무책임자|파생상품업무,2026-04-30
파생상품업무책임자,권한을가짐,ACTION,파생상품업무,제28조의2제1항,0.9,파생상품업무책임자|파생상품업무,2026-04-30
각 호에 해당하지 않는 자,정의함,LOGICAL,자,제5조제1항,0.95,정의|개념,2026-04-30
제33조,참조함,STRUCTURE,제3장 건전경영 유지 제1절 경영건전성 감독,33,0.9,제33조|제3장 건전경영 유지 제1절 경영건전성 감독|삭제,2026-04-30
재무건전성 유지,참조함,STRUCTURE,법,제34조,0.7,재무건전성 유지|법,2026-04-30
대통령령으로 정하는 금융투자업자,정의함,LOGICAL,투자자문업자 또는 투자일임업자,제30조제1항,0.95,정의함|투자자문업자|투자일임업자,2026-04-30
투자자문업자 또는 투자일임업자,예외로함,LOGICAL,다른 금융투자업을 경영하지 아니하는 경우,제30조제1항,0.9,예외|경영|다른 금융투자업,2026-04-30
대통령령으로 정하는 금융투자업자,정의함,LOGICAL,집합투자업자,제30조제1항,0.95,정의함|집합투자업자,2026-04-30
집합투자업자,예외로함,LOGICAL,집합투자증권 외의 금융투자상품에 대한 투자매매업 또는 투자중개업을 경영하는 자는 제외한다,제30조제1항,0.9,예외|투자매매업|투자중개업,2026-04-30
대통령령으로 정하는 금융투자업자,정의함,LOGICAL,투자중개업자인 다자간매매체결회사,제30조제1항,0.95,정의함|투자중개업자|다자간매매체결회사,2026-04-30
대통령령으로 정하는 기간,정의함,LOGICAL,45일,제30조제3항,0.99,정의|기간,2026-04-30
경영건전성기준,정의함,LOGICAL,제35조,제35조,0.85,경영건전성기준,2026-04-30
대통령령으로 정하는 사항,정의함,LOGICAL,위험관리에 관한 사항,제31조제1항제4호,0.95,대통령령으로 정하는 사항|위험관리에 관한 사항,2026-04-30
대통령령으로 정하는 사항,정의함,LOGICAL,외환건전성에 관한 사항,제31조제1항제4호,0.95,대통령령으로 정하는 사항|외환건전성에 관한 사항,2026-04-30
대통령령으로 정하는 사항,정의함,LOGICAL,그 밖에 경영의 건전성 확보를 위하여 필요한 사항으로서 금융위원회가 정하여 고시하는 사항,제31조제1항제4호,0.95,대통령령으로 정하는 사항|그 밖에 경영의 건전성 확보를 위하여 필요한 사항,2026-04-30
금융투자업자,정의함,LOGICAL,다자간매매체결회사,제31조제3항,0.9,정의|대통령령으로 정하는,2026-04-30
금융투자업자,참조함,STRUCTURE,대통령령,제31조제3항,0.8,대통령령|정의,2026-04-30
채권중개전문회사,정의함,LOGICAL,투자자문업자 또는 투자일임업자(다른 금융투자업을 경영하지 아니하는 경우만 해당한다),제179조,0.95,채권중개전문회사|투자자문업자|투자일임업자,2026-04-30
채권중개전문회사,정의함,LOGICAL,"외국 금융투자업자의 지점, 그 밖의 영업소",제179조,0.95,채권중개전문회사|외국 금융투자업자|지점|영업소,2026-04-30
채권중개전문회사,정의함,LOGICAL,집합투자업자(집합투자증권 외의 금융투자상품에 대한 투자매매업 또는 투자중개업을 경영하는 자는 제외한 다),제179조,0.95,채권중개전문회사|집합투자업자|집합투자증권|금융투자상품|투자매매업|투자중개업,2026-04-30
금융투자업자,요구함,ACTION,자산총액이 1천억원 이상,제179조,0.9,금융투자업자|자산총액|1천억원,2026-04-30
금융투자업자,요구함,ACTION,장외파생상품에 대한 투자매매업 또는 증권에 대한 투자매매업(인수업을 경영하는 자만 해당한다)을 경영할 것,제179조,0.9,금융투자업자|장외파생상품|투자매매업|증권|인수업,2026-04-30
업무보고서 제출 기한,정의함,LOGICAL,제36조,36,0.7,업무보고서 제출 기한|제36조,2026-04-30
대통령령으로 정하는 사항이 발생한 경우,정의함,LOGICAL,거액의 금융사고 또는 부실채권 등이 발생한 경우,33조제3항,0.95,정의|대통령령으로 정하는 사항,2026-04-30
대통령령으로 정하는 사항이 발생한 경우,정의함,LOGICAL,금융산업의 구조개선에 관한 법률,33조제3항,0.95,정의|대통령령으로 정하는 사항,2026-04-30
적기시정조치,참조함,STRUCTURE,제10조,제10조,0.9,적기시정조치|제10조,2026-04-30
적기시정조치,받다,ACTION,법,제10조,0.8,적기시정조치|법,2026-04-30
각 호의 어느 하나에 해당하는 경우,정의함,LOGICAL,법,제161조제1항,0.8,각 호의 어느 하나에 해당하는 경우|법,2026-04-30
법인,요구함,ACTION,사업보고서,제159조제1항,0.95,사업보고서 제출|법인,2026-04-30
금융투자업자,요구함,ACTION,업무보고서,제33조제1항,0.95,업무보고서 기재사항,2026-04-30
업무보고서 기재사항,정의함,LOGICAL,금융투자업자의 개요,제33조제1항,0.95,업무보고서 기재사항|금융투자업자 개요,2026-04-30
업무보고서 기재사항,정의함,LOGICAL,금융투자업자가 경영하고 있는 업무의 내용에 관한 사항,제33조제1항,0.95,업무보고서 기재사항|업무 내용,2026-04-30
업무보고서 기재사항,정의함,LOGICAL,재무에 관한 현황,제33조제1항,0.95,업무보고서 기재사항|재무 현황,2026-04-30
업무보고서 기재사항,정의함,LOGICAL,영업에 관한 사항,제33조제1항,0.95,업무보고서 기재사항|영업 사항,2026-04-30
업무보고서 기재사항,정의함,LOGICAL,최대주주(그의 특수관계인을 포함한다)와 주요주주에 관한 사항,제33조제1항,0.95,업무보고서 기재사항|주주 사항,2026-04-30
업무보고서 기재사항,정의함,LOGICAL,특수관계인과의 거래에 관한 사항,제33조제1항,0.95,업무보고서 기재사항|특수관계인 거래,2026-04-30
업무보고서 기재사항,정의함,LOGICAL,"지점, 그 밖의 영업소와 인력의 관리에 관한 사항",제33조제1항,0.95,업무보고서 기재사항|지점 관리,2026-04-30
업무보고서 기재사항,정의함,LOGICAL,투자자재산의 현황과 그 보호에 관한 사항,제33조제1항,0.95,업무보고서 기재사항|투자자재산 현황,2026-04-30
업무보고서 기재사항,정의함,LOGICAL,"장외파생상품 매매, 그 밖의 거래의 업무내용, 거래현황과 평가손익현황(장외파생상품의 위험을 회피하기 위한 관련 거래의 평가손익을 포함한다) 등에 관한 사항",제33조제1항,0.95,업무보고서 기재사항|장외파생상품 거래,2026-04-30
업무보고서 기재사항,정의함,LOGICAL,"금융투자업자나 그 임직원이 최근 5년간 금융위원회, 금융감독원장 등으로부터 조치를 받은 경우 그 내용",제33조제1항,0.95,업무보고서 기재사항|조치 내용,2026-04-30
업무보고서 기재사항,정의함,LOGICAL,그 밖에 금융투자업자의 영업이나 경영에 관련된 사항으로서 금융위원회가 정하여 고시하는 사항,제33조제1항,0.95,업무보고서 기재사항|고시 사항,2026-04-30
금융투자업자,보고하고 공시,ACTION,금융위원회,제33조제2항,0.95,공시서류 기재사항|보고|공시,2026-04-30
공시서류 기재사항,정의함,LOGICAL,제3항제1호부터 제7호까지의 사항,제33조제2항,0.9,공시서류 기재사항|정의,2026-04-30
공시서류 기재사항,정의함,LOGICAL,그 밖에 투자자에게 알릴 필요가 있다고 금융위원회가 정하여 고시하는 사항,제33조제2항,0.9,공시서류 기재사항|정의,2026-04-30
금융투자업자,요구함,ACTION,제2항 각 호의 어느 하나에 해당하는 사항이 발생한 경우 보고 및 공시,제33조제2항,0.95,공시서류 기재사항|보고|공시,2026-04-30
공시하는 사항,공시,ACTION,법,제33조제2항 또는 제3항,0.95,공시사항,2026-04-30
금융투자업자,요구,ACTION,정정공시,제47조제3항,0.95,정정공시|불성실공시,2026-04-30
거래 제한,정의함,LOGICAL,대주주와의 거래 제한,제37조,0.85,거래 제한|대주주와의 거래,2026-04-30
제34조제1항제1호,적용함,ACTION,대주주가 변경됨에 따라 이미 소유하고 있는 증권이 대주주가 발행한 증권으로 되는 경우,제34조제1항제1호,0.95,적용 조건|대주주 변경|증권 발행,2026-04-30
제34조제1항제1호,적용함,ACTION,인수와 관련하여 해당 증권을 취득하는 경우,제34조제1항제1호,0.95,적용 조건|인수|증권 취득,2026-04-30
제34조제1항제1호,적용함,ACTION,관련 법령에 따라 사채보증 업무를 할 수 있는 금융기관 등이 원리금의 지급을 보증하는 사채권을 취득하는 경우,제34조제1항제1호,0.95,적용 조건|사채보증|사채권 취득,2026-04-30
제34조제1항제1호,적용함,ACTION,특수채증권을 취득하는 경우,제34조제1항제1호,0.95,적용 조건|특수채증권 취득,2026-04-30
제34조제1항제1호,적용함,ACTION,그 밖에 금융투자업자의 경영건전성을 해치지 아니하는 경우로서 금융위원회가 정하여 고시하는 경우,제34조제1항제1호,0.95,적용 조건|경영건전성|금융위원회 고시,2026-04-30
특수관계인,소유하고 있는,ACTION,"주식, 채권 및 법",제34조제1항제2호,0.95,특수관계인|소유|주식|채권,2026-04-30
특수관계인,변경됨에 따라,LOGICAL,"소유하고 있는 주식, 채권 및 법",제34조제1항제2호,0.85,특수관계인|변경|소유,2026-04-30
특수관계인,발행,ACTION,"주식, 채권 및 약속어음",제34조제1항제2호,0.95,특수관계인|주식|채권|약속어음,2026-04-30
"주식, 채권 및 약속어음",정의함,LOGICAL,"주식, 채권 및 약속어음",제34조제1항제2호,0.9,주식|채권|약속어음,2026-04-30
계열회사,정의함,LOGICAL,대통령령으로 정하는 자,제34조제1항제2호,0.95,계열회사 정의|대통령령으로 정하는 자,2026-04-30
대통령령으로 정하는 비율,정의함,LOGICAL,금융위원회가 정하여 고시하는 자기자본의 100분의 8,제34조제1항제2호,0.99,정의|대통령령으로 정하는 비율,2026-04-30
제3자와의 계약이나 담합 등에 의하여 서로 교차하는 방법으로 하는 거래행위,금지함,ACTION,제34조제1항제1호ㆍ제2호 또는 이 항 제1호에 따른 제한을 회피할 목적으로 하는 행위,제34조제1항제1호ㆍ제2호,0.95,제3자와의 계약이나 담합 등에 의하여 서로 교차하는 방법으로 하는 거래행위|제34조제1항제1호ㆍ제2호 또는 이 항 제1호에 따른 제한을 회피할 목적으로 하는 행위,2026-04-30
"장외파생상품거래, 신탁계약, 연계거래 등을 이용하는 행위",금지함,ACTION,제34조제1항제1호ㆍ제2호 또는 이 항 제1호에 따른 제한을 회피할 목적으로 하는 행위,제34조제1항제1호ㆍ제2호,0.95,"장외파생상품거래, 신탁계약, 연계거래 등을 이용하는 행위|제34조제1항제1호ㆍ제2호 또는 이 항 제1호에 따른 제한을 회피할 목적으로 하는 행위",2026-04-30
신용공여의 범위 등,정의함,LOGICAL,법,38,0.85,신용공여의 범위|법,2026-04-30
대통령령으로 정하는 거래,정의함,LOGICAL,대주주(그의 특수관계인 포함) 를 위한 담보 제공 거래,제34조제2항,0.98,대주주|담보 제공,2026-04-30
대통령령으로 정하는 거래,정의함,LOGICAL,대주주(그의 특수관계인 포함) 를 위한 어음 배서 거래,제34조제2항,0.98,대주주|어음 배서,2026-04-30
금융위원회,정하는,ACTION,거래,제15조제1항,0.9,제15조제1항에 따른 거래|금융위원회가 정하여 고시하는 거래,2026-04-30
제15조제1항,정의함,LOGICAL,거래,제15조제1항,0.85,제15조제1항에 따른 거래|금융위원회가 정하여 고시하는 거래,2026-04-30
거래,금지함,ACTION,제15조제1항에 따른 거래,제15조제1항,0.85,제15조제1항에 따른 거래|금융위원회가 정하여 고시하는 거래,2026-04-30
거래,예외로함,LOGICAL,담보적 효력이 없는 배서,제15조제1항,0.7,담보적 효력이 없는 배서|제15조제1항에 따른 거래,2026-04-30
대통령령으로 정하는 금액,정의함,LOGICAL,1억원,제34조제2항제1호,0.95,대통령령으로 정하는 금액|1억원,2026-04-30
대통령령으로 정하는 기준에 의하여 사실상 경영을 지배하는 해외현지법인,정의함,LOGICAL,금융투자업자가 발행주식총수 또는 출자총액의 100분의 50 이상을 소유 또는 출자한 해외현지법인이 그 발행주식총 수 또는 출자총액의 100분의 50 이상을 소유 또는 출자한 다른 해외현지법인(금융투자업을 영위하고 있는 법인으로 한정한다)을 말한다.,제34조제2항제2호,0.95,정의|대통령령 기준|경영 지배|해외현지법인|주식소유|출자,2026-04-30
대통령령으로 정하는 신용공여,정의함,LOGICAL,다음 각 호의 행위가 법,제34조제2항제3호,0.95,정의함|신용공여,2026-04-30
신용공여,정의함,LOGICAL,신용공여에 해당하는 경우 그 신용공여,제34조제2항,0.95,신용공여|정의,2026-04-30
각 호의 행위,근거함,STRUCTURE,법,제34조제1항,0.8,행위|법,2026-04-30
법,하기,ACTION,안정조작,제176조제3항제1호,0.95,안정조작,2026-04-30
법,하기,ACTION,시장조성,제176조제3항제1호,0.95,시장조성,2026-04-30
제176조제3항제1호,상위조항,STRUCTURE,제176조,제176조제3항제1호,0.9,상위조항,2026-04-30
각 호,의,STRUCTURE,행위 3,제34조제1항,0.9,각 호|행위 3,2026-04-30
각 호,정의함,LOGICAL,행위 3,제34조제1항,0.8,각 호|행위 3,2026-04-30
각 호에 해당하는 사유,인한,LOGICAL,신용공여,제37조제1항,0.95,사유|신용공여,2026-04-30
"주식, 채권 및 약속어음",정의함,LOGICAL,제37조제3항에 따른 비율의 범위,제37조제3항,0.95,정의|비율의 범위,2026-04-30
약속어음,정의함,LOGICAL,제34조제1항제2호 본문에 따른 약속어음,제34조제1항제2호,0.95,정의|약속어음,2026-04-30
금융투자업자,금지함,ACTION,소유행위 of 증권,39조,0.95,소유행위|증권,2026-04-30
금융투자업자,예외로함,LOGICAL,소유행위 of 대주주가 발행한 증권,39조,0.9,대주주가 발행한 증권|소유행위,2026-04-30
거래,준용함,STRUCTURE,법,제39조,0.7,거래|법,2026-04-30
대통령령으로 정하는 행위,정의함,LOGICAL,금융위원회가 정하여 고시하는 단일거래 금액이 자기자본,제34조제3항,0.95,대통령령으로 정하는 행위|금융위원회|단일거래 금액|자기자본,2026-04-30
자기자본,정의함,LOGICAL,소유하거나 신용공여하려는 행위,제37조제3항,0.95,자기자본 정의|소유/신용공여 행위,2026-04-30
자기자본,정의함,LOGICAL,1/10 amount or 10억원 중 적은 금액의 범위,제37조제3항,0.9,자기자본 범위|금액 제한,2026-04-30
자기자본,참조함,STRUCTURE,약관의 규제에 관한 법률,제37조제3항,0.85,자기자본 정의|법률 참조,2026-04-30
거래 금액,제외함,ACTION,단일거래 금액,제2조제1항,0.95,거래 금액 제외|단일거래 금액,2026-04-30
거래 금액,참조함,STRUCTURE,제2조제1항,제2조제1항,0.9,제2조제1항 참조,2026-04-30
대통령령으로 정하는 사항,정의함,LOGICAL,법,제34조제5항,0.99,정의|대통령령으로 정하는 사항,2026-04-30
소유자,요구함,ACTION,보고 항목,제34조제1항제2호,0.95,소유 보고|보고 항목,2026-04-30
금융기관,요구함,ACTION,신용공여의 규모,제34조제2항,0.95,신용공여|보고,2026-04-30
금융기관,요구함,ACTION,신용공여의 증감 금액,제34조제2항,0.95,신용공여|보고,2026-04-30
금융기관,요구함,ACTION,신용공여의 거래조건,제34조제2항,0.95,신용공여|보고,2026-04-30
금융기관,요구함,ACTION,금융위원회가 정하여 고시하는 사항,제34조제2항,0.95,신용공여|보고,2026-04-30
제40조,정의함,LOGICAL,대주주와의 거래 제한 사유,제40조,0.7,제40조|대주주와의 거래 제한 사유,2026-04-30
부당한 영향력 행사,정의함,LOGICAL,부당한 영향력 행사의 범위,41,0.95,부당한 영향력 행사|범위,2026-04-30
대통령령으로 정하는 행위,정의함,LOGICAL,다음 각 호의 어느 하나에 해당 하는 행위,제35조제3호,0.95,대통령령으로 정하는 행위|정의,2026-04-30
대통령령으로 정하는 행위,정의함,LOGICAL,금융투자업자로 하여금 위법행위를 하도록 요구하는 행위,제35조제3호,0.9,금융투자업자|위법행위|요구,2026-04-30
대통령령으로 정하는 행위,정의함,LOGICAL,"금리, 수수료, 담보 등에 있어서 통상적인 거래조건과 다른 조건으로 대주주 자신이나 제3자와의 거래를 요구하는 행위",제35조제3호,0.9,금리|수수료|담보|통상적인 거래조건|대주주|제3자|거래|요구,2026-04-30
조사분석자료,정의함,LOGICAL,작성과정에서 영향력을 행사하는 행위,제71조제2호,0.95,조사분석자료|작성과정에서 영향력을 행사하는 행위,2026-04-30
조사분석자료,참조함,STRUCTURE,제4장 영업행위 규칙 제1절 공통 영업행위 규칙 제1관 신의성실의무 등,제71조제2호,0.85,영업행위 규칙|신의성실의무,2026-04-30
법,제한함,ACTION,상호,제42조,0.9,상호의 제한|법,2026-04-30
대통령령으로 정하는 문자,정의함,LOGICAL,financial investment and similar foreign characters (including Korean representations),38.1,0.95,정의함|대통령령으로 정하는 문자,2026-04-30
대통령령으로 정하는 문자,정의함,LOGICAL,securities(그 한글표기문자를 포함한다)나 그와 비슷한 의미를 가지는 다른 외국어문자(그 한글표기문자를 포함한다),제38조제2항,0.95,정의|대통령령으로 정하는 문자,2026-04-30
대통령령으로 정하는 문자,정의함,LOGICAL,derivatives 또는 futures(그 한글표기문자를 포함한다) 혹은 그와 비슷한 의미를 가지는 다른 외국어문자(그 한글표기문자를 포함한다),제38조제3항,0.95,정의|대통령령으로 정하는 문자,2026-04-30
대통령령으로 정하는 문자,정의함,LOGICAL,"collective investment, pooled investment, investment trust, unit trust 또는 asset management(그 한글표기문자를 포함한다)나 그와 비슷한 의미를 가지는 다른 외국어문자(그 한글표기문자를 포함한다)를 말하며, 같은 항 단서에서 “대통령령으로 정하는 문자”란 investment trust(그 한 글표기문자를 포함한다)나 그와 비슷한 의미를 가지는 다른 외국어문자(그 한글표기문자를 포함한다)를 말한다.",제38조제4항,0.95,정의|대통령령으로 정하는 문자,2026-04-30
대통령령으로 정하는 문자,정의함,LOGICAL,investment advisory(그 한글표기문자를 포함한다) 또는 그와 비슷한 의미를 가지는 다른 외국어문자(그 한글표기문자를 포함한다),제38조제5항,0.95,대통령령으로 정하는 문자|investment advisory,2026-04-30
대통령령으로 정하는 문자,정의함,LOGICAL,discretionary investment,제38조제6항,0.95,정의|대통령령으로 정하는 문자,2026-04-30
대통령령으로 정하는 문자,정의함,LOGICAL,그와 비슷한 의미를 가지는 다른 외국어문자,제38조제6항,0.95,정의|대통령령으로 정하는 문자,2026-04-30
대통령령으로 정하는 문자,정의함,LOGICAL,trust(그 한글표기문자를 포함한다) 또는 그와 비슷한 의미를 가지는 다른 외국어문자(그 한글표기문자를 포함한다),제38조제7항,0.95,정의|대통령령으로 정하는 문자,2026-04-30
업무범위,정의함,LOGICAL,금융투자업자의 업무범위,제43조,0.9,업무범위|금융투자업자,2026-04-30
대통령령으로 정하는 금융투자업자,정의함,LOGICAL,금융투자업자,제40조제1항,0.95,대통령령으로 정하는 금융투자업자|금융투자업자|법,2026-04-30
금융투자업자,적용,ACTION,제40조제1항제3호 및 제4호,제40조제1항제3호 및 제4호,0.95,금융투자업자|제40조제1항제3호 및 제4호,2026-04-30
금융투자업자,예외로함,LOGICAL,투자매매업 또는 투자중개업을 경영하지 아니하는,제40조제1항제3호 및 제4호,0.95,금융투자업자|투자매매업 또는 투자중개업을 경영하지 아니하는,2026-04-30
금융투자업자,정의함,LOGICAL,"경영하는 금융투자업(투자자문업, 투자일임업, 투자자문업 및 투자일임업, 그 밖에 금융위원회가 정하여 고시하는 금융투자업자)",제40조제1항제5호,0.95,정의|금융투자업자|경영|금융투자업|투자자문업|투자일임업|금융위원회 고시,2026-04-30
대통령령으로 정하는 금융관련 법령,정의함,LOGICAL,금융관련법령,제40조제1항제1호,0.99,정의|대통령령|금융관련법령,2026-04-30
대통령령으로 정하는 금융업무,정의함,LOGICAL,다음 각 호의 어느 하나에 해당하는 금융업무,제40조제1항제1호,0.95,정의|금융업무,2026-04-30
일반사무관리회사,수행,ACTION,법제처 29 국가법령정보센터 자본시장과 금융투자업에 관한 법률 시행령에 따른 업무,제254조제8항,0.95,일반사무관리회사|업무 수행|법제처 29 국가법령정보센터 자본시장과 금융투자업에 관한 법률 시행령,2026-04-30
일반사무관리회사,수행,ACTION,외국환거래법에 따른 외국환업무 및 외국환중개업무,제254조제8항,0.95,일반사무관리회사|업무 수행|외국환거래법|외국환업무|외국환중개업무,2026-04-30
일반사무관리회사,수행,ACTION,신용정보의 이용 및 보호에 관한 법률에 따른 본인신용정보관리업,제254조제8항,0.95,일반사무관리회사|업무 수행|신용정보의 이용 및 보호에 관한 법률|본인신용정보관리업,2026-04-30
일반사무관리회사,수행,ACTION,근로자퇴직급여 보장법에 따른 퇴직연금사업자의 업무,제254조제8항,0.95,일반사무관리회사|업무 수행|근로자퇴직급여 보장법|퇴직연금사업자,2026-04-30
일반사무관리회사,수행,ACTION,담보부사채신탁법에 따른 담보부사채에 관한 신탁업무,제254조제8항,0.95,일반사무관리회사|업무 수행|담보부사채신탁법|담보부사채 신탁업무,2026-04-30
일반사무관리회사,수행,ACTION,부동산투자회사법에 따른 자산관리회사의 업무,제254조제8항,0.95,일반사무관리회사|업무 수행|부동산투자회사법|자산관리회사,2026-04-30
일반사무관리회사,수행,ACTION,산업발전법(법률 제9584호 산업발전법 전부개정법률로 개정되기 전의 것을 말한다)에 따른 업무,제254조제8항,0.95,일반사무관리회사|업무 수행|산업발전법|전부개정법률,2026-04-30
기업구조조정전문회사,등록,ACTION,벤처투자 촉진에 관한 법률,14,0.9,벤처투자 촉진|등록,2026-04-30
벤처투자 촉진,정의함,LOGICAL,벤처투자 촉진에 관한 법률,14,0.8,벤처투자 촉진|정의,2026-04-30
벤처투자회사의 업무,정의함,LOGICAL,제2조제10호,제2조제10호,0.95,업무 정의,2026-04-30
벤처투자회사,수행함,ACTION,신기술사업금융업,제2조제10호,0.95,신기술사업금융업|여신전문금융업법,2026-04-30
벤처투자회사,수행함,ACTION,금융업무,제2조제10호,0.95,금융위원회 고시|투자자 보호|건전한 거래질서,2026-04-30
대통령령으로 정하는 금융업무,정의함,LOGICAL,자산유동화에 관한 법률에 따른 자산관리자의 업무와 유동화전문회사업무의 수탁업무,제40조제1항제5호,0.95,정의|금융업무|자산유동화,2026-04-30
대통령령으로 정하는 금융업무,정의함,LOGICAL,투자자계좌에 속한 증권ㆍ금전 등에 대한 제3자 담보권의 관리업무,제40조제1항제5호,0.95,정의|금융업무|투자자계좌|제3자 담보권,2026-04-30
대통령령으로 정하는 금융업무,정의함,LOGICAL,상법,제40조제1항제5호,0.9,정의|금융업무|상법,2026-04-30
대통령령으로 정하는 금융업무,예외로함,LOGICAL,제4호의 업무,제40조제1항제5호,0.8,다만|조건|제4호|증권에 대한 투자매매업을 경영하는 경우,2026-04-30
사채모집의 수탁업무,정의함,LOGICAL,제484조제1항에 따른 사채모집의 수탁업무,제484조제1항,0.9,사채모집의 수탁업무 정의,2026-04-30
사채모집의 수탁업무,참조함,STRUCTURE,제484조제1항,제484조제1항,0.8,제484조제1항 참조,2026-04-30
기업금융업무,정의함,LOGICAL,"대출업무, 증권의 대차거래와 그 중개ㆍ주선 또는 대리업무, 지급보증업무, 원화로 표시된 양도성 예금증서의 매매와 그 중개ㆍ주선 또는 대리업무, 대출채권, 그 밖의 채권의 매매와 그 중개ㆍ주선 또는 대리업무, 대출의 중개ㆍ주선 또는 대리업무, 그 밖에 투자자 보호 및 건전한 거래질서를 해칠 염려가 없는 금융업무로서 금융위원회가 정하여 고시하는 금 융업무",제71조제3호,0.95,기업금융업무 정의,2026-04-30
금융위원회,정하고 고시한다,ACTION,업무의 구체적인 범위,제71조제3호,0.95,정하고 고시,2026-04-30
금융위원회,정하고 고시한다,ACTION,필요한 사항,제416조,0.95,조치명령의 세부 기준 및 절차|필요한 사항,2026-04-30
공고 방법 및 절차,참조함,STRUCTURE,제40조제4항,제40조제4항,0.95,공고 방법 및 절차|제40조제4항,2026-04-30
준용,준용함,LOGICAL,제44조,제44조,0.95,준용|제44조,2026-04-30
금융위원회,요구함,ACTION,금융투자업자,제44조,0.85,공고,2026-04-30
금융위원회,공고,ACTION,각 호의 사항,제41조제1항,0.95,공고|부수업무 보고|7일 이내,2026-04-30
금융위원회,근거함,STRUCTURE,제41조제4항,제41조제1항,0.9,제41조제4항,2026-04-30
금융위원회,공고,ACTION,인터넷 홈페이지 등에,제41조제2항,0.95,제한명령|시정명령|지체 없이|다음 각 호의 사항,2026-04-30
제41조제2항,참조함,STRUCTURE,제41조제4항,제41조제2항,0.9,제한명령|시정명령,2026-04-30
금융위원회,요구함,ACTION,공고,제41조제2항,0.95,제한명령|시정명령,2026-04-30
위탁 금지 업무범위,정의함,LOGICAL,업무범위,제45조,0.9,위탁 금지 업무범위 정의,2026-04-30
내부통제업무,정의함,LOGICAL,금융회사의 지배구조에 관한 법률,제42조제1항,0.95,내부통제업무 정의|금융회사의 지배구조에 관한 법률,2026-04-30
내부통제업무,예외로함,LOGICAL,금융위원회가 정하여 고시하는 업무,제42조제1항,0.9,예외|금융위원회 고시,2026-04-30
내부통제업무,참조함,STRUCTURE,대통령령,제42조제1항,0.85,대통령령|근거,2026-04-30
준법감시인,정의함,LOGICAL,준법감시인,제25조제1항,0.9,준법감시인|정의,2026-04-30
준법감시인,요구함,ACTION,금융회사의 지배구조에 관한 법률,제25조제1항,0.95,준법감시인|업무|금융회사의 지배구조에 관한 법률,2026-04-30
준법감시인,준용함,STRUCTURE,제25조제1항,제25조제1항,0.9,준법감시인|제25조제1항,2026-04-30
위험관리책임자,요구함,ACTION,내부감사업무,제28조제1항,0.95,위험관리책임자|내부감사업무,2026-04-30
금융투자업자,요구함,ACTION,업무위탁의 보고,제46조,0.85,업무위탁의 보고|금융투자업자,2026-04-30
업무위탁의 보고,정의함,LOGICAL,금융투자업자가 보고해야 하는 업무위탁에 관한 사항,제46조,0.7,업무위탁의 보고|정의,2026-04-30
본질적 업무,정의함,LOGICAL,법,제42조제1항,0.7,본질적 업무 정의,2026-04-30
본질적 업무,근거함,STRUCTURE,제42조제1항,제42조제1항,0.9,근거,2026-04-30
업무를 위탁받은 자,보고해야 한다,ACTION,금융위원회,제42조제4항,0.95,보고 의무|업무위탁,2026-04-30
업무를 위탁받은 자,보고 시기,LOGICAL,7일 전,제42조제4항,0.92,본질적 업무,2026-04-30
업무를 위탁받은 자,보고 시기,LOGICAL,14일 이내,제42조제4항,0.92,그 밖의 업무,2026-04-30
업무를 위탁받은 자,첨부서류,ACTION,업무위탁계약서 사본,제42조제4항,0.9,보고 의무|업무위탁계약서,2026-04-30
업무위탁계약,참조함,STRUCTURE,제42조제7항,제42조제7항,0.9,업무위탁계약|제42조제7항,2026-04-30
준법감시인,제공,ACTION,검토의견 및 관련 자료,제42조제3항,0.95,검토의견 및 관련 자료|준법감시인,2026-04-30
준법감시인,정의함,LOGICAL,감사 등 이에 준하는 자,제42조제3항,0.9,준법감시인|감사 등 이에 준하는 자,2026-04-30
외국 금융투자업자,허용함,ACTION,본질적 업무,제42조제4항,0.92,본질적 업무|본질적 업무 위탁|외국 금융투자업자,2026-04-30
금융위원회,정하는,ACTION,서류,제47조제2항,0.95,정하는|서류,2026-04-30
금융위원회,고시하는,ACTION,서류,제47조제2항,0.95,고시함|서류,2026-04-30
서류,정의함,LOGICAL,요건을 갖춘 자임을 증명하는 서류,제47조제2항,0.9,정의함|서류,2026-04-30
서류,정의함,LOGICAL,투자자 보호나 건전한 거래질서를 위하여 필요한 서류,제47조제2항,0.85,정의함|서류,2026-04-30
대통령령으로 정하는 사항,정의함,LOGICAL,업무위탁계약의 해지에 관한 사항,제42조제2항제4호,0.99,대통령령으로 정하는 사항|업무위탁계약의 해지에 관한 사항,2026-04-30
대통령령으로 정하는 사항,정의함,LOGICAL,위탁보수 등에 관한 사항,제42조제2항제4호,0.99,대통령령으로 정하는 사항|위탁보수 등에 관한 사항,2026-04-30
대통령령으로 정하는 사항,정의함,LOGICAL,그 밖에 업무위탁에 따른 이해상충방지체계 등 금융위원회가 정하여 고시하는 사항,제42조제2항제4호,0.99,대통령령으로 정하는 사항|그 밖에 업무위탁에 따른 이해상충방지체계 등 금융위원회가 정하여 고시하는 사항,2026-04-30
제한명령 또는 시정명령,요구함,ACTION,문서,제42조제3항,0.95,제한명령|시정명령|문서,2026-04-30
문서,정의함,LOGICAL,내용과 사유가 구체적으로 기재된 문서,제42조제3항,0.95,문서|내용과 사유|구체적으로 기재된,2026-04-30
본질적 업무의 범위,정의함,LOGICAL,법,제47조,0.7,본질적 업무의 범위|법,2026-04-30
업무,정의함,LOGICAL,대통령령으로 정하는 업무,제42조제4항,0.95,정의|업무|대통령령,2026-04-30
대통령령으로 정하는 업무,정의함,LOGICAL,금융투자업의 종류별로 다 음 각 호에서 정한 업무,제42조제4항,0.9,정의|업무|금융투자업,2026-04-30
금융위원회가 정하여 고시하는 업무,예외로함,LOGICAL,대통령령으로 정하는 업무,제42조제4항,0.85,예외|금융위원회|업무,2026-04-30
투자매매업의 업무,정의함,LOGICAL,계약의 체결과 해지업무,제42조제4항,0.9,투자매매업|업무|계약,2026-04-30
투자중개업의 업무,정의함,LOGICAL,다음 각 목의 업무,제42조제4항,0.9,투자중개업|업무,2026-04-30
업무,한정한다,ACTION,게재 내용의 사실확인 업무 및 청약의 접수ㆍ전달ㆍ집행ㆍ확인 업무,제117조의11,0.95,업무 범위|한정,2026-04-30
투자신탁,요구함,ACTION,신탁계약 체결·해지업무,제9조제18항제1호,0.95,투자신탁|신탁계약|체결|해지,2026-04-30
투자유한회사,요구함,ACTION,설립업무,제9조제18항제1호,0.95,투자유한회사|설립업무,2026-04-30
투자합자회사,요구함,ACTION,설립업무,제9조제18항제1호,0.95,투자합자회사|설립업무,2026-04-30
투자유한책임회사,요구함,ACTION,설립업무,제9조제18항제1호,0.95,투자유한책임회사|설립업무,2026-04-30
투자합자조합,요구함,ACTION,설립업무,제9조제18항제1호,0.95,투자합자조합|설립업무,2026-04-30
투자익명조합,요구함,ACTION,설립업무,제9조제18항제1호,0.95,투자익명조합|설립업무,2026-04-30
집합투자재산,요구함,ACTION,운용·운용지시업무,제9조제18항제1호,0.95,집합투자재산|운용업무|운용지시업무,2026-04-30
집합투자재산,요구함,ACTION,평가업무,제9조제18항제1호,0.95,집합투자재산|평가업무,2026-04-30
투자자문업인,요구함,ACTION,투자자문계약 체결·해지업무,제9조제18항제1호,0.95,투자자문업인|투자자문계약|체결|해지,2026-04-30
투자자문업인,요구함,ACTION,투자판단 제공업무,제9조제18항제1호,0.95,투자자문업인|투자판단 제공업무,2026-04-30
투자일임업인,요구함,ACTION,투자일임계약 체결·해지업무,제9조제18항제1호,0.95,투자일임업인|투자일임계약|체결|해지,2026-04-30
투자일임업인,요구함,ACTION,투자일임재산 운용업무,제9조제18항제1호,0.95,투자일임업인|투자일임재산|운용업무,2026-04-30
신탁업인,요구함,ACTION,신탁계약 체결·해지업무,제9조제18항제1호,0.95,신탁업인|신탁계약|체결|해지,2026-04-30
신탁업인,요구함,ACTION,신탁재산 보관·관리업무,제9조제18항제1호,0.95,신탁업인|신탁재산|보관·관리업무,2026-04-30
신탁업인,요구함,ACTION,집합투자재산 보관·관리업무,제9조제18항제1호,0.95,신탁업인|집합투자재산|보관·관리업무,2026-04-30
신탁업인,요구함,ACTION,신탁재산 운용업무,제9조제18항제1호,0.95,신탁업인|신탁재산|운용업무,2026-04-30
대통령령으로 정하는 요건,정의함,LOGICAL,외국 금융투자업자가 소재한 국가에서 외국 금융감독기관의 허가ㆍ인가ㆍ등록 등을 받아 위탁받으려는 금융투자업 또는 법,제42조제4항,0.95,정의|대통령령|요건,2026-04-30
영업,정의함,LOGICAL,금융업무에 상 당하는 영업을 하는 것,제40조제1항제1호,0.95,영업|정의|금융업무에 상 당하는 영업,2026-04-30
영업,참조함,STRUCTURE,제40조제1항제1호,제40조제1항제1호,0.9,영업|참조|제40조제1항제1호,2026-04-30
제48조,정의함,LOGICAL,삭제,48,0.95,삭제,2026-04-30
업무위탁 관련 정보제공기준,정의함,LOGICAL,법,49,0.9,업무위탁 관련 정보제공기준|법,2026-04-30
대통령령으로 정하는 기준,정의함,LOGICAL,제공하는 정보는 위탁한 업무와 관련한 정보일 것,제42조제6항,0.92,정의|대통령령 기준,2026-04-30
대통령령으로 정하는 기준,정의함,LOGICAL,정보제공과 관련된 기록을 유지할 것,제42조제6항,0.92,정의|대통령령 기준,2026-04-30
대통령령으로 정하는 기준,정의함,LOGICAL,제공하는 정보에 대한 수탁자의 정보이용에 관하여 관리ㆍ감독이 가능할 것,제42조제6항,0.92,정의|대통령령 기준,2026-04-30
업무위탁 운영기준,포함하여야 한다,ACTION,업무위탁에 따른 위험관리ㆍ평가에 관한 사항,제42조제7항,0.95,포함|업무위탁 운영기준|위험관리ㆍ평가,2026-04-30
업무위탁 운영기준,포함하여야 한다,ACTION,업무위탁의 결정ㆍ해지절차에 관한 사항,제42조제7항,0.95,포함|업무위탁 운영기준|결정ㆍ해지절차,2026-04-30
업무위탁 운영기준,포함하여야 한다,ACTION,수탁자에 대한 관리ㆍ감독에 관한 사항,제42조제7항,0.95,포함|업무위탁 운영기준|수탁자 관리ㆍ감독,2026-04-30
업무위탁 운영기준,포함하여야 한다,ACTION,투자자정보 보호에 관한 사항,제42조제7항,0.95,포함|업무위탁 운영기준|투자자정보 보호,2026-04-30
업무위탁 운영기준,포함하여야 한다,ACTION,수탁자의 부도 등 우발상황에 대한 대책에 관한 사항,제42조제7항,0.95,포함|업무위탁 운영기준|부도 대책,2026-04-30
업무위탁 운영기준,포함하여야 한다,ACTION,위탁업무와 관련하여 자료를 요구할 수 있는 수단 확보에 관한 사항,제42조제7항,0.95,포함|업무위탁 운영기준|자료 요구 수단,2026-04-30
업무위탁 운영기준,포함하여야 한다,ACTION,그 밖에 금융위원회가 정하여 고시하는 사항,제42조제7항,0.95,포함|업무위탁 운영기준|금융위원회 고시,2026-04-30
업무위탁 운영기준,근거함,STRUCTURE,제42조제7항,제42조제7항,0.9,근거|제42조제7항|업무위탁 운영기준,2026-04-30
법령,준용한다,ACTION,제42조제2항 및 제3항,제42조,0.95,준용|법령,2026-04-30
법,예외로함,LOGICAL,"제1항, 제5항, 제9항",제42조,1.0,제외|법,2026-04-30
제43조,준용,STRUCTURE,제43조,제43조,0.95,준용,2026-04-30
제43조,준용,STRUCTURE,제43조 제2항,제43조,0.95,준용,2026-04-30
제43조,준용,STRUCTURE,제43조 제3항,제43조,0.95,준용,2026-04-30
제43조,준용,STRUCTURE,제43조 제6항,제43조,0.95,준용,2026-04-30
금융투자업자,보고한다,ACTION,금융위원회,제42조,0.95,재위탁 계약 보고|금융투자업자|금융위원회|재위탁 계약의 내용,2026-04-30
금융투자업자,정한다,ACTION,업무재위탁 운영기준,제42조,0.9,업무재위탁 운영기준|금융투자업자,2026-04-30
금융투자업자,기록하고 통보한다,ACTION,업무위탁 내용 및 투자자,제42조,0.9,업무위탁 내용|투자자|금융투자업자,2026-04-30
재위탁 계약 보고,적용하지 않는다,ACTION,제4항,제42조,0.85,재위탁 계약 보고|제4항|적용하지 않는다,2026-04-30
대통령령으로 정하는 경우,정의함,LOGICAL,이 영 별표 5 각 호의 어느 하나에 해당하는 경우,제43조,0.95,대통령령으로 정하는 경우|영 별표 5 각 호,2026-04-30
대통령령으로 정하는 경우,참조함,STRUCTURE,법 별표 1 제312호,제43조,0.9,대통령령으로 정하는 경우|법 별표 1 제312호,2026-04-30
대통령령으로 정하는 경우,참조함,STRUCTURE,제43조제2항제4호,제43조,0.9,대통령령으로 정하는 경우|제43조제2항제4호,2026-04-30
정보교류 차단,정의함,LOGICAL,금융투자업자,50,0.8,정보교류 차단|금융투자업자,2026-04-30
제45조,정의함,LOGICAL,None,45,0.3,제45조,2026-04-30
교류차단대상정보,정의함,LOGICAL,미 공개중요정보 등 대통령령으로 정하는 정보,제174조제1항,0.95,교류차단대상정보 정의|미공개중요정보,2026-04-30
교류차단대상정보,예외로함,LOGICAL,금융위 원회가 정하여 고시하는 정보,제174조제1항,0.9,예외|금융위원회 고시,2026-04-30
미공개중요정보,정의함,LOGICAL,"각 호 외의 부분에 따른 미공개중요정보(이하 “미공개중요정보”라 한다) 1. 투자자의 금융투자상품 매매 또는 소유 현황에 관한 정보로서 불특정 다수인이 알 수 있도록 공개되기 전의 정보 2. 집합투자재산, 투자일임재산 및 신탁재산의 구성내역과 운용에 관한 정보로서 불특정 다수인이 알 수 있도록 공개되기 전의 정보 3. 그 밖에 제1호부터 제3호까지의 정보에 준하는 것으로서 금융위원회가 정하여 고시하는 정보",제174조제1항,0.98,미공개중요정보|정의,2026-04-30
대통령령으로 정하는 사항,정의함,LOGICAL,이해상충 발생을 방지하기 위한 조직 및 인력의 운영,제45조제3항제3호,0.95,정의|대통령령|정하는,2026-04-30
대통령령으로 정하는 사항,정의함,LOGICAL,이해상충 발생 우려가 있는 거래의 유형화,제45조제3항제3호,0.95,정의|대통령령|정하는,2026-04-30
대통령령으로 정하는 사항,정의함,LOGICAL,교류차단대상정보의 활용에 관련된 책임소재,제45조제3항제3호,0.95,정의|대통령령|정하는,2026-04-30
대통령령으로 정하는 사항,정의함,LOGICAL,금융위원회가 정하여 고시하는 사항,제45조제3항제3호,0.95,정의|대통령령|정하는,2026-04-30
대통령령으로 정하는 사항,정의함,LOGICAL,정보교류 차단 업무를 독립적으로 총괄하는 임원,제45조제4항제3호,0.95,정의함|대통령령으로 정하는 사항,2026-04-30
대통령령으로 정하는 사항,참조함,STRUCTURE,제45조제4항제3호,제45조제4항제3호,0.9,참조함|정의,2026-04-30
협회,요구함,ACTION,상시적 감시체계의 운영,제401조의2제1항,0.95,정보교류 차단|감시체계,2026-04-30
협회,요구함,ACTION,내부통제기준 중 정보교류 차단과 관련된 주요 내용의 공개,제401조의2제1항,0.95,정보교류 차단|내부통제기준,2026-04-30
협회,요구함,ACTION,총괄ㆍ집행책임자의 지정ㆍ운영,제401조의2제1항,0.9,총괄ㆍ집행책임자|지정|운영,2026-04-30
금융위원회,정하여 고시함,ACTION,그 밖에 제1호부터 제3호까지의 사항에 준하는 것,제401조의2제1항,0.85,정하여 고시함|제1호부터 제3호까지,2026-04-30
내부통제기준,권장할 수 있다,ACTION,금융투자업자,제45조,0.95,내부통제기준|정보교류의 효율적 차단,2026-04-30
내부통제기준,참조함,STRUCTURE,제45조,제45조,0.9,제45조|내부통제기준,2026-04-30
제51조,삭제함,ACTION,제51조는 삭제됨,51조,0.95,삭제,2026-04-30
삭제,정의함,LOGICAL,제52조,제52조,0.6,삭제,2026-04-30
제52조의2,삭제함,ACTION,법령,제52조의2,0.95,삭제|제52조의2,2026-04-30
삭제,삭제함,STRUCTURE,제53조,53,0.95,삭제|제53조,2026-04-30
삭제,정의함,LOGICAL,제54조,54,0.9,삭제|제54조,2026-04-30
제55조,삭제함,ACTION,삭제된 조항,55,0.95,삭제|제55조,2026-04-30
투자권유대행인,정의함,LOGICAL,투자권유대행인,56,0.95,투자권유대행인|정의,2026-04-30
대통령령으로 정하는 자격,정의함,LOGICAL,다음 각 목의 어느 하나에 해당하는 자일 것 가. 법,제51조제1항제2호,0.85,정의|자격,2026-04-30
합격한 자,합격,ACTION,시험,제286조,0.95,투자권유자문인력|시험,2026-04-30
투자권유자문인력,정의함,LOGICAL,합격한 자,제286조,0.9,투자권유자문인력|합격한 자,2026-04-30
협회,시행함,ACTION,시험,제286조,0.85,협회|시험,2026-04-30
합격한 자,완료할 것,ACTION,협회가 정하여 금융위원회의 인정을 받은 교육,제286조제1항제3호,0.9,합격한 자|교육|협회|금융위원회,2026-04-30
합격한 자,정의함,LOGICAL,보험설계사ㆍ보험대리점 또는 보험중개사의 등록요건을 갖춘 개인으로서 보험모집에 종사하고 있는 자(집합투자증권의 투자권유를 대행하는 경우만 해당한다),제286조제1항제3호,0.8,합격한 자|보험설계사|보험대리점|보험중개사|등록요건|보험모집|집합투자증권|투자권유,2026-04-30
금융위원회,위탁함,ACTION,등록업무,제57조,0.95,등록업무의 위탁,2026-04-30
협회,체결,ACTION,위탁계약,제51조제3항,0.95,위탁계약|협회,2026-04-30
제51조,상위조항,STRUCTURE,제51조제5항부터 제8항까지,제51조,0.8,제51조|제51조제5항부터 제8항까지,2026-04-30
협회,준수함,ACTION,제58조제3항 및 제4항,58,0.95,제58조제3항|제58조제4항,2026-04-30
협회,보고함,ACTION,등록현황,58,0.95,등록현황|보고,2026-04-30
금융위원회,정의함,LOGICAL,협회,58,0.9,금융위원회|협회,2026-04-30
등록의 방법 및 절차,정의함,LOGICAL,법,제118조의5,0.95,등록의 방법 및 절차|법,2026-04-30
등록신청서,요구함,ACTION,상호,제51조제4항,0.95,등록신청서|상호,2026-04-30
등록신청서,요구함,ACTION,법,제51조제4항,0.9,등록신청서|법,2026-04-30
등록신청서,참조함,STRUCTURE,제51조제4항,제51조제4항,0.9,제51조제4항,2026-04-30
등록신청서,첨부해야 한다,ACTION,서류,제42조,0.97,등록신청서|서류,2026-04-30
등록신청서,첨부해야 한다,ACTION,주민등록증 사본,제51조제9항,0.9,등록신청서|주민등록증 사본,2026-04-30
등록신청서,첨부해야 한다,ACTION,계약서 사본,제51조제9항,0.9,등록신청서|계약서 사본,2026-04-30
금융위원회,정하여 고시하는,ACTION,서류,제51조제1항제2호,0.95,정하여 고시하는|등록 검토에 필요한 서류,2026-04-30
등록 검토에 필요한 서류,정의함,LOGICAL,서류,제51조제1항제2호,0.9,등록 검토에 필요한 서류|정의함,2026-04-30
등록의 신청내용,제51조에 따른,STRUCTURE,제51조,51,0.95,제51조에 따른,2026-04-30
등록의 신청내용,확인함,ACTION,사실,51,0.95,확인,2026-04-30
등록의 신청내용,확인함,ACTION,법,51,0.95,확인,2026-04-30
금융위원회,검토함,ACTION,등록요건,제51조제1항,0.95,검토|등록요건,2026-04-30
금융위원회,내주함,ACTION,투자권유대행인 등록증 (신청인에게),제51조제1항,0.95,내주|등록증,2026-04-30
금융위원회,정하여 고시함,ACTION,필요한 사항,제51조제1항,0.9,정하여 고시|필요한 사항,2026-04-30
등록요건,정의함,STRUCTURE,제2조,제51조제1항,0.85,등록요건|제2조,2026-04-30
법제처,삭제,ACTION,제59조,제59조,0.95,삭제|법제처|제59조,2026-04-30
직무관련 정보의 이용 금지,정의함,LOGICAL,제59조,제59조,0.9,직무관련 정보의 이용 금지|정의함|제59조,2026-04-30
약관,정의함,LOGICAL,법,제59조의2,0.6,약관|법,2026-04-30
단서에 따라 사전신고하는 경우,예외로함,LOGICAL,사전신고,제56조제1항,0.95,단서에 따라 사전신고하는 경우|사전신고,2026-04-30
법,정의함,LOGICAL,약관을 제정하거나 변경하는 경우 (보고 또는 신고된 약관과 동일하거나 유사한 내용),제56조제1항,0.9,약관 제정/변경|보고 또는 신고된 약관과 동일하거나 유사한 내용,2026-04-30
표준약관,요구함,ACTION,약관,제56조제3항,0.95,표준약관|제정|변경,2026-04-30
금융위원회,권한을가짐,ACTION,약관을 제정하거나 변경하는 경우,제56조제7항,0.9,금융위원회|약관|제정|변경,2026-04-30
제56조제7항에 따른 변경명령,간주함,LOGICAL,약관을 제정하거나 변경하는 경우,제56조제7항,0.8,제56조제7항에 따른 변경명령|약관|제정|변경,2026-04-30
법령의 제정 또는 개정,간주함,LOGICAL,약관을 제정하거나 변경하는 경우,제56조제7항,0.8,법령의 제정 또는 개정|약관|제정|변경,2026-04-30
제60조,삭제됨,STRUCTURE,2021. 3. 23.,60,0.95,삭제|제60조,2026-04-30
삭제,정의함,LOGICAL,제61조,61,0.9,삭제|제61조,2026-04-30
금융투자업자,요구함,ACTION,자료의 기록ㆍ유지,제62조,0.9,자료의 기록ㆍ유지|법적 강제성,2026-04-30
금융기관,기록·유지,ACTION,자료,제60조제1항,0.95,자료 기록·유지|금융기관 의무,2026-04-30
금융위원회,고시할 수 있다,ACTION,기간 단축,제60조제1항,0.9,기간 단축|고시|투자자 보호,2026-04-30
다자간매매체결업무 관련 자료,보존,ACTION,10년,제8조의2제5항,0.9,자료 보존 기간|다자간매매체결업무,2026-04-30
집합투자재산 운용 관련 자료,보존,ACTION,10년,제8조의2제5항,0.9,자료 보존 기간|집합투자재산 운용,2026-04-30
매매계좌 설정·약정 등 투자자와 체결한 계약 관련 자료,보존,ACTION,10년,제8조의2제5항,0.9,자료 보존 기간|계약 관련 자료,2026-04-30
업무위탁 관련 자료,보존,ACTION,5년,제8조의2제5항,0.9,자료 보존 기간|업무위탁,2026-04-30
부수업무 관련 자료,보존,ACTION,5년,제8조의2제5항,0.9,자료 보존 기간|부수업무,2026-04-30
영업 관련 자료,보존,ACTION,5년,제8조의2제5항,0.9,자료 보존 기간|영업,2026-04-30
재무에 관한 자료,보존,ACTION,10년,제8조의2제5항,0.9,자료 보존 기간|재무,2026-04-30
주주총회 또는 이사회 결의 관련 자료,보존,ACTION,10년,제8조의2제5항,0.9,자료 보존 기간|주주총회|이사회 결의,2026-04-30
소유증권의 예탁,정의함,LOGICAL,법,63,0.7,소유증권의 예탁|법,2026-04-30
대통령령으로 정하는 경우,정의함,LOGICAL,"법 및 이 영, 그 밖에 다른 법령에 따라 해당 증권을 예탁결제원에 예탁할 수 있는 증권 또는 증서로 발행할 수 없는 경우",제61조제1항,0.92,법 및 이 영|예탁결제원,2026-04-30
대통령령으로 정하는 경우,정의함,LOGICAL,발행인이 투자자와 해당 증권을 예탁결제원에 예탁할 수 있는 증권 또는 증서로 발행하지 아니할 것을 발행조건 등에 따라 약정하는 경우,제61조제1항,0.92,발행인|투자자|예탁결제원,2026-04-30
대통령령으로 정하는 경우,정의함,LOGICAL,금융위원회가 정하여 고시하는 외국 보관기관에 예탁하는 경우,제61조제1항,0.92,금융위원회|외국 보관기관|외국환거래법,2026-04-30
외화증권,예탁할 수 없다,ACTION,예탁 결제원,제3조제1항제8호,0.95,외화증권 예탁 제한,2026-04-30
대통령령으로 정하는 방법,정의함,LOGICAL,금융위원회가 정하여 고시하는 외국 보관기관에 개설된 예탁결제원 계좌로 계좌대체 등을 통하여 예탁하는 방법,제61조제2항,0.95,정의함|대통령령으로 정하는 방법,2026-04-30
금융투자상품 매매,정의함,LOGICAL,제64조,64,0.6,임직원|금융투자상품 매매,2026-04-30
자 2,정의함,LOGICAL,제8조제9항제1호 및 제2호,제8조제9항제1호 및 제2호의 자 2.,0.95,자 2|제8조제9항제1호 및 제2호,2026-04-30
자 ② 법,구성함,STRUCTURE,제7조의2제1호부터 제3호까지 및 제5호부터 제9호까지,제7조의2,0.85,자 ② 법|제7조의2,2026-04-30
금융투자상품 매매,제63조제1항에 따라,STRUCTURE,제63조제1항,제63조제1항,0.95,금융투자상품 매매|제63조제1항,2026-04-30
금융투자상품 매매,법에 따라,STRUCTURE,법,제63조제1항,0.9,금융투자상품 매매|법,2026-04-30
각 호,요구함,ACTION,방법,제63조제1항,0.95,방법|각 호,2026-04-30
투자일임계약에 따라 매매 되는 경우,준용함,STRUCTURE,법,제9조제4항,0.85,투자일임계약|제9조제4항,2026-04-30
제63조제1항제3호,금지함,ACTION,제63조제1항제3호,제63조제1항제3호,0.95,적용 제외,2026-04-30
주권,정의함,LOGICAL,장외거래 방법에 의하여 매매가 이루어지는 주권,제178조제1항제1호,0.9,주권|장외거래 방법|매매,2026-04-30
주권,예외로함,LOGICAL,법,제178조제1항제1호,0.8,주권|법,2026-04-30
지분증권,정의함,LOGICAL,투자회사(이하 “투자회사”라 한다)의 주권과 투자유한회사ㆍ투자합자회사ㆍ투자자유한책임회사ㆍ투자합자조합ㆍ투자익명조합의 지분증권,제9조제18항제2호,0.95,지분증권 정의|투자회사 주권,2026-04-30
지분증권,참조함,STRUCTURE,근로복지기본법,제9조제18항제2호,0.9,근로복지기본법 참조,2026-04-30
주식,정의함,LOGICAL,우리사주조합이 설립된 회사의 주식,33,0.95,주식 정의|우리사주조합|주식,2026-04-30
우리사주조합,허용함,ACTION,주식,33,0.95,주식 취득|우리사주조합|주식,2026-04-30
우리사주조합,허용함,ACTION,증권예탁증권,33,0.9,증권예탁증권 취득|우리사주조합|증권예탁증권,2026-04-30
우리사주조합,허용함,ACTION,주권 관련 사채권,33,0.9,주권 관련 사채권 취득|우리사주조합|주권 관련 사채권,2026-04-30
주식,참조함,STRUCTURE,제33조,33,0.9,제33조 참조,2026-04-30
주권 관련 사채권,정의함,LOGICAL,"지분증권 및 증권예탁증권과 관련된 것, 파생결합증권(지수 변동 연계)",제68조제4항,0.95,주권 관련 사채권 정의|지분증권|증권예탁증권|파생결합증권,2026-04-30
파생결합증권,예외로함,LOGICAL,주권 관련 사채권,제68조제4항,0.9,파생결합증권 예외|주권 관련 사채권,2026-04-30
대통령령으로 정하는 경우,정의함,LOGICAL,둘 이상의 회사를 통하여 매매할 수 있는 경우,제63조제1항제2호,0.9,대통령령으로 정하는 경우|둘 이상의 회사|매매,2026-04-30
대통령령으로 정하는 경우,정의함,LOGICAL,둘 이상의 계좌를 통하여 매매할 수 있는 경우,제63조제1항제2호,0.9,대통령령으로 정하는 경우|둘 이상의 계좌|매매,2026-04-30
대통령령으로 정하는 경우,정의함,LOGICAL,그 밖에 금융위원회가 정하여 고시하는 경우,제63조제1항제2호,0.85,대통령령으로 정하는 경우|금융위원회|고시,2026-04-30
소속 금융투자업자,신고할 것,ACTION,준법감시인(감사 등 이에 준하는 자),제63조제1항제4호,0.95,신고|준법감시인|감사 등 준수자,2026-04-30
소속 금융투자업자,준수,ACTION,소명의 요구,제63조제1항제4호,0.95,소명의 요구|준수,2026-04-30
소속 금융투자업자,준수,ACTION,내부통제기준으로 정하는 사항,제63조제1항제4호,0.95,내부통제기준|준수,2026-04-30
소속 금융투자업자,준수,ACTION,금융위원회가 정하여 고시하는 방법과 절차,제63조제1항제4호,0.95,금융위원회 고시|방법과 절차|준수,2026-04-30
고객응대직원 보호 조치,정의함,LOGICAL,고객응대직원 보호를 위한 조치,제64조의2,0.6,고객응대직원 보호 조치|고객응대직원 보호,2026-04-30
법적 조치,정의함,LOGICAL,관할 수사기관 등에 고발,제63조의2제1항제4호,0.95,법적 조치 정의|고발,2026-04-30
법적 조치,정의함,LOGICAL,관할 수사기관 등에 필요한 조치 요구,제63조의2제1항제4호,0.95,법적 조치 정의|조치 요구,2026-04-30
법적 조치,정의함,LOGICAL,"고소, 고발, 손해배상 청구 등의 조치",제63조의2제1항제4호,0.95,법적 조치 정의|고소·고발·손해배상 청구,2026-04-30
법적 조치,정의함,LOGICAL,교육 실시,제63조의2제1항제4호,0.95,법적 조치 정의|교육 실시,2026-04-30
법적 조치,정의함,LOGICAL,고시하는 조치,제63조의2제1항제4호,0.95,법적 조치 정의|고시 조치,2026-04-30
외국 금융투자업자,정의함,LOGICAL,영업기금 등,65,0.6,외국 금융투자업자|영업기금 등,2026-04-30
영업기금,정의함,LOGICAL,"외국 금융투자업자가 지점, 그 밖의 영업소를 설치하거나 영업을 하기 위하여 그 지점, 그 밖의 영업소에 공급한 원화자금",제65조제1항,0.95,영업기금 정의|외국 금융투자업자|지점|영업소|원화자금,2026-04-30
영업기금,정의함,LOGICAL,"외국 금융투자업자의 지점, 그 밖의 영업소(이하 이 조에서 “국내지점등”이라 한다)의 적립금으로부터 전입한 자금",제65조제1항,0.95,영업기금 정의|외국 금융투자업자|지점|영업소|적립금|전입한 자금,2026-04-30
영업기금,정의함,LOGICAL,"외국 금융투자업자가 지점, 그 밖의 영업소를 추가로 설치하기 위하여 이미 국내에 설치된 지점, 그 밖의 영업소 의 이월이익잉여금에서 전입한 자금",제65조제1항,0.95,영업기금 정의|외국 금융투자업자|지점|영업소|이월이익잉여금|전입한 자금,2026-04-30
국내지점등,두어야 한다,ACTION,자산,제65조제2항,0.95,자산 보유 방법|국내지점등|자산,2026-04-30
국내지점등,두어야 한다,ACTION,현금이나 국내 금융기관에 대한 예금ㆍ적금ㆍ부금,제65조제2항,0.9,자산 보유 방법|현금|예금|적금|부금,2026-04-30
국내지점등,두어야 한다,ACTION,국내에 예탁하거나 보관된 증권,제65조제2항,0.9,자산 보유 방법|증권,2026-04-30
국내지점등,두어야 한다,ACTION,"국내에 있는 자에 대한 대여금, 그 밖의 채권",제65조제2항,0.9,자산 보유 방법|대여금|채권,2026-04-30
국내지점등,두어야 한다,ACTION,국내에 있는 고정자산,제65조제2항,0.9,자산 보유 방법|고정자산,2026-04-30
국내지점등,두어야 한다,ACTION,그 밖에 국내법에 따라 강제집행이 가능한 자산 중 금융위원회가 정하여 고시하는 자산,제65조제2항,0.9,자산 보유 방법|강제집행|자산,2026-04-30
국내지점등,준수해야 한다,ACTION,본점과 독립하여 결산할 것,제65조제2항,0.9,결산|본점|독립,2026-04-30
제65조제2항,근거함,STRUCTURE,국내지점등이 국내에 자산을 두어야 하는 방법,제65조제2항,0.95,제65조제2항|국내지점등|자산,2026-04-30
자산 보유 방법,정의함,LOGICAL,국내지점등이 국내에 자산을 두어야 하는 방법,제65조제2항,0.9,자산 보유 방법|국내지점등|자산,2026-04-30
영업기금과 부채,요구함,ACTION,영업기금과 부채의 합계액,제65조제1항,0.95,보전|영업기금과 부채의 합계액,2026-04-30
제65조제1항,상위조항,STRUCTURE,제65조,제65조제1항,0.9,제65조제1항|제65조,2026-04-30
자기계약 금지 예외,정의함,LOGICAL,자기계약 금지 예외,66,0.95,정의|자기계약 금지 예외,2026-04-30
자기계약 금지 예외,예외로함,LOGICAL,자기계약 금지,66,0.9,자기계약 금지|예외,2026-04-30
대통령령으로 정하는 경우,정의함,LOGICAL,투자매매업자 또는 투자중개업자가 자기가 판매하는 집합투자증권을 매수하는 경우,제67조제2호,0.95,정의|투자매매업자|집합투자증권 매수,2026-04-30
대통령령으로 정하는 경우,정의함,LOGICAL,투자매매업자 또는 투자중개업자가 다자간매매체결회사를 통하여 매매가 이루어지도록 한 경우,제67조제2호,0.95,정의|다자간매매체결회사|매매가 이루어지도록,2026-04-30
대통령령으로 정하는 경우,정의함,LOGICAL,종합금융투자사업자가 ... (불완전),제67조제2호,0.9,정의|종합금융투자사업자,2026-04-30
금융위원회,정하고 고시하다,ACTION,"금융투자상품 장외매매가 이루어지도록 한 경우 및 공정한 가격 형성, 거래 안정성, 효율성, 투자자 보호에 우려가 없는 경우",제77조의6제1항제1호,0.95,금융투자상품 장외매매|정하고 고시하다|공정한 가격 형성|거래 안정성|투자자 보호,2026-04-30
최선집행의무,정의함,LOGICAL,법,66조의2,0.7,최선집행의무|법,2026-04-30
대통령령으로 정하는 거래,정의함,LOGICAL,매매,68,0.95,대통령령으로 정하는 거래|매매,2026-04-30
대통령령으로 정하는 거래,정의함,LOGICAL,증권시장에 상장되지 아니한 증권의 매매,68,0.95,대통령령으로 정하는 거래|증권시장에 상장되지 아니한 증권의 매매,2026-04-30
대통령령으로 정하는 거래,정의함,LOGICAL,장외파생상품의 매매,68,0.95,대통령령으로 정하는 거래|장외파생상품의 매매,2026-04-30
대통령령으로 정하는 거래,정의함,LOGICAL,총리령으로 정하는 금융투자상품의 매매,68,0.95,대통령령으로 정하는 거래|총리령으로 정하는 금융투자상품의 매매,2026-04-30
총리령으로 정하는 금융투자상품의 매매,정의함,LOGICAL,증권시장에 상장된 증권의 매매,68,0.95,총리령으로 정하는 금융투자상품의 매매|증권시장에 상장된 증권의 매매,2026-04-30
총리령으로 정하는 금융투자상품의 매매,정의함,LOGICAL,장내파생상품의 매매,68,0.95,총리령으로 정하는 금융투자상품의 매매|장내파생상품의 매매,2026-04-30
최선집행기준,정의함,LOGICAL,최선의 거래조건으로 집행하기 위한 방법 및 그 이유 등이 포함된 기준,제68조제1항,0.95,최선집행기준|정의,2026-04-30
최선집행기준,포함,LOGICAL,금융투자상품의 가격,제68조제1항,0.92,금융투자상품의 가격|포함,2026-04-30
최선집행기준,포함,LOGICAL,투자자가 매매체결과 관련하여 부담하는 수수료 및 그 밖의 비용,제68조제1항,0.92,수수료|비용|포함,2026-04-30
최선집행기준,포함,LOGICAL,청약 또는 주문의 규모 및 매매체결의 가능성,제68조제1항,0.92,청약|주문|규모|매매체결 가능성|포함,2026-04-30
최선집행기준,예외로함,LOGICAL,투자자가 별도의 지시를 하였을 때,제68조제1항,0.9,투자자 지시|예외,2026-04-30
최선집행기준,근거함,STRUCTURE,제68조제1항,제68조제1항,0.88,근거|제68조제1항,2026-04-30
최선집행기준의 공표,요구함,ACTION,다음 각 호의 모든 방법을 포함하는 방법으로,68조,0.95,최선집행기준|공표|방법,2026-04-30
최선집행기준의 변경 사실의 공표,요구함,ACTION,이유를 포함하여야 한다,68조,0.9,최선집행기준|변경 사실|공표|이유,2026-04-30
투자매매업자 또는 투자중개업자,공표,ACTION,최선집행기준,68조,0.9,투자매매업자|투자중개업자|최선집행기준|공표,2026-04-30
금융위원회,제공,ACTION,해당 투자자,제68조제2항,0.95,제공|정하여 고시하는 기준과 방법,2026-04-30
금융위원회,근거함,STRUCTURE,제68조제2항,제68조제2항,0.92,제68조제2항,2026-04-30
대통령령으로 정하는 기간,정의함,LOGICAL,3개월,제81조제3항,0.98,정의|기간,2026-04-30
대통령령으로 정하는 방법,정의함,LOGICAL,팩스,제68조제4항,0.99,대통령령으로 정하는 방법|팩스,2026-04-30
금융위원회,정하여 고시한다,ACTION,최선집행기준의 세부내용 및 관련 자료의 보관 등에 필요한 사항,제68조제4항,0.99,최선집행기준의 세부내용 및 관련 자료의 보관 등에 필요한 사항,2026-04-30
자기주식의 처분 기간,정의함,LOGICAL,법,67,0.9,정의|법,2026-04-30
대통령령으로 정하는 기간,정의함,LOGICAL,취득일부터 3개월,69,0.95,정의|기간,2026-04-30
법,금지,ACTION,불건전 영업행위,제68조,0.95,불건전 영업행위|금지,2026-04-30
대통령령으로 정하는 경우,정의함,LOGICAL,법,제176조제4항,1.0,대통령령으로 정하는 경우|법,2026-04-30
투자자,이용하지 않음,ACTION,정보,제71조제1호,0.95,정보 이용 여부|투자자,2026-04-30
투자자,증명함,ACTION,정보 이용 여부,제71조제1호,0.9,증명|정보 이용 여부,2026-04-30
제71조제2호,적용함,ACTION,가. 조사분석자료의 내용이 직접 또는 간접으로 특정 금융투자상품의 매매를 유도하는 것이 아닌 경우,제71조제2호,0.95,적용 조건|가,2026-04-30
제71조제2호,적용함,ACTION,나. 조사분석자료의 공표로 인한 매매유발이나 가격변동을 의도적으로 이용하였다고 볼 수 없는 경우,제71조제2호,0.95,적용 조건|나,2026-04-30
제71조제2호,적용함,ACTION,다. 공표된 조사분석자료의 내용을 이용하여 매매하지 아니하였음을 증명하는 경우,제71조제2호,0.95,적용 조건|다,2026-04-30
제71조제2호,적용함,ACTION,라. 해당 조사분석자료가 이미 공표한 조사분석자료와 비교하여 새로운 내용을 담고 있지 아니한 경우,제71조제2호,0.95,적용 조건|라,2026-04-30
제71조제2호,요구함,ACTION,적용,제71조제2호,0.9,적용 조건|적용,2026-04-30
금융투자업자,요구함,ACTION,조사분석자료 작성,제71조제3호,0.85,내부 업무|비공개,2026-04-30
조사분석자료,정의함,LOGICAL,투자자에게 공표되거나 제공되지 아니하고 금융투자업자 내 부에서 업무를 수행할 목적으로 작성된 자료,제71조제3호,0.9,내부 자료|비공개,2026-04-30
자,금적립계좌등에 대한 투자권 유를 하게 하는,ACTION,금적립계좌등,제71조제5호,0.95,투자권유대행인 및 투자권유자문인력|금적립계좌등,2026-04-30
자,예외로함,LOGICAL,투자권유대행인 및 투자권유자문인력,제71조제5호,0.9,투자권유대행인 및 투자권유자문인력|자,2026-04-30
기업금융업무,정의함,LOGICAL,"다음 각 호의 업무(인수업무, 모집ㆍ사모ㆍ매출의 주선업무, 기업의 인수 및 합병의 중개ㆍ주선 또는 대리업무, 기업의 인수ㆍ합병에 관한 조언업무, 설비투자·사회간접자본·자원개발·프로젝트금융 등)",제71조제3호,0.95,기업금융업무 정의|대통령령 정의,2026-04-30
각 호,운용,ACTION,방법,제249조의7제5항,0.95,운용|방법,2026-04-30
대통령령으로 정하는 기간,정의함,LOGICAL,40일,제71조제4호,0.99,대통령령으로 정하는 기간|40일,2026-04-30
대통령령으로 정하는 주권 관련 사채권,정의함,LOGICAL,"전환사채권, 신주인수권부사채권, 교환사 채권(주권, 전환사채권 또는 신주인수권부사권과 교환을 청구할 수 있는 교환사채권만 해당한다)",제71조제4호나목,0.9,정의|주권 관련 사채권,2026-04-30
전환형 조건부자본증권,정의함,LOGICAL,전환형 조건부자본증권,제176조의 12,0.95,전환형 조건부자본증권 정의,2026-04-30
전환형 조건부자본증권,참조함,STRUCTURE,제176조의 12,제176조의 12,0.95,전환형 조건부자본증권 참조,2026-04-30
대통령령으로 정하는 행위,정의함,LOGICAL,다음 각 호의 어느 하나에 해당하는 행위,제71조제7호,0.95,정의함|대통령령으로 정하는 행위,2026-04-30
전문투자자,받다,ACTION,일반투자자와 같은 대우,제9조제5항,0.95,전문투자자|일반투자자와 같은 대우,2026-04-30
전문투자자,참조함,STRUCTURE,제9조제5항,제9조제5항,0.9,전문투자자|제9조제5항,2026-04-30
각 호의 자,제외한다,ACTION,정당한 사유 없이 동의하지 아니하는 행위 1의2,제10조제1항,0.85,제외|정당한 사유 없이 동의하지 아니하는 행위,2026-04-30
제출자,허용함,ACTION,서류 제출받는 행위 1의3,제10조제3항제17호가목,0.95,서류 제출|제출자|전문투자자 대우,2026-04-30
전문투자자 대우 행위,금지함,ACTION,전문투자자,제10조제3항제17호,0.95,전문투자자 대우 행위|요건 미충족,2026-04-30
제17조제2항,상위조항,STRUCTURE,제17조,제17조제2항,0.9,제17조,2026-04-30
사람,금지함,ACTION,판매과정을 녹취하지 않거나 투자자의 요청에도 불구하고 녹취된 파일을 제공하지 않는 행위,제18조제1항,0.95,금융투자상품 판매|녹취|금지,2026-04-30
사람,금지함,ACTION,투자자에게 권유한 금융투자상품의 판매과정에서 청약등을 철회할 수 있는 기간(숙려기간)에 대해 안내하지 않는 행위,제18조제1항,0.95,금융투자상품 판매|숙려기간|금지,2026-04-30
사람,금지함,ACTION,투자권유를 받고 금융투자상품의 청약등을 한 투자자에게 2영업일 이상의 숙려기간을 부여하지 않는 행위,제18조제1항,0.95,금융투자상품 판매|숙려기간|금지,2026-04-30
사람,금지함,ACTION,"숙려기간 동안 투자자에게 투자에 따르는 위험, 투자원금의 손실가능성, 최대 원금손실 가능금액 및 그 밖에 금융위원회가 정하여 고시하는 사항을 고지하지 않거나 청약등을 집행하는 행위",제18조제1항,0.95,금융투자상품 판매|위험 고지|숙려기간|금지,2026-04-30
사람,금지함,ACTION,"숙려기간이 지난 후 서명, 기명날인, 녹취 또는 그 밖에 금융위원회가 정하여 고시하는 방법으로 금융투자상품의 매매에 관한 청약등의 의사가 확정적임을 확인하지 않고 청약등을 집행하는 행위",제18조제1항,0.95,금융투자상품 판매|의사확인|숙려기간|금지,2026-04-30
사람,금지함,ACTION,청약등을 집행할 목적으로 투자자에게 그 청약등의 의사가 확정적임을 표시해 줄 것을 권유하거나 강요하는 행위,제18조제1항,0.95,금융투자상품 판매|의사확인|강요|금지,2026-04-30
사람,금지함,ACTION,고난도금융투자상품을 판매할 때 개인인 일반투자자를 대상으로 하는 제2호의2 각 목의 행위,제18조제1항,0.9,고난도금융투자상품|제2호의2|금지,2026-04-30
사람,금지함,ACTION,"고난도금융투자상품을 판매할 때 개인인 투자자에게 고난도금융투자상품의 내용, 투자에 따르는 위험 및 그 밖에 금융위원회가 정하여 고시하는 사항을 해당 투자자가 쉽게 이해할 수 있도록 요약한 설명서를 내어 주지 않는 행위",제18조제1항,0.9,고난도금융투자상품|설명서 미제공|금지,2026-04-30
간이투자설명서,정의함,LOGICAL,제124조제2항제3호에 따른 간이투자설명서 또는 법,제124조제2항제3호,0.95,간이투자설명서 정의|제124조제2항제3호,2026-04-30
"투자자(투자자가 법인, 그 밖의 단체인 경우에는 그 임직원을 포함한다) 또는 거래상대방(거래상대방이 법인, 그 밖의 단체인 경우에는 그 임직원을 포함한다) 등",금지함,ACTION,직접 또는 간접으로 재산상의 이익을 제공하거나 이들로부터 재산상의 이익을 제공받는 행위,제249조의4제2항,0.97,재산상의 이익 제공|금지,2026-04-30
"투자자(투자자가 법인, 그 밖의 단체인 경우에는 그 임직원을 포함한다) 또는 거래상대방(거래상대방이 법인, 그 밖의 단체인 경우에는 그 임직원을 포함한다) 등",위반함,ACTION,금융위원회가 정하여 고시하는 기준,제249조의4제2항,0.9,금융위원회 기준|위반,2026-04-30
증권신고서,정의함,LOGICAL,증권신고서(법,제119조제3항,0.9,정의|증권신고서,2026-04-30
정정신고서,포함한다,ACTION,첨부서류,제122조제1항,0.9,정정신고서|첨부서류,2026-04-30
정정신고서,정의함,LOGICAL,제122조제1항,제122조제1항,0.85,정정신고서|제122조제1항,2026-04-30
투자설명서,정의함,LOGICAL,제123조제1항,제123조제1항,0.9,제123조제1항에 따른,2026-04-30
투자설명서,참조함,STRUCTURE,제123조제1항,제123조제1항,0.8,제123조제1항에 따른,2026-04-30
예비투자설명서,정의함,LOGICAL,제124조제2항제2호,제124조제2항제2호,0.95,예비투자설명서|제124조제2항제2호,2026-04-30
증권의 발행인·매출인 또는 그 특수관계인,금지함,ACTION,증권의 인수를 대가로 모집·사모·매출 후 그 증권을 매수할 것을 사전에 요구하거나 약속하는 행위,제124조제2항 제3호,0.92,간이투자설명서|증권의 인수|사전 요구,2026-04-30
증권의 발행인·매출인 또는 그 특수관계인,금지함,ACTION,인수(모집·사모·매출의 주선을 포함한다. 이하 이 호에서 같다)하는 증권의 배정을 대가로 그 증권을 배정 받은 자로부터 그 증권의 투자로 인하여 발생하는 재산상의 이익을 직접 또는 간접으로 분배받거나 그 자에게 그 증권의 추가적인 매수를 요구하는 행위,제124조제2항 제3호,0.9,인수|배정|재산상의 이익|추가 매수,2026-04-30
증권의 발행인·매출인 또는 그 특수관계인,금지함,ACTION,인수하는 증권의 청약자에게 증권을 정당한 사유 없이 차별하여 배정하는 행위,제124조제2항 제3호,0.88,중복청약|차별 배정,2026-04-30
증권의 발행인·매출인 또는 그 특수관계인,금지함,ACTION,금융위원회가 정하여 고시하는 행위(투자자의 보호나 건전한 거래질서를 해칠 염려가 있는 행위),제124조제2항 제3호,0.85,금융위원회 고시|투자자 보호|거래질서,2026-04-30
증권의 발행인·매출인 또는 그 특수관계인,금지함,ACTION,증권금융회사를 통해 청약자의 중복청약(투자매매업자 또는 투자중개업자에게 청약한 이후에 다른 투자매매 업자 또는 투자중개업자에게 추가로 청약하는 행위),제124조제2항 제3호,0.87,중복청약|증권금융회사,2026-04-30
청약자,금지함,ACTION,주식 배정,제165조의6,0.95,중복청약 사실|배정,2026-04-30
청약자,예외로함,LOGICAL,주식 배정,제165조의6,0.85,최초 청약을 받은 투자매매업자|투자중개업자,2026-04-30
알리지 아니하는 자,금지함,ACTION,금융투자상품 매수·매도 권유,제165조의6,0.9,중대한 영향|알리지 아니함|권유,2026-04-30
공시 제외 사항,정의함,LOGICAL,공시 제외 사항,제174조,0.95,공시 제외 사항,2026-04-30
제176조,정의함,LOGICAL,내용 미제공,176,0.1,제176조,2026-04-30
투자자,금지함,ACTION,제178조를 위반하여 매매 및 그 밖의 거래를 하려는 것을 알고 그 매매 및 그 밖의 거래를 위탁받는 행위,178조,0.95,금융투자상품 매매 및 거래|위반 행위|위탁,2026-04-30
투자자,금지함,ACTION,금융투자상품 매매 및 거래와 관련하여 투자자의 위법한 거래를 감추어 주기 위하여 부정한 방법을 사용,178조,0.95,금융투자상품 매매 및 거래|부정한 방법|위법한 거래 감추기,2026-04-30
투자자,금지함,ACTION,결제가 이행되지 아니할 것이 명백하다고 판단되는 경우임에도 정당한 사유 없이 그 매매 및 그 밖의 거래를 위탁받는 행위,178조,0.95,금융투자상품 매매 및 거래|정당한 사유 없음|위탁,2026-04-30
투자자,금지함,ACTION,투자자에게 해당 투자매매업자·투자중개업자가 발행한 자기주식의 매매를 권유,178조,0.95,금융투자상품 매매 및 거래|자기주식 매매 권유,2026-04-30
투자자,금지함,ACTION,투자자로부터 집합투자증권(증권시장에 상장된 집합투자증권은 제외)을 매수하거나 그 중개·주선·대리,178조,0.95,금융투자상품 매매 및 거래|집합투자증권 매수|중개·주선·대리,2026-04-30
매수하는 경우,제외함,ACTION,단서,제235조제6항,0.95,매수|단서,2026-04-30
단서,근거함,STRUCTURE,매수하는 경우는 제외한다,제235조제6항,0.9,단서|제외,2026-04-30
금지 또는 제한 회피 행위,정의함,LOGICAL,제71조에 따른 금지 또는 제한을 회피할 목적으로 하는 행위,제12조,0.9,정의|금지 또는 제한 회피,2026-04-30
금지 또는 제한 회피 행위,이용함,ACTION,"장외파생상품거래, 신탁계약, 연계거래",제12조,0.95,이용|금지 또는 제한 회피,2026-04-30
제12조,근거함,STRUCTURE,제71조,제12조,0.9,제71조|근거,2026-04-30
종합금융투자사업자,위반함,ACTION,단기금융업무,제77조의6제2항,0.92,단기금융업무|위반,2026-04-30
단기금융업무,준용함,STRUCTURE,제1항제2호,제77조의6제2항,0.85,제1항제2호|단기금융업무,2026-04-30
온라인소액투자중개업자,금지함,ACTION,정정 게재 사실의 통지,제117조의10제4항,0.95,정정 게재 사실의 통지,2026-04-30
제117조의10제4항,참조함,STRUCTURE,정정 게재 사실의 통지,제117조의10제4항,0.9,정정 게재 사실의 통지,2026-04-30
제118조의9제1항,정의함,LOGICAL,투자자 청약 의사 재확인,제118조의9제1항,0.9,투자자 청약 의사 재확인,2026-04-30
투자자,재확인,ACTION,청약 의사,제118조의9제1항,0.95,투자자 청약 의사 재확인|재확인 방법,2026-04-30
정정 게재,제외함,ACTION,모집가액 또는 매출가액이 증액되거나 같은 호 나목에 따른 사항이 변경됨에 따라,제130조제1항제1호 가,0.95,정정 게재|모집가액|매출가액|증액|변경,2026-04-30
온라인소액투자중개업자,금지함,ACTION,"투자자에게 위험 이해 여부를 확인하지 않거나, 적합하지 않음에도 청약 의사표시를 받는 행위",제117조의10제6항제2호,0.95,위험 이해 여부 확인|적합성 판단,2026-04-30
위험 이해 여부 확인,정의함,LOGICAL,투자자에게 투자에 따르는 위험 등에 대하여 이해했는지 여부를 질문을 통하여 확인하는 행위,제117조의10제6항제2호,0.9,위험 이해 여부 확인,2026-04-30
제117조의10제6항제2호,참조함,STRUCTURE,위험 이해 여부 확인,제117조의10제6항제2호,0.85,위험 이해 여부 확인,2026-04-30
온라인소액투자중개업자,금지함,ACTION,통지하지 않는 행위,제118조의16제5항,0.95,통지 의무 위반|비율 초과,2026-04-30
온라인소액투자중개업자,요구함,ACTION,청약자에게 통지,제118조의16제5항,0.9,통지 의무|발행 요건 충족,2026-04-30
투자매매업자 또는 투자중개업자,허용함,ACTION,신용공여,69,0.8,신용공여|투자매매업자|투자중개업자,2026-04-30
신용공여,정의함,LOGICAL,투자매매업자 또는 투자중개업자가 법에 따라 제공하는 신용,69,0.6,신용공여|정의,2026-04-30
투자매매업자,허용함,ACTION,신용공여,제72조제1항,0.95,신용공여|공여할 수 있다,2026-04-30
투자매매업자,공여,ACTION,신용,제72조제1항,0.9,신용공여|투자자에게 신용을 공여,2026-04-30
투자매매업자 또는 투자중개업자,통지함,ACTION,매매명세,제70조,0.8,통지 방법|매매명세,2026-04-30
통지 방법,정의함,LOGICAL,다음 각 호에서 정하는 방법에 따라야 한다,제73조,0.95,통지 방법|정의,2026-04-30
통지 방법,예외로함,LOGICAL,"지점, 영업소에 비치하거나 인터넷 홈페이지에 접속하여 수시 조회가 가능하게 함으로써 통지를 갈음할 수 있다",제73조,0.9,통지 방법|예외,2026-04-30
통지 방법,준용함,STRUCTURE,금융위원회가 정하여 고시하는 방법,제73조,0.9,통지 방법|준용,2026-04-30
통지 방법,요구함,ACTION,투자매매업자 또는 투자중개업자와 투자자 간에 미리 합의된 방법으로 통지할 것,제73조,0.9,통지 방법|요구,2026-04-30
통지 방법,정의함,LOGICAL,다음 각 목에 따른 기한 내에 통지할 것,제73조,0.9,통지 방법|기한,2026-04-30
증권금융회사 예치,예외로함,LOGICAL,제71조,Unknown,0.4,증권금융회사 예치|예외,2026-04-30
투자매매업자 또는 투자중개업자,정의함,LOGICAL,은행,제74조제2항,0.95,정의|구성요소,2026-04-30
투자매매업자 또는 투자중개업자,정의함,LOGICAL,한국산업은행,제74조제2항,0.95,정의|구성요소,2026-04-30
투자매매업자 또는 투자중개업자,정의함,LOGICAL,중소기업은행,제74조제2항,0.95,정의|구성요소,2026-04-30
투자매매업자 또는 투자중개업자,정의함,LOGICAL,보험회사,제74조제2항,0.95,정의|구성요소,2026-04-30
제72조,정의함,LOGICAL,없음,72,0.0,없음,2026-04-30
예치금융투자업자,요구함,ACTION,투자자 예탁금,제74조제4항,0.95,예탁금 양도|합병|신설합병,2026-04-30
예치금융투자업자,요구함,ACTION,양수회사에 예치기관에 예치 또는 신탁한 투자자 예탁금,제74조제4항,0.9,예탁금 양도|합병|신설합병,2026-04-30
예치금융투자업자,요구함,ACTION,금융투자업의 전부나 일부,제74조제4항,0.8,금융투자업 양도|합병,2026-04-30
예치금융투자업자,요구함,ACTION,투자자예탁금 제공,제40조제1항제4호,0.95,자금이체업무|제공,2026-04-30
예치금융투자업자,근거함,STRUCTURE,금융위원회가 정하여 고시하는 한도,제40조제1항제4호,0.9,자금이체업무|한도,2026-04-30
예치금융투자업자,근거함,STRUCTURE,금융위원회가 정하여 고시하는 방법,제40조제1항제4호,0.9,자금이체업무|방법,2026-04-30
예치금융투자업자,예외로함,LOGICAL,투자자예탁금 제공 (투자자 보호를 해칠 염려가 없는 경우),제40조제1항제4호,0.85,투자자 보호|예외,2026-04-30
예치기관,요구함,ACTION,투자자예탁금,제74조제6항,0.95,예치기관에 예치 또는 신탁되어 있는 투자자예탁금|지급,2026-04-30
예치금융투자업자,요구함,ACTION,투자자예탁금 지급,제74조제5항,0.95,투자자예탁금 지급,2026-04-30
예치금융투자업자,요구함,ACTION,투자자 및 예치금융투자업자로부터 투자자예탁금에 관한 자료 또는 정보를 제출받아 확인한 후 지급,제74조제5항,0.9,자료 제출|정보 확인|지급,2026-04-30
예치기관,요구함,ACTION,지급액 (투자자별 투자자예탁금 × (예치기관에 예치 또는 신탁되어 있는 투자자예탁금 총액 ÷ 투자자가 예치금융투자업자에게 예탁한 투자자예탁금 총액)),제74조제6항,0.9,예치기관에 예치 또는 신탁되어 있는 투자자예탁금 총액|투자자가 예치금융투자업자에게 예탁한 투자자예탁금 총액|투자자별 투자자예탁금|지급액 계산,2026-04-30
예치기관,예외로함,LOGICAL,전액 지급,제74조제6항,0.85,예치기관의 투자자예탁금 총액|투자자가 예치금융투자업자에게 예탁한 투자자예탁금 총액|조건: 예치기관의 투자자예탁금 총액 ≥ 투자자가 예치금융투자업자에게 예탁한 투자자예탁금 총액|전액 지급,2026-04-30
금융위원회,요청할 수 있다,ACTION,예금보험공사,제74조제5항,0.9,요청|협의,2026-04-30
금융위원회,요청할 수 있다,ACTION,예치금융투자업자,제74조제5항,0.9,요청|협의,2026-04-30
금융위원회,정한다,ACTION,투자자예탁금의 지급 방법 및 절차 등에 관한 세부사항,제74조제5항,0.95,정한다|고시,2026-04-30
금융위원회,고시한다,ACTION,투자자예탁금의 지급 방법 및 절차 등에 관한 세부사항,제74조제5항,0.95,고시,2026-04-30
제74조제5항,규정함,STRUCTURE,투자자예탁금의 지급,제74조제5항,0.9,규정,2026-04-30
제74조제5항,규정함,STRUCTURE,같은 조 제7항 본문에 따른 공고,제74조제5항,0.9,규정,2026-04-30
투자자예탁금의 지급보류,정의함,LOGICAL,법,제73조의2,0.85,투자자예탁금의 지급보류|법,2026-04-30
대통령령으로 정하는 특수관계,정의함,LOGICAL,금융회사의 지배구조에 관한 법률 시행령,제74조제8항,0.99,정의|특수관계,2026-04-30
관계,정의함,LOGICAL,각 호의 어느 하나에 해당하는 관계,제3조제1항,0.92,정의|관계,2026-04-30
예치기관,참조함,STRUCTURE,제74조제8항,제74조제8항,0.99,제74조제8항,2026-04-30
예치기관,요구함,ACTION,지급보류 금액,제74조제8항,0.95,지급보류 금액,2026-04-30
예치기관,요구함,ACTION,지급보류 사유,제74조제8항,0.95,지급보류 사유,2026-04-30
예치기관,요구함,ACTION,지급보류 기간,제74조제8항,0.95,지급보류 기간,2026-04-30
예치기관,요구함,ACTION,지급보류 사유 소멸/기간 경과에 따른 지급 청구에 관한 사항,제74조제8항,0.95,지급보류 사유 소멸|지급보류 기간 경과|지급 청구,2026-04-30
예치기관,요구함,ACTION,투자자에게 서면으로 알려야 할 사항,제74조제8항,0.9,서면 통보,2026-04-30
예치기관,요구함,ACTION,투자자,제74조제8항,0.9,투자자,2026-04-30
투자자,요청함,ACTION,"관계 행정기관, 공공기관, 법인·단체 등으로부터 필요한 협조",제74조제8항,0.9,투자자예탁금의 지급보류 대상자 확인|협조 요청,2026-04-30
금융위원회,정함,ACTION,투자자예탁금의 지급보류 방법 및 절차에 관한 필요한 세부 사항,제74조제8항,0.9,투자자예탁금의 지급보류 방법 및 절차|정시 고시,2026-04-30
본 조항,참조함,STRUCTURE,제74조제8항,제74조제8항,0.95,제74조제8항에 따라,2026-04-30
투자자예탁금,운용,ACTION,제74조,제74조,0.7,투자자예탁금|운용,2026-04-30
대통령령으로 정하는 금융기관,정의함,LOGICAL,투자매매업자 또는 투자중개업자,제74조제12항제2호,0.95,정의|금융기관,2026-04-30
대통령령으로 정하는 금융기관,정의함,LOGICAL,증권금융회사,제74조제12항제2호,0.95,정의|금융기관,2026-04-30
대통령령으로 정하는 금융기관,정의함,LOGICAL,종합금융회사,제263조제2항제3호,1.0,정의|금융기관,2026-04-30
대통령령으로 정하는 금융기관,정의함,LOGICAL,신용보증기금,제263조제2항제3호,1.0,정의|금융기관,2026-04-30
대통령령으로 정하는 금융기관,정의함,LOGICAL,기술보증기금,제263조제2항제3호,1.0,정의|금융기관,2026-04-30
대통령령으로 정하는 방법,정의함,LOGICAL,증권 또는 원화로 표시된 양도성 예금증서를 담보로 한 대출,제74조제12항제3호,0.99,정의|대통령령으로 정하는 방법,2026-04-30
대통령령으로 정하는 방법,정의함,LOGICAL,한국은행 또는 「우체국 예금ㆍ보험에 관한 법률」에 따른 체신관서에의 예치,제74조제12항제3호,0.99,정의|대통령령으로 정하는 방법,2026-04-30
대통령령으로 정하는 방법,정의함,LOGICAL,특수채증권의 매수,제74조제12항제3호,0.99,정의|대통령령으로 정하는 방법,2026-04-30
대통령령으로 정하는 방법,정의함,LOGICAL,그 밖에 투자자예탁금의 안전한 운용이 가능하다고 인정되는 것으로서 금융위원회가 정하여 고시하는 방법,제74조제12항제3호,0.99,정의|대통령령으로 정하는 방법,2026-04-30
투자자예탁금의 범위,정의함,LOGICAL,투자자예탁금의 범위 등,75,0.85,투자자예탁금|범위,2026-04-30
투자자예탁금의 범위,정의함,LOGICAL,제1호 금액 합계에서 제2호 금액 합계를 뺀 금액,제74조제1항 및 제2항,0.97,투자자예탁금의 범위 정의|금액 차이,2026-04-30
제1호 금액 합계,구성함,LOGICAL,투자자가 금융투자상품의 매매를 위해 예탁한 금액,제74조제1항 및 제2항,0.95,제1호 금액 합계 구성|투자자 예탁금,2026-04-30
제1호 금액 합계,구성함,LOGICAL,투자자예탁금의 이용료 등 투자매매업자 또는 투자중개업자가 투자자에게 지급한 금액,제74조제1항 및 제2항,0.95,제1호 금액 합계 구성|이용료,2026-04-30
제1호 금액 합계,구성함,LOGICAL,투자자가 보유하는 장내파생상품의 일일정산에 따라 발생한 이익금액,제74조제1항 및 제2항,0.95,제1호 금액 합계 구성|이익금액,2026-04-30
제2호 금액 합계,구성함,LOGICAL,투자자가 증권시장 또는 파생상품시장에서 행하는 금융투자상품의 매매를 위해 투자매매업자 또는 투자중개업자가 거래소와 다른 투자매매업자 또는 투자중개업자에게 예탁 중인 금액,제74조제1항 및 제2항,0.95,제2호 금액 합계 구성|예탁금,2026-04-30
제2호 금액 합계,구성함,LOGICAL,"투자자가 해외에서 행하는 금융투자상품의 매매를 위해 투자매매업자 또는 투자중개업자가 해외 증권시장, 외국 다자간매매체결회사, 해외 파생상품시장과 외국 투자매매업자 또는 외국 투자중개업자에게 예탁 중인 금액",제74조제1항 및 제2항,0.95,제2호 금액 합계 구성|해외 예탁금,2026-04-30
제2호 금액 합계,구성함,LOGICAL,위탁수수료 등 투자자가 행한 금융투자상품의 매매와 관련된 모든 비용액,제74조제1항 및 제2항,0.95,제2호 금액 합계 구성|수수료,2026-04-30
제2호 금액 합계,참조함,STRUCTURE,예금자보호법 시행령,제74조제1항 및 제2항,0.9,제2호 금액 합계 참조|법령,2026-04-30
법,정의함,LOGICAL,제3조제3항제1호ㆍ제2호ㆍ제3호,제3조,0.7,정의,2026-04-30
투자자,예치 또는 신탁,ACTION,예치기관,제76조제1항,0.95,투자자예탁금|예치|신탁,2026-04-30
투자매매업자 또는 투자중개업자,예치,ACTION,예치기관,제76조제1항,0.9,투자자예탁금|100% 예치,2026-04-30
예치금융투자업자,인출할 수 있다,ACTION,예치기관에 예치 또는 신탁한 투자자예탁금,제76조제1항,0.85,인출|조건,2026-04-30
예치기관,관리해야 한다,ACTION,예치 또는 신탁받은 투자자예탁금,제76조제1항,0.9,관리|신의에 따라 성실하게,2026-04-30
금융위원회,정하여 고시한다,ACTION,"투자자예탁금의 범위, 시기, 주기, 비율, 방법, 인출 및 관리 등 세부사항",제76조제1항,0.9,정의|고시,2026-04-30
투자자예탁금,정의함,LOGICAL,투자자가 집합투자증권의 취득을 위하여 투자매매업자 또는 투자중개업자에게 납입한 금전,제76조제1항,0.8,정의|투자자예탁금,2026-04-30
투자자 예탁증권의 예탁,정의함,LOGICAL,법,제76조,0.65,투자자 예탁증권의 예탁|법,2026-04-30
대통령령으로 정하는 것,정의함,LOGICAL,그 밖에 금융위원회가 정하여 고시하는 것,제75조제1항,0.95,대통령령으로 정하는 것|금융위원회가 정하여 고시하는 것,2026-04-30
대통령령으로 정하는 경우,정의함,LOGICAL,제75조제1항,제75조제1항,0.95,대통령령으로 정하는 경우|정의,2026-04-30
각 호의 어느 하나에 해당하는 경우,정의함,LOGICAL,각 호의 어느 하나에 해당하는 경우,제63조제2항,0.95,정의|각 호의 어느 하나에 해당하는 경우,2026-04-30
집합투자증권 판매,준용함,STRUCTURE,법,77,0.7,집합투자증권 판매|법,2026-04-30
대통령령으로 정하는 경우,정의함,LOGICAL,다음 각 호의 경우,제76조제1항,0.95,대통령령으로 정하는 경우|다음 각 호의 경우,2026-04-30
자,허용함,ACTION,집합투자증권,제81조,0.9,단기금융집합투자기구|집합투자증권,2026-04-30
외국환평형기금,정의함,LOGICAL,제13조에 따른 외국환평형기금 나.,제13조,0.95,외국환평형기금|제13조에 따른,2026-04-30
단기금융집합투자기구 및 증권집합투자기구,운용,ACTION,여유자금,제81조,0.95,여유자금 통합 운용|단기금융집합투자기구|증권집합투자기구,2026-04-30
침해할 우려,정의함,LOGICAL,투자자 이익 등을 침해할 가능성,제76조제1항,0.95,침해할 우려|투자자 이익,2026-04-30
집합투자기구,허용함,ACTION,집합투자증권 판매,제261조,0.9,집합투자증권 판매|허용,2026-04-30
집합투자재산평가위원회,근거함,STRUCTURE,집합투자기구의 집합투자증권 판매,제261조,0.85,집합투자재산평가위원회|근거,2026-04-30
집합투자기구,요구함,ACTION,금융상품 운용,제81조,0.95,여유자금 통합 운용|단기금융집합투자 기구|집합투자증권|예금,2026-04-30
집합투자기구,요구함,ACTION,다른 집합투자기구의 집합투자증권 운용,제81조,0.95,다른 집합투자기구의 집합투자증권,2026-04-30
집합투자기구,요구함,ACTION,예금 운용,제81조,0.95,예금,2026-04-30
집합투자기구,요구함,ACTION,단기금융집합투자 기구의 집합투자증권 운용,제81조,0.95,단기금융집합투자 기구|집합투자증권,2026-04-30
기준가격,정의함,LOGICAL,"대통령령으로 정하는 기준가격은 제1항제1호의 경우 금전등의 납입일부터 기산하여 3영업일에 산정(사모집합투자기구의 집합투자증권만 해당)되거나 공고되는 기준가격이며, 제1항제2호·제3호·제6호의 경우 금전등의 납입일에 공고되는 기준가격, 제1항제4호의 경우 금전등의 납입일부터 기산하여 3영업일 또는 그 이후에 산정(사모집합투자기구의 집합투자증권만 해당)되거나 공고되는 기준가격, 제1항제5호의 경우 집합투자증권을 환매한 후 15일 이내에 집합투자규약에서 정하는 투자매매업자 또는 투자중 개업자 변경의 효력이 발생하는 날에 산정(사모집합투자기구의 집합투자증권만 해당)되거나 공고되는 기준가격.",제76조제1항,0.95,기준가격|정의|대통령령|집합투자증권|사모집합투자기구,2026-04-30
대통령령으로 정하는 경우,정의함,LOGICAL,"새로운 형태의 집합투자증권 판매가 예정되어 있어, 그 집합투자기구의 개괄적인 내용을 광고해도 투자자의 이익을 해칠 염려가 없는 경우",제76조제3항,0.98,정의|대통령령|집합투자증권,2026-04-30
대통령령으로 정하는 경우,요구함,ACTION,광고 내용에 관련 법령 개정 확정 여부를 표시하여야 한다,제76조제3항,0.92,광고|법령 개정|표시,2026-04-30
대통령령으로 정하는 경우,구조,STRUCTURE,제76조제3항,제76조제3항,0.99,조항|정의,2026-04-30
판매수수료,정의함,LOGICAL,투자매매업자 또는 투자중개업자가 취득하는 판매수수료와 판매보수,제76조제5항,0.9,판매수수료 정의|취득 정의,2026-04-30
투자매매업자 또는 투자중개업자,취득,ACTION,판매수수료와 판매보수,제76조제5항,0.85,취득 행위|판매수수료 대상,2026-04-30
금융위원회,정한다,ACTION,판매보수,제76조제4항,0.99,판매보수|정한다,2026-04-30
판매수수료,한도,LOGICAL,납입금액 또는 환매금액의 100분의 2,제76조제4항,0.95,판매수수료|한도,2026-04-30
판매보수,한도,LOGICAL,집합투자재산의 연평균가액의 100분의 1,제76조제4항,0.95,판매보수|한도,2026-04-30
판매보수율,범위,LOGICAL,100분의 1~1천분의 15,제76조제4항,0.9,판매보수율|범위,2026-04-30
금융위원회,정하여 고시한다,STRUCTURE,기준시점 및 같은 항 제5호에 따른 투자매매업자 또는 투자중개업자의 변경에 관한 사항,제76조제4항,0.95,정하여 고시한다|기준시점|변경사항,2026-04-30
금융위원회,정하여 고시한다,STRUCTURE,제4항 및 제5항에 따른 판매수수료와 판매보수의 구체적인 한도 산정기준,제76조제4항,0.95,정하여 고시한다|한도 산정기준,2026-04-30
금융위원회,정하여 고시한다,STRUCTURE,그 밖에 필요한 세부적인 사항,제76조제4항,0.95,정하여 고시한다|세부사항,2026-04-30
투자성 있는 예금계약에 준하는 계약,정의함,LOGICAL,법,제77조의2,0.5,투자성 있는 예금계약에 준하는 계약|법,2026-04-30
대통령령으로 정하는 계약,정의함,LOGICAL,금적립계좌등의 발행을 위한 계약,제77조제1항,0.95,정의|계약|금적립계좌,2026-04-30
종합금융투자사업자,정의함,LOGICAL,법에 따라 지정되는 종합금융투자사업자,제77조의3,0.6,종합금융투자사업자|법,2026-04-30
대통령령으로 정하는 금액,정의함,LOGICAL,금액,제77조의2제1항제3호,0.98,대통령령으로 정하는 금액|금액,2026-04-30
종합금융투자사업자,하려는,ACTION,업무,제77조의6제1항제1호,0.95,업무|종합금융투자사업자,2026-04-30
제77조의6제1항제1호에 따른 업무,정의함,LOGICAL,업무,제77조의6제1항제1호,0.9,업무|제77조의6제1항제1호에 따른 업무,2026-04-30
종합금융투자사업자,요구함,ACTION,업무,제77조의6제1항제2호,0.7,하려는|업무,2026-04-30
종합금융투자사업자,정의함,LOGICAL,종합금융투자사업자(업무를 하려는),제77조의6제1항제3호,0.95,종합금융투자사업자|업무를 하려는,2026-04-30
종합금융투자사업자,참조함,STRUCTURE,제77조의6제1항제3호,제77조의6제1항제3호,0.9,제77조의6제1항제3호|업무를 하려는,2026-04-30
대통령령으로 정하는 기준,정의함,LOGICAL,"종합금융투자사업자의 업무와 관련한 위험관리 및 내부통제 등을 위한 적절한 인력, 전산시스템 및 내부통제장 치를 갖출 것",제77조의2제1항제4호,0.92,대통령령으로 정하는 기준|정의,2026-04-30
대통령령으로 정하는 기준,정의함,LOGICAL,다음 각 목의 요건을 모두 갖출 것,제77조의2제1항제4호,0.88,대통령령으로 정하는 기준|정의,2026-04-30
기관,갖추다,ACTION,정보 교류 차단 체계,제45조,0.95,정보 교류 차단 체계,2026-04-30
기관,갖추다,ACTION,사업계획,제45조,0.95,사업계획,2026-04-30
사업계획,간주함,LOGICAL,수지전망이 타당하고 실현가능성이 있을 것,제45조,0.9,수지전망이 타당하고 실현가능성이 있을 것,2026-04-30
사업계획,간주함,LOGICAL,투자자 보호에 적절한 업무방법을 갖출 것,제45조,0.9,투자자 보호에 적절한 업무방법을 갖출 것,2026-04-30
사업계획,간주함,LOGICAL,건전한 금융거래질서를 해칠 염려가 없을 것,제45조,0.9,건전한 금융거래질서를 해칠 염려가 없을 것,2026-04-30
종합금융투자사업자,갖출,ACTION,사회적 신용,제16조제8항제2호,0.95,사회적 신용|갖출,2026-04-30
종합금융투자사업자,영위하였을 것,ACTION,제1항제2호에 따른 업무,제16조제8항제2호,0.9,업무|2년 이상|지속,2026-04-30
종합금융투자사업자,영위하였을 것,ACTION,제1항제3호에 따른 업무,제16조제8항제2호,0.9,업무|2년 이상|지속,2026-04-30
대주주,정의함,LOGICAL,제12조제2항제6호가목,12,0.95,대주주 정의|제12조제2항제6호가목,2026-04-30
법,충족할 것,ACTION,요건,제19조의2,0.95,요건 충족|법적 요건,2026-04-30
법,참조함,STRUCTURE,제19조의2,제19조의2,0.9,제19조의2 참조,2026-04-30
제19조의2,정의함,LOGICAL,요건,제19조의2,0.85,요건 정의,2026-04-30
금융위원회,공고,ACTION,관보 및 인터넷 홈페이지,제77조의2제1항,0.95,지정결정한 내용|공고,2026-04-30
금융위원회,작성,ACTION,종합금융투자사업자 지정부에 필요한 사항,제77조의2제1항,0.9,필요한 사항|지정부,2026-04-30
종합금융투자사업자 지정을 취소한 자,기록한다,ACTION,그 내용,제77조의2제4항,0.95,종합금융투자사업자 지정 취소|기록,2026-04-30
종합금융투자사업자 지정을 취소한 자,유지·관리한다,ACTION,그 내용,제77조의2제4항,0.95,종합금융투자사업자 지정 취소|유지·관리,2026-04-30
종합금융투자사업자 지정을 취소한 자,공고한다,ACTION,그 사실,제77조의2제4항,0.95,종합금융투자사업자 지정 취소|공고,2026-04-30
금융위원회,정하여 고시한다,ACTION,"종합금융투자사업자 지정요건의 세부기준, 지정신청과 검토, 지정신 청서의 서식 및 지정취소의 절차 등에 관한 필요한 사항",제77조의2,0.95,정하여 고시|종합금융투자사업자 지정요건,2026-04-30
전담중개업무,정의함,LOGICAL,전담중개업무에 관한 계약 등,제77조의4,0.7,전담중개업무|계약,2026-04-30
"투자대상, 차입 여부 등을 감안 하여 대통령령으로 정하는 자",정의함,LOGICAL,일반사모집합투자기구등,제77조의3제2항,0.99,투자대상|차입 여부|대통령령,2026-04-30
그 밖에 대통령령으로 정하는 자,정의함,LOGICAL,종합금융투자사업자,제77조의3제2항,0.95,정의함|대통령령,2026-04-30
업무 위탁,정의함,LOGICAL,제 6조제10항제3호의 업무를 위탁받은 자 및 일반사모집합투자기구등,제 6조제10항제3호,0.7,업무 위탁|제 6조제10항제3호,2026-04-30
일반사무관리회사,정의함,LOGICAL,제184조제6항제2호의 업무를 위탁 받은 회사,제184조제6항제2호,0.99,정의|업무 위탁,2026-04-30
일반사무관리회사,참조함,STRUCTURE,제184조제6항제2호,제184조제6항제2호,0.95,참조|제184조제6항제2호,2026-04-30
대통령령으로 정하는 방법,정의함,LOGICAL,환매조건부매매,제77조의3제2항제2호,0.97,대통령령으로 정하는 방법|환매조건부매매,2026-04-30
대통령령으로 정하는 방법,정의함,LOGICAL,총리령으로 정하는 방법,제77조의3제2항제2호,0.97,대통령령으로 정하는 방법|총리령으로 정하는 방법,2026-04-30
대통령령으로 정하는 사항,정의함,LOGICAL,"전담중개업무의 범위와 기준 및 절차 등에 관한 사항, 전담중개업무 제공에 따른 수수료 또는 그 밖의 비용 등에 관한 사항, 계약 종료의 사유 및 절차, 계약당사자의 채무불이행에 따른 손해배상 등에 관한 사항",제77조의3제2항제4호,0.95,정의|대통령령으로 정하는 사항,2026-04-30
신용공여의 범위,정의함,LOGICAL,"대출, 기업어음증권에 해당하지 아니하는 어음의 할인ㆍ매입",제77조의3제3항제1호,0.95,신용공여의 범위 정의|대출|기업어음증권 할인 매입,2026-04-30
신용공여,공여,ACTION,"국가, 지방자치단체, 외국 정부",제68조제2항,0.9,신용공여|총리령으로 정하는 기간 이내,2026-04-30
금융기관 또는 이에 준하는 외국 금융기관,보증함,ACTION,신용공여 (원리금의 상환이 보증된 부분에 한정),제362조제8항,0.95,보증한 신용공여|원리금의 상환이 보증된 부분에 한정,2026-04-30
신용위험 공유자,정의함,LOGICAL,대통령령으로 정하는 신용위험을 공유하는 자,제77조의3제7항,0.95,신용위험 공유자 정의|대통령령 정의,2026-04-30
기업집단,정의함,LOGICAL,이 조에서 같다)에 속하는 회사,제2조제11호,0.95,기업집단 정의|회사의 포함,2026-04-30
기업집단,참조함,STRUCTURE,제2조제11호,제2조제11호,0.9,기업집단 참조|제2조제11호,2026-04-30
대통령령으로 정하는 비율,정의함,LOGICAL,100분의 25,제77조의3제7항,0.99,정의|비율,2026-04-30
대통령령으로 정하는 해외법인,정의함,LOGICAL,종합금융투자사업자가 기업집단에 속하는 경우,제77조의3제9항,0.95,대통령령으로 정하는 해외법인|종합금융투자사업자|기업집단,2026-04-30
외국법인,정의함,LOGICAL,"외국법인(관계에 있는 외국법인, 제4조제1항1호나목부터 라목까지의 관계)",제4조제1항1호,0.95,정의|외국법인|제4조제1항1호나목부터 라목까지의 관계,2026-04-30
해외현지법인,정의함,LOGICAL,종합금융투자사업자가 발행주식총수 또는 출자총액의 100분의 50 이상을 소유 또는 출자한 해외현지법인,제77조의3제9항,0.95,해외현지법인 정의|소유 50% 기준,2026-04-30
종합금융투자사업자,소유,ACTION,해외현지법인,제77조의3제9항,0.9,소유 50% 기준|해외현지법인 정의,2026-04-30
해외현지법인,소유,ACTION,다른 해외현지법인,제77조의3제9항,0.85,다른 해외현지법인 소유|금융투자업 영위 법인,2026-04-30
종합금융투자사업자,요구함,ACTION,해외현지법인에 대한 신용공여액이 정의된 한도 내에서 공여,제77조의3제9항,0.9,신용공여액,2026-04-30
신용공여액,정의함,LOGICAL,종합금융투자사업자의 자기자본의 100분의 10 이하(개별) 및 100분의 40 이하(전체),제77조의3제9항,0.95,신용공여액|자기자본,2026-04-30
금융위원회,정하여 고시한다,ACTION,신용공여의 기준 및 현황에 대한 보고 등에 필요한 세부 사항,제77조의3제9항,0.85,신용공여|보고,2026-04-30
종합금융투자사업자의 업무,정의함,LOGICAL,법,제77조의6,0.6,종합금융투자사업자|업무|법,2026-04-30
종합금융투자사업자에만 허용하는 업무,정의함,LOGICAL,다음 각 호의 어느 하나에 해당하는 업무,제77조의3제3항제2호,0.95,정의|업무,2026-04-30
종합금융투자사업자에만 허용하는 업무,근거함,STRUCTURE,대통령령,제77조의3제3항제2호,0.9,근거|대통령령,2026-04-30
종합투자계좌,정의함,LOGICAL,종합금융투자사업자가 개설한 계좌,Unknown,0.95,종합투자계좌 정의|계좌 개설 목적,2026-04-30
기업금융관련자산,정의함,LOGICAL,금융위원회가 정하여 고시하는 기업금융 관련 자산,Unknown,0.95,기업금융관련자산 정의,2026-04-30
종합금융투자사업자,준수하여야 한다,ACTION,제1항제2호에 따른 단기금융업무 기준,Unknown,0.9,준수 요구|단기금융업무 기준,2026-04-30
종합금융투자사업자,준수하여야 한다,ACTION,고객으로부터 단기금융업무를 통하여 조달한 자금의 합계가 자기자본의 100분의 200 이내일 것,Unknown,0.9,자본비율 제한,2026-04-30
종합금융투자사업자,준수하여야 한다,ACTION,제1호에 따른 자금으로 운용한 자산을 고유재산과 금융위원회가 정하여 고시하는 방법으로 구분하여 관리할 것,Unknown,0.9,자산 구분 관리,2026-04-30
종합금융투자사업자,준수하여야 한다,ACTION,제1호에 따른 자금의 100분의 50 이상을 기업금융관련자산에 운용할 것,Unknown,0.9,자금 운용 비율,2026-04-30
종합금융투자사업자,준수하여야 한다,ACTION,직전 분기 말 기준 총자산 중 금융위원회가 정하여 고시하는 규모 이상에 해당하는 금액을 중소기업기본법에 따라 관리할 것,Unknown,0.85,중소기업기본법 적용,2026-04-30
중소기업,정의함,LOGICAL,제 2조제1항에 따른 중소기업,제 2조제1항,0.95,중소기업|제2조제1항,2026-04-30
중견기업 성장촉진 및 경쟁력 강화에 관한 특별법,참조함,STRUCTURE,제 2조제1항,제 2조제1항,0.95,중견기업 성장촉진 및 경쟁력 강화에 관한 특별법|제2조제1항,2026-04-30
금융위원회,요구함,ACTION,자금 운용,제2조제1호,0.95,자금공급 운용|운용,2026-04-30
금융위원회,금지함,ACTION,자금 운용 in 개인에 대한 신용공여,제2조제1호,0.9,개인에 대한 신용공여|자금 운용,2026-04-30
금융위원회,금지함,ACTION,자금 운용 in 기업금융업무와 관련이 없는 파생상품,제2조제1호,0.9,기업금융업무와 관련이 없는 파생상품|자금 운용,2026-04-30
금융위원회,금지함,ACTION,자금 운용 in 그 밖에 기업금융업무와 관련성이 없거나 종합금융투자사업자의 경영건전성을 해할 우려가 있는 운용방법,제2조제1호,0.9,그 밖에 기업금융업무와 관련성이 없거나 종합금융투자사업자의 경영건전성을 해할 우려가 있는 운용방법|자금 운용,2026-04-30
금융위원회,금지함,ACTION,자금 운용 >30% into 부동산관련자산,제2조제1호,0.9,부동산관련자산|자금 운용|30% 비율 초과,2026-04-30
금융위원회,허용함,ACTION,자금 운용 up to separate ratio for 해외 대규모 프로젝트 지원 by 종합금융투자사업자,제2조제1호,0.9,종합금융투자사업자 해외 대규모 프로젝트 지원|부동산관련자산|자금 운용,2026-04-30
자금공급 운용,정의함,LOGICAL,자금공급을 위하여 금융위원회가 정하여 고시하는 방법에 따라 운용,제2조제1호,0.85,자금공급 운용|정의,2026-04-30
제326조,참조함,STRUCTURE,제2조,326,0.4,제326조|제2조,2026-04-30
종합금융투자사업자,준수,ACTION,제328조까지의 규정,제328조,0.95,종합금융투자사업자|규정,2026-04-30
종합금융회사,정의함,LOGICAL,종합금융투자사업자,제328조,0.9,종합금융회사|종합금융투자사업자,2026-04-30
금융위원회,정의함,LOGICAL,규정,제328조,0.85,금융위원회|규정,2026-04-30
종합금융투자사업자,준수,ACTION,고객으로부터 종합투자계좌업무를 통하여 조달한 자금과 제2항제1호에 따른 자금의 합계가 자기자본의 100분의 300 이내,제328조,0.9,자금|자기자본|비율,2026-04-30
종합금융투자사업자,준수,ACTION,종합투자계좌 수탁금의 운용자산을 고유재산과 금융위원회가 정하여 고시하는 방법으로 구분하여 관리,제328조,0.9,운용자산|고유재산|구분|관리,2026-04-30
종합금융투자사업자,준수,ACTION,종합투자계좌 수탁금의 운용자산을 다음 각 목의 재산과 거래하지 않을 것,제328조,0.9,운용자산|거래금지|재산,2026-04-30
종합금융투자사업자,준수,ACTION,종합투자계좌 수탁금의 100분의 70 이상을 기업금융관련자산에 운용,제328조,0.9,운용자산|기업금융관련자산|비율,2026-04-30
종합금융투자사업자,준수,ACTION,제1항제3호에 따른 종합투자계좌업무 기준,제328조,0.85,종합투자계좌업무|기준,2026-04-30
중소기업 및 중견기업 성장촉진 및 경쟁력 강화에 관한 특별법,정의함,LOGICAL,제 2조제1항,제 2조제1항,0.95,정의|제2조제1항에 따른,2026-04-30
다자간매매체결회사의 업무기준,정의함,LOGICAL,법,제78조,0.9,다자간매매체결회사의 업무기준|법,2026-04-30
대통령령으로 정하는 업무기준,정의함,LOGICAL,다자간매매체결업무를 영위하지 아니할 것,제78조제1항,0.92,정의|업무기준,2026-04-30
금융위원회,정하고 고시,ACTION,매매체결대상상품,제390조,0.95,정하고 고시|매매체결대상상품,2026-04-30
매매체결대상상품,정의함,LOGICAL,관리종목 또는 이에 준하는 종목으로 지정한 매매체결대상 상품 나. 의결권이 없는 상장주권 다. 그 밖에 매매거래계약의 체결실적이 낮은 매매체결대상상품 등,제390조,0.9,정의함|매매체결대상상품,2026-04-30
다자간매매체결회사에서의 거래에 참가하는 자,정의함,LOGICAL,투자매매업자 또는 투자중개업자,제78조,0.95,다자간매매체결회사에서의 거래에 참가하는 자|투자매매업자|투자중개업자,2026-04-30
다자간매매체결회사에서의 거래에 참가하는 자,참조함,STRUCTURE,제78조제1항제1호,제78조,0.9,제78조제1항제1호,2026-04-30
거래소,지정,ACTION,증권시장업무규정,제378조제1항,0.95,청산기관으로 지정된 거래소|증권시장업무규정,2026-04-30
증권시장업 무규정,정의함,LOGICAL,제393조제1항에 따른 증권시장업 무규정,제393조제1항,0.95,정의|제393조제1항에 따른,2026-04-30
증권시장업 무규정,포함함,LOGICAL,"매매확인, 채무인수, 차감 및 결제불이행에 따른 처리 등 청산에 관한 사항",제393조제1항,0.9,청산|매매확인|채무인수|차감|결제불이행,2026-04-30
증권시장업 무규정,포함함,LOGICAL,매매거래에 따른 청산업무를 위하여 관련 내역을 거래소에 제공하는 절차 및 방법,제393조제1항,0.9,청산업무|거래소|절차|방법,2026-04-30
결제업무규정,정의함,LOGICAL,제303조제1항,제303조제1항,0.95,결제업무규정|정의,2026-04-30
결제업무규정,정할 것,ACTION,결제에 관한 사항,제303조제1항,0.9,결제업무규정|정할 것,2026-04-30
지정거래소,정할 것,ACTION,수탁을 거부하여야 하는 사항 등 수탁에 관한 사항,Unknown,0.9,수탁을 거부하여야 하는 사항|수탁에 관한 사항,2026-04-30
지정거래소,공표할 것,ACTION,종목별 매일의 가격과 거래량,Unknown,0.9,종목별 매일의 가격|거래량,2026-04-30
지정거래소,정할 것,ACTION,다자간매매체결업무를 정지하는 기간과 그 사유 및 중단하는 날,Unknown,0.9,다자간매매체결업무를 정지하는 기간|사유|중단하는 날,2026-04-30
지정거래소,준용함,STRUCTURE,제78조제3항,Unknown,0.8,제78조제3항,2026-04-30
시장감시규정,정의함,LOGICAL,제403조에 따른 시장감시규정,제403조,0.95,시장감시규정 정의|제403조에 따른 시장감시규정,2026-04-30
시장감시규정,참조함,STRUCTURE,제403조,제403조,0.9,제403조에 따른,2026-04-30
제공 절차,정할,ACTION,절차 및 방법,제78조제3항,0.95,제공 절차|절차 및 방법,2026-04-30
지정거래소,정할 것,ACTION,자료 등을 제공하는 절차 및 방법,제405조제1항,0.95,자료 제공 절차|정할 것,2026-04-30
분쟁조정규정,정하는 바에 따라,STRUCTURE,지정거래소에 자료 등을 제공하는 절차 및 방법,제405조제1항,0.9,분쟁조정규정|정하는 바에 따라,2026-04-30
경쟁매매의 방법,정의함,STRUCTURE,제8조의2제5항제1호,제8조의2제5항제1호,0.9,경쟁매매의 방법|제8조의2제5항제1호,2026-04-30
경쟁매매의 방법,요구함,ACTION,평균거래량,제8조의2제5항제1호,0.95,경쟁매매의 방법|평균거래량,2026-04-30
대통령령으로 정하는 것,정의함,LOGICAL,매매가격ㆍ거래량 및 매매체결의 시간 등 매매체결대 상상품의 매매체결에 관한 정보,제78조제3항제4호,0.95,대통령령으로 정하는 것|매매가격ㆍ거래량 및 매매체결의 시간 등 매매체결대 상상품의 매매체결에 관한 정보,2026-04-30
비금융회사,정의함,LOGICAL,금융위원회가 정하여 고시하는 금융업이 아닌 업종을 영위하는 회사,제2조제1항제1호,0.95,비금융회사|정의,2026-04-30
대통령령 기준 초과,정의함,LOGICAL,매매체결대상상품의 거래량이 다음 각 호의 어 느 하나에 해당하는 경우,제78조제7항,0.95,대통령령 기준 초과|매매체결대상상품의 거래량,2026-04-30
대통령령 기준 초과,참조함,STRUCTURE,제78조제3항제4호,제78조제7항,0.9,대통령령 기준 초과|제78조제3항제4호,2026-04-30
다자간매매체결회사,초과,LOGICAL,증권시장 평균거래량의 5%,제4조제2항,0.95,거래량 초과|5%,2026-04-30
다자간매매체결회사,초과,LOGICAL,증권시장 평균거래량의 10% (종목별),제4조제2항,0.95,거래량 초과|10%|종목별,2026-04-30
대통령령으로 정하는 조치,정의함,LOGICAL,다자간매매체결회사의 사업계획 및 이해상충방지체계 등이 투자자 보호와 거래의 공정성 확보에 적합하도록 하는 조치,제78조제7항,0.95,정의|대통령령으로 정하는 조치,2026-04-30
대통령령으로 정하는 조치,정의함,LOGICAL,다자간매매체결업무를 안정적으로 영위하기 위하여 필요한 인력과 전산설비 등 물적 설비를 갖추도록 하는 조치,제78조제7항,0.95,정의|대통령령으로 정하는 조치,2026-04-30
대통령령으로 정하는 조치,참조함,STRUCTURE,제78조제7항,제78조제7항,0.9,정의|대통령령으로 정하는 조치,2026-04-30
자산운용의 지시방법,정의함,LOGICAL,법,제79조,0.8,자산운용의 지시방법|법,2026-04-30
대통령령으로 정하는 방법,정의함,LOGICAL,그 지시내용을 전산시스템에 의하여 객관적이고 정확하게 관리할 수 있는 방법,제80조제1항,0.95,정의|대통령령으로 정하는 방법,2026-04-30
대통령령으로 정하는 경우,정의함,LOGICAL,신탁계약서에 다음 각 호의 어느 하나에 해당하는 방법을 정하여 투자대상자산을 운용하는 경우,제80조제1항,0.95,대통령령|정하는 경우|신탁계약서|투자대상자산 운용,2026-04-30
법인,요구함,ACTION,"지분증권, 증권예탁증권, 수익증권, 파생결합증권 발행",제390조,0.95,증권상장규정|상장예비심사|거래소|상장기준,2026-04-30
법인,허용함,ACTION,"채무증권 매매 (국채증권, 지방채증권, 특수채증권, 사채권)",제390조,0.9,채무증권|국채증권|지방채증권|특수채증권|사채권|신용평가,2026-04-30
증권상장규정,근거함,STRUCTURE,제390조,제390조,0.99,제390조|증권상장규정,2026-04-30
기업어음증권,정의함,LOGICAL,각 호의 기준을 충족하는 기업어음증권,제183조제1항,0.95,기업어음증권|각 호의 기준,2026-04-30
단기사채,정의함,LOGICAL,각 호의 기준을 충족하는 단기사채,제183조제1항,0.95,단기사채|각 호의 기준,2026-04-30
기업어음증권,충족,ACTION,각 호의 기준,제183조제1항,0.9,기업어음증권|각 호의 기준,2026-04-30
단기사채,충족,ACTION,각 호의 기준,제183조제1항,0.9,단기사채|각 호의 기준,2026-04-30
단기사채,준용함,STRUCTURE,제59조,59,0.9,단기사채|제59조에 따른,2026-04-30
제2조제1호나목,한정한다,ACTION,제2조제1호나목에 해당하는 것,제2조제1호나목,0.92,한정|제2조제1호나목에 해당하는 것,2026-04-30
제2조제1호나목,상위조항,STRUCTURE,제2조,제2조제1호나목,0.95,상위조항|제2조,2026-04-30
제2조제1호나목,정의함,LOGICAL,제2조,제2조제1호나목,0.93,정의|제2조,2026-04-30
단기대출,정의함,LOGICAL,제83조제4항,제83조제4항,0.95,단기대출 정의,2026-04-30
금융기관,허용함,ACTION,어음 매매,제251조제4항,0.95,어음 매매|금융기관,2026-04-30
금융기관,권한을가짐,ACTION,어음 매매,제251조제4항,0.9,어음 매매|금융기관,2026-04-30
집합투자업자,운용,ACTION,집합투자재산,제5조제1항,0.95,집합투자기구 운용|집합투자재산,2026-04-30
준용,준용함,LOGICAL,제80조제3항ㆍ제4항,제80조제3항ㆍ제4항,0.95,준용|제80조제3항ㆍ제4항,2026-04-30
자산운용한도 제한의 예외,정의함,LOGICAL,법,제80조,0.7,자산운용한도 제한|예외,2026-04-30
대통령령으로 정하는 경우,정의함,LOGICAL,다음 각 호의 행위를 하는 경우,제81조제1항,0.95,정의|대통령령으로 정하는 경우,2026-04-30
가목,적용,ACTION,투자대상자산,제81조제1항제1호가목,0.9,가목|투자대상자산,2026-04-30
부동산집합투자기구,정의함,LOGICAL,부동산집합투자기구,제229조제2호,0.92,정의|개념,2026-04-30
부동산집합투자기구,참조함,STRUCTURE,제229조제2호,제229조제2호,0.85,참조|상위조항,2026-04-30
특별자산집합투자기구,요구함,ACTION,국채증권,제229조제3호,0.9,투자|자산총액|국채증권,2026-04-30
특별자산집합투자기구,요구함,ACTION,한국은행법에 해당하는 자산,제229조제3호,0.9,투자|자산총액|한국은행법,2026-04-30
한국은행통화안정증권,정의함,LOGICAL,국가나 지방자치단체가 원리금의 지급을 보증한 채권,제69조,0.95,정의|한국은행통화안정증권,2026-04-30
한국은행통화안정증권,정의함,LOGICAL,특정한 부동산을 개발하기 위하여 존속기간을 정하여 설립된 회사(이하 “부동산개발회사”라 한다)가 발행한 증권,제69조,0.95,정의|한국은행통화안정증권,2026-04-30
한국은행통화안정증권,정의함,LOGICAL,"부동산, 그 밖에 금융위원회가 정하여 고시하는 부동산 관련 자산을 기초로 하여 「자산유동화에 관한 법률」에 따라 발행한 증권",제69조,0.95,정의|한국은행통화안정증권,2026-04-30
유동화증권,정의함,LOGICAL,발행된 유동화증권으로서 그 기초자산의 합계액이 자산유동화에 관한 법률,제2조제4호,0.95,유동화증권 정의,2026-04-30
유동화증권,근거함,STRUCTURE,자산유동화에 관한 법률,제2조제4호,0.9,기초자산 합계액 기준,2026-04-30
유동화증권,참조함,STRUCTURE,제2조,제2조제4호,0.9,정의 근거,2026-04-30
유동화자산 가액의 70% 이상,정의함,LOGICAL,유동화증권,제2조제3호,0.95,유동화자산 가액|70% 이상,2026-04-30
주택저당증권,정의함,LOGICAL,금융기관이 지급을 보증한 주택저당증권,제79조제2항제5호,0.95,주택저당증권 정의|금융기관 보증,2026-04-30
금융기관,보증함,ACTION,주택저당증권,제79조제2항제5호,0.9,금융기관 보증|주택저당증권,2026-04-30
부동산,정의함,LOGICAL,제229조제2호에 따른 부동산,229,0.95,부동산 정의|제229조제2호,2026-04-30
특별자산투자목적회사,요구함,ACTION,부동산 비중이 90% 이상,제3조제1항,0.95,부동산 비중|90% 이상,2026-04-30
해당 회사와 그 종속회사가,요구함,ACTION,설립될 것,229조제3호,0.95,특별자산 투자 목적 및 비율,2026-04-30
해당 회사와 그 종속회사가 소유하고 있는 자산을 합한 금액 중 특별자산 관련 금액,요구함,ACTION,100분의 90 이상,229조제3호,0.9,특별자산 투자 목적 및 비율,2026-04-30
가목,적용,ACTION,외화,제81조제1항제1호가목,0.95,가목|외화,2026-04-30
단기금융집합투자기구,요구함,ACTION,증권,제301조제1항제2호가목,0.95,투자|증권,2026-04-30
투자,정의함,LOGICAL,외국정부가 자국의 통화로 표시하여 발행한 국채증권,제301조제1항제2호가목,0.9,투자|외국정부|국채증권,2026-04-30
투자,정의함,LOGICAL,외국정부가 원리금의 지급을 보증한 채무증권 중 자국의 통화로 표시하여 발행된 채무증권,제301조제1항제2호가목,0.9,투자|외국정부|채무증권,2026-04-30
투자,정의함,LOGICAL,외국 중앙은행이 자국의 통화로 표시하여 발행한 채무증권,제301조제1항제2호가목,0.9,투자|외국중앙은행|채무증권,2026-04-30
단기금융집합투자기구,투자할 수 있는 비율,LOGICAL,100% of 자산총액,제301조제1항제2호가목,0.85,투자|자산총액|비율,2026-04-30
집합투자기구,투자,ACTION,투자대상자산,제81조제1항제1호가목,0.95,집합투자기구|투자대상자산,2026-04-30
투자대상자산,정의함,LOGICAL,"지방채증권, 특수채증권, 기업어음증권",제81조제1항제1호가목,0.9,투자대상자산|지방채증권|특수채증권|기업어음증권,2026-04-30
파생결합증권,정의함,LOGICAL,어음,제79조제2항제5호,0.95,파생결합증권|어음,2026-04-30
채권,정의함,LOGICAL,금융기관이 발행한 채권,제79조제2항제5호,0.95,채권|금융기관이 발행한 채권,2026-04-30
금융기관,요구함,ACTION,채권,제79조제2항제5호가목부터 사목까지,0.95,채권|보증,2026-04-30
후순위 사채권,정의함,LOGICAL,사채 중 후순위 사채권 또는 같은 법,31,0.95,정의|사채,2026-04-30
후순위 사채권,참조함,STRUCTURE,제31조,31,0.98,제31조|정의,2026-04-30
후순위 수익증권,정의함,LOGICAL,수익증권 중 후순위 수익증권(집합투자규약에서 후순위 사채권 또는 후순위 수익증권에 금융위원회가 정하여 고시하는 비율 이상 투자하는 것을 정한 집합투자기구만 해당한다),32,0.95,후순위 수익증권 정의|집합투자규약 조건,2026-04-30
후순위 수익증권,참조함,STRUCTURE,제32조,32,1.0,제32조 참조,2026-04-30
후순위 수익증권,정의함,LOGICAL,한국주택금융공사법에 따른 주택저당채권담보부채권 또는 주택저당증권,32,0.9,한국주택금융공사법 적용,2026-04-30
채권,정의함,LOGICAL,금전을 대여하거나 예치ㆍ예탁하여 취득한 채권 2의2,제79조제2항제5호가목부터 사목까지,0.95,정의|채권|금전 대여|예치|예탁,2026-04-30
채권,참조함,STRUCTURE,제79조제2항제5호가목부터 사목까지,제79조제2항제5호가목부터 사목까지,0.9,참조|정의,2026-04-30
부동산ㆍ특별자산투자재간접집합투자기구,정의함,LOGICAL,부동산투자회사,제81조,0.95,동일하다|적용,2026-04-30
투자,정의함,LOGICAL,부동산투자회사가 발행한 지분증권에 부동산ㆍ특별자산투자재간접집합투자기구 자산총액의 100분의 50까지 투자하는 행위,제14조의8제3항,0.95,투자|자산총액|지분증권|부동산투자회사,2026-04-30
부동산투자회사,투자함,ACTION,자산총액의 100분의 50까지,제14조의8제3항,0.9,투자|자산총액|부동산투자회사,2026-04-30
시가총액비중,정의함,LOGICAL,동일법인 등이 발행한 지분증권의 시가총액비중,제81조제1항제1호가목,0.92,시가총액비중|동일법인 지분증권,2026-04-30
시가총액비중,정의함,LOGICAL,10% 초과 시 투자 비중,제81조제1항제1호가목,0.88,시가총액비중|투자 행위,2026-04-30
집합투자기구,금지함,ACTION,법인 등이 발행한 증권에 투자,제81조제1항제1호가목,0.95,투자 제한|금지,2026-04-30
집합투자기구,요구함,ACTION,투자자 보호 및 집합투자재산의 안정적 운용의 필요성을 고려하여 금융위원회가 정하여 고시하는 법인 등이 발행한 증권에 투자하지 아니할 것,제81조제1항제1호가목,0.95,투자 제한|요구,2026-04-30
집합투자기구,요구함,ACTION,해당 집합투자기구 자산총액의 100분의 50 이상을 다른 동일법인 등이 발행한 증권에 그 집합투자기구 자산 총액의 100분의 5 이하씩 각각 나누어 투자할 것,제81조제1항제1호가목,0.95,투자 제한|요구,2026-04-30
집합투자기구,허용함,ACTION,100분의 30까지 투자할 수 있는 증권,제81조제1항제1호가목,0.9,투자 제한|허용,2026-04-30
집합투자기구,허용함,ACTION,100분의 10까지 투자할 수 있는 증권,제81조제1항제1호가목,0.9,투자 제한|허용,2026-04-30
투자 제한,정의함,LOGICAL,집합투자기구가 증권에 투자할 수 있는 범위와 금지 사항,제81조제1항제1호가목,0.9,투자 제한|정의,2026-04-30
투자 제한,예외로함,LOGICAL,100분의 30까지 투자 가능,제81조제1항제1호가목,0.85,투자 제한|예외,2026-04-30
투자 제한,예외로함,LOGICAL,100분의 10까지 투자 가능,제81조제1항제1호가목,0.85,투자 제한|예외,2026-04-30
제81조제1항제1호가목,상위조항,STRUCTURE,제81조,제81조제1항제1호가목,0.9,조항 구조,2026-04-30
가목,적용,ACTION,동일종목의 증권에 법,제81조제1항제1호가목,0.85,가목|적용|동일종목의 증권,2026-04-30
집합투자 기구,요구함,ACTION,자산총액의 30%까지 투자,제234조제1항제1호,0.95,투자|30%,2026-04-30
집합투자 기구,예외로함,LOGICAL,동일종목의 증권에 지수 비중까지 투자,제234조제1항제1호,0.9,지수 연동|비중 초과|예외,2026-04-30
집합투자업자,요구함,ACTION,지분증권,제81조,0.95,지분증권 투자|100% 투자,2026-04-30
지분증권,종류,LOGICAL,부동산개발회사가 발행한 지분증권,제81조,0.9,부동산개발회사가 발행|지분증권,2026-04-30
지분증권,종류,LOGICAL,부동산투자목적회사가 발행한 지분증권,제81조,0.9,부동산투자목적회사가 발행|지분증권,2026-04-30
집합투자업자,투자할수있는최대비율,LOGICAL,100%,제81조,0.9,투자 비율|100%,2026-04-30
자산총액,정의함,LOGICAL,부동산투자회사법에 따른 부동산ㆍ특별자산투자재간접집합투자기구의 자산총액,제81조제1항제1호다목,0.95,자산총액 정의|부동산투자회사법 적용,2026-04-30
부동산투자회사,허용함,ACTION,지분증권,제14조의8제3항,0.85,지분증권|부동산투자회사,2026-04-30
집합투자업자,요구함,ACTION,주식(사회기반시설사업 시행을 목적으로 하는 법인 발행),81,0.9,지분증권 투자|사회기반시설사업,2026-04-30
집합투자업자,요구함,ACTION,주식 또는 채권(사회기반시설사업 시행을 목적으로 하는 법인 발행) 및 대출채권,81,0.9,지분증권 투자|사회기반시설사업,2026-04-30
집합투자업자,요구함,ACTION,"지분증권(특별자산투자목적회사가 발행한, 사회기반시설사업 또는 선박·항공기·특별자산에 투자)",81,0.9,지분증권 투자|특별자산투자목적회사|사회기반시설사업|선박|항공기,2026-04-30
지분증권 투자,참조함,STRUCTURE,제81조제1항제1호나목 및 다목,81,0.85,자산총액|특별자산집합투자기구,2026-04-30
일반사모집합투자기구,적용,ACTION,제81조제1항제3호가목,제81조제1항제3호가목,0.95,일반사모집합투자기구|가목,2026-04-30
일반사모집합투자기구,정의함,LOGICAL,집합투자자재산을 운용하지 않는 일반사모집합투자기구 또는 이와 유사한 집합투자기구,제249조의7제5항,0.95,정의|한정,2026-04-30
사모투자재간접집합투자기구,정의함,LOGICAL,자산총액의 100분의 50을 초과하여 투자한 집합투자증권을 발행하는 외국 집합투자기구가 발행하는 집합투자증권에 투자하는 집합투자기구,제279조제1항,0.95,사모투자재간접집합투자기구 정의|투자 비율 50% 초과|외국 집합투자기구,2026-04-30
사모투자재간접집합투자기구,정의함,LOGICAL,같은 집합투자업자가 운용하는 집합투자기구,제279조제1항,0.9,같은 집합투자업자|운용|집합투자기구,2026-04-30
투자 행위,정의함,LOGICAL,집합투자증권에 각 집합투자기구 자산총액의 100분의 100까지 투자하는 행위,제279조제1항,0.95,투자 행위 정의|집합투자증권 투자,2026-04-30
투자 행위,참조함,STRUCTURE,제279조제1항,제279조제1항,0.9,제279조제1항 참조,2026-04-30
제81조제1항제3호가목,적용함,ACTION,집합투자증권,제81조제1항제3호가목,0.92,집합투자증권|제81조제1항제3호가목,2026-04-30
집합투자증권,정의함,LOGICAL,제2조,제81조제1항제3호가목,0.95,집합투자증권|제2조,2026-04-30
집합투자증권,예외로함,LOGICAL,부동산투자회사법,제81조제1항제3호가목,0.88,집합투자증권|부동산투자회사법,2026-04-30
집합투자기구,정의함,LOGICAL,부동산ㆍ특별자산투자재간접집합투자기구,제14조의8제3항,0.95,정의|집합투자기구,2026-04-30
부동산ㆍ특별자산투자재간접집합투자기구,투자함,ACTION,집합투자증권,제14조의8제3항,0.9,투자|집합투자증권,2026-04-30
부동산ㆍ특별자산투자재간접집합투자기구,투자함,ACTION,자산총액의 100분의 100,제14조의8제3항,0.85,투자|자산총액,2026-04-30
부동산집합투자기구,투자함,ACTION,부동산,제14조의8제3항,0.9,투자|부동산,2026-04-30
특별자산집합투자기구,투자함,ACTION,특별자산,제14조의8제3항,0.9,투자|특별자산,2026-04-30
일반사모집합투자기구,투자함,ACTION,다음의 자산,제14조의8제3항,0.85,투자|일반사모집합투자기구,2026-04-30
일반사모집합투자기구,정의함,LOGICAL,집합투자재산을 운용하지 않는 일반사모집합투자기구,제249조의7제5항,0.95,일반사모집합투자기구|집합투자재산 운용 제한,2026-04-30
지분증권,정의함,LOGICAL,특별자산투자목적회사가 발행한 지분증권,제229조제2호,0.95,지분증권|특별자산투자목적회사,2026-04-30
부동산투자회사,정의함,LOGICAL,제5조의4에 따른 특별자산투자목적회사에 투자하는 특별자산집합투자기구,제2조제1호,0.9,정의|부동산투자회사,2026-04-30
부동산투자회사,근거함,STRUCTURE,제2조제1호,제2조제1호,0.95,근거|제2조제1호,2026-04-30
집합투자기구,투자함,ACTION,집합투자증권,제81조제1항제3호가목,0.95,집합투자기구|집합투자증권|투자|100%,2026-04-30
집합투자기구,투자할수있다,ACTION,복수의 집합투자기구,제81조제1항제3호가목,0.9,집합투자기구|복수의 집합투자기구|투자|다양성,2026-04-30
집합투자기구,투자전략활용함,ACTION,비율탄력적조절,제81조제1항제3호가목,0.9,집합투자기구|투자전략|비율조절|탄력적,2026-04-30
집합투자업자,운용보수체계갖출것,ACTION,투자자에게 유리한,제81조제1항제3호가목,0.9,집합투자업자|운용보수체계|투자자|유리,2026-04-30
집합투자업자,투자한 비율이 50% 초과시,LOGICAL,운용보수체계갖출것,제81조제1항제3호가목,0.9,집합투자업자|투자비율|50% 초과|운용보수체계,2026-04-30
집합투자업자,운용,ACTION,집합투자 기구,제81조,0.95,집합투자업자|운용|집합투자 기구,2026-04-30
집합투자업자,투자할 수 있는,ACTION,집합투자증권,제81조,0.85,집합투자업자|투자할 수 있는|집합투자증권,2026-04-30
집합투자기구,투자할 수 있는,ACTION,집합투자증권,제81조,0.8,집합투자기구|투자할 수 있는|집합투자증권,2026-04-30
등록한 것,해당한다,LOGICAL,제279조제1항,제279조제1항,0.9,등록|제279조제1항,2026-04-30
집합투자재산,운용한다,ACTION,외화자산,제279조제1항,0.7,운용|외화자산,2026-04-30
상장지수집합투자기구,정의함,LOGICAL,금융위원회가 정하여 고시하는,제279조제1항,0.6,정의|금융위원회,2026-04-30
같은 집합투자업자,요구함,ACTION,다른 집합투자업자에게 집합투자재산을 위탁하여 운용,제279조제1항,0.95,위탁|운용|집합투자재산|집합투자증권,2026-04-30
같은 집합투자업자,간주함,LOGICAL,외화자산 90% 이상 운용 시,제279조제1항,0.85,외화자산|90% 이상|조건,2026-04-30
같은 집합투자업자,운용함,ACTION,집합투자기구,제81조제1항제3호가목,0.95,같은 집합투자업자|운용함|집합투자기구,2026-04-30
집합투자기구,포함함,STRUCTURE,외국집합투자기구,제279조제1항,0.85,집합투자기구|외국집합투자기구|포함,2026-04-30
집합투자기구,위탁하 여 운용함,ACTION,다른 집합투자업자,제279조제1항,0.86,집합투자기구|위탁|운용|다른 집합투자업자,2026-04-30
집합투자업자,요구함,ACTION,집합투자재산을 둘 이상의 다른 집합투자업자에게 위탁 하여 운용,제81조제1항제3호나목,0.95,집합투자재산 위탁 운용|집합투자업자|집합투자재산,2026-04-30
집합투자업자,요구함,ACTION,각 집합투자기구 자산총액의 30%까지 투자,제81조제1항제3호나목,0.9,집합투자재산 위탁 운용|집합투자업자|투자,2026-04-30
집합투자업자,예외로함,LOGICAL,자산총액의 90% 이상을 외화자산에 운용하는 경우에만 해당,제81조제1항제3호나목,0.85,집합투자재산 위탁 운용|외화자산|자산총액,2026-04-30
상장지수집합투자기구,참조함,STRUCTURE,제81조제1항제3호나목,제81조제1항제3호나목,0.9,상장지수집합투자기구|제81조제1항제3호나목,2026-04-30
집합투자재산 위탁 운용,정의함,LOGICAL,집합투자재산을 둘 이상의 다른 집합투자업자에게 위탁 하여 운용,제81조제1항제3호나목,0.9,집합투자재산 위탁 운용|집합투자재산|집합투자업자,2026-04-30
부동산ㆍ특별자산투자재간접집합투자기구,투자함,ACTION,같은 집합투자기구의 집합투자증권,제81조,0.9,투자|부동산|특별자산|투자재간접집합투자기구,2026-04-30
부동산ㆍ특별자산투자재간접집합투자기구,투자할수있는,ACTION,집합투자증권,제81조,0.85,투자|한도|50%,2026-04-30
부동산ㆍ특별자산투자재간접집합투자기구,적용함,STRUCTURE,제81조제1항제3호나목,제81조,0.8,적용|제81조제1항제3호나목,2026-04-30
집합투자기구,투자할수있는,ACTION,집합투자증권,제81조,0.8,투자|한도|50%,2026-04-30
집합투자기구,적용함,ACTION,가목 또는 나목,제81조제1항제3호,0.95,가목|나목,2026-04-30
집합투자기구,포함함,STRUCTURE,외국 집합투자기구,제81조제1항제3호,0.85,외국 집합투자기구,2026-04-30
보험회사,허용함,ACTION,각 투자신탁 자산총액의 100분의 100까지 투자,251조제1항,0.9,투자신탁 자산총액|허용범위,2026-04-30
보험회사,금지함,ACTION,계열회사가 운용하는 집합투자기구에 투자 (전체 투자신탁 자산총액의 100분의 50을 초과하여),251조제1항,0.95,계열회사의 집합투자기구|초과투자제한,2026-04-30
집합투자기구의 재산,투자함,ACTION,집합투자증권(부동산집합투자기구 등),제81조제1항제3호다목,0.95,투자|집합투자기구의 재산|집합투자증권,2026-04-30
집합투자기구,정의함,LOGICAL,"등록한 외국 집합투자기구를 포함하고, 집합투자증권에 집합투자재산의 100분의 40을 초과하여 투자하는 집합투자기구",제279조제1항,0.95,집합투자기구|정의|투자|집합투자증권|집합투자재산,2026-04-30
외국 집합투자기구,정의함,LOGICAL,등록한 외국 집합투자기구,제279조제1항,0.9,등록|제279조제1항,2026-04-30
집합투자기구,정의함,LOGICAL,외국 집합투자기구를 포함한다,제279조제1항,0.95,집합투자기구|외국 집합투자기구,2026-04-30
외국 집합투자기구,투자,ACTION,집합투자재산,제279조제1항,0.9,외국 집합투자기구|집합투자재산,2026-04-30
집합투자기구,투자,ACTION,집합투자재산,제279조제1항,0.9,집합투자기구|집합투자재산,2026-04-30
외국 집합투자기구,포함한다,ACTION,집합투자재산,제279조제 1항,0.9,등록한|외국 집합투자기구|집합투자재산,2026-04-30
제279조제1항,포함함,ACTION,외국 집합투자기구,제279조제1항,0.95,외국 집합투자기구|제279조제1항에 따라 등 록한,2026-04-30
상장지수집합투자기구,요구함,ACTION,집합투자증권,제81조제1항제3호다목,0.95,집합투자증권 투자,2026-04-30
상장지수집합투자기구,요구함,ACTION,운용보수 체계,제81조제1항제3호다목,0.9,운용보수 체계,2026-04-30
상장지수집합투자기구,준용함,STRUCTURE,부동산투자회사법,제81조제1항제3호다목,0.7,부동산투자회사법,2026-04-30
집합투자증권,포 함한다,ACTION,외국 집합투자기구,제279조제1항,0.95,등록한|포 함한다,2026-04-30
집합투자증권,포 함한다,ACTION,부동산투자회사법,제279조제1항,0.9,포 함한다,2026-04-30
집합투자증권,정의함,LOGICAL,집합투자증권,제279조제1항,0.9,정의,2026-04-30
투자금액 초과,정의함,LOGICAL,공모부동산투자회사가 발행한 주식에 대한 투자금액을 합산한 금액이 자산총액의 40%를 초과하는 상장지수집합투자기구,제49조의3제1항,0.95,투자금액 초과|자산총액의 40%,2026-04-30
상장지수집합투자기구,초과한다,ACTION,자산총액의 40%,제49조의3제1항,0.9,투자금액 초과|자산총액의 40%,2026-04-30
공모부동산투자회사가 발행한 주식,정의함,LOGICAL,증권시장에 상장된 주식 8의4,제49조의3제1항,0.95,공모부동산투자회사가 발행한 주식|증권시장에 상장된 주식 8의4,2026-04-30
사모투자재간접집합투자기구,적용함,ACTION,일반사모집합투자기구,제81조,0.95,사모투자재간접집합투자기구|일반사모집합투자기구,2026-04-30
일반사모집합투자기구,정의함,LOGICAL,집합투자재산을 운용하지 않는 일반사모집합투자기구 또는 이와 유사한 집합투자기구,제249조의 7제5항,0.95,정의|한정,2026-04-30
외국 집합투자기구,요구함,ACTION,집합투자증권에 투자,제279조제1항,0.9,투자 행위|100% 자산 총액,2026-04-30
외국 집합투자기구,근거함,STRUCTURE,제279조제1항,제279조제1항,0.95,제279조제1항,2026-04-30
외국 집합투자기구,간주함,LOGICAL,집합투자증권에 투자 100% 자산 총액까지,제279조제1항,0.85,100% 자산 총액,2026-04-30
부동산ㆍ특별자산투자재간접집합투자기구,정의함,LOGICAL,일반사모집합투자기구,제81조제1항제3호라목,0.95,부동산ㆍ특별자산투자재간접집합투자기구|일반사모집합투자기구,2026-04-30
제81조제1항제3호라목,적용함,ACTION,부동산ㆍ특별자산투자재간접집합투자기구,제81조제1항제3호라목,0.9,제81조제1항제3호라목|부동산ㆍ특별자산투자재간접집합투자기구,2026-04-30
일반사모집합투자기구,운용하지 않는다,ACTION,집합투자재산,제249조의7제5항,0.85,일반사모집합투자기구|집합투자재산|운용,2026-04-30
마목,적용함,ACTION,법,제81조,0.85,마목|적용,2026-04-30
보험회사,허용함,ACTION,집합투자증권 총수,제251조제1항,0.95,투자신탁재산|집합투자증권 총수,2026-04-30
집합투자기구,요구함,ACTION,상장지수집합투자기구의 집합 투자증권 총수의 100분의 50까지 투자하는 행위,제81조제1항제3호,0.95,투자 한도|상장지수집합투자기구|집합투자기구,2026-04-30
사모투자재간접집합투자기구,적용함,ACTION,마목,제81조제1항제3호,0.95,마목|적용,2026-04-30
투자,허용함,ACTION,집합투자증권 총수의 100분의 50까지 투자,제279조제1항,0.9,투자|집합투자증권|외국집합투자기구|100분의 50,2026-04-30
외국집합투자기구,참조함,STRUCTURE,제279조제1항에 따라 등록한 외국 집합투자기구,제279조제1항,0.85,외국집합투자기구|등록,2026-04-30
부동산·특별자산투자재간접집합투자기구,허용함,ACTION,집합투자증권 총수의 50%까지 투자,제81조,0.95,투자 행위|집합투자증권 총수의 50%,2026-04-30
제81조제1항제3호,상위조항,STRUCTURE,제81조,제81조,0.9,제81조제1항제3호|제81조,2026-04-30
법,요구함,ACTION,바목,제81조제1항제3호,0.9,바목|적용,2026-04-30
투자신탁재산,정의함,LOGICAL,보험회사가 설정한 투자신탁재산,제251조제1항,0.95,투자신탁재산|보험회사|설정,2026-04-30
투자신탁재산,참조함,STRUCTURE,제251조제1항,제251조제1항,0.9,제251조제1항,2026-04-30
투자 행위,금지함,ACTION,제81조제1항제3호바목에 따른 기준 초과,제81조제1항제3호바목,0.95,투자|기준 초과|제81조제1항제3호바목|국가재정법,2026-04-30
법,운용,ACTION,여유자금,제81조,0.95,여유자금 통합 운용|법,2026-04-30
여유자금 통합 운용,상위조항,STRUCTURE,제81조,제81조,0.9,제81조에 따른|여유자금 통합 운용,2026-04-30
투자 기준 초과,정의함,LOGICAL,같은 호에 따른 기준을 초과하여 투자하는 행위,제81조,0.9,투자 기준 초과|같은 호에 따른 기준,2026-04-30
금융위원회,정한다,ACTION,행위,제81조,0.95,투자 기준 초과|금융위원회가 정하여 고 시하는 행위,2026-04-30
외국 집합 투자증권,정의함,LOGICAL,외국 집합 투자증권,제279조제1항,0.95,정의|외국 집합 투자증권,2026-04-30
외국 집합 투자증권,참조함,STRUCTURE,제279조제1항,제279조제1항,0.9,참조|제279조제1항,2026-04-30
투자대상자산,정의함,LOGICAL,"원화로 표시된 양도성 예금증서, 기업어음증권 외의 어음, 제1호 및 제2호 외에 대출채권, 예금, 그 밖의 금융위원회가 정하여 고시하는 채권(債권), 사업수익권",제81조제1항제1호,0.95,정의함|투자대상자산 정의,2026-04-30
대통령령으로 정하는 비율,정의함,LOGICAL,100분의 10,제81조제1항제1호가목,0.95,대통령령으로 정하는 비율|100분의 10,2026-04-30
대통령령으로 정하는 적격 요건,정의함,LOGICAL,대통령령으로 정하는 적격 요건,제81조,0.95,정의,2026-04-30
자,충족,ACTION,요건,제10조제1항,0.95,요건 충족,2026-04-30
요건 충족,정의함,LOGICAL,자가 요건을 충족하는 것,제10조제1항,0.9,정의,2026-04-30
대통령령으로 정하는 기준,정의함,LOGICAL,각 집합투자기구의 자산총액에서 부채총액을 뺀 가액의 100분의 100,제81조제1항제1호마목,0.97,정의,2026-04-30
대통령령으로 정하는 기준,예외로함,LOGICAL,가격변동의 위험이 크지 아니한 경우로서 금융위원회가 정하여 고시하는 기준을 충족하는 상장지수집합투자기구 또는 법,제81조제1항제1호마목,0.92,예외,2026-04-30
집합투자기구,한다,ACTION,100분의 200,제234조제1항제1호,0.95,집합투자기구|100분의 200,2026-04-30
대통령령으로 정하는 기간,정의함,LOGICAL,다음 각 호의 기간,제81조제1항제2호가목,0.95,정의|기간,2026-04-30
주택,정의함,LOGICAL,1년,제2조제1호,0.9,주택|1년,2026-04-30
집합투자기구,예외로함,LOGICAL,미분양주택,제2조제1호,0.8,집합투자기구|미분양주택,2026-04-30
주택,정의함,LOGICAL,"주택 공급이 사업주체에 의해 같은 조에 따라 공급되는 주택으로, 입주자 모집 공고에 따른 입주자의 계약일이 지난 주택단지에서 분양계약이 체결되지 아니하여 선착순으로 공급되는 주택을 말한다.",54조,0.95,주택|집합투자규약에서 정하는 기간,2026-04-30
사업주체,취득,ACTION,주택,54조,0.9,주택|집합투자규약에서 정하는 기간,2026-04-30
주택에 해당하지 아니하는 부동산,정의함,LOGICAL,국외에 있는 부동산,제2조제1호,0.9,정의|국외 부동산,2026-04-30
주택에 해당하지 아니하는 부동산,참조함,STRUCTURE,집합투자규약,제2조제1호,0.8,집합투자규약|정의,2026-04-30
대통령령으로 정하는 경우,정의함,LOGICAL,집합투자기구가 합병ㆍ해지 또는 해산되는 경우,제81조제1항제2호가목,0.95,대통령령으로 정하는 경우|집합투자기구가 합병ㆍ해지 또는 해산되는 경우,2026-04-30
대통령령으로 정하는 경우,정의함,LOGICAL,부동산개발사업을 하기 위하여 토지를 취득한 후 관련 법령의 제정·개정 또는 폐지 등으로 인하여 사업성이 뚜렷하게 떨어져서 부동산개발사업을 수행하는 것이 곤란하다고 객관적으로 증명되어 그 토지의 처분이 불가피한 경우,제81조제1항제2호나목,0.95,부동산개발사업|토지|법령 제정·개정·폐지|사업성 감소|토지 처분 불가피,2026-04-30
대통령령으로 정하는 비율,정의함,LOGICAL,100분의 5,제81조,0.99,대통령령으로 정하는 비율|정의,2026-04-30
대통령령으로 정하는 기준,정의함,LOGICAL,정의 대상,제81조제1항제3호바목,0.95,정의|대통령령으로 정하는 기준,2026-04-30
한도,정한,LOGICAL,제77조제4항,제77조제4항,0.95,한도|제77조제4항,2026-04-30
자산운용의 제한,예외로함,LOGICAL,예외적 한도 초과사유,81,0.6,자산운용의 제한|예외적 한도 초과사유,2026-04-30
대통령령으로 정하는 행위,정의함,LOGICAL,환매조건부매도(증권을 일정기간 후에 환매수할 것을 조건으로 매도하는 행위),제81조제1항제4호,0.95,대통령령으로 정하는 행위|환매조건부매도,2026-04-30
대통령령으로 정하는 행위,정의함,LOGICAL,증권 대여(증권을 대여하는 행위),제81조제1항제4호,0.95,대통령령으로 정하는 행위|증권 대여,2026-04-30
대통령령으로 정하는 행위,정의함,LOGICAL,증권 차입(증권을 차입하는 행위),제81조제1항제4호,0.95,대통령령으로 정하는 행위|증권 차입,2026-04-30
대통령령으로 정하는 사유,정의함,LOGICAL,다음 각 호의 어느 하나에 해당하는 사유,제81조제3항,0.95,집합투자재산에 속하는 투자대상자산의 가격 변동|투자신탁의 일부해지 또는 투자회사ㆍ투자유한회사ㆍ투자합자회사ㆍ투자유한책임회사ㆍ투자합자조합 및 투자 익명조합의 집합투자증권의 일부소각|담보권의 실행 등 권리행사|집합투자재산에 속하는 증권을 발행한 법인의 합병 또는 분할합병|그 밖에 투자대상자산의 추가 취득 없이 법,2026-04-30
투자한도 초과,초과,ACTION,투자한도,제81조제1항,0.9,투자한도 초과|투자한도,2026-04-30
투자한도 초과,참조함,STRUCTURE,제81조제1항,제81조제1항,0.95,제81조제1항에 따른,2026-04-30
대통령령으로 정하는 기간,예외로함,LOGICAL,6개월 (집합투자업자의 운용 책임이 강화된 집합투자기구의 집합투자 재산의 경우),제81조제3항,0.9,예외|기간|집합투자기구,2026-04-30
대통령령으로 정하는 기간,예외로함,LOGICAL,그 처분이 가능한 시기 (투자대상자산이 부도 등으로 처분이 불가능하거나 현저한 손실을 초래하지 않으면 처분이 불가능한 경우),제81조제3항,0.9,예외|기간|투자대상자산,2026-04-30
대통령령으로 정하는 기간,예외로함,LOGICAL,그 처분이 가능한 시기(처분이 가능한 시기가 6개월 미만인 경우에는 6개월) (집합투자재산이 제1호에 따른 집합투자재산에 속하고 제2호에 따른 투자대상자산에 해당하는 경우),제81조제3항,0.9,예외|기간|집합투자재산,2026-04-30
대통령령으로 정하는 기간,정의함,LOGICAL,각 호의 구분에 따른 기간,제81조제4항,0.95,정의|기간,2026-04-30
대통령령으로 정하는 기간,정의함,LOGICAL,부동산집합투자기구: 1년,제81조제4항,0.9,정의|부동산집합투자기구|기간,2026-04-30
대통령령으로 정하는 기간,정의함,LOGICAL,특별자산집합투자기구: 6개월,제81조제4항,0.9,정의|특별자산집합투자기구|기간,2026-04-30
대통령령으로 정하는 기간,정의함,LOGICAL,그 밖의 집합투자기구: 1개월,제81조제4항,0.9,정의|그 밖의 집합투자기구|기간,2026-04-30
투자신탁이나 투자익명조합의 집합투자업자,준용함,STRUCTURE,법,제82조,0.9,자기집합투자증권|법,2026-04-30
투자자,요구함,ACTION,집합투자증권을 처분,제82조제1호,0.95,집합투자증권|취득|1개월 이내,2026-04-30
투자자,요구함,ACTION,소각,제82조제1호,0.9,집합투자증권|취득|1개월 이내,2026-04-30
투자자,요구함,ACTION,투자매매업자 또는 투자중개업자를 통한 매도,제82조제1호,0.9,집합투자증권|투자매매업자|투자중개업자|1개월 이내,2026-04-30
집합투자업자,금지함,ACTION,금전차입,제83조,0.85,금전차입|제한,2026-04-30
집합투자기구,허용함,ACTION,금융기관,제83조제1항,0.95,금전 차입|금융기관,2026-04-30
대통령령으로 정하는 금융기관,정의함,LOGICAL,정의 내용,제83조제4항,0.9,정의,2026-04-30
금융기 관,정의함,LOGICAL,각 호의 어느 하나에 해당하는 금융기 관,제345조제1항,0.95,금융기 관 정의|각 호의 어느 하나에 해당하는 금융기 관,2026-04-30
이해관계인,정의함,LOGICAL,이해관계인의 범위,제84조,0.95,이해관계인|정의,2026-04-30
집합투자기구,제외함,ACTION,집합투자증권,81,0.95,집합투자증권 제외|집합투자기구,2026-04-30
집합투자기구,정의함,LOGICAL,여유자금,81,0.95,집합투자기구 정의|운용하는 여유자금,2026-04-30
제3조,상위조항,STRUCTURE,제2조,제3조,0.1,제2조,2026-04-30
집합투자기구,정의함,LOGICAL,기금을 위탁받아 운용하는 집합투자기구,제10조,0.95,집합투자기구|기금|운용|위탁,2026-04-30
제95조,참조함,STRUCTURE,제95조,Unknown,0.5,제95조,2026-04-30
집합투자기구,운용,ACTION,기금,제97조,0.95,집합투자기구|운용|기금,2026-04-30
이해관계인과의 거래제한의 예외,예외로함,LOGICAL,이해관계인과의 거래제한,85,0.9,이해관계인|거래제한|예외,2026-04-30
대통령령으로 정하는 거래,정의함,LOGICAL,다음 각 호의 어느 하나에 해당하는 거래,제84조제1항제4호,0.95,정의|거래,2026-04-30
대통령령으로 정하는 거래,정의함,LOGICAL,이해관계인의 중개ㆍ주선 또는 대리를 통하여 금융위원회가 정하여 고시하는 방법에 따라 이해관계인이 아닌 자와 행하는 투자대상자산의 매매,제84조제1항제4호,0.9,중개|주선|대리|금융위원회|고시|이해관계인|투자대상자산|매매,2026-04-30
대통령령으로 정하는 거래,정의함,LOGICAL,이해관계인의 매매중개(금융위원회가 정하여 고시하는 매매형식의 중개를 말한다)를 통하여 그 이해관계인과 행하는 다음 각 목의 어느 하나에 해당하는 투자대상자산의 매매: 가. 채무증권 나. 원화로 표시된 양도성 예금증서 다. 어음(기업어음증권은 제외한다),제84조제1항제4호,0.9,매매중개|금융위원회|매매형식|채무증권|원화|양도성예금증서|어음|기업어음증권|투자대상자산|매매,2026-04-30
대통령령으로 정하는 거래,정의함,LOGICAL,각 집합투자기구 자산총액의 100분의 10 이내에서 이해관계인(집합투자업자의 대주주나 계열회사는 제외한다)과 집합투자재산을 다음 각 목의 어느 하나에 해당하는 방법으로 운용하는 거래: 가. 법,제84조제1항제4호,0.9,집합투자기구|자산총액|이해관계인|집합투자재산|운용|법,2026-04-30
환매조건부매수,정의함,LOGICAL,증권을 일정기간 후에 환매도할 것을 조건으로 매수하는 경우,제83조제4항,0.95,환매조건부매수 정의|증권 매수 조건,2026-04-30
환매조건부매수,간주함,LOGICAL,금융기관,제83조제4항,0.85,환매조건부매수 이해관계|금융기관,2026-04-30
계약의 체결,요구함,ACTION,계약,제5조제1항제3호,0.9,계약 체결|외국통화 기초자산,2026-04-30
계약의 체결,예외로함,LOGICAL,기초자산이 외국통화인 경우,제5조제1항제3호,0.8,계약 체결|외국통화 기초자산,2026-04-30
신탁업자,요구함,ACTION,고유재산과의 거래,제83조제1항,0.9,금전차입 거래|고유재산,2026-04-30
금전차입 거래,정의함,LOGICAL,신탁업자의 고유재산과의 거래,제83조제1항,0.8,금전차입 거래|신탁업자|고유재산,2026-04-30
금융위원회,정하는,ACTION,환매기간,제84조제4호 및 제5호,0.95,환매기간|정하는,2026-04-30
금융위원회,고시하는,ACTION,환매기간,제84조제4호 및 제5호,0.95,환매기간|고시하는,2026-04-30
수요ㆍ공급을 조성하는 자,정의함,LOGICAL,거래상대방 또는 각 당사자,제7조제4항제3호,0.9,수요ㆍ공급을 조성하는 자 정의|환매조건부매매|각 목의 어느 하나에 해당하는 자,2026-04-30
집합투자업자,운용함,ACTION,투자대상기업 또는 투자 목적회사,제249조의7제5항,0.9,운용 거래|집합투자업자|투자대상기업,2026-04-30
집합투자업자,한정함,STRUCTURE,각 호의 방법으로 운용하는 거래,제249조의7제5항,0.8,운용 거래|한정,2026-04-30
일반사모집합투자기구,공동 운용함으로써,ACTION,투자 대상기업 및 투자목적회사,제271조의10제16항,0.95,공동 운용|투자 대상기업|투자목적회사,2026-04-30
일반사모집합투자기구,공동 운용함으로써,ACTION,다른 일반사모집합투자기구와 그 집합투자업자,제271조의10제16항,0.9,공동 운용|다른 일반사모집합투자기구|집합투자업자,2026-04-30
일반사모집합투자기구,공동 운용함으로써,ACTION,금융위원회가 정하여 고시하는 회사,제271조의10제16항,0.85,공동 운용|금융위원회|고시,2026-04-30
일반사모집합투자기구,공동 운용함으로써,ACTION,거래 (이해 상충 없음),제271조의10제16항,0.8,공동 운용|거래|이해 상충 없음,2026-04-30
계열회사 증권,정의함,LOGICAL,계열회사 증권의 취득제한 등,86,0.6,계열회사 증권|취득제한,2026-04-30
대통령령으로 정하는 한도,정의함,LOGICAL,"집합투자업자가 운용하는 전체 집합투자기구의 집합투자재산으로 계열회사가 발행한 지분증권(그 지분증권과 관련된 증권예탁증권을 포함)을 취득하는 경우에, 계열회사가 발행한 전체 지분증권에 대한 취득금액은 집합투자업자가 운용하는 전체 집합투자기구 자산총액 중 지분증권에 투자 가능한 금액의 5%와 각 집합투자기구 자산총액의 25%를 초과하지 않는다.",제84조제4항,0.95,한도|집합투자업자|계열회사의 지분증권|5%|25%,2026-04-30
대통령령으로 정하는 한도,예외로함,LOGICAL,다음 각 목의 어느 하나에 법제처 60 국가법령정보센터 자본시장과 금융투자업에 관한 법률 시행령 해당하는 경우는 제외한다.,제84조제4항,0.9,예외|법제처|자본시장과 금융투자업에 관한 법률 시행령,2026-04-30
시가총액비중,정의함,LOGICAL,산정한 시가총액비중,제80조제1항제3호,0.95,시가총액비중|산정|계열회사|지분증권|집합투자업자|집합투자기구|자산총액|비중,2026-04-30
시가총액비중,참조함,STRUCTURE,제80조제1항제3호 후단에 따라 산정한 시가총액비중,제80조제1항제3호,0.9,시가총액비중|제80조제1항제3호,2026-04-30
지분증권 제외 증권,정의함,LOGICAL,증권 중 지분증권을 제외한 증권,제84조제4항,0.95,정의|지분증권 제외 증권,2026-04-30
계열회사 전체가 그 집합투자업자에 대하여 출자한 비율에 해당하는 금액,정의함,LOGICAL,계열회사 전체가 소유하는 그 집합투자업자의 의결권 있는 주식수를 그 집합투자업자의 의결권 있는 발행주식 총수로 나눈 비율에 그 집합투자업자의 자본(자기자본이 자본금 이하인 경우에는 자본금을 말한다)을 곱한 금액,제84조제4항,0.9,계열회사|집합투자업자|출자비율|자본,2026-04-30
대통령령으로 정하는 증권,정의함,LOGICAL,집합투자증권(투자신탁의 수익증권은 제외한다) 및 법,제84조제4항,0.95,정의|대통령령으로 정하는 증권,2026-04-30
외국 집합투자증권,정의함,LOGICAL,파생결합증권,제279조제1항,0.9,외국 집합투자증권 정의|파생결합증권 포함,2026-04-30
외국 집합투자증권,정의함,LOGICAL,법,제279조제1항,0.9,외국 집합투자증권 정의|법 포함,2026-04-30
수익증권,정의함,LOGICAL,③ 법,110,0.95,수익증권 정의|법,2026-04-30
투자대상자산,정의함,LOGICAL,"원화로 표시된 양도성 예금증서, 기업어음증권 외의 어음, 제1호 및 제2호 외에 대출채권, 예금, 그 밖에 금융위원회가 정하여 고시하는 채권, 집합투자업자는 제1항제1호 각 목에 따라 계열회사의 전체 주식을 각 집합투자기구 자산총액의 100분의 5를 초과하여 취득하는 경우에는 집합투자기구 자산총액의 100분의 5를 기준으로 집합투자재산에 속하는 각 계열회사별 주식의 비중을 초과하는 계열회사의 주식에 대하여는 법",제84조제4항,0.95,정의|투자대상자산,2026-04-30
집합투자업자,요구함,ACTION,의결권,제87조제2항,0.95,의결권 행사|의무,2026-04-30
집합투자업자,참조함,STRUCTURE,제87조제2항,제87조제2항,0.9,제87조제2항,2026-04-30
증권 보유자,운용하여야 한다,ACTION,한도에 적합하도록 운용,제84조제4항,0.95,한도에 적합하도록 운용|3개월 이내|제1항 각 호에 따른 한도,2026-04-30
불건전 영업행위,금지함,ACTION,법,제87조,0.9,불건전 영업행위|금지,2026-04-30
정보 이용 여부,증명함,ACTION,집합투자재산의 운용과 관련한 정보,제85조제1호,0.92,정보 이용 여부|집합투자재산의 운용과 관련한 정보,2026-04-30
매수인,요구함,ACTION,매수,제85조제2호,0.95,3개월 이후 매수,2026-04-30
증권,정의함,LOGICAL,"국채증권, 지방채증권, 한국은행법",제85조제2호,0.95,증권|국채증권|지방채증권|한국은행법,2026-04-30
한국은행,제정,ACTION,"통화안정증권, 특수채증권 또는 법",69,0.95,통화안정증권|특수채증권|법|제69조,2026-04-30
사채권,정의함,LOGICAL,제4조제3항,제4조제3항,0.95,사채권 정의|제4조제3항,2026-04-30
사채권,정의함,LOGICAL,주권 관련 사채권,제4조제3항,0.85,사채권 포함|주권 관련 사채권,2026-04-30
제4조제3항,참조함,STRUCTURE,사채권,제4조제3항,0.9,제4조제3항 참조|사채권,2026-04-30
금융위원회,정하여 고시하는,ACTION,발행조건,제176조의13제1항,0.95,정하여 고시하는|발행조건,2026-04-30
금융위원회,정하여 고시하는,ACTION,거래절차,제176조의13제1항,0.95,정하여 고시하는|거래절차,2026-04-30
금융위원회,정하여 고시하는,ACTION,기준,제176조의13제1항,0.95,정하여 고시하는|기준,2026-04-30
조건부자본증권,예외로함,LOGICAL,제외,제176조의13제1항,0.9,조건부자본증권|제외,2026-04-30
사채권,예외로함,LOGICAL,조건부자본증권,제176조의13제1항,0.85,사채권|조건부자본증권|예외,2026-04-30
주권 매수,정의함,LOGICAL,인수한 증권이 증권시장에 상장된 주권인 경우로서 그 주권을 증권시장 또는 다 자간매매체결회사에서 매수하는 경우,제85조제2호,0.9,주권 매수|인수한 증권|증권시장|다 자간매매체결회사,2026-04-30
집합투자기구,요구함,ACTION,일반적인 거래조건에 비추어 집합투자기구에 유리한 거래,제85조제2호,0.95,집합투자기구에 유리한 거래|일반적인 거래조건,2026-04-30
집합투자업자,운용함,ACTION,집합투자기구,제85조제5호,0.9,자산|운용,2026-04-30
집합투자업자,준수,ACTION,매매가격,제224조제4항,0.95,집합투자업자 의무|매매가격 준수,2026-04-30
집합투자업자,준수,ACTION,매매거래절차 및 방법,제224조제4항,0.95,집합투자업자 의무|매매거래절차 및 방법 준수,2026-04-30
집합투자업자,준수,ACTION,금융위원회가 정하여 고시하는 기준,제224조제4항,0.95,집합투자업자 의무|기준 준수,2026-04-30
집합투자업자,준수,ACTION,투자한도,제224조제4항,0.95,집합투자업자 의무|투자한도 준수,2026-04-30
집합투자업자,적용함,ACTION,집합투자재산,제85조제5호,0.9,집합투자재산|집합투자업자|고유재산,2026-04-30
매매중개인,요구함,ACTION,투자대상자산을 매매,제85조제2호,0.95,매매중개|투자대상자산|매매,2026-04-30
매매중개인,참조함,STRUCTURE,제85조제2호,제85조제2호,0.85,제85조제2호에 따른 매매중개,2026-04-30
전자적 투자조언장치,활용함,ACTION,집합투자재산,제85조제7호,0.95,전자적 투자조언장치 활용|집합투자재산 운용,2026-04-30
관계인수인,정의함,LOGICAL,인수인,제85조제2호,0.95,정의함|인수인,2026-04-30
기업집단,정의함,LOGICAL,제2조제11호에 따른,제2조제11호,0.95,기업집단 정의|제2조제11호에 따른,2026-04-30
집합투자증권 제외,참조함,STRUCTURE,제81조,제81조,0.9,집합투자증권 제외|제81조,2026-04-30
집합투자기구,제외한다,ACTION,집합투자증권,제81조,0.95,집합투자증권 제외|집합투자기구,2026-04-30
인수업무,정의함,LOGICAL,발행인 또는 매출인으로부터 직접 증권의 인수를 의뢰 받아 인수조건 등을 정하는 업무,제85조제3호,0.95,인수업무 정의|인수조건 정하는 업무,2026-04-30
집합투자업자,금지함,ACTION,전단에 따른 핵심상품설명서를 위반하여 집합투자재산을 운용하는 행위,제249조의4제2항,0.95,핵심상품설명서 위반|집합투자재산 운용,2026-04-30
집합투자업자,금지함,ACTION,집합투자기구의 운용방침이나 운용전략 등을 고려하지 아니하고 집합투자재산으로 금융투자상품을 지나치게 자주 매매하는 행위,제249조의4제2항,0.95,운용방침 무시|과다 매매|금융투자상품,2026-04-30
집합투자업자,금지함,ACTION,집합투자업자가 운용하는 집합투자기구의 집합투자증권을 판매하는 투자매매업자 또는 투자중개업자(그 임직원과 투자권유대행인을 포함한다)에게 업무와 관련하여 금융위원회가 정하여 고시하는 기준을 위반하여 직접 또는 간접으로 재산상의 이익을 제공하는 행위,제249조의4제2항,0.95,기준 위반|재산상의 이익 제공|투자매매업자|투자중개업자,2026-04-30
집합투자업자,금지함,ACTION,투자매매업자 또는 투자중개업자(그 임직원을 포함한다) 등으로부터 업무와 관련하여 금융위원회가 정하여 고시하는 기준을 위반하여 직접 또는 간접으로 재산상의 이익을 제공받는 행위,제249조의4제2항,0.95,기준 위반|재산상의 이익 수취|투자매매업자|투자중개업자,2026-04-30
집합투자업자,금지함,ACTION,투자자와의 이면계약 등에 따라 그 투자자로부터 일상적으로 명령·지시·요청 등을 받아 집합투자재산을 운용하는 행위,제249조의4제2항,0.95,이면계약|명령·지시·요청|집합투자재산 운용,2026-04-30
집합투자업자,금지함,ACTION,집합투자업자가 운용하는 집합투자기구의 집합투자증권을 판매하는 투자매매업자 또는 투자중개업자와의 이면계약 등에 따라 그 투자매매업자 또는 투자중개업자로부터 명령·지시·요청 등을 받아 집합투자재산을 운용하는 행위,제249조의4제2항,0.95,이면계약|명령·지시·요청|집합투자재산 운용|투자매매업자|투자중개업자,2026-04-30
제55조,정의함,LOGICAL,제55조,55,0.5,제55조,2026-04-30
Unknown,정의함,LOGICAL,제84조,제84조,0.5,Unknown,2026-04-30
금지 또는 제한 회피 행위,정의함,LOGICAL,"장외파생상품거래, 신탁계약, 연계거래 등을 이용하는 행위",제85조,0.95,금지 또는 제한 회피 행위 정의|장외파생상품거래 이용,2026-04-30
금지 또는 제한 회피 행위,참조함,STRUCTURE,제85조,제85조,0.85,제85조 참조,2026-04-30
집합투자기구,금지함,ACTION,각 호 외의 자산에 투자,제241조제1항,0.95,투자|자산|제2조,2026-04-30
집합투자기구,금지함,ACTION,같은 조 제2항에서 정하는 방법 외의 방법으로 운용,제241조제1항,0.95,운용|제2조,2026-04-30
집합투자기구,금지함,ACTION,교차하거나 순환하여 투자,제241조제1항,0.95,교차투자|순환투자,2026-04-30
집합투자기구,금지함,ACTION,증권을 취득하거나 금전을 대여할 때 그 증권을 발행하거나 금전을 대여 받은 자에게 취득 또는 대여의 대가로 자신이 운용하는 집합투자기구에서 발행하거나 발행할 예정인 집합투자증권의 취득을 강요하거나 권유,제241조제1항,0.95,강요|권유|증권|대여,2026-04-30
제192조제2항제5호,상위조항,STRUCTURE,제192조제2항,제192조제2항제5호,0.9,하위조항,2026-04-30
제202조제1항제7호,상위조항,STRUCTURE,제202조,제202조제1항제7호,0.8,구조적 관계|상위조항,2026-04-30
제211조제2항,참조함,STRUCTURE,제2조,제211조제2항,0.4,제2조,2026-04-30
제216조제3항,상위조항,STRUCTURE,제216조,제216조제3항,0.9,제216조제3항|제216조,2026-04-30
제217조의6제2항,준용함,LOGICAL,제217조의6제2항에서 준용 하는 경우,제217조의6제2항,0.9,준용|적용,2026-04-30
제221조제1항제4호,상위조항,STRUCTURE,제221조,221,0.6,제221조제1항제4호|제221조,2026-04-30
해당 행위(8),금지함,ACTION,해지나 해산을 회피할 목적으로 자신이 운용하는 다른 집합투자기구 또는 다른 집합투자업자가 운용하는 집합투자기구를 이용하는 행위,Unknown,0.9,금지|해지 회피|집합투자기구 이용,2026-04-30
해당 행위(9),금지함,ACTION,집합투자재산을 금전대여로 운용하는 경우 그 금전대여의 대가로 금전이나 이에 준하는 재산적 가치를 지급 받는 행위,Unknown,0.9,금전대여|금지|재산가치 지급,2026-04-30
해당 행위(기타),금지함,ACTION,투자자의 보호와 건전한 거래질서를 해칠 염려가 있는 행위로서 금융위원회가 정하여 고시하는 행위,Unknown,0.9,투자자 보호|거래질서|금지|금융위원회 고시,2026-04-30
성과보수,제한함,ACTION,법,제88조,0.7,제한|법,2026-04-30
대통령령으로 정하는 경우,정의함,LOGICAL,다음 각 호의 요건을 모두 갖춘 경우,제86조제1항제2호,0.97,대통령령으로 정하는 경우|요건,2026-04-30
금융위원회,정하여 고시한다,ACTION,"성과보수의 산정방식, 지급시기 등에 대하여 필요한 사항",제86조제1항제2호,0.95,정하여 고시한다|필요한 사항,2026-04-30
집합투자업자,산정할 것,ACTION,성과보수,제86조제1항제2호,0.96,기준지표등|산정방식,2026-04-30
집합투자기구,갖출 것,ACTION,보수체계(적은 운용보수),제86조제1항제2호,0.88,운용성과|기준지표등의 성과|적은 운용보수,2026-04-30
환매금지형집합투자기구,정의함,LOGICAL,제230조,제230조,0.95,제230조에 따른 정의,2026-04-30
집합투자기구,금지함,ACTION,집합투자증권 추가 발행,제230조,0.95,집합투자증권|추가 발행|금지,2026-04-30
집합투자기구,요구함,ACTION,존속기한 없이 설정·설립,제230조,0.9,존속기한|설정·설립,2026-04-30
집합투자기구,요구함,ACTION,성과보수 상한 정함,제230조,0.85,성과보수|상한,2026-04-30
대통령령으로 정하는 사항,정의함,LOGICAL,성과보수가 지급된다는 뜻과 그 한도,제86조제2항,0.95,정의함|대통령령|각 호의 사항,2026-04-30
대통령령으로 정하는 사항,정의함,LOGICAL,성과보수를 지급하지 아니하는 집합투자기구보다 높은 투자위험에 노출될 수 있다는 사실,제86조제2항,0.95,정의함|대통령령|각 호의 사항,2026-04-30
대통령령으로 정하는 사항,정의함,LOGICAL,성과보수를 포함한 보수 전체에 관한 사항,제86조제2항,0.95,정의함|대통령령|각 호의 사항,2026-04-30
대통령령으로 정하는 사항,정의함,LOGICAL,기준지표등 및 성과보수의 상한(법),제86조제2항,0.95,정의함|대통령령|각 호의 사항,2026-04-30
금융위원회,정하여 고시한다,ACTION,성과보수의 지급시기,제86조제1항제2호,0.95,성과보수|지급시기,2026-04-30
금융위원회,정하여 고시한다,ACTION,성과보수가 지급되지 아니하는 경우에 관한 사항,제86조제1항제2호,0.95,성과보수|지급불가,2026-04-30
금융위원회,정하여 고시한다,ACTION,투자자를 보호하기 위하여 필요한 사항,제86조제1항제2호,0.95,투자자보호|필요사항,2026-04-30
의결권행사,제한함,ACTION,법,89,0.7,의결권행사|제한,2026-04-30
이해관계가 있는 자,정의함,LOGICAL,특수관계인 및,제87조제2항제1호가목,0.95,정의|대통령령,2026-04-30
이해관계가 있는 자,참조함,STRUCTURE,대통령령,제87조제2항제1호가목,0.9,대통령령|정의,2026-04-30
공동보유자,정의함,LOGICAL,제141조제2항에 따른 공동보유자,제141조제2항,0.95,공동보유자 정의,2026-04-30
공동보유자,근거함,STRUCTURE,제141조제2항,제141조제2항,0.9,제141조제2항 근거,2026-04-30
대통령령으로 정하는 자,정의함,LOGICAL,관계 투자매매업자ㆍ투자중개업자와 및 그 계열회사,제87조제2항제1호나목,0.95,정의|대통령령으로 정하는 자|관계 투자매매업자ㆍ투자중개업자와 및 그 계열회사,2026-04-30
대통령령으로 정하는 자,정의함,LOGICAL,집합투자업자(법,제87조제2항제1호나목,0.9,정의|대통령령으로 정하는 자|집합투자업자(법,2026-04-30
대통령령으로 정하는 자,참조함,STRUCTURE,제87조제2항제1호나목,제87조제2항제1호나목,0.99,정의|대통령령으로 정하는 자|제87조제2항제1호나목,2026-04-30
대주주,포함함,LOGICAL,주주,제87조제1항,0.95,주주 포함|특수관계인,2026-04-30
대주주,정의함,LOGICAL,집합투자업자를 말한다)의 대주주(최대주주의 특수관계인인 주주를 포함한 다),제87조제1항,0.9,대주주 정의|집합투자업자,2026-04-30
대통령령으로 정하는 관계,정의함,LOGICAL,제2항 각 호의 어느 하나에 해당하는 자가 되는 관계,제87조제2항제2호나목,0.99,대통령령으로 정하는 관계|제2항 각 호의 어느 하나에 해당하는 자,2026-04-30
의결권행사내용 등의 기록유지,정의함,LOGICAL,법,제90조,0.8,의결권행사내용|기록유지,2026-04-30
대통령령으로 정하는 비율 또는 금액,정의함,LOGICAL,각 집합투자자산총액의 100분의 5 또는 100억원,제87조제7항,0.99,정의|비율 또는 금액,2026-04-30
의결권공시대상법인,요구함,ACTION,의결권의 행사 여부 및 그 내용,제87조제7항,0.95,의결권공시대상법인|의결권,2026-04-30
영업보고서에 기재,정의함,LOGICAL,제90조에 따른 영업보고서에 기재 하는 것,90,0.95,영업보고서에 기재|제90조에 따른 영업보고서,2026-04-30
의결권행사,정의함,LOGICAL,법,91,0.7,의결권행사|공시,2026-04-30
대통령령으로 정하는 주식,정의함,LOGICAL,법,제87조제8항,0.95,정의,2026-04-30
주권상장법인,정의함,LOGICAL,제15항제3호가목에 따른 주권상장법인으로서 법,제9조,0.95,정의|주권상장법인,2026-04-30
주권상장법인,참조함,STRUCTURE,제15항제3호가목,제9조,0.9,참조|제15항제3호가목,2026-04-30
주식,정의함,LOGICAL,의결권공시대상법인이 발행한 주식,제87조제7항,0.95,주식|의결권공시대상법인|발행,2026-04-30
주식,참조함,STRUCTURE,제87조제7항,제87조제7항,0.9,제87조제7항,2026-04-30
집합투자업자,공시,ACTION,증권시장,제87조제8항,0.95,공시|의결권 행사 내용|연도|기한,2026-04-30
집합투자업자,공시,ACTION,의결권 행사 내용 등,제87조제8항,0.9,공시|의결권 행사 내용|연도|기한,2026-04-30
집합투자업자,공시,ACTION,4월 30일까지,제87조제8항,0.9,공시|기한|연도,2026-04-30
대통령령으로 정하는 자료,정의함,LOGICAL,의결권 행사와 관련된 집합투자업자의 내부지침,제87조제9항,0.98,대통령령|정의|자료,2026-04-30
대통령령으로 정하는 자료,정의함,LOGICAL,집합투자업자가 의결권 행사와 관련하여 집합투자기구별로 소유하고 있는 주식 수 및 증권예탁증권 수,제87조제9항,0.98,대통령령|정의|자료,2026-04-30
대통령령으로 정하는 자료,정의함,LOGICAL,집합투자업자와 의결권 행사 대상 법인의 관계,제87조제9항,0.98,대통령령|정의|자료,2026-04-30
관계,정하다,ACTION,제89조제1항 또는 같은 조 제2항에서 정하고 있는 관계,89,0.85,관계|정하다,2026-04-30
자산운용보고서,정의함,LOGICAL,법,제92조,0.95,자산운용보고서 정의,2026-04-30
자산운용보고서,정의함,STRUCTURE,제88조,제88조,0.95,정의|제88조에 따른 자산운용보고서,2026-04-30
집합투자업자,거부,ACTION,자산운용보고서,제88조,0.9,"수령 거부|서면, 전화, 전신, 팩스, 전자우편, 전자통신",2026-04-30
집합투자업자,공시,ACTION,자산운용보고서,제88조,0.85,단기금융집합투자기구|매월 1회 이상|금융위원회 고시,2026-04-30
환매금지형집합투자기구,공시,ACTION,자산운용보고서,230,0.95,공시|자산운용보고서|3개월마다|금융위원회 고시,2026-04-30
자산운용보고서,공시,ACTION,3개월마다 1회 이상,230,0.85,3개월마다|1회 이상|금융위원회 고시,2026-04-30
집합투자증권,예외로함,LOGICAL,자산운용보고서 교부,230,0.8,평가금액|10만원 이하|집합투자규약|자산운용보고서 교부,2026-04-30
대통령령으로 정하는 매매회전율,정의함,LOGICAL,해당 운용기간(법 ...),제88조제2항제4호,0.95,대통령령으로 정하는 매매회전율|운용기간,2026-04-30
비율,정의함,LOGICAL,매도한 주식가액의 총액을 그 해당 운용기간 중 보유한 주식의 평균가액으로 나눈 비율,제88조제2항제2호,0.97,비율|매도한 주식가액|보유한 주식 평균가액|운용기간,2026-04-30
비율,참조함,STRUCTURE,제88조제2항제2호,제88조제2항제2호,0.95,비율|제88조제2항제2호,2026-04-30
대통령령으로 정하는 사항,정의함,LOGICAL,다음 각 호의 사항,188,0.98,정의|대통령령|정하는 사항,2026-04-30
대통령령으로 정하는 사항,예외로함,LOGICAL,"회계기간 개시일 로부터 3개월, 6개월, 9개월이 종료되는 날",제88조제2항제5호,0.75,다만|예외,2026-04-30
집합투자업자,교부,ACTION,자산운용보고서,제88조제2항제1호,0.98,집합투자업자|자산운용보고서|교부,2026-04-30
집합투자업자,예외로함,LOGICAL,자산운용보고서 교부,제88조제2항제1호,0.9,집합투자업자|자산운용보고서|예외,2026-04-30
자산운용보고서,예외로함,LOGICAL,제2호 및 제7호의 사항,제88조제2항제1호,0.92,자산운용보고서|제2호|제7호,2026-04-30
집합투자업자,부담한다,ACTION,비용,제89조,0.95,자산운용보고서,2026-04-30
금융위원회,정하여 고시한다,ACTION,"자산운용보고서의 서식과 작성방법, 그 밖에 필요한 사항",제89조,0.9,자산운용보고서,2026-04-30
집합투자업자,공시방법을 따라야 한다,ACTION,제89조제2항제1호의 방법,제89조,0.9,자산운용보고서,2026-04-30
투자자,우편발송을 원하는 경우에는 그에 따라야 한다,ACTION,제89조제2항제1호의 방법,제89조,0.85,자산운용보고서,2026-04-30
집합투자업자,공시,ACTION,투자운용인력의 운용경력,제89조제1항제1호,0.95,투자운용인력 운용경력|최근 3년 이내,2026-04-30
투자운용인력 운용경력,정의함,LOGICAL,투자운용인력을 변경한 날부터 최근 3년 이내의 운용경력,제89조제1항제1호,0.9,투자운용인력 운용경력|최근 3년 이내,2026-04-30
대통령령으로 정하는 부실자산,정의함,LOGICAL,"발행인의 부도, 회생절차개시 신청 등의 사유로 인하여 금융위원회가 부실자산으로 정하여 고시하는 자산",제89조제1항제3호,0.95,부실자산 정의|금융위원회 고시 사유,2026-04-30
금융위원회,정하는,ACTION,부실자산,제89조제1항제3호,0.9,금융위원회 권한|부실자산 정의,2026-04-30
대통령령으로 정하는 사항,정의함,LOGICAL,투자설명서의 변경,제89조제1항제5호,0.95,정의함|대통령령으로 정하는 사항,2026-04-30
투자설명서의 변경,예외로함,LOGICAL,법 및 이 영의 개정 또는 금융위원회의 명령에 따라 투자설명서를 변경하는 경우,제89조제1항제5호,0.9,예외|법 및 이 영의 개정|금융위원회의 명령,2026-04-30
투자설명서의 변경,예외로함,LOGICAL,집합투자규약의 변경에 따라 투자설명서를 변경하는 경우,제89조제1항제5호,0.9,예외|집합투자규약의 변경,2026-04-30
투자설명서의 변경,예외로함,LOGICAL,투자설명서의 단순한 자구수정 등 경미한 사항을 변경하는 경우,제89조제1항제5호,0.9,예외|자구수정|경미한 사항,2026-04-30
투자설명서의 변경,예외로함,LOGICAL,투자운용인력의 변경이 있는 경우로서 법,제89조제1항제5호,0.9,예외|투자운용인력의 변경|법,2026-04-30
집합투자업자,요구함,ACTION,투자설명서 변경,제123조제3항제2호,0.95,투자설명서 변경|집합투자업자,2026-04-30
집합투자업자 또는 일반사무관리회사,요구함,ACTION,투자설명서 변경,제123조제3항제2호,0.9,기준가격|잘못 산정,2026-04-30
집합투자기구,요구함,ACTION,공고ㆍ게시,제262조제1항,0.95,설정 및 설립 이후 1년,2026-04-30
집합투자기구,원본액이 50억원 미만인 경우,LOGICAL,법적 조치,81조제3항제1호,0.7,원본액|50억원|설정 및 설립 이후 2년,2026-04-30
집합투자기구,허용함,ACTION,해지,제192조제1항,0.9,해지|허용,2026-04-30
제81조제3항제1호의 집합투자기구,정의함,LOGICAL,설정 및 설립 이후 2년이 지난 후 1개월간 계속하여 원본액이 50억원 미만인 경우,제81조제3항제1호,0.85,원본액|50억원|설정|설립|2년|1개월,2026-04-30
부동산집합투자기구 또는 특별자산집합투자기구,해지될 수 있다,ACTION,단서,제192조제1항,0.95,해지|단서,2026-04-30
투자자,금지함,ACTION,시장성 없는 자산의 취득 또는 처분,제242조제2항,0.95,투자자 행위 제한|시장성 없는 자산,2026-04-30
투자자,금지함,ACTION,부동산집합투자기구 또는 특별자산집합투자기구의 집합투자증권의 취득 또는 처분,제242조제2항,0.9,부동산집합투자기구|특별자산집합투자기구|집합투자증권,2026-04-30
투자자,예외로함,LOGICAL,이미 취득한 것과 같은 집합투자증권을 추가로 취득하거나 일부를 처분,제242조제2항,0.85,예외|집합투자증권,2026-04-30
투자자,금지함,ACTION,지상권ㆍ지역권 등 부동산 관련 권리 및 사업수익권ㆍ시설관리운영권 등 특별자산 관련 중요한 권리의 발생 또는 변경,제242조제2항,0.9,지상권|지역권|사업수익권|시설관리운영권,2026-04-30
투자자,금지함,ACTION,금전의 차입 또는 금전의 대여,제242조제2항,0.9,금전 차입|금전 대여,2026-04-30
투자자,금지함,ACTION,그 밖에 투자자의 투자판단에 중대한 영향을 미치는 사항으로서 금융위원회가 정하여 고시하는 사항,제242조제2항,0.9,투자판단|금융위원회 고시,2026-04-30
금융위원회,정하여 고시한다,ACTION,공시 서식 및 작성방법,제242조제2항,0.95,공시|금융위원회 고시,2026-04-30
집합투자업자,요구함,ACTION,집합투자재산에 관한 보고 및 공시,제94조,0.85,집합투자업자|보고 및 공시,2026-04-30
집합투자업자,정의함,LOGICAL,집합투자업자,제90조제1항,0.95,정의|집합투자업자,2026-04-30
집합투자업자,참조함,STRUCTURE,제90조제1항,제90조제1항,0.9,참조|제90조제1항,2026-04-30
집합투자재산,작성,ACTION,영업보고서,제90조제1항,0.95,영업보고서 작성|정해진 기준에 따라,2026-04-30
금융위원회,정하여 고시함,STRUCTURE,영업보고서 작성 기준,제90조제1항,0.9,정해진 기준|고시,2026-04-30
서류,적은,ACTION,의결권 행사내용 및 주식 매매회전율,제87조제8항제1호ㆍ제2호,0.95,의결권 행사내용|주식 매매회전율,2026-04-30
매매회전율,정의함,LOGICAL,제88조제2항제4호에 따른 매매회전율,제88조제2항제4호,0.95,매매회전율 정의,2026-04-30
집합투자업자,요구함,ACTION,운용실적,제90조제4항,0.95,비교ㆍ공시|운용실적,2026-04-30
사모집합투자기구가 아닌 집합투자기구,요구함,ACTION,수익률,제90조제4항,0.9,수익률|별도 비교ㆍ공시,2026-04-30
집합투자업자,요구함,ACTION,"집합투자업자, 투자매매업자ㆍ투자중개업자, 집합투자기구의 종류, 주된 투자대상자산, 운용보수, 판매수수료ㆍ판매보수, 수익률, 그 밖에",제90조제4항,0.85,비교ㆍ공시|항목별 구분,2026-04-30
요청,요청할 수 있다,ACTION,투자회사등,제182조제 1항,0.95,요청|투자회사등,2026-04-30
장부ㆍ서류의 열람 및 공시,정의함,LOGICAL,법,제95조,0.4,장부ㆍ서류의 열람 및 공시|법,2026-04-30
정당한 사유,정의함,LOGICAL,다음 각 호 의 어느 하나에 해당하는 경우,제91조제1항,0.95,정의함|정당한 사유,2026-04-30
집합투자업자,요구함,ACTION,서면,제91조제1항,0.95,내주다|제91조제1항,2026-04-30
보존기한,예외로함,LOGICAL,열람제공 요청에 응하는 것,제62조제1항,0.9,보존기한|열람제공 요청,2026-04-30
보존기한,근거함,STRUCTURE,제62조제1항,제62조제1항,0.95,보존기한|제62조제1항,2026-04-30
보존기한,근거함,STRUCTURE,법제처 66 국가법령정보센터 자본시장과 금융투자업에 관한 법률 시행령 ② 법,제62조제1항,0.95,보존기한|법제처 66 국가법령정보센터,2026-04-30
투자자,허용함,ACTION,장부·서류,제91조제1항,0.95,투자자|장부·서류|청구,2026-04-30
장부·서류,정의함,LOGICAL,집합투자재산 명세서,제91조제1항,0.9,장부·서류|집합투자재산 명세서,2026-04-30
장부·서류,정의함,LOGICAL,집합투자증권 기준가격대장,제91조제1항,0.9,장부·서류|집합투자증권 기준가격대장,2026-04-30
장부·서류,정의함,LOGICAL,재무제표 및 그 부속명세서,제113조제1항,0.95,장부·서류 정의|재무제표 및 그 부속명세서,2026-04-30
장부·서류,정의함,LOGICAL,집합투자재산 운용내역서,제91조제1항,0.9,장부·서류|집합투자재산 운용내역서,2026-04-30
파생상품 운용 특례,준용함,STRUCTURE,법,96,0.6,파생상품 운용 특례|법,2026-04-30
대통령령으로 정하는 기준,정의함,LOGICAL,집합투자기구 자산총액의 100분의 10,제93조제1항,0.95,정의|대통령령 기준,2026-04-30
대통령령으로 정하는 위험에 관한 지표,정의함,LOGICAL,다음 각 호의 지표,제93조제1항,0.95,정의|위험에 관한 지표,2026-04-30
파생상품,예외로함,LOGICAL,제2호,제93조제1항,0.9,예외|파생상품|제2호,2026-04-30
금융위원회,정의함,ACTION,위험에 관한 지표의 구체적인 산정방식,제93조제1항,0.85,정의|금융위원회|산정방식,2026-04-30
부동산의 운용 특례,정의함,LOGICAL,법,97,0.5,부동산의 운용 특례|법,2026-04-30
대통령령으로 정하는 방법,정의함,LOGICAL,집합투자업자가 부동산을 담보로 제공하거나 금융위원회가 정하여 고시하는 방법으로 금전을 차입하는 것,제94조제1항,0.97,대통령령으로 정하는 방법|집합투자업자|부동산|금전 차입|금융위원회,2026-04-30
집합투자자총회,예외로함,LOGICAL,금전을 차입할 수 있다,제94조제1항,0.9,집합투자자총회|금전 차입|예외,2026-04-30
금융기관,정의함,LOGICAL,"보험회사, 국가재정법에 따른 기금, 다른 부동산집합투자기구, 외국 금융기관 등",제79조제2항제5호,0.95,정의|금융기관,2026-04-30
대통령령으로 정하는 자,정의함,LOGICAL,부동산투자회사법에 따른 부동산투자회사 또는 다른 집합투자자구,제94조제2항,0.99,정의|대통령령으로 정하는 자,2026-04-30
대여금 한도,정의함,LOGICAL,해당 집합투자기구의 자산총액에서 부채총액을 뺀 가액의 100분의 100,제94조제2항,0.97,대여금 한도|자산총액|부채총액|100분의 100,2026-04-30
대여자,요구함,ACTION,대여금 한도,제94조제2항,0.95,대여금 한도|대여자,2026-04-30
대통령령으로 정하는 사항,정의함,LOGICAL,"부동산의 거래비용, 부동산과 관련된 재무자료, 부동산의 수익에 영향을 미치는 요소, 부동산의 거래 여부를 결정함에 있어 필요한 사항으로서 금융위원회가 정하여 고시하는 사항",제94조제3항,0.95,정의|대통령령|부동산|거래비용|재무자료|수익|금융위원회|고시,2026-04-30
대통령령으로 정하는 사항,정의함,LOGICAL,건축계획 등이 포함된 사업계획에 관한 사항,제94조제4항,0.95,정의|대통령령으로 정하는 사항,2026-04-30
대통령령으로 정하는 사항,정의함,LOGICAL,자금의 조달ㆍ투자 및 회수에 관한 사항,제94조제4항,0.95,정의|대통령령으로 정하는 사항,2026-04-30
대통령령으로 정하는 사항,정의함,LOGICAL,추정손익에 관한 사항,제94조제4항,0.95,정의|대통령령으로 정하는 사항,2026-04-30
대통령령으로 정하는 사항,정의함,LOGICAL,사업의 위험에 관한 사항,제94조제4항,0.95,정의|대통령령으로 정하는 사항,2026-04-30
대통령령으로 정하는 사항,정의함,LOGICAL,공사시공 등 외부용역에 관한 사항,제94조제4항,0.95,정의|대통령령으로 정하는 사항,2026-04-30
대통령령으로 정하는 사항,정의함,LOGICAL,그 밖에 투자자를 보호하기 위하여 필요한 사항으로서 금융위원회가 정하여 고시하는 사항,제94조제4항,0.95,정의|대통령령으로 정하는 사항,2026-04-30
차입자,정함,ACTION,부동산집합투자기구의 계산으로 차입하는 경우: 그 부동산집합투자기구의 자산총액에서 부채총액을 뺀 가액의 100분의 200,제94조제1항,0.95,차입금 한도|부동산집합투자기구,2026-04-30
집합투자자총회,의결함,ACTION,한도,제94조제1항,0.9,집합투자자총회|한도,2026-04-30
차입자,정함,ACTION,그 집합투자기구에 속하는 부동산 가액의 100분의 100의 범위에서 금융위원회가 정하여 고시하는 비율,제94조제1항,0.9,차입금 한도|금융위원회|비율,2026-04-30
부동산 가액,평가함,STRUCTURE,법,제94조제1항,0.8,부동산 가액|법,2026-04-30
집합투자재산평가위원회,정한다,ACTION,가액,238.2,0.95,가액|정한 가액,2026-04-30
집합투자재산평가위원회,참조함,STRUCTURE,집합투자재산평가기준,238.2,0.9,집합투자재산평가기준,2026-04-30
제238조제2항,상위조항,STRUCTURE,제238조,238.2,0.85,제238조제2항|제238조,2026-04-30
투자자문업자 및 투자일임업자,금지함,ACTION,부동산에 운용하는 방법 외의 방법으로 운용,제94조제1항,0.95,차입금 운용|부동산 운용|금지,2026-04-30
금융위원회,허용함,ACTION,부동산에 운용하는 방법 외의 방법으로 운용,제94조제1항,0.9,고시|예외,2026-04-30
제94조제1항,근거함,STRUCTURE,제94조,제94조제1항,0.9,근거|제94조,2026-04-30
계약 체결,정의함,LOGICAL,법,98,0.7,계약 체결|법,2026-04-30
대통령령으로 정하는 사항,정의함,LOGICAL,임원 및 대주주에 관한 사항,제97조제1항제8호,0.95,정의|대통령령|항목,2026-04-30
대통령령으로 정하는 사항,정의함,LOGICAL,투자일임계약인 경우에는 투자자가 계약개시 시점에서 소유할 투자일임재산의 형태와 계약종료 시점에서 소유 하게 되는 투자일임재산의 형태,제97조제1항제8호,0.95,정의|대통령령|항목,2026-04-30
대통령령으로 정하는 사항,정의함,LOGICAL,투자일임재산을 운용할 때 적용하는 투자방법에 관한 사항,제97조제1항제8호,0.95,정의|대통령령|항목,2026-04-30
투자일임보고서,정의함,LOGICAL,제99조제1항에 따른 투자일임보고서,제99조제1항,0.95,투자일임보고서|정의,2026-04-30
투자일임보고서,작성,ACTION,기간,제99조제1항,0.9,투자일임보고서|작성대상 기간,2026-04-30
투자일임업자,제시함,ACTION,운용방 법,제91조의18제1항,0.95,운용방 법|투자대상자산,2026-04-30
투자일임업자,체결함,ACTION,투자일임계약,제91조의18제1항,0.95,투자일임계약|투자자,2026-04-30
투자일임계약,포함함,LOGICAL,투자판단 전부를 일임받지 않음,제91조의18제1항,0.9,투자판단|일임,2026-04-30
투자일임계약,포함함,LOGICAL,운용방법 내용,제91조의18제1항,0.9,운용방법,2026-04-30
투자일임계약,포함함,LOGICAL,운용방법으로 투자일임재산 운용,제91조의18제1항,0.9,운용방법|투자일임재산,2026-04-30
투자일임업자,따를 것,ACTION,투자자 요구(운용방법 변경),제91조의18제1항,0.95,운용방법 변경|투자자 요구,2026-04-30
투자일임업자,통지함,ACTION,투자자,제91조의18제1항,0.95,투자자|투자대상자산|취득·처분,2026-04-30
투자일임업자,따를 것,ACTION,투자자 요구(통지 후 취득·처분 변경),제91조의18제1항,0.95,통지|취득·처분|투자자 요구,2026-04-30
투자일임업자,평가함,ACTION,운용방법,제91조의18제1항,0.95,분기별 평가|운용방법,2026-04-30
투자일임업자,변경함,ACTION,운용방법,제91조의18제1항,0.95,운용방법 변경|분기별 평가,2026-04-30
법,금지함,ACTION,불건전 영업행위,제99조,0.9,불건전 영업행위|금지,2026-04-30
겸영,정의함,LOGICAL,"투자자문업자 또는 투자일임업자가 다른 금융투자업, 그 밖의 금융업을 겸영하는 경우",제98조제1항제1호 및 제2호,0.95,겸영|투자자문업자|투자일임업자|금융투자업|금융업,2026-04-30
겸영,준용함,STRUCTURE,해당 법령에서 법,제98조제1항제1호 및 제2호,0.85,겸영|해당 법령,2026-04-30
제98조제1항제1호 및 제2호에 따른 행위,예외로함,LOGICAL,금지되지 않음,제98조,0.85,행위 금지|제98조제1항제1호 및 제2호,2026-04-30
투자자문업자,요구함,ACTION,투자자문업 또는 투자일임업,제98조제1항제3호,0.95,전자적 투자조언장치|일반투자자,2026-04-30
제98조제1항제3호,구조,STRUCTURE,전자적 투자조언장치 활용,제98조제1항제3호,0.9,전자적 투자조언장치|일반투자자,2026-04-30
투자자문,증명,ACTION,투자자문 또는 투자일임재산의 운용과 관련한 정보,제98조제1항제5호,0.95,투자자문|증명|정보,2026-04-30
투자자문,예외로함,LOGICAL,정보를 의도적으로 이용하지 아니한 사실이 객관적으로 명백한 경우,제98조제1항제5호,0.85,정보|비이용|객관적 명백성,2026-04-30
대통령령으로 정하는 경우,정의함,LOGICAL,삭제,제98조제2항,0.95,대통령령으로 정하는 경우|정의,2026-04-30
인수일,간주함,LOGICAL,매수,98,0.7,인수일|매수|3개월,2026-04-30
인수일,참조함,STRUCTURE,3개월,98,0.8,인수일|3개월,2026-04-30
제98조제2항제2호,정의함,LOGICAL,인수한 증권,제98조제2항제2호,0.95,인수한 증권 정의,2026-04-30
인수한 증권,정의함,LOGICAL,국채증권,제98조제2항제2호,0.95,인수한 증권 정의|국채증권,2026-04-30
인수한 증권,정의함,LOGICAL,지방채증권,제98조제2항제2호,0.95,인수한 증권 정의|지방채증권,2026-04-30
인수한 증권,정의함,LOGICAL,한국은행법,제98조제2항제2호,0.95,인수한 증권 정의|한국은행법,2026-04-30
한국,준용함,STRUCTURE,"행통화안정증권, 특수채증권 또는 법",69,0.9,제69조에 따른|행통화안정증권,2026-04-30
사채권,정의함,LOGICAL,주권 관련 사채권 및,제4조제3항,0.9,사채권 정의,2026-04-30
사채권,참조함,STRUCTURE,제4조제3항,제4조제3항,0.95,제4조제3항 참조,2026-04-30
상각형 조건부자본증권,제외함,ACTION,제176조의13제1항에 따른 규정,제176조의13제1항,0.95,상각형 조건부자본증권 제외|제176조의13제1항,2026-04-30
상각형 조건부자본증권,제외함,STRUCTURE,제176조의13제1항,제176조의13제1항,0.9,제176조의13제1항에 따른 규정,2026-04-30
사채권,한정함,ACTION,"발행조건, 거래절차 등의 기준을 충족하는 채권",제176조의13제1항,0.85,사채권|발행조건|거래절차|기준,2026-04-30
상각형 조건부자본증권,예외로함,LOGICAL,사채권,제176조의13제1항,0.8,상각형 조건부자본증권|사채권|제외,2026-04-30
상장 주권 인수 및 매수,정의함,LOGICAL,인수한 증권이 증권시장에 상장된 주권인 경우로서 그 주권을 증권시장 또는 다자간매매체결회사에서 매수하는 경우,제98조제2항제2호,0.95,상장 주권 인수 및 매수|인수한 증권|증권시장|다자간매매체결회사|주권,2026-04-30
증권시장,매수,ACTION,주권,제98조제2항제2호,0.9,매수|증권시장|주권,2026-04-30
다자간매매체결회사,매수,ACTION,주권,제98조제2항제2호,0.9,매수|다자간매매체결회사|주권,2026-04-30
투자일임재산,유리하다,LOGICAL,거래조건,제98조제2항제2호,0.9,투자일임재산에 유리한 거래|일반적인 거래조건,2026-04-30
투자자,거래함,ACTION,투자일임재산,제98조제2항제5호,0.95,투자일임재산|동일 투자자,2026-04-30
이해관계인,적용함,ACTION,제98조제2항제6호,98,0.95,투자일임재산 매매|적용,2026-04-30
제98조제2항제6호,예외로함,LOGICAL,계약에 따른 거래인,98,0.9,투자일임재산 매매|계약에 따른 거래인,2026-04-30
제98조제2항제6호,예외로함,LOGICAL,공개시장 거래,98,0.9,투자일임재산 매매|공개시장 거래,2026-04-30
제98조제2항제6호,예외로함,LOGICAL,투자일임재산에 유리한 거래,98,0.9,투자일임재산 매매|투자일임재산에 유리한 거래,2026-04-30
제98조제2항제6호,예외로함,LOGICAL,환매조건부매매,98,0.9,투자일임재산 매매|환매조건부매매,2026-04-30
제98조제2항제6호,예외로함,LOGICAL,중개·주선·대리 거래,98,0.9,투자일임재산 매매|중개·주선·대리 거래,2026-04-30
제98조제2항제6호,예외로함,LOGICAL,위험 회피 차입 매도,98,0.9,투자일임재산 매매|위험 회피 차입 매도,2026-04-30
제98조제2항제6호,예외로함,LOGICAL,기타 인정 거래,98,0.9,투자일임재산 매매|기타 인정 거래,2026-04-30
투자일임업자,정의함,LOGICAL,증권에 관한 투자매매업자 또는 투자중개업자,제98조제2항제6호,0.95,투자일임업자|정의,2026-04-30
준법감시인,요구함,ACTION,확인,제182조제2항,0.95,투자일임재산|준법감시인|확인,2026-04-30
투자일임재산,정의함,LOGICAL,증권인 투자일임재산,제182조제2항,0.9,투자일임재산|증권인 투자일임재산,2026-04-30
대차거래의 중개,혼화,ACTION,투자일임재산과 고유재산,제182조제2항,0.95,대차거래의 중개|혼화,2026-04-30
대차거래의 중개,우려가 없는지 여부,LOGICAL,투자자 보호와 건전한 거래질서,제182조제2항,0.9,우려|투자자 보호|거래질서,2026-04-30
투자대상자산의 매매주문,집합하여 처리,ACTION,집합 처리된 결과,제98조제2항제8호,0.95,투자대상자산 매매주문 집합 처리,2026-04-30
투자일임재산별,배분,ACTION,자산배분명세에 따라 공정하게 배분,제98조제2항제8호,0.92,자산배분명세에 따른 공정 배분,2026-04-30
다목,간주함,LOGICAL,주식매수청구권의 행사,제98조제2항제9호다목,0.9,다목 적용 조건|해당 사례,2026-04-30
다목,간주함,LOGICAL,공개매수에 대한 응모,제98조제2항제9호다목,0.9,다목 적용 조건|해당 사례,2026-04-30
다목,간주함,LOGICAL,유상증자의 청약,제98조제2항제9호다목,0.9,다목 적용 조건|해당 사례,2026-04-30
다목,간주함,LOGICAL,전환사채권의 전환권의 행사,제98조제2항제9호다목,0.9,다목 적용 조건|해당 사례,2026-04-30
다목,간주함,LOGICAL,신주인수권부사채권의 신주인수권의 행사,제98조제2항제9호다목,0.9,다목 적용 조건|해당 사례,2026-04-30
다목,간주함,LOGICAL,교환사채권의 교환청구,제98조제2항제9호다목,0.9,다목 적용 조건|해당 사례,2026-04-30
다목,간주함,LOGICAL,파생결합증권의 권리의 행사,제98조제2항제9호다목,0.9,다목 적용 조건|해당 사례,2026-04-30
다목,간주함,LOGICAL,법,제98조제2항제9호다목,0.9,다목 적용 조건|해당 사례,2026-04-30
투자일임업자,갖추다,ACTION,요건,제5조제1항제2호,0.95,투자일임업자|요건|금융위원회 고시,2026-04-30
투자일임업자,정의함,LOGICAL,금융위원회가 정하여 고시하는 요건을 갖춘 투자일임업자,제5조제1항제2호,0.9,투자일임업자|정의|금융위원회 고시,2026-04-30
금융위원회,정하여 고시하는,ACTION,요건,제5조제1항제2호,0.85,금융위원회|요건|정의,2026-04-30
기금,정의함,LOGICAL,기금(외국인 포함),제10조제3항,0.95,기금|외국인 포함,2026-04-30
법인,정의함,LOGICAL,법인(외국인 포함),제10조제3항,0.95,법인|외국인 포함,2026-04-30
우정사업 운영에 관한 특례법,정의함,LOGICAL,우정사업 운영에 관한 특례법,제10조제3항,0.9,우정사업 운영에 관한 특례법,2026-04-30
의결권 행사,정의함,LOGICAL,제2조제2호,제2조제2호,0.95,의결권 행사|위임,2026-04-30
의결권 행사,참조함,STRUCTURE,제2조,제2조제2호,0.9,제2조제2호에 따른,2026-04-30
신탁업자,정의함,LOGICAL,투자일임업자,112,0.95,신탁업자 정의|신탁업자와 투자일임업자 동일,2026-04-30
신탁재산,정의함,LOGICAL,투자일임재산,112,0.95,신탁재산 정의|신탁재산과 투자일임재산 동일,2026-04-30
신탁계약,정의함,LOGICAL,투자일임계약,112,0.95,신탁계약 정의|신탁계약과 투자일임계약 동일,2026-04-30
신탁업자 정의,준용함,STRUCTURE,제112조제2항부터 제4항까지의 규정,112,0.9,준용|규정 적용,2026-04-30
인수업무,정의함,LOGICAL,발행인이나 매출인으로부터 직접 증권의 인수를 의뢰받아 인수조건 등을 정하는 업무,제98조제2항제3호,0.95,인수업무 정의|업무 정의,2026-04-30
대통령령으로 정하는 행위,정의함,LOGICAL,법,제98조제2항제10호,0.95,정의|대통령령으로 정하는 행위|법,2026-04-30
대통령령으로 정하는 행위,참조함,STRUCTURE,제98조제2항제10호,제98조제2항제10호,0.9,참조|제98조제2항제10호,2026-04-30
각 호의 자,제외함,ACTION,정당한 사유 없이 동의하지 아니하는 행위,제10조제1항,0.85,제외|정당한 사유 없이 동의하지 아니하는 행위,2026-04-30
투자일임계약 체결자,금지함,ACTION,계약 체결과정을 녹취하지 않거나 투자자의 요청에도 불구하고 녹취된 파일을 제공하지 않는 행위,제68조제5항제2호의2,0.95,투자일임계약|위반|녹취|금지,2026-04-30
투자일임계약 체결자,금지함,ACTION,투자권유를 받은 투자자와의 계약 체결과정에서 투자일임계약을 해지할 수 있는 기간(숙려기 간)에 대해 안내하지 않는 행위,제68조제5항제2호의2,0.95,투자일임계약|위반|숙려기 간|금지,2026-04-30
투자일임계약 체결자,금지함,ACTION,투자권유를 받고 계약을 체결한 투자자에게 2영업일 이상의 숙려기간을 부여하지 않는 행위,제68조제5항제2호의2,0.95,투자일임계약|위반|숙려기간|금지,2026-04-30
투자일임계약 체결자,금지함,ACTION,"숙려기간 동안 투자자에게 투자에 따르는 위험, 투자원금의 손실가능성, 최대 원금손실 가능금액 및 그 밖에 금융위원회가 정하여 고시하는 사항을 고지하지 않거나 투자일임재산을 운용하는 행위",제68조제5항제2호의2,0.95,투자일임계약|위반|숙려기간|위험 고지|금지,2026-04-30
투자일임계약 체결자,금지함,ACTION,"숙려기간이 지난 후 서명, 기명날인, 녹취 또는 그 밖에 금융위원회가 정하여 고시하는 방법으로 그 계약 체결 의사가 확정적임을 확인하지 않고 투자일임재산을 운용하는 행위",제68조제5항제2호의2,0.95,투자일임계약|위반|숙려기간|확정적임 확인|금지,2026-04-30
투자일임계약 체결자,금지함,ACTION,투자일임재산을 운용할 목적으로 투자자에게 그 계약 체결 의사가 확정적임을 표시해 줄 것을 권유하거나 강요하는 행위,제68조제5항제2호의2,0.95,투자일임계약|위반|권유|강요|금지,2026-04-30
투자일임계약 체결자,금지함,ACTION,투자일임계약을 위반하여 투자일임재산을 운용하는 행위,제68조제5항제2호의2,0.95,투자일임계약|위반|운용|금지,2026-04-30
고난도투자일임계약 체결자,금지함,ACTION,개인인 일반투자자를 대상으로 한 제1호의2 각 목의 어느 하나에 해당하는 행위,제68조제5항제2호의2,0.95,고난도투자일임계약|위반|개인일반투자자|금지,2026-04-30
고난도투자일임계약 체결자,금지함,ACTION,"개인인 투자자에게 고난도투자일임계약의 내용, 투자에 따르는 위험 및 그 밖에 금융위원회가 정하여 고시하는 사항을 해당 투자자가 쉽게 이해할 수 있도록 요약한 설명서를 내어 주지 않는 행위",제68조제5항제2호의2,0.95,고난도투자일임계약|위반|설명서|금지,2026-04-30
투자일임계약,예외로함,LOGICAL,금융위원회가 정하여 고시하는 투자일임계약,제68조제5항제2호의2,0.95,투자일임계약|예외|금융위원회 고시,2026-04-30
투자일임업자,금지함,ACTION,재산상의 이익 제공 행위,제98조제2항,0.95,투자일임업자|재산상의 이익|금지,2026-04-30
제98조제2항,상위조항,STRUCTURE,제98조,제98조제2항,0.99,제98조제2항|제98조,2026-04-30
금지 회피 행위,정의함,LOGICAL,"장외파생상품거래, 신탁계약, 연계거래 등을 이용하는 행위",제98조,0.95,금지 회피 행위|장외파생상품거래|신탁계약|연계거래,2026-04-30
금지 회피 행위,정의함,LOGICAL,채권자로서 그 권리를 담보하기 위하여 백지수표나 백지어음을 받은 행위,제98조,0.95,금지 회피 행위|백지수표|백지어음,2026-04-30
금지 회피 행위,정의함,LOGICAL,그 밖에 투자자 보호 또는 건전한 거래질서를 해칠 염려가 있는 행위,제98조,0.95,금지 회피 행위|투자자 보호|건전한 거래질서,2026-04-30
성과보수의 제한,정의함,LOGICAL,법,제99조의2,0.7,성과보수의 제한|법,2026-04-30
투자자,요구함,ACTION,성과보수가 기준지표등에 연동하여 산정될 것,제98조의2제1항,0.95,성과보수 산정|기준지표등 연동,2026-04-30
투자자,금지함,ACTION,성과보수(운용성과가 기준지표등보다 낮은 경우),제98조의2제1항,0.9,운용성과|기준지표등|성공보수 미지급,2026-04-30
운용성과,금지함,ACTION,성과보수(부(負)의 수익률이거나 기준에 미달인 경우),제98조의2제1항,0.9,운용성과|부(負) 수익률|기준 미달,2026-04-30
성과보수,준용함,STRUCTURE,"금융위원회가 정하여 고시하는 요건(산정방식, 지급시기 등)",제98조의2제1항,0.9,산정방식|지급시기|금융위원회 요건,2026-04-30
대통령령으로 정하는 사항,정의함,LOGICAL,성과보수를 지급하지 아니하는 경우보다 높은 투자위험에 노출될 수 있다는 사실,제98조의2제2항,0.95,정의|대통령령|정하는,2026-04-30
대통령령으로 정하는 사항,정의함,LOGICAL,기준지표등,제98조의2제2항,0.95,정의|대통령령|정하는,2026-04-30
대통령령으로 정하는 사항,정의함,LOGICAL,성과보수의 지급시기,제98조의2제2항,0.95,정의|대통령령|정하는,2026-04-30
대통령령으로 정하는 사항,정의함,LOGICAL,성과보수가 지급되지 아니하는 경우에 관한 사항,제98조의2제2항,0.95,정의|대통령령|정하는,2026-04-30
제100조,정의함,LOGICAL,투자일임보고서의 교부 등,100,0.6,투자일임보고서|교부,2026-04-30
투자일임보고서,기재하여야 한다,ACTION,운용경과의 개요 및 손익 현황,제99조제1항,0.95,투자일임보고서 기재사항|제99조제1항,2026-04-30
투자일임보고서,기재하여야 한다,ACTION,"투자일임재산의 매매일자, 매매가격, 위탁수수료 및 각종 세금 등 운용현황",제99조제1항,0.95,투자일임보고서 기재사항|제99조제1항,2026-04-30
투자일임보고서,기재하여야 한다,ACTION,"투자일임재산에 속하는 자산의 종류별 잔액현황, 취득가액, 시가 및 평가손익",제99조제1항,0.95,투자일임보고서 기재사항|제99조제1항,2026-04-30
투자일임보고서,기재하여야 한다,ACTION,투자일임수수료를 부과하는 경우에는 그 시기 및 금액,제99조제1항,0.95,투자일임보고서 기재사항|제99조제1항,2026-04-30
투자일임보고서,기재하여야 한다,ACTION,그 밖에 투자자를 보호하기 위하여 필요한 사항으로서 금융위원회가 정하여 고시하는 사항,제99조제1항,0.95,투자일임보고서 기재사항|제99조제1항,2026-04-30
투자일임업자,내주어야 한다,ACTION,"투자자에게 투자일임보고서를 내주는 경우, 투자일임보고서 작성대상 기간이 지난 후 2개월 이내에 직접 또는 우편발송 등으로",제99조제1항,0.9,투자일임업자|제99조제1항,2026-04-30
투자일임업자,보내다,ACTION,전자우편 또는 이와 비슷한 전자통신의 방법,제99조제1항제1호의2,0.95,전자적 투자 조언장치|전자우편|전자통신,2026-04-30
투자일임업자,갈음할 수 있다,ACTION,지점이나 그 밖의 영업소에 투자일임보고서를 비치하는 것,제99조제1항제1호의2,0.9,우편발송|반송|지점|영업소,2026-04-30
금융위원회,정하여 고시한다,ACTION,"투자일임보고서의 서식과 작성방법, 교부방법, 그 밖에 필요한 사항",제99조제1항제1호의2,0.85,금융위원회|고시|투자일임보고서,2026-04-30
투자일임업자,제2항 본문에 따라,STRUCTURE,우편발송 등의 방법으로 내준 투자일임보고서가 3회 이상 반송된 경우 투자자 요구 시 즉시 내줄 수 있도록 지점이나 그 밖의 영업소에 투자일임보고서를 비치하는 것,제99조제1항제1호의2,0.88,우편발송|반송|지점|영업소,2026-04-30
역외투자자문업자,준용함,LOGICAL,법,101,0.7,역외투자자문업자|법,2026-04-30
역외투자자문업자 및 역외투자일임업자,요구함,ACTION,업무보고서,제100조제1항,0.95,작성,2026-04-30
역외투자자문업자 및 역외투자일임업자,준용함,STRUCTURE,제5조,제100조제1항,0.9,제5조에 따른 규정,2026-04-30
자,정의함,LOGICAL,제10조제2항제1호부터 제17호까지의 어느 하나에 해당하는 자 4,제10조제2항제1호,0.95,자|정의,2026-04-30
자,정의함,LOGICAL,제10조제3항제1호부터 제14호까지의 어느 하나에 해당하는 자 ③ 법,제10조,0.95,정의|자,2026-04-30
외국 보관기관,정의함,LOGICAL,대통령령으로 정하는 외국 보관기관,제100조제7항,0.95,정의|외국 보관기관,2026-04-30
외국 보관기관,정의함,LOGICAL,제63조제3항에 따른 외국 보관기관,제63조,0.99,외국 보관기관|제63조제3항,2026-04-30
역외투자일임업자,요구함,ACTION,투자일임보고서,제63조,0.98,역외투자일임업자|투자일임보고서,2026-04-30
투자일임보고서,준용함,STRUCTURE,금융위원회가 정하여 고시하는 기준,제63조,0.97,투자일임보고서|금융위원회|기준,2026-04-30
역외투자일임업자,요구함,ACTION,월 1회 이상 투자자에게 직접 또는 우편발송,제63조,0.96,역외투자일임업자|월 1회 이상|투자자|우편발송,2026-04-30
역외투자일임업자,허용함,ACTION,전자우편을 통하여 보낼 수 있다,제63조,0.95,역외투자일임업자|전자우편|보낼 수 있다,2026-04-30
유사투자자문업의 신고,참조함,STRUCTURE,법,102,0.9,정의|법,2026-04-30
이 법,정의함,LOGICAL,"자본시장과 금융투자업에 관한 법률 시행령, 금융관련법령, 방문판매 등에 관한 법률, 전자상거래 등에서의 소비자보호에 관한 법률",제101조제5항제1호,0.95,정의|법령,2026-04-30
이 법,참조함,LOGICAL,"유사수신행위의 규제에 관한 법률, 방문판매 등에 관한 법률",제101조제5항제1호,0.9,참조|법령,2026-04-30
유사투자자문업,신청할 수 있다,ACTION,금융위원회,제101조제6항,0.95,유효기간 갱신|유사투자자문업,2026-04-30
제101조제6항,규정함,STRUCTURE,유효기간 갱신,제101조제6항,0.9,유효기간 갱신,2026-04-30
불건전 영업행위 금지,정의함,LOGICAL,영업행위,제102조의2,0.9,불건전|영업행위 금지,2026-04-30
대통령령으로 정하는 표시 또는 광고,정의함,LOGICAL,다음 각 호의 표시 또는 광고,제101조의2제2항제5호,0.95,정의|표시 또는 광고,2026-04-30
신탁의 종류,정의함,LOGICAL,신탁의 종류,제103조,0.9,신탁의 종류,2026-04-30
신탁의 종류,참조함,STRUCTURE,제103조,제103조,0.8,신탁의 종류,2026-04-30
금전신탁,정의함,LOGICAL,특정금전신탁,제103조제3항,0.95,금전신탁 정의|특정금전신탁 구분,2026-04-30
금전신탁,정의함,LOGICAL,불특정금전신탁,제103조제3항,0.95,금전신탁 정의|불특정금전신탁 구분,2026-04-30
신탁업자,금지함,ACTION,손실의 보전,104,0.95,손실의 보전|신탁업자|금지,2026-04-30
신탁업자,금지함,ACTION,이익의 보장,104,0.95,이익의 보장|신탁업자|금지,2026-04-30
신탁업자,허용함,ACTION,손실의 보전,104,0.9,연금|퇴직금|신탁|보전|허용,2026-04-30
신탁업자,허용함,ACTION,이익의 보장,104,0.9,연금|퇴직금|신탁|보장|허용,2026-04-30
신탁업자,요구함,ACTION,특별유보금 충당,104,0.9,특별유보금|충당|신탁업자|요구,2026-04-30
신탁업자,요구함,ACTION,신탁보수 충당,104,0.9,신탁보수|충당|신탁업자|요구,2026-04-30
신탁업자,요구함,ACTION,고유재산 충당,104,0.9,고유재산|충당|신탁업자|요구,2026-04-30
신탁업자,요구함,ACTION,반환,104,0.9,반환|신탁재산|신탁업자|요구,2026-04-30
신탁업자,요구함,ACTION,중도해지수수료 공제,104,0.9,중도해지수수료|공제|신탁업자|요구,2026-04-30
신탁업자,허용함,ACTION,신탁보수 수령,104,0.9,신탁보수|수령|신탁업자|허용,2026-04-30
신탁업자,요구함,ACTION,운용대상 명시,104,0.9,운용대상|명시|계약체결|신탁업자|요구,2026-04-30
신탁업자,요구함,ACTION,운용방법 변경 시 설명 제공,104,0.9,운용방법|변경|설명|신탁업자|요구,2026-04-30
신탁업자,예외로함,LOGICAL,수익자 보호 및 건전한 거래질서 해칠 우려가 없는 경우,104,0.9,수익자 보호|건전한 거래질서|,2026-04-30
변경내용 확인,요구함,ACTION,기명날인 또는 녹취,제2조제2호,0.9,변경내용 확인|기명날인|녹취,2026-04-30
변경내용,자필로 적도록 해야 한다,ACTION,계약서,제2조제2호,0.85,운용대상 변경|고난도금융투자상품|자필|계약서,2026-04-30
사업비,정의함,LOGICAL,"공사비, 광고비, 분양비 등 부동산개발사업에 드는 모든 비용에서 부동산 자체의 취득가액과 등기비용, 그 밖에 부동산 취득에 관련된 부대비용을 제외한 금액",제103조제4항,0.97,사업비 정의|비용 제외 항목,2026-04-30
신탁재산의 취득,정의함,LOGICAL,제105조,105,0.95,신탁재산의 취득|고유재산에 의한 신탁재산의 취득,2026-04-30
대통령령으로 정하는 경우,정의함,LOGICAL,"신탁계약기간이 종료되기까지의 남은 기간이 3개월 이내이며, 신탁재산을 고유재산으로 취득하는 방법 외에 신탁재산의 처분이 곤란할 경우이며, 취득가액이 공정한 경우",제104조제2항제2호,0.95,정의|조건,2026-04-30
금융위원회,인정함,ACTION,대통령령으로 정하는 경우,제104조제2항제2호,0.9,인정|대통령령으로 정하는 경우,2026-04-30
신탁재산의 운용방법,정의함,LOGICAL,제106조,106,0.8,신탁재산의 운용방법 정의,2026-04-30
대통령령으로 정하는 증권,정의함,LOGICAL,채무증권,제105조제1항제1호,0.95,정의|대통령령으로 정하는 증권,2026-04-30
대통령령으로 정하는 증권,정의함,LOGICAL,지분증권,제105조제1항제1호,0.95,정의|대통령령으로 정하는 증권,2026-04-30
대통령령으로 정하는 증권,정의함,LOGICAL,수익증권,제105조제1항제1호,0.95,정의|대통령령으로 정하는 증권,2026-04-30
대통령령으로 정하는 증권,정의함,LOGICAL,파생결합증권,제105조제1항제1호,0.95,정의|대통령령으로 정하는 증권,2026-04-30
대통령령으로 정하는 증권,정의함,LOGICAL,증권예탁증권,제105조제1항제1호,0.95,정의|대통령령으로 정하는 증권,2026-04-30
대통령령으로 정하는 증권,근거함,STRUCTURE,제105조제1항제1호,제105조제1항제1호,0.9,근거|대통령령으로 정하는 증권,2026-04-30
대통령령으로 정하는 금융기관,정의함,LOGICAL,"은행, 한국산업은행, 중소기업은행, 증권금융회사, 종합금융회사, 상호저축은행, 농업협동조합, 수산업협동조합, 신용협동조합, 산림조합, 체신관서, 새마을금고, 외국 금융기관",제105조제1항제3호,0.95,정의|금융기관,2026-04-30
대통령령으로 정하는 방법,정의함,LOGICAL,원화로 표시된 양도성 예금증서의 매수,제105조제1항제10호,0.95,정의|대통령령으로 정하는 방법|방법,2026-04-30
대통령령으로 정하는 방법,정의함,LOGICAL,"지상권, 전세권, 부동산임차권, 부동산소유권 이전등기청구권, 그 밖의 부동산 관련 권리에의 운용",제105조제1항제10호,0.95,정의|대통령령으로 정하는 방법|방법,2026-04-30
대통령령으로 정하는 방법,정의함,LOGICAL,환매조건부매수,제105조제1항제10호,0.95,정의|대통령령으로 정하는 방법|방법,2026-04-30
대통령령으로 정하는 방법,정의함,LOGICAL,증권의 대여 또는 차입,제105조제1항제10호,0.95,정의|대통령령으로 정하는 방법|방법,2026-04-30
대통령령으로 정하는 방법,정의함,LOGICAL,근로자퇴직급여 보장법,제105조제1항제10호,0.95,정의|대통령령으로 정하는 방법|방법,2026-04-30
운용자,요구함,ACTION,퇴직연금 적립금 운용,제29조제2항,0.95,퇴직연금 적립금 운용|신탁계약,2026-04-30
퇴직연금 적립금 운용,정의함,LOGICAL,신탁계약으로 운용,제29조제2항,0.9,퇴직연금 적립금 운용|신탁계약,2026-04-30
운용자,준용함,STRUCTURE,같은 법,제29조제2항,0.85,같은 법,2026-04-30
금융위원회,정하여 고시하는,ACTION,방법,제26조제1항제1호나목,0.95,운용|신탁재산|안정성|수익성,2026-04-30
방법,준용함,STRUCTURE,제26조제1항제1호나목,제26조제1항제1호나목,0.9,운용|법,2026-04-30
사업비,정의함,LOGICAL,부동산개발사업별 사업비,제103조제4항,0.95,부동산개발사업|신탁계약,2026-04-30
신탁업자,운용,ACTION,신탁재산,제104조제7항,0.95,신탁업자|신탁재산|운용|법적 강제성,2026-04-30
신탁업자,요구함,ACTION,운용 기준 준수,제104조제7항,0.9,신탁업자|운용 기준|법적 강제성,2026-04-30
주권상장법인,정의함,LOGICAL,제165조의3제3항,제165조의3제3항,0.95,주권상장법인|제165조의3제3항,2026-04-30
주권상장법인,예외로함,LOGICAL,이 발행하는 자기주식을 취득ㆍ처분하는 경우,제9조제15항제3호,0.9,제9조제15항제3호|자기주식 취득·처분,2026-04-30
자기주식,취득할 것,ACTION,제165조의3제1항제1호의 방법,제165조의3제1항제1호,0.95,자기주식 취득|제165조의3제1항제1호 방법,2026-04-30
자기주식,처분할 것,ACTION,자기주식,제165조의3제1항제1호,0.9,자기주식 처분|1개월 이내,2026-04-30
자기주식,취득하지 아니할 것,ACTION,자기주식,제165조의3제1항제1호,0.85,자기주식 취득 제한|1개월 이내,2026-04-30
자기주식,운용하지 아니할 것,ACTION,금융위원회가 정하여 고시하는 방법 외의 방법,제165조의3제1항제1호,0.9,운용 제한|금융위원회 고시,2026-04-30
불특정금전신탁인,금지함,ACTION,자기주식 취득 및 처분,제176조의2제2항제1호부터 제5호까지,0.95,신탁재산 운용 제한|자기주식 취득 및 처분 금지,2026-04-30
불특정금전신탁인,요구함,ACTION,신탁재산의 사모사채 운용 한도 100분의 3,제176조의2제2항제1호부터 제5호까지,0.9,신탁재산 운용 제한|사모사채 운용 한도,2026-04-30
불특정금전신탁인,요구함,ACTION,신탁재산의 지분증권 및 장내파생상품 운용 한도 100분의 50,제176조의2제2항제1호부터 제5호까지,0.9,신탁재산 운용 제한|지분증권 및 장내파생상품 운용 한도,2026-04-30
사모사채,예외로함,LOGICAL,금융위원회가 정하여 고시하는 자가 원리금의 지급을 보증한 사모사채와 담보부사채,제176조의2제2항제1호부터 제5호까지,0.85,사모사채 예외,2026-04-30
위험평가액,정의함,LOGICAL,제81조제2항에 따른 위험평가액,81조제2항,0.95,위험평가액|제81조제2항,2026-04-30
위험평가액,요구함,ACTION,10% 이하 (각 신탁재산의 10%),81조제2항,0.9,위험평가액|OTC파생상품|신탁재산|10%,2026-04-30
위험평가액,요구함,ACTION,15% 이하 (지분증권 발행총수의 15%),81조제2항,0.9,위험평가액|지분증권|발행총수|15%,2026-04-30
위험평가액,준용함,STRUCTURE,금융위원회 고시 운용방법,81조제2항,0.9,위험평가액|금융위원회|고시,2026-04-30
위험평가액,준용함,STRUCTURE,금융위원회 고시 기준 (신탁인 1호 및 2호 외),81조제2항,0.9,위험평가액|금융위원회|신탁인|1호|2호,2026-04-30
여유자금의 운용,정의함,LOGICAL,법,107,0.7,여유자금의 운용|법,2026-04-30
대통령령으로 정하는 금융기관,정의함,LOGICAL,정의된 개념,106조제1호 및 제3호,0.95,정의|대통령령으로 정하는 금융기관,2026-04-30
금융기관,정의함,LOGICAL,각 호의 금융기관,제106조제2항,0.95,정의|금융기관,2026-04-30
단기대출 2,정의함,LOGICAL,제83조제4항,83,0.95,단기대출 2 정의|제83조제4항,2026-04-30
금융기관,매수,ACTION,채권,제106조제2항,0.95,채권 매수|의무,2026-04-30
채권 매수,예외로함,LOGICAL,특수채증권,제106조제2항,0.9,특수채증권 제외|예외,2026-04-30
금융기관,준용함,STRUCTURE,금융위원회가 정하여 고시하는 방법,제106조제2항,0.9,금융위원회 고시|방법 준용,2026-04-30
제106조제2항,근거함,STRUCTURE,자본시장과 금융투자업에 관한 법률 시행령 3,제106조제2항,0.9,법적 근거|시행령,2026-04-30
제108조,삭제됨,STRUCTURE,2009. 2. 3.,108,0.95,삭제|제정일,2026-04-30
불건전 영업행위,금지,ACTION,불건전 영업행위,109,0.95,불건전 영업행위|금지,2026-04-30
대통령령으로 정하는 경우,정의함,LOGICAL,다음 각 호 의 어느 하나에 해당하는 경우,108,0.95,대통령령으로 정하는 경우|정의,2026-04-30
신탁재산,증명,ACTION,운용과 관련한 정보를 이용하지 아니하였음을,제108조제1호,0.95,신탁재산 운용 정보|증명,2026-04-30
신탁재산,증명,ACTION,운용과 관련한 정보를 의도적으로 이용하지 아니하였다는 사실이 객관적으로 명백한 경우,제108조제1호,0.9,신탁재산 운용 정보|증명,2026-04-30
매수인,준용함,STRUCTURE,2의2. 법,제108조제2호,0.9,인수일|3개월|매수,2026-04-30
인수한 증권,정의함,LOGICAL,"국채증권, 지방채증권, 한국은행법",제108조제2호,0.95,인수한 증권|국채증권|지방채증권|한국은행법,2026-04-30
한국은행,준용함,STRUCTURE,"한국은행통화안정증권, 특수채증권 또는 법",69,0.9,제69조에 따른|한국은행통화안정증권,2026-04-30
상각형 조건부자본증권,제외함,ACTION,제176조의13제1항에 따른 상각형 조건부자본증권,제176조의13제1항,0.95,상각형 조건부자본증권 제외,2026-04-30
사채권,한정한다,ACTION,"금융위원회가 정하여 고시하는 발행조건, 거래절차 등의 기준을 충족하는 채권",제176조의13제1항,0.9,사채권 기준 한정,2026-04-30
상각형 조건부자본증권,참조함,STRUCTURE,제176조의13제1항,제176조의13제1항,0.85,상각형 조건부자본증권 제외,2026-04-30
증권시장 상장 주권 매수,정의함,LOGICAL,증권시장 또는 다자간매매체결회사에서 주권을 매수하는 행위,제108조제2호,0.95,증권시장 상장 주권 매수|주권 매수,2026-04-30
다자간매매체결회사,요구함,ACTION,주권 매수,제108조제2호,0.9,다자간매매체결회사|주권 매수,2026-04-30
인수한 증권,간주함,LOGICAL,증권시장에 상장된 주권,제108조제2호,0.85,인수한 증권|증권시장에 상장된 주권,2026-04-30
그 주권,간주함,LOGICAL,증권시장 또는 다자간매매체결회사에서 매수,제108조제2호,0.85,주권|매수,2026-04-30
신탁재산 매도 매수 거래,정의함,LOGICAL,같은 신탁업자가 운용하는 신탁재산 상호 간에 자산을 동시에 한쪽이 매도하고 다른 한쪽이 매수하는 거래,제108조제5호,0.95,신탁재산 매도 매수 거래|동일 신탁업자 운용|자산 매도 매수,2026-04-30
금융위원회,정하고 고시한다,ACTION,"매매가격, 매매거래 절차 및 방법, 그 밖에 필요한 사항",제108조제5호,0.95,정하고 고시한다|매매가격|매매거래 절차 및 방법,2026-04-30
신탁계약 해지(일부해지),허용함,ACTION,신탁재산 매도 매수 거래,제108조제5호,0.9,신탁계약 해지|불가피한 경우,2026-04-30
금융위원회가 수익자의 이익을 해칠 염려가 없다고 인정하는 경우,허용함,ACTION,신탁재산 매도 매수 거래,제108조제5호,0.9,수익자 이익|불해 염려 없음,2026-04-30
특정금전신탁,적용,ACTION,제108조제6호,108-6,0.95,적용|특정금전신탁,2026-04-30
특정금전신탁,예외로함,LOGICAL,근로자퇴직급여 보장법에 따른 특정금전신탁,108-6,0.9,예외|근로자퇴직급여 보장법,2026-04-30
특정금전신탁,간주함,LOGICAL,이해관계인이 되기 6개월 이전에 체결한 계약에 따른 거래,108-6,0.85,조건|이해관계인,2026-04-30
특정금전신탁,간주함,LOGICAL,증권시장 등 불특정다수인이 참여하는 공개시장을 통한 거래,108-6,0.85,조건|공개시장,2026-04-30
특정금전신탁,간주함,LOGICAL,일반적인 거래조건에 비추어 신탁재산에 유리한 거래,108-6,0.85,조건|신탁재산 유리,2026-04-30
특정금전신탁,간주함,LOGICAL,신탁업자 또는 이해관계인의 중개ㆍ주선 또는 대리를 통하여 금융위원회가 정하여 고시하는 방법에 따라 신탁업자 및 이해관계인이 아닌 자와 행하는 투자대상자산의 매매,108-6,0.85,조건|중개,2026-04-30
특정금전신탁,간주함,LOGICAL,"신탁업자나 이해관계인의 매매중개(금융위원회가 정하여 고시하는 매매형식의 중개를 말한다)를 통하여 그 신탁업자 또는 이해관계인과 행하는 채무증권, 원화로 표시된 양도성 예금증서 또는 어음(기업어음증권은 제 외한다)의 매매",108-6,0.85,조건|채무증권,2026-04-30
특정금전신탁,예외로함,LOGICAL,환매조건부매매,108-6,0.8,예외|환매조건부매매,2026-04-30
제104조제2항,상위조항,STRUCTURE,제104조,104,0.7,조항|구성,2026-04-30
예금거래,정의함,LOGICAL,수탁액이 3억원 이상인 특정금전신탁 또는 자산유동화에 관한 법률,제105조제2항,0.95,예금거래 정의|수탁액 기준|특정금전신탁|자산유동화법,2026-04-30
자산유동화계획에 의한 여유자금운용,정의함,LOGICAL,금액의 규모 또는 시간의 제약으로 인하여 다른 방법으로 운용할 수 없는 경우로서 일시적인 자금의 대여(그 신탁재산을 운용하는 신탁업자에게 대여하는 경우만 해당한다) 차,제3조,0.95,자산유동화계획에 의한 여유자금운용 정의|금액 규모 제약|일시적 자금 대여,2026-04-30
자산유동화계획에 의한 여유자금운용,예외로함,LOGICAL,"그 밖에 거래의 형태, 조건, 방법 등을 고려하여 신탁재산과 이해가 상충될 염려가 없는 경우로서 금융위원회가 정하여 고시하는 거래 법제처 76 국가법령정보센터 자본시장과 금융투자업에 관한 법률 시행령 5. 제3항제5호를 적용할 때 개별 신탁재산을 효율적으로 운용하기 위하여 투자대상자산의 매매주문을 집합하여 처리하고, 그 처리 결과를 신탁재산별로 미리 정해진 자산배분명세에 따라 공정하게 배분하는 경우",제3조,0.85,거래 형태|조건|방법|신탁재산 이해 상충|금융위원회 고시|투자대상자산 매매주문 집합 처리|자산배분명세,2026-04-30
대통령령,정하는,ACTION,인수업무,108조제3호,0.9,대통령령 정의|인수업무 정의,2026-04-30
전문투자자,받다,ACTION,대우,제9조제5항,0.95,전문투자자|대우,2026-04-30
전문투자자,같은,LOGICAL,일반투자자,제9조제5항,0.9,전문투자자|일반투자자,2026-04-30
자,예외로함,LOGICAL,제외,제10조제1항,0.95,제외|자,2026-04-30
자,금지함,ACTION,정당한 사유 없이 동의하지 아니하는 행위,제10조제1항,0.85,행위|정당한 사유 없이 동의하지 아니하는 행위,2026-04-30
신탁업자,합병,ACTION,다른 투자매매업자 또는 투자중개업자,제6조제4항제2호,0.95,신탁업자|합병|투자매매업자|투자중개업자,2026-04-30
신탁업자,갖춘,STRUCTURE,금융위원회가 정한 요건,제6조제4항제2호,0.92,신탁업자|금융위원회 요건|갖춘,2026-04-30
운용자,금지함,ACTION,투자권유 행위,제104조제1항,0.95,신탁재산 운용|투자권유 행위,2026-04-30
운용자,금지함,ACTION,투자광고 행위,제104조제1항,0.95,신탁재산 운용|투자광고 행위,2026-04-30
운용자,금지함,ACTION,제3자와의 계약 또는 담합 등에 의하여 신탁재산으로 특정 자산에 교차하여 투자하는 행위,제104조제1항,0.95,신탁재산 운용|제3자와의 계약|교차 투자,2026-04-30
제105조,참조함,STRUCTURE,제2조,105,0.3,제2조의 규정에 따라,2026-04-30
제106조,정의함,LOGICAL,내용이 명시되지 않음,106,0.2,제106조,2026-04-30
제108조,참조함,STRUCTURE,제108조,108,0.5,참조|자기참조,2026-04-30
행위자,행위함,ACTION,금지 회피 행위,제104조제1항,0.95,금지 회피 행위|제104조제1항,2026-04-30
금지 회피 행위,정의함,LOGICAL,행위자,제104조제1항,0.9,금지 회피 행위 정의|제104조제1항,2026-04-30
금지 회피 행위,금지함,ACTION,행위자,제104조제1항,0.9,금지 회피 행위 금지|제104조제1항,2026-04-30
보험수익자,정의함,LOGICAL,제733조에 따른 보험수익자,제733조,0.9,보험수익자|제733조,2026-04-30
보험계약대출,계약내용에 명시할 것,LOGICAL,신탁계약이 무효가 됨,제733조,0.8,보험계약대출|신탁계약|계약내용,2026-04-30
수익자,보호,ACTION,건전한 거래질서,제733조,0.8,수익자|건전한 거래질서|보호,2026-04-30
신탁계약,정의함,LOGICAL,법,110,0.95,정의|신탁계약,2026-04-30
대통령령으로 정하는 사항,정의함,LOGICAL,"수익자가 확정되지 아니한 경우에는 수익자가 될 자의 범위ㆍ자격, 그 밖에 수익자를 확정하기 위하여 필요한 사 항",제109조제10호,0.95,대통령령으로 정하는 사항|수익자|정의,2026-04-30
대통령령으로 정하는 사항,정의함,LOGICAL,수익자가 신탁의 이익을 받을 의사를 표시할 것을 요건으로 하는 경우에는 그 내용,제109조제10호,0.95,대통령령으로 정하는 사항|수익자|정의,2026-04-30
대통령령으로 정하는 사항,정의함,LOGICAL,신탁법,제109조제10호,0.95,대통령령으로 정하는 사항|신탁법|정의,2026-04-30
대통령령으로 정하는 사항,참조함,STRUCTURE,신탁법,제109조제10호,0.9,대통령령으로 정하는 사항|신탁법|참조,2026-04-30
신탁계약자,요구함,ACTION,등기ㆍ등록,제4조제1항,0.95,신탁재산 관리|등기|등록,2026-04-30
신탁계약자,요구함,ACTION,수익자에게 교부할 신탁재산의 종류 및 교부방법ㆍ시기,제4조제1항,0.95,신탁재산 관리|교부|수익자,2026-04-30
신탁계약자,요구함,ACTION,"신탁재산의 관리에 필요한 공과금ㆍ수선비, 그 밖의 비용",제4조제1항,0.95,공과금|수선비|비용,2026-04-30
신탁계약자,요구함,ACTION,신탁계약 종료 시의 최종계산,제4조제1항,0.95,최종계산|신탁계약 종료,2026-04-30
금융위원회,정하여 고시함,STRUCTURE,건전한 거래질서를 유지하기 위하여 필요한 사항,제4조제1항,0.9,금융위원회|고시|거래질서,2026-04-30
수익증권 발행 신고,정의함,LOGICAL,제111조,111,0.6,수익증권 발행 신고|제111조,2026-04-30
대통령령으로 정하는 서류,정의함,LOGICAL,수익증권 발행계획서,110-2,0.95,정의|대통령령으로 정하는 서류,2026-04-30
대통령령으로 정하는 서류,정의함,LOGICAL,자금운용계획서,110-2,0.95,정의|대통령령으로 정하는 서류,2026-04-30
대통령령으로 정하는 서류,정의함,LOGICAL,신탁약관이나 신탁계약서,110-2,0.95,정의|대통령령으로 정하는 서류,2026-04-30
대통령령으로 정하는 사항,정의함,LOGICAL,수익증권의 발행일,제110조제5항제9호,0.95,대통령령으로 정하는 사항|수익증권의 발행일,2026-04-30
대통령령으로 정하는 사항,정의함,LOGICAL,수익증권의 기호 및 번호,제110조제5항제9호,0.95,대통령령으로 정하는 사항|수익증권의 기호 및 번호,2026-04-30
신탁업자,준용함,STRUCTURE,법,112,0.95,수익증권의 매수|신탁업자,2026-04-30
수익증권,매수,ACTION,고유재산,제111조,0.95,수익증권 매수,2026-04-30
매수,요구함,ACTION,가액,104조제4항,0.9,매수|가액,2026-04-30
가액,근거함,STRUCTURE,제104조제4항,104조제4항,0.85,가액|제104조제4항|산정,2026-04-30
의결권행사,제한함,LOGICAL,제한 등,제113조,0.6,의결권행사의 제한|제한 등,2026-04-30
대통령령으로 정하는 특수관계가 있는 자,정의함,LOGICAL,특수 관계인 및,제112조제2항제1호가목,0.9,정의|특수관계인,2026-04-30
대통령령으로 정하는 자,정의함,LOGICAL,신탁업자의 대주주(최대주주의 특수관계인인 주주를 포함한다),제112조제2항제1호나목,0.95,정의|대통령령으로 정하는 자,2026-04-30
대통령령으로 정하는 관계,정의함,LOGICAL,신탁업자의 대주주가 되는 관계,제112조제2항제2호나목,0.95,정의|대통령령|신탁업자|대주주,2026-04-30
의결권행사,요구함,ACTION,공시,114,0.8,의결권행사|공시,2026-04-30
주권상장법인,공시할 것,ACTION,의결권 행사 내용,제112조제7항,0.95,의결권 행사의 공시|주권상장법인,2026-04-30
법인,공시할 것,ACTION,의결권 행사 내용,제112조제7항,0.9,의결권 행사의 공시|법인,2026-04-30
공시,요구함,ACTION,일반인,제89조제2항제1호,0.95,공시|일반인,2026-04-30
공시,근거함,STRUCTURE,제89조제2항제1호,제89조제2항제1호,0.9,공시|제89조제2항제1호,2026-04-30
장부ㆍ서류의 열람 및 공시 등,정의함,LOGICAL,법,115,0.4,장부ㆍ서류의 열람 및 공시 등 정의,2026-04-30
정당한 사유,정의함,LOGICAL,1) 신탁재산의 운용내역 등이 포함된 장부ㆍ서류를 제공함으로써 제공받은 자가 그 정보를 거래 또는 업무에 이용 하거나 타인에게 제공할 것이 뚜렷하게 염려되는 경우; 2) 신탁재산의 운용내역 등이 포함된 장부ㆍ서류를 제공함으로써 다른 수익자에게 손해를 입힐 것이 명백히 인정되는 경우; 3) 신탁계약이 해지된 신탁재산에 관한 장부ㆍ서류,제113조제1항,0.95,정당한 사유|신탁재산|장부|서류|수익자,2026-04-30
신탁업자,내주어야 한다,ACTION,서면(정당한 사유가 기재된 서면을 수익자에게 내주어야 함),제113조제1항,0.95,신탁업자|서면|정당한 사유|수익자,2026-04-30
수익자,응하다,ACTION,열람제공 요청,제62조제1항,0.95,응하다|열람제공 요청,2026-04-30
장부·서류,허용함,ACTION,열람,제113조제1항,0.95,장부·서류 허용|열람,2026-04-30
장부·서류,허용함,ACTION,등본,제113조제1항,0.95,장부·서류 허용|등본,2026-04-30
장부·서류,허용함,ACTION,초본,제113조제1항,0.95,장부·서류 허용|초본,2026-04-30
장부·서류,정의함,LOGICAL,신탁재산 명세서,제113조제1항,0.95,장부·서류 정의|신탁재산 명세서,2026-04-30
장부·서류,정의함,LOGICAL,신탁재산 운용내역서,제113조제1항,0.95,장부·서류 정의|신탁재산 운용내역서,2026-04-30
회계처리기준 제정의 위탁,정의함,LOGICAL,회계처리기준,제116조,0.9,회계처리기준|제정|위탁,2026-04-30
대통령령으로 정하는 자,정의함,LOGICAL,주식회사 등의 외부감사 에 관한 법률 시행령,제114조제2항,0.99,정의|대통령령으로 정하는 자,2026-04-30
한국회계기준원,정의함,LOGICAL,사단법인 한국회계기준원,제7조제1항,0.95,정의|사단법인,2026-04-30
회계감사 적용면제,정의함,LOGICAL,법,제117조,0.95,회계감사 적용면제|법,2026-04-30
대통령령으로 정하는 경우,정의함,LOGICAL,다음 각 호의 어느 하나에 해당 하는 경우,제114조제3항,0.95,대통령령으로 정하는 경우|정의,2026-04-30
대통령령으로 정하는 경우,포함함,LOGICAL,특정금전신탁,제114조제3항,0.9,특정금전신탁|포함,2026-04-30
대통령령으로 정하는 경우,포함함,LOGICAL,이익의 보장을 하는 금전신탁,제114조제3항,0.9,이익의 보장을 하는 금전신탁|포함,2026-04-30
손실만을 보전하는 금전신탁,예외로함,LOGICAL,대통령령으로 정하는 경우,제114조제3항,0.9,손실만을 보전하는 금전신탁|예외,2026-04-30
대통령령으로 정하는 경우,포함함,LOGICAL,회계감사 기준일 현재 수탁원본이 300억원 미만인 금전신탁,제114조제3항,0.9,회계감사 기준일 현재 수탁원본이 300억원 미만인 금전신탁|포함,2026-04-30
신탁인,정의함,LOGICAL,재산의 신탁인,제103조제1항제2호부터 제7호까지,0.95,신탁인|재산,2026-04-30
손해배상책임,정의함,LOGICAL,회계감사인,제118조의2,0.9,손해배상책임|회계감사인,2026-04-30
회계감사인과 신탁업자,예외로함,LOGICAL,손해배상 청구일이 속하는 달의 직전 12개월간 소득인정액 합산금액이 1억5천만원 이하인 경우,제115조제3항,0.95,연대배상 책임|소득인정액 합산금액|조건부,2026-04-30
제118조의2,상위조항,STRUCTURE,제118조,제118조의2,0.95,제118조의2|제118조,2026-04-30
손해배상책임,정의함,LOGICAL,손해배상책임,제118조의2,0.85,손해배상책임,2026-04-30
제118조의3,이동,ACTION,제118조의3,제118조의3,0.9,이동,2026-04-30
관리형신탁,정의함,LOGICAL,신탁업자,제118조의3,0.4,특례,2026-04-30
과실인 금전,정의함,LOGICAL,금전채권에서 발생한 금전,제117조의2제1항,0.9,과실인 금전|정의,2026-04-30
과실인 금전,운용하여야 한다,ACTION,방법,제117조의2제1항,0.95,과실인 금전|운용|방법,2026-04-30
금융기관,요구함,ACTION,"국채증권, 지방채증권 또는 특수채증권의 예치",제106조제2항,0.95,예치|국채증권|지방채증권|특수채증권,2026-04-30
금융위원회,정하고 고시한다,ACTION,운용방법의 세부사항,제106조제2항,0.95,신탁재산|운용방법의 세부사항,2026-04-30
금융위원회,정하고 고시한다,ACTION,신탁재산의 제한에 필요한 사항,제106조제2항,0.95,신탁재산|제한에 필요한 사항,2026-04-30
온라인소액투자중개업자,정의함,LOGICAL,제5장 온라인소액투자중개업자 등에 대한 특례,제118조의2,0.95,정의|특례,2026-04-30
등록요건,정의함,LOGICAL,법,제118조의4,0.8,등록요건|법,2026-04-30
대통령령으로 정하는 금액,정의함,LOGICAL,5억원,제117조의4제2항제2호,0.99,정의|금액,2026-04-30
사업계획,요구함,ACTION,사업계획 요건,제117조의4제2항제3호,0.95,사업계획 요건,2026-04-30
사업계획 요건,정의함,LOGICAL,위험관리와 금융사고 예방 등을 위한 적절한 내부통제장치가 마련되어 있을 것,제117조의4제2항제3호,0.95,위험관리|내부통제장치,2026-04-30
사업계획 요건,정의함,LOGICAL,투자자 보호에 적절한 업무방법을 갖출 것,제117조의4제2항제3호,0.95,투자자 보호|업무방법,2026-04-30
사업계획 요건,정의함,LOGICAL,법령을 위반하지 아니하고 건전한 금융거래질서를 해칠 염려가 없을 것,제117조의4제2항제3호,0.95,법령 위반 방지|건전한 금융거래질서,2026-04-30
"인력과 전산설비, 그 밖의 물적 설비",요구함,ACTION,요건,제117조의4제2항제4호,0.95,인력과 전산설비|물적 설비|요건,2026-04-30
대주주,참조함,STRUCTURE,제12조제2항제6호가목,제12조제2항제6호가목,0.9,대주주 정의 참조,2026-04-30
제118조의16제1항제2호,정의함,LOGICAL,라목,제118조의16제1항제2호,0.3,라목,2026-04-30
금융위원회,완화,ACTION,요건,제118조,0.95,요건 완화|금융위원회|요건,2026-04-30
금융투자업인가를 받은 자,요구함,ACTION,온라인소액투자중개업자 등록,제12조,0.95,금융투자업인가|온라인소액투자중개업자 등록,2026-04-30
온라인소액투자중개업자,요구함,ACTION,온라인소액투자중개업자 등록,제8조제9항,0.9,등록|온라인소액투자중개업자,2026-04-30
온라인소액투자중개업자,요구함,ACTION,다른 회사와 합병·분할,제8조제9항,0.8,합병·분할|온라인소액투자중개업자,2026-04-30
온라인소액투자중개업자,근거함,STRUCTURE,법,제8조제9항,0.9,법|근거,2026-04-30
경영건전성기준,정의함,LOGICAL,건전한 재무상태와 법령 위반사실이 없는 등 대통령령으로 정하는 건전한 사회적 신용,제117조의4제2항제7호,0.95,경영건전성기준|건전한 재무상태|법령 위반사실이 없는|건전한 사회적 신용,2026-04-30
사항,정의함,LOGICAL,제16조제8항에 따른 사항,제16조제8항,0.95,정의|제16조제8항에 따른 사항,2026-04-30
이해상충방지체계,정의함,LOGICAL,제117조의4제2항제8호에 따른 이해상충을 방지하기 위한 체계,Unknown,0.95,이해상충방지체계|제117조의4제2항제8호에 따른 이해상충을 방지하기 위한 체계,2026-04-30
이해상충방지체계,요구함,ACTION,다음 각 호의 기준,Unknown,0.9,이해상충방지체계|다음 각 호의 기준,2026-04-30
내부통제기준,정의함,LOGICAL,갖추다,제44조,0.9,내부통제기준|갖추다,2026-04-30
내부통제기준,준용함,STRUCTURE,제44조,제44조,0.95,제44조|내부통제기준,2026-04-30
정보의 교류 차단 체계,갖추어야 함,ACTION,정보의 교류 차단,Unknown,0.9,제45조제1항 및 제2항에 따라|정보의 교류 차단 체계,2026-04-30
등록요건에 관한 구체적인 기준,정하여 고시함,ACTION,금융위원회,Unknown,0.9,제2항부터 제6항까지의 규정에 따른 등록요건|금융위원회,2026-04-30
제45조제1항 및 제2항,참조함,STRUCTURE,정보의 교류 차단 체계,Unknown,0.8,제45조제1항 및 제2항에 따라,2026-04-30
제118조의5,상위조항,STRUCTURE,제118조,제118조의5,0.9,제118조의5|제118조,2026-04-30
등록신청서,기재하여야 한다,ACTION,상호,제117조의4제3항,0.95,등록신청서 기재사항|등록신청서,2026-04-30
등록신청서,기재하여야 한다,ACTION,본점의 소재지,제117조의4제3항,0.95,등록신청서 기재사항|등록신청서,2026-04-30
등록신청서,기재하여야 한다,ACTION,임원에 관한 사항,제117조의4제3항,0.95,등록신청서 기재사항|등록신청서,2026-04-30
등록신청서,기재하여야 한다,ACTION,사업계획서,제117조의4제3항,0.95,등록신청서 기재사항|등록신청서,2026-04-30
등록신청서,기재하여야 한다,ACTION,자기자본 등 재무에 관한 사항,제117조의4제3항,0.95,등록신청서 기재사항|등록신청서,2026-04-30
등록신청서,기재하여야 한다,ACTION,인력과 전산설비 등의 물적 설비에 관한 사항,제117조의4제3항,0.95,등록신청서 기재사항|등록신청서,2026-04-30
등록신청서,기재하여야 한다,ACTION,대주주나 외국 온라인소액투자중개업자에 관한 사항,제117조의4제3항,0.95,등록신청서 기재사항|등록신청서,2026-04-30
등록신청서,기재하여야 한다,ACTION,이해상충방지체계에 관한 사항,제117조의4제3항,0.95,등록신청서 기재사항|등록신청서,2026-04-30
등록신청서,기재하여야 한다,ACTION,그 밖에 등록의 검토에 필요한 사항으로서 금융위원회가 정하여 고시하는 사항,제117조의4제3항,0.95,등록신청서 기재사항|등록신청서,2026-04-30
등록자,제출,ACTION,등록신청서 첨부 서류,제117조의4제1항,0.95,등록자|제출|등록신청서 첨부 서류,2026-04-30
등록신청서 첨부 서류,정의함,LOGICAL,"정관, 본점 위치 서류, 임원 이력서, 업무방법 서류, 재무제표, 인력·설비 서류, 대주주 서류, 대주주나 외국 온라인소액투자중개업자 서류",제117조의4제1항,0.9,등록신청서 첨부 서류|정의함,2026-04-30
서류 9,확인가능함,ACTION,제117조의4제2항제6호의 요건,제117조의4제2항제6호,0.9,요건을 갖추었음을 확인할 수 있는 서류,2026-04-30
서류 10,확인가능함,ACTION,이해상충방지체계,제117조의4제2항제6호,0.9,이해상충방지체계를 갖추었는지를 확인할 수 있는 서류,2026-04-30
금융위원회,수신받은,ACTION,등록신청서,제117조의4제2항제6호,0.85,제2항에 따라|등록신청서,2026-04-30
법제처 81,참조함,STRUCTURE,자본시장과 금융투자업에 관한 법률 시행령,제117조의4제2항제6호,0.7,법제처 81|자본시장과 금융투자업에 관한 법률 시행령,2026-04-30
금융위원회,확인함,ACTION,신청내용,제36조,0.95,신청내용 확인|온라인소액투자중개업자 등록,2026-04-30
금융위원회,확인함,ACTION,신청내용의 사실 여부,제36조,0.9,신청내용 사실 여부 확인,2026-04-30
금융위원회,근거함,STRUCTURE,제36조제1항,제36조,0.9,제36조제1항 근거,2026-04-30
금융위원회,근거함,STRUCTURE,제36조제2항,제36조,0.9,제36조제2항 근거,2026-04-30
신청내용 확인,정의함,LOGICAL,금융위원회가 신청내용을 확인하는 행위,제36조,0.8,신청내용 확인 정의,2026-04-30
등록요건,검토함,ACTION,등록요건 충족 여부,제117조의4제2항,0.95,검토|등록요건 충족 여부,2026-04-30
"온라인소액투자중개업자 등록의 신청과 검토, 등록신청서의 서식과 작성방법 등에 관하여 필요한 사항",정하여 고시한다,ACTION,금융위원회,제117조의4제2항,0.95,정하여 고시|필요한 사항|금융위원회,2026-04-30
등록유지요건의 완화,정의함,LOGICAL,제118조의6,제118조의6,0.9,등록유지요건의 완화|법,2026-04-30
완화된 요건,정의함,LOGICAL,다음 각 호의 구 분에 따른 요건,제117조의4제8항,0.95,정의함|완화된 요건,2026-04-30
완화된 요건,근거함,STRUCTURE,대통령령,제117조의4제8항,0.9,대통령령으로 정하는,2026-04-30
제117조의4제2항제2호,상위조항,STRUCTURE,제117조의4제2항,제117조의4제2항제2호,0.85,제117조의4제2항제2호|제117조의4제2항,2026-04-30
온라인소액투자중개업자,요구함,ACTION,최저자기자본의 70% 이상,제118조의4제1항,0.95,최저자기자본 유지요건|70% 이상,2026-04-30
온라인소액투자중개업자,예외로함,LOGICAL,6개월 이내 유지요건 적합,제118조의4제1항,0.9,유지요건 미달|6개월 이내 예외,2026-04-30
벌금형 이상에 상당하는 형사처벌을 받은 사실,정의함,LOGICAL,5억원의 벌금형 이상에 상당하는 형사처벌을 받은 사실,제117조의4제2항제6호,0.9,벌금형 이상에 상당하는 형사처벌을 받은 사실|5억원의 벌금형 이상에 상당하는 형사처벌을 받은 사실,2026-04-30
외국 온라인소액투자중개업자,유지할 것,ACTION,요건,제117조의4제2항제6호,0.95,외국 온라인소액투자중개업자|요건|유지,2026-04-30
최대주주,정의함,LOGICAL,외국 온라인소액투자중개업자,제117조의4제2항제6호,0.95,최대주주|외국 온라인소액투자중개업자|정의,2026-04-30
명칭의 제한,정의함,LOGICAL,제118조의7,제118조의7,0.7,명칭의 제한|제118조의7,2026-04-30
대통령령으로 정하는 문자,정의함,LOGICAL,financial investment(그 한글표기문자 포함) 또는 그와 비슷한 의미를 가지는 다른 외국어문자(그 한글표기문자 포함),제117조의5제1항,0.95,정의|대통령령|문자,2026-04-30
내부통제기준,정의함,LOGICAL,법,제118조의8,0.9,내부통제기준|법,2026-04-30
내부통제기준,요구함,ACTION,업무의 분장과 조직구조에 관한 사항,제117조의6제2항,0.95,내부통제기준|포함,2026-04-30
내부통제기준,요구함,ACTION,고유재산운용업무(외관상의 명의에 관계없이 자기의 계산으로 금융투자상품을 매매하거나 소유하는 업무로서 투자매매업이나 기업금융업무가 아닌 업무를 말한다)를 하는 과정에서 발생하는 위험의 관리지침에 관한 사항,제117조의6제2항,0.95,내부통제기준|포함,2026-04-30
내부통제기준,요구함,ACTION,임직원이 업무를 할 때 준수하여야 하는 절차에 관한 사항,제117조의6제2항,0.95,내부통제기준|포함,2026-04-30
내부통제기준,요구함,ACTION,경영의사결정에 필요한 정보가 효율적으로 전달될 수 있는 체제의 구축에 관한 사항,제117조의6제2항,0.95,내부통제기준|포함,2026-04-30
내부통제기준,요구함,ACTION,임직원의 내부통제기준 준수 여부를 확인하는 절차ㆍ방법과 내부통제기준을 위반한 임직원의 처리에 관한 사항,제117조의6제2항,0.95,내부통제기준|포함,2026-04-30
내부통제기준,요구함,ACTION,임직원의 금융투자상품 매매에 관련한 보고 등 법에 따른 불공정행위를 방지하기 위한 절차나 기준에 관한 사항,제117조의6제2항,0.95,내부통제기준|포함,2026-04-30
내부통제기준,요구함,ACTION,내부통제기준의 제정이나 변경 절차에 관한 사항,제117조의6제2항,0.95,내부통제기준|포함,2026-04-30
내부통제기준,요구함,ACTION,이해상충의 파악ㆍ평가와 관리에 관한 사항,제117조의6제2항,0.95,내부통제기준|포함,2026-04-30
내부통제기준,요구함,ACTION,그 밖에 내부통제기준에 관하여 필요한 사항으로서 금융위원회가 정하여 고시하는 사항,제117조의6제2항,0.95,내부통제기준|포함,2026-04-30
온라인소액투자중개업자,승인을요구함,ACTION,이사회의 결의,제117조의6제2항,0.95,온라인소액투자중개업자|이사회 결의,2026-04-30
금융위원회,권고할 수 있다,ACTION,내부통제기준의 변경,제117조의6제2항,0.95,금융위원회|내부통제기준 변경,2026-04-30
금융위원회,고시한다,ACTION,내부통제기준에 관한 구체적인 기준,제117조의6제2항,0.95,금융위원회|내부통제기준 구체적 기준,2026-04-30
증권의 청약,정의함,LOGICAL,법,제118조의9,0.9,정의|법,2026-04-30
투자자의 서명 등 대통령령으로 정하는 방법,정의함,LOGICAL,투자자로부터 서명(전자서명법),제117조의7제4항,0.95,정의함|대통령령으로 정하는 방법,2026-04-30
금융기관,요구함,ACTION,전자서명,제2조제2호,0.9,전자서명|금융기관,2026-04-30
증권의 청약,정의함,LOGICAL,새로 발행되는 증권의 취득에 관한 청약,제117조의7제6항,0.95,증권 청약|새로 발행되는 증권의 취득에 관한 청약,2026-04-30
증권의 청약,참조함,STRUCTURE,제117조의7제6항,제117조의7제6항,0.9,제117조의7제6항에 따른,2026-04-30
그 밖의 영업행위의 규제 등에 관한 사항,정의함,STRUCTURE,법,제118조의10,0.8,그 밖의 영업행위의 규제 등에 관한 사항|법,2026-04-30
정당한 사유,정의함,LOGICAL,투자자가 증권의 취득에 관한 청약의 권유를 받지 아니하고 그 청약의 의사를 표시하는 경우,제117조의7제7항,0.95,정의|사유,2026-04-30
정당한 사유,참조함,STRUCTURE,제117조의7제7항,제117조의7제7항,0.9,참조,2026-04-30
온라인소액증권발행인,요청함,ACTION,금융위원회,제117조의7제5항,0.85,온라인소액증권발행인|요청|금융위원회,2026-04-30
증권의 청약 및 발행,정한다,ACTION,내역,제117조의7제8항,0.95,증권의 청약 및 발행|내역,2026-04-30
청약증거금,정의함,LOGICAL,제118조의11제1항에 따른 청약증거금,제118조의11제1항,0.95,청약증거금 정의,2026-04-30
청약증거금,참조함,STRUCTURE,제118조의11제1항,제118조의11제1항,0.92,제118조의11제1항 참조,2026-04-30
온라인소액증권발행인,배정,ACTION,증권,제117조의10제3항,0.95,증권 배정,2026-04-30
온라인소액증권발행인,요구함,ACTION,증권 대금(실제 납입),제117조의10제3항,0.9,대금 납입|실제 납입,2026-04-30
온라인소액투자중개업자,요구함,ACTION,청약증거금 반환,제117조의10제3항,0.9,청약증거금 반환,2026-04-30
온라인소액증권발행인,추정함,LOGICAL,비율 곱한 금액 이상 여부,제117조의10제3항,0.85,비율 곱|금액 이상,2026-04-30
청약증거금 관리기관,정의함,LOGICAL,법인,제118조의11,0.9,청약증거금 관리기관|법인,2026-04-30
청약증거금,정의함,LOGICAL,금전,제117조의8제2항,0.95,청약증거금 정의|금전,2026-04-30
청약증거금,참조함,STRUCTURE,제117조의8제2항,제117조의8제2항,0.9,청약증거금|제117조의8제2항 참조,2026-04-30
은행,정하는,LOGICAL,대통령령으로 정하는 은행,제117조의8제2항,0.95,은행|대통령령으로 정하는 은행,2026-04-30
청약증거금,예외로함,LOGICAL,예외적인 양도 등의 사유,제118조의12,0.9,청약증거금|예외적인 양도 등의 사유,2026-04-30
은행 또는 증권금융회사,정의함,LOGICAL,제117조의8제2항에 따른 은행 또는 증권금융회사,Unknown,0.85,정의|제117조의8제2항,2026-04-30
온라인소액투자중개업자,양도함,ACTION,청약증거금,Unknown,0.75,양도|온라인소액투자중개업자|청약증거금,2026-04-30
금융위원회,정하여 고시함,ACTION,그 밖에 투자자의 보호를 해칠 염려가 없는 경우,Unknown,0.65,금융위원회|고시|투자자 보호,2026-04-30
청약증거금의 우선 지급,정의함,LOGICAL,법,제118조의13,0.85,청약증거금의 우선 지급|법,2026-04-30
"등록취소, 해산결의 등 대통령령으로 정하는 사유",정의함,LOGICAL,온라인소액투자중개업자 등록이 취소된 경우,제117조의8제5항,0.99,등록취소|해산결의|대통령령으로 정하는 사유,2026-04-30
"등록취소, 해산결의 등 대통령령으로 정하는 사유",정의함,LOGICAL,온라인소액투자중개업자가 해산의 결의를 한 경우,제117조의8제5항,0.99,등록취소|해산결의|대통령령으로 정하는 사유,2026-04-30
"등록취소, 해산결의 등 대통령령으로 정하는 사유",정의함,LOGICAL,온라인소액투자중개업자가 법원으로부터 파산선고를 받은 경우,제117조의8제5항,0.99,등록취소|해산결의|대통령령으로 정하는 사유,2026-04-30
"등록취소, 해산결의 등 대통령령으로 정하는 사유",정의함,LOGICAL,온라인소액투자중개업의 폐지가 승인된 경우,제117조의8제5항,0.99,등록취소|해산결의|대통령령으로 정하는 사유,2026-04-30
"등록취소, 해산결의 등 대통령령으로 정하는 사유",정의함,LOGICAL,온라인소액투자중개업의 정지명령을 받은 경우,제117조의8제5항,0.99,등록취소|해산결의|대통령령으로 정하는 사유,2026-04-30
"등록취소, 해산결의 등 대통령령으로 정하는 사유",정의함,LOGICAL,그 밖에 제1호부터 제5호까지의 규정에 따른 사유에 준하는 사유가 발생한 경우,제117조의8제5항,0.99,등록취소|해산결의|대통령령으로 정하는 사유,2026-04-30
온라인소액투자중개업자,요구함,ACTION,지체 없이 청약증거금의 우선 지급,제117조의8제5항,0.95,청약증거금|우선 지급|지체 없이,2026-04-30
중앙기록관리기관,정의함,LOGICAL,제117조의13의 중앙기록관리기관,제117조의13,0.95,정의|중앙기록관리기관,2026-04-30
예치ㆍ신탁된 청약증거금의 관리,정의함,LOGICAL,법,제118조의14,0.85,예치ㆍ신탁된 청약증거금의 관리|법,2026-04-30
청약증거금 관리기관,요구함,ACTION,청약증거금,제117조의8제6항,0.95,청약증거금 관리|신의에 따라 성실하게 관리,2026-04-30
청약증거금 관리기관,참조함,STRUCTURE,제117조의8제6항,제117조의8제6항,0.9,제117조의8제6항,2026-04-30
발행,예외로함,LOGICAL,청약증거금,제117조의10제3항,0.9,발행|청약증거금|제117조의10제3항,2026-04-30
제117조의10제3항,참조함,STRUCTURE,제1항의 청약증거금,제117조의10제3항,0.95,제117조의10제3항|제1항의 청약증거금,2026-04-30
온라인소액증권발행인,통보함,ACTION,청약증거금 관리기관,제118조의10제2항제2호나목,0.95,통보|실제 납입될 증권 대금,2026-04-30
청약증거금 관리기관,지급함,ACTION,온라인소액증권발행인,제118조의10제2항제2호나목,0.95,지급|지체 없이,2026-04-30
온라인소액투자중개업자,통보함,ACTION,청약증거금 관리기관,제118조의10제2항제2호나목,0.9,통보|반환할 금액,2026-04-30
청약증거금 관리기관,반환함,ACTION,투자자,제118조의10제2항제2호나목,0.9,반환|지체 없이,2026-04-30
발행이 취소된 경우,정의함,LOGICAL,2. 법,제117조의10제3항,0.95,발행이 취소된 경우|정의,2026-04-30
발행이 취소된 경우,참조함,STRUCTURE,제117조의10제3항,제117조의10제3항,0.9,발행이 취소된 경우|참조,2026-04-30
투자자,요구함,ACTION,청약증거금,제117조의10제8항,0.9,투자자|청약증거금|전단에 따라|청약의 의사 철회|증권의 청약기간 종료,2026-04-30
청약증거금 관리기관,요청,ACTION,중앙기록관리기관,제118조의10제2항제2호나목,0.95,청약증거금 관리기관|중앙기록관리기관|자료 제공 요청,2026-04-30
청약증거금 관리기관,참조함,STRUCTURE,제118조의10제2항제2호나목,제118조의10제2항제2호나목,0.9,청약증거금 관리기관|제118조의10제2항제2호나목,2026-04-30
금융위원회,정하여 고시한다,ACTION,세 부 사항,제117조의8제5항,0.95,청약증거금|예치 또는 신탁된 청약증거금,2026-04-30
법,정의함,LOGICAL,증권 발행한도,제118조의15,0.95,온라인소액투자중개를 통한 모집 시|증권 발행한도,2026-04-30
증권 모집 금액 제한,정의함,LOGICAL,대통령령으로 정하는 금액 이하의 증권을 모집하는 경우,제117조의10제1항,0.95,증권 모집 금액 제한|대통령령 금액 이하|온라인소액투자중개|30억원 이하|15억원 이하,2026-04-30
청약의 권유,요구함,ACTION,합산액이 30억원 이하,11-1,0.85,합산|30억원 이하|청약의 권유,2026-04-30
채무증권의 합계액,요구함,ACTION,합계액이 15억원 이하,11-1,0.8,채무증권|15억원 이하|합산,2026-04-30
자,체결,ACTION,예탁·보호예수 계약,제118조의17제2항,0.95,예탁·보호예수 계약|예탁·보호예수,2026-04-30
자,금지함,ACTION,인출 및 매도,제118조의17제2항,0.9,인출 금지|매도 금지,2026-04-30
계약,내용을 포함함,STRUCTURE,예탁·보호예수 및 인출·매도 금지,제118조의17제2항,0.85,예탁·보호예수|인출·매도 금지,2026-04-30
온라인소액투자중개업자,요구함,ACTION,온라인소액투자중개업자의 인터넷 홈페이지에 다음 각 호에 해당하는 사항을 게재,제117조의10제2항,0.95,온라인소액투자중개업자|인터넷 홈페이지|제117조의10제2항,2026-04-30
온라인소액투자중개업자,참조함,STRUCTURE,제117조의10제2항,제117조의10제2항,0.9,온라인소액투자중개업자|제117조의10제2항,2026-04-30
온라인소액증권발행인의 대표이사,확인,ACTION,서류의 중요사항이 적정하게 기재되었다는 사실,제117조의10제1항,0.95,확인|서류의 중요사항,2026-04-30
공인회계사,확인 및 의견표시,ACTION,서류의 중요사항이 적정하게 기재되었다는 사실,제117조의10제1항,0.9,확인|의견표시|서류의 중요사항,2026-04-30
회계감사인,감사의견,ACTION,서류의 중요사항이 적정하게 기재되었다는 사실,제117조의10제1항,0.9,감사의견|서류의 중요사항,2026-04-30
대주주,정의함,LOGICAL,제23조제1항의 대주주,제23조제1항,0.95,대주주 정의,2026-04-30
감사보고서,정의함,LOGICAL,회계감사인의 감사보고서,제118조의18제3항제1호,0.95,감사보고서|회계감사인,2026-04-30
회계감사인,작성함,ACTION,감사보고서,제118조의18제3항제1호,0.8,감사보고서|회계감사인,2026-04-30
온라인소액투자중개업자,요구함,ACTION,인터넷 홈페이지에 게재,제118조의15제1항,0.95,제1항에 따라 게재를 하여야 하는 경우|온라인소액투자중개업자와의 채무관계 등 이해관계에 관한 사항,2026-04-30
온라인소액투자중개업자,허용함,ACTION,제1항에 따른 게재를 갈음할 수 있는 게재,제118조의15제1항,0.9,이미 게재된 것과 같은 부분이 있는 때|제1항의 게재를 갈음할 수 있다,2026-04-30
대통령령으로 정하는 조치,정의함,LOGICAL,다음 각 호의 조치,제117조의10제2항,0.95,대통령령으로 정하는 조치|정의,2026-04-30
온라인소액투자중개업자,요구함,ACTION,서류,제137조제1항제5호,0.95,서류 게재|온라인소액투자중개업자,2026-04-30
온라인소액투자중개업자,예외로함,LOGICAL,서류 게재,제137조제1항제5호,0.9,법인|서류 게재,2026-04-30
사업보고서 제출대상법인,정의함,LOGICAL,법인,제159조제1항,0.9,사업보고서 제출대상법인|제159조제1항,2026-04-30
대통령령으로 정하는 비율,정의함,LOGICAL,100분의 80,제117조의10제3항,0.95,정의|비율,2026-04-30
온라 인소액투자중개업자,정정,ACTION,내용,제117조의10제4항,0.95,정정|내용,2026-04-30
온라 인소액투자중개업자,게재,ACTION,정정 사실,제117조의10제4항,0.95,정정 사실|인터넷 홈페이지,2026-04-30
변경된 사항,간주함,LOGICAL,사업연도,제130조제1항제1호,0.8,변경된 사항|사업연도,2026-04-30
금융위원회,정하여 고시하는,ACTION,그 밖에 투자자의 투자판단에 영향을 미칠 수 있는 사항,제130조제2항제3호,0.95,정하여 고시하는|투자판단에 영향을 미칠 수 있는 사항,2026-04-30
제130조제2항제3호나목부터 아목까지의 규정 중 어느 하나에 해당하는 사실,발생한 경우,LOGICAL,금융위원회가 정하여 고시하는 경우,제130조제2항제3호,0.9,사실 발생|정하여 고시하는,2026-04-30
투자자 보호,정의함,LOGICAL,투자자의 투자한도 등,제118조의17,0.7,투자자 보호|투자자의 투자한도,2026-04-30
투자자 보호,정의함,LOGICAL,행위 제한 등,제118조의17,0.7,투자자 보호|행위 제한,2026-04-30
대통령령으로 정하는 기간,정의함,LOGICAL,1년,제117조의10제5항,0.99,정의|기간,2026-04-30
전문투자자 등 대통령령으로 정하는 자,정의함,LOGICAL,다음 각 호의 어느 하나에 해당하는 자(이에 준하는 외국인을 포함한다),제117조의10제6항,0.97,정의|전문투자자 등 대통령령으로 정하는 자,2026-04-30
자,정의함,LOGICAL,제11조제2항제1호부터 제4호까지의 규정에 해당하는 자,제11조제2항제1호부터 제4호까지,0.95,자|정의,2026-04-30
자,정의함,LOGICAL,창업기업이나 벤처기업에 투자한 실적을 보유하고 있는 자로서 금융위원회가 정하여 고시하는 금액 이상을 투자한 자,제11조제2항제1호부터 제4호까지,0.95,자|정의,2026-04-30
자,정의함,LOGICAL,그 밖에 창업기업ㆍ벤처기업 등에 대한 투자의 전문성 등을 고려하여 금융위원회가 정하여 고시하는 자,제11조제2항제1호부터 제4호까지,0.95,자|정의,2026-04-30
소득 등 대통령령으로 정하는 요건을 갖춘 자,정의함,LOGICAL,다음 각 호의 구분에 따른 자,제117조의10제6항제1호,0.95,정의|소득 등 대통령령으로 정하는 요건을 갖춘 자,2026-04-30
소득 등 대통령령으로 정하는 요건을 갖춘 자,참조함,STRUCTURE,소득세법,제117조의10제6항제1호,0.9,소득세법|정의,2026-04-30
법,정의함,LOGICAL,이자소득 및 배당소득의 합계액이 같다,제4조제1호가목 및 나목,0.95,이자소득|배당소득|합계액|같다,2026-04-30
이자소득등의 종합과세기준금액 초과 및 직전 과세기간의 사업소득금액,정의함,LOGICAL,이자소득등의 종합과세기준금액 초과 및 직전 과세기간의 사업소득금액,제14조제3항제6호,0.95,정의,2026-04-30
이자소득등의 종합과세기준금액 초과 및 직전 과세기간의 사업소득금액,준용함,STRUCTURE,소득세법,제14조제3항제6호,0.85,소득세법|준용,2026-04-30
사업소득금액,정의함,LOGICAL,제19조제2항에 따른 사업소득금액,제19조제2항,0.95,사업소득금액 정의|제19조제2항,2026-04-30
투자자격,정의함,LOGICAL,근로소득금액 합계액이 1억원을 초과하는 사람,제20조제2항,0.95,근로소득금액|합계액|1억원,2026-04-30
투자자격,정의함,LOGICAL,최근 2년간 온라인소액투자중개(증권의 사모에 관한 중개는 제외한다)를 통하여 5회 이상 투자한 사람으로서 누적 투자금액이 1천5백만원 이상인 사람,제20조제2항,0.95,온라인소액투자중개|투자회수|누적투자금액|1천5백만원,2026-04-30
투자자격,정의함,LOGICAL,금융위원회가 정하여 고시하는 창업기업·벤처기업 등에 대한 투자의 전문성 등을 고려한 사람,제20조제2항,0.95,금융위원회|고시|창업기업|벤처기업|투자전문성,2026-04-30
투자자격,정의함,LOGICAL,법인인 경우 최근 사업연도말 현재 자기자본이 10억원을 초과하는 법인,제20조제2항,0.95,법인|자기자본|10억원|사업연도말,2026-04-30
온라인소액투자중개,예외로함,LOGICAL,증권의 사모에 관한 중개,제20조제2항,0.9,온라인소액투자중개|증권의 사모|중개,2026-04-30
대통령령으로 정하는 금액,정의함,LOGICAL,각각 다음 각 호의 구분에 따른 금액,제117조의10제6항제1호,0.99,정의함|대통령령으로 정하는 금액,2026-04-30
1천만원,정의함,LOGICAL,제117조의10제6항제1호가목,제117조의10제6항제1호가목,0.9,금액|한도,2026-04-30
2천만원,정의함,LOGICAL,금액,제117조의10제6항제1호나목,0.9,정의함|금액,2026-04-30
제117조의10제6항제2호가목,정의함,LOGICAL,5백만원,제117조의10제6항제2호가목,0.9,금액|정의,2026-04-30
1천만원,정의함,LOGICAL,제117조의10제6항제2호나목,제117조의10제6항제2호나목,0.9,penalty amount|legal reference,2026-04-30
대통령령으로 정하는 자,정의함,LOGICAL,제2항 각 호의 어느 하나에 해당하는 자,제117조의10제7항제2호,0.9,대통령령으로 정하는 자|제2항 각 호의 어느 하나에 해당하는 자,2026-04-30
제2항 각 호의 어느 하나에 해당하는 자,예외로함,LOGICAL,전문투자자,제117조의10제7항제2호,0.85,제2항 각 호의 어느 하나에 해당하는 자|전문투자자,2026-04-30
대통령령으로 정하는 자,정의함,LOGICAL,해당 증권의 온라인소액증권발행인의 대주주,제117조의10제7항제2호,0.9,대통령령으로 정하는 자|해당 증권의 온라인소액증권발행인의 대주주,2026-04-30
해당 증권의 온라인소액증권발행인의 대주주,예외로함,LOGICAL,제2항 각 호의 어느 하나에 해당하는 자,제117조의10제7항제2호,0.85,해당 증권의 온라인소액증권발행인의 대주주|제2항 각 호의 어느 하나에 해당하는 자,2026-04-30
대통령령으로 정하는 자,정의함,LOGICAL,해당 증권의 온라인소액증권발행인(해당 증권이 주권인 경우로 한정한다),제117조의10제7항제2호,0.9,대통령령으로 정하는 자|해당 증권의 온라인소액증권발행인,2026-04-30
대통령령으로 정하는 자,정의함,LOGICAL,그 증권을 매수하려는 자,제117조의10제7항제2호,0.9,대통령령으로 정하는 자|그 증권을 매수하려는 자,2026-04-30
시장,개설ㆍ운영,ACTION,증권시장에 상장되지 아니한 주권의 장외매매거래,제286조제1항제5호,0.95,장외매매거래 시장|증권시장에 상장되지 아니한 주권,2026-04-30
금융위원회가 정하여 고시하는 자,정의함,LOGICAL,투자자,제286조제1항제5호,0.9,금융위원회가 정하여 고시하는 자|투자자,2026-04-30
다른 투자자로부터 증권을 매수한 자,금지함,ACTION,그 증권을 매도,제117조의10제7항,0.95,매도 금지|6개월 제한|예탁결제원 예탁/보호예수,2026-04-30
다른 투자자로부터 증권을 매수한 자,금지함,ACTION,그 증권을 양도,제117조의10제7항,0.95,양도 금지|6개월 제한|예탁결제원 예탁/보호예수,2026-04-30
해당 자,허용함,ACTION,증권 매도,제117조의10제7항,0.95,증권 매도|매도할 수 있다,2026-04-30
해당 자,허용함,ACTION,증권,제117조의10제7항,0.9,그 증권|매도할 수 있다,2026-04-30
게재 내용의 사실 확인,정의함,LOGICAL,법,제118조의18,0.8,게재 내용의 사실 확인|법,2026-04-30
대통령령으로 정하는 항목,정의함,LOGICAL,온라인소액증권발행인이 하는 사업의 목적 및 내용,제117조의11제1항제2호,0.95,대통령령으로 정하는 항목|정의,2026-04-30
대통령령으로 정하는 항목,정의함,LOGICAL,그 밖에 금융위원회가 정하여 고시하는 사항,제117조의11제1항제2호,0.95,대통령령으로 정하는 항목|정의,2026-04-30
대통령령으로 정하는 항목,정의함,LOGICAL,다음 각 호의 항목,제117조의11제1항제4호,0.95,정의함|대통령령으로 정하는 항목,2026-04-30
사업계획 적합성,정의함,LOGICAL,사업계획에 적합한지 여부,제118조의16제1항제2호나목,0.9,사업계획 적합성|사업계획에 적합한지 여부,2026-04-30
부족분 조달 세부계획,수립되었는지 여부,ACTION,수립 여부,제117조의10제3항,0.9,부족분 조달 세부계획|수립,2026-04-30
금융위원회,정하여 고시함,ACTION,부족분 조달 세부계획 수립 여부에 관한 사항,제117조의10제3항,0.85,금융위원회|정하여 고시,2026-04-30
대통령령으로 정하는 사항,정의함,LOGICAL,온라인소액증권발행인과 그 대주주 및 임원의 범죄경력에 관한 사항,제117조의11제1항제5호,0.95,정의|대통령령|범죄경력,2026-04-30
대통령령으로 정하는 사항,정의함,LOGICAL,증권을 모집하기 전까지 온라인소액증권발행인과 그 대주주 및 임원이 그 업무와 관련된 소송의 당사자가 된 경 우 그에 관한 사항,제117조의11제1항제5호,0.95,정의|소송|업무관련,2026-04-30
온라인소액투자중개업자,요구함,ACTION,정관,제117조의10제2항,0.9,정관|조직운영|투자자권리,2026-04-30
온라인소액투자중개업자,요구함,ACTION,주주총회 의사록,제117조의10제2항,0.9,주주총회 의사록|증권발행결의,2026-04-30
온라인소액투자중개업자,요구함,ACTION,법인 등기사항증명서,제117조의10제2항,0.9,법인 등기사항증명서|법인설립증명,2026-04-30
신용정보의 이용 및 보호에 관한 법률,요구함,ACTION,기술평가,제28조제1항제6호,0.95,기술평가|법률,2026-04-30
온라인소액증권발행인,게재,ACTION,언론매체의 보도내용,제2조제1호의6사목,0.95,신뢰성|게재,2026-04-30
신뢰성을 확인할 수 있는 사항,정의함,LOGICAL,금융위원회가 정하여 고시하는 사항,제2조제1호의6사목,0.9,신뢰성|정의,2026-04-30
온라인소액증권발행인,진위 여부에 관한 사항,LOGICAL,언론매체의 보도내용,제2조제1호의6사목,0.85,신뢰성|진위 여부,2026-04-30
배상책임,정의함,LOGICAL,배상책임을 지는 자,제118조의19,0.92,배상책임|배상책임을 지는 자,2026-04-30
배상책임을 지는 자,정의함,LOGICAL,법,제118조의19,0.92,배상책임을 지는 자|법,2026-04-30
공인회계사ㆍ감정인 또는 신용평가를 전문으로 하는 자,정의함,LOGICAL,"공인회계사, 감정인, 신용평가를 전문으로 하는 자, 변호사, 변리사 또는 세무사, 그 밖에 공인된 자격을 가진 자(그 소속 단체를 포함한다)",제117조의12제1항제4호,0.95,정의|공인회계사|감정인|신용평가|변호사|변리사|세무사|공인된 자격,2026-04-30
중앙기록관리기관,정의함,LOGICAL,법,제118조의20,0.95,정의|법,2026-04-30
온라인소액투자중개정보,정의함,LOGICAL,"의뢰 또는 주문의 내용, 온라인소액증권발행인과 투자자에 대한 정보 등 대통령령으로 정하는 자료",제117조의13,0.97,정의|온라인소액투자중개정보,2026-04-30
정보,정의함,LOGICAL,법인등록번호ㆍ사업자등록번호 및 고유번호,제2조제1호의2가목2,0.95,정보|법인등록번호ㆍ사업자등록번호 및 고유번호,2026-04-30
자,요구함,ACTION,해당 여부,제118조의17제2항,0.9,투자자 구분|자격 판단,2026-04-30
자,요구함,ACTION,같은 조 제3항 각 호의 구분에 따른 자인지 여부,제118조의17제2항,0.9,투자자 구분|자격 판단,2026-04-30
청약기간 만료,정의함,LOGICAL,증권의 청약기간이 만료된 경우,제117조의7제8항,0.95,청약기간 만료|제117조의7제8항에 따라,2026-04-30
제117조의7제8항,참조함,STRUCTURE,청약기간 만료,제117조의7제8항,0.9,제117조의7제8항에 따라,2026-04-30
자료,정의함,LOGICAL,온라인소액투자중개업자의 인터넷 홈페이지에 게재된 정보로서 다음 각 목의 사항에 관한 자료,제118조의10제2항,0.95,자료|정의,2026-04-30
자료,포함함,LOGICAL,다음 각 목의 사항,제118조의10제2항,0.9,자료|포함,2026-04-30
온라인소액증권발행인과 투자자,교환함,ACTION,의견,제117조의10제2항,0.9,의견 교환|온라인소액증권발행인|투자자,2026-04-30
투자자,교환함,ACTION,의견,제117조의10제2항,0.9,의견 교환|투자자,2026-04-30
온라인소액증권발행인,요구함,ACTION,게시된 자료,제118조의16제3항,0.95,자료|제공|게시,2026-04-30
온라인소액증권발행인,요구함,ACTION,변경된 자료,제118조의16제3항,0.9,자료|제공|변경,2026-04-30
온라인소액증권발행인,요구함,ACTION,고시 자료,제118조의16제3항,0.9,자료|제공|고시,2026-04-30
중앙기록관리기관,정의함,LOGICAL,발행한도 등의 관리 업무,제118조의21,0.8,발행한도|관리 업무,2026-04-30
중앙기록관리기관,할 수 있다,ACTION,다음 각 호의 업무,제117조의13제2항,0.95,온라인소액투자중개|업무,2026-04-30
중앙기록관리기관,요청할 수 있다,ACTION,자료의 제공,제117조의13제2항,0.9,자료 제공|협회 등,2026-04-30
중앙기록관리기관,보관·관리할 수 있다,ACTION,정보 또는 자료,제117조의13제2항,0.9,정보 보관|자료 관리,2026-04-30
온라인소액투자중개정보,보관·관리하여야 한다,ACTION,기준,제117조의13제3항,0.9,보관·관리|기준,2026-04-30
온라인소액투자중개정보,준용함,LOGICAL,전자문서 및 전자거래기본법,제117조의13제3항,0.9,전자문서 및 전자거래기본법,2026-04-30
온라인소액투자중개정보,참조함,STRUCTURE,제117조의13제3항,제117조의13제3항,0.95,제117조의13제3항,2026-04-30
보관,요구함,ACTION,온라인소액투자중개정보,제5조제1항,0.95,보관|온라인소액투자중개정보,2026-04-30
보관,근거함,STRUCTURE,제5조제1항,제5조제1항,0.9,보관|제5조제1항,2026-04-30
그 밖에 대통령령으로 정하는 경우,정의함,LOGICAL,다음 각 호의 경우,제117조의13제4항,0.95,정의|대통령령,2026-04-30
자료 제공,요구에 따라,STRUCTURE,청약증거금 관리기관의 요청,제118조의14제4항,0.9,자료 제공|청약증거금 관리기관 요청,2026-04-30
자료 제공,제공,ACTION,관련 자료,제118조의14제4항,0.95,자료 제공|관련 자료,2026-04-30
제118조의14제4항,참조함,STRUCTURE,금융실명거래 및 비밀보장에 관한 법률,제118조의14제4항,0.98,제118조의14제4항|금융실명거래 및 비밀보장에 관한 법률,2026-04-30
정보제공 금지의 예외,정의함,LOGICAL,제118조의22,Unknown,0.9,예외|정보제공 금지,2026-04-30
그 밖에 대통령령으로 정하는 경우,정의함,LOGICAL,금융실명 거래 및 비밀보장에 관한 법률,제117조의14제3항,0.99,정의|대통령령,2026-04-30
단서에 따라 제공하는 경우,정의함,LOGICAL,제4조제1항,제4조제1항,0.95,단서에 따라 제공하는 경우|제4조제1항,2026-04-30
제118조의23,상위조항,STRUCTURE,제118조,제118조의23,0.7,하위조항|상위조항,2026-04-30
그 밖에 대통령령으로 정하는 사 항,정의함,LOGICAL,다음 각 호의 사항을 말한다. 1. 법,제117조의15제1항제3호,0.9,정의|사 항,2026-04-30
전자게시판서비스 제공자,공개함,ACTION,정보통신서비스 이용자,제117조의15제1항,0.95,공개|전자게시판서비스 제공자|정보통신서비스 이용자,2026-04-30
전자게시판서비스 제공자,준용함,STRUCTURE,방송미디어통신위원회가 한 시정명령 및 과태료 부과 내용,제117조의15제1항,0.85,시정명령|과태료 부과|방송미디어통신위원회,2026-04-30
신고,요구함,ACTION,금융위원회,제117조의15,0.85,신고|금융위원회,2026-04-30
온라인소액투자 중개업자,협력,ACTION,조사 절차,제426조제1항,0.95,조사 절차 협력|온라인소액투자 중개업자,2026-04-30
온라인소액증권발행인,협력,ACTION,조사 절차,제426조제1항,0.95,조사 절차 협력|온라인소액증권발행인,2026-04-30
법 제3편제1장 적용제외 증권,정의함,LOGICAL,법,119,0.9,법 제3편제1장 적용제외 증권 정의|법,2026-04-30
대통령령으로 정하는 법률,정의함,LOGICAL,다음 각 호의 법률,제118조,0.95,정의|법률,2026-04-30
지방공사,발행,ACTION,채권,제68조제1항부터 제6항까지,0.95,지방공사|채권|발행,2026-04-30
제68조제1항부터 제6항까지,규정에 따라,STRUCTURE,지방공사가 발행하는 채권,제68조제1항부터 제6항까지,0.9,제68조|규정|지방공사|채권,2026-04-30
채권,정의함,LOGICAL,발행되는 채권 중 도시철도의 건설 및 운영과 주택 건설사업을 목적으로 설립된 지방공사가 발행하는 채권,제68조제1항부터 제6항까지,0.85,채권|정의|지방공사|도시철도|주택건설사업,2026-04-30
제68조제1항부터 제6항까지,준용함,STRUCTURE,국제금융기구에의 가입조치에 관한 법률,제68조제1항부터 제6항까지,0.8,제68조|국제금융기구에의 가입조치에 관한 법률,2026-04-30
국제금융기구,발행함,ACTION,증권,제2조제1항,0.95,증권 발행|국제금융기구,2026-04-30
국제금융기구,승인을요구함,ACTION,재정경제부장관,제2조제1항,0.9,재정경제부장관 동의|국제금융기구,2026-04-30
국제금융기구,협의함,ACTION,금융위원회,제2조제1항,0.85,금융위원회 협의|국제금융기구,2026-04-30
수익증권,정의함,LOGICAL,예탁결제원이 증권을 수탁하여 보관·관리하고 이를 기초로 발행하는 수익증권,제59조,0.95,수익증권 정의|예탁결제원 수탁,2026-04-30
신고대상,정의함,LOGICAL,모집 또는 매출,120,0.9,신고대상|모집 또는 매출,2026-04-30
증권의 모집자,제출해야 한다,ACTION,신고서,119조제1항,0.95,신고서 제출|증권 모집자,2026-04-30
제119조제1항,근거함,STRUCTURE,신고서 제출 의무,119조제1항,0.9,제119조제1항,2026-04-30
모집 또는 매출하려는 증권,예외로함,LOGICAL,제3호 각 목의 증권,119조제1항,0.8,제3호 각 목의 증권,2026-04-30
제178조제1항제1호,상위조항,STRUCTURE,제178조,제178조제1항제1호,0.9,하위조항|상위조항,2026-04-30
매출가액,예외로함,LOGICAL,매출가액 제외,제178조의2,0.85,매출가액 제외|장 외거래 방법,2026-04-30
합산,정의함,LOGICAL,모든 청약의 권유 각각의 합계액,제11조제1항,0.85,합산|합계액|10억원,2026-04-30
소액투자자,정의함,LOGICAL,다음 각 호의 구분에 따른 기준을 충족하는 자,제18조제1항,0.92,정의|소액투자자|기준 충족|구분,2026-04-30
소액투자자,정의함,LOGICAL,지분증권을 소유하는 자(법인 발행 지분증권 총수의 100분의 5에 해당하는 금액 미만),제18조제1항,0.95,정의|소액투자자|지분증권|법인|총수|100분의 5|금액 미만,2026-04-30
소액투자자,정의함,LOGICAL,"지분증권을 소유하는 자 (지분증권 총수의 10분의 1 미만, 사업보고서 제출대상 법인)",제159조제1항,0.95,소액투자자|지분증권|10% 이하|사업보고서 제출대상 법인,2026-04-30
소액투자자,정의함,LOGICAL,수익증권을 소유하는 자 (수익증권 발행총수의 5분의 1 미만),제159조제1항,0.95,소액투자자|수익증권|5% 이하|발행총수,2026-04-30
소액투자자,예외로함,LOGICAL,그 법인의 최대주주 및 특수관계인,제159조제1항,0.9,소액투자자|최대주주|특수관계인|예외,2026-04-30
일괄신고서,정의함,LOGICAL,법,121,0.6,일괄신고서 정의|법,2026-04-30
증권,제출할 수 있는,ACTION,일괄신고서,제119조제2항,0.95,증권|일괄신고서|제출,2026-04-30
제119조제2항,근거함,STRUCTURE,증권이 일괄신고서를 제출할 수 있다,제119조제2항,0.9,제119조제2항|증권|일괄신고서|제출,2026-04-30
조건부자본증권,제외함,ACTION,제외,제165조의11,0.95,조건부자본증권|제외,2026-04-30
조건부자본증권,예외로함,LOGICAL,제165조의11,제165조의11,0.95,조건부자본증권|제165조의11,2026-04-30
제165조의11,규정함,STRUCTURE,조건부자본증권,제165조의11,0.95,제165조의11|조건부자본증권,2026-04-30
집합투자증권,정의함,LOGICAL,집합투자기구의 집합투자증권 나. 가목에 준하는 것으로서 법,230,0.95,집합투자증권 정의|집합투자기구의 집합투자증권,2026-04-30
일괄신고서,정의함,LOGICAL,발행예정기간,제279조제1항,0.95,기간,2026-04-30
발행예정기간,정의함,LOGICAL,효력발생일부터 2개월 이상 1년 이내의 기간,제279조제1항,0.95,효력발생일|기간,2026-04-30
발행예정기간,예외로함,LOGICAL,집합투자규약 또는 발행계약에서 정한 존속기간 또는 계약기간,제279조제1항,0.9,개방형 집합투자증권|금적립계좌,2026-04-30
일괄신고서를 제출한 자,요구함,ACTION,그 증권을 3회 이상 발행,제279조제1항,0.9,발행예정기간,2026-04-30
일괄신고서를 제출할 수 있는 자,정의함,LOGICAL,다음 각 호의 요건을 모두 갖춘 자,제279조제1항,0.85,요건,2026-04-30
제출한 자,정의함,LOGICAL,금융투자업자,제160조제1항,0.95,제출한 자 정의|금융투,2026-04-30
법인,허용함,ACTION,일괄신고서,제5조,0.9,일괄신고서|법인,2026-04-30
합병 등의 당사자가 되는 모든 법인,허용함,ACTION,일괄신고서,제5조,0.85,일괄신고서|합병|법인,2026-04-30
제5조,참조함,STRUCTURE,제6항,제5조,0.8,제6항,2026-04-30
제5조,참조함,STRUCTURE,제7항,제5조,0.8,제7항,2026-04-30
증권을 모집하거나 매출하려는 주체,요구함,ACTION,제6항 및 제7항의 요건,제5조,0.8,제6항|제7항|증권 모집|매출,2026-04-30
합병 등의 당사자가 되는 법인,허용함,ACTION,일괄신고서,제5조,0.8,일괄신고서|합병|금융위원회 고시,2026-04-30
법,정의함,LOGICAL,일괄신고추가서류 등,122,0.7,법|일괄신고추가서류 등,2026-04-30
대통령령으로 정하는 것,정의함,LOGICAL,개방형 집합투자증권 및 금적립계좌등,제119조제2항,0.95,정의|대통령령으로 정하는 것,2026-04-30
일괄신고추가서류,정의함,LOGICAL,"""일괄신고추가서류""",제119조제2항,0.9,일괄신고추가서류,2026-04-30
일괄신고추가서류,기재,ACTION,사항,제119조제2항,0.95,일괄신고추가서류|사항,2026-04-30
이사,담당하다,ACTION,대표이사 및 신고업무,제119조제5항,0.95,이사|대표이사 및 신고업무,2026-04-30
금융위원회,요구함,ACTION,각 호의 사항에 대한 서명,124,0.95,서명|각 호의 사항,2026-04-30
금융위원회,예외로함,LOGICAL,각 호의 사항에 대한 서명,124,0.92,투자자 보호를 해칠 염려가 없는 경우|금융위원회가 정하여 고시하는 경우,2026-04-30
정정신고서,금지함,ACTION,기재내용을 변경하는 행위,제122조제1항,0.9,정정신고서|기재내용|변경 금지,2026-04-30
금융위원회,권한을가짐,ACTION,필요한 사항을 정하여 고시한다,제122조제1항,0.85,금융위원회|정리|고시|필요한 사항,2026-04-30
예측정보의 범위,정의함,LOGICAL,제123조,제123조,0.9,정의|예측정보의 범위,2026-04-30
평가한 사항,정의함,LOGICAL,그 요청을 받은 자가 그 예측정보의 적정성에 관하여 평가한 사항,제119조제3항제1호부터 제 3호까지,0.95,평가한 사항|예측정보|적정성|평가요청,2026-04-30
평가한 사항,참조함,STRUCTURE,제119조제3항제1호부터 제 3호까지,제119조제3항제1호부터 제 3호까지,0.9,제119조제3항제1호부터 제 3호까지,2026-04-30
대표이사,요구함,ACTION,증권신고서,124,0.95,확인|검토,2026-04-30
대통령령으로 정하는 사항,정의함,LOGICAL,다음 각 호에 해당하는 사항,제119조제5항,0.95,정의|대통령령으로 정하는 사항,2026-04-30
증권신고서,정의함,LOGICAL,"거짓의 기재 또는 표시가 없고, 중요사항의 기재 또는 표시가 빠져 있지 않음",제119조제3항,0.9,증권신고서 기재사항|중요사항|거짓의 기재,2026-04-30
증권신고서,정의함,LOGICAL,중대한 오해를 일으키는 내용이 기재 또는 표시되어 있지 않음,제119조제3항,0.9,증권신고서 기재사항|중대한 오해,2026-04-30
증권신고서,정의함,LOGICAL,상당한 주의를 다하여 직접 확인ㆍ검토하였다는 사실,제119조제3항,0.9,증권신고서 기재사항|주의 검토,2026-04-30
제119조제3항,참조함,STRUCTURE,주식회사 등의 외부감사에 관한 법률,제119조제3항,0.9,제119조제3항|주식회사 등의 외부감사에 관한 법률,2026-04-30
외부감사대상 법인,정의함,LOGICAL,제4조,4,0.95,외부감사대상 법인|제4조에 따른,2026-04-30
외부감사대상 법인,준용함,LOGICAL,같은 법,4,0.9,같은 법|제4조에 따른,2026-04-30
내부 회계관리제도,운영되고 있다,ACTION,운영,제8조,0.95,내부 회계관리제도|운영,2026-04-30
매출 신고서 제출,정의함,LOGICAL,제124조의2에 따른 특례 규정,124조의2,0.7,매출 신고서 제출|특례,2026-04-30
충족 요건,정의함,LOGICAL,발행인이 사업보고서 제출대상법인으로서 최근 1년간 사업보고서ㆍ반기보고서 및 분기보고서를 기한 내에 제출 하였을 것 및 발행인이 최근 1년간 공시위반으로 법 ...,제119조제6항,0.95,충족 요건 정의|사업보고서 제출 요건|공시위반 요건,2026-04-30
과징금,부과받다,ACTION,제429조에 따른 과징금,429,0.9,과징금|제429조에 따른 과징금,2026-04-30
투자매매업자,제출함,ACTION,증권신고서,제175조,0.95,증권신고서|제175조,2026-04-30
자가,발행,ACTION,채무증권,제9조제16항제5호,0.9,채무증권|발행,2026-04-30
국내 회사,발행,ACTION,사채권,제9조제16항제5호,0.9,사채권|발행,2026-04-30
금융위원회,정하여 고시,ACTION,사채권,제9조제16항제5호,0.85,정하여 고시|사채권,2026-04-30
자가 또는 국내 회사,충족,LOGICAL,다음 각 호의 요건,제9조제16항제5호,0.8,요건|충족,2026-04-30
투자매매업자,허용함,ACTION,매출에 관한 증권신고서,제119조제6항,0.95,제119조제6항|증권신고서 제출,2026-04-30
제119조제6항,정의함,LOGICAL,증권신고서 제출,제119조제6항,0.9,제119조제6항|증권신고서 제출,2026-04-30
신고서의 기재사항 및 첨부서류,정의함,LOGICAL,법,125,0.9,정의|법,2026-04-30
신고서,기재하여야 한다,ACTION,각 호의 사항,제119조제1항,0.95,신고서|각 호의 사항,2026-04-30
신고서,제외한다,ACTION,집합투자증권 및 유동화증권,제119조제1항,0.9,신고서|집합투자증권 및 유동화증권,2026-04-30
이사,정의함,LOGICAL,대표이사 및 신고업무를 담당하는 이사,제119조제5항,0.95,이사|대표이사 및 신고업무를 담당하는 이사,2026-04-30
이사,참조함,STRUCTURE,제119조제5항,제119조제5항,0.9,제119조제5항,2026-04-30
발행인,요구함,ACTION,각 호의 사항에 대한 서명,124,0.95,서명|각 호의 사항,2026-04-30
신고서,요구함,ACTION,서류 첨부,124,0.9,서류|첨부,2026-04-30
법인 등기사항증명서,요구함,ACTION,확인,제36조제1항,0.9,법인 등기사항증명서|행정정보 공동이용,2026-04-30
발행인,요구함,ACTION,"경영상 목적 및 주주 외의 자와 발행인과의 관계, 주주 외의 자의 선정경위에 대한 사본",제418조제2항,0.92,증권 발행 서류|사본,2026-04-30
발행인,요구함,ACTION,증권의 발행결의를 증명할 수 있는 서류,제418조제2항,0.92,증권 발행 서류,2026-04-30
발행인,요구함,ACTION,법인 설립을 증명할 수 있는 서류(법인 등기사항증명서에 준하는 서류),제418조제2항,0.92,증권 발행 서류|법인 설립 증명 서류,2026-04-30
발행인,요구함,ACTION,증권 발행에 필요한 행정관청의 허가·인가·승인 등 이 있었음을 증명하는 서류,제418조제2항,0.92,증권 발행 서류|허가·인가·승인 증명 서류,2026-04-30
발행인,요구함,ACTION,증권 인수계약서의 사본,제418조제2항,0.92,증권 발행 서류|인수계약 사본,2026-04-30
발행인,요구함,ACTION,거래소로부터 받은 상장예비심사결과서류(코넥스시장 상장 시 상장심사결과서류),제418조제2항,0.92,증권 발행 서류|상장예비심사결과서류,2026-04-30
예비투자설명서 사용,요구함,ACTION,예비투자설명서,제124조제2항제2호,0.9,예비투자설명서 사용|예비투자설명서,2026-04-30
간이투자설명서 사용,요구함,ACTION,서류,제124조제2항제3호,0.9,간이투자설명서 사용|서류 제출,2026-04-30
간이투자설명서 사용,요구함,ACTION,증권분석기관의 평가의견서,제124조제2항제3호,0.9,증권분석기관 평가의견서,2026-04-30
간이투자설명서 사용,요구함,ACTION,증권분석기관 대표자의 각서,제124조제2항제3호,0.9,증권분석기관 대표자 각서,2026-04-30
법인,제출,ACTION,서류,제137조제1항제3호의2,0.95,청약증거금관리계약 문서|계좌 통장 사본|신고서,2026-04-30
청약증거금관리계약 문서,정의함,LOGICAL,계약서 사본 및 통장 사본,제137조제1항제3호의2,0.85,청약증거금관리계약 문서|계약서 사본|통장 사본,2026-04-30
연결재무제표 작성대상법인,규정,ACTION,주식회사 등의 외부감사에 관한 법률,제3조제1항,0.95,주식회사 등의 외부감사에 관한 법률|제1항제3호다목에 따른 재무에 관한 사항,2026-04-30
연결재무제표,정의함,LOGICAL,제2조제3호,제2조제4호,0.95,연결재무제표|제2조제3호,2026-04-30
연결재무제표,참조함,STRUCTURE,제2조제3호,제2조제4호,0.9,연결재무제표|제2조제3호,2026-04-30
회계감사인,참조함,STRUCTURE,제1항제3호라목,제2조제4호,0.9,회계감사인|제1항제3호라목,2026-04-30
회계감사인,기재,ACTION,연결재무제표와 그 법인의 재무제표에 대한 감사의견,제2조제4호,0.9,회계감사인|감사의견|연결재무제표|그 법인의 재무제표,2026-04-30
연결재무제표,기재,ACTION,그 법인의 재무제표,제2조제4호,0.85,연결재무제표|그 법인의 재무제표,2026-04-30
일괄신고서,정의함,LOGICAL,다음 각 호의 사항,126,0.95,일괄신고서|기재사항,2026-04-30
일괄신고서,예외로함,LOGICAL,집합투자증권,126,0.9,일괄신고서,2026-04-30
서명,요구함,ACTION,각 호의 사항,124,0.95,서명|각 호의 사항,2026-04-30
일괄신고서,요구함,ACTION,서류,제125조제1항제3호,0.95,서류 첨부|금융위원회 고시,2026-04-30
금융위원회,정하여 고시함,ACTION,서류 첨부,제125조제1항제3호,0.9,서류 첨부|금융위원회 고시,2026-04-30
일괄신고서,요구함,ACTION,법인 등기사항증명서 확인,제36조제1항,0.95,일괄신고서|법인 등기사항증명서,2026-04-30
일괄신고서,요구함,ACTION,정관 또는 이에 준하는 것,제36조제1항,0.9,일괄신고서|정관,2026-04-30
일괄신고서,요구함,ACTION,이사회의사록 또는 그 결의를 증명할 수 있는 서류의 사본,제36조제1항,0.9,일괄신고서|이사회의사록,2026-04-30
일괄신고서,요구함,ACTION,법인 설립을 증명할 수 있는 서류(법인 등기사항증명서로 확인할 수 없는 경우),제36조제1항,0.9,일괄신고서|법인 설립 서류,2026-04-30
일괄신고서,요구함,ACTION,회계감사인의 감사보고서,제36조제1항,0.9,일괄신고서|회계감사인,2026-04-30
일괄신고서,요구함,ACTION,연결재무제표에 대한 감사보고서(연결재무제표 작성의무가 있는 경우),제36조제1항,0.9,일괄신고서|연결재무제표,2026-04-30
일괄신고서,요구함,ACTION,금융위원회가 정하여 고시하는 서류(투자자를 보호하기 위하여 필요한 서류),제36조제1항,0.9,일괄신고서|금융위원회,2026-04-30
일괄신고서,준용함,STRUCTURE,금융위원회가 정하여 고시하는 서식과 작성방법,제36조제1항,0.9,일괄신고서|금융위원회,2026-04-30
집합투자증권의 증권신고서의 기재사항 등,정의함,LOGICAL,법,127,0.7,집합투자증권|증권신고서|기재사항,2026-04-30
증권신고서,기재하여야 한다,ACTION,법,제119조제7항,0.95,기재|법,2026-04-30
금융위원회,정의함,LOGICAL,그 밖에 투자자를 보호하기 위하여 필요한 사항,124,0.8,금융위원회|투자자 보호|정의,2026-04-30
집합투자증권의 증권신고서,첨부,ACTION,서류,제42조,0.95,증권신고서 첨부|집합투자증권,2026-04-30
금융위원회,정하여 고시,STRUCTURE,필요한 사항,제42조,0.9,금융위원회|정하여 고시,2026-04-30
법인 등기사항증명서 확인,요구함,ACTION,법인 등기사항증명서,제36조제1항,0.95,법인 등기사항증명서 확인|행정정보 공동이용,2026-04-30
법인 등기사항증명서 확인,근거함,STRUCTURE,제36조제1항,제36조제1항,0.99,제36조제1항,2026-04-30
법인 등기사항증명서 확인,근거함,STRUCTURE,행정정보 공동이용,제36조제1항,0.9,행정정보 공동이용,2026-04-30
금융위원회,정하여 고시한다,ACTION,필요한 서류,제42조,0.95,필요한 서류|정하여 고시한다,2026-04-30
금융위원회,정하여 고시한다,ACTION,집합투자증권 인수계약 사본,제42조,0.9,인수계약 사본|정하여 고시한다,2026-04-30
금융위원회,정하여 고시한다,ACTION,집합투자증권 증권신고서 서식 및 작성방법에 관한 필요한 사항,제42조,0.9,증권신고서 서식|정하여 고시한다,2026-04-30
증권신고서 기재사항,정의함,LOGICAL,유동화증권의 증권신고서에 포함되어야 할 항목 및 첨부서류,128,0.8,증권신고서|유동화증권,2026-04-30
유동화증권의 증권신고서,기재하여야 한다,ACTION,각 호의 사항,제119조제7항,0.95,증권신고서|기재,2026-04-30
유동화증권의 증권신고서,구조적으로,STRUCTURE,제119조제7항,제119조제7항,0.9,제119조제7항|유동화증권의 증권신고서,2026-04-30
이사,근거함,STRUCTURE,제119조제5항,119조제5항,0.9,이사 정의 근거,2026-04-30
서명,요구함,ACTION,모집 또는 매출에 관한 각 목의 사항,124조,0.9,서명|모집 또는 매출에 관한 각 목의 사항,2026-04-30
서명,요구함,ACTION,발행인에 관한 각 목의 사항,124조,0.9,서명|발행인에 관한 각 목의 사항,2026-04-30
인수인,예외로함,LOGICAL,인수인의 의견,124조,0.85,인수인|인수인의 의견,2026-04-30
서명,참조함,STRUCTURE,자산유동화에 관한 법률,124조,0.95,자산유동화에 관한 법률,2026-04-30
자산보유자,정의함,LOGICAL,자산보유자(이하 “자산보유자”라 한다),제2조제2호,0.95,자산보유자|정의,2026-04-30
자산보유자,구성요소,STRUCTURE,개요,제2조제2호,0.9,자산보유자|개요,2026-04-30
자산보유자,구성요소,STRUCTURE,사업의 내용,제2조제2호,0.9,자산보유자|사업의 내용,2026-04-30
자산보유자,구성요소,STRUCTURE,재무에 관한 사항,제2조제2호,0.9,자산보유자|재무에 관한 사항,2026-04-30
자산보유자,구성요소,STRUCTURE,임원에 관한 사항,제2조제2호,0.9,자산보유자|임원에 관한 사항,2026-04-30
자산보유자,유동화자산에 관한,STRUCTURE,유동화자산의 종류별 세부명세,제2조제2호,0.9,자산보유자|유동화자산,2026-04-30
자산보유자,유동화자산에 관한,STRUCTURE,유동화자산의 평가내용,제2조제2호,0.9,자산보유자|유동화자산,2026-04-30
자산보유자,유동화자산에 관한,STRUCTURE,유동화자산의 양도 등의 방식 및 세부계획,제2조제2호,0.9,자산보유자|유동화자산,2026-04-30
자산보유자,관련법,STRUCTURE,자산유동화에 관한 법률,제2조제2호,0.9,자산보유자|자산유동화에 관한 법률,2026-04-30
자산유동화계획,정의함,LOGICAL,자산유동화계획의 세부구조,제3조,0.9,자산유동화계획|세부구조,2026-04-30
자산유동화계획,정의함,LOGICAL,유동화증권의 발행과 상환계획,제3조,0.9,자산유동화계획|유동화증권의 발행과 상환계획,2026-04-30
자산유동화계획,참조함,STRUCTURE,자산유동화에 관한 법률,제3조,0.8,자산유동화계획|자산유동화에 관한 법률,2026-04-30
증권신고서,요구함,ACTION,서류,제10조,0.95,서류 첨부|증권신고서,2026-04-30
증권신고서,참조함,STRUCTURE,제1항,제10조,0.9,제1항,2026-04-30
법인 등기사항증명서 확인,정의함,LOGICAL,법인 등기사항증명서,제36조제1항,0.95,법인 등기사항증명서 확인|법인 등기사항증명서,2026-04-30
금융위원회,정하여 고시한다,ACTION,서류,제125조제2항제1호,0.95,정하여 고시한다|서류,2026-04-30
증권신고서,정의함,LOGICAL,특칙,제129조,0.85,증권신고서|특칙,2026-04-30
금융위원회,인정,ACTION,경우,제129조,0.9,필요하다고 인정되는|경우,2026-04-30
금융위원회,요구함,ACTION,증권신고서,제129조,0.8,투자자 보호|필요하다고 인정되는,2026-04-30
증권신고서,정의함,LOGICAL,제125조,제125조,0.8,정의|규정,2026-04-30
금융위원회,요구함,ACTION,서류,제182조제8항,0.95,변경등록 신청서|기재|첨부,2026-04-30
외국 기업,예외로함,LOGICAL,제128조까지의 규정,제128조,0.8,제128조까지의 규정|외국 기업,2026-04-30
증권신고서,고시할 수 있다,ACTION,증권신고서의 기재사항 및 첨부서류,제4조제2항,0.95,고시|증권신고서,2026-04-30
증권의 발행 또는 매도의 동일성 인정 기준,정의함,LOGICAL,제129조의2,제129조의2,0.9,정의|법,2026-04-30
대통령령으로 정하는 사항,정의함,LOGICAL,증권의 발행 또는 매도가 사실상 동일한 자금조달 계획에 따른 것인지 여부,제119조제8항,0.95,대통령령으로 정하는 사항|정의,2026-04-30
대통령령으로 정하는 사항,정의함,LOGICAL,증권의 발행 또는 매도의 시기가 6개월 이내로 서로 근접한지 여부,제119조제8항,0.95,대통령령으로 정하는 사항|정의,2026-04-30
대통령령으로 정하는 사항,정의함,LOGICAL,발행 또는 매도하는 증권이 같은 종류인지 여부,제119조제8항,0.95,대통령령으로 정하는 사항|정의,2026-04-30
대통령령으로 정하는 사항,정의함,LOGICAL,증권의 발행 또는 매도로 인하여 발행인 또는 매도인이 수취하는 대가가 같은 종류인지 여부,제119조제8항,0.95,대통령령으로 정하는 사항|정의,2026-04-30
대통령령으로 정하는 사항,정의함,LOGICAL,둘 이상의 증권의 발행인이 다르더라도 모집 또는 매출하는 자가 동일한지 여부,제119조제8항,0.95,대통령령으로 정하는 사항|정의,2026-04-30
증권신고서 기재사항 정정,정의함,LOGICAL,법,130,0.6,정정|법,2026-04-30
대통령령으로 정하는 중요한 사항,정의함,LOGICAL,"집합투자증권을 제외한 증권인 경우 다음 각 목의 어느 하나에 해당하는 사항 (모집가액, 배정기준일, 자금의 사용목적, 인수인·보증기관·수탁회사 등) 및 금융위 원회가 정하여 고시하는 사항",제122조제3항,0.95,정의|대통령령|중요한 사항,2026-04-30
대통령령으로 정하는 중요한 사항,정의함,LOGICAL,"집합투자증권인 경우 다음 각 목의 어느 하나에 해당하는 사항 (모집가액, 발행예정기간, 인수인 등)",제122조제3항,0.95,정의|대통령령|중요한 사항,2026-04-30
제182조제1항,근거함,STRUCTURE,등록한 사항을 변경하는 경우,제182조제1항,0.95,제182조제1항|근거,2026-04-30
등록한 사항,변경함,ACTION,그 밖에 투자자의 합리적인 투자판단이나 해당 집합투자증권의 가치에 중대한 영향을 미칠 수 있는 사항,제182조제1항,0.9,등록한 사항|변경|중대한 영향,2026-04-30
금융위원회,정함,ACTION,그 밖에 투자자의 합리적인 투자판단이나 해당 집합투자증권의 가치에 중대한 영향을 미칠 수 있는 사항,제182조제1항,0.85,금융위원회|정함|고시,2026-04-30
분기보고서,확정된 때,LOGICAL,발행인의 사업목적이 변경된 때,제160조제1항,0.95,분기보고서|확정|조건,2026-04-30
분기보고서,확정된 때,LOGICAL,영업의 양도ㆍ양수 또는 합병계약이 체결된 때,제160조제1항,0.95,분기보고서|확정|조건,2026-04-30
분기보고서,확정된 때,LOGICAL,발행인의 경영이나 재산 등에 중대한 영향을 미치는 소송의 당사자가 된 때,제160조제1항,0.95,분기보고서|확정|조건,2026-04-30
분기보고서,확정된 때,LOGICAL,발행한 어음이나 수표가 부도로 되거나 은행과의 당좌거래가 정지되거나 금지된 때,제160조제1항,0.95,분기보고서|확정|조건,2026-04-30
분기보고서,확정된 때,LOGICAL,영업활동의 전부나 중요한 일부가 정지된 때,제160조제1항,0.95,분기보고서|확정|조건,2026-04-30
분기보고서,확정된 때,LOGICAL,채무자 회생 및 파산에 관한 법률에 따른 회생절차개시의 신청이 있은 때,제160조제1항,0.95,분기보고서|확정|조건,2026-04-30
분기보고서,확정된 때,LOGICAL,"법, 상법, 그 밖의 법률에 따른 해산사유가 발생한 때",제160조제1항,0.95,분기보고서|확정|조건,2026-04-30
분기보고서,확정된 때,LOGICAL,집합투자증권인 경우 최근 결산기의 재무제표가 확정된 때,제160조제1항,0.95,분기보고서|확정|조건,2026-04-30
분기보고서,확정된 때,LOGICAL,집합투자증권인 경우 집합투자기구 간의 합병계약이 체결된 때,제160조제1항,0.95,분기보고서|확정|조건,2026-04-30
분기보고서,확정된 때,LOGICAL,집합투자증권인 경우 집합투자재산 등에 중대한 영향을 미치는 소송이 제기된 때,제160조제1항,0.95,분기보고서|확정|조건,2026-04-30
집합투자증권 중 대통령령으로 정하는 것,정의함,LOGICAL,개방형 집합투자증권,제122조제4항,0.99,집합투자증권 중 대통령령으로 정하는 것|개방형 집합투자증권,2026-04-30
대통령령으로 정하는 한도,정의함,LOGICAL,발행예정금액의 100분의 20,제122조제4항,0.95,한도 정의|발행예정금액 비율,2026-04-30
금융위원회,허용함,ACTION,그 한도를 발행예정금액의 100분의 20 이하로 정하여 고시할 수 있다,제122조제4항,0.9,한도 조정|고시 권한,2026-04-30
대통령령으로 정하는 기한,정의함,LOGICAL,3개월,제122조제6항,0.95,대통령령으로 정하는 기한|3개월,2026-04-30
투자설명서,작성함,ACTION,투자설명서,131,0.95,투자설명서|작성,2026-04-30
투자설명서,공시함,ACTION,투자설명서,131,0.95,투자설명서|공시,2026-04-30
투자설명서,준용함,STRUCTURE,제123조제1항,제123조제1항,0.95,제123조제1항에,2026-04-30
증권신고,요구함,ACTION,효력발생일,Unknown,0.9,증권신고|효력발생일,2026-04-30
증권신고,요구함,ACTION,모집가액 또는 매출가액,Unknown,0.9,증권신고|모집가액|매출가액,2026-04-30
증권신고,요구함,ACTION,청약기간,Unknown,0.9,증권신고|청약기간,2026-04-30
증권신고,요구함,ACTION,납부기간,Unknown,0.9,증권신고|납부기간,2026-04-30
증권신고,요구함,ACTION,해당 증권신고서의 사본과 투자설명서의 열람 장소,Unknown,0.9,증권신고|사본|투자설명서|열람장소,2026-04-30
증권신고,요구함,ACTION,법,Unknown,0.8,증권신고|법,2026-04-30
안정조작,정의함,LOGICAL,제176조제3항제1호에 따른 안정조작,제176조제3항제1호,0.9,정의|안정조작,2026-04-30
안정조작,참조함,STRUCTURE,제176조제3항제1호,제176조제3항제1호,0.8,참조|제176조제3항제1호,2026-04-30
시장조성,정의함,LOGICAL,제176조제3항제2호에 따른 시장조성,제176조제3항제2호,0.9,시장조성|정의,2026-04-30
투자설명서,기재,ACTION,각 호의 사항,제176조제3항제2호,0.95,투자설명서|각 호의 사항|기재,2026-04-30
신고서,제출함,ACTION,제125조제1항,제125조제1항,0.95,신고서 제출|제125조제1항,2026-04-30
제125조제1항,근거함,STRUCTURE,신고서 제출,제125조제1항,0.9,제125조제1항|신고서 제출,2026-04-30
일괄신고추가서류,제출,ACTION,제119조제2항 후단,제119조제2항,0.95,일괄신고추가서류 제출|제119조제2항 후단에 따라,2026-04-30
일괄신고추가서류,참조함,STRUCTURE,제119조제2항 후단,제119조제2항,0.92,제119조제2항 후단에 따라,2026-04-30
제122조제2항,상위조항,STRUCTURE,제122조,122,0.9,제122조제2항,2026-04-30
제126조제1항제4호의 사항 3.,상위조항,STRUCTURE,제126조제1항제4호,Unknown,0.7,,2026-04-30
신고서 제출,참조함,STRUCTURE,제127조제1항,127조제1항,0.95,신고서 제출|제127조제1항,2026-04-30
항목 4,참조함,STRUCTURE,제127조제1항,127,0.95,각 호의 사항 4,2026-04-30
신고서 제출,참조함,STRUCTURE,제128조제1항,제128조제1항,0.95,신고서 제출|제128조제1항,2026-04-30
각 호의 사항 5,정의함,LOGICAL,제128조제1항,제128조제1항,0.9,각 호의 사항 5|정의,2026-04-30
금융위원회,고시함,ACTION,사항 ④,129,0.95,신고서 제출|고시,2026-04-30
제129조에 따라,참조함,STRUCTURE,제129조,129,0.9,제129조에 따라,2026-04-30
예비투자설명서,사용,ACTION,투자설명서,제125조제2항제7호,0.95,예비투자설명서|투자설명서,2026-04-30
예비투자설명서,요구함,ACTION,투자설명서의 표제부,제125조제2항제7호,0.9,예비투자설명서|투자설명서,2026-04-30
예비투자설명서,참조함,STRUCTURE,제125조제2항제7호,제125조제2항제7호,0.85,예비투자설명서|제125조제2항제7호,2026-04-30
대통령령으로 정하는 사항,정의함,LOGICAL,군사기밀보호법,제123조제2항,0.95,대통령령으로 정하는 사항|군사기밀보호법,2026-04-30
군사기밀에 해당하는 사항,정의함,LOGICAL,발행인의 업무나 영업에 관한 것으로서 금융위원회의 확인을 받은 사항,제2조,0.95,군사기밀|발행인|금융위원회,2026-04-30
대통령령으로 정하는 집합투자증권 및 파생결합증권,정의함,LOGICAL,개방형 집합투자증권 및 금적립계좌등,제123조제3항,0.99,정의|집합투자증권|파생결합증권,2026-04-30
대통령령으로 정하는 집합투자증권 및 파생결합증권,참조함,STRUCTURE,제123조제3항,제123조제3항,0.95,참조|정의,2026-04-30
투자설명서의 교부가 면제되는 자,정의함,LOGICAL,법,132,0.95,투자설명서의 교부가 면제되는 자|정의,2026-04-30
자,정의함,LOGICAL,다목부터 바목까지 및 같은 항 제2호 각 목의 어느 하나에 해당하는 자,제11조제1항제1호,0.95,자|목,2026-04-30
제11조제1항제1호,참조함,STRUCTURE,제11조제1항제2호,제11조제1항제1호,0.9,제11조제1항제1호|제11조제1항제2호,2026-04-30
투자설명서 거부자,정의함,LOGICAL,"자(투자설명서를 받기를 거부한다는 의사를 서면, 전화, 전신, 팩스, 전자우편 등으로 표시한 자)",제11조제2항제2호 및 제3호,0.95,투자설명서 거부자,2026-04-30
집합투자증권 추가 취득자,정의함,LOGICAL,자(이미 취득한 것과 같은 집합투자증권을 계속 추가로 취득하려는 자),제11조제2항제2호 및 제3호,0.95,집합투자증권 추가 취득자,2026-04-30
예비투자설명서 작성방법,정의함,LOGICAL,법,133,0.85,예비투자설명서 작성방법|법,2026-04-30
예비투자설명서 표제부,기재하여야 한다,ACTION,항목,제124조제2항제2호,0.95,예비투자설명서 표제부|항목,2026-04-30
증권신고서,제출,ACTION,금융위원회,제131조제2항,0.95,제출|증권신고서,2026-04-30
증권신고서,정의함,LOGICAL,"효력이 발생하지 아니하고 있으며, 효력발생일까지 일부 기재사항이 변경될 수 있음",제131조제2항,0.9,효력|변경가능,2026-04-30
금융위원회,고시함,ACTION,투자자 보호를 위한 필요한 사항,제131조제2항,0.85,고시|투자자 보호,2026-04-30
법,정의함,LOGICAL,예비투자설명서 작성,제131조제2항,0.8,법|예비투자설명서,2026-04-30
제123조제2항,참조함,STRUCTURE,제123조,123,0.8,제123조제2항|제123조,2026-04-30
투자 설명서,정의함,LOGICAL,예비투자설명서,제131조제1항ㆍ제3항,0.95,정의|본다,2026-04-30
예비투자설명서,준용함,STRUCTURE,제131조제1항ㆍ제3항,제131조제1항ㆍ제3항,0.9,준용|참조,2026-04-30
금융위원회,권한을가짐,ACTION,예비투자설명서의 서식과 작성방법 등에 관한 정하고 고시,제131조제1항ㆍ제3항,0.9,권한|정의,2026-04-30
간이투자설명서 작성방법,정의함,LOGICAL,법,134,0.7,간이투자설명서 작성방법|법,2026-04-30
간이투자설명서,정의함,LOGICAL,간이투자설명서(이하 “간이투자설명서”라 한다),제124조제2항제3호,0.9,간이투자설명서|정의,2026-04-30
간이투자설명서,기재하거나 표시해야 한다,ACTION,각 호의 구분에 따른 사항,제124조제2항제3호,0.95,간이투자설명서|기재|표시,2026-04-30
증권신고서,제출되다,ACTION,금융위원회,제131조제2항제2호부터 제6호까지,0.95,제출|제공,2026-04-30
증권신고서,효력 발생하지 않음,LOGICAL,증권신고의 효력,제131조제2항제2호부터 제6호까지,0.9,효력|미발효,2026-04-30
증권신고서,허용함,ACTION,기재사항 변경,제131조제2항제2호부터 제6호까지,0.85,변경 가능|효력 발생까지,2026-04-30
거래소,확인함,ACTION,상장예비심사결과,제125조제2항제6호,0.95,거래소|상장예비심사결과|확인,2026-04-30
상장예비심사결과,준용함,STRUCTURE,상장심사결과,제125조제2항제6호,0.9,코넥스시장|상장심사결과,2026-04-30
증권,요구함,ACTION,상장예비심사결과,제125조제2항제6호,0.9,증권|상장예비심사결과,2026-04-30
금융위원회,고시하는,ACTION,투자설명서에 기재할 사항,제131조제3항,0.92,금융위원회|투자설명서|정하는|고시하는,2026-04-30
금융위원회,요구함,ACTION,예비투자설명서 또는 투자설명서 참조,제131조제3항,0.88,금융위원회|예비투자설명서|투자설명서|참조,2026-04-30
해당 증권신고,효력이 발생한 후,STRUCTURE,다음 각 목의 사항 가,제131조제3항,0.8,해당 증권신고|효력|다음 각 목의 사항,2026-04-30
발행인,금지함,ACTION,불리한 정보를 생략하거나 유리한 정보만 기재 또는 표시,제131조제2항,0.95,간이투자설명서|불리한 정보|유리한 정보,2026-04-30
금융위원회,요구함,ACTION,간이투자설명서의 서식과 작성방법 등에 관한 필요한 사항을 정하여 고시한다,제131조제2항,0.9,간이투자설명서|서식|작성방법|고시,2026-04-30
거짓의 기재 등으로 인한 배상책임을 지는 자,정의함,LOGICAL,법,제135조,0.6,거짓의 기재 등으로 인한 배상책임을 지는 자|법,2026-04-30
대통령령으로 정하는 자,정의함,LOGICAL,"공인회계사, 감정인, 신용평가를 전문으로 하는 자, 변호사, 변리사 또는 세무사 등 공인된 자격을 가진 자(그 소속단체를 포함한다)",제125조제1항제3호,0.99,대통령령으로 정하는 자|공인된 자격을 가진 자,2026-04-30
대통령령으로 정하는 자,정의함,LOGICAL,인수인 또는 주선인(발행인 또는 매출인으로부터 인수 외의 방법으로 그 발행인 또는 매출인을 위하여 해당 증권의 모집·사모·매출을 할 것을 의뢰받거나 그 밖에 직접 또는 간접으로 증권의 모집·사모·매출을 분담할 것을 의뢰받아 그 조건 등을 정하는 주선인),제125조제1항제5호,0.95,정의|대통령령으로 정하는 자|인수인|주선인,2026-04-30
공시 제외사항,정의함,LOGICAL,법,제136조,0.95,공시 제외사항 정의,2026-04-30
군사기밀,정의함,LOGICAL,발행인 또는 그 종속회사(주식회사 등의 외부감사에 관한 법률 시행령),제2조,0.9,군사기밀 정의|발행인|종속회사,2026-04-30
군사기밀,참조함,STRUCTURE,주식회사 등의 외부감사에 관한 법률 시행령,제2조,0.8,참조|법률 시행령,2026-04-30
종속회사,정의함,LOGICAL,종속회사를 말한다,제3조제1항,0.97,종속회사|정의,2026-04-30
종속회사,정의함,LOGICAL,의 업무나 영업에 관한 것으로서 금융위원회의 확인을 받은 사항,제3조제1항,0.92,종속회사|업무|영업|금융위원회|확인,2026-04-30
금융위원회,확인함,ACTION,종속회사의 업무나 영업에 관한 사항,제3조제1항,0.9,금융위원회|확인|종속회사,2026-04-30
법,금지함,ACTION,신고서를 제출하지 아니하는 모집·매출,137,0.8,신고서 제출|모집·매출,2026-04-30
대통령령으로 정하는 조치,정의함,LOGICAL,증권의 모집 또는 매출 전에 발행인,제130조제1항,0.95,정의|대통령령으로 정하는 조치,2026-04-30
대통령령으로 정하는 조치,참조함,STRUCTURE,다음 각 호 의 조치,제130조제1항,0.85,참조|대통령령으로 정하는 조치,2026-04-30
법인,제출,ACTION,사업보고서,제159조제1항,0.95,사업보고서 제출 대상법인,2026-04-30
사업보고서 제출 대상법인,정의함,LOGICAL,법인,제159조제1항,0.9,사업보고서 제출 대상법인,2026-04-30
집합투자증권,예외로함,LOGICAL,제125조제1항제2호 및 제3호의 사항,제125조제1항제2호 및 제3호,0.6,집합투자증권|제125조제1항제2호 및 제3호의 사항,2026-04-30
유동 화증권,준용함,STRUCTURE,제127조제1항제2호 및 제3호의 사항,제127조제1항제2호 및 제3호,0.95,유동 화증권|제127조제1항제2호 및 제3호의 사항,2026-04-30
제2호부터 제7호까지의 사항,정의함,LOGICAL,제128조제1항제2호부터 제7호까지의 사항을 말한다,128,0.95,정의|제2호부터 제7호까지의 사항,2026-04-30
증권의 모집 또는 매출,제출,ACTION,금융위원회,제131조제2항제2호부터 제4호까지의 사항 3,0.95,제출|3일전,2026-04-30
증권에 관한 투자매매업자 또는 투자중개업자,요구함,ACTION,청약증거금관리계약 체결 및 계좌 개설,제178조제1항제1호,0.95,청약증거금관리계약|계좌 개설|투자매매업자|투자중개업자,2026-04-30
청약증거금관리계약,포함함,STRUCTURE,"청약증거금 예치, 보관 및 투자자에 대한 반환",제178조제1항제1호,0.9,예치|보관|반환,2026-04-30
직접공모,제외함,LOGICAL,장외매매거래,제178조제1항제1호,0.85,직접공모|장외매매거래,2026-04-30
증권금융회사,요구함,ACTION,금융위원회,제4조,0.95,보고 및 제출,2026-04-30
사업보고서 제출대상법인,정의함,LOGICAL,제159조제 1항,159,0.95,정의|제159조제 1항에 따른,2026-04-30
사업보고서 제출대상법인,참조함,STRUCTURE,제159조제 1항,159,0.9,참조|제159조제 1항,2026-04-30
외국법인,정의함,LOGICAL,제176조제1항,제176조제1항,0.9,외국법인|제176조제1항,2026-04-30
발행인,제출해야 한다,ACTION,서류,제362조제8항,0.95,문서 제출|발행인|제출,2026-04-30
발행인,서류 제출을 갈음할 수 있다,ACTION,서류 제출을 갈음,제362조제8항,0.9,서류 제출|갈음|조건부,2026-04-30
발행인,이행한 것으로 본다,LOGICAL,제1항에 따른 조치,제362조제8항,0.85,매출 요건|이행|제1항,2026-04-30
발행인,제출해야 하는 서류,ACTION,재무상태표,제362조제8항,0.9,재무상태표|문서 제출,2026-04-30
발행인,제출해야 하는 서류,ACTION,손익계산서,제362조제8항,0.9,손익계산서|문서 제출,2026-04-30
장외거래 방법,준용함,STRUCTURE,제178조의2,제178조의2,0.95,장외거래 방법,2026-04-30
장외거래 방법,의할,ACTION,제178조의2에 따른 장외거래 방법,제178조의2,0.9,장외거래 방법,2026-04-30
발행인,공시할 것,ACTION,"지분증권에 관한 사항(재무상태, 영업실적 등)",제120조제2항,0.95,공시|지분증권|재무상태|영업실적,2026-04-30
발행인,공시할 것,ACTION,수익증권에 관한 사항(신탁재산 운용 및 손익 현황 등),제120조제2항,0.95,공시|수익증권|신탁재산|손익현황,2026-04-30
발행인,공시할 것,ACTION,공시 내용,제120조제2항,0.9,공시|공시 내용,2026-04-30
대통령령으로 정하는 사항,정의함,LOGICAL,제130조제2항에서 ‘대통령령으로 정하는 사항’이란,제130조제2항,0.9,정의|대통령령으로 정하는 사항,2026-04-30
각 호의 사항,정의함,LOGICAL,정의 내용,129조의2,0.9,정의|각 호의 사항,2026-04-30
금융위원회,조치,ACTION,법,138,0.9,조치|법,2026-04-30
대통령령으로 정하는 조치,정의함,LOGICAL,다음 각 호의 어느 하나에 해당하는 조치,132조,0.95,정의|대통령령으로 정하는 조치,2026-04-30
대통령령으로 정하는 조치,정의함,LOGICAL,1년의 범위에서 증권의 발행 제한,132조,0.95,정의|증권발행제한,2026-04-30
대통령령으로 정하는 조치,정의함,LOGICAL,임원에 대한 해임권고,132조,0.95,정의|임원해임권고,2026-04-30
대통령령으로 정하는 조치,정의함,LOGICAL,법을 위반한 경우에는 고발 또는 수사기관에의 통보,132조,0.95,정의|고발|통보,2026-04-30
대통령령으로 정하는 조치,정의함,LOGICAL,다른 법률을 위반한 경우에는 관련 기관이나 수사기관에의 통보,132조,0.95,정의|통보,2026-04-30
대통령령으로 정하는 조치,정의함,LOGICAL,경고 또는 주의 (제2장 기업의 인수ㆍ합병 관련제도 제1절 공개매수),132조,0.95,정의|경고|주의,2026-04-30
공개매수의 적용대상 증권,정의함,LOGICAL,정의된 내용,제139조,0.9,정의,2026-04-30
주식등,정의함,LOGICAL,증권,133,0.95,주식등 정의,2026-04-30
주식등,정의함,LOGICAL,의결권 있는 주식,133,0.9,의결권 있는 주식 포함,2026-04-30
주식등,정의함,LOGICAL,대통령령으로 정하는 증권,133,0.9,대통령령 정하는 증권 포함,2026-04-30
수의 산정기준,정의함,LOGICAL,공개매수 상대방의 수의 산정기준,제140조,0.9,수의 산정기준|공개매수 상대방,2026-04-30
대통령령으로 정하는 기간,정의함,LOGICAL,해당 주식 등의 매수등(법,제133조제3항,0.9,정의함|대통령령으로 정하는 기간,2026-04-30
매수등,정의함,LOGICAL,제133조제2항에 따른 매수등,133-2,0.95,매수등 정의|제133조제2항,2026-04-30
과거 6개월간,정의함,LOGICAL,이 절에서 같다)을 하는 날부터 과거 6개월간,133-2,0.6,과거 6개월간 정의|절 정의,2026-04-30
수 이상의 자,정의함,LOGICAL,해당 주식등의 매수등을 하는 상대방의 수와 제1항에 따른 기간 동안 그 주식등의 매수등을 한 상대방의 수의 합계가 10인 이상인 자,133조제3항,0.95,수 이상의 자|합계가 10인 이상인 자,2026-04-30
특별관계자,정의함,LOGICAL,법,141,0.5,특별관계자 정의|법,2026-04-30
특수관계인,정의함,LOGICAL,특수관계인과 공동보유자,제133조제3항,0.95,특수관계인 정의,2026-04-30
공동보유자,정의함,LOGICAL,주식등을 공동으로 취득하거나 처분하는 행위,제133조제3항,0.95,공동보유자 정의|주식 취득/처분,2026-04-30
공동보유자,정의함,LOGICAL,주식등을 공동 또는 단독으로 취득한 후 그 취득한 주식을 상호양도하거나 양수하는 행위,제133조제3항,0.95,공동보유자 정의|주식 양도/양수,2026-04-30
공동보유자,정의함,LOGICAL,의결권을 공동으로 행사하는 행위,제133조제3항,0.95,공동보유자 정의|의결권 행사,2026-04-30
특수관계인,예외로함,LOGICAL,"주식등의 수가 1,000주 미만이거나 제2항에 해당하지 아니함을 증명하는 경우",제133조제3항,0.95,특수관계인 예외|주식 수 제한,2026-04-30
소유에 준하는 보유,정의함,LOGICAL,제142조,142,0.95,소유에 준하는 보유 정의,2026-04-30
소유 및 준수,정의함,LOGICAL,"소유, 그 밖에 이에 준하는 경우",제133조제3항,0.92,정의|소유,2026-04-30
소유 및 준수,정의함,LOGICAL,1. 누구의 명의로든지 자기의 계산으로 주식등을 소유하는 경우,제133조제3항,0.91,주식 소유|명의,2026-04-30
소유 및 준수,정의함,LOGICAL,"2. 법률의 규정이나 매매, 그 밖의 계약에 따라 주식등의 인도청구권을 가지는 경우",제133조제3항,0.91,인도청구권|계약,2026-04-30
소유 및 준수,정의함,LOGICAL,"3. 법률의 규정이나 금전의 신탁계약ㆍ담보계약, 그 밖의 계약에 따라 해당 주식등의 의결권(의결권의 행사를 지시 할 수 있는 권한을 포함한다)을 가지는 경우",제133조제3항,0.91,의결권|신탁계약,2026-04-30
소유 및 준수,정의함,LOGICAL,"4. 법률의 규정이나 금전의 신탁계약ㆍ담보계약ㆍ투자일임계약, 그 밖의 계약에 따라 해당 주식등의 취득이나 처분 의 권한을 가지는 경우",제133조제3항,0.91,취득권|처분권,2026-04-30
소유 및 준수,정의함,LOGICAL,5. 주식등의 매매의 일방예약을 하고 해당 매매를 완결할 권리를 취득하는 경우로서 그 권리행사에 의하여 매수인 으로서의 지위를 가지는 경우,제133조제3항,0.91,매매예약|매수인,2026-04-30
소유 및 준수,정의함,LOGICAL,6. 주식등을 기초자산으로 하는 법,제133조제3항,0.9,기초자산|법,2026-04-30
주식매수선택권,정의함,LOGICAL,주식매수선택권을 부여받은 경우로서 그 권리의 행사에 의하여 매수인으로서의 지위를 가지는 경우,제5조제1항제2호,0.95,주식매수선택권|행사|매수인,2026-04-30
공개매수를 요하지 아니하는 매수등,정의함,LOGICAL,법,제143조,0.9,공개매수를 요하지 아니하는 매수등 정의,2026-04-30
대통령령으로 정하는 매수등,정의함,LOGICAL,소각을 목적으로 하는 주식등의 매수등,제133조제3항,0.99,정의함|매수등,2026-04-30
대통령령으로 정하는 매수등,정의함,LOGICAL,주식매수청구에 응한 주식의 매수,제133조제3항,0.99,정의함|매수등,2026-04-30
대통령령으로 정하는 매수등,정의함,LOGICAL,"신주인수권이 표시된 것, 전환사채권, 신주인수권부사채권 또는 교환사채권의 권리행사에 따른 주식등의 매수등",제133조제3항,0.99,정의함|매수등,2026-04-30
대통령령으로 정하는 매수등,정의함,LOGICAL,파생결합증권의 권리행사에 따른 주식등의 매수등,제133조제3항,0.99,정의함|매수등,2026-04-30
대통령령으로 정하는 매수등,정의함,LOGICAL,특수관계인으로부터의 주식등의 매수등,제133조제3항,0.99,정의함|매수등,2026-04-30
대통령령으로 정하는 매수등,정의함,LOGICAL,그 밖에 다른 투자자의 이익을 해칠 염려가 없는 경우로서 금융위원회가 정하여 고시하는 주식등의 매수등,제133조제3항,0.99,정의함|매수등,2026-04-30
매수,정의함,LOGICAL,증권시장에서의 매수로 보지 아니하는 매수,144,0.95,매수|증권시장에서의 매수로 보지 아니하는 매수,2026-04-30
대통령령으로 정하는 매수,정의함,LOGICAL,"매도와 매수 쌍방당사자 간의 계약, 그 밖의 합의에 따라 종목, 가격과 수량 등을 결정하고, 그 매매의 체결과 결제를 증권시장을 통하는 방법으로 하는 주식등의 매수를 말한다.",제133조제4항,0.95,정의|매수|계약|합의|종목|가격|수량|체결|결제|증권시장,2026-04-30
법,정의함,LOGICAL,제145조,145,0.9,법|정의,2026-04-30
자,공고해야 한다,ACTION,일반일간신문 또는 경제분야의 특수일간신문 중 전국을 보급지역으로 하는 둘 이상의 신문,제134조제1항,0.95,공개매수공고 공고 의무,2026-04-30
자,공고방법을 따라야 한다,ACTION,금융위원회가 정하여 고시하는 방법,제134조제1항,0.9,공고방법 준수,2026-04-30
공개매수공고,정의함,LOGICAL,제134조제1항에 따른 공개매수공고,제134조제1항,0.9,공개매수공고 정의,2026-04-30
금융위원회,정하고 고시한다,ACTION,공고방법,제134조제1항,0.85,공고방법 규정,2026-04-30
대통령령으로 정하는 주식등,정의함,LOGICAL,교환사채권과 파생결합증권,제134조제1항제2호,0.99,정의|대통령령으로 정하는 주식등,2026-04-30
대통령령으로 정하는 자,정의함,LOGICAL,증권예탁증권의 경우에는 그 기초가 되는 주식등의 발행인,제134조제1항제2호,0.95,대통령령으로 정하는 자|증권예탁증권|주식등의 발행인,2026-04-30
대통령령으로 정하는 자,정의함,LOGICAL,교환사채권의 경우에는 교환의 대상이 되는 주식등의 발행인,제134조제1항제2호,0.95,대통령령으로 정하는 자|교환사채권|주식등의 발행인,2026-04-30
대통령령으로 정하는 자,정의함,LOGICAL,파생결합증권의 경우에는 그 기초자산이 되는 주식등의 발행인,제134조제1항제2호,0.95,대통령령으로 정하는 자|파생결합증권|주식등의 발행인,2026-04-30
공개매수자,정의함,LOGICAL,공개매수자(이하 “공개매수자”라 한다),제134조제2항,0.85,공개매수자 정의,2026-04-30
특별 관계자,정의함,LOGICAL,제133조제3항에 따른 특별 관계자,133,0.95,정의|특별 관계자,2026-04-30
특별 관계자,참조함,STRUCTURE,제133조제3항,133,0.9,참조|제133조제3항,2026-04-30
공개매수사무취급자,정의함,LOGICAL,공개매수사무취급자,제133조제2항,0.9,정의|공개매수사무취급자,2026-04-30
공개매수사무취급자,참조함,STRUCTURE,제133조제2항,제133조제2항,0.8,참조|제133조제2항,2026-04-30
발행인,정의함,LOGICAL,공개매수대상회사,제134조제1항제2호,0.95,공개매수대상회사 정의|발행인,2026-04-30
공개매수신고서,정의함,LOGICAL,제134조제2항에 따른 공개매수신고서,제134조제2항,0.95,정의|공개매수신고서,2026-04-30
열람장소,정의함,LOGICAL,공개매수설명서,제137조제1항,0.9,열람장소,2026-04-30
공개매수설명서,열람,ACTION,장소,제137조제1항,0.9,열람장소,2026-04-30
공개매수신고서,금지함,ACTION,공개매수공고에 기재된 내용과 다른 내용 표시,146,0.95,공개매수신고서|공개매수공고에 기재된 내용|다른 내용 표시,2026-04-30
공개매수신고서,금지함,ACTION,그 기재 사항을 빠뜨림,146,0.95,공개매수신고서|기재 사항|빠뜨림,2026-04-30
대통령령으로 정하는 사항,정의함,LOGICAL,공개매수사무취급자에 관한 사항,제134조제2항제7호,0.95,대통령령으로 정하는 사항|공개매수사무취급자에 관한 사항,2026-04-30
대통령령으로 정하는 사항,정의함,LOGICAL,공개매수대상회사의 현황,제134조제2항제7호,0.95,대통령령으로 정하는 사항|공개매수대상회사의 현황,2026-04-30
대통령령으로 정하는 사항,정의함,LOGICAL,공개매수의 방법,제134조제2항제7호,0.95,대통령령으로 정하는 사항|공개매수의 방법,2026-04-30
대통령령으로 정하는 사항,정의함,LOGICAL,공개매수에 필요한 자금이나 교환대상 증권의 조성내역(차입인 경우에는 차입처를 포함한다),제134조제2항제7호,0.95,대통령령으로 정하는 사항|공개매수에 필요한 자금이나 교환대상 증권의 조성내역,2026-04-30
대통령령으로 정하는 사항,정의함,LOGICAL,공개매수자와 그 특별관계자의 최근 1년간 공개매수대상회사의 주식등의 보유상황과 거래상황,제134조제2항제7호,0.95,대통령령으로 정하는 사항|공개매수자와 그 특별관계자의 최근 1년간 공개매수대상회사의 주식등의 보유상황과 거래상황,2026-04-30
대통령령으로 정하는 사항,정의함,LOGICAL,공개매수대상회사의 임원이나 최대주주와 사전협의가 있었는지와 사전협의가 있는 경우에는 그 협의내용,제134조제2항제7호,0.95,대통령령으로 정하는 사항|공개매수대상회사의 임원이나 최대주주와 사전협의가 있었는지와 사전협의가 있는 경우에는 그 협의내용,2026-04-30
대통령령으로 정하는 사항,정의함,LOGICAL,공개매수가 끝난 후 공개매수대상회사에 관한 장래계획,제134조제2항제7호,0.95,대통령령으로 정하는 사항|공개매수가 끝난 후 공개매수대상회사에 관한 장래계획,2026-04-30
대통령령으로 정하는 사항,정의함,LOGICAL,공개매수의 중개인이나 주선인이 있는 경우에는 그에 관한 사항,제134조제2항제7호,0.95,대통령령으로 정하는 사항|공개매수의 중개인이나 주선인이 있는 경우에는 그에 관한 사항,2026-04-30
대통령령으로 정하는 사항,정의함,LOGICAL,공개매수신고서와 공개매수설명서의 열람장소,제134조제2항제7호,0.95,대통령령으로 정하는 사항|공개매수신고서와 공개매수설명서의 열람장소,2026-04-30
공개매수신고서,첨부,ACTION,서류,제134조제3항,0.9,공개매수신고서|서류,2026-04-30
대통령령으로 정하는 기간,정의함,LOGICAL,20일 이상 60일 이내의 기간,제134조제3항,0.95,대통령령으로 정하는 기간|20일 이상 60일 이내,2026-04-30
공개매수자,확인,ACTION,주민등록번호를 포함한 주민등록표 초본,제36조제1항,0.95,주민등록번호 확인|주민등록표 초본,2026-04-30
공개매수자,확인,ACTION,법인 등기사항증명서,제36조제1항,0.9,법인 등기사항증명서,2026-04-30
공개매수자,첨부하도록 하,ACTION,주민등록번호를 포함한 주민등록표 초본,제36조제1항,0.9,주민등록번호 확인|주민등록표 초본,2026-04-30
공개매수자,확인,ACTION,주민등록번호를 포함한 주민등록표 초본에 준하는 서류(외국인),제36조제1항,0.85,주민등록번호 확인|외국인 서류,2026-04-30
공개매수자,확인,ACTION,법인 등기사항증명서에 준하는 서류(법인),제36조제1항,0.85,법인 등기사항증명서|법인 서류,2026-04-30
신주의 발행,증명,ACTION,서류 6,제18조제2항제2호,0.95,공개매수|신주의 발행,2026-04-30
공개매수,간주함,LOGICAL,신주의 발행을 증명하는 서류 6,제18조제2항제2호,0.85,공개매수|신주의 발행,2026-04-30
공개매수,규정함,STRUCTURE,제18조제2항제2호에 따른 기준에 해당하지 아니할 목적으로,제18조제2항제2호,0.9,공개매수|제18조제2항제2호,2026-04-30
신고자,요구함,ACTION,신고서,제119조제1항,0.95,공개매수신고서,2026-04-30
신고자,요구함,ACTION,서류7,제119조제1항,0.9,주식등의 매수등에 행정관청의 허가·인가 또는 승인이 필요한 경우,2026-04-30
신고자,요구함,ACTION,서류8,제119조제1항,0.9,공개매수공고 내용,2026-04-30
신고자,요구함,ACTION,서류9,제119조제1항,0.9,계약서 사본,2026-04-30
신고자,요구함,ACTION,서류10,제119조제1항,0.9,기타 서류,2026-04-30
신고자,요구함,ACTION,서류⑤,제119조제1항,0.9,금융위원회가 정하여 고시하는 서류,2026-04-30
공개매수조건의 변경금지,정의함,LOGICAL,제147조,147,0.95,공개매수조건의 변경금지|제147조,2026-04-30
공개매수조건,정의함,LOGICAL,공개매수기간의 단축,136-3,0.95,공개매수조건 정의|공개매수기간 단축,2026-04-30
공개매수조건,정의함,LOGICAL,법,136-3,0.85,공개매수조건 정의|법,2026-04-30
공개매수조건,참조함,STRUCTURE,대통령령,136-3,0.9,대통령령|공개매수조건 정의,2026-04-30
응모주주,허용함,ACTION,대가 종류 및 공개매수조건,139조제4항,0.9,대가 종류 변경|공개매수조건 변경,2026-04-30
응모주주,예외로함,LOGICAL,응모주가 선택할 수 있는 대가 종류 추가,139조제4항,0.8,대가 종류 추가|예외,2026-04-30
응모주주,예외로함,LOGICAL,공개매수대금지급기간 연장을 초래하는 공개매수조건 변경,139조제4항,0.8,공개매수조건 변경|대금지급기간 연장|예외,2026-04-30
산술평균가격,정의함,LOGICAL,공개매수가격의 90% 이상,제136조제1항,0.95,산술평균가격|공개매수가격|조건|90%,2026-04-30
대항공개매수,요구함,ACTION,매수가격 인상,139,0.95,매수가격 인상,2026-04-30
대항공개매수,요구함,ACTION,공개매수기간 연장,139,0.95,공개매수기간 연장,2026-04-30
대항공개매수,요구함,ACTION,매수예정 주식등의 수 증가,139,0.9,매수예정 주식등의 수 증가,2026-04-30
공개매수설명서,정의함,LOGICAL,작성,제148조,0.6,공개매수설명서|작성,2026-04-30
공개매수설명서,포함,STRUCTURE,법,제137조제1항,0.95,공개매수설명서|법,2026-04-30
공개매수자,요구함,ACTION,각 호의 사항,제134조제2항,0.95,기재|각 호의 사항,2026-04-30
공개매수자,예외로함,LOGICAL,금융위원회가 정하여 고시하는 사항,제134조제2항,0.9,주권상장법인|금융위원회|고시하는 사항|기재 생략,2026-04-30
발행인,제출,ACTION,공개매수신고서,제149조,0.95,공개매수|제출,2026-04-30
공개매수 의견표명,요구함,ACTION,입장과 이유가 포함되어야 한다,138조제1항,0.95,공개매수 의견표명|입장과 이유|포함,2026-04-30
공개매수 의견표명,요구함,ACTION,광고·서신·문서에 의하여야 한다,138조제1항,0.9,공개매수 의견표명|광고·서신·문서|표현수단,2026-04-30
공개매수 의견표명,요구함,ACTION,제1항에서 정한 방법에 따라 그 사실을 알려야 한다,138조제1항,0.9,공개매수 의견표명|제1항에서 정한 방법|알림,2026-04-30
공개매수의 예외적 철회,정의함,LOGICAL,공개매수의 예외적 철회,150,0.9,예외적 철회|공개매수,2026-04-30
대통령령으로 정하는 경우,정의함,LOGICAL,공개매수자가 발행한 어음 또는 수표가 부도로 되거나 은행과의 당좌거래가 정지 또는 금지된 경우 및 공개매수대상회사에 다음 각 목의 어느 하나의 사유가 발생한 경우,139조제1항,0.95,대통령령으로 정하는 경우|정의,2026-04-30
대통령령으로 정하는 경우,정의함,LOGICAL,공개매수자가 발행한 어음 또는 수표가 부도로 되거나 은행과의 당좌거래가 정지 또는 금지된 경우,139조제1항,0.9,대통령령으로 정하는 경우|정의,2026-04-30
대통령령으로 정하는 경우,정의함,LOGICAL,공개매수대상회사에 다음 각 목의 어느 하나의 사유가 발생한 경우,139조제1항,0.9,대통령령으로 정하는 경우|정의,2026-04-30
중요한 영업이나 자산,양도ㆍ양수,ACTION,해산,제171조제2항,0.95,양도ㆍ양수|중요한 영업이나 자산,2026-04-30
중요한 영업이나 자산,양도ㆍ양수,ACTION,파산,제171조제2항,0.95,양도ㆍ양수|중요한 영업이나 자산,2026-04-30
중요한 영업이나 자산,양도ㆍ양수,ACTION,발행한 어음이나 수표의 부도,제171조제2항,0.95,양도ㆍ양수|중요한 영업이나 자산,2026-04-30
중요한 영업이나 자산,양도ㆍ양수,ACTION,은행과의 당좌거래의 정지 또는 금지,제171조제2항,0.95,양도ㆍ양수|중요한 영업이나 자산,2026-04-30
중요한 영업이나 자산,양도ㆍ양수,ACTION,주식등의 상장폐지,제171조제2항,0.95,양도ㆍ양수|중요한 영업이나 자산,2026-04-30
중요한 영업이나 자산,양도ㆍ양수,ACTION,"천재지변ㆍ전시ㆍ사변ㆍ화재, 그 밖의 재해 등으로 인하여 최근 사업연도 자산총액의 100분의 10 이상의 손 해가 발생한 경우",제171조제2항,0.95,양도ㆍ양수|중요한 영업이나 자산,2026-04-30
공개매수 외의 방법에 의한 주식등의 취득,정의함,LOGICAL,주식등의 취득,151,0.9,공개매수 외의 방법에 의한 주식등의 취득|주식등의 취득,2026-04-30
공개매수사무취급자,받는,ACTION,주식등의 매수 등 위탁,133,0.95,위탁|공개매수사무취급자,2026-04-30
공개매수사무취급자,예외로함,LOGICAL,공개매수의 적용대상,133,0.85,위탁|공개매수사무취급자,2026-04-30
공개매수공고와 공개매수신고서,근거함,STRUCTURE,계약사실과 내용,133,0.8,위탁|공개매수공고|공개매수신고서,2026-04-30
금융위원회의 조치,정의함,LOGICAL,금융위원회가 수행할 수 있는 조치,제152조,0.7,금융위원회|조치,2026-04-30
대통령령으로 정하는 조치,정의함,LOGICAL,1. 1년의 범위에서 공개매수의 제한(공개매수자와 공개매수자의 특별관계자만 해당한다),제146조제2항,0.95,정의|공개매수의 제한,2026-04-30
대통령령으로 정하는 조치,정의함,LOGICAL,2. 1년의 범위에서 공개매수사무 취급업무의 제한(공개매수사무취급자만 해당한다),제146조제2항,0.95,정의|공개매수사무 취급업무의 제한,2026-04-30
대통령령으로 정하는 조치,정의함,LOGICAL,3. 임원에 대한 해임권고,제146조제2항,0.95,정의|임원에 대한 해임권고,2026-04-30
대통령령으로 정하는 조치,정의함,LOGICAL,4. 법을 위반한 경우에는 고발 또는 수사기관에의 통보,제146조제2항,0.95,정의|고발 또는 수사기관에의 통보,2026-04-30
대통령령으로 정하는 조치,정의함,LOGICAL,5. 다른 법률을 위반한 경우에는 관련기관이나 수사기관에의 통보,제146조제2항,0.95,정의|관련기관이나 수사기관에의 통보,2026-04-30
대통령령으로 정하는 조치,정의함,LOGICAL,6. 경고 또는 주의 제2절 주식등의 대량보유상황의 보고,제146조제2항,0.95,정의|경고 또는 주의 제2절 주식등의 대량보유상황의 보고,2026-04-30
주식등의 대량보유,정의함,LOGICAL,보고,153,0.65,대량보유|보고,2026-04-30
대통령령으로 정하는 날,정의함,LOGICAL,공휴일,제147조제1항,1.0,대통령령으로 정하는 날|공휴일,2026-04-30
대통령령으로 정하는 날,정의함,LOGICAL,근로자의 날,제147조제1항,1.0,대통령령으로 정하는 날|근로자의 날,2026-04-30
대통령령으로 정하는 날,정의함,LOGICAL,토요일,제147조제1항,1.0,대통령령으로 정하는 날|토요일,2026-04-30
대통령령으로 정하는 사항,정의함,LOGICAL,주식등을 대량보유(법,제147조제1항,0.95,정의|대통령령으로 정하는 사항,2026-04-30
대량보유자,정의함,LOGICAL,제147조제1항에 따른 대량보유를 말한다,제147조제1항,0.95,대량보유자 정의,2026-04-30
대량보유자,요구함,ACTION,보유상황 보고,제7조,0.95,대량보유자|보유상황 보고,2026-04-30
보고기준일,정의함,LOGICAL,상장일,제7조,0.95,보고기준일|상장일,2026-04-30
보고기준일,정의함,LOGICAL,합병일,제7조,0.95,보고기준일|합병일,2026-04-30
보고기준일,정의함,LOGICAL,계약체결일(시장),제7조,0.95,보고기준일|계약체결일(시장),2026-04-30
보고기준일,정의함,LOGICAL,계약체결일(외부),제7조,0.95,보고기준일|계약체결일(외부),2026-04-30
보고기준일,정의함,LOGICAL,대금수령일과 인도일 중 먼저 도래하는 날,제7조,0.95,보고기준일|대금수령일과 인도일 중 먼저 도래하는 날,2026-04-30
보고기준일,정의함,LOGICAL,주금납입일의 다음날,제7조,0.95,보고기준일|주금납입일의 다음날,2026-04-30
보고기준일,정의함,LOGICAL,차입계약 체결일 및 인도일,제7조,0.95,보고기준일|차입계약 체결일 및 인도일,2026-04-30
보고기준일,정의함,LOGICAL,민법에 따른 효력발생일 및 인도일,제7조,0.95,보고기준일|민법에 따른 효력발생일 및 인도일,2026-04-30
보고기준일,정의함,LOGICAL,"상속인 1인: 단순승인/한정승인에 따라 상속이 확정되는 날, 상속인 2인 이상: 재산분할 종료되는 날",제7조,0.95,보고기준일|상속인 1인 상속 확정|상속인 2인 이상 재산분할 종료,2026-04-30
보유 주식등의 수가 가장 많은 자,선정하여,ACTION,대표자,제147조제1항,0.95,대표자 선정|보유 주식 수,2026-04-30
대표자,보고할 수 있다,ACTION,연명,제147조제1항,0.9,보고|연명,2026-04-30
본인과 그 특별관계자,함께 보고하는 경우,LOGICAL,대표자 선정 및 연명 보고 가능,제147조제1항,0.85,보고 조건|대표자 선정,2026-04-30
금융위원회,정하고 고시한다,ACTION,보고서의 서식과 작성방법 등에 관하여 필요한 사항,제147조제1항 및 제4항,0.95,보고서 서식 및 작성방법|정하고 고시한다,2026-04-30
보고서,준용함,STRUCTURE,제147조제1항 및 제4항,제147조제1항 및 제4항,0.9,보고서|제147조제1항 및 제4항,2026-04-30
대량보유 보고 특례,정의함,LOGICAL,법,154조,0.6,대량보유 보고 특례|법,2026-04-30
대통령령으로 정하는 것,정의함,LOGICAL,다음 각 호의 어느 하나에 해당하는 것을 위하여 회사나 그 임원에 대하여 사실상 영향력을 행사,제147조제1항,0.95,정의|대통령령으로 정하는 것,2026-04-30
대통령령으로 정하는 것,참조함,STRUCTURE,다음 각 호의 어느 하나에 해당하는 것,제147조제1항,0.9,참조|대통령령으로 정하는 것,2026-04-30
제363조의2,근거함,STRUCTURE,제363조,제363조의2,0.6,상위조항,2026-04-30
권리 행사,정의함,LOGICAL,제366조에 따른 권리를 행사하거나 이를 제3자가 행사하도록 하는 것과 법,제366조,0.95,권리 행사|제366조에 따른 권리|제3자,2026-04-30
권리 행사,참조함,STRUCTURE,제366조,제366조,0.9,권리 행사|제366조,2026-04-30
의결권 대리행사 권유,정의함,LOGICAL,"의결권 대리행사를 권유하는 행위이며, 단순히 의견을 전달하거나 대외적으로 의사를 표시하는 행위는 제외한다",152,0.95,포함|제외,2026-04-30
의결권 대리행사 권유,예외로함,LOGICAL,단순히 의견을 전달하거나 대외적으로 의사를 표시하는 행위,152,0.9,제외,2026-04-30
제385조제2항,참조함,STRUCTURE,같은 법,제385조제2항,0.5,같은 법,2026-04-30
제415조,준용함,STRUCTURE,제415조에서 준용하는 경우,415,0.9,준용|제415조,2026-04-30
권리,금지함,ACTION,제402조에 따른 권리,제402조,0.95,권리|제402조에 따른 권리,2026-04-30
제2항 각 호의 어느 하나에 해당하는 자 또는 금융위원회가 정하여 고시하는 자,금지함,ACTION,제402조에 따른 권리,제402조,0.9,제2항 각 호의 어느 하나에 해당하는 자|금융위원회가 정하여 고시하는 자|제402조에 따른 권리,2026-04-30
이사회 등 상법에 따른 회사의 기관과 관련된 정관의 변경,금지함,ACTION,제402조에 따른 권리,제402조,0.8,이사회|상법|정관의 변경|제402조에 따른 권리,2026-04-30
회사 자본금의 변경,금지함,ACTION,제402조에 따른 권리,제402조,0.8,회사 자본금|제402조에 따른 권리,2026-04-30
권리 행사,예외로함,LOGICAL,제424조,제424조,0.95,권리 행사|제424조에 따른 권리,2026-04-30
대통령령으로 정하는 자,정의함,LOGICAL,지방자치단체,제147조제1항,0.98,정의|대통령령|지방자치단체,2026-04-30
대통령령으로 정하는 자,정의함,LOGICAL,금융위원회가 정하여 고시하는 자,제147조제1항,0.98,정의|대통령령|금융위원회,2026-04-30
보유목적,정의함,LOGICAL,법,제147조,0.95,보유목적|법,2026-04-30
발행인,보고할 수 있다,ACTION,각 호의 구분,제148조,0.95,보고|제148조에 따른,2026-04-30
발행인,예외로함,LOGICAL,경영권에 영향을 주기 위한 것,제148조,0.85,경영권|예외,2026-04-30
제148조,구조적,STRUCTURE,발행인,제148조,0.9,제148조에 따른,2026-04-30
제418조제1항,상위조항,STRUCTURE,제418조,제418조제1항,0.6,제418조제1항,2026-04-30
단순투자 목적,정의함,LOGICAL,보유하는 주식등의 수와 관계없이 법률에 따라 보 장되는 권리만을 행사하기 위한 것,제462조,0.95,단순투자 목적|보유자|보 장되는 권리,2026-04-30
보유자,요구함,ACTION,보유 상황 및 보유 목적을 기재한 보 고서로 보고하되,제462조,0.95,보유자|보 고서|보유 상황|보유 목적,2026-04-30
보유자,요구함,ACTION,그 변동이 있었던 달의 다음 달 10일까지 보고할 것,제462조,0.9,보유 상황 변동|보고 기한,2026-04-30
확인 및 보고,요구함,ACTION,보고서,제153조제2항제1호ㆍ제2호와 제4호의 사항 라.,0.95,확인 및 보고|보고서|단순투자 목적,2026-04-30
확인 및 보고,확인함,ACTION,주식등의 보유기간 동안 주식등의 수와 관계없이 보장되는 권리의 행사 외의 행위,제153조제2항제1호ㆍ제2호와 제4호의 사항 라.,0.9,확인 및 보고|보유기간|보장되는 권리|행위,2026-04-30
보고서,보고할 것,ACTION,보유 상황에 변동이 있는 경우,제153조제2항제1호ㆍ제2호와 제4호의 사항 라.,0.9,보고서|보유 상황|변동|10일 이내,2026-04-30
보유 주식등에 관한 주요계약내용 3,삭제함,ACTION,삭제된 내용,제153조제2항제6호의 사항 다,0.9,삭제|보유 주식등에 관한 주요계약내용,2026-04-30
전문투자자,요구함,ACTION,보고서,147,0.95,보고|보유 상황 및 변동 내용|분기의 다음 달 10일,2026-04-30
제153조,정의함,LOGICAL,제153조제2항제1호 및 제2호의 사항 ⑤,제153조,0.7,정의|항목,2026-04-30
전문투자자 중 제2항제4호에 해당하는 자,허용함,ACTION,보고,제147조제1항,0.95,보고|제2항제4호,2026-04-30
제147조제1항 후단,참조함,STRUCTURE,제147조,제147조제1항,0.9,제147조제1항 후단|제147조,2026-04-30
보고,요구함,ACTION,보고서,148,0.92,보고|보고서,2026-04-30
보고,요구함,ACTION,5일 이내에 보고,148,0.88,보고|5일 이내,2026-04-30
보고,참조함,STRUCTURE,제3항제1호가목부터 다목까지,148,0.85,보고|제3항제1호가목부터 다목까지,2026-04-30
발행인,요구함,ACTION,보고서,148,0.95,보고서|보고|제148조,2026-04-30
보고서,포함함,LOGICAL,제4항 각 호의 사항,148,0.9,제4항|항목,2026-04-30
보고서,포함함,LOGICAL,보유 목적,148,0.9,보유목적,2026-04-30
보고서,포함함,LOGICAL,보장되는 권리 행사 외의 행위 하지 않겠다는 확인,148,0.85,권리행사|확인,2026-04-30
보고서,포함함,LOGICAL,보유 기간,148,0.8,보유기간,2026-04-30
보유자,요구함,ACTION,보고서,제148조,0.95,보유자|보고|보고서|경영권 영향|단순투자 목적,2026-04-30
보유자,보고할 것,ACTION,보고서,제148조,0.9,보고서|보고 기한|법제처 108 국가법령정보센터 자본시장과 금융투자업에 관한 법률 시행령 10일,2026-04-30
변경보고,정의함,LOGICAL,중요한 사항의 변경보고,제155조,0.9,변경보고 정의|중요한 사항,2026-04-30
주요계약내용 등 대통령령으로 정하는 중요한 사항,정의함,LOGICAL,보유 목적,제147조제4항,0.95,보유 목적,2026-04-30
주요계약내용 등 대통령령으로 정하는 중요한 사항,정의함,LOGICAL,단순투자 목적 여부,제147조제4항,0.95,단순투자 목적 여부,2026-04-30
주요계약내용 등 대통령령으로 정하는 중요한 사항,정의함,LOGICAL,보유 주식등에 대한 신탁ㆍ담보계약,제147조제4항,0.95,보유 주식등에 대한 신탁ㆍ담보계약,2026-04-30
주요계약내용 등 대통령령으로 정하는 중요한 사항,정의함,LOGICAL,보유 형태,제147조제4항,0.95,보유 형태,2026-04-30
주요계약내용 등 대통령령으로 정하는 중요한 사항,정의함,LOGICAL,"보유 목적, 단순투자 목적 여부, 보유 주식등에 대한 신탁ㆍ담보계약, 보유 형태",제147조제4항,0.95,보유 목적|단순투자 목적 여부|보유 주식등에 대한 신탁ㆍ담보계약|보유 형태,2026-04-30
송부,요구함,ACTION,대량보유보고서,제156조,0.95,송부|대량보유보고서,2026-04-30
중요한 사항의 범위,정의함,LOGICAL,법,제157조,0.95,정의|범위,2026-04-30
대통령령으로 정하는 중요한 사항,정의함,LOGICAL,"대량보유자와 그 특별관계자에 관한 사항, 보유 목적, 보유 또는 변동 주식등의 종류와 수, 취득 또는 처분 일자, 보유 주식등에 관한 신탁ㆍ담보계약, 그 밖의 주요계약 내용",제150조제1항,0.99,정의|중요한 사항,2026-04-30
의결권행사 제한기간,정의함,LOGICAL,제158조,제158조,0.95,의결권행사 제한기간 정의,2026-04-30
대통령령으로 정하는 기간,정의함,LOGICAL,다음 각 호의 어느 하나에 해당 하는 기간,제150조제1항,0.95,정의함|대통령령으로 정하는 기간,2026-04-30
보고,정의함,LOGICAL,제147조제1항ㆍ제3항 또는 제4항에 따른 보고를 하지 아니한 경우,147,0.85,보고|제147조,2026-04-30
제147조제1항ㆍ제3항 또는 제4항에 따른 보고,상위조항,STRUCTURE,제147조,147,0.95,보고|제147조,2026-04-30
거짓 보고,정의함,LOGICAL,거짓으로 보고하거나 그 기재를 빠뜨린 경우,제157조,0.9,거짓 보고|거짓으로 보고하거나 기재를 빠뜨린 경우,2026-04-30
주식등의 매수등,제한기간,STRUCTURE,보고 후 6개월,제157조,0.7,주식등의 매수등|보고 후 6개월,2026-04-30
보고 지연 기간,정의함,LOGICAL,해당 주식등의 매수등을 한 날부 터 그 보고를 한 날까지의 기간,제147조,0.95,보고 지연 기간|기간 정의,2026-04-30
금융위원회의 조치,정의함,LOGICAL,제159조,제159조,0.9,금융위원회의 조치|제159조,2026-04-30
대통령령으로 정하는 조치,정의함,LOGICAL,다른 법률을 위반한 경우에는 관련기관이나 수사기관에의 통보,제151조제2항,0.95,정의함|대통령령으로 정하는 조치,2026-04-30
대통령령으로 정하는 조치,정의함,LOGICAL,경고 또는 주의 법제처 109 국가법령정보센터 자본시장과 금융투자업에 관한 법률 시행령 제3절 의결권 대리행사의 권유 제한,제151조제2항,0.95,정의함|대통령령으로 정하는 조치,2026-04-30
위임장 용지 교부방법,정의함,LOGICAL,제160조,160,0.9,위임장 용지 교부방법|정의,2026-04-30
의결권권유자,권유,ACTION,의결권피권유자,제152조제1항,0.9,의결권권유자|의결권피권유자,2026-04-30
의결권권유자,내주다,ACTION,위임장 용지 및 참고서류,제152조제1항,0.95,의결권권유자|의결권피권유자|위임장 용지 및 참고서류|다음 각 호의 어느 하나에 해당하는 방법,2026-04-30
의결권 대리행사,정의함,LOGICAL,권유로 보지 아니하는 경우,제161조,0.9,의결권 대리행사|권유로 보지 아니하는 경우,2026-04-30
대통령령으로 정 하는 경우,정의함,LOGICAL,해당 상장주권의 발행인(그 특별관계자를 포함한다)과 그 임원(그 특별관계자를 포함한다) 외의 자가 10인 미만 의 의결권피권유자에게 그 주식의 의결권 대리행사의 권유를 하는 경우,제152조제2항,0.95,대통령령으로 정 하는 경우|의결권 대리행사 권유,2026-04-30
대통령령으로 정 하는 경우,정의함,LOGICAL,"신탁, 그 밖의 법률관계에 의하여 타인의 명의로 주식을 소유하는 자가 그 타인에게 해당 주식의 의결권 대리행사의 권유를 하는 경우",제152조제2항,0.95,대통령령으로 정 하는 경우|신탁 관계,2026-04-30
대통령령으로 정 하는 경우,정의함,LOGICAL,신문ㆍ방송ㆍ잡지 등 불특정 다수인에 대한 광고를 통하여 법,제152조제2항,0.9,대통령령으로 정 하는 경우|광고를 통한 의결권 대리행사,2026-04-30
행위자,요구함,ACTION,"광고내용에 해당 상장주권의 발행인 명칭, 광고의 이유, 주주총회 목적사항, 위임장 용 지, 참고서류 제공 장소만 표시",제152조제2항,0.95,광고 내용 표시|제한된 표시 항목,2026-04-30
광고 내용 표시,정의함,LOGICAL,"상장주권의 발행인 명칭, 광고의 이유, 주주총회 목적사항, 위임장 용 지, 참고서류 제공 장소만 표시",제152조제2항,0.9,광고 내용 표시 정의,2026-04-30
행위자,금지함,ACTION,"광고내용에 상장주권의 발행인 명칭, 광고의 이유, 주주총회 목적사항, 위임장 용 지, 참고서류 제공 장소 외의 항목 표시",제152조제2항,0.85,광고 내용 표시 제한,2026-04-30
공공적 법인,정의함,LOGICAL,법,162,0.9,공공적 법인 정의,2026-04-30
금융위원회,지정,ACTION,법인,제152조제3항,0.95,공공적 법인 지정|요건 충족|금융위원회,2026-04-30
금융위원회,권한을가짐,ACTION,공공적 법인 지정,제152조제3항,0.9,공공적 법인 지정|금융위원회,2026-04-30
공공적 법인,정의함,LOGICAL,공공적 법인(이하 “공공적 법인”이라 한다),제152조제3항,0.9,공공적 법인 정의,2026-04-30
위임장 용지 및 참고서류의 기재사항,정의함,LOGICAL,법,163,0.7,위임장 용지 및 참고서류의 기재사항|법,2026-04-30
의결권피권유자,작성,ACTION,위임장 용지,제152조제6항,0.95,위임장 작성 요건|의결권피권유자,2026-04-30
위임장 용지,기재,ACTION,의결권을 대리행사하도록 위임한다는 내용,제152조제6항,0.9,위임장 작성 요건|위임장 내용,2026-04-30
위임장 용지,기재,ACTION,의결권권유자 등 의결권을 위임받는 자,제152조제6항,0.9,위임장 작성 요건|위임장 내용,2026-04-30
위임장 용지,기재,ACTION,의결권피권유자가 소유하고 있는 의결권 있는 주식 수,제152조제6항,0.9,위임장 작성 요건|위임장 내용,2026-04-30
위임장 용지,기재,ACTION,위임할 주식 수,제152조제6항,0.9,위임장 작성 요건|위임장 내용,2026-04-30
위임장 용지,기재,ACTION,주주총회의 각 목적사항과 목적사항별 찬반 여부,제152조제6항,0.9,위임장 작성 요건|위임장 내용,2026-04-30
위임장 용지,기재,ACTION,주주총회 회의시 새로 상정된 안건이나 변경 또는 수정 안건에 대한 의결권 행사 위임 여부와 위임 내용,제152조제6항,0.9,위임장 작성 요건|위임장 내용,2026-04-30
위임장 용지,기재,ACTION,위임일자와 위임시간(주주총회의 목적사항 중 일부에 대하여 우선 의결권을 대리행사하도록 위임하는 경우에는 그 위임일자와 위임시간을 말한다),제152조제6항,0.9,위임장 작성 요건|위임장 내용,2026-04-30
위임장 용지,기재,ACTION,위임인의 성명과 주민등록번호(법인인 경우에는 명칭과 사업자등록번호를 말한다),제152조제6항,0.9,위임장 작성 요건|위임장 내용,2026-04-30
참고서류,기재함,ACTION,다음 각 호의 사항,제152조제1항,0.95,기재|각 호의 사항,2026-04-30
참고서류,구체적인 기재내용,ACTION,서식과 작성방법,제152조제1항,0.85,구체적인 기재내용|서식과 작성방법,2026-04-30
의결권 대리행사,계산함,ACTION,기간,제163조의2,0.95,의결권 대리행사|기간 계산,2026-04-30
대통령령으로 정하는 날,정의함,LOGICAL,정의 내용,제152조의2제2항,0.9,정의,2026-04-30
각 호의 날,정의함,LOGICAL,각 호의 날,제153조제1항,0.99,정의,2026-04-30
위임장 및 참고서류,제출해야 한다,ACTION,제출일,제164조,0.85,위임장|참고서류|제출일,2026-04-30
대통령령으로 정하는 날,정의함,LOGICAL,정의된 개념,제153조,0.95,정의,2026-04-30
정정요구,정의함,LOGICAL,정정요구 정의,165,0.9,정정요구 정의,2026-04-30
대통령령으로 정하는 날,정의함,LOGICAL,전단에서 “대통령령으로 정하는 날”이란,제156조제3항,0.95,정의,2026-04-30
대통령령으로 정하는 중요한 사항,정의함,LOGICAL,다음 각 호의 어느 하나에 해당하는 사항,제156조제3항,0.95,정의|대통령령|중요한 사항,2026-04-30
제163조제1항제2호의 사항 2,상위조항,STRUCTURE,제163조제1항제2호,제163조제1항제2호의 사항 2,0.9,하위조항,2026-04-30
의결권권유자,제외,ACTION,성명,제163조제2항제1호(가),0.95,의결권권유자 성명 제외|의결권권유자,2026-04-30
대통령령으로 정하는 경우,정의함,LOGICAL,정의,제156조제3항,0.95,대통령령으로 정하는 경우|정의,2026-04-30
기재사항,정의함,LOGICAL,제163조제2항제3호에 따른 기재사항이 다음 각 호의 어느 하나에 해당하는 경우를 말한다. 1. 기재나 표시사항이 불분명하여 의결권피권유자로 하여금 중대한 오해를 일으킬 수 있는 경우 2. 의결권권유자에게 불리한 정보를 생략하거나 유리한 정보만을 강조하는 등 과장되게 표현된 경우,제163조제2항제3호,0.95,기재사항 정의|제163조제2항제3호,2026-04-30
금융위원회,조치,ACTION,없음,166,0.95,금융위원회|조치,2026-04-30
대통령령으로 정하는 조치,정의함,LOGICAL,1년의 범위에서 의결권 대리행사의 권유의 제한,제158조제2항,0.95,정의|대통령령으로 정하는 조치,2026-04-30
대통령령으로 정하는 조치,정의함,LOGICAL,경고 또는 주의 제3장 상장법인의 사업보고서 등,제158조제2항,0.95,정의|대통령령으로 정하는 조치,2026-04-30
사업보고서 제출대상법인,정의함,LOGICAL,법,제167조,0.8,사업보고서 제출대상법인 정의,2026-04-30
대통령령으로 정하는 법인,정의함,LOGICAL,다음 각 호의 법인,제159조제1항,0.95,정의|법인,2026-04-30
대통령령으로 정하는 법인,정의함,LOGICAL,증권시장에 상장한 발행인,제159조제1항,0.92,정의|법인|증권시장|발행인,2026-04-30
유동화전문회사,정의함,LOGICAL,제 3조에 따른 유동화전문회사등을 말한다)이 발행하는 출자지분은 제외한다,제 3조,0.85,정의|제3조|출자지분 제외,2026-04-30
유동화전문회사,예외로함,LOGICAL,발행하는 출자지분,제 3조,0.8,예외|출자지분,2026-04-30
사채권,정의함,LOGICAL,보증사채권을 제외한 사채권,제362조제8항,0.95,사채권 정의|보증사채권 제외,2026-04-30
사채권,예외로함,LOGICAL,보증사채권,제362조제8항,0.9,사채권 예외|보증사채권,2026-04-30
사채권,포함함,LOGICAL,전환사채권,제362조제8항,0.85,사채권 포함|전환사채권,2026-04-30
사채권,포함함,LOGICAL,신주인수권부사채권,제362조제8항,0.85,사채권 포함|신주인수권부사채권,2026-04-30
사채권,포함함,LOGICAL,이익참가부사권,제362조제8항,0.85,사채권 포함|이익참가부사권,2026-04-30
사채권,포함함,LOGICAL,교환사채권,제362조제8항,0.85,사채권 포함|교환사채권,2026-04-30
사채권,포함함,LOGICAL,신주인수권이 표시된 증권,제362조제8항,0.8,사채권 포함|신주인수권 표시,2026-04-30
모집과 법,준용함,STRUCTURE,제117조의10제1항,제117조의10제1항,0.95,모집과 법|제117조의10제1항,2026-04-30
주권,정의함,LOGICAL,주권상장법인,제130조제1항,0.95,주권 정의|포함,2026-04-30
주권,정의함,LOGICAL,제1호에 따른 발행인,제130조제1항,0.9,주권 정의|포함,2026-04-30
주권,정의함,LOGICAL,상장이 폐지된 발행인,제130조제1항,0.85,주권 정의|포함,2026-04-30
주권,정의함,LOGICAL,제1호 각 목의 어느 하나에 해당하는 증권,제130조제1항,0.8,주권 정의|포함,2026-04-30
주권,참조함,STRUCTURE,주식회사 등의 외부감사에 관한 법률,제130조제1항,0.9,주권 참조|법률,2026-04-30
외부감사대상 법인,정의함,LOGICAL,제4조에 따른 외부감사대상 법인(해당 사업연도에 처음 외부감사대상이 된 법인은 제외한다)으로서 제2호 각 목의 증권별로 그 증권의 소유자 수가 500인 이상인 발행인,제4조,0.95,외부감사대상 법인|제4조|증권|소유자 수|500인 이상|발행인,2026-04-30
외부감사대상 법인,예외로함,LOGICAL,해당 사업연도에 처음 외부감사대상이 된 법인은 제외한다,제4조,0.9,외부감사대상 법인|예외|사업연도|첫번째 외부감사대상,2026-04-30
외부감사대상 법인,정의함,LOGICAL,증권별 소유자 수가 500인 이상인 발행인,제4조,0.9,외부감사대상 법인|증권|소유자 수|500인 이상|발행인,2026-04-30
외부감사대상 법인,정의함,LOGICAL,증권의 소유자 수가 500인 이상이었다가 500인 미만으로 된 경우로서 제2항제5호에 해당하지 않는 발행인 포함,제4조,0.9,외부감사대상 법인|소유자 수|500인 이상|500인 미만|제2항제5호|발행인,2026-04-30
대통령령으로 정하는 경우,정의함,LOGICAL,파산한 경우,제159조제1항,0.9,대통령령으로 정하는 경우|파산한 경우,2026-04-30
대통령령으로 정하는 경우,정의함,LOGICAL,상법,제159조제1항,0.9,대통령령으로 정하는 경우|상법,2026-04-30
발행인,요구함,ACTION,사업보고서 제출,제517조,0.95,사업보고서 제출|발행인|제517조,2026-04-30
발행인,예외로함,LOGICAL,사업보고서 제출,제517조,0.9,해산사유|상장폐지요건|금융위원회 확인,2026-04-30
사업보고서,정의함,LOGICAL,기재사항 및 첨부서류,제168조,0.9,사업보고서|기재사항 및 첨부서류,2026-04-30
대통령령으로 정하는 것,정의함,LOGICAL,임원 모두에게 지급된 그 사업연도의 보수 총액,제159조제2항제2호,0.99,대통령령으로 정하는 것|보수 총액,2026-04-30
이사,담당,ACTION,제출업무,제159조제7항,0.9,제159조제7항에 따른|제출업무 담당,2026-04-30
제159조제7항,참조함,STRUCTURE,대표이사와 제출업무를 담당하는 이사,제159조제7항,0.8,제159조제7항에 따른,2026-04-30
대표이사와 제출업무를 담당하는 이사,정의함,LOGICAL,제159조제7항에 따른,제159조제7항,0.85,대표이사와 이사 정의,2026-04-30
회사,제출해야 함,ACTION,사업보고서,169,0.95,사업보고서 제출 의무,2026-04-30
사업보고서,포함함,LOGICAL,"각 호의 사항(서명, 회사 개요, 이사회 등, 주주, 임원 및 직원, 대주주와 거래, 재무, 회계감사인 의견, 기타 금융위원회 고시 사항)",169,0.85,사업보고서 구성 항목,2026-04-30
법인,기재,ACTION,사업보고서,제7조제1항,0.95,사업보고서|재무제표|감사의견,2026-04-30
법인,적용하지 않음,ACTION,한국채택국제회계기준,제7조제1항,0.9,한국채택국제회계기준|적용|법인,2026-04-30
사업보고서,포함함,LOGICAL,재무제표,제7조제1항,0.85,재무제표|사업보고서,2026-04-30
사업보고서,허용함,ACTION,제출기한까지 제출,제159조제1항,0.95,제출|제출기한,2026-04-30
사업보고서,요구함,ACTION,"재무에 관한 사항, 부속명세, 금융위원회 고시사항, 연결재무제표에 대한 회계감사인 감사의견",제159조제1항,0.95,제출|재무에 관한 사항|부속명세|금융위원회 고시사항|회계감사인 감사의견,2026-04-30
법인,첨부해야 한다,ACTION,서류,제159조제2항,0.95,서류 첨부,2026-04-30
법인,첨부해야 한다,ACTION,회계감사인의 감사보고서,제159조제2항,0.95,서류 첨부,2026-04-30
회계감사인의 감사보고서,정의함,LOGICAL,그 법인의 재무제표에 대한 감사보고서와 연결재무제표에 대한 감사보고서,제159조제2항,0.9,정의,2026-04-30
회계감사인의 감사보고서,제출할 수 있다,ACTION,제5항에서 정한 기한 내에,제159조제2항,0.9,제5항 기한|사업보고서 제출,2026-04-30
법인,제출할 수 있다,ACTION,회계감사인의 감사보고서,제159조제2항,0.9,제5항 기한|사업보고서 제출,2026-04-30
감사보고서,정의함,LOGICAL,제447조의4에 따른 감사보고서,447조의4,0.95,정의|제447조의4에 따른,2026-04-30
감사보고서,참조함,STRUCTURE,제447조의4,447조의4,0.92,제447조의4에 따른,2026-04-30
대표이사,요구함,ACTION,사업보고서,169,0.95,사업보고서 확인·검토|대표이사,2026-04-30
대통령령으로 정하는 사항,정의함,LOGICAL,"사업보고서의 기재사항 중 중요사항에 관하여 거짓의 기재 또는 표시가 없고, 중요사항의 기재 또는 표시를 빠뜨리지 않았다는 사실",제159조제7항,0.95,정의함|대통령령|사업보고서,2026-04-30
대통령령으로 정하는 사항,정의함,LOGICAL,사업보고서의 기재 또는 표시 사항을 이용하는 자로 하여금 중대한 오해를 일으키는 내용이 기재 또는 표시되어 있지 아니하다는 사실,제159조제7항,0.95,정의함|대통령령|사업보고서,2026-04-30
대통령령으로 정하는 사항,정의함,LOGICAL,사업보고서의 기재사항에 대하여 상당한 주의를 다하여 직접 확인ㆍ검토하였다는 사실,제159조제7항,0.95,정의함|대통령령|사업보고서,2026-04-30
대통령령으로 정하는 사항,정의함,LOGICAL,주식회사 등의 외부감사에 관한 법률,제159조제7항,0.95,정의함|대통령령|외부감사법,2026-04-30
외부감사대상 법인,정의함,LOGICAL,제4조에 따른,제4조,0.9,외부감사대상 법인|제4조에 따른,2026-04-30
외부감사대상 법인,적용,ACTION,같은 법,제4조,0.95,외부감사대상 법인|적용,2026-04-30
기재사항,정의함,LOGICAL,반기보고서와 분기보고서에 기재해야 할 사항,170,0.9,기재사항|반기보고서|분기보고서,2026-04-30
반기보고서와 분기보고서,기재해야 할,ACTION,사항,170,0.95,기재사항|반기보고서|분기보고서,2026-04-30
현재 조항,준용함,STRUCTURE,제168조제1항부터 제4항,Unknown,0.95,현재 조항|제168조제1항부터 제4항|준용,2026-04-30
제4항,정의함,LOGICAL,한국채택국제회계기준을 적용하는 연결재무제표 작성대상법인만 해당한다,Unknown,0.9,제4항|한국채택국제회계기준|연결재무제표 작성대상법인,2026-04-30
반기보고서,허용함,ACTION,회계감사인의 확인 및 의견표시,Unknown,0.85,반기보고서|회계감사인 확인 및 의견표시,2026-04-30
한국채택국제회계기준을 적용하는 연결재무제표 작성대상법인,허용함,ACTION,그 법인의 재무제표에 대한 회계감사인의 확인 및 의견표시와 연결재무제표에 대한 회계감사인의 확인 및 의견표시,Unknown,0.8,한국채택국제회계기준|연결재무제표 작성대상법인|회계감사인 확인 및 의견표시,2026-04-30
가목 외의 법인,허용함,ACTION,그 법인의 재무제표에 대한 회계감사인의 확인 및 의견표시,Unknown,0.8,가목 외의 법인|회계감사인 확인 및 의견표시,2026-04-30
분기보고서,허용함,ACTION,회계감사인의 감사의견,Unknown,0.85,분기보고서|회계감사인 감사의견,2026-04-30
검사대상기관,정의함,LOGICAL,제38조에 따른 검사대상기관,38,0.95,검사대상기관|제38조에 따른,2026-04-30
검사대상기관,참조함,STRUCTURE,제1호,38,0.8,제1호,2026-04-30
회계감사인,생략할 수 있다,ACTION,감사의견,제168조제3항,0.9,감사의견 생략|분기보고서,2026-04-30
회계감사인,확인 및 의견표시로 갈음할 수 있다,ACTION,감사의견,제168조제3항,0.85,감사의견 대체|반기보고서,2026-04-30
회계감사인,부속명세를 기재하지 않을 수 있다,ACTION,부속명세,제168조제3항,0.8,부속명세 생략|제7호,2026-04-30
회계감사인,감사의견은 기준에 따른다,LOGICAL,감사의견,제168조제3항,0.7,감사의견 기준|제8호,2026-04-30
반기보고서,첨부,ACTION,회계감사인의 반기감사보고서 및 반기검토보고서,제38조,0.95,반기보고서|회계감사인|반기감사보고서|반기검토보고서,2026-04-30
반기보고서,첨부,ACTION,금융위원회가 정하여 고시하는 서류,제38조,0.9,반기보고서|금융위원회|고시서류,2026-04-30
분기보고서,첨부,ACTION,회계감사인의 분기감사보고서 및 분기검토보고서,제38조,0.95,분기보고서|회계감사인|분기감사보고서|분기검토보고서,2026-04-30
분기보고서,첨부,ACTION,회계감사인의 연결재무제표에 대한 분기감사보고서 및 분기검토보고서,제38조,0.9,분기보고서|연결재무제표|분기감사보고서|분기검토보고서,2026-04-30
주요사항보고서,정의함,LOGICAL,제출사유,제171조,0.7,주요사항보고서|제출사유,2026-04-30
자본 또는 부채의 변동,정의함,LOGICAL,다음 각 호의 어느 하나에 해당하는 경우,제161조제1항제5호,0.95,자본 또는 부채의 변동|정의,2026-04-30
증권신고서 제출,정의함,LOGICAL,제119조제1항,제119조제1항,0.95,증권신고서 제출|제119조제1항,2026-04-30
증권신고서 제출,참조함,STRUCTURE,제119조제1항,제119조제1항,0.9,제119조제1항,2026-04-30
제340조의2,정의함,LOGICAL,해당 조항의 내용,340조의2,0.3,제340조의2,2026-04-30
금융위원회,정하여 고시하는,ACTION,사채,제542조의3,0.9,주식매수선택권|사채,2026-04-30
금융위원회,정하여 고시하는,ACTION,조건부자본증권,제542조의3,0.7,조건부자본증권,2026-04-30
결의한 때,정의함,LOGICAL,양수·양도하려는 영업부문의 자산액(장부가액과 거래금액 중 큰 금액)이 최근 사업연도말 현재 자산총액의 100분의 10 이상인 양수·양도,제161조제1항제7호,0.95,결의한 때|양수·양도|자산액|자산총액|사업연도말|100분의 10,2026-04-30
결의한 때,정의함,LOGICAL,양수·양도하려는 영업부문의 매출액이 최근 사업연도말 현재 매출액의 100분의 10 이상인 양수·양도,제161조제1항제7호,0.95,결의한 때|양수·양도|매출액|현재 매출액|100분의 10,2026-04-30
결의한 때,정의함,LOGICAL,영업의 양수로 인하여 인수할 부채액이 최근 사업연도말 현재 부채총액의 100분의 10 이상인 양수,제161조제1항제7호,0.95,결의한 때|양수|부채액|부채총액|100분의 10,2026-04-30
결의한 때,정의함,LOGICAL,양수·양도하려는 자산액이 최근 사업연도말 현재 자산총액의 100분의 10 이상인 양수·양도,제161조제1항제7호,0.95,결의한 때|양수·양도|자산액|자산총액|100분의 10,2026-04-30
결의한 때,예외로함,LOGICAL,일상적인 영업활동으로서 상품·제품·원재료를 매매하는 행위 등 금융위원회가 정하여 고시하는 자산의 양수·양도는 제외한다,제161조제1항제7호,0.95,결의한 때|일상적인 영업활동|상품|제품|원재료|금융위원회|자산|양수·양도|제외,2026-04-30
대통령령으로 정하는 사실이 발생한 때,정의함,LOGICAL,다음 각 호의 어느 하나에 해당하는 것,제161조제1항제10호,0.95,정의|대통령령|사실 발생,2026-04-30
대통령령으로 정하는 사실이 발생한 때,정의함,LOGICAL,기업구조조정 촉진법,제161조제1항제10호,0.9,정의|기업구조조정 촉진법,2026-04-30
관리절차,개시되거나,ACTION,같은 법,제5조제2항,0.7,관리절차|개시|같은 법,2026-04-30
관리절차,참조함,STRUCTURE,제5조제2항,제5조제2항,0.9,관리절차|제5조제2항,2026-04-30
공동관리절차,중단한다,ACTION,법제처 114 국가법령정보센터 자본시장과 금융투자업에 관한 법률 시행령 2,19,0.85,공동관리절차|중단,2026-04-30
공동관리절차,참조함,STRUCTURE,법제처 114 국가법령정보센터 자본시장과 금융투자업에 관한 법률 시행령 2,19,0.85,공동관리절차|법제처 114|국가법령정보센터|자본시장과 금융투자업에 관한 법률 시행령 2,2026-04-30
증권,제기,ACTION,소송,제167조제1항제2호,0.85,중대한 영향을 미칠 소송,2026-04-30
중대한 영향을 미칠 소송,정의함,LOGICAL,소송,제167조제1항제2호,0.75,중대한 영향을 미칠 소송,2026-04-30
외국 거래소,상장폐지,ACTION,주권,제406조제1항제2호,0.92,외국 거래소|상장폐지|주권,2026-04-30
외국 거래소,매매 거래정지,ACTION,주권,제406조제1항제2호,0.9,외국 거래소|매매 거래정지|주권,2026-04-30
조건부자본증권,전환,ACTION,주식,제406조제1항제2호,0.85,조건부자본증권|전환|주식,2026-04-30
금융위원회,정하여 고시하는,LOGICAL,실,제406조제1항제2호,0.88,금융위원회|정하여 고시하는|실,2026-04-30
대통령령으로 정하는 서류,정의함,LOGICAL,서류나 그 사본,제161조제2항,0.95,정의|서류|사본,2026-04-30
은행,증명,ACTION,서류,제161조제1항제1호,0.95,부도 확인서|서류,2026-04-30
은행,제출,ACTION,서류,제161조제1항제1호,0.95,당좌거래정지 확인서|서류|은행,2026-04-30
영업정지 사실을 증명할 수 있는 서류,정의함,LOGICAL,"이사회의사록, 행정기관의 영업정지 처분 명령서 등",제161조제1항제2호,0.95,영업정지 사실을 증명할 수 있는 서류|정의,2026-04-30
법원,제출,ACTION,서류,제161조제1항제3호,0.95,회생절차개시신청서|서류,2026-04-30
회생절차개시신청서,정의함,LOGICAL,서류,제161조제1항제3호,0.95,회생절차개시신청서|서류,2026-04-30
서류,정의함,LOGICAL,해당 사유 발생 사실을 증명할 수 있는 서류,제161조제1항제4호,0.95,서류|증명할 수 있는 서류,2026-04-30
이사회,요구함,ACTION,서류,제161조제1항제5호부터 제9호까지,0.95,증명|서류,2026-04-30
서류,정의함,LOGICAL,통지서ㆍ소장 등 해당 사실을 증명할 수 있는 서류 및 금융위원회가 정하여 고시하는 서류,제161조제1항제10호,0.9,정의함|서류,2026-04-30
금융위원회,정의함,LOGICAL,정보제공요청 대상기관,제172조,0.85,정보제공요청 대상기관,2026-04-30
금융위원회,근거함,STRUCTURE,법,제172조,0.6,법,2026-04-30
제161조제4항,요구함,ACTION,다음 각 호의 기관에 정보의 제공,제161조제4항,0.95,제161조제4항|정보제공요청,2026-04-30
제161조제1항제1호의 사항,참조함,STRUCTURE,어음법,제161조제1항제1호,0.95,어음법,2026-04-30
수표법,참조함,STRUCTURE,제38조,제38조,0.9,수표법|제38조,2026-04-30
기관,지정함,ACTION,어음교환소,제31조,0.95,기관|어음교환소,2026-04-30
어음교환소,정의함,LOGICAL,기관이 지정된 어음교환소,제31조,0.9,어음교환소|기관,2026-04-30
제161조제1항제3호ㆍ제4호,참조함,STRUCTURE,제161조,제161조,0.9,제161조제1항제3호ㆍ제4호,2026-04-30
관할 법원,간주함,LOGICAL,제171조제3항제2호의 사항,제171조제3항제2호,0.95,관할|법원,2026-04-30
제171조제3항제1호의 사항,정의함,LOGICAL,기업구조조정 촉진법,제171조제3항제1호,0.95,정의함|기업구조조정 촉진법,2026-04-30
주채권은행,정의함,LOGICAL,주채권은행 또는 같은 법,제2조제5호,0.99,주채권은행|같은 법,2026-04-30
정보 소유 기관,정의함,LOGICAL,"해당 정보를 소유하고 있는 행정기관, 그 밖의 관계 기관",제 22조,0.95,정보 소유 기관 정의|금융채권자협의회 4,2026-04-30
배상책임을 지는 증권,정의함,LOGICAL,법,제173조,0.6,배상책임을 지는 증권 정의|법,2026-04-30
대통령령으로 정하는 증권,정의함,LOGICAL,해당 증권(그 증권과 관련된 증권예탁증권을 포함한다)과 교환을 청구할 수 있는 교환사채 권,제162조제1항,0.95,증권|교환사채권,2026-04-30
대통령령으로 정하는 증권,정의함,LOGICAL,해당 증권 및 제1호에 따른 교환사채권만을 기초자산으로 하는 파생결합증권,제162조제1항,0.95,증권|파생결합증권,2026-04-30
대통령령으로 정하는 증권,참조함,STRUCTURE,제162조제1항,제162조제1항,0.9,정의|참조,2026-04-30
대통령령으로 정하는 자,정의함,LOGICAL,"공인된 자격을 가진 자(공인회계사, 감정인, 신용평가 전문자, 변호사, 변리사, 세무사 등)",제162조제1항제3호,0.97,정의|대통령령|공인된 자격,2026-04-30
대통령령으로 정하는 사항,정의함,LOGICAL,다음 각 호의 어느 하나에 해당하는 사항,163,0.9,대통령령으로 정하는 사항|다음 각 호의 어느 하나에 해당하는 사항,2026-04-30
군사기밀,정의함,LOGICAL,제2조에 따른 군사기밀에 해당하는 사항 2. 법,제2조,0.95,정의|제2조,2026-04-30
제2조에 따른 군사기밀에 해당하는 사항 2. 법,참조함,STRUCTURE,제2조,제2조,0.9,참조|제2조,2026-04-30
사업보고서 제출대상법인,정의함,LOGICAL,제159조제1항에 따른 사업보고서 제출대상법인 또는 그 종속회사,제159조제1항,0.95,정의|사업보고서 제출대상법인,2026-04-30
사업보고서 제출대상법인,참조함,STRUCTURE,제159조제1항,제159조제1항,0.9,참조|제159조제1항,2026-04-30
종속회사,정의함,LOGICAL,제3조제1항에 따른 종속회사의 업무나 영업에 관한 것으로서 금융위원회의 확인을 받은 사항,제3조제1항,0.95,종속회사|정의,2026-04-30
제175조,정의함,LOGICAL,금융위원회의 조치,175,0.8,금융위원회|조치,2026-04-30
금융위원회,권한을가짐,ACTION,제175조,175,0.7,금융위원회|제175조,2026-04-30
대통령령으로 정하는 조치,정의함,LOGICAL,경고 또는 주의,제164조제2항,0.95,정의|대통령령|조치|경고|주의,2026-04-30
외국법인,요구함,ACTION,사업보고서,제176조,0.9,사업보고서 제출|외국법인,2026-04-30
제159조,참조함,STRUCTURE,제158조,159,0.2,제159조,2026-04-30
제161조 규정 제외,제161조까지의 규정,ACTION,제161조까지의 규정,161,0.95,제161조 규정 제외|적용하지 않는다,2026-04-30
제161조 규정 제외,예외로함,LOGICAL,외국 정부,161,0.9,제161조 규정 제외|외국 정부,2026-04-30
제161조 규정 제외,예외로함,LOGICAL,외국 지방자치단체,161,0.9,제161조 규정 제외|외국 지방자치단체,2026-04-30
제161조 규정 제외,예외로함,LOGICAL,외국 공공단체,161,0.9,제161조 규정 제외|외국 공공단체,2026-04-30
제161조 규정 제외,예외로함,LOGICAL,국제금융기구에의 가입조치에 관한 법률,161,0.9,제161조 규정 제외|국제금융기구에의 가입조치에 관한 법률,2026-04-30
외국법인등,요구함,ACTION,사업보고서,제2조제1항,0.95,사업보고서|외국법인등,2026-04-30
제출,허용함,ACTION,보고서,제159조제1항,0.95,제출|보고서|30일 이내|기간,2026-04-30
제160조제1항,제출할 수 있다,ACTION,전단에서 정하는 기간이 지난 후 15일 이내에,160조제1항,0.9,제출|제한기간,2026-04-30
외국법인,허용함,ACTION,사업보고서등 제출 또는 요약된 한글번역문 첨부 서류,제161조의2제1항,0.95,서류 제출|허용|제한 기간,2026-04-30
제168조,참조함,STRUCTURE,"제159조제1항, 제160조제1항, 제161조의2제1항",168,0.2,제168조|제159조제1항|제160조제1항|제161조의2제1항,2026-04-30
외국법인등,제출하지 아니할 수 있다,ACTION,재무제표,제170조,0.95,재무제표 제출 면제|외국법인등,2026-04-30
외국법인등,기재하지 아니할 수 있다,ACTION,"사업보고서에 기재되는 재무에 관한 사항 및 부속명세, 회계감사인의 감사의견",제170조,0.9,사업보고서 기재 예외|외국법인등,2026-04-30
외국법인등,기재하지 아니할 수 있다,ACTION,"반기보고서·분기보고서에 기재되는 재무에 관한 사항 및 부속명세, 회계감사인의 감사의견 또는 확인과 의견표시",제170조,0.9,반기·분기보고서 기재 예외|외국법인등,2026-04-30
외국 지주회사,제출,ACTION,주요사항보고서,제161조제1항,0.97,보고서 제출,2026-04-30
코넥스시장,정의함,LOGICAL,대통령령으로 정하는 증권시장,제165조제2항,0.95,정의|코넥스시장,2026-04-30
제160조 적용,예외로함,LOGICAL,제160조,제160조,0.95,제160조 적용|제160조,2026-04-30
자기주식,정의함,LOGICAL,취득ㆍ처분기준,제176조의2,0.6,자기주식|취득ㆍ처분기준,2026-04-30
제176조의2,참조함,STRUCTURE,제176조,제176조의2,0.8,제176조의2|제176조,2026-04-30
이사회,결의함,ACTION,각 호의 사항,제165조의3,0.95,자기주식|결의,2026-04-30
자기주식,요구함,ACTION,"취득 또는 처분의 목적ㆍ금액 및 방법, 주식의 종류 및 수, 그 밖에 금융위원회가 정하여 고시하는 사항",제165조의3제1항제1호,0.95,자기주식|취득|처분|금융위원회 고시,2026-04-30
신탁계약,요구함,ACTION,"체결 또는 해지의 목적ㆍ금액, 계약기간, 그 밖에 금융위원회가 정하여 고시하는 사항",제165조의3제1항제2호,0.95,신탁계약|체결|해지|목적|금액|계약기간|금융위원회 고시,2026-04-30
신탁계약,참조함,STRUCTURE,제165조의3제1항제2호,제165조의3제1항제2호,0.9,제165조의3제1항제2호|신탁계약,2026-04-30
자기주식 취득·처분·신탁계약 체결·해지,금지함,ACTION,자기주식,제165조의3,0.95,자기주식|취득|처분,2026-04-30
자기주식 취득·처분·신탁계약 체결·해지,금지함,ACTION,신탁계약,제165조의3,0.95,신탁계약|체결|해지,2026-04-30
시장조성,할,ACTION,기간 (미공개중요정보가 있는 경우 그 정보가 공개되기 전까지),205,0.95,미공개중요정보|공개전까지,2026-04-30
시장조성,할,ACTION,기간 (처분(신탁계약 해지 포함) 후 3개월간),205,0.95,처분|신탁계약 해지|3개월,2026-04-30
시장조성,할,ACTION,기간 (취득(신탁계약 체결 포함) 후 6개월간),205,0.95,취득|신탁계약 체결|6개월,2026-04-30
임직원에 대한 상여금으로 자기주식을 교부하는 경우,예외로함,LOGICAL,시장조성의 기간 (적용되지 않음),205,0.9,임직원|상여금|자기주식 교부,2026-04-30
주식매수선택권의 행사에 따라 자기주식을 교부하는 경우,예외로함,LOGICAL,시장조성의 기간 (적용되지 않음),205,0.9,주식매수선택권|자기주식 교부,2026-04-30
제205조제1항제5호,참조함,STRUCTURE,시장조성의 기간,205,0.9,제205조제1항제5호|시장조성,2026-04-30
미공개중요정보,정의함,LOGICAL,기간 (공개되기 전까지),205,0.9,미공개중요정보|공개전까지,2026-04-30
처분(신탁계약 해지 포함),정의함,LOGICAL,기간 (3개월),205,0.9,처분|신탁계약 해지|3개월,2026-04-30
취득(신탁계약 체결 포함),정의함,LOGICAL,기간 (6개월),205,0.9,취득|신탁계약 체결|6개월,2026-04-30
자기주식,제165조의3제2항에 따른,STRUCTURE,한도 초과 처분,제165조의3제2항,0.9,한도 초과|제165조의3제2항,2026-04-30
자기주식,지급함,ACTION,임직원에 대한 퇴직금ㆍ공로금 또는 장려금 등,제165조의3제2항,0.9,퇴직금|공로금|장려금,2026-04-30
자기주식,지급함,ACTION,근로복지기본법에 따른 사내근로복지 기금,제165조의3제2항,0.9,근로복지기본법|사내근로복지 기금,2026-04-30
기업,허용함,ACTION,교환사채권 발행,제2조제4호,0.95,교환사채권 발행|기업의 교환사채권 발행 허용,2026-04-30
교환사채권,예외로함,LOGICAL,6개월 이내 교환 불가,제2조제4호,0.9,교환사채권|6개월 이내 교환 제한,2026-04-30
주권상장법인,요구함,ACTION,자기주식,제165조의3제1항제2호,0.95,자기주식 취득|주권상장법인,2026-04-30
자기주식 취득,요구함,ACTION,법,제165조의3,0.9,자기주식 취득|법적 규정,2026-04-30
자기주식 취득,근거함,STRUCTURE,제165조의3제1항 및 제2항,제165조의3,0.85,자기주식 취득|제165조의3제1항 및 제2항,2026-04-30
금융위원회,정하여 고시함,ACTION,방법,제391조,0.9,고시 방법|증권시장,2026-04-30
제176조의3,삭제함,STRUCTURE,삭제,제176조의3,0.95,제176조의3|삭제,2026-04-30
제176조의4,삭제함,ACTION,법령,제176조의4,0.95,삭제|제176조의4,2026-04-30
제176조의4,상위조항,STRUCTURE,제176조,제176조의4,0.9,제176조의4|제176조,2026-04-30
주권상장법인,산정,ACTION,합병가액,제176조의5,0.95,합병가액 산정|주권상장법인|합병가액,2026-04-30
주권상장법인,따라야 한다,ACTION,합병가액,제176조의5,0.9,합병가액 산정|주권상장법인|합병가액,2026-04-30
주권상장법인,산정할 수 없는 경우에는,ACTION,제2호나목에 따른 가격,제176조의5,0.85,합병가액 산정|주권상장법인|제2호나목에 따른 가격,2026-04-30
주권상장법인,공시하여야 한다,ACTION,상대가치,제176조의5,0.9,상대가치|공시|주권상장법인,2026-04-30
주권상장법인인 기업인수목적회사,산정할 수 있다,ACTION,합병가액,제176조의5,0.9,기업인수목적회사|합병가액 산정,2026-04-30
주권상장법인,충족해야 한다,ACTION,요건,제176조의5,0.85,주권상장법인|합병 요건,2026-04-30
주권비상장법인,충족,ACTION,요건,제161조제1항,0.95,주권비상장법인|요건,2026-04-30
주권상장법인,합병,ACTION,다른 법인,제390조,0.95,합병,2026-04-30
주권상장법인,요구함,ACTION,상장규정에서 정하는 요건 ⑤,제390조,0.9,상장규정|합병,2026-04-30
주권상장법인,요구함,ACTION,외부평가기관의 평가,제165조의4제2항,0.95,합병가액 적정성 평가|외부평가기관의 평가,2026-04-30
외부평가기관,정의함,LOGICAL,다음 각 호의 어느 하나에 해당하는 자,제165조의4제2항,0.9,외부평가기관|정의,2026-04-30
평가업무,금지함,ACTION,평가업무 수행,제165조의4제2항,0.9,제165조의4제2항에 따른 평가업무|할 수 없다,2026-04-30
제4호의 경우,금지함,ACTION,해당 특정회사에 대한 평가업무 수행,제165조의4제2항,0.85,제4호의 경우|해당 특정회사에 대한 평가업무|할 수 없다,2026-04-30
제165조의4제2항에 따른 평가업무,예외로함,LOGICAL,제4호의 경우,제165조의4제2항,0.8,다만|제4호의 경우|제165조의4제2항에 따른 평가업무,2026-04-30
제165조의4제2항에 따른 평가업무,참조함,STRUCTURE,제165조의4제2항,제165조의4제2항,0.95,제165조의4제2항에 따른 평가업무|제165조의4제2항,2026-04-30
대통령령으로 정하는 경우,정의함,LOGICAL,외부평가기관이 제11항을 위반하여 외부평가업무품질관리규정을 마련하지 않은 경우,제165조의4제3항,0.95,정의|대통령령으로 정하는 경우,2026-04-30
대통령령으로 정하는 경우,정의함,LOGICAL,외부평가기관이 제12항 또는 제13항을 위반한 경우,제165조의4제3항,0.95,정의|대통령령으로 정하는 경우,2026-04-30
대통령령으로 정하는 경우,정의함,LOGICAL,외부평가기관의 임직원이 평가와 관련하여 알게 된 비밀을 누설하거나 업무 외의 목적으로 사용한 경우,제165조의4제3항,0.95,정의|대통령령으로 정하는 경우,2026-04-30
대통령령으로 정하는 경우,정의함,LOGICAL,외부평가기관의 임직원이 합병 등에 관한 평가와 관련하여 금융위원회가 정하여 고시하는 기준을 위반하여 직접 또는 간접으로 재산상의 이익을 제공받은 경우,제165조의4제3항,0.95,정의|대통령령으로 정하는 경우,2026-04-30
대통령령으로 정하는 경우,정의함,LOGICAL,그 밖에 투자자 보호와 외부평가기관의 평가의 공정성ㆍ독립성을 해칠 우려가 있는 경우로서 금융위원회가 정하여 고시하는 경우,제165조의4제3항,0.95,정의|대통령령으로 정하는 경우,2026-04-30
대통령령으로 정하는 경우,참조함,STRUCTURE,제165조의4제3항,제165조의4제3항,0.99,참조|대통령령으로 정하는 경우,2026-04-30
외부평가기관,제한할 수 있다,ACTION,평가 업무,제165조의4제3항,0.95,외부평가기관|평가 업무,2026-04-30
외부평가기관,평가를 제공한다,ACTION,합병가액의 적정성,제165조의4제3항,0.9,외부평가기관|합병가액의 적정성,2026-04-30
제165조의4제3항,근거함,STRUCTURE,"제1항부터 제5항까지, 제8항, 제9항 및 제11항부터 제15항까지",제165조의4제3항,0.85,"제165조의4제3항|제1항부터 제5항까지, 제8항, 제9항 및 제11항부터 제15항까지",2026-04-30
영업양수ㆍ양도,정의함,LOGICAL,요건·방법,제176조의6,0.95,영업양수ㆍ양도 정의|요건·방법,2026-04-30
영업양수ㆍ양도,상위조항,STRUCTURE,제176조,제176조의6,0.9,영업양수ㆍ양도 상위조항,2026-04-30
양수 또는 양도,정의함,LOGICAL,대통령령으로 정하는 중요한 영업 또는 자산의 양수 또는 양도,제165조의4제1항제2호,0.95,정의|양수 또는 양도,2026-04-30
각 호의 어느 하나,정의함,LOGICAL,해당하는 것,제171조제2항,0.95,정의|각 호의 어느 하나,2026-04-30
분할합병,정의함,LOGICAL,주식의 포괄적 교환 또는 포괄적 이전,제165조의4제1항제3호,0.75,분할합병|주식의 포괄적 교환 또는 포괄적 이전,2026-04-30
분할합병,참조함,STRUCTURE,제165조의4제1항제3호 및 제4호,제165조의4제1항제3호,0.85,분할합병|제165조의4제1항제3호|제4호,2026-04-30
합병가액 산정,준용함,ACTION,제176조의5제1항,제176조의5제1항,0.9,합병가액 산정|제176조의5제1항,2026-04-30
주식의 포괄적 이전으로서 그 주권상장법인이 단독으로 완전자회사가 되는 경우,예외로함,LOGICAL,제176조의5제1항,제176조의5제1항,0.8,주식의 포괄적 이전|완전자회사가 되는 경우|제176조의5제1항,2026-04-30
제176조의5제1항,참조함,STRUCTURE,제176조의5제2호,제176조의5제1항,0.7,제176조의5제1항|제176조의5제2호,2026-04-30
제176조의5제1항,정의함,LOGICAL,분할되는 법인의 합병대상이 되는 부분의 합병가액 산정,제176조의5제1항,0.8,제176조의5제1항|합병가액 산정,2026-04-30
"단순분할신설회사, 분할합병신설회사 또는 분할승계회사",금지함,ACTION,신주 배정,제165조의4제1항제4호,0.95,신주 배정 금지|분할 또는 분할합병,2026-04-30
분할회사,금지함,ACTION,자기주식 이전,제165조의4제1항제4호,0.95,자기주식 이전 금지|분할 또는 분할합병,2026-04-30
영업,허용함,ACTION,양수·양도,제165조의4제1항제2호,0.9,양수·양도|자산,2026-04-30
영업,허용함,ACTION,주식,제165조의4제1항제2호,0.85,포괄적 교환|포괄적 이전,2026-04-30
외부평가기관,요구함,ACTION,적정성,제165조의4제1항제4호,0.95,외부평가기관|적정성,2026-04-30
분할합병,요구함,ACTION,외부평가기관,제165조의4제1항제4호,0.9,분할합병|외부평가기관,2026-04-30
외부평가기관,요구함,ACTION,합병에 대한 평가를 받다,제176조의5,0.95,외부평가기관|합병|평가,2026-04-30
외부평가기관,예외로함,LOGICAL,평가를 받지 아니할 수 있다,제176조의5,0.9,외부평가기관|예외|평가,2026-04-30
완전자회사가 되는 주권상장법인,정의함,LOGICAL,완전모회사가 되는 주권상장법인의 계열회사,제360조의2,0.95,완전자회사가 되는 주권상장법인|완전모회사가 되는 주권상장법인|계열회사,2026-04-30
완전자회사가 되는 주권상장법인,참조함,STRUCTURE,상법,제360조의2,0.9,상법,2026-04-30
완전자회사가 되는 주권상장법인,정의함,LOGICAL,완전자회사가 되는 다른 주권상장법인의 계열 회사,제360조의15,0.95,정의|계열 회사|완전자회사가 되는 주권상장법인,2026-04-30
완전자회사가 되는 주권상장법인,준용함,STRUCTURE,자본시장과 금융투자업에 관한 법률 시행령 제4조,제360조의15,0.85,자본시장과 금융투자업에 관한 법률 시행령|제4조,2026-04-30
중요한 영업 또는 자산,참조함,STRUCTURE,제165조의4제1항제2호에 따른 양수ㆍ양도,제165조의4제1항제2호,0.95,양수ㆍ양도|중요한 영업 또는 자산,2026-04-30
주식,참조함,STRUCTURE,제165조의4제1항제3호에 따른 주식의 포괄적 교 환,제165조의4제1항제3호,0.9,포괄적 교 환|주식,2026-04-30
주식,참조함,STRUCTURE,제165조의4제1항제3호에 따른 주식의 포괄적 이전,제165조의4제1항제3호,0.9,포괄적 이전|주식,2026-04-30
중요한 영업 또는 자산,참조함,STRUCTURE,제165조의4제1항제4호에 따른 분할ㆍ분할합병,제165조의4제1항제4호,0.9,분할ㆍ분할합병|중요한 영업 또는 자산,2026-04-30
준용,준용한다,ACTION,"제176조의5제6항, 제10항 및 제14항부터 제 16항까지",제176조의5제6항,0.95,준용|적용,2026-04-30
주식매수청구권,정의함,LOGICAL,법,제176조의7,0.6,주식매수청구권|법,2026-04-30
제165조의5제1항,정의함,LOGICAL,분할로서 대통령령으로 정하는 경우,제165조의5제1항,0.95,정의|분할|대통령령,2026-04-30
분할로서 대통령령으로 정하는 경우,정의함,LOGICAL,각각 다음 각 호의 경우,제165조의5제1항,0.9,정의|각각|호,2026-04-30
물적 분할,참조함,STRUCTURE,제530조의12,제530조의12,0.95,물적 분할|제530조의12,2026-04-30
물적 분할,예외로함,LOGICAL,분할합병,제530조의12,0.9,물적 분할|분할합병 제외,2026-04-30
물적 분할,준용함,LOGICAL,법,제530조의12,0.85,물적 분할|법,2026-04-30
대통령령으로 정하는 경우,정의함,LOGICAL,이사회 결의 사실이 공시된 날의 다음 영업일까지 다음 각 호의 어느 하나에 해당하는 행위가 있는 경우,제165조의5제1항,0.98,대통령령으로 정하는 경우|이사회 결의 사실|공시|다음 영업일|행위,2026-04-30
대통령령으로 정하는 경우,간주함,LOGICAL,매매계약 체결,제165조의5제1항,0.95,대통령령으로 정하는 경우|매매계약 체결,2026-04-30
대통령령으로 정하는 경우,간주함,LOGICAL,소비대차계약 해지,제165조의5제1항,0.95,대통령령으로 정하는 경우|소비대차계약 해지,2026-04-30
대통령령으로 정하는 경우,간주함,LOGICAL,그 밖에 해당 주식의 취득에 관한 법률행위,제165조의5제1항,0.95,대통령령으로 정하는 경우|법률행위,2026-04-30
금액,정의함,LOGICAL,다음 각 호의 금액을 말한다,제165조의5제3항,0.95,금액|정의,2026-04-30
대통령령으로 정하는 방법에 따라 산정된 금액,정의함,LOGICAL,다음 각 호의 금액을 말한다,제165조의5제3항,0.95,산정된 금액|정의,2026-04-30
가격,정의함,LOGICAL,나목,제176조의5제1항제2호나목,0.85,가격 정의|나목,2026-04-30
가격,참조함,STRUCTURE,제176조의5제1항제2호나목,제176조의5제1항제2호나목,0.9,가격|제176조의5제1항제2호나목,2026-04-30
대통령령으로 정하는 기간,정의함,LOGICAL,해당 주식을 매수한 날부터 5년,제165조의5제4항,0.99,대통령령으로 정하는 기간|5년,2026-04-30
주식의 발행 및 배정,정의함,LOGICAL,법,제176조의8,0.7,주식의 발행 및 배정|법,2026-04-30
특수한 관계,정의함,LOGICAL,계열회사의 관계,제165조의6제2항제1호,0.95,특수한 관계|계열회사의 관계,2026-04-30
대통령령으로 정하는 비율,정의함,LOGICAL,100분의 20,제165조의6제2항제2호,0.99,정의|비율,2026-04-30
주권상장법인,요구함,ACTION,신고서,제130조제1항,0.95,신고서 제출|주권상장법인,2026-04-30
우리사주조합원,정의함,LOGICAL,제176조의9제3항제1호에 따른 우리사주조합원,제176조의9제3항제1호,0.95,정의|우리사주조합원,2026-04-30
우리사주조합원,참조함,STRUCTURE,제176조의9제3항제1호,제176조의9제3항제1호,0.9,참조|제176조의9제3항제1호,2026-04-30
근로복지기본법,참조함,STRUCTURE,제165조의7,제165조의7,0.9,근로복지기본법|제165조의7,2026-04-30
신주 배정,예외로함,LOGICAL,발행되는 신주를 배정하지 아니하는 경우,38-2,0.95,신주 배정|실권주 정의,2026-04-30
실권주,정의함,LOGICAL,각 호 외의 부분 본문에 따른 실권주,제165조의6제2항,0.95,실권주 정의|제165조의6제2항,2026-04-30
대통령령으로 정하는 방법,정의함,LOGICAL,방법,제165조의6제3항,0.95,정의|대통령령으로 정하는 방법,2026-04-30
수요예측,정의함,LOGICAL,발행되는 주식의 가격 및 수량 등에 대한 투자자의 수요와 주식의 보유기간 등 투자자의 투자성향을 금융위원회가 정하여 고시하는 방법에 따라 파악하는 것,제165조의6제4항제4호,0.95,수요예측|정의,2026-04-30
우리사주조합원,배정,ACTION,주식,제176조의9,0.95,주식 배정|특례의 예외,2026-04-30
제176조의9,상위조항,STRUCTURE,제176조,제176조의9,0.9,상위조항,2026-04-30
주권상장법인,정의함,LOGICAL,한국거래소가 정하는 주권상장법인,제165조의7제1항,0.95,주권상장법인|정의,2026-04-30
상장법인,정의함,LOGICAL,주권이 상장된 법인,제4조제2항,0.95,상장법인 정의|주권이 상장된 법인,2026-04-30
대통령령으로 정하는 증권시장,정의함,LOGICAL,유가증권시장,제165조의7제1항,0.99,정의|대통령령으로 정하는 증권시장,2026-04-30
주권상장법인,정의함,LOGICAL,유가증권시장에 주권이 상장된 법인,제165조의7제1항제2호,0.9,주권상장법인|정의,2026-04-30
우리사주조합원,정의함,LOGICAL,근로복지기본법에 따른 우리사주조합의 조합원,제165조의7제1항제2호,0.9,우리사주조합원|정의,2026-04-30
우리사주조합원,요구함,ACTION,주식 청약,제165조의7제 1항,0.95,주식 취득가액 초과|청약 직전 12개월|급여총액,2026-04-30
주식 취득가액 초과,정의함,LOGICAL,합산한 금액이 급여총액을 초과,제165조의7제 1항,0.9,취득가액|급여총액|초과,2026-04-30
주식총수의 100분의 20까지 우리사주조합원이 청약하기 어려운 경우,정의함,LOGICAL,"주식의 모집ㆍ매출 규모 및 우리사주조합원의 주금납입능력, 금융위원회 고시 사유에 비추어",제165조의7제 1항,0.85,주식총수|주식 모집|주금납입능력|금융위원회 고시,2026-04-30
근로복지기본법에 따른 우리사주조합,허용함,ACTION,주식 배정 비율이 가목의 비율 미만,제165조의7제 1항,0.85,근로복지기본법|주식 배정|비율,2026-04-30
법인,요구함,ACTION,서면,제165조의7제1항,0.95,서면 표시|법인,2026-04-30
법인,요구함,ACTION,서면으로 동의,제165조의7제1항,0.95,배정비율,2026-04-30
법인,동의,ACTION,주식,제165조의7제1항,0.9,배정비율,2026-04-30
배정비율,적용함,LOGICAL,주식,제165조의7제1항,0.85,배정비율,2026-04-30
소유주식수,정의함,LOGICAL,법,제165조의7제2항,0.95,소유주식수 정의|법,2026-04-30
신고서 제출일,정의함,LOGICAL,증권의 모집 또는 매출에 관한 신고서를 금융위원회에 제출한 날,제119조제1항,0.95,신고서 제출일|제119조제1항,2026-04-30
신고서 제출일,참조함,STRUCTURE,제119조제1항,제119조제1항,0.9,신고서 제출일|제119조제1항,2026-04-30
우리사주조합의 대표자,제출한다,ACTION,일괄신고서,제119조제2항,0.95,일괄신고서|우리사주조합의 대표자,2026-04-30
우리사주조합의 대표자,산정한다,ACTION,주식,제119조제2항,0.95,주식|우리사주조합의 대표자,2026-04-30
근로복지기본법,예외로함,LOGICAL,제119조제2항,제119조제2항,0.85,근로복지기본법|제119조제2항,2026-04-30
수탁기관,등록,ACTION,전자등록,제43조제1항,0.95,전자등록|수탁기관,2026-04-30
전자등록,정의함,LOGICAL,제2조제 2호에 따른 전자등록,제2조,0.95,전자등록|제2조제 2호에 따른 전자등록,2026-04-30
전자등록,참조함,STRUCTURE,제2조제 2호,제2조,0.9,전자등록|제2조제 2호,2026-04-30
수탁기관,예탁,ACTION,주식,제22조제2항,0.95,고객계좌부|예탁,2026-04-30
산정,요구함,ACTION,투자자계좌부,제310조제1항,0.95,산정|투자자계좌부,2026-04-30
최저발행가격,정의함,LOGICAL,최저발행가격은 주식·채권 등 유가증권을 발행할 때 정해지는 최소 가격을 의미한다.,제176조의10,0.9,최저발행가격 정의,2026-04-30
산정한 가격,정의함,LOGICAL,높은 가격의 100분의 70,제165조의8제2항,0.95,산정한 가격 정의|70% of higher price,2026-04-30
제176조의11,삭제함,STRUCTURE,2013. 7. 5.,제176조의11,0.95,삭제|제176조의11,2026-04-30
전환형 조건부자본증권의 발행 등,정의함,LOGICAL,법,제176조의12,0.6,전환형 조건부자본증권|발행,2026-04-30
제176조의12,상위조항,STRUCTURE,제176조,제176조의12,0.8,제176조의12|제176조,2026-04-30
주권상장법인,규정,ACTION,정관,제165조의11제1항,0.95,전환형 조건부자본증권을 발행할 수 있다는 뜻,2026-04-30
본점 소재지,요구함,ACTION,전환형 조건부자본증권의 총액 등기,제476조,0.95,전환형 조건부자본증권,2026-04-30
본점 소재지,요구함,ACTION,각 전환형 조건부자본증권의 금액 등기,제476조,0.95,전환형 조건부자본증권,2026-04-30
본점 소재지,요구함,ACTION,각 전환형 조건부자본증권의 납입금액 등기,제476조,0.95,전환형 조건부자본증권,2026-04-30
본점 소재지,요구함,ACTION,제4항 각 호에 따른 사항 등기,제476조,0.95,전환형 조건부자본증권,2026-04-30
전환형 조건부자본증권의 발행,준용함,STRUCTURE,상법,제476조,0.9,전환형 조건부자본증권,2026-04-30
본점 소재지,근거함,STRUCTURE,제476조,제476조,0.9,전환형 조건부자본증권,2026-04-30
제424조,상위조항,STRUCTURE,제2조,제424조,0.1,제2조의 규정에 따라,2026-04-30
제424조의2,상위조항,STRUCTURE,제424조,제424조의2,0.95,하위조항|상위조항,2026-04-30
제429조,구조,STRUCTURE,제429조,429,0.5,제429조,2026-04-30
전환형 조건부자본증권,전환을허용함,ACTION,주식,432,0.95,전환형 조건부자본증권|주식|전환,2026-04-30
전환형 조건부자본증권의 주식으로의 전환에 관하여는 같은 법,준용함,STRUCTURE,제432조,432,0.9,제432조|준용,2026-04-30
제339조,상위조항,STRUCTURE,제339조,Unknown,0.5,제339조,2026-04-30
제346조제4항,정의함,LOGICAL,내용이 명시되지 않음,제346조제4항,0.2,조항|정의,2026-04-30
제348조,구조,STRUCTURE,REGULATION,348,0.5,제348조,2026-04-30
금융위원회,정하고 고시한다,ACTION,세부사항,제350조제,0.95,전환형 조건부자본증권|전환가격|발행 및 유통,2026-04-30
제350조제,준용한다,STRUCTURE,법제처 124 국가법령정보센터 자본시장과 금융투자업에 관한 법률 시행령 2항,제350조제,0.9,준용|법제처 124,2026-04-30
전환형 조건부자본증권,예외로함,LOGICAL,제1항부터 제7항까지에서 규정한 사항,제350조제,0.85,전환형 조건부자본증권|제1항부터 제7항까지,2026-04-30
주권상장법인,규정하여야 한다,ACTION,상각형 조건부자본증권 발행 가능성,제165조의11제1항,0.95,주권상장법인|상각형 조건부자본증권|정관,2026-04-30
주권상장법인,규정하여야 한다,ACTION,상각형 조건부자본증권 총액,제165조의11제1항,0.95,주권상장법인|상각형 조건부자본증권|정관,2026-04-30
주권상장법인,규정하여야 한다,ACTION,채무재조정 조건,제165조의11제1항,0.95,주권상장법인|채무재조정|정관,2026-04-30
주권상장법인,규정하여야 한다,ACTION,채무재조정으로 인한 변경 내용,제165조의11제1항,0.95,주권상장법인|채무재조정|정관,2026-04-30
주권상장법인,규정하여야 한다,ACTION,사채청약서 및 사채원부에 채무재조정 가능성 표시,제165조의11제1항,0.95,주권상장법인|사채청약서|사채원부|채무재조정,2026-04-30
주권상장법인,규정하여야 한다,ACTION,사채청약서 및 사채원부에 채무재조정 사유 및 조건,제165조의11제1항,0.95,주권상장법인|사채청약서|사채원부|채무재조정,2026-04-30
주권상장법인,규정하여야 한다,ACTION,사채청약서 및 사채원부에 채무재조정으로 인한 변경 내용,제165조의11제1항,0.95,주권상장법인|사채청약서|사채원부|채무재조정,2026-04-30
채무재조정,효력이 발생한다,LOGICAL,채무재조정 사유 발생일로부터 3영업일,제165조의11제1항,0.95,채무재조정|효력|3영업일,2026-04-30
상각형 조건부자본증권,정의함,LOGICAL,사채의 상환과 이자지급 의무가 감면되는 조건이 붙은 사채,제165조의11제1항,0.95,상각형 조건부자본증권|사채|채무재조정,2026-04-30
이익배당,정의함,LOGICAL,주주총회 보고사항 및 주식배당시 시가 산정방법,제176조의14,0.8,이익배당|주주총회 보고사항|주식배당시 시가 산정방법,2026-04-30
배당액의 산정근거 등 대통령령으로 정하는 사항,정의함,LOGICAL,1. 배당액의 산정근거 2. 직전 회계연도와 비교하여 당기순이익 대비 배당액의 비율이 현저히 변동한 경우 변동 내역 및 사유 3. 그 밖에 이익배당에 관한 주주의 권익을 보호하기 위한 것으로서 금융위원회가 정하여 고시하는 사항,Unknown,0.95,정의|배당액의 산정근거|대통령령|금융위원회,2026-04-30
주식배당,정한다,ACTION,주식의 시가,제165조의13,0.95,주식배당 시가,2026-04-30
주식배당 시가,정의함,LOGICAL,주식의 시가,제165조의13,0.9,주식배당 시가,2026-04-30
자,배당,ACTION,주식 수에 따라,제165조의14제1항,0.95,배당|주식 수,2026-04-30
자,구매,ACTION,"정부(한국은행, 한국산업은행, 그 밖에 공공기관)",제165조의14제1항,0.9,구매|정부,2026-04-30
자,계속 소유,ACTION,주식,제165조의14제1항,0.9,계속 소유|주식,2026-04-30
제165조의14제1항,근거함,STRUCTURE,배당,제165조의14제1항,0.8,근거|배당,2026-04-30
대통령령 기준 자,정의함,LOGICAL,자(한국주택금융공사법 시행령에 해당),제165조의14제1항제2호,0.95,정의|대통령령 기준,2026-04-30
대통령령 기준 자,참조함,STRUCTURE,한국주택금융공사법 시행령,제165조의14제1항제2호,0.9,한국주택금융공사법 시행령,2026-04-30
근로자,정의함,LOGICAL,제2조,제2조제1항,0.95,근로자 정의|제2조,2026-04-30
근로자,참조함,STRUCTURE,농어가 목돈마련저축에 관한 법률 시행령,제2조제1항,0.85,근로자|법률 시행령,2026-04-30
연간소득금액이 720만원 이하인 자,정의함,LOGICAL,자,제2조제1항,0.95,연간소득금액|720만원 이하,2026-04-30
자,배정한다,ACTION,주식 수,제165조의14제2항,0.95,주식 발행|배정,2026-04-30
주식 취득자,보유해야 한다,ACTION,주식,제165조의14제2항,0.95,주식 보유|5년간,2026-04-30
의결권 없는 주식 발행법인,정의함,LOGICAL,법,제176조의16,0.8,의결권 없는 주식 발행법인|법,2026-04-30
대통령령으로 정하는 방법,정의함,LOGICAL,주권상 장법인과 주식을 신규로 상장하기 위하여 주식을 모집 또는 매출하는 법인이 금융위원회가 정하여 고시하는 바에 따라 해외증권을 의결권 없는 주식으로 발행하는 것,제165조의15제1항제1호,0.95,대통령령으로 정하는 방법|해외증권 발행,2026-04-30
법인,정의함,LOGICAL,대통령령으로 정하는 기준에 해당하는 법인,제165조의15제1항제2호,0.95,정의|법인,2026-04-30
법인,정의함,LOGICAL,정부가 주식 또는 지분의 100분의 15 이상을 소유하고 있는 법인,제165조의15제1항제2호,0.9,정의|정부|주식|지분|소유,2026-04-30
법인,정의함,LOGICAL,다른 법률에 따라 주식취득 또는 지분참여가 제한되는 사업을 하고 있는 법인,제165조의15제1항제2호,0.9,정의|주식취득|지분참여|제한|사업,2026-04-30
의결권 없는 주식,발행,ACTION,주식,제165조의15제3항,0.95,의결권 없는 주식|발행|주식,2026-04-30
의결권 없는 주식 발행 방법,정의함,LOGICAL,발행 방법,제165조의15제3항,0.9,의결권 없는 주식 발행 방법|정의함|발행 방법,2026-04-30
의결권 없는 주식 발행 방법,참조함,STRUCTURE,신주인수권·전환권 등의 권리행사,제165조의15제3항,0.9,의결권 없는 주식 발행 방법|참조함|신주인수권·전환권,2026-04-30
의결권 없는 주식 발행 방법,참조함,STRUCTURE,준비금의 자본전입,제165조의15제3항,0.9,의결권 없는 주식 발행 방법|참조함|준비금의 자본전입,2026-04-30
의결권 없는 주식 발행 방법,참조함,STRUCTURE,주식배당,제165조의15제3항,0.9,의결권 없는 주식 발행 방법|참조함|주식배당,2026-04-30
의결권 없는 주식 발행 방법,참조함,STRUCTURE,주식매수선택권의 행사,제165조의15제3항,0.9,의결권 없는 주식 발행 방법|참조함|주식매수선택권의 행사,2026-04-30
재무관리기준,정의함,LOGICAL,주권상장법인,제176조의17,0.7,재무관리기준|주권상장법인,2026-04-30
제176조의17,상위조항,STRUCTURE,제176조,제176조의17,0.8,제176조의17|제176조,2026-04-30
해외증권,정의함,LOGICAL,"주권상장법인이 해외에서 발행하는 주권, 주권 관련 사채권, 이익참가부사채권, 증권예탁증권, 그 밖에 이와 비슷한 증권",제165조의16제1항제3호,0.98,해외증권|주권상장법인|발행,2026-04-30
대통령령으로 정하는 사항,정의함,LOGICAL,이익참가부사채권의 발행에 관한 사항,제165조의16제1항제4호,0.95,정의|대통령령|정하는,2026-04-30
대통령령으로 정하는 사항,정의함,LOGICAL,결손금에 관한 사항,제165조의16제1항제4호,0.95,정의|대통령령|정하는,2026-04-30
대통령령으로 정하는 사항,정의함,LOGICAL,계산서류 및 재무에 관한 사항의 신고 및 공시방법에 관한 사항,제165조의16제1항제4호,0.95,정의|대통령령|정하는,2026-04-30
대통령령,정하는,ACTION,대통령령으로 정하는 사항,제237조제1항,0.92,대통령령|정하는|대통령령으로 정하는 사항,2026-04-30
주권상장법인,요구함,ACTION,주식매수선택권 부여 신고,제176조의18,0.85,주식매수선택권 부여 신고|상법에 따른 신고,2026-04-30
주식매수선택권 부여 신고,준용함,STRUCTURE,상법,제176조의18,0.75,상법|법적 근거,2026-04-30
주주총회 또는 이사 회,결의함,ACTION,주식매수선택권,제340조의2제1항,0.95,주식매수선택권|결의,2026-04-30
주주총회 또는 이사 회,근거함,STRUCTURE,제340조의2제1항,제340조의2제1항,0.9,제340조의2제1항|근거,2026-04-30
주식매수선택권,준용함,STRUCTURE,법,제340조의2제1항,0.85,법|준용,2026-04-30
주권상장법인,신고하여야 한다,ACTION,금융위원회와 거래소,Unknown,0.95,신고 의무|지체 없이,2026-04-30
주권상장법인,첨부하여야 한다,ACTION,주주총회 의사록 또는 이사회 의사록,Unknown,0.9,첨부 의무|의사록,2026-04-30
주권상장법인,근거함,STRUCTURE,제165조의17제1항,Unknown,0.9,근거|제165조의17제1항,2026-04-30
제165조의17제1항,규정함,STRUCTURE,주권상장법인의 신고 및 첨부 의무,Unknown,0.85,규정|의무,2026-04-30
대통령령으로 정하는 조치,정의함,LOGICAL,정의된 조치,제165조의18,0.9,정의|대통령령,2026-04-30
조치,정의함,LOGICAL,제138조제3호부터 제5호까지의 조치,제138조,0.95,조치|정의,2026-04-30
제138조제3호부터 제5호까지의 조치,상위조항,STRUCTURE,제138조,제138조,0.85,상위조항,2026-04-30
사외이사 및 상근감사,정의함,LOGICAL,특례,제176조의19,0.6,사외이사|상근감사|특례,2026-04-30
사외이사 및 상근감사,준용함,STRUCTURE,제176조,제176조의19,0.7,특례|제176조,2026-04-30
대통령령으로 정하는 증권시장,정의함,LOGICAL,코넥스시 장,제165조의19,0.99,정의|대통령령으로 정하는 증권시장,2026-04-30
장외거래 방법,정의함,LOGICAL,법,제177조,0.8,장외거래 방법 정의,2026-04-30
외부 매매,정의함,LOGICAL,거래소시장 및 다자간매매체결회사 외에서 증권이나 장외파생상품을 매매하는 행위,166,0.95,외부 매매|거래소시장 및 다자간매매체결회사 외에서 증권이나 장외파생상품을 매매하는 행위,2026-04-30
외부 매매,참조함,STRUCTURE,제166조,166,0.9,제166조,2026-04-30
제178조제1항,참조함,STRUCTURE,제178조,제178조제1항,0.5,제178조제1항,2026-04-30
제178조의2,참조함,STRUCTURE,제178조제1항,178조의2,0.35,제178조의2|제178조제1항,2026-04-30
제179조에 따른 매매거래,참조함,STRUCTURE,제179조,179,0.95,제179조에 따른 매매거래|제179조 참조,2026-04-30
제179조에 따른 매매거래,예외로함,LOGICAL,단일 매도자와 매수자 간 매매,179,0.85,제179조에 따른 매매거래 제외|단일 매도자와 매수자 간 매매,2026-04-30
매도자와 매수자,요구함,ACTION,매매하는 방법,179,0.9,단일 매도자와 매수자 간 매매|매매하는 방법,2026-04-30
장외파생상품,제외함,ACTION,심의대상,제177조의2,0.95,장외파생상품 심의대상에서 제외되는 경우,2026-04-30
대통령 령으로 정하는 경우,정의함,LOGICAL,다음 각 호의 어느 하나에 해당하는 경우,제166조의2제1항제6호,0.95,정의|대통령 령으로 정하는 경우,2026-04-30
대통령 령으로 정하는 경우,정의함,LOGICAL,법,제166조의2제1항제6호,0.9,정의|법,2026-04-30
정보 제공,요구함,ACTION,시장,제166조의2제1항제6호가목,0.95,정보 제공|시장,2026-04-30
일반투자자를 대상으로 하는 장외파생상품,예외로함,LOGICAL,정보 제공,제166조의2제1항제6호가목,0.85,일반투자자|장외파생상품|정보 제공,2026-04-30
협회의 사전심의를 받은 장외파생상품,근거함,STRUCTURE,정보 제공,제166조의2제1항제6호가목,0.8,협회|사전심의|장외파생상품|정보 제공,2026-04-30
협회 또는 종합금융투자사업자,요구함,ACTION,각 호의 구분에 따른 기준,제178조,0.95,장외매매거래|준수,2026-04-30
종합금융투자사업자,요구함,ACTION,장외매매거래에 관한 업무,제286조제1항제5호,0.95,장외매매거래|업무,2026-04-30
장외매매거래,정의함,LOGICAL,증권시장에 상장되지 않은 주권의 장외매매거래,제286조제1항제5호,0.9,증권시장에 상장되지 않은 주권|장외매매거래,2026-04-30
장외매매거래,요구함,ACTION,"주권의 종목, 매수호가, 매도호가, 수량을 공표할 것",제77조의6제1항제1호,0.95,장외매매거래|공표|주권의 종목|매수호가|매도호가|수량,2026-04-30
장외매매거래,요구함,ACTION,주권의 종목별 단일 가격 또는 매도호가와 매수호가가 일치하는 경우의 가격으로 매매거래를 체결시킬 것,제77조의6제1항제1호,0.95,장외매매거래|매매거래|주권의 종목별 단일 가격|매도호가|매수호가,2026-04-30
장외매매거래,요구함,ACTION,"매매거래대상 주권의 지정ㆍ해제 기준, 매매거래방법, 결제방법 등에 관한 업무기준을 정하여 금융위원회에 보고하고, 이를 일반인이 알 수 있도록 공표할 것",제77조의6제1항제1호,0.95,장외매매거래|지정ㆍ해제 기준|매매거래방법|결제방법|공표,2026-04-30
장외매매거래,요구함,ACTION,금융위원회가 정하여 고시하는 바에 따라 재무상태ㆍ영업실적 또는 자본의 변동 등 발행인의 현황을 공시할 것,제77조의6제1항제1호,0.95,장외매매거래|재무상태|영업실적|자본의 변동|발행인 현황|공시,2026-04-30
협회,정의함,LOGICAL,법,제416조제1항제7호,0.7,업무|정의,2026-05-01
제286조 제1항 제5호,참조함,STRUCTURE,제286조제1항제5호 및 이 영,제286조,0.9,자기참조|문서참조,2026-04-30
장외매매거래,정하여,ACTION,비상장법인,제307조제 2항제5호의2,0.9,장외매매거래|비상장법인|업무기준,2026-04-30
각 호의 어느 하나에 해당하는 자,요구함,ACTION,공표,제11조제2항,0.95,공표|알 수 있도록,2026-04-30
각 호의 어느 하나에 해당하는 자,요구함,ACTION,업무를 수행할 것,제11조제2항,0.95,업무 수행|금융위원회 정한 방법,2026-04-30
투자중개업자를 통한 장외거래,정의함,LOGICAL,법,제178조의2,0.9,투자중개업자를 통한 장외거래 정의,2026-04-30
채권중개전문회사,정의함,LOGICAL,채권중개전문회사,제179조,0.7,정의,2026-04-30
채권중개전문회사,준수,ACTION,기준,제166조,0.95,채무증권 매매 중개|준수,2026-04-30
채권중개전문회사,정의함,LOGICAL,인증을 받은 투자 중개업자,제166조,0.9,채권중개전문회사|인증을 받은 투자 중개업자,2026-04-30
자,정의함,LOGICAL,제10조제2항제1호부터 제17호까지의 자,제10조,0.9,자|제10조제2항제1호부터 제17호까지의 자,2026-04-30
자,정의함,LOGICAL,제3항제1호부터 제13호까지의 자,제10조,0.9,자|제3항제1호부터 제13호까지의 자,2026-04-30
자,정의함,LOGICAL,우체국 예금ㆍ보험에 관한 법률에 따른 체신관서,제10조,0.9,자|우체국 예금ㆍ보험에 관한 법률에 따른 체신관서,2026-04-30
자,정의함,LOGICAL,동시에 다수의 자를 각 당사자로 하여 당사자가 매매하고자 제시하는 채무증권의 종목,제10조,0.9,자|동시에 다수의 자를 각 당사자로 하여 당사자가 매매하고자 제시하는 채무증권의 종목,2026-04-30
중개인,요구함,ACTION,호가,제181조,0.95,공표|호가|채무증권,2026-04-30
중개인,요구함,ACTION,매매거래 체결,제181조,0.95,매도호가|매수호가|일치하는 가격|채무증권,2026-04-30
중개인,요구함,ACTION,기준 충족,제181조,0.95,업무방법|금융위원회|고시,2026-04-30
여러 종목의 채무증권,정의함,LOGICAL,하나의 종목,제181조,0.9,여러 종목|하나의 종목|채무증권,2026-04-30
법,정의함,LOGICAL,채권전문자기매매업자를 통한 장외거래,제180조,0.7,정의|장외거래,2026-04-30
채권전문자기매매업자,정의함,LOGICAL,금융위원회가 지정하는 자,166,0.99,정의|금융위원회 지정,2026-04-30
채권전문자기매매업자,요구함,ACTION,투자자의 매매에 관한 청약 (정한 투자자별 한도 이내),166,0.98,응답|한도|청약,2026-04-30
금융위원회,정하여 고시한다,ACTION,"지정과 지정취소의 기준, 의무사항, 지원사항, 기타 필요사항",166,0.97,정책 고시|지정|지원,2026-04-30
환매조건부매매,정의함,LOGICAL,법,181조,0.7,환매조건부매매 정의|법,2026-04-30
투자매매업자,정의함,LOGICAL,제166조,166,0.9,제166조에 따라,2026-04-30
투자매매업자,준용함,STRUCTURE,제166조,166,0.9,제166조에 따라,2026-04-30
일반투자자등,준수하여야 한다,ACTION,"국채증권, 지방채증권, 특수채증권 및 금융위원회가 정하여 고시하는 기타 증권을 대상으로 할 것",제7조제4항제3호,0.95,환매조건부매매|일반투자자등|준수|증권,2026-04-30
일반투자자등,준수하여야 한다,ACTION,금융위원회가 정하여 고시하는 매매가격으로 매매할 것,제7조제4항제3호,0.95,환매조건부매매|일반투자자등|준수|매매가격,2026-04-30
일반투자자등,준수하여야 한다,ACTION,환매수 또는 환매도하는 날을 정할 것,제7조제4항제3호,0.95,환매조건부매매|일반투자자등|준수|날짜,2026-04-30
일반투자자등,준수하여야 한다,ACTION,환매조건부매도를 한 증권의 보관·교체 등에 관하여 금융위원회가 정하여 고시하는 기준을 따를 것,제7조제4항제3호,0.95,환매조건부매매|일반투자자등|준수|보관·교체,2026-04-30
일반투자자등,준수하여야 한다,ACTION,환매조건부매수와 매도 날짜 관계를 준수할 것(매도 날짜는 매수 날짜 이전),제7조제4항제3호,0.95,환매조건부매매|일반투자자등|준수|날짜관계,2026-04-30
겸영금융투자업자,금지함,ACTION,일반투자자등을 상대로 환매조건부매수업무를 영위,제7조제4항제3호,0.95,환매조건부매수업무|겸영금융투자업자|금지|일반투자자등,2026-04-30
자,준수해야 한다,ACTION,각 호의 사항,제7조제4항제3호,0.95,환매조건부매매|준수,2026-04-30
대상 증권의 매수자,설정ㆍ적용할 것,ACTION,최소증거금률,제7조제4항제3호,0.95,환매조건부매매|최소증거금률,2026-04-30
대상 증권의 매도자,보유할 것,ACTION,현금성 자산,제7조제4항제3호,0.95,환매조건부매매|현금성 자산,2026-04-30
최소증거금률,정의함,LOGICAL,환매조건부매매가액 대비 그 증권의 시장가액의 비율,제7조제4항제3호,0.9,최소증거금률|정의,2026-04-30
자,요구함,ACTION,동시 결제,제7조제4항제3호,0.95,동시 결제|금융위원회 고시,2026-04-30
동시 결제,준용함,STRUCTURE,금융위원회 고시,제7조제4항제3호,0.85,금융위원회 고시|방법,2026-04-30
자,예외로함,LOGICAL,동시 결제하지 않음,제7조제4항제3호,0.9,금융위원회 고시|예외,2026-04-30
자,환매조건부매매를 한,ACTION,투자중개업자,제7조제4항제3호,0.95,환매조건부매매|투자중개업자,2026-04-30
자,환매조건부매매를 한,ACTION,투자매매업자,제7조제4항제3호,0.9,환매조건부매매|투자매매업자,2026-04-30
신탁업자,예외로함,LOGICAL,환매조건부매매,제7조제4항제3호,0.85,신탁업자|신탁재산|환매조건부매매,2026-04-30
법,정의함,LOGICAL,증권의 대차거래,182,0.6,법|증권의 대차거래,2026-04-30
투자매매업자 및 투자중개업자,요구함,ACTION,차입자로부터 담보를 받는 것,166,0.95,대차거래|담보|금융위원회 고시,2026-04-30
투자매매업자 및 투자중개업자,예외로함,LOGICAL,담보를 받지 않음,166,0.9,대차거래|합의에 따른 대차거래,2026-04-30
투자매매업자 및 투자중개업자,요구함,ACTION,대상증권의 인도와 담보 제공을 동시에 이행,166,0.92,대차거래|인도|담보|금융위원회 고시,2026-04-30
투자매매업자 및 투자중개업자,예외로함,LOGICAL,외국인 간 대차거래,166,0.88,대차거래|외국인,2026-04-30
투자매매업자 및 투자중개업자,요구함,ACTION,대차거래 내역을 협회를 통하여 당일에 공시,166,0.93,대차거래|공시|협회,2026-04-30
투자매매업자 및 투자중개업자,허용함,ACTION,대차중개(금융위원회가 정하여 고시하는 대차거래 형식의 중개),166,0.91,대차거래|대차중개|금융위원회 고시,2026-04-30
외부자(법에 따라 설립되거나 인가를 받은 자),준용함,STRUCTURE,제1항부터 제3항까지의 규정,166,0.89,대차거래|준용,2026-04-30
대차중개,정의함,LOGICAL,금융위원회가 정하여 고시하는 대차거래 형식의 중개,166,0.9,대차중개|금융위원회 고시,2026-04-30
기업어음증권 등의 장외거래,정의함,LOGICAL,법,제183조,0.4,기업어음증권|장외거래,2026-04-30
투자매매업자 또는 투자중개업자,매매·중개·주선·대리,ACTION,기업어음증권,166,0.95,기업어음증권|투자매매업자|투자중개업자,2026-04-30
투자매매업자 또는 투자중개업자,준수,ACTION,기업어음증권이 둘 이상의 신용평가회사로부터 신용평가를 받은 것,166,0.95,기업어음증권|신용평가|신용평가회사,2026-04-30
투자매매업자 또는 투자중개업자,준수,ACTION,기업어음증권에 대해 직접 또는 간접 지급보증을 하지 않음,166,0.95,기업어음증권|지급보증,2026-04-30
금융위원회,정한다,ACTION,"기업어음증권 매매·중개·주선·대리 방법, 신용평가 방법 등에 관한 필요한 사항",166,0.95,금융위원회|기업어음증권|신용평가,2026-04-30
단기사채등 장외거래,준용,STRUCTURE,제1항 및 제2항,166,0.95,단기사채|장외거래|제1항|제2항,2026-04-30
투자매매업자 또는 투자중개업자,준수,ACTION,제1항 및 제2항 기준,166,0.95,제1항|제2항,2026-04-30
해외시장 거래,준용함,STRUCTURE,법,184,0.7,해외시장 거래|법,2026-04-30
일반투자자,요구함,ACTION,투자중개업자 통하여 매매거래,제166조,0.95,외화증권 매매거래,2026-04-30
일반투자자,예외로함,LOGICAL,투자중개업자 통하지 않고 매매거래,제166조,0.9,조건1: 투자매매업자를 상대방으로 하거나 투자중개업자를 통하여 취득한 외화증권이 아닐 것|조건2: 외화증권의 취득이 외국환거래법,2026-04-30
외화증권 매매거래,정의함,LOGICAL,해외 증권시장이나 해외 파생상품시장에서 외화증권 및 장내파생상품의 매매거래,제166조,0.9,외화증권 매매거래 정의,2026-04-30
일반투자자,정의함,LOGICAL,금융위원회가 정하여 고시하는 전문투자자를 포함한다,제166조,0.9,일반투자자 정의,2026-04-30
금융위원회,정하여 고시한다,ACTION,거래,제18조제1항,0.95,자본거래|신고의무 면제,2026-04-30
투자중개업자,수탁,ACTION,해외 증권시장 또는 해외 파생상품시장에서의 매매거래,제18조제1항,0.9,해외 증권시장|해외 파생상품시장,2026-04-30
투자중개업자,개설하여야 한다,ACTION,매매거래 계좌,제18조제1항,0.9,자기계산|외국 투자중개업자,2026-04-30
외국 투자중개업자,개설하여야 한다,ACTION,매매거래 계좌,제18조제1항,0.9,자기계산|외국 투자중개업자,2026-04-30
자본거래,정의함,LOGICAL,신고의무가 면제되는,제18조제1항,0.9,신고의무 면제,2026-04-30
증권 장외거래,근거함,STRUCTURE,법,제185조,0.85,증권 장외거래|법,2026-04-30
투자매매업자가 아닌 자,금지함,ACTION,보유하지 아니한 채권을 증권시장 및 다자간매매체결회사 외에서 매도,제166조,0.95,채권 매도 제한|보유하지 아니한 채권|외부 매도 금지,2026-04-30
외국 금융기관,허용함,ACTION,국채증권 또는 한국은행법에 따른 증권,제166조,0.9,외국 금융기관|국채증권|예외,2026-04-30
매수계약을 체결한 경우,매도할 수 있다,ACTION,투자매매업자,Unknown,0.95,매수계약|매도|투자매매업자,2026-04-30
투자매매업자,응하여야 한다,ACTION,상장주권 매매 청약,Unknown,0.9,투자매매업자|상장주권|매매 청약,2026-04-30
투자매매업자,응하지 아니할 수 있다,ACTION,소유하지 아니한 상장주권에 대한 매수 청약,Unknown,0.85,투자매매업자|상장주권|매수 청약|소유 여부,2026-04-30
금융위원회,정하여 고시한다,ACTION,증권시장 및 다자간매매체결회사 외에서의 증권 매매와 결제방법 및 필요한 사항,Unknown,0.9,금융위원회|정리|고시|증권 매매|결제방법,2026-04-30
제69조에 따른 한국은행통화안정증권의 매수계약을 체결한 경우,정의함,LOGICAL,매수계약을 체결한 수량에 한정하여 결제일 전에 투자매매업자를 상대로 증권시장 및 다자간매매체결회사 외에서 매도할 수 있다,Unknown,0.8,제69조|한국은행통화안정증권|매수계약|매도,2026-04-30
제186조,삭제함,STRUCTURE,삭제된 조항,186,1.0,삭제|제정,2026-04-30
위험회피목적 거래,정의함,LOGICAL,위험회피목적 거래,제186조의2,0.95,위험회피목적 거래|정의,2026-04-30
위험회피 목적의 거래,정의함,LOGICAL,거래,제166조의2제1항제1호,0.95,위험회피 목적의 거래 정의,2026-04-30
위험회피 목적의 거래,정의함,LOGICAL,위험회피대상을 보유하고 있거나 보유할 예정일 것,제166조의2제1항제1호,0.95,위험회피대상 보유,2026-04-30
위험회피 목적의 거래,정의함,LOGICAL,장외파생거래 계약기간 중 장외파생거래에서 발생할 수 있는 손익이 위험회피대상에서 발생할 수 있는 손익의 범위를 초과하지 아니할 것,제166조의2제1항제1호,0.95,손익 범위 초과 금지,2026-04-30
청산의무,정의함,LOGICAL,장외거래의 청산의무,제186조의3,0.9,청산의무|장외거래,2026-04-30
대통령령으로 정하는 자,정의함,LOGICAL,외국 금융투자업자,제166조의3,0.99,정의|대통령령으로 정하는 자,2026-04-30
장외파생상품거래,정의함,LOGICAL,"대통령령으로 정하는 장외파생상품의 매매 및 그 밖의 장외거래로서 원화로 표시된 원본액에 대하여 일정한 기간 동안 고정이자와 변동이자를 장래의 특정 시점마다 원화로 교환할 것을 약정하는 거래이며, 기초자산, 거래의 만기 등에 관하여 금융위원회가 정하여 고시하는 요건을 충족하는 거래",제166조의3,0.95,정의|장외파생상품거래,2026-04-30
인증을 받은 자,정의함,LOGICAL,금융투자상 품거래청산업의 인가를 받은 자,제323조의3,0.92,인증을 받은 자|인증,2026-04-30
금융위원회,제외한다,ACTION,거래,제323조의3,0.95,인증을 받은 자|금융투자상 품거래청산업의 인가,2026-04-30
외국금융투자상품거래청산회사,정의함,LOGICAL,그 밖에 이에 준하는 자로서 대통령령으로 정하는 자,제166조의3,0.95,정의|핵심 개념,2026-04-30
외국금융투자상품거래청산회사,정의함,LOGICAL,외국법령에 따라 외국에서 금융투자상품거래청산업에 상당하는 업무를 하는 자,제166조의3,0.95,정의|핵심 개념,2026-04-30
외국금융투자상품거래청산회사,조건1 충족함,LOGICAL,외국금융투자 감독기관의 허가ㆍ인가 또는 승인 등을 받을 것,제166조의3,0.9,조건1|허가,2026-04-30
외국금융투자상품거래청산회사,조건2 충족함,LOGICAL,외국금융투자감독기관으로부터 적절한 감독을 받을 것,제166조의3,0.9,조건2|감독,2026-04-30
외국금융투자상품거래청산회사,조건3 충족함,LOGICAL,외국금융투자감독기관으로부터 조사 또는 검사자료를 상호주의의 원칙에 따라 제공받을 수 있는 국가의 외국금융투자상품거래청산회사일 것,제166조의3,0.9,조건3|자료제공,2026-04-30
외국금융투자상품거래청산회사,조건4 충족함,LOGICAL,외국금융투자상품거래청산회사가 협력약정 등을 체결하고 있을 것,제166조의3,0.9,조건4|협력약정,2026-04-30
외국금융투자상품거래청산회사,금융위원회가 승인함,ACTION,금융위원회가 승인하는 자,제166조의3,0.85,승인|금융위원회,2026-04-30
외국인의 증권 또는 장내파생상품의 취득한도,정의함,LOGICAL,법,187,0.9,외국인의 증권 또는 장내파생상품의 취득한도,2026-04-30
외국인,금지함,ACTION,지분증권을 취득할 수 없다,제168조제1항,0.97,취득한도|공공적 법인,2026-04-30
외국인,금지함,ACTION,취득한도 초과분을 취득할 수 없다,제168조제1항,0.95,취득한도,2026-04-30
금융위원회,정하여 고시함,STRUCTURE,취득한도,제168조제1항,0.96,취득한도|금융위원회,2026-04-30
금융위원회,정하여 고시함,STRUCTURE,"한도초과분의 처분, 취득한도의 계산기준ㆍ관리",제168조제1항,0.92,한도초과분|취득한도|금융위원회,2026-04-30
외국인,예외로함,LOGICAL,금융위원회가 정하여 고시하는 경우,제168조제1항,0.88,금융위원회|고시,2026-04-30
외국예탁결제기관,요구함,ACTION,동의,제296조제5호,0.95,지분증권 취득 시 동의|외국예탁결제기관의 의무,2026-04-30
지분증권 새로 발행,예외로함,LOGICAL,동의 필요 없음,제296조제5호,0.9,지분증권 새로 발행|예외,2026-04-30
금융위원회가 정하여 고시하는 경우,예외로함,LOGICAL,동의 필요 없음,제296조제5호,0.9,금융위원회 고시|예외,2026-04-30
외국인,요구함,ACTION,상장증권 매매,188,0.95,외국인 상장증권 거래,2026-04-30
외국인,준수함,ACTION,법,188,0.9,외국인 상장증권 거래|법적 강제성,2026-04-30
투자매매업자 또는 투자중개업자,준수해야 한다,ACTION,금융위원회가 정하여 고시하는 방법 및 절차에 따른 매매거래 계좌 개설 기준,168,0.95,규정 준수|법적 강제성,2026-04-30
투자매매업자 또는 투자중개업자,준수해야 한다,ACTION,금융위원회가 정하여 고시하는 기준에 따른 상장증권 매매 기준,168,0.95,규정 준수|법적 강제성,2026-04-30
투자매매업자 또는 투자중개업자,준수해야 한다,ACTION,금융위원회가 정하여 고시하는 기준에 따른 장내파생상품 매매 기준,168,0.95,규정 준수|법적 강제성,2026-04-30
투자매매업자 또는 투자중개업자,준수해야 한다,ACTION,금융위원회가 정하여 고시하는 기준에 따른 상장증권 매매 외 방식 거래 신고 기준,168,0.95,규정 준수|법적 강제성,2026-04-30
회계감사인에 의한 감사증명,정의함,LOGICAL,법,189,0.6,회계감사인에 의한 감사증명,2026-04-30
대통령령으로 정하는 자,정의함,LOGICAL,사업보고서 제출대상법인,제169조제1항,0.95,정의|대통령령으로 정하는 자,2026-04-30
법,정의함,LOGICAL,증권,제167조제1항제2호,0.8,증권|법,2026-04-30
법인,제출하지 않음,ACTION,신고서,제130조제1항,0.95,신고서 제출 불이행|제130조제1항,2026-04-30
제130조제1항,근거함,STRUCTURE,신고서 제출 불이행,제130조제1항,0.9,제130조제1항|신고서 제출 불이행,2026-04-30
대통령령으로 정하는 사항,정의함,LOGICAL,각 호의 사항,제169조제1항,0.95,대통령령으로 정하는 사항|각 호의 사항,2026-04-30
반기보고서와 분기보고서,기재함,ACTION,재무에 관한 서류,제131조제5항,0.95,재무에 관한 서류|반기보고서와 분기보고서,2026-04-30
법인,요구함,ACTION,분기보고서,제170조제1항제2호,0.95,법인|분기보고서 제출,2026-04-30
분기보고서,정의함,LOGICAL,회계감사인의 확인과 의견표시가 있는 것,제170조제1항제2호,0.95,분기보고서|회계감사인 확인 및 의견표시,2026-04-30
외국법인등에 대한 회계감사,정의함,LOGICAL,특례,제190조,0.75,외국법인등에 대한 회계감사|특례,2026-04-30
외국법인등에 대한 회계감사,예외로함,LOGICAL,일반 회계감사 규정,제190조,0.65,외국법인등에 대한 회계감사|일반 회계감사 규정,2026-04-30
외국법인등,간주함,LOGICAL,회계감사,제169조제3항,0.95,회계감사|외국법인등,2026-04-30
외국법인등,받다,ACTION,회계감사,제169조제3항,0.95,회계감사|외국법인등,2026-04-30
외국 기업,제출,ACTION,감사보고서,제176조제1항,0.95,감사보고서 제출|외국 기업,2026-04-30
외국 기업,제출,ACTION,서류,제176조제1항,0.9,추가 서류 제출|회계처리기준이 다를 때,2026-04-30
배상책임을 지는 증권의 범위,정의함,LOGICAL,배상책임을 지는 증권,제191조,0.95,배상책임을 지는 증권의 범위 정의|증권의 범위,2026-04-30
대통령령으로 정하는 증권,정의함,LOGICAL,회계감사인의 회계감사를 받는 법인이 발행한 증권(그 증권과 관련된 증권예탁증권을 포함한다. 이하 이 조에서 같다)과 교환을 청구할 수 있는 교환사채권,제170조제2항,0.95,정의|대통령령으로 정하는 증권|회계감사인|증권|교환사채권,2026-04-30
대통령령으로 정하는 증권,정의함,LOGICAL,회계감사인의 회계감사를 받는 법인이 발행한 증권과 제1호에 따른 교환사채권만을 기초자산으로 하는 파생결합증권,제170조제2항,0.95,정의|대통령령으로 정하는 증권|파생결합증권|교환사채권,2026-04-30
보증금,정의함,LOGICAL,대신 납부,192,0.7,보증금|대신 납부,2026-04-30
보증금,정의함,LOGICAL,"대통령령으로 정하는 보증금이나 공탁금(입찰보증금, 계약보증금, 하자보수보증금, 법령에 따른 공탁금)",제171조제1항,0.97,보증금|정의,2026-04-30
거래소,정한다,STRUCTURE,대용가격,제171조제1항,0.95,대용가격|거래소,2026-04-30
거래소,평가한다,ACTION,대용가격,제171조제1항,0.95,대용가격|거래소,2026-04-30
대용가격,정의함,LOGICAL,거래소가 정하는 가격,제171조제1항,0.9,대용가격|거래소,2026-04-30
제193조,상위조항,STRUCTURE,제4편 불공정거래의 규제,193,0.95,제4편 불공정거래의 규제,2026-04-30
단기매매차익 반환대상 직원,정의함,LOGICAL,단기매매차익 반환대상 직원,194,0.95,단기매매차익 반환대상 직원 정의,2026-04-30
단기매매차익 반환대상 직원,참조함,STRUCTURE,제194조,194,0.9,제194조 참조,2026-04-30
대통령령으로 정하는 자,정의함,LOGICAL,다음 각 호의 어느 하나에 해당하는 자로서 증권선물위원회가 미공개중요정보를 알 수 있는 자로 인정하는 자,제172조제1항,0.95,정의|대통령령으로 정하는 자|미공개중요정보,2026-04-30
직원,정의함,LOGICAL,"수립ㆍ변경ㆍ추진ㆍ공시, 그 밖에 이에 관련 된 업무에 종사하고 있는 직원",제161조제1항,0.95,수립|변경|추진|공시|관련업무,2026-04-30
직원,정의함,LOGICAL,그 법인의 재무ㆍ회계ㆍ기획ㆍ연구개발에 관련된 업무에 종사하고 있는 직원,제161조제1항,0.95,재무|회계|기획|연구개발,2026-04-30
단기매매차익의 산정방법,정의함,LOGICAL,법,제195조,0.4,단기매매차익|산정방법,2026-04-30
이익 계산,정의함,LOGICAL,방법,제172조제1항,0.95,이익 계산|방법,2026-04-30
특정증권,정의함,LOGICAL,전단에 따른 특정증권등을 말한다. 이하 같다)의 매도를 포함한다.,제172조제1항,0.95,정의|매도 포함,2026-04-30
매도,정의함,LOGICAL,특정증권등의 매수,제199조,0.95,매도|특정증권등의 매수,2026-04-30
해당 매수 또는 매도,계산한다,ACTION,이익,199,0.95,이익 계산|매수단가|매도단가|매수수량|매도수량|매매거래수수료|증권거래세액|농어촌 특별세액|매매일치수량|6개월 이내,2026-04-30
이익 계산,정의함,LOGICAL,매도단가에서 매수단가를 뺀 금액에 매수수량과 매도수량 중 적은 수량을 곱한 금액에서 매매거래수수료와 증권거래세액 및 농어촌 특별세액을 공제한 금액,199,0.9,이익 계산|매도단가|매수단가|매수수량|매도수량|매매거래수수료|증권거래세액|농어촌 특별세액|매매일치수량,2026-04-30
이익,예외로함,LOGICAL,0원 이하인 경우에는 이익이 없는 것으로 본다,199,0.85,이익|0원 이하|이익 없음,2026-04-30
증권선물위원회,정하고 고시한다,ACTION,단기매매차익 계산 세부사항,제172조제1항,0.95,단기매매차익 계산 기준|정하고 고시한다,2026-04-30
단기매매차익,정의함,LOGICAL,단기매매차익(이하 “단기매매차익”이 라 한다),제172조제1항,0.9,단기매매차익 정의,2026-04-30
단기매매차익 반환면제 증권,정의함,LOGICAL,제196조,196,0.95,단기매매차익 반환면제 증권 정의,2026-04-30
증권,정의함,LOGICAL,채무증권,제172조제1항제1호,0.95,증권|채무증권,2026-04-30
증권,정의함,LOGICAL,수익증권,제172조제1항제1호,0.95,증권|수익증권,2026-04-30
증권,정의함,LOGICAL,파생결합증권,제172조제1항제1호,0.95,증권|파생결합증권,2026-04-30
채무증권,예외로함,LOGICAL,전환사채권,제172조제1항제1호,0.95,채무증권|전환사채권,2026-04-30
채무증권,예외로함,LOGICAL,신주인수권부사채권,제172조제1항제1호,0.95,채무증권|신주인수권부사채권,2026-04-30
채무증권,예외로함,LOGICAL,이익참가부사권,제172조제1항제1호,0.95,채무증권|이익참가부사권,2026-04-30
채무증권,예외로함,LOGICAL,지분증권(이와 관련된 증권예탁증권을 포함),제172조제1항제1호,0.95,채무증권|지분증권|증권예탁증권,2026-04-30
채무증권,예외로함,LOGICAL,교환사채권(가목부터 다목까지의 증권과 교환을 청구할 수 있는),제172조제1항제1호,0.95,채무증권|교환사채권,2026-04-30
파생결합증권,제외,ACTION,제172조제1항제4호,제172조제1항제4호,0.95,파생결합증권 제외,2026-04-30
단기매매차익의 공시,정의함,LOGICAL,법,제197조,0.7,단기매매차익|공시,2026-04-30
대통령령으로 정하는 방법,정의함,LOGICAL,다음 각 호의 사항이 지체 없이 공시되도록 하는 것,제172조제3항,0.95,정의|공시 의무,2026-04-30
주주,요구함,ACTION,해당 법인,제401조의2제1항,0.9,단기매매차익 반환청구,2026-04-30
주주,권한을가짐,ACTION,단기매매차익 반환청구,제401조의2제1항,0.9,대위청구,2026-04-30
주주,청구,ACTION,단기매매차익 반환청구,제401조의2제1항,0.9,단기매매차익,2026-04-30
단기매매차익 금액,정의함,LOGICAL,임원별ㆍ직원별 또는 주요주주별로 합산한 금액,제401조의2제1항,0.95,금액정의,2026-04-30
단기매매차익 발생사실 통보받은 날,정의함,LOGICAL,증권선물위원회로부터 단기매매차익 발생사실을 통보받은 날,제401조의2제1항,0.95,통보일정,2026-04-30
단기매매차익 반환 청구 계획,정의함,LOGICAL,해당 법인의 단기매매차익 반환 청구 계획,제401조의2제1항,0.95,계획정의,2026-04-30
해당 법인의 주주,정의함,LOGICAL,주권 외의 지분증권이나 증권예탁증권을 소유한 자,제401조의2제1항,0.95,주주정의,2026-04-30
단기매매차익 반환의 예외,예외로함,LOGICAL,단기매매차익 반환,198,0.85,단기매매차익 반환|예외,2026-04-30
대통령령으로 정하는 경우,정의함,LOGICAL,법령에 따라 불가피하게 매수하거나 매도하는 경우,제172조제6항,0.95,대통령령으로 정하는 경우|정의,2026-04-30
대통령령으로 정하는 경우,정의함,LOGICAL,정부의 허가ㆍ인가ㆍ승인 등이나 문서에 의한 지도ㆍ권고에 따라 매수하거나 매도하는 경우,제172조제6항,0.95,대통령령으로 정하는 경우|정의,2026-04-30
대통령령으로 정하는 경우,정의함,LOGICAL,안정조작이나 시장조성을 위하여 매수ㆍ매도 또는 매도ㆍ매수하는 경우,제172조제6항,0.95,대통령령으로 정하는 경우|정의,2026-04-30
대통령령으로 정하는 경우,정의함,LOGICAL,모집ㆍ사모ㆍ매출하는 특정증권등의 인수에 따라 취득하거나 인수한 특정증권등을 처분하는 경우,제172조제6항,0.95,대통령령으로 정하는 경우|정의,2026-04-30
대통령령으로 정하는 경우,정의함,LOGICAL,주식매수선택권의 행사에 따라 주식을 취득하는 경우,제172조제6항,0.95,대통령령으로 정하는 경우|정의,2026-04-30
대통령령으로 정하는 경우,정의함,LOGICAL,"이미 소유하고 있는 지분증권, 신주인수권이 표시된 것, 전환사채권 또는 신주인수권부사채권의 권리행사에 따라 주식을 취득하는 경우",제172조제6항,0.95,대통령령으로 정하는 경우|정의,2026-04-30
증권예탁증권,해지,ACTION,법,제172조제1항제2호,0.95,예탁계약 해지|법,2026-04-30
증권예탁증권,준용함,STRUCTURE,제172조제1항제2호,제172조제1항제2호,0.9,제172조제1항제2호,2026-04-30
증권 취득,정의함,LOGICAL,증권을 취득하는 행위,제172조제1항제1호,0.85,증권 취득|증권,2026-04-30
증권 취득,참조함,STRUCTURE,제172조제1항제1호,제172조제1항제1호,0.95,제172조제1항제1호,2026-04-30
증권,정의함,LOGICAL,제172조제1항제1호에 따른 증권,제172조제1항제1호,0.9,증권|제172조제1항제1호,2026-04-30
교환사채권,정의함,LOGICAL,제196조제1호라목에 따른 교환사채권 또는 법,제196조제1호라목,0.95,교환사채권|제196조제1호라목,2026-04-30
교환사채권,권한을가짐,ACTION,증권,제172조제1항제3호,0.92,교환사채권|증권 취득|권리행사,2026-04-30
제36조,참조함,STRUCTURE,제2조,36,0.4,제2조|규정에 따라,2026-04-30
제39조,상위조항,STRUCTURE,제38조,제39조,0.1,제39조|제38조,2026-04-30
우리사주조합원,취득,ACTION,회사 주식,제44조,0.95,주식 취득,2026-04-30
수탁기관 보유,정의함,LOGICAL,수탁기관을 통해 보유하는 경우,제43조,0.95,수탁기관 보유|수탁기관을 통한 보유,2026-04-30
준용기간,정의함,LOGICAL,투자매매업자에 대한 준용기간,199,0.9,준용기간|투자매매업자에 대한 준용기간,2026-04-30
투자매매업자,준용함,STRUCTURE,단기매매차익반환,제172조제7항,0.95,인수계약 체결|3개월 이내 매수/매도|6개월 이내 매도/매수,2026-04-30
투자매매업자,간주함,LOGICAL,단기매매차익반환,제172조제7항,0.9,인수계약 체결|3개월 이내 매수/매도|6개월 이내 매도/매수,2026-04-30
투자매매업자,요구함,ACTION,그 날부터 6개월 이내 매도 또는 매수,제198조제4호,0.95,안정조작|시장조성기간|6개월 이내 매수/매도,2026-04-30
제198조제3호의 경우,제외함,LOGICAL,제198조제3호,제198조제3호,0.9,제198조제3호의 경우|제외,2026-04-30
제198조제3호의 경우,준용함,STRUCTURE,제199조,제198조제3호,0.8,제199조|준용,2026-04-30
소유상황 보고,정의함,LOGICAL,임원 등은 특정증권의 소유상황을 보고해야 한다,200,0.9,소유상황 보고|임원 등|특정증권,2026-04-30
대통령령으로 정하는 날,정의함,LOGICAL,전단에서 ‘대통령령으로 정하는 날’이란,제173조제1항,0.95,정의|대통령령으로 정하는 날,2026-04-30
주요주주,정의함,LOGICAL,법,제401조의2제1항,0.7,정의|주요주주,2026-04-30
보고자,요구함,ACTION,보고서에 기재,제173조제1항,0.95,보고자|의무|보고서 기재,2026-04-30
보고서 기재,정의함,LOGICAL,"보고서에 특정 항목(보고자, 해당 주권상장법인, 특정증권등의 종류별 소유현황 및 그 변동에 관한 사항, 주권상장법인의 임원)을 기재해야 함",제173조제1항,0.9,보고서 기재|정의,2026-04-30
보고기간 기준일,정의함,LOGICAL,선임일,제401조의2제1항,0.95,보고기간 기준일|선임일,2026-04-30
주권상장법인의 임원이 아니었던 자,선임,ACTION,임원,제401조의2제1항,0.9,임원 선임|주권상장법인,2026-04-30
보고기간 기준일,예외로함,LOGICAL,주권상장법인의 임원이 아니었던 자가 임원으로 선임된 경우,제401조의2제1항,0.85,보고기간 기준일|임원 선임,2026-04-30
보고기간 기준일,준용함,STRUCTURE,상법,제401조의2제1항,0.8,보고기간 기준일|상법,2026-04-30
각 호의 자,갖다,ACTION,지위,제401조의2제1항,0.95,각 호의 자|지위|해당 지위를 갖게 된 날,2026-04-30
임원,보고,ACTION,소유상황 변동,제401조의2제1항,0.95,소유상황 변동 보고|보고 의무,2026-04-30
경미한 소유상황의 변동,정의함,LOGICAL,"증권선물위원회가 정하여 고시하는 바에 따라 산정된 특정증권등의 변동 수량이 1천주 미만이고, 그 취득 또는 처분금액이 1천만원 미만인 경우",제173조제1항,0.95,경미한 소유상황의 변동|특정증권|변동 수량|취득 금액|처분 금액|1천주|1천만원|증권선물위원회,2026-04-30
경미한 소유상황의 변동,예외로함,LOGICAL,직전 보고일 이후 증권선물위원회가 정하여 고시하는 바에 따라 산정된 특정증권등의 변동 수량의 합계가 1천주 이상이거나 그 취득 또는 처분금액의 합계액이 1천만원 이상인 경우,제173조제1항,0.9,경미한 소유상황의 변동|직전 보고일|증권선물위원회|변동 수량 합계|취득 금액 합계|1천주|1천만원,2026-04-30
부득이한 사유,정의함,LOGICAL,"주식배당, 준비금의 자본전입, 주식의 분할 또는 병합, 자본의 감소",제173조제1항,0.95,부득이한 사유|정의,2026-04-30
대통령령으로 정하는 자,정의함,LOGICAL,다음 각 호의 어느 하나에 해당하는 자로서 특정증권등 의 보유 목적이 해당 법인의 경영권에 영향을 주기 위한 것,제173조제1항,0.95,정의|대통령령으로 정하는 자,2026-04-30
이 아닌 자,정의함,LOGICAL,제154조제1항에 따른 것,제154조제1항,0.95,정의|제154조제1항에 따른 것,2026-04-30
자,정의함,LOGICAL,제10조제1항제1호ㆍ제2호에 해당하는 자,제10조제1항제1호ㆍ제2호,0.95,자|제10조제1항제1호ㆍ제2호,2026-04-30
자,정의함,LOGICAL,⑧ 법,제10조제3항제1호부터 제14호까지(제5호 및 제13호는 제외한다),0.99,자|⑧ 법,2026-04-30
임원 또는 주요주주,보고할 수 있다,ACTION,변동내용,제173조제1항,0.95,보고|변동내용|제6항에 따른 사유|다음 달 10일,2026-04-30
제7항에 해당하는 자,보고할 수 있다,ACTION,변동내용,제173조제1항,0.95,보고|변동내용,2026-04-30
제7항에 해당하는 자,보고할 수 있다,ACTION,단순투자 목적 변동내용,제173조제1항,0.95,단순투자 목적|변동내용|기한,2026-04-30
제7항에 해당하는 자,보고할 수 있다,ACTION,단순투자 목적이 아닌 변동내용,제173조제1항,0.95,단순투자 목적이 아닌|변동내용|기한,2026-04-30
증권선물위원회,정하여 고시한다,ACTION,보고서의 서식과 작성방법,제173조제1항,0.9,정하여 고시한다|보고서 서식|작성방법,2026-04-30
장내파생상품의 대량보유 보고,정의함,LOGICAL,법,제200조의2,0.7,장내파생상품의 대량보유 보고|법,2026-04-30
대통령령으로 정하는 것,정의함,LOGICAL,주가지수,제173조의2제1항,0.99,대통령령으로 정하는 것|주가지수|금융위원회,2026-04-30
대통령령으로 정하는 날,정의함,LOGICAL,제173조의2제1항에서 정의된 개념,제173조의2제1항,0.95,대통령령으로 정하는 날|정의,2026-04-30
대통령령으로 정하는 사항,정의함,LOGICAL,대량보유자 및 그 위탁을 받은 금융투자업자에 관한 사항,제173조의2제1항,0.95,정의함|대통령령으로 정하는 사항|대량보유자 및 그 위탁을 받은 금융투자업자에 관한 사항,2026-04-30
대통령령으로 정하는 사항,정의함,LOGICAL,해당 장내파생상품거래의 품목 및 종목,제173조의2제1항,0.95,정의함|대통령령으로 정하는 사항|해당 장내파생상품거래의 품목 및 종목,2026-04-30
대통령령으로 정하는 사항,정의함,LOGICAL,"해당 장내파생상품을 보유하게 된 시점, 가격 및 수량",제173조의2제1항,0.95,"정의함|대통령령으로 정하는 사항|해당 장내파생상품을 보유하게 된 시점, 가격 및 수량",2026-04-30
대통령령으로 정하는 사항,정의함,LOGICAL,제1호부터 제3호까지의 사항과 관련된 사항으로서 금융위원회가 정하여 고시하는 사항,제173조의2제1항,0.95,정의함|대통령령으로 정하는 사항|제1호부터 제3호까지의 사항과 관련된 사항으로서 금융위원회가 정하여 고시하는 사항,2026-04-30
자가 위탁자,요구함,ACTION,금융위원회와 거래소에 보고,제173조의2,0.95,보고|자기위탁자,2026-04-30
자가 위탁자,허용함,ACTION,금융투자업자에게 대신 보고하게 할 수 있음,제173조의2,0.9,대리보고|금융투자업자,2026-04-30
자가 위탁자,요구함,ACTION,장내파생상품 대량보유 상황 및 변동 내용 보고,제173조의2,0.9,대량보유|변동내용|보고,2026-04-30
자가 위탁자,요구함,ACTION,새로 보고해야 할 변동 내용은 당초 대량보유 상황과 함께 보고,제173조의2,0.85,새변동|대량보유|보고,2026-04-30
금융위원회,정하여 고시한다,ACTION,보고의 방법 및 절차,제173조의2,0.9,보고방법|절차|고시,2026-04-30
임원,요구함,ACTION,거래계획 보고,제200조의3,0.95,특정증권등 거래계획 보고,2026-04-30
대통령령으로 정하는 자,정의함,LOGICAL,각 호의 자,제173조의3제1항,0.95,대통령령으로 정하는 자|각 호의 자,2026-04-30
자본시장과 금융투자업에 관한 법률 시행령,근거함,STRUCTURE,제10조제1항제1호부터 제3호까지,제10조제1항제1호부터 제3호까지,0.9,규정에 따른|제10조제1항제1호부터 제3호까지,2026-04-30
규정,참조함,STRUCTURE,제10조제3항제1호부터 제14호까지의 규정,제10조,0.85,규정|제10조제3항제1호부터 제14호까지,2026-04-30
운용ㆍ배분자 및 기구,정의함,LOGICAL,금전등을 모아 운용ㆍ배분하는 자 및 그 금전등의 운용ㆍ배분을 수행하기 위하여 설정ㆍ설립한 기구,제6조제5항제1호,0.95,운용ㆍ배분자|기구,2026-04-30
운용ㆍ배분자 및 기구,참조함,STRUCTURE,벤처투자 촉진에 관한 법률,제6조제5항제1호,0.9,벤처투자 촉진에 관한 법률,2026-04-30
개인투자조합,제외한다,ACTION,제2조제8호에 따른 규정,제2조제8호,0.95,개인투자조합 제외|제2조제8호,2026-04-30
제2조제8호,참조함,STRUCTURE,제2조,제2조제8호,0.9,제2조제8호|제2조,2026-04-30
투자목적회사,정의함,LOGICAL,중소기업진흥에 관한 법률,제249조의13제1항,0.9,투자목적회사|중소기업진흥에 관한 법률,2026-04-30
투자목적회사,참조함,STRUCTURE,제249조의13제1항,제249조의13제1항,0.9,투자목적회사|제249조의13제1항,2026-04-30
중소벤처기업진흥공단,준하는,ACTION,외국인,68,0.9,외국인|제68조에 따른,2026-04-30
외국인,정의함,LOGICAL,제1호부터 제5호까지의 자에 준하는,68,0.8,제1호부터 제5호까지의 자에 준하는,2026-04-30
매매,정의함,LOGICAL,"다음 각 호의 매매, 그 밖의 거래",제173조의3제1항,0.95,매매|다음 각 호의 매매|그 밖의 거래,2026-04-30
상속ㆍ주식배당 등 대통령령으로 정하는 부득이한 사유로 하는 매매,정의함,LOGICAL,"다음 각 호의 매매, 그 밖의 거래",제173조의3제1항,0.9,상속|주식배당|부득이한 사유|다음 각 호의 매매|그 밖의 거래,2026-04-30
주식 양수·양도 계약,정의함,LOGICAL,특정증권등의 거래,제198조,0.95,주식 양수·양도 계약|특정증권등의 거래,2026-04-30
주요주주,준용함,STRUCTURE,상속세 및 증여세법,제171조제2항,0.9,양수ㆍ양도|주요주주|상속세 및 증여세법,2026-04-30
특정증권등의 매도,정의함,LOGICAL,제71조제1항에 따라 허가받은 연부연납 세액의 재원을 마련하기 위하여 하는 특정증권등의 매도,Unknown,0.85,특정증권등의 매도|연부연납 세액|제71조제1항,2026-04-30
"매매, 그 밖의 거래",허용함,ACTION,미공개중요정보를 이용할 염려가 없는 경우 및 증권선물위원회가 정하여 고시하는 사유,Unknown,0.75,미공개중요정보|증권선물위원회|사유,2026-04-30
제71조제1항,참조함,STRUCTURE,특정증권등의 매도,Unknown,0.9,제71조제1항|특정증권등의 매도,2026-04-30
거래조건,정의함,LOGICAL,"거래목적, 거래가격, 거래수량, 거래기간(30일 이내로 한정), 거래하려는 특정증권등의 종류 및 종목, 법",제173조의3제1항,0.95,거래조건 정의|항목 목록,2026-04-30
보고하는 자,요구함,ACTION,거래계획을 보고,제173조의3제1항,0.95,거래계획|보고,2026-04-30
거래계획,정의함,LOGICAL,거래계획(이하 “거래계획”이라 한다),제173조의3제1항,0.9,거래계획|정의,2026-04-30
증권선물위원회,정하여 고시하는,ACTION,투자자 보호와 시장 예측가능성 제고에 필요한 사항,제173조의3제1항,0.85,증권선물위원회|정의|고시,2026-04-30
대통령령으로 정하는 기간,정의함,LOGICAL,30일,제173조의3제1항,0.99,정의함|기간,2026-04-30
대통령령으로 정하는 규모 미만인 경우,정의함,LOGICAL,요건을 모두 충족하는 경우,제173조의3제1항,0.95,정의|요건 충족,2026-04-30
거래수량,정의함,LOGICAL,특정증권등 총수량의 100분의 1 미만,제173조의3제1항,0.9,거래수량|100분의 1 미만,2026-04-30
거래금액,정의함,LOGICAL,50억원 미만,제173조의3제1항,0.9,거래금액|50억원 미만,2026-04-30
증권선물위원회,권한을가짐,ACTION,정하여 고시한다,제173조의3제1항,0.8,증권선물위원회|정시고시,2026-04-30
거래계획보고자,정의함,LOGICAL,거래계획을 보고한 자,제173조의3제1항,0.95,거래계획보고자|거래계획을 보고한 자,2026-04-30
거래계획보고자,허용함,ACTION,거래,제173조의3제1항,0.9,거래계획보고자|거래|30% 범위,2026-04-30
부득이한 사유,정의함,LOGICAL,"사망, 파산, 시장변동성 확대로 과도한 손실이 예상되는 등 대통령령으로 정하는 부득이한 사유",제173조의3제4항,0.95,정의|부득이한 사유|사망|파산|시장변동성|과도한 손실|대통령령,2026-04-30
부득이한 사유,정의함,LOGICAL,거래계획보고자가 사망한 경우,제173조의3제4항,0.9,정의|부득이한 사유|거래계획보고자|사망,2026-04-30
부득이한 사유,정의함,LOGICAL,거래계획보고자에 대하여 회생절차 또는 파산절차가 개시된 경우,제173조의3제4항,0.9,정의|부득이한 사유|거래계획보고자|회생절차|파산절차,2026-04-30
부득이한 사유,정의함,LOGICAL,거래계획보고자에 대하여 기업구조조정 촉진법에 따른 사유,제173조의3제4항,0.8,정의|부득이한 사유|거래계획보고자|기업구조조정 촉진법,2026-04-30
공동관리절차,정의함,LOGICAL,제8조,제8조,0.95,공동관리절차|제8조,2026-04-30
주채 권은행,개시한다,ACTION,주채 권은행 관리절차,제21조,0.85,주채 권은행 관리절차 개시,2026-04-30
증권선물위원회,정하여 고시하는,ACTION,범위,제21조,0.9,특정증권등의 가격 변동|거래계획 보고일 전 최종 종가,2026-04-30
거래계획,요구함,ACTION,철회보고서 제출,제173조의3제4항,0.95,철회보고서 제출|거래계획,2026-04-30
정보의 공개,정의함,LOGICAL,법,제201조,0.6,정보의 공개|법,2026-04-30
기업결합 방법,정의함,LOGICAL,비상장법인의 대주주 또는 그 특수관계인이 상장법인의 최대주주가 되는 방법,제174조제1항,0.95,기업결합 방법 정의|대주주등 상장법인 최대주주,2026-04-30
대주주등,정의함,LOGICAL,비상장법인의 대주주 또는 그 특수관계인,제174조제1항,0.9,대주주등 정의|비상장법인 대주주,2026-04-30
기업결합 방법,정의함,LOGICAL,대통령령으로 정하는 기업결합 방법,제174조제1항,0.9,기업결합 방법 정의|대통령령 규정,2026-04-30
상장법인,요구함,ACTION,영업 양수,제161조제1항제7호,0.95,영업 양수,2026-04-30
상장법인,요구함,ACTION,주식 등 교부,제161조제1항제7호,0.95,주식 교부,2026-04-30
자산 양수,요구함,ACTION,상장법인이 주식등을 교부,제161조제1항제7호,0.9,자산 양수|주식 교부,2026-04-30
상장법인,교부함,ACTION,주식등,제161조제1항제7호,0.85,상장법인|주식 발행,2026-04-30
상장법인,교부받는,ACTION,주식등,제422조,0.95,현물출자|주식등|교부받는,2026-04-30
대통령령으로 정하는 방법,정의함,LOGICAL,해당 법인(해당 법인으로부터 공개권한 을 위임받은 자를 포함한다) 또는 그 법인의 자회사(「상법」,제174조제1항,0.95,정의|대통령령으로 정하는 방법,2026-04-30
정보 공개,정의함,LOGICAL,자회사의 정보 공개 방법 및 기간,제342조의2제1항,0.95,정보 공개|자회사|공개권한,2026-04-30
정보 공개,정의함,LOGICAL,법령에 따라 금융위원회 또는 거래소에 신고되거나 보고된 서류에 기재된 정보,제342조의2제1항,0.9,법령|금융위원회|거래소|서류,2026-04-30
정보 공개,정의함,LOGICAL,금융위원회 또는 거래소가 설치·운영하는 전자전달매체를 통하여 공개된 정보,제342조의2제1항,0.9,전자전달매체|금융위원회|거래소,2026-04-30
정보 공개,정의함,LOGICAL,신문 또는 경제분야의 특수일간신문에 게재된 정보,제342조의2제1항,0.9,신문|경제분야|특수일간신문,2026-04-30
정보 공개,정의함,LOGICAL,방송법에 따른 지상파방송을 통해 방송된 정보,제342조의2제1항,0.9,방송법|지상파방송,2026-04-30
정보 공개,정의함,LOGICAL,뉴스통신진흥에 따른 연합뉴스사를 통해 제공된 정보,제342조의2제1항,0.9,뉴스통신진흥|연합뉴스사,2026-04-30
정보 공개,예외로함,LOGICAL,전자간 법제처 138 국가법령정보센터 자본시장과 금융투자업에 관한 법률 시행령 행물의 형태로 게재된 경우,제342조의2제1항,0.85,전자간|법제처|국가법령정보센터|자본시장과 금융투자업에 관한 법률 시행령,2026-04-30
자회사,정의함,LOGICAL,"제342조의2제1항에 따른 자회사를 말하며, 그 자회사로부터 공개권한을 위임받은 자를 포함한다",제342조의2제1항,0.95,자회사|공개권한|위임,2026-04-30
대통령령으로 정하는 방법,정의함,LOGICAL,공개매수자(그로부터 공개권한을 위임받은 자를 포함한다)가 제2항 각 호의 어느 하나에 해당하는 방법으로 정보를 공개하고 해당 호에서 정한 기간 또는 시간이 지나는 것,제174조제2항,0.97,정의|공개|기간,2026-04-30
공개매수자,공개함,ACTION,정보,제174조제2항,0.85,공개|정보,2026-04-30
공개매수자,포함함,LOGICAL,공개권한을 위임받은 자,제174조제2항,0.9,포함|위임,2026-04-30
대통령령으로 정하는 방법,준용함,LOGICAL,제174조제2항 각 호에 해당하는 방법,제174조제2항,0.92,준용|방법,2026-04-30
대통령령으로 정하는 취득ㆍ처분,정의함,LOGICAL,취득ㆍ처분 (다음 각 호의 요건을 모두 충족하는),제174조제3항,0.95,요건 충족|다음 각 호,2026-04-30
금융위원회,정하여 고시하는,ACTION,비율 이상의 대량취득ㆍ처분,제154조제1항,0.9,대량취득ㆍ처분|비율 이상의,2026-04-30
대량취득ㆍ처분,정의함,LOGICAL,비율 이상의 대량취득ㆍ처분,제154조제1항,0.8,대량취득ㆍ처분|비율 이상의,2026-04-30
보고대상,준용함,STRUCTURE,제147조제1항,147,0.95,보고대상|제147조제1항,2026-04-30
대통령령으로 정하는 방법,정의함,LOGICAL,대량취득ㆍ처분을 할 자(그로부터 공개 권한을 위임받은 자를 포함한다)가 제2항 각 호의 어느 하나에 해당하는 방법으로 정보를 공개하고 해당 호에서 정한 기간 또는 시간이 지나는 것을 말한다.,제174조제3항,0.97,정의|대통령령|대량취득|공개|정보|제2항,2026-04-30
대통령령으로 정하는 방법,준용함,STRUCTURE,제2항 각 호,제174조제3항,0.9,제2항|방법|준용,2026-04-30
시세조종행위의 대상이 되는 시세,정의함,LOGICAL,시세조종행위의 대상이 되는 시세,202,0.95,시세조종행위의 대상이 되는 시세,2026-04-30
대통령령으로 정하는 시세,정의함,LOGICAL,증권시장에서 최초로 형성되는 시세,제176조제2항제1호,0.95,정의|시세|증권시장,2026-04-30
대통령령으로 정하는 시세,참조함,STRUCTURE,상장(금융위원회 정하여 고시하는 상장을 포함한다),제176조제2항제1호,0.9,상장|금융위원회|고시,2026-04-30
안정조작 및 시장조성을 할 수 있는 자,정의함,LOGICAL,법,203,0.95,정의|법,2026-04-30
대통령령으로 정하는 자,정의함,LOGICAL,법,제176조제3항제1호,0.95,대통령령으로 정하는 자|법,2026-04-30
투자매매업자,기재함,ACTION,안정조작이나 시장조성을 할 수 있다고,제119조제1항,0.9,신고서|안정조작|시장조성,2026-04-30
신고서,정의함,LOGICAL,안정조작이나 시장조성,제119조제1항,0.8,신고서|안정조작|시장조성,2026-04-30
투자매매업자,제출하지 않음,ACTION,신고서,제119조제1항,0.9,신고서 제출|제119조제1항,2026-04-30
투자매매업자,기재,ACTION,안정조작 및 시장조성,제119조제1항,0.9,안정조작|시장조성,2026-04-30
신고서 제출,근거함,STRUCTURE,제119조제1항,제119조제1항,0.95,신고서 제출|제119조제1항,2026-04-30
안정조작,정의함,LOGICAL,안정조작의 방법 등,제204조,0.8,안정조작|방법,2026-04-30
투자매매업자,정의함,LOGICAL,법,제203조,0.95,투자매매업자|법,2026-04-30
투자매매업자,참조함,STRUCTURE,제203조,제203조,0.95,제203조|투자매매업자,2026-04-30
투자설명서,할 수 있다,ACTION,안정조작,제176조제3항제1호,0.95,투자설명서|안정조작,2026-04-30
제176조제3항제1호,참조함,STRUCTURE,제176조,제176조제3항제1호,0.98,제176조제3항제1호|제176조,2026-04-30
투자설명서,기재한 경우만,LOGICAL,안정조작,제176조제3항제1호,0.9,투자설명서|안정조작,2026-04-30
인수계약,요구함,ACTION,내용,제203조제2호,0.95,인수계약 내용 기재,2026-04-30
인수계약,요구함,ACTION,안정조작을 할 수 있다는 뜻,제203조제2호,0.9,안정조작을 할 수 있다는 뜻,2026-04-30
인수계약,요구함,ACTION,안정조작을 할 수 있는 증권시장의 명칭,제203조제2호,0.9,안정조작을 할 수 있는 증권시장의 명칭,2026-04-30
시장 조작,정의함,LOGICAL,제203조,제203조,0.9,시장 조작,2026-04-30
투자매매업자,금지함,ACTION,증권시장 외에서의 안정조작,제203조,0.95,시장 조작|안정조작|증권시장 외,2026-04-30
투자매매업자,준용함,STRUCTURE,제203조,제203조,0.9,제203조에 따른,2026-04-30
투자매매업자,제출하여야 한다,ACTION,안정조작신고서,제203조,0.95,안정조작신고서|제203조에 따른,2026-04-30
투자매매업자,제출하여야 한다,ACTION,금융위원회와 거래소,제203조,0.9,제203조에 따른,2026-04-30
투자매매업자,금지함,ACTION,안정조작증권 매수,제203조,0.95,안정조작|매수|가격 초과,2026-04-30
안정조작증권,정의함,LOGICAL,안정조작의 대상이 되는 증권,제203조,0.9,정의|안정조작,2026-04-30
금융위원회,권한을가짐,ACTION,평균거래가격 계산방법 고시,제203조,0.85,금융위원회|고시|평균거래가격,2026-04-30
투자매매업자,작성하고 제출,ACTION,금융위원회와 거래소,제203조,0.95,안정조작보고서|작성|제출,2026-04-30
금융위원회와 거래소,비치하고 공시함,ACTION,안정조작보고서,제203조,0.9,비치|공시|3년간,2026-04-30
안정조작보고서,포함함,LOGICAL,"종목, 매매거래 내용, 상호",제203조,0.85,안정조작보고서|종목|매매거래 내용|상호,2026-04-30
대통령령으로 정하는 날,정의함,LOGICAL,모집되거나 매출되는 증권의 모집 또는 매출의 청약 기간의 종료일 전 20일이 되는 날,제176조제3항제1호,0.95,정의|대통령령|날|청약기간|20일,2026-04-30
대통령령으로 정하는 날,예외로함,LOGICAL,그 확정되는 날의 다음 날,제176조제3항제1호,0.92,예외|확정되는 날|청약일|20일|날,2026-04-30
시장조성,정의함,LOGICAL,시장조성의 방법 등,제205조,0.6,시장조성|방법,2026-04-30
투자매매업자,제출,ACTION,시장조성신고서,제176조제3항제2호,0.99,시장조성신고서|제출|의무,2026-04-30
시장조성신고서,포함함,LOGICAL,투자매매업자 상호,제176조제3항제2호,0.95,상호|투자매매업자,2026-04-30
시장조성신고서,포함함,LOGICAL,다른 투자매매업자 상호,제176조제3항제2호,0.95,상호|다른 투자매매업자,2026-04-30
시장조성신고서,포함함,LOGICAL,시장조성을 할 증권의 종목,제176조제3항제2호,0.95,종목|증권,2026-04-30
시장조성신고서,포함함,LOGICAL,시장조성을 개시할 날과 시간,제176조제3항제2호,0.95,날과 시간|개시,2026-04-30
시장조성신고서,포함함,LOGICAL,시장조성을 할 기간,제176조제3항제2호,0.95,기간|시장조성,2026-04-30
시장조성신고서,포함함,LOGICAL,시장조성을 할 증권시장의 명칭,제176조제3항제2호,0.95,명칭|증권시장,2026-04-30
시장조성신고서,제출받는자,STRUCTURE,금융위원회와 거래소,제176조제3항제2호,0.9,제출받는자|금융위원회|거래소,2026-04-30
시장조성신고서,참조함,STRUCTURE,제176조제3항제2호,제176조제3항제2호,0.9,참조|제176조제3항제2호,2026-04-30
투자매매업자,금지함,ACTION,시장조성의 대상이 되는 증권의 모집 또는 매출가격을 초과하여 매수,제203조,0.95,시장조성|매수|초과가격,2026-04-30
투자매매업자,금지함,ACTION,시장조성의 대상이 되는 증권의 모집 또는 매출가격을 밑도는 가격으로 매도,제203조,0.95,시장조성|매도|저가매도,2026-04-30
안정조작,정의함,LOGICAL,시장조성,제204조,0.95,정의,2026-04-30
안정조작,준용함,STRUCTURE,"제204조제1항, 제2항, 제5항, 제6항",제204조,0.9,준용,2026-04-30
대통령령으로 정하는 기간,정의함,LOGICAL,모집되거나 매출되는 증권이 상장된 날부터 1개월 이상 6개월 이하의 범위에서 인수계약으로 정하는 날까지의 기간,제176조제3항제2호,0.95,기간 정의|상장일|인수계약일,2026-04-30
금융위원회,정하여 고시한다,ACTION,시장조성신고서 및 시장조성보고서의 서식과 작성방법 등에 관한 필요한 사항,제176조제3항제2호,0.9,고시|서식|작성방법,2026-04-30
제176조제3항제2호,참조함,STRUCTURE,제1항부터 제4항까지,제176조제3항제2호,0.8,조항 참조|상위조항,2026-04-30
안정조작을 위탁할 수 있는 자,정의함,LOGICAL,법,제206조,0.9,정의|법,2026-04-30
안정조작을 위탁할 수 있는 자,참조함,STRUCTURE,안정조작,제206조,0.8,참조|안정조작,2026-04-30
발행인의 임원 등 대통령령으로 정하는 자,정의함,LOGICAL,발행인의 이사,제176조제3항제3호,0.95,임원|이사,2026-04-30
발행인의 임원 등 대통령령으로 정하는 자,정의함,LOGICAL,매출되는 증권의 소유자,제176조제3항제3호,0.95,소유자|증권,2026-04-30
발행인의 임원 등 대통령령으로 정하는 자,정의함,LOGICAL,그 회사 또는 그 회사의 이사,제176조제3항제3호,0.9,회사|이사,2026-04-30
발행인의 임원 등 대통령령으로 정하는 자,정의함,LOGICAL,지분증권총수의 100분의 30을 초과하는 지분증권을 소유하고 있는 관계,제176조제3항제3호,0.85,지분증권|소유|30%,2026-04-30
발행인의 임원 등 대통령령으로 정하는 자,정의함,LOGICAL,지분증권총수의 100분의 10을 초과하는 지분증권을 소유하고 있는 관계,제176조제3항제3호,0.85,지분증권|소유|10%,2026-04-30
발행인 또는 소유자,요구함,ACTION,안정조작을 위탁할 수 있는 자를 지정,제2조제5호,0.95,안정조작|위탁자 지정,2026-04-30
안정조작을 위탁할 수 있는 자,통지함,ACTION,금융위원회와 거래소,제2조제5호,0.9,통지|금융위원회|거래소,2026-04-30
시세조종,정의함,LOGICAL,적용대상,제206조의2,0.9,시세조종|적용대상,2026-04-30
장내파생상품으로 품목의 결정,정의함,LOGICAL,거래소가 그 파생상품을 장내파생상품으로 품목의 결정을 하는 경우,제377조제 1항제6호,0.95,정의|장내파생상품|품목 결정,2026-04-30
거래소,결정함,ACTION,품목,제377조제 1항제6호,0.9,거래소|결정|품목,2026-04-30
연계증권,정의함,LOGICAL,연계증권의 범위,제207조,0.9,연계증권|범위,2026-04-30
시장질서 교란행위의 금지 예외,정의함,LOGICAL,시장질서 교란행위의 금지 예외,제207조의2,0.95,정의,2026-04-30
시장질서 교란행위의 금지 예외,예외로함,LOGICAL,시장질서 교란행위의 금지,제207조의2,0.9,예외|금지|시장질서 교란행위,2026-04-30
시장질서 교란행위의 금지 예외,참조함,STRUCTURE,제207조,제207조의2,0.85,참조|제207조,2026-04-30
대통령령으로 정 하는 경우,정의함,LOGICAL,법,제178조의2제1항,0.95,대통령령으로 정 하는 경우|법,2026-04-30
해당하는 자,해당하다,LOGICAL,미공개중요정보 또는 미공개정보,제178조의2제1항제1호가목,0.9,미공개중요정보|미공개정보,2026-04-30
미공개정보,정의함,LOGICAL,각 미공개정보,제174조제2항,0.95,미공개정보 정의|제174조제2항,2026-04-30
제174조제2항,참조함,STRUCTURE,제174조제3항,제174조제2항,0.8,제174조제2항 참조|제174조제3항,2026-04-30
지정 금융투자상품,정의함,LOGICAL,각 호 외의 부분 본문에 따른 지정 금융투자상품,제178조의2제1항,0.95,지정 금융투자상품|정의,2026-04-30
지정 금융투자상품,간주함,LOGICAL,지정 금융투자상품에 관한 계약을 체결하는 행위,제178조의2제1항,0.9,지정 금융투자상품|계약 체결,2026-04-30
지정 금융투자상품,간주함,LOGICAL,투자매매업자 또는 투자중개업자에게 지정 금융투자상품의 매매등에 관한 청약 또는 주문을 제출하는 행위,제178조의2제1항,0.9,지정 금융투자상품|청약|주문 제출,2026-04-30
지정 금융투자상품,간주함,LOGICAL,금융위원회가 정하여 고시하는 행위,제178조의2제1항,0.85,지정 금융투자상품|금융위원회 고시,2026-04-30
제178조의2제1항제1호나목부터 라목까지의 규정에 해당하는 자,정의함,LOGICAL,법,제178조의2제1항제1호,0.85,규정에 해당하는|나목부터 라목까지,2026-04-30
제178조의2제1항제1호,참조함,STRUCTURE,규정에 해당하는 자,제178조의2제1항제1호,0.75,나목부터 라목까지,2026-04-30
투자자,허용함,ACTION,지정 금융투자상품 매매,제178조의2제1항제2호,0.95,제1호 각 목에 해당하는 행위|권리 행사|의무 이행,2026-04-30
공매도 제한,금지함,ACTION,공매도,208,0.95,공매도 제한|법적 강제성,2026-04-30
대통령령으로 정하는 증권,정의함,LOGICAL,"전환사채권, 신주인수권부사채권, 이익참가부사채권, 교환사채권, 지분증권, 수익증권, 파생결합증권, 증권예탁증권(제1호부터 제4호까지의 증권과 관련된 증권예탁증권만 해당)",제180조제1항,0.95,정의|대통령령|증권,2026-04-30
대통령령으로 정하는 방법,정의함,LOGICAL,같은 항 각 호 외의 부분 단서에 따른 공매도(이하 “차입공매도”라 한다)에 대하여 법,제180조제1항,0.95,정의|대통령령으로 정하는 방법,2026-04-30
증권시장업무규정,정하는,ACTION,가격,제393조제1항,0.95,정하는|가격,2026-04-30
증권시장업무규정,정하는,ACTION,다자간매매체결회사에서의 차입공매도 가격,제393조제1항,0.85,정하는|다자간매매체결회사에서의 차입공매도 가격,2026-04-30
투자중개업자,요구함,ACTION,거래소,제208조의2,0.95,공매도 알림,2026-04-30
투자중개업자,요구함,ACTION,다자간매매체결회사,제208조의2,0.95,공매도 알림,2026-04-30
다자간매매체결회사,요구함,ACTION,거래소,제208조의2,0.95,공매도 알림,2026-04-30
투자매매업자,요구함,ACTION,거래소,제208조의2,0.95,공매도 알림,2026-04-30
투자매매업자,요구함,ACTION,다자간매매체결회사,제208조의2,0.95,공매도 알림,2026-04-30
대통령령으로 정하는 경우,정의함,LOGICAL,다음 각 호의 어느 하나에 해당하는 매도로서 결제일 까지 결제가 가능한 경우,제180조제2항제3호,0.95,대통령령으로 정하는 경우|매도|결제일|결제가능,2026-04-30
"그 밖에 계약, 약정 또는 권리 행사에 의하여 인도받을 상장증권을 매도하는 경우",준용함,STRUCTURE,증권시장업무규정,제180조제2항제3호,0.9,계약|약정|권리 행사|증권시장업무규정,2026-04-30
제208조의2,정의함,LOGICAL,순보유잔고의 보고,208조의2,0.85,순보유잔고의 보고 정의,2026-04-30
대통령령으로 정하는 거래,정의함,LOGICAL,상장주권이 아닌 증권의 거래,제180조의2제1항,0.95,정의|대통령령으로 정하는 거래,2026-04-30
대통령령으로 정하는 거래,정의함,LOGICAL,증권시장업무규정 및 법에 해당하는 거래,제180조의2제1항,0.95,정의|대통령령으로 정하는 거래,2026-04-30
상장주권의 거래,요구함,ACTION,제393조제2항,제393조제2항,0.92,상장주권의 거래|유동성 공급|시장조성|경제적 손실|불가피|증권시장 영향,2026-04-30
상장주권의 거래,정의함,LOGICAL,유동성 공급 및 시장조성을 위한 상장주권의 거래,제393조제2항,0.88,상장주권의 거래|유동성 공급|시장조성,2026-04-30
상장주권의 거래,예외로함,LOGICAL,불가피하고 증권시장에 미치는 영향이 경미한 경우,제393조제2항,0.85,상장주권의 거래|불가피|증권시장 영향,2026-04-30
대통령령으로 정하는 기간,정의함,LOGICAL,5년,제180조의2제3항,0.99,대통령령으로 정하는 기간|5년,2026-04-30
순보유잔고,정의함,LOGICAL,상장증권의 종목별로 제1호 수량에서 제2호 수량을 차감하여 산정,제180조의2제1항,0.97,순보유잔고 정의|산정 방법,2026-04-30
순보유잔고,산정한다,ACTION,제1호 수량에서 제2호 수량을 차감한 값,제180조의2제1항,0.95,산정|수량 차감,2026-04-30
순보유잔고,참조함,STRUCTURE,제180조의2제1항,제180조의2제1항,0.9,제180조의2제1항 참조,2026-04-30
매도자,제출,ACTION,보고서,제180조의2제1항,0.95,순보유잔고 보고|제출|보고서,2026-04-30
순보유잔고,정의함,LOGICAL,보유하고 있는 증권의 수량을 합한 수량,제180조의2제1항,0.9,순보유잔고|정의|보유 증권 수량,2026-04-30
금융위원회,정하여 고시함,STRUCTURE,기준시점,제180조의2제1항,0.9,금융위원회|정의|고시|기준시점,2026-04-30
순보유잔고의 공시,근거함,STRUCTURE,법,제208조의3,0.7,순보유잔고의 공시|법,2026-04-30
상장증권,정의함,LOGICAL,상장주권,제180조의3제1항,0.99,상장증권 정의|상장주권,2026-04-30
대통령령으로 정하는 기준,정의함,LOGICAL,대통령령 기준,제180조의3제1항,0.9,대통령령 기준|정의,2026-04-30
각 호의 어느 하나에 해당하는 경우,정의함,LOGICAL,제208조의2제4항,제208조의2제4항,0.95,정의|제208조의2제4항,2026-04-30
공매도 거래자,제한함,ACTION,증권 취득,제208조의4,0.95,공매도 거래자|증권 취득 제한,2026-04-30
대통령령으로 정하는 기간,정의함,LOGICAL,상장주식에 대한 모집 또는 매출 계획이 처음 공시된 날(법 ...),제180조의4제1항,0.95,대통령령으로 정하는 기간|상장주식|모집 또는 매출 계획|공시,2026-04-30
Unknown,정의함,LOGICAL,제123조,123,0.0,Unknown,2026-04-30
제129조,정의함,LOGICAL,제129조,129,0.5,제129조,2026-04-30
제130조,정의함,LOGICAL,제130조,130조,0.0,제130조,2026-04-30
공시기간,정의함,LOGICAL,다음 날부터 모집가액 결정날까지의 기간,391,0.97,공시기간 정의|공시기간 기간 정의,2026-04-30
대통령령으로 정하는 경우,정의함,LOGICAL,제1항에 따른 기간(전환사채 또는 신주인수권부사채의 모집 또는 매출의 경우에는 제3항에 따른 기간) 이내에 전 체 공매도 주문수량보다 많은 수량의 주식을 가격경쟁에 의한 거래 방식으로 매수한 경우,제180조의4제1항,0.95,정의|대통령령|사례,2026-04-30
대통령령으로 정하는 경우,정의함,LOGICAL,금융위원회가 정하여 고시하는 바에 따라 해당 주식에 대한 유동성을 공급하기 위해 공매도를 하거나 공매도 주 문을 위탁한 경우,제180조의4제1항,0.95,정의|대통령령|사례,2026-04-30
대통령령으로 정하는 경우,정의함,LOGICAL,그 밖에 제1호 또는 제2호에 준하는 경우로서 증권시장의 원활한 거래를 위해 금융위원회가 정하여 고시하는 사유에 해당하는 경우,제180조의4제1항,0.95,정의|대통령령|사례,2026-04-30
대통령령으로 정하는 기간,정의함,LOGICAL,전환사채 또는 신주인수권부사채의 모집 또는 매출 계획이 처음 공시된 날,제180조의4제2항,0.95,대통령령으로 정하는 기간|전환사채|신주인수권부사채|모집|매출 계획|공시,2026-04-30
제129조,정의함,LOGICAL,없음,129,0.5,없음,2026-04-30
제130조,참조함,STRUCTURE,제2조,130,0.5,제2조,2026-04-30
전환가액 결정기간,정의함,LOGICAL,"전환가액 결정기간은 제391조에 따라 공시된 날 중 가장 빨리 공시된 날의 다음 날부터 전환사채 또는 신주인수권부사채가 발행되기 전의 날까지, 해당 공시 또는 변경공시에 따른 전환가액 또는 신주인수권행사가액이 결정되는 날까지의 기간",391,0.95,전환가액 결정기간 정의|기간 정의|시작일 정의|종료일 정의|전환가액 결정일 정의,2026-04-30
차입공매도,정의함,LOGICAL,대차거래정보 등,제208조의5,0.95,차입공매도|대차거래정보,2026-04-30
대차거래정보,정의함,LOGICAL,"계약체결 일시, 계약상대방의 성명(법인인 경우 법인명), 계약종목 및 계약수량, 결제일, 상장증권의 대차기간 및 대차수수료율, 그 밖에 제1호부터 제5호까지의 거래정보에 준하는 것으로서 금융위원회가 정하여 고시하는 거래정보",제180조의5제1항,0.95,대차거래정보 정의|거래정보 항목,2026-04-30
정보통신처리장치,보관할 것,ACTION,대차거래정보,제180조의5제1항,0.95,방법|대통령령으로 정하는 방법,2026-04-30
정보통신처리장치,갖출 것,ACTION,설비 또는 시스템,제180조의5제1항,0.9,위변조 방지 설비|훼손 방지 설비,2026-04-30
정보통신처리장치,만들어야 할 것,ACTION,절차 및 기준,제180조의5제1항,0.9,불법 접근 방지 절차|불법 접근 방지 기준,2026-04-30
정보통신처리장치,갖출 것,ACTION,금융위원회가 정한 고시 요건,제180조의5제1항,0.9,효율적 보관 요건|금융위원회 고시 요건,2026-04-30
차입공매도,정의함,LOGICAL,대차거래의 상환기간 등,제208조의6,0.85,차입공매도|상환기간,2026-04-30
상환기간,정한다,ACTION,90일 범위 및 12개월 제한,제180조의5제3항,0.95,상환기간|90일|12개월,2026-04-30
상환기간,정한다,ACTION,종료일은 사유 종료 후 3영업일,제180조의5제3항,0.9,상환기간|종료일|3영업일|사유 종료|상장주권 매매거래 정지|상장 폐지|매수 불가|계좌 대체 불가,2026-04-30
상환기간,예외로함,LOGICAL,사유 종료 후 3영업일,제180조의5제3항,0.85,상환기간|예외|사유 종료|3영업일,2026-04-30
무차입공매도 방지조치,정의함,LOGICAL,법,제208조의7,0.6,무차입공매도 방지조치|법,2026-04-30
상장증권,참조함,STRUCTURE,대통령령,제180조의6제1항,0.85,상장증권|대통령령|정의,2026-04-30
법인,해야,ACTION,조치,제180조의6제1항,0.95,차입공매도|법인|조치,2026-04-30
법인,보고,ACTION,순보유잔고,제180조의2제1항,0.95,순보유잔고|보고,2026-04-30
순보유잔 고보고법인,정의함,LOGICAL,법인,제180조의2제1항,0.9,순보유잔 고보고법인|법인,2026-04-30
법인,요구함,ACTION,조치,제208조의2제1항제2호ㆍ제3호,0.95,공매도 직무 기준 및 절차|법인 의무,2026-04-30
법인,예외로함,LOGICAL,"가목4), 나목 및 라목",제208조의2제1항제2호ㆍ제3호,0.9,"차입공매도 전/위탁 전|가목4, 나목, 라목 제외",2026-04-30
법인,요구함,ACTION,기준 및 절차 마련,제208조의2제1항제2호ㆍ제3호,0.9,공매도 직무 기준 및 절차|임직원 직무 준수,2026-04-30
법인,요구함,ACTION,공매도 관련 직무를 수행하는 임직원의 역할과 책임에 관한 사항,제208조의2제1항제2호ㆍ제3호,0.85,임직원 역할|책임,2026-04-30
법인,요구함,ACTION,종목별 잔고의 관리에 관한 사항,제208조의2제1항제2호ㆍ제3호,0.85,종목별 잔고 관리,2026-04-30
법인,요구함,ACTION,"공매도 거래내역, 대차거래정보",제208조의2제1항제2호ㆍ제3호,0.85,거래내역 기록|대차거래정보,2026-04-30
공매도 거래내역,보관,ACTION,5년 이상,제208조의5제1항,0.95,보관기 간은 5년 이상,2026-04-30
공매도 거래내역,기록,ACTION,금융위원회 고시사항,제208조의5제1항,0.9,금융위원회가 정하여 고시하는 사항,2026-04-30
전산설비,구축·운영,ACTION,종목별 잔고 관리 및 무차입공매도 차단,제208조의5제1항,0.85,전산설비 구축·운영|종목별 잔고 관리|무차입공매도 차단,2026-04-30
해당 법인,요구함,ACTION,제2항에 따른 조치의 확인,제180조의6제2항,0.95,12개월마다|확인,2026-04-30
해당 법인,요구함,ACTION,제2항에 따른 조치의 결과를 금융감독원장에게 제출,제180조의6제2항,0.95,1개월 이내|제출,2026-04-30
금융위 원회,정의함,LOGICAL,"무차입공매도를 방지하기 위한 조치의 내용, 방법 및 절차",제180조의6제2항,0.9,제2항 및 제3항|무차입공매도 방지,2026-04-30
집합투자기구의 등록요건,정의함,LOGICAL,등록요건,제209조,0.6,등록요건,2026-04-30
집합투자기구의 등록요건,참조함,STRUCTURE,제2조,제209조,0.4,제2조,2026-04-30
대통령령으로 정하는 요건,정의함,LOGICAL,"다음 각 호의 요건을 말한다. 투자신탁의 경우: 가. 등록하려는 집합투자기구의 집합투자증권에 대한 해당 집합투자업자(대주주, 계열회사, 운용업무 담당자 포함)의 매수 계획이 금융위원회가 정하여 고시하는 기준을 충족하는 계획을 수립할 것. 나. 해당 집합투자업자가 운용하는 다른 집합투자기구 중 원본액이 50억원 미만인 집합투자기구로서 금융위원회가 정하여 고시하는 집합투자기구가 차지하는 비율이 100분의 5 이하일 것. 투자회사의 경우: 다음 각 목의 요건. 다만, 법",제182조제2항제4호,0.92,정의|요건|대통령령,2026-04-30
대통령령으로 정하는 요건,정의함,LOGICAL,"투자신탁의 경우: 가. 등록하려는 집합투자기구의 집합투자증권에 대한 해당 집합투자업자(대주주, 계열회사, 운용업무 담당자 포함)의 매수 계획이 금융위원회가 정하여 고시하는 기준을 충족하는 계획을 수립할 것. 나. 해당 집합투자업자가 운용하는 다른 집합투자기구 중 원본액이 50억원 미만인 집합투자기구로서 금융위원회가 정하여 고시하는 집합투자기구가 차지하는 비율이 100분의 5 이하일 것.",제182조제2항제4호,0.88,투자신탁|요건|정의,2026-04-30
대통령령으로 정하는 요건,정의함,LOGICAL,"투자회사의 경우: 다음 각 목의 요건. 다만, 법",제182조제2항제4호,0.75,투자회사|요건|정의,2026-04-30
외국 집합투자기구,한정한다,ACTION,가목의 요건,279,0.95,외국 집합투자기구|가목의 요건,2026-04-30
가목의 요건,정의함,LOGICAL,감독이사,279,0.9,가목의 요건|감독이사,2026-04-30
감독이사,정의함,LOGICAL,금융회사의 지배구조에 관한 법률,279,0.9,감독이사|금융회사의 지배구조에 관한 법률,2026-04-30
외국 집합투자기구,등록한다,ACTION,제279조,279,0.9,외국 집합투자기구|제279조,2026-04-30
등록 신청자,요구함,ACTION,자본금이 1억원 이상 및 금융위원회가 정하여 고시하는 금액 이상,제5조제1항,0.95,자본금|금융위원회 고시 금액,2026-04-30
집합투자기구의 집합투자증권,정의함,LOGICAL,집합투자기구,제5조제1항,0.99,집합투자기구의 집합투자증권|집합투자기구,2026-04-30
매수,정의함,LOGICAL,출자,제5조제1항,0.99,매수|출자,2026-04-30
외국 집합투자기구,요구함,ACTION,등록 신청 당시의 자본금 또는 출자금이 1억원 이상 및 금융위원회가 정하여 고시하는 금액 이상,제279조,0.95,등록|자본금|출자금|금융위원회 고시 금액,2026-04-30
외국 집합투자기구,예외로함,LOGICAL,제279조 적용,제279조,0.85,예외|제279조|제2조제1호,2026-04-30
변경등록의 적용 제외,정의함,LOGICAL,법,210,0.9,변경등록|적용 제외,2026-04-30
변경등록의 적용 제외,예외로함,LOGICAL,변경등록,210,0.8,변경등록|적용 제외,2026-04-30
대통령령으로 정하는 경우,정의함,LOGICAL,법 및 이 영의 개정이나 금융위원회의 명령에 따라 등록한 사항을 변경하는 경우,제182조제8항,0.95,대통령령으로 정하는 경우|정의,2026-04-30
대통령령으로 정하는 경우,정의함,LOGICAL,등록한 사항의 단순한 자구수정 등 금융위원회가 정하여 고시하는 경미한 사항을 변경하는 경우,제182조제8항,0.95,대통령령으로 정하는 경우|정의,2026-04-30
등록신청서,기재,ACTION,집합투자기구의 명칭,제182조제3항,0.95,등록신청서 기재사항|기재,2026-04-30
등록신청서,기재,ACTION,투자목적ㆍ투자방침 및 투자전략에 관한 사항,제182조제3항,0.95,등록신청서 기재사항|기재,2026-04-30
등록신청서,기재,ACTION,권리의 내용 및 투자위험요소에 관한 사항,제182조제3항,0.95,등록신청서 기재사항|기재,2026-04-30
등록신청서,기재,ACTION,"운용보수, 판매수수료ㆍ판매보수, 그 밖의 비용에 관한 사항",제182조제3항,0.95,등록신청서 기재사항|기재,2026-04-30
등록신청서,기재,ACTION,출자금에 관한 사항,제182조제3항,0.95,등록신청서 기재사항|기재,2026-04-30
등록신청서,기재,ACTION,재무에 관한 사항,제182조제3항,0.95,등록신청서 기재사항|기재,2026-04-30
등록신청서,기재,ACTION,집합투자업자(투자회사인 경우에는 발기인과 감독이사를 포함한다)에 관한 사항,제182조제3항,0.95,등록신청서 기재사항|기재,2026-04-30
등록신청서,기재,ACTION,투자운용인력에 관한 사항,제182조제3항,0.95,등록신청서 기재사항|기재,2026-04-30
등록신청서,기재,ACTION,집합투자재산의 운용에 관한 사항,제182조제3항,0.95,등록신청서 기재사항|기재,2026-04-30
등록신청서,기재,ACTION,집합투자재산의 평가 및 공시 등에 관한 사항,제182조제3항,0.95,등록신청서 기재사항|기재,2026-04-30
등록신청서,기재,ACTION,손익분배 및 과세에 관한 사항,제182조제3항,0.95,등록신청서 기재사항|기재,2026-04-30
등록신청서,기재,ACTION,신탁업자 및 일반사무관리회사(일반사무관리회사가 있는 경우만 해당한다)에 관한 사항,제182조제3항,0.95,등록신청서 기재사항|기재,2026-04-30
등록신청서,기재,ACTION,법,제182조제3항,0.95,등록신청서 기재사항|기재,2026-04-30
출자금에 관한 사항,예외로함,LOGICAL,투자신탁인,제182조제3항,0.95,출자금에 관한 사항|예외,2026-04-30
신탁업자 및 일반사무관리회사에 관한 사항,예외로함,LOGICAL,일반사무관리회사가 없는 경우,제182조제3항,0.95,신탁업자 및 일반사무관리회사에 관한 사항|예외,2026-04-30
법인 등기사항증명서 확인,근거함,STRUCTURE,제36조 제1항,36,0.9,제36조 제1항,2026-04-30
업무수탁자,정의함,LOGICAL,업무수탁자,제42조,0.95,업무수탁자 정의,2026-04-30
업무수탁자,예외로함,LOGICAL,업무위탁계약 체결 여부,제42조,0.9,업무위탁계약|예외 조건,2026-04-30
업무수탁자,참조함,STRUCTURE,제42조,제42조,0.9,제42조 참조,2026-04-30
금융위원회,정하고 고시,ACTION,서류,제209조,0.95,정하고 고시|투자자 보호,2026-04-30
서류,정의함,LOGICAL,투자자를 보호하기 위하여 필요한 서류,제209조,0.9,정의함|투자자 보호,2026-04-30
신청내용 검토,확인,ACTION,신청내용의 사실 여부,제182조제1항,0.9,신청내용 검토|사실 여부,2026-04-30
신청내용 검토,검토,ACTION,등록요건 및 변경등록요건 충족 여부,제182조제1항,0.9,신청내용 검토|등록요건|변경등록요건,2026-04-30
정정신고서,제출,ACTION,법,제122조제1항,0.8,정정신고서|제출,2026-04-30
제182조제8항에 따른 변경등록의 신청서,본다,LOGICAL,제182조제8항에 따른 변경등록,제182조제8항,0.95,변경등록|신청서,2026-04-30
해당 집합투자기구,본다,LOGICAL,변경등록된,제182조제8항,0.95,집합투자기구|변경등록,2026-04-30
교차판매협약,정의함,LOGICAL,제211조의2,제211조의2,0.7,교차판매협약 정의,2026-04-30
양해각서,정의함,LOGICAL,대한민국 정부와 외국 정부 사이에 집합투자기구의 집합투자증권 교차판매에 공통으로 적용되는 기준을 마련하기 위해 체결한 양해각서로서 금융위원회가 정하여 고시하는 양해각서,제182조의2제1항,0.95,정의|양해각서,2026-04-30
양해각서,참조함,STRUCTURE,금융위원회가 정하여 고시하는,제182조의2제1항,0.85,참조|금융위원회|정의,2026-04-30
"자기자본, 임원 및 운용인력 등 대통령령으로 정하는 적격 요건",정의함,LOGICAL,미화 100만달러 이상으로서 금융위원회가 정하여 고시하는 금액 이상의 자기자본을 갖출 것,제182조의2제2항제2호,0.95,자기자본|금융위원회|대통령령|적격 요건,2026-04-30
"자기자본, 임원 및 운용인력 등 대통령령으로 정하는 적격 요건",정의함,LOGICAL,임원 및 운용인력의 수와 경력에 관하여 다음 각 목의 기준 범위에서 금융위원회가 정하여 고시하는 기준을 충족하는 인력을 보유할 것,제182조의2제2항제2호,0.95,임원|운용인력|금융위원회|대통령령|적격 요건,2026-04-30
투자의사결정 권한이 있는 자 또는 감독 책임이 있는 자,지정,ACTION,교차판매 집합투자기구,제182조의2제1항,0.95,투자의사결정 권한|감독 책임,2026-04-30
투자의사결정 권한이 있는 자 또는 감독 책임이 있는 자,요구함,ACTION,운용자산규모 미화 5억 달러 이상,제182조의2제1항,0.9,운용자산규모|미화 5억 달러 이상,2026-04-30
투자의사결정 권한이 있는 자 또는 감독 책임이 있는 자,요구함,ACTION,교차판매협약등의 내용 고려,제182조의2제1항,0.9,교차판매협약등|내용 고려,2026-04-30
교차판매 집합투자기구,구성요건,STRUCTURE,운용자산규모 미화 5억 달러 이상,제182조의2제1항,0.85,운용자산규모|미화 5억 달러 이상,2026-04-30
대통령령으로 정하는 요건,정의함,LOGICAL,다음 각 호의 요건을 말한다. 1. 집합투자재산을 다음 각 목의 어느 하나에 해당하는 자산에 운용하거나 파생상품 매매 또는 증권 대여의 방법으로 운용할 것 가. 통화 나. 예금 다. 증권 라. 금 예탁증서(대한민국 또는 외국에서 은행업을 경영하는 법인이 증서 보유자의 지시에 따라 일정한 양의 금을 제공할 의무가 있음을 문서화한 증서를 말한다) 마. 금융위원회가 정하여 고시하는 단기금융상품 바. 그 밖에 교차판매협약등을 고려하여 금융위원회가 정하여 고시하는 금융상품 2. 교차판매 집합투자기구의 재산을 보관ㆍ관리하는 자는 금융위원회가 정하여 고시하는 적격 요건을 갖출 것 3. 그 밖에 투자자를 보호하기 위해 필요한 사항으로서 집합투자재산 운용의 방법 및 제한 등 교차판매협약등을 고려하여 금융위원회가 정하여 고시하는 요건을 충족할 것,제182조의2제2항제3호,0.95,정의|요건,2026-04-30
대통령령으로 정하는 경우,정의함,LOGICAL,제182조의2제3항,제182조의2제3항,0.95,정의|대통령령으로 정하는 경우,2026-04-30
각 호의 경우,정의함,LOGICAL,제210조,제210조,0.9,정의|각 호의 경우,2026-04-30
등록신청서 및 변경등록신청서,요구함,ACTION,"기재사항, 첨부서류 등",제182조의2제4항,0.9,신청 방법 및 절차|등록신청서 및 변경등록신청서,2026-04-30
금융위원회,준용한다,ACTION,제211조,제211조,0.95,준용,2026-04-30
그 집합투자기구,부여해야 한다,ACTION,고유 등록번호,제182조의2제1항,0.95,등록번호 부여|교차판매 집합투자기구,2026-04-30
그 집합투자기구,정의함,LOGICAL,집합투자기구,제182조의2제1항,0.9,집합투자기구 정의,2026-04-30
일반사무관리회사의 업무,정의함,LOGICAL,제212조에 규정된 업무,제212조,0.7,일반사무관리회사의 업무|정의,2026-04-30
투자회사의 운영에 관한 업무,정의함,LOGICAL,위탁받은 업무,제238조제8항,0.95,투자회사의 운영에 관한 업무|위탁받은 업무,2026-04-30
투자회사의 운영에 관한 업무,참조함,STRUCTURE,제238조제8항,제238조제8항,0.9,투자회사의 운영에 관한 업무|제238조제8항,2026-04-30
투자회사등,허용함,ACTION,자기집합투자증권의 처분,제213조,0.9,자기집합투자증권의 처분|법에 따라,2026-04-30
취득자,처분하여야 한다,ACTION,자기집합 투자증권,제186조제1항제1호,0.99,자기집합 투자증권|취득자|처분|1개월 이내,2026-04-30
취득자,처분방법,ACTION,소각,제186조제1항제1호,0.95,소각|처분방법,2026-04-30
취득자,처분방법,ACTION,매도 (투자매매업자 또는 투자중개업자),제186조제1항제1호,0.95,매도|투자매매업자|투자중개업자|처분방법,2026-04-30
취득자,처분기간,ACTION,1개월 이내,제186조제1항제1호,0.9,1개월 이내|처분기간,2026-04-30
투자회사등의 자료의 기록ㆍ유지,정의함,LOGICAL,법령에 따라 자료를 기록하고 유지,제214조,0.8,투자회사등의 자료의 기록ㆍ유지|법령에 따라 자료를 기록하고 유지,2026-04-30
당사자,기록·유지,ACTION,집합투자재산 명세서,제187조제1항,0.95,기록·유지|집합투자재산 명세서|10년,2026-04-30
당사자,기록·유지,ACTION,집합투자증권 기준가격대장,제187조제1항,0.95,기록·유지|집합투자증권 기준가격대장|10년,2026-04-30
당사자,기록·유지,ACTION,집합투자재산 운용내역서,제187조제1항,0.95,기록·유지|집합투자재산 운용내역서|10년,2026-04-30
당사자,기록·유지,ACTION,집합투자자총회 의사록 및 이사회 의사록,제187조제1항,0.95,기록·유지|집합투자자총회 의사록 및 이사회 의사록|10년,2026-04-30
당사자,기록·유지,ACTION,그 밖에 법령에서 작성ㆍ비치하도록 되어 있는 장부ㆍ서류,제187조제1항,0.95,기록·유지|그 밖에 법령에서 작성ㆍ비치하도록 되어 있는 장부ㆍ서류|법령에서 정한 기간,2026-04-30
금융위원회,단축,ACTION,기록·유지 기간,제187조제1항,0.9,단축|기록·유지 기간,2026-04-30
금융위원회,정해 고시,STRUCTURE,자료의 종류ㆍ구분 등에 관한 구체적인 기준,제187조제1항,0.95,정해 고시|자료의 종류ㆍ구분 등에 관한 구체적인 기준,2026-04-30
신탁계약서의 기재사항,정의함,LOGICAL,신탁계약서에 기재되어야 할 사항,215,0.8,신탁계약서|기재사항,2026-04-30
투자신탁,정의함,LOGICAL,투자신탁의 명칭 및 투자대상자산,229,0.85,투자신탁|정의|명칭|투자대상자산,2026-04-30
집합투자업자,요구함,ACTION,투자대상자산,제229조제4호,0.95,투자대상자산|기재,2026-04-30
투자대상자산,예외로함,LOGICAL,혼합자산집합투자기구,제229조제4호,0.9,혼합자산집합투자기구|예외,2026-04-30
수익자총회의 면제사유,정의함,LOGICAL,수익자총회 면제사유,제216조,0.95,면제사유|수익자총회,2026-04-30
대통령령으로 정하는 사유,정의함,LOGICAL,다음 각 호의 어느 하나에 해당하는 경우,제188조제2항제2호,0.97,대통령령으로 정하는 사유|정의,2026-04-30
법,참조함,STRUCTURE,제184조제4항,제184조제4항,0.6,법|제184조제4항,2026-04-30
신탁계약의 일부가 이전되는 경우,참조함,STRUCTURE,제246조제1항,246,0.95,불가피한 상황|법령 준수,2026-04-30
신탁업자 변경,정의함,LOGICAL,신탁업자가 변경되는 경우,제420조제3항제1호 및 제2호,0.95,신탁업자 변경|변경,2026-04-30
신탁업자 변경,참조함,STRUCTURE,금융산업의 구조개선에 관한 법률,제420조제3항제1호 및 제2호,0.9,금융산업의 구조개선에 관한 법률,2026-04-30
신탁업자,요구함,ACTION,금융위원회의 명령에 따름,제10조제1항,0.9,신탁업자 변경|금융위원회의 명령,2026-04-30
신탁업자,간주함,LOGICAL,금융위원회의 명령에 따름,제10조제1항,0.85,신탁업자 변경|금융위원회의 명령,2026-04-30
신탁업자,변경됨,ACTION,집합투자기구,제245조제5항,0.95,신탁업자 변경|집합투자기구,2026-04-30
신탁업자 변경,에 따라,STRUCTURE,제245조제5항,제245조제5항,0.9,신탁업자 변경|제245조제5항,2026-04-30
수익자총회의 결의사항,정의함,LOGICAL,결의사항,217,0.85,수익자총회의 결의사항|정의,2026-04-30
대통령령으로 정하는 사항,예외로함,LOGICAL,"제3호, 제5호 및 제6호의 사항만 해당",188,0.9,조건|수익자 보호|투자신탁재산 안정|금융위원회 고시,2026-04-30
투자신탁,변경함,ACTION,종류,제229조,0.95,투자신탁 종류 변경,2026-04-30
투자신탁,예외로함,LOGICAL,종류 변경,제229조,0.9,전환 예정|신탁계약서 표시,2026-04-30
투자신탁,변경함,ACTION,주된 투자대상자산,제229조,0.9,주된 투자대상자산 변경,2026-04-30
투자신탁,변경함,ACTION,투자한도,제229조,0.9,투자한도 변경,2026-04-30
집합투자업자,상위조항,STRUCTURE,제80조제1항제3호의2,Unknown,0.9,집합투자업자|제80조제1항제3호의2,2026-04-30
집합투자업자,예외로함,LOGICAL,합병ㆍ분할ㆍ분할합병,Unknown,0.8,집합투자업자|합병|분할|분할합병,2026-04-30
금융위원회,조치에 따라,ACTION,집합투자업자 변경,제420조제3항제1호 및 제2호,0.92,집합투자업자 변경|금융위원회 조치,2026-04-30
집합투자업자,변경되는,ACTION,다,제420조제3항제1호 및 제2호,0.85,집합투자업자 변경,2026-04-30
집합투자업자,요구함,ACTION,환매금지형투자신탁,제10조제1항제6호,0.95,환매금지형투자신탁|변경,2026-04-30
수익증권 발행 내역 확인,정의함,LOGICAL,수익증권 발행 내역의 확인 방법과 절차,제218조,0.92,수익증권|발행 내역|확인 방법|절차,2026-04-30
대표이사(집행임원 설치회사의 경우 대표집행임원),요구함,ACTION,전자등록기관에 전자등록 또는 기록된 같은 항 각 호의 사항이 실제 수익증권 발행 내역과 일치하는지 여부를 확인,제189조제5항,0.95,전자등록기관|수익증권 발행 내역|확인,2026-04-30
대표이사(집행임원 설치회사의 경우 대표집행임원),요구함,ACTION,투자신탁을 설정한 집합투자업자에게 통보,제189조제5항,0.95,투자신탁|통보|집합투자업자,2026-04-30
정보제공 금지의 예외,예외로함,LOGICAL,정보제공 금지,219,0.9,정보제공 금지|예외,2026-04-30
대통령령으로 정하는 경우,정의함,LOGICAL,금융실명거래 및 비밀보장 에 관한 법률,제189조제8항,0.99,대통령령으로 정하는 경우|금융실명거래 및 비밀보장 에 관한 법률,2026-04-30
제공하는 경우,정의함,LOGICAL,단서에 따라 제공하는 경우,제4조제1항,0.95,제공하는 경우|단서에 따라 제공하는 경우,2026-04-30
제공하는 경우,참조함,STRUCTURE,단서,제4조제1항,0.9,제공하는 경우|단서,2026-04-30
집합투자업자,소집,ACTION,수익자총회,220,0.95,수익자총회|소집,2026-04-30
수익자총회 소집통지,위탁함,ACTION,전자등록기관,제190조제3항,0.9,수익자총회 소집통지|위탁,2026-04-30
전자등록기관,통지함,ACTION,수익자총회 소집,제190조제3항,0.9,전자등록기관|통지,2026-04-30
전자등록기관,요구함,ACTION,서면,제190조제6항,0.95,의결권 서면 발송|의결권 행사를 위한 서면,2026-04-30
전자등록기관,요구함,ACTION,가부 등의 표시,제190조제6항,0.9,의결권 서면 표시|가부 표시,2026-04-30
전자등록기관,요구함,ACTION,자료,제190조제6항,0.85,자료 제출 및 발송|집합투자업자 자료,2026-04-30
집합투자업자,제공함,ACTION,자료,제190조제6항,0.8,자료 제공,2026-04-30
연기수익자총회 소집,요구함,ACTION,연기수익자총회일 1주 전까지,제190조제7항,0.95,연기수익자총회 소집|연기수익자총회일 1주 전까지,2026-04-30
연기수익자총회 소집,상위조항,STRUCTURE,제190조제7항,제190조제7항,0.9,제190조제7항,2026-04-30
연기수익자총,요구함,ACTION,회의 소집을 통지,제190조제8항,0.95,통지|회의 소집,2026-04-30
연기수익자총,참조함,STRUCTURE,제1항,제190조제8항,0.9,제1항에 따라,2026-04-30
서면 의결권,정의함,LOGICAL,서면에 의한 의결권 행사 등,제221조,0.7,서면 의결권|정의,2026-04-30
수익자,허용함,ACTION,서면에 의하여 의결권 행사,제190조제6항,0.95,의결권 행사|서면,2026-04-30
수익자,참조함,STRUCTURE,제190조제6항 각 호 외의 부분 본문,제190조제6항,0.85,각 호 외의 부분 본문,2026-04-30
집합투자업자,상위조항,STRUCTURE,제220조제2항,제220조제2항,0.95,제220조제2항,2026-04-30
집합투자업자,기재,ACTION,서면에 의결권 행사의 내용,제220조제2항,0.95,의결권 행사의 내용|서면,2026-04-30
집합투자업자,비치한다,ACTION,서면과 자료,제190조제6항,0.95,의결권 행사의 서면 및 자료 비치,2026-04-30
수익자,청구할 수 있다,ACTION,서면 및 자료 열람과 복사,제190조제6항,0.9,수익자 열람 및 복사 청구,2026-04-30
수익자총회의 의장,선출한다,ACTION,수익자 중에서,제190조제6항,0.9,수익자총회 의장 선출,2026-04-30
대통령령으로 정하는 방법,정의함,LOGICAL,"서면, 전화, 전신, 팩스, 전자우편 또는 이와 비슷한 전자통신의 방법",제190조제6항제1호,0.95,정의함|대통령령|통신 방법,2026-04-30
대통령령으로 정하는 방법 및 절차,정의함,LOGICAL,수익자의 이익 보호와 수익자총회 결의의 공정성 등을 위하여 같은 항 각 호 외의 부분 단서에 따른 간주의결권행사의 결과를 금융위원회가 정하여 고시하는 바에 따라 수익자에게 제공하는 것을 말한다.,제190조제6항제4호,0.99,정의|대통령령|방법 및 절차,2026-04-30
반대수익자 수익증권의 매수방법,정의함,LOGICAL,법,222,0.85,법|매수방법,2026-04-30
대통령령으로 정하는 방법,정의함,LOGICAL,집합투자업 자,제191조제1항제2호,0.99,정의|대통령령으로 정하는 방법,2026-04-30
통지,정의함,LOGICAL,집합투자업자에게 서면으로 합병에 반대하는 의사를 통지하는 것,제225조의2제2항,0.95,통지|합병에 반대하는 의사,2026-04-30
집합투자업자,통지,ACTION,합병에 반대하는 의사,제225조의2제2항,0.9,통지|합병에 반대하는 의사,2026-04-30
투자신탁,요구함,ACTION,수익증권 매수,제191조제3항,0.95,수익증권 매수|신탁계약에 따른 매수,2026-04-30
수익증권 매수,준용함,STRUCTURE,신탁계약,제191조제3항,0.9,신탁계약|매수조건,2026-04-30
승인 면제 해지사유,정의함,LOGICAL,해지사유 중 승인 면제되는 사유,제223조,0.85,승인 면제|해지사유,2026-04-30
대통령령으로 정하는 경우,정의함,LOGICAL,수익자 전원이 동의한 경우,제192조제1항,0.9,정의|대통령령으로 정하는 경우|수익자 전원이 동의한 경우,2026-04-30
대통령령으로 정하는 경우,정의함,LOGICAL,해당 투자신탁의 수익증권 전부에 대한 환매의 청구를 받아 신탁계약을 해지하려는 경우,제192조제1항,0.9,정의|대통령령으로 정하는 경우|해당 투자신탁의 수익증권 전부에 대한 환매의 청구를 받아 신탁계약을 해지하려는 경우,2026-04-30
대통령령으로 정하는 경우,정의함,LOGICAL,사모집합투자기구가 아닌 투자신탁으로서 설정한 후 1년,제192조제1항,0.85,정의|대통령령으로 정하는 경우|사모집합투자기구가 아닌 투자신탁으로서 설정한 후 1년,2026-04-30
대통령령으로 정하는 경우,근거함,STRUCTURE,금융위원회가 정하여 고시하는 기준을 충족해야 한다,제192조제1항,0.85,근거|대통령령으로 정하는 경우|금융위원회가 정하여 고시하는 기준을 충족해야 한다,2026-04-30
집합투자기구,설정,ACTION,원본액,제81조제3항제1호,0.9,원본액|설정,2026-04-30
사모집합투자기구가 아닌 투자신탁,설정,ACTION,1년,제81조제3항제1호,0.8,설정|1년,2026-04-30
원본액,예외로함,LOGICAL,50억원 미만,제81조제3항제1호,0.8,원본액|50억원 미만,2026-04-30
집합투자기구,계속,ACTION,투자신탁 원본액이 50억원 미만인 경우,제81조제3항제1호,0.95,투자신탁 원본액|50억원 미만|2년 이후 1개월간,2026-04-30
해지승인의 방법 및 절차,정의함,LOGICAL,법,224,0.7,해지승인|방법 및 절차,2026-04-30
신청자,제출해야함,ACTION,해지승인신청서,제192조제1항,0.95,해지승인신청서 제출,2026-04-30
신청자,제출해야함,ACTION,금융위원회,제192조제1항,0.9,제출 대상,2026-04-30
해지승인신청서,첨부해야함,ACTION,서류,제192조제1항,0.9,서류 첨부,2026-04-30
신청자,기재해야함,ACTION,해지대상 투자신탁에 관한 사항,제192조제1항,0.85,해지대상 투자신탁,2026-04-30
투자신탁,요구함,ACTION,미수금 채권을 양수,제192조,0.95,미수금 채권 양수|공정가액,2026-04-30
거래,정의함,LOGICAL,제87조제1항제3호에 따라 거래하는 경우,87,0.8,거래|제87조제1항제3호,2026-04-30
거래,참조함,STRUCTURE,제87조제1항제3호,87,0.9,거래|제87조제1항제3호,2026-04-30
금융위원회,요구함,ACTION,미지급금 채무,제192조,0.95,미지급금 채무 양수|공정가액,2026-04-30
제192조,참조함,STRUCTURE,제192조제1항,제192조,0.9,제192조제1항,2026-04-30
금융위원회,정하고 고시한다,ACTION,투자신탁 해지 승인신청서의 서식과 작성방법 등,제87조제1항제3호,0.95,정하고 고시한다|투자신탁 해지 승인신청서,2026-04-30
투자신탁 해지 승인신청서,예외로함,LOGICAL,제1항부터 제4항까지에서 규정한 사항,제87조제1항제3호,0.9,예외로함|제1항부터 제4항까지에서 규정한 사항,2026-04-30
의무해지 면제 사유,정의함,LOGICAL,법,224조의2,0.95,의무해지 면제 사유 정의,2026-04-30
수익자,투자함,ACTION,투자신탁,제6조제6항,0.92,수익자|투자신탁,2026-04-30
금융위원회,정하여 고시하는 기준에 따라 설정된,STRUCTURE,투자신탁,제6조제6항,0.88,금융위원회|투자신탁|정하여 고시하는 기준,2026-04-30
투자신탁,설정된,STRUCTURE,사립학교법,제6조제6항,0.78,투자신탁|사립학교법,2026-04-30
학교법인 나,적용,ACTION,제2조제2호,제2조제2호,0.95,학교법인|제2조제2호,2026-04-30
공익법인,정의함,LOGICAL,근로복지기본법,제2조,0.95,공익법인|근로복지기본법,2026-04-30
사내근로복지기금법인 라,준용함,STRUCTURE,제52조제2항,제52조제2항,0.95,사내근로복지기금법인|제52조제2항,2026-04-30
제10조제3항제13호,정의함,LOGICAL,자,Unknown,0.8,제10조제3항제13호|자,2026-04-30
금융위원회가 정하여 고시하는 자,정의함,LOGICAL,자,Unknown,0.8,금융위원회|고시|자,2026-04-30
수익자,간주함,LOGICAL,제1호의2에 따른 투자신탁,Unknown,0.7,수익자|투자신탁,2026-04-30
투자회사,간주함,LOGICAL,제231조의2제1호의2에 따라 설립된,제231조의2제1호의2,0.9,투자회사|설립|제231조의2제1호의2,2026-04-30
투자신탁,간주함,LOGICAL,설정일부터 1개월이 지나지 아니한,제231조의2제1호의2,0.85,투자신탁|설정일|1개월|조건,2026-04-30
투자신탁의 수익자 총수,간주함,LOGICAL,1인인 경우 1개월이 지나지 아니한,제231조의2제1호의2,0.85,투자신탁|수익자|총수|1인|1개월|조건,2026-04-30
제192조제5항,참조함,STRUCTURE,대통령령으로 정하는 경우,제192조제5항,0.9,참조|정의,2026-04-30
수익자,청구,ACTION,수익증권의 매수,제191조제1항,0.95,수익증권 매수 청구,2026-04-30
수익자,준용함,STRUCTURE,제191조제1항,제191조제1항,0.85,제191조제1항에 따라,2026-04-30
집합투자업자,설정함,ACTION,투자신탁,제225조의2,0.9,투자신탁 설정,2026-04-30
소규모 투자신탁의 합병 특례,정의함,LOGICAL,집합투자업자가 투자신탁을 설정할 수 있음,제225조의2,0.8,소규모 투자신탁의 합병 특례|투자신탁 설정,2026-04-30
투자신탁,거치다,ACTION,합병계획서의 작성 및 수익자총회의 결의,제193조제2항,0.9,요건 충족|거치지 아니할 수 있다,2026-04-30
투자신탁,충족함,LOGICAL,요건,제193조제2항,0.8,요건 충족,2026-04-30
금융위원회,확인,ACTION,합병비율의 적정성 및 기타 고시사항,223,0.95,합병비율의 적정성|투자자 보호|건전한 거래질서 유지,2026-04-30
합병비율의 적정성,정의함,LOGICAL,금융위원회가 정하여 고시하는 사항,223,0.8,합병비율의 적정성|금융위원회 고시,2026-04-30
투자신탁,준용함,STRUCTURE,법,제223조,0.85,투자신탁|법,2026-04-30
투자신탁,요구함,ACTION,집합투자기구의 종류,제229조,0.95,동일|제229조에 따른,2026-04-30
투자신탁,요구함,ACTION,투자대상자산,제229조,0.95,유사|집합투자규약에 따른,2026-04-30
집합투자기구,참조함,STRUCTURE,제229조,제229조,0.9,제229조에 따른,2026-04-30
집합투자업자,통지,ACTION,수익자,제193조제2항,0.95,통지|수익자,2026-04-30
공시,간주함,LOGICAL,통지,제89조제2항,0.95,공시|통지|본다,2026-04-30
법,정의함,LOGICAL,제193조제2항 각 호(제4호는 제외한다)의 사항 2,제193조제2항,0.9,정의|법,2026-04-30
집합투자업자,요구함,ACTION,전자등록기관,제191조제1항제2호,0.95,통지업무|위탁,2026-04-30
투자신탁의 합병,정의함,LOGICAL,법,226,0.6,투자신탁의 합병|법,2026-04-30
대통령령으로 정하는 사항,정의함,LOGICAL,투자신탁의 합병으로 인하여 이익금을 분배할 경우에는 그 한도액,제193조제2항제7호,0.95,정의|대통령령|합병|이익금|한도액,2026-04-30
대통령령으로 정하는 사항,정의함,LOGICAL,투자신탁의 합병으로 인하여 투자신탁의 계약기간 또는 투자신탁의 회계기간을 변경하는 경우에는 그 내용,제193조제2항제7호,0.95,정의|대통령령|합병|계약기간|회계기간|변경,2026-04-30
대통령령으로 정하는 사항,정의함,LOGICAL,보수 또는 환매수수료 등을 변경하는 경우에는 그 내용,제193조제2항제7호,0.95,정의|대통령령|보수|환매수수료|변경,2026-04-30
대통령령으로 정하는 사항,정의함,LOGICAL,수익증권의 합병가액을 계산하기 위한 투자신탁재산의 평가에 관한 사항,제193조제2항제7호,0.95,정의|대통령령|수익증권|합병가액|평가|투자신탁재산,2026-04-30
대통령령으로 정하는 사항,정의함,LOGICAL,합병으로 인하여 수익증권을 발행하는 경우에는 1좌에 미달하는 단수의 처리에 관한 사항,제193조제2항제7호,0.95,정의|대통령령|합병|수익증권|발행|단수|처리,2026-04-30
수익증권의 합병가액,정의함,LOGICAL,투자신탁을 합병하는 날의 전날 재무상태표상에 계상된 자산총액에서 부채총액을 뺀 금액,제193조제8항,0.95,수익증권의 합병가액 정의|계산 기준,2026-04-30
수익자총회의 소집통지서,요구함,ACTION,합병계획서의 주요내용,제193조제8항,0.9,수익자총회 소집통지서|합병계획서 주요내용 기재,2026-04-30
집합투자업자,요구함,ACTION,수익자에게 통지,제193조제2항제1호부터 제6호까지,0.95,통지|수익자총 회의 승인을 받은 경우,2026-04-30
집합투자업자,요구함,ACTION,전자등록기관에 통지업무를 위탁,제193조제2항제5호,0.95,위탁|제4항에 따라,2026-04-30
금융위원회,정하여 고시한다,ACTION,투자신탁 합병에 관한 서식과 기재방법 등,제193조제2항제6호,0.95,합병계획서|정하여 고시한다,2026-04-30
집합투자업자,참조함,STRUCTURE,제4항,제193조제2항제5호,0.9,제4항,2026-04-30
정관 기재사항,정의함,LOGICAL,법,제227조,0.8,정관 기재사항|법,2026-04-30
투자대상자산,정의함,LOGICAL,제229조의 구분에 따른 종류,229,0.95,정의|투자대상자산,2026-04-30
투자대상자산,참조함,STRUCTURE,제229조,229,0.9,참조|제229조,2026-04-30
투자회사,요구함,ACTION,주된 투자대상자산을 기재,제229조제4호,0.95,투자대상자산 기재|주된 투자대상자산,2026-04-30
투자대상자산 기재,예외로함,LOGICAL,혼합자산집합투자기구,제229조제4호,0.85,투자대상자산 기재|혼합자산집합투자기구,2026-04-30
설립등기의 첨부서류,정의함,LOGICAL,설립등기의 첨부서류,228,0.9,설립등기의 첨부서류 정의,2026-04-30
대통령령으로 정하는 서류,정의함,LOGICAL,정관,제194조제10항,0.95,정의|대통령령으로 정하는 서류,2026-04-30
대통령령으로 정하는 서류,정의함,LOGICAL,주식의 인수,제194조제10항,0.95,정의|대통령령으로 정하는 서류,2026-04-30
정관의 변경,준용함,STRUCTURE,법,229,0.8,정관의 변경|법,2026-04-30
대통령령으로 정하는 사항,정의함,LOGICAL,"다 만, 수익자 보호 및 투자회사재산의 안정적인 운용을 해칠 우려가 없는 경우로서 금융위원회가 정하여 고시하는 경우에는 제4호 및 제5호의 사항만 해당한다.",제195조제1항제4호,0.95,정의|제4호 및 제5호,2026-04-30
투자회사,요구함,ACTION,종류 변경,229,0.95,투자회사 종류 변경,2026-04-30
투자회사,요구함,ACTION,주된 투자대상자산 변경,229,0.9,주된 투자대상자산 변경,2026-04-30
투자회사,요구함,ACTION,투자대상자산에 대한 투자한도 변경,229,0.9,투자한도 변경,2026-04-30
투자회사,예외로함,LOGICAL,설립 시 예정된 전환 및 정관 표시,229,0.85,예외|전환 예정|정관 표시,2026-04-30
투자행위,정의함,LOGICAL,각 목 외의 부분에 따른 투자행위,제80조제1항제3호의2,0.85,투자행위|각 목 외의 부분,2026-04-30
개방형투자회사,요구함,ACTION,환매금지형투자회사,제196조제4항,0.95,환매금지형투자회사|개방형투자회사,2026-04-30
환매금지형투자회사,정의함,LOGICAL,존속기간을 정한 투자회사로서 주식의 환매를 청구할 수 없는 투자회사,제196조제4항,0.9,환매금지형투자회사|정의,2026-04-30
개방형투자회사,요구함,ACTION,환매대금 지급일의 연장,제196조제4항,0.85,환매대금 지급일|연장,2026-04-30
개방형투자회사,요구함,ACTION,금융위원회가 정하여 고시하는 주주 보호를 위한 사항,제196조제4항,0.85,주주 보호|금융위원회 고시,2026-04-30
집합투자업자,정의함,LOGICAL,다음 각 목의 어느 하나에 해당하는 경우,195,0.9,집합투자업자 정의|사유,2026-04-30
집합투자업자,변경되는 경우,LOGICAL,금융위원회의 조치,제420조제3항제1호 및 제2호,0.9,집합투자업자 변경|금융위원회 조치,2026-04-30
제420조제3항제1호 및 제2호,참조함,STRUCTURE,금융산업의 구조개선에 관한 법률,제420조제3항제1호 및 제2호,0.95,제420조|금융산업의 구조개선에 관한 법률,2026-04-30
집합투자업자,변경되는,ACTION,금융위원회의 명령,제10조,0.9,집합투자업자 변경|금융위원회의 명령,2026-04-30
신탁업자,변경되는,ACTION,영업양도 등으로 투자회사재산의 보관·관리계약의 전부가 이전되는 경우,제10조,0.8,신탁업자|영업양도|투자회사재산 보관·관리계약,2026-04-30
제184조제4항,참조함,STRUCTURE,법,제184조제4항,0.7,제184조제4항|법,2026-04-30
투자회사재산,이전,ACTION,보관ㆍ관리 계약,제246조제1항,0.95,불가피한 이전|법령 준수,2026-04-30
금융위원회,조치,ACTION,신탁업자,제420조제3항제1호 및 제2호,0.95,신탁업자 변경,2026-04-30
제420조제3항제1호 및 제2호,규정함,STRUCTURE,금융산업의 구조개선에 관한 법률,제420조제3항제1호 및 제2호,0.9,법률,2026-04-30
제10조제1항제6호부터 제8호까지,참조함,STRUCTURE,신탁업자 변경,제10조제1항제6호부터 제8호까지,0.95,신탁업자 변경|제10조제1항제6호부터 제8호까지,2026-04-30
금융위원회,권한을가짐,ACTION,신탁업자 변경,제10조제1항제6호부터 제8호까지,0.9,신탁업자 변경|금융위원회 명령,2026-04-30
신주의 발행조건,정의함,LOGICAL,발행조건,제230조,0.7,신주의 발행조건|정의,2026-04-30
환매금지형투자회사,정할 수 있다,ACTION,신주의 발행가액,제238조제6항,0.95,기준가격|산정된 금액|증권시장에서 거래되는 가격,2026-04-30
기준가격,정의함,LOGICAL,계산방법,제238조제6항,0.9,계산방법,2026-04-30
감독이사의 결격사유,정의함,LOGICAL,법,제231조,0.95,감독이사|결격사유|정의,2026-04-30
대통령령으로 정하는 자,정의함,LOGICAL,해당 투자회사의 일반사무관리회사의 임직원,제199조제4항제7호,0.95,대통령령으로 정하는 자|정의,2026-04-30
대통령령으로 정하는 자,정의함,LOGICAL,해당 투자회사를 평가하는 집합투자기구평가회사의 임직원,제199조제4항제7호,0.95,대통령령으로 정하는 자|정의,2026-04-30
대통령령으로 정하는 자,정의함,LOGICAL,해당 투자회사의 투자회사재산의 가격을 평가하는 채권평가회사의 임직원,제199조제4항제7호,0.95,대통령령으로 정하는 자|정의,2026-04-30
대통령령으로 정하는 자,정의함,LOGICAL,해당 투자회사의 주식을 판매하는 투자매매업자 또는 투자중개업자의 직원,제199조제4항제7호,0.95,대통령령으로 정하는 자|정의,2026-04-30
대통령령으로 정하는 자,정의함,LOGICAL,해당 투자회사의 회계감사인(회계감사인이 법인인 경우에는 그 법인에 속한 공인회계사를 말한다),제199조제4항제7호,0.95,대통령령으로 정하는 자|정의,2026-04-30
의무해산이 면제되는 사유,정의함,LOGICAL,법,제231조의2,0.95,의무해산 면제 사유 정의,2026-04-30
주주,투자함,ACTION,설립된 투자회사,제6조제6항,0.95,투자|자금의 효율적이고 투명한 운용,2026-04-30
설립된 투자회사,정해진 기준에 따라 설립됨,LOGICAL,금융위원회가 정한 기준,제6조제6항,0.85,금융위원회|정시 기준|고시,2026-04-30
주주,해당자,LOGICAL,각 목의 어느 하나에 해당하는 자,제6조제6항,0.75,각 목|자,2026-04-30
금융위원회,정하고 고시함,ACTION,투자구조 및 관리 주체 기준,제6조제6항,0.9,정시 기준|고시,2026-04-30
제6조제6항,참조함,STRUCTURE,사립학교법,제6조제6항,0.9,사립학교법,2026-04-30
학교법인,정의함,LOGICAL,공익법인 설립ㆍ운영에 관한 법률,제2조제2호,0.97,학교법인|공익법인 설립ㆍ운영에 관한 법률,2026-04-30
학교법인,참조함,STRUCTURE,제2조제2호,제2조제2호,0.9,제2조제2호,2026-04-30
공익법인,정의함,LOGICAL,근로복지기본법 제2조,제2조,0.95,공익법인 정의|근로복지기본법,2026-04-30
사내근로복지기금법인,정의함,LOGICAL,라,제52조제2항,0.95,제52조제2항에 따른|사내근로복지기금법인,2026-04-30
사내근로복지기금법인,참조함,STRUCTURE,제52조제2항,제52조제2항,0.97,제52조제2항에 따른|사내근로복지기금법인,2026-04-30
자,정의함,LOGICAL,제10조제3항제13호에 해당하는 자 마. 그 밖에 자금 운용의 공공성 등을 고려하여 금융위원회가 정하여 고시하는 자 1의3. 주주가 제1호의2에 따른 투자회사인 경우 1의4. 주주가,제10조제3항제13호,0.9,정의,2026-04-30
자,참조함,STRUCTURE,제1호의2,제10조제3항제13호,0.8,참조,2026-04-30
투자신탁인,정의함,LOGICAL,제224조의2제1호의2에 따라 설정된 투자신탁인,제224조의2제1호의2,0.95,투자신탁인|제224조의2제1호의2에 따라 설정된,2026-04-30
투자신탁인,예외로함,LOGICAL,투자회사의 최초 설립일부터 1개월이 지나지 아니한 경우,제224조의2제1호의2,0.85,투자신탁인|투자회사의 최초 설립일부터 1개월이 지나지 아니한 경우,2026-04-30
투자신탁인,예외로함,LOGICAL,투자회사의 주주 총수가 1인이 된 날부터 1개월이 경과하지 않은 경우,제224조의2제1호의2,0.85,투자신탁인|투자회사의 주주 총수가 1인이 된 날부터 1개월이 경과하지 않은 경우,2026-04-30
등기,요구함,ACTION,청산인,232,0.8,등기|청산인,2026-04-30
대통령령으로 정하는 서류,정의함,LOGICAL,주주총회 의사록 사본과 취임승낙을 증명하는 서면,제202조제2항,0.95,대통령령으로 정하는 서류 정의|주주총회 의사록 예시,2026-04-30
대통령령으로 정하는 서류,정의함,LOGICAL,선임을 증명하는 서면,제202조제2항,0.95,대통령령으로 정하는 서류 정의|선임 서면 예시,2026-04-30
대통령령으로 정하는 서류,정의함,LOGICAL,주주총회 의사록 사본 및 취임승낙을 증명하는 서면,제202조제3항,0.95,주주총회 의사록|취임승낙|서면,2026-04-30
대통령령으로 정하는 서류,정의함,LOGICAL,그 선임을 증명하는 서면,제202조제3항,0.95,금융위원회 선임|서면,2026-04-30
투자회사,허용함,ACTION,채권자에 대한 최고절차의 생략,233,0.85,채권자에 대한 최고절차의 생략|법적 강제성: MANDATORY,2026-04-30
채권자,공고하여야,ACTION,일간신문,제203조제4항,0.95,공고|최고절차 생략,2026-04-30
채권자,보고하여야,ACTION,금융위원회,제203조제4항,0.95,보고|지체 없이,2026-04-30
대통령령으로 정하는 경우,정의함,LOGICAL,"장내파생상품 또는 장외파생상품의 매매에 따른 계약이행책임이 있는 경우, 투자회사재산에 중대한 영향을 미칠 수 있는 소송이 계류 중인 경우, 법",제203조제4항,0.95,대통령령|정의|사례,2026-04-30
잔존채무,정의함,LOGICAL,단서에 따른 금전차입 등으로 인하여 잔존채무가 있는 경우,제83조제1항,0.9,잔존채무|단서에 따른 금전차입,2026-04-30
잔존채무,참조함,STRUCTURE,법제처 155 국가법령정보센터 자본시장과 금융투자업에 관한 법률 시행령,제83조제1항,0.85,법제처|자본시장과 금융투자업에 관한 법률 시행령,2026-04-30
소규모 투자회사의 합병 특례,정의함,LOGICAL,제233조의2,233조의2,0.7,소규모 투자회사의 합병 특례|법,2026-04-30
투자회사,허용함,ACTION,주주총회의 결의 없이 합병,제204조제1항,0.9,합병|주주총회 결의|금융위원회 확인,2026-04-30
투자회사,확인받아야 한다,ACTION,금융위원회가 정하여 고시하는 사항,제204조제1항,0.85,금융위원회 확인|합병비율 적정성|투자자 보호,2026-04-30
투자회사,요구함,ACTION,사모집합투자기구가 아닌 투자회사로서 주금 잔액이 50억원 미만,제204조제1항,0.8,합병 요건|주금 잔액|사모집합투자기구,2026-04-30
집합투자기구,요구함,ACTION,집합투자기구의 종류가 동일할 것,229조,0.95,동일,2026-04-30
집합투자기구,요구함,ACTION,집합투자규약에 따른 투자대상자산 등이 유사할 것,229조,0.95,유사,2026-04-30
단서에 따른 합병,참조함,STRUCTURE,제204조제2항,제204조제2항,0.85,단서에 따른 합병|제204조제2항,2026-04-30
집합투자업자,정의함,LOGICAL,투자회사,제225조의2제2항 및 제3항,0.95,정의|준용,2026-04-30
수익자,정의함,LOGICAL,주주,제225조의2제2항 및 제3항,0.95,정의|준용,2026-04-30
발행된 수익증권의 총좌수,정의함,LOGICAL,발행주식총수,제225조의2제2항 및 제3항,0.95,정의|준용,2026-04-30
수익증권매수 청구권,정의함,LOGICAL,주식매수청구권,제225조의2제2항 및 제3항,0.95,정의|준용,2026-04-30
정관의 기재사항,정의함,LOGICAL,정관에 기재되는 사항,234,0.6,정관의 기재사항|정의,2026-04-30
대통령령으로 정하는 사항,정의함,LOGICAL,투자유한회사의 종류,제207조제1항제8호,0.95,정의|대통령령|투자유한회사의 종류,2026-04-30
투자대상자산,정의함,LOGICAL,투자대상자산(법),229,0.9,투자대상자산 정의|법적 정의,2026-04-30
주된 투자대상자산,요구함,ACTION,지분증권의 추가발행과 소각에 관한 사항,제229조제4호,0.92,주된 투자대상자산|지분증권의 추가발행과 소각에 관한 사항,2026-04-30
주된 투자대상자산,요구함,ACTION,존속기간이나 해산사유를 정한 경우에는 그 내용,제229조제4호,0.92,주된 투자대상자산|존속기간이나 해산사유를 정한 경우에는 그 내용,2026-04-30
주된 투자대상자산,요구함,ACTION,투자유한회사재산의 평가와 기준가격의 계산에 관한 사항,제229조제4호,0.92,주된 투자대상자산|투자유한회사재산의 평가와 기준가격의 계산에 관한 사항,2026-04-30
주된 투자대상자산,요구함,ACTION,이익 외의 자산등의 분배에 관한 사항,제229조제4호,0.92,주된 투자대상자산|이익 외의 자산등의 분배에 관한 사항,2026-04-30
주된 투자대상자산,요구함,ACTION,"집합투자업자ㆍ신탁업자 및 일반사무관리회사와 체결할 업무위탁계약의 개요(보수, 그 밖의 수수료의 계산방법, 지급방법 및 시기에 관한 사항을 포함한다)",제229조제4호,0.92,주된 투자대상자산|집합투자업자ㆍ신탁업자 및 일반사무관리회사와 체결할 업무위탁계약의 개요,2026-04-30
주된 투자대상자산,요구함,ACTION,"집합투자업자 및 신탁업자의 변경에 관한 사항(변경사유, 변경절차, 손실보상, 손해배상 등에 관한 사항을 포함한 다)",제229조제4호,0.92,주된 투자대상자산|집합투자업자 및 신탁업자의 변경에 관한 사항,2026-04-30
주된 투자대상자산,요구함,ACTION,정관의 변경에 관한 사항,제229조제4호,0.92,주된 투자대상자산|정관의 변경에 관한 사항,2026-04-30
주된 투자대상자산,요구함,ACTION,투자유한회사의 회계기간,제229조제4호,0.92,주된 투자대상자산|투자유한회사의 회계기간,2026-04-30
주된 투자대상자산,요구함,ACTION,정관 작성연월일,제229조제4호,0.92,주된 투자대상자산|정관 작성연월일,2026-04-30
주된 투자대상자산,요구함,ACTION,그 밖에 사원을 보호하기 위하여 필요한 사항으로서 금융위원회가 정하여 고시하는 사항,제229조제4호,0.92,주된 투자대상자산|그 밖에 사원을 보호하기 위하여 필요한 사항,2026-04-30
주된 투자대상자산,예외로함,LOGICAL,혼합자산집합투자기구,제229조제4호,0.88,주된 투자대상자산|혼합자산집합투자기구,2026-04-30
대통령령으로 정하는 서류,정의함,LOGICAL,증명서,제207조제3항,0.95,정의함|증명서,2026-04-30
지분증권,정의함,LOGICAL,법,제235조,0.7,정의|지분증권,2026-04-30
대통령령으로 정하는 사항,정의함,LOGICAL,1. 기호 및 번호,제208조제2항제5호,0.99,대통령령으로 정하는 사항|정의,2026-04-30
대통령령으로 정하는 사항,정의함,LOGICAL,2. 이익 등의 분배의 시기,제208조제2항제5호,0.99,대통령령으로 정하는 사항|정의,2026-04-30
대통령령으로 정하는 사항,정의함,LOGICAL,3. 지분증권의 환매조건(환매를 청구할 수 없는 지분증권인 경우에는 환매를 청구할 수 없다는 뜻),제208조제2항제5호,0.99,대통령령으로 정하는 사항|정의,2026-04-30
대통령령으로 정하는 사항,정의함,LOGICAL,4. 존속기간을 정하는 경우에는 그 기간,제208조제2항제5호,0.99,대통령령으로 정하는 사항|정의,2026-04-30
대통령령으로 정하는 사항,정의함,LOGICAL,5. 그 지분증권을 판매한 투자매매업자 또는 투자중개업자의 명칭,제208조제2항제5호,0.99,대통령령으로 정하는 사항|정의,2026-04-30
정관의 기재사항,정의함,LOGICAL,법,제236조의2,0.9,정관의 기재사항|법,2026-04-30
대통령령으로 정하는 사항,정의함,LOGICAL,투자합자회사의 종류(법,제213조제1항제8호,0.95,대통령령으로 정하는 사항|투자합자회사의 종류(법,2026-04-30
집합투자업자,요구함,ACTION,주된 투자대상자산을 기재,제229조제4호,0.95,주된 투자대상자산,2026-04-30
대통령령으로 정하는 서류,정의함,LOGICAL,"출자금의 납부를 맡은 은행, 그 밖의 금융기관의 출자금의 납부ㆍ보관에 관한 증명서",제218조제4항,0.99,정의|서류|증명서,2026-04-30
대통령령으로 정하는 사항,정의함,LOGICAL,투자유한책임회사의 종류(법 ...),제217조의2제1항제8호,0.95,정의|대통령령으로 정하는 사항,2026-04-30
주된 투자대상자산,적어야 한다,ACTION,분리해서 기재해야 한다,제229조제4호,0.95,주된 투자대상자산|분리 기재,2026-04-30
주된 투자대상자산,예외로함,LOGICAL,혼합자산집합투자기구인 경우,제229조제4호,0.9,주된 투자대상자산|혼합자산집합투자기구,2026-04-30
주된 투자대상자산,포함함,LOGICAL,지분증권의 추가발행과 소각에 관한 사항,제229조제4호,0.85,주된 투자대상자산|지분증권 추가발행 소각,2026-04-30
대통령령으로 정하는 사항,정의함,LOGICAL,기호 및 번호 법제처 157 국가법령정보센터 자본시장과 금융투자업에 관한 법률 시행령,제217조의3제2항제5호,0.9,기호 및 번호|법제처 157|자본시장과 금융투자업에 관한 법률 시행령,2026-04-30
대통령령으로 정하는 사항,정의함,LOGICAL,이익 등의 분배의 시기,제217조의3제2항제5호,0.9,이익|분배|시기,2026-04-30
대통령령으로 정하는 사항,정의함,LOGICAL,지분증권의 환매조건(환매를 청구할 수 없는 지분증권인 경우에는 환매를 청구할 수 없다는 뜻),제217조의3제2항제5호,0.9,지분증권|환매조건|환매청구|지분증권,2026-04-30
대통령령으로 정하는 사항,정의함,LOGICAL,존속기간을 정하는 경우에는 그 기간,제217조의3제2항제5호,0.9,존속기간|정하는|기간,2026-04-30
대통령령으로 정하는 사항,정의함,LOGICAL,그 지분증권을 판매한 투자매매업자 또는 투자중개업자의 명칭,제217조의3제2항제5호,0.9,지분증권|판매|투자매매업자|투자중개업자|명칭,2026-04-30
조합계약의 기재사항,정의함,LOGICAL,법,237,0.95,조합계약의 기재사항|법,2026-04-30
대통령령으로 정하는 사항,정의함,LOGICAL,투자합자조합의 종류(법 ...),제218조제1항제9호,0.9,정의|대통령령으로 정하는 사항,2026-04-30
투자대상자산,정의함,LOGICAL,제229조의 구분에 따른 종류를 말한다,제229조,0.95,투자대상자산|정의,2026-04-30
주된 투자대상자산,근거함,STRUCTURE,조합계약,제229조제4호,0.95,주된 투자대상자산|기재,2026-04-30
대통령령으로 정하는 서류,정의함,LOGICAL,조합계약,제218조제4항,0.99,정의|서류|조합계약,2026-04-30
청산인,정의함,LOGICAL,법,238,0.4,청산인|법,2026-04-30
해산인,요구함,ACTION,금융위원회,제221조제1항,0.95,보고|해산인|금융위원회,2026-04-30
해산인,요구함,ACTION,해산의 사유와 연월일 및 청산인의 성명ㆍ주민등록번호(청산인이 법인인 경우에는 명칭ㆍ사업자등록번호),제221조제1항,0.9,보고|해산인|해산의 사유와 연월일|청산인의 성명ㆍ주민등록번호,2026-04-30
기금관리주체,정의함,LOGICAL,제9조제4항에 따른 기금관리주체(이에 준하는 자로서,제9조제4항,0.95,정의|기금관리주체,2026-04-30
자,정의함,LOGICAL,농업협동조합중앙회,제13조제2항,0.95,자|농업협동조합중앙회,2026-04-30
자,정의함,LOGICAL,수산업협동조합중앙회,제13조제2항,0.95,자|수산업협동조합중앙회,2026-04-30
자,정의함,LOGICAL,신용협동조합중앙회,제13조제2항,0.95,자|신용협동조합중앙회,2026-04-30
자,정의함,LOGICAL,상호저축은행중앙회,제13조제2항,0.95,자|상호저축은행중앙회,2026-04-30
자,정의함,LOGICAL,새마을금고중앙회,제13조제2항,0.95,자|새마을금고중앙회,2026-04-30
자,정의함,LOGICAL,우체국예금ㆍ보험에 관한 법률에 따른 체신관서,제13조제2항,0.95,자|우체국예금ㆍ보험에 관한 법률에 따른 체신관서,2026-04-30
자,정의함,LOGICAL,공제조합,제13조제2항,0.95,자|공제조합,2026-04-30
자,정의함,LOGICAL,공제회,제13조제2항,0.95,자|공제회,2026-04-30
자,정의함,LOGICAL,그 밖에 이와 비슷한 법인 또는 단체,제13조제2항,0.95,자|그 밖에 이와 비슷한 법인 또는 단체,2026-04-30
자,정의함,LOGICAL,유한책임조합원,제13조제2항,0.95,자|유한책임조합원,2026-04-30
자,정의함,LOGICAL,법인 또는 단체 (법률에 따라 설립된 법인 또는 단체로서 금융위원회가 정하여 고시하는 자),제13조제2항,0.95,자|법인 또는 단체,2026-04-30
보험회사,설정함,ACTION,투자신탁,제251조제1항,0.92,보험회사|투자신탁|투자합자조합,2026-04-30
투자합자조합,예외로함,LOGICAL,투자합자조합의 최초 설립일부터 1개월이 지나지 아니한 경우,제251조제1항,0.85,투자합자조합|설립일|1개월,2026-04-30
투자합자조합,예외로함,LOGICAL,투자합자조합의 유한책임조합원 총수가 1인 경우부터 1개월이 지나지 아니한 경우,제251조제1항,0.85,투자합자조합|유한책임조합원|1개월,2026-04-30
익명조합계약의 기재사항,정의함,LOGICAL,익명조합계약,239,0.9,익명조합계약|기재사항,2026-04-30
대통령령으로 정하는 사항,정의함,LOGICAL,투자익명조합의 종류(법,제224조제1항제9호,0.9,정의|투자익명조합|법,2026-04-30
주된 투자대상자산,요구함,ACTION,주된 투자대상자산을 따로 적어야 한다,제229조제4호,0.95,주된 투자대상자산|적어야 한다,2026-04-30
주된 투자대상자산,참조함,STRUCTURE,제229조제4호,제229조제4호,0.99,주된 투자대상자산|제229조제4호,2026-04-30
최소투자비율,정의함,LOGICAL,집합투자기구의 종류별 최소투자비율,240,0.6,최소투자비율 정의,2026-04-30
대통령령으로 정하는 비율,정의함,LOGICAL,100분의 50,제229조제1호,0.99,정의|비율,2026-04-30
증권,정의함,LOGICAL,대통령령으로 정하는 증권,제229조제1호,0.95,정의|증권|대통령령,2026-04-30
증권,정의함,LOGICAL,"수익증권, 집합투자증권 또는 유동화증권 (when the asset holds 50% or more of the trust, collective investment, or securitization assets)",제229조제1호,0.9,정의|증권|수익증권|집합투자증권|유동화증권|신탁재산|집합투자재산|유동화자산|50%,2026-04-30
채권금융기관,정의함,LOGICAL,"채권금융기관은 채권자인 금전채권(부동산 담보) 등과 관련된 금융기관이며, 외국 금융기관과 ‘금융산업의 구조개선에 관한 법률’에 따른 금융기관이었던 자, 청산절차 또는 ‘채무자 회생 및 파산에 관한 법률’에 따른 파산절차가 진행 중인 법인을 포함한다.",제2조제3호,0.85,채권금융기관|금전채권|부동산 담보|외국 금융기관|금융산업의 구조개선에 관한 법률|청산절차|채무자 회생 및 파산에 관한 법률|파산절차,2026-04-30
증권 7,정의함,LOGICAL,라목부터 사목까지의 증권,제80조,0.95,증권 7 정의,2026-04-30
증권 7,참조함,STRUCTURE,해외자원개발 사업법,제80조,0.9,해외자원개발 사업법 참조,2026-04-30
지분증권·채무증권,정의함,LOGICAL,해외자원개발 전담회사와 특별자산에 대한 투자만을 목적으로 하는 법인이 발행한 지분증권·채무증권,제14조의2제1항제2호,0.95,지분증권·채무증권|해외자원개발 전담회사|특별자산|투자 목적|법인|외국법인 포함,2026-04-30
법인,발행한,ACTION,지분증권·채무증권,제14조의2제1항제2호,0.9,법인|지분증권·채무증권|해외자원개발 전담회사|특별자산|투자 목적|외국법인 포함,2026-04-30
대통령령으로 정하는 방법,정의함,LOGICAL,"부동산의 개발, 부동산의 관리 및 개량, 부동산의 임대 및 운영, 지상권ㆍ지역권ㆍ전세권ㆍ임차권ㆍ분양권 등 부동산 관련 권리의 취득, 「기업구조조정 촉진법」",229조제2호,0.95,정의|대통령령으로 정하는 방법,2026-04-30
채권금융기관,요구함,ACTION,금전채권 취득,제2조제3호,0.95,금전채권 취득|채권금융기관의 의무,2026-04-30
채권금융기관,요구함,ACTION,금전의 지급,제2조제3호,0.9,금전의 지급|방법에 따른 지급,2026-04-30
금전채권 취득,예외로함,LOGICAL,부동산 담보,제2조제3호,0.85,부동산 담보|조건,2026-04-30
채권금융기관,참조함,STRUCTURE,제2조,제2조제3호,0.9,제2조|규정 참조,2026-04-30
대통령령으로 정하는 부동산과 관련된 증권,정의함,LOGICAL,증권,229조제2호,0.95,정의|부동산과 관련된 증권,2026-04-30
단기금융집합투자기구,정의함,LOGICAL,법,241,0.95,단기금융집합투자기구 정의|법,2026-04-30
단기금융상품,정의함,LOGICAL,금융상품,229조제5호,0.98,단기금융상품|금융상품,2026-04-30
양도성 예금증서,정의함,LOGICAL,단기금융상품,229조제5호,0.95,양도성 예금증서|남은 만기가 6개월 이내,2026-04-30
국채증권,정의함,LOGICAL,단기금융상품,229조제5호,0.95,국채증권|남은 만기가 5년 이내,2026-04-30
지방채증권,정의함,LOGICAL,단기금융상품,229조제5호,0.95,지방채증권|남은 만기가 1년 이내,2026-04-30
특수채증권,정의함,LOGICAL,단기금융상품,229조제5호,0.95,특수채증권|남은 만기가 1년 이내,2026-04-30
사채권,정의함,LOGICAL,단기금융상품,229조제5호,0.95,사채권|남은 만기가 1년 이내,2026-04-30
기업어음증권,정의함,LOGICAL,단기금융상품,229조제5호,0.95,기업어음증권|남은 만기가 1년 이내,2026-04-30
환매조건부매수,예외로함,LOGICAL,단기금융상품,229조제5호,0.9,환매조건부매수|남은 만기 제한 없음,2026-04-30
법,정의함,LOGICAL,어음(기업어음증권은 제외한다),제79조제2항제5호,0.95,정의|어음,2026-04-30
법,근거함,STRUCTURE,제79조제2항제5호,제79조제2항제5호,0.9,제79조제2항제5호,2026-04-30
단기대출,정의함,LOGICAL,만기가 6개월 이내인 대출,제83조제4항,0.95,단기대출|만기 6개월 이내,2026-04-30
금융기관,요구함,ACTION,체신관서,제79조제2항제5호,0.95,예치,2026-04-30
금융기관,참조함,STRUCTURE,우체국예금ㆍ보험에 관한 법률,제79조제2항제5호,0.9,우체국예금ㆍ보험에 관한 법률,2026-04-30
통화,정의함,LOGICAL,국가(홍콩을 포함한다)의 통화,제301조제1항제2호가목,0.9,통화|정의,2026-04-30
국가(홍콩을 포함한다),한정한다,ACTION,통화,제301조제1항제2호가목,0.95,한정|통화,2026-04-30
대통령령으로 정하는 방법,정의함,LOGICAL,다음 각 호의 방법(1. 증권을 대여하거나 차입하는 방법으로 운용하지 아니할 것; 2. 남은 만기가 1년 이상인 국채증권에 집합투자재산의 100분의 5 이내에서 금융위원회가 정하여 고시하는 범위에서 운용할 것; 3. 환매조건부매도는 금융위원회가 정하여 고시하는 범위 이내일 것; 4. 각 단기금융집합투자기구 집합투자재산의 남은 만기의 가중평균된 기간이 금융위원회가 정하여 고시하는 범위 이내일 것; 5. ...),제229조제5호,0.95,대통령령으로 정하는 방법|정의|방법,2026-04-30
판매,제한되거나,ACTION,제76조제2항,제76조제2항,0.85,판매 제한|법적 강제성,2026-04-30
단기금융집합투자기구,금지함,ACTION,운용업무 위탁,237,0.95,운용업무 위탁,2026-04-30
단기금융집합투자기구,예외로함,LOGICAL,국가재정법,237,0.9,예외,2026-04-30
단기금융집합투자기구,예외로함,LOGICAL,다목 및 라목의 단기금융집합투자기구에 대한 기준,81,0.9,제81조에 따른 여유자금 통합 운용|설정ㆍ설립|운용업무 위탁,2026-04-30
금융위원회,제정함,ACTION,다목 및 라목의 단기금융집합투자기구에 대한 기준,81,0.8,다목|라목|단기금융집합투자기구,2026-04-30
환매금지형집합투자기구,정의함,LOGICAL,법,242,0.8,환매금지형집합투자기구|법,2026-04-30
대통령령으로 정하는 때,정의함,LOGICAL,다음 각 호의 어느 하나에 해 당하는 경우로서 기준가격을 고려하여 산정한 가격,제230조제2항,0.95,대통령령으로 정하는 때|정의,2026-04-30
발행하는 때,정의함,LOGICAL,증권시장의 거래가격을 고려하여 산정한 가격,제230조제3항,0.95,발행하는 때|증권시장 상장|산정한 가격,2026-04-30
환매금지형집합투자기구,요구함,ACTION,집합투자증권을 추가로 발행,230,0.9,집합투자증권 추가 발행|환매금지형집합투자기구,2026-04-30
환매금지형집합투자기구,요구함,ACTION,신탁업자로부터 기존 투자자의 이익을 해칠 염려가 없다고 확인을 받은 경우,230,0.85,신탁업자 확인|기존 투자자 이익 보호,2026-04-30
환매금지형집합투자기구,요구함,ACTION,기존 투자자 전원의 동의를 받은 경우,230,0.85,기존 투자자 동의|집합투자증권 추가 발행,2026-04-30
환매금지형집합투자기구,요구함,ACTION,기존 투자자에게 보유비율에 따라 추가 발행되는 집합투자증권의 우선 매수기회를 부여하는 경우,230,0.85,우선 매수기회|보유비율,2026-04-30
환매금지형집합투자기구,요구함,ACTION,기타 기존 투자자의 이익을 침해할 우려가 없는 경우로서 금융위원회가 정하여 고시하는 경우,230,0.85,기타 조건|금융위원회 고시,2026-04-30
대통령령으로 정하는 경우,정의함,LOGICAL,부동산집합투자기구를 설정 또는 설립하는 경우,제230조제5항,0.95,대통령령으로 정하는 경우|부동산집합투자기구,2026-04-30
대통령령으로 정하는 경우,정의함,LOGICAL,특별자산집합투자기구를 설정 또는 설립하는 경우,제230조제5항,0.95,대통령령으로 정하는 경우|특별자산집합투자기구,2026-04-30
금융위원회가 정하여 고시하는 시장성 없는 자산에 투자하지 아니하는 집합투자기구를 설정 또는 설립하는 경우,예외로함,LOGICAL,대통령령으로 정하는 경우,제230조제5항,0.9,금융위원회|시장성 없는 자산|집합투자기구,2026-04-30
집합투자기구,설정 또는 설립,ACTION,자산,제229조제4호,0.95,집합투자기구 설정|자산 총액,2026-04-30
집합투자기구,설정 또는 설립,ACTION,시장성 없는 자산,제229조제4호,0.9,시장성 없는 자산|20% 초과|금융위원회 고시 비율,2026-04-30
집합투자기구,설정 또는 설립,ACTION,금융위원회가 정하여 고시하는 자산,제229조제4호,0.9,일반투자자 대상|50% 초과|금융위원회 고시 비율,2026-04-30
종류형집합투자기구,정의함,LOGICAL,투자신탁이나 투자익명조합의 집합투자업자 또는 투자회사등은 법,제243조,0.95,종류형집합투자기구,2026-04-30
종류형집합투자기구,설정 또는 설립된 경우에는,LOGICAL,다음 조항에 따른 조치,제231조제1항,0.6,설정|설립|조건,2026-04-30
종류형집합투자기구,정의함,LOGICAL,종류형집합투자기구,제243조,0.9,정의|종류형집합투자기구,2026-04-30
금융위원회,정하여 고시한다,ACTION,종류형집합투자기구에 관한 투자자 보호를 위한 필요한 사항,Unknown,0.9,금융위원회|투자자 보호|고시,2026-04-30
제211조제3항,근거함,STRUCTURE,변경등록하여야 한다,Unknown,0.85,제211조제3항|변경등록,2026-04-30
종류형집합투자기구,변경등록하여야 한다,ACTION,제1항 각 호의 사항,Unknown,0.75,종류형집합투자기구|제1항|변경등록,2026-04-30
전환형집합투자기구,정의함,LOGICAL,투자신탁이나 투자익명조합의 집합투자업자 또는 투자회사등,제244조,0.9,전환형집합투자기구 정의|투자신탁|투자익명조합|집합투자업자|투자회사,2026-04-30
전환형집합투자기구,설정,ACTION,설정 또는 설립,제232조제1항,0.9,전환형집합투자기구|설정|설립,2026-04-30
전환이 가능한 집합투자기구,요구함,ACTION,등록신청서에 기재,제211조제1항,0.9,전환이 가능한 집합투자기구|등록신청서,2026-04-30
전환이 가능한 집합투자기구,참조함,STRUCTURE,제211조제1항,제211조제1항,0.95,전환이 가능한 집합투자기구|제211조제1항,2026-04-30
전환이 가능한 집합투자기구에 관한 사항,요구함,ACTION,변경등록,제211조제3항,0.9,전환이 가능한 집합투자기구|변경등록,2026-04-30
필요한 사 항,정하여 고시한다,ACTION,금융위원회,제211조제3항,0.9,전환형집합투자기구|투자자 보호,2026-04-30
제211조제3항,참조함,STRUCTURE,제211조,제211조제3항,0.95,제211조|제3항,2026-04-30
모자형집합투자기구,정의함,LOGICAL,투자신탁이나 투자익명조합의 집합투자업자 또는 투자회사등은 법,제245조,0.9,모자형집합투자기구 정의,2026-04-30
모자형집합투자기구,정의함,LOGICAL,제233조제3항에 따른 모자형집합투자기구,233-3,0.95,정의|제233조제3항에 따른,2026-04-30
모자형집합투자기구,참조함,STRUCTURE,제233조제3항,233-3,0.9,참조|제233조제3항,2026-04-30
모자형집합투자기구,설정ㆍ설립,ACTION,설정ㆍ설립된 경우,233-3,0.7,행위|설정ㆍ설립,2026-04-30
법제처,등록,ACTION,신청서,제211조제1항,0.95,법제처|등록|신청서,2026-04-30
등록,근거함,STRUCTURE,제211조제1항,제211조제1항,0.9,등록|제211조제1항,2026-04-30
자집합투자기구,취득,ACTION,법,제233조제1항,0.95,자집합투자기구|법,2026-04-30
자집합투자기구,참조함,STRUCTURE,제233조제1항,제233조제1항,0.9,자집합투자기구|제233조제1항,2026-04-30
자집합투자기구,정의함,LOGICAL,제245조,제245조,0.9,자집합투자기구|제245조,2026-04-30
모집합투자기구,요구함,ACTION,집합투자증권 등에 관한 사항,Unknown,0.9,포함|제233조제1항에 따른,2026-04-30
투자매매업자 또는 투자중개업자,금지함,ACTION,모집합투자기구의 집합투자증권을 투자자에게 판매,Unknown,0.95,판매|투자자에게|금지,2026-04-30
모집합투자기구,참조함,STRUCTURE,제233조제1항,Unknown,0.85,제233조제1항에 따른,2026-04-30
자집합투자기구,요구함,ACTION,집합투자증권,제211조제3항,0.95,집합투자기구 변경 등록|자집합투자기구,2026-04-30
자집합투자기구,요구함,ACTION,모집합투자기구의 집합투자증권,제211조제3항,0.9,집합투자재산 이전|집합투자증권 교부,2026-04-30
투자신탁 및 투자익명조합 등,금지함,ACTION,둘 이상의 집합투자기구의 집합투자재산을 합하여 하나의 모집합투자기구에 이전하거나 하나의 집합투자기구의 집합투자재산을 분리하여 둘 이상의 모집합투자기구로 이전,제211조제3항,0.85,집합투자재산 합병 금지|다중집합투자기구 이전 금지,2026-04-30
사모집합투자기구가 아닌 집합투자기구,허용함,ACTION,집합투자재산 이전,제211조제3항,0.8,소액집합투자기구 이전 허용|금융위원회 기준,2026-04-30
금융위원회,권한을가짐,ACTION,모자형집합투자기구에 관한 보호 조치 고시,제211조제3항,0.9,금융위원회 고시|모자형집합투자기구 보호,2026-04-30
상장지수집합투자기구,정의함,LOGICAL,상장지수집합투자기구의 요건,246,0.9,정의|요건,2026-04-30
상장지수집합투자기구,요구함,ACTION,요건,246,0.85,요건|충족,2026-04-30
대통령령으로 정하는 요건,정의함,LOGICAL,다음 각 호의 요건을 모두 갖춘 경우,제234조제1항제1호,0.95,정의|요건,2026-04-30
대통령령으로 정하는 요건,정의함,LOGICAL,가격 또는 다수 종목의 가격 수준을 종합적으로 표시하는 지수,제234조제1항제1호,0.9,가격|지수,2026-04-30
대통령령으로 정하는 요건,정의함,LOGICAL,제1호의 가격 또는 지수가 같은 호의 시장을 통하여 투자자에게 적절하게 공표될 수 있을 것,제234조제1항제1호,0.9,공표|시장,2026-04-30
대통령령으로 정하는 요건,정의함,LOGICAL,"기초자산의 가격의 요건, 지수의 구성종목 및 지수를 구성하는 종목별 비중, 가격 및 지수의 변화에 연동하기 위하여 필요한 운용방법 등에 관하여 금융위원회가 정하여 고시하는 요건을 충족할 것",제234조제1항제1호,0.9,기초자산|운용방법|금융위원회,2026-04-30
지정참가회사,정의함,LOGICAL,제247조,247,0.95,지정참가회사|정의,2026-04-30
대통령령으로 정하는 자,정의함,LOGICAL,지정참가회사,제234조제2항,0.99,대통령령으로 정하는 자|지정참가회사,2026-04-30
지정참가회사,요구함,ACTION,상장지수집합투자기구의 설정ㆍ추가설정 또는 설립ㆍ신주발행을 집합투자업자에 요청하는 업무,제234조제2항,0.95,상장지수집합투자기구의 설정|설정ㆍ추가설정|설립|신주발행,2026-04-30
지정참가회사,요구함,ACTION,상장지수집합투자기구의 해지ㆍ일부해지 또는 해산ㆍ주식의 일부 소각을 집합투자업자에 요청하는 업무,제234조제2항,0.95,상장지수집합투자기구의 해지|해산|주식 소각,2026-04-30
지정참가회사,요구함,ACTION,투자자로가 납부한 금전 또는 증권(이 절에서 “납부금등”이라 한다)을 금융위원회가 정하여 고시하는 일정 단위(이하 “설정단위”라 한다)에 상당하는 자산으로 변경하기 위한 증권의 매매나 위탁매매업무,제234조제2항,0.95,납부금등|자산 변경|증권 매매|위탁매매,2026-04-30
지정참가회사,요구함,ACTION,"상장지수집합투자기구의 집합투자증권이 증권시장 또는 다자간매매체결회사에서 원활하게 거래되도록 하고, 그 가격이 그 집합투자증권의 좌수 또는 주수당의 순자산가치에 수렴되도록 하는 업무",제234조제2항,0.95,집합투자증권 거래|가격 수렴|순자산가치,2026-04-30
집합투자업자,허용함,ACTION,상장지수집합투자기구의 설정ㆍ추가설정 또는 설립ㆍ신주발행,제248조,0.95,지정참가회사로부터 요청이 있는 경우|신탁계약이나 투자회사의 정관에 따라,2026-04-30
신탁계약,근거함,STRUCTURE,상장지수집합투자기구의 설정ㆍ추가설정 또는 설립ㆍ신주발행,제248조,0.9,신탁계약에서 정하는 바에 따라,2026-04-30
투자회사의 정관,근거함,STRUCTURE,상장지수집합투자기구의 설정ㆍ추가설정 또는 설립ㆍ신주발행,제248조,0.9,투자회사의 정관에서 정하는 바에 따라,2026-04-30
투자자,요구함,ACTION,자산,제247조제1호,0.95,상장지수집합투자기구|납부금|설정단위,2026-04-30
투자자,요청함,ACTION,상장지수집합투자기구 설정,제247조제1호,0.9,상장지수집합투자기구|설정|추가설정|신주발행,2026-04-30
금융위원회,예외로함,LOGICAL,자산으로 변경,제247조제1호,0.85,금융위원회|고시|자산으로 변경 곤란,2026-04-30
금융위원회,정하여 고시한다,ACTION,납부방법 및 설정·신주발행 등,제247조제1호,0.9,금융위원회|고시|납부방법|설정|신주발행,2026-04-30
투자자,청구할 수 있다,ACTION,집합투자증권의 환매,제249조,0.95,환매|청구|투자자|집합투자증권,2026-04-30
투자자,청구할 수 있다,ACTION,지정참가회사에 대한 환매 청구,제249조,0.9,환매|청구|지정참가회사|해산등,2026-04-30
투자매매업자/투자중개업자,요구하여야 한다,ACTION,지정참가회사에 대한 환매에 응할 것을 요구,제249조,0.9,환매|요구|지정참가회사,2026-04-30
투자매매업자/투자중개업자,요구하여야 한다,ACTION,집합투자업자에 대한 환매에 응할 것을 요구,제249조,0.85,환매|요구|집합투자업자|해산등,2026-04-30
지정참가회사,요구하여야 한다,ACTION,상장지수투자신탁의 집합투자업자 및 상장지수투자회사에 대한 환매에 응할 것을 요구,제249조,0.85,환매|요구|지정참가회사|상장지수투자신탁,2026-04-30
집합투자업자/신탁업자,청구할 수 있다,ACTION,신탁업자에 대한 환매 청구,제249조,0.8,환매|청구|신탁업자|해산등,2026-04-30
집합투자업자/신탁업자/상장지수투자회사의 집합투자업자,응할 것을 요구하여야 한다,ACTION,환매에 응할 것,제249조,0.9,환매|응할 것|지체 없이,2026-04-30
집합투자업자/신탁업자/상장지수투자회사의 집합투자업자,환매에 응할 것,ACTION,상장지수집합투자기구의 집합투자재산을 기준으로,제249조,0.85,환매|응할 것|집합투자재산,2026-04-30
환매 연기,참조함,STRUCTURE,제237조,237,0.95,환매 연기|제237조,2026-04-30
제237조,연기,ACTION,환매,237,0.9,연기|환매,2026-04-30
제237조,통지,ACTION,투자자,237,0.9,통지|투자자,2026-04-30
상장지수집합투자증권,위임함,STRUCTURE,법,제250조,0.95,상장|상장폐지,2026-04-30
상장지수투자신탁의 집합투자업자와 상장지수투자회사는,해지하거나 해산하여야 한다,ACTION,상장지수집합투자기구,제390조,0.95,상장지수투자신탁|상장지수집합투자기구|제2항,2026-04-30
상장지수투자신탁의 집합투자업자와 상장지수투자회사는,준용함,STRUCTURE,제2항,제390조,0.9,제2항,2026-04-30
집합투자업자,요구함,ACTION,금융위원회,제192조제1항,0.95,보고|7일 이내,2026-04-30
제192조제1항,준용함,STRUCTURE,제3항,제192조제1항,0.9,제3항에 따라,2026-04-30
제192조제1항,정의함,LOGICAL,보고,제192조제1항,0.85,보고,2026-04-30
상장지수투자신탁의 집합투자업자,요구함,ACTION,상장지수집합투자기구의 납부자산구성내역,251,0.95,공고|납부자산구성내역,2026-04-30
상장지수투자회사,요구함,ACTION,상장지수집합투자기구의 납부자산구성내역,251,0.95,공고|납부자산구성내역,2026-04-30
거래소,요구함,ACTION,상장지수집합투자기구의 순자산가치와 추적오차율,251,0.95,공고|순자산가치|추적오차율,2026-04-30
운용특례,정의함,LOGICAL,집합투자업자,제252조,0.4,운용특례|집합투자업자,2026-04-30
제80조제4항,참조함,STRUCTURE,제80조제4항 및,제80조제4항,0.2,제80조제4항,2026-04-30
법,예외로함,LOGICAL,제86조제1항,제86조제1항,0.9,제86조제1항|법,2026-04-30
단서,정의함,LOGICAL,단서,제81조제1항,0.85,단서,2026-04-30
상장지수집합투자기구,운용,ACTION,집합투자재산,제234조제 4항,0.95,집합투자재산 운용|상장지수집합투자기구,2026-04-30
상장지수집합투자기구,운용,ACTION,동일종목의 증권(지분증권 제외) 30% 이하,제234조제 4항,0.9,30% 동일종목 운용|지분증권 제외,2026-04-30
상장지수집합투자기구,운용,ACTION,지분증권 총수 20% 이하,제234조제 4항,0.9,20% 지분증권 운용,2026-04-30
상장지수집합투자기구,정의함,LOGICAL,금융위원회가 정하여 고시하는 상장지수집합투자기구,제234조제 4항,0.85,정의|금융위원회 고시,2026-04-30
상장지수집합투자기구,운용,ACTION,지수 연동 시 동일종목 비중 초과 시 지수 비중까지 운용,제234조제 4항,0.88,지수 연동 운용|비중 초과 운용,2026-04-30
이해관계인,허용함,ACTION,상장지수집합투자기구,제84조제1항,0.95,설정,2026-04-30
이해관계인,정의함,LOGICAL,제84조제1항에 따른 이해관계인,제84조제1항,0.95,정의함|제84조제1항에 따른,2026-04-30
이해관계인,할 수 있다,ACTION,"증권의 매매, 그 밖의 거래",제84조제1항,0.95,할 수 있다|증권의 매매|그 밖의 거래,2026-04-30
삭제,삭제함,ACTION,제252조의2,제252조의2,0.95,삭제,2026-04-30
환매청구에 응할 수 없는 사유,정의함,LOGICAL,제253조,253,0.95,환매청구에 응할 수 없는 사유 정의,2026-04-30
대통령령으로 정하는 사유,정의함,LOGICAL,"천재지변 등으로 인한 전산장애, 그 밖에 이에 준하는 사유로 인하여 집합투자증권을 판매한 투자매매업자·투자중개업자가 정상적으로 업무를 하는 것이 곤란하다고 금융위원회가 인정한 경우",제235조제2항,0.97,정의|사유,2026-04-30
금융위원회,인정함,ACTION,대통령령으로 정하는 사유,제235조제2항,0.92,금융위원회|인정|사유,2026-04-30
환매방법의 예외,정의함,LOGICAL,법,제254조,0.7,환매방법의 예외|법,2026-04-30
대통령령으로 정하는 경우,정의함,LOGICAL,다음 각 호의 어느 하나에 해당하는 경우로서 집합투자규약에서 환매청구를 받은 날부터 15일을 초과하여 환매일을 정한 경우,제235조제4항,0.95,정의|대통령령|환매청구|집합투자규약|15일 초과,2026-04-30
대통령령으로 정하는 경우,정의함,LOGICAL,단기금융집합투자기구의 집합투자증권을 판매한 투자매매업자 또는 투자중개업자가 그 단기금융집합투자기구 별 집합투자증권 판매규모의 100분의 5에 상당하는 금액 또는 금융위원회가 정하여 고시하는 금액 중 큰 금액의 범위에서 개인투자자로부터 환매청구일에 공고되는 기준가격으로 환매청구일에 그 집합투자증권을 매수하는 경우,제235조제6항,0.95,대통령령으로 정하는 경우|정의,2026-04-30
대통령령으로 정하는 경우,정의함,LOGICAL,투자자가 금액을 기준으로 집합투자증권(단기금융집합투자기구의 집합투자증권은 제외한다)의 환매를 청구함에 따라 그 집합투자기구의 집합투자규약에서 정한 환매가격으로 그 집합투자규약에서 정한 환매일에 그 집합투자증권의 일부를 불가피하게 매수하는 경우,제235조제6항,0.95,대통령령으로 정하는 경우|정의,2026-04-30
환매가격 및 수수료,정의함,LOGICAL,법,255,0.6,환매가격 및 수수료|법,2026-04-30
대통령령으로 정하는 경우,정의함,LOGICAL,다음 각 호의 어느 하나에 해당하는 경우로서 환매청구일에 공고되는 기준가격으로 환매청구일에 환매한다는 내용을 집합투자규약에 정한 경우,제236조제1항,0.95,대통령령으로 정하는 경우|집합투자규약|환매청구일|단기금융집합투자기구|투자매매업자|투자중개업자|투자자|단기금융집합투자기구의 집합투자증권|공고되는 기준가격|정기적으로 발생하는 채무,2026-04-30
대통령령으로 정하는 경우,정의함,LOGICAL,투자매매업자 또는 투자중개업자가 단기금융집합투자기구의 집합투자증권을 판매한 경우,제236조제1항,0.9,대통령령으로 정하는 경우|투자매매업자|투자중개업자|단기금융집합투자기구|집합투자증권,2026-04-30
대통령령으로 정하는 경우,정의함,LOGICAL,투자자가 금융투자상품 등의 매수에 따른 결제대금을 지급하기 위하여 단기금융집합투자기구의 집합투자증권을 환매하기로 그 투자매매업자 또는 투자중개업자와 미리 약정한 경우,제236조제1항,0.9,대통령령으로 정하는 경우|투자자|금융투자상품|매수|결제대금|단기금융집합투자기구|집합투자증권|투자매매업자|투자중개업자,2026-04-30
대통령령으로 정하는 경우,정의함,LOGICAL,투자자가 공과금 납부 등 정기적으로 발생하는 채무를 이행하기 위하여 단기금융집합투자기구의 집합투자증권을 환매하기로 그 투자매매업자 또는 투자중개업자와 미리 약정한 경우,제236조제1항,0.9,대통령령으로 정하는 경우|투자자|공과금 납부|정기적으로 발생하는 채무|단기금융집합투자기구|집합투자증권|투자매매업자|투자중개업자,2026-04-30
투자매매업자 또는 투자중개업자,요구함,ACTION,단기금융집합투자기구의 집합투자증권을 환매,제77조제1항제2호다목,0.95,단기금융집합투자기구의 집합투자증권 환매,2026-04-30
제77조제1항제2호다목,참조함,STRUCTURE,외국환거래법,제77조제1항제2호다목,0.85,외국환거래법,2026-04-30
외국환평형기금,정의함,LOGICAL,제13조에 따른 외국환평형기금 나. 「국가재정법」,13,0.95,정의|제13조|국가재정법,2026-04-30
단기금융집합투자기구 및 증권집합투자기구,정의함,LOGICAL,제81조에 따른 여유자금을 통합하여 운용하는 단기금융집합투자기구 및 증권집합투자기구 3.,81,0.95,정의|여유자금 통합 운용,2026-04-30
단기금융집합투자기구 및 증권집합투자기구,참조함,STRUCTURE,제81조,81,0.9,제81조에 따른,2026-04-30
환매대금 마련,정의함,LOGICAL,집합투자기구의 집합투자증권을 환매하는 경우로서 환매대금을 다음 각 목의 방법으로 마련하여 지급하는 경우 가.,제77조제1항제6호,0.95,환매대금 마련|집합투자기구|환매,2026-04-30
환매수수료,정의함,LOGICAL,집합투자증권,77,0.9,환매수수료|집합투자증권,2026-04-30
환매수수료,부과한다,ACTION,집합투자규약에서 정하는 기간 이내에 환매하는 경우,제236조제2항,0.9,환매수수료|집합투자규약|기간|환매,2026-04-30
환매수수료,부과할 수 있다,ACTION,환매금액 또는 이익금 등을 기준으로,제236조제2항,0.85,환매수수료|환매금액|이익금|기준,2026-04-30
제236조제2항,규정함,STRUCTURE,환매수수료 부과,제236조제2항,0.95,제236조제2항|환매수수료|부과,2026-04-30
환매연기 사유,정의함,LOGICAL,제256조,256,0.9,환매연기 사유 정의,2026-04-30
대통령령으로 정하는 사유,정의함,LOGICAL,다음 각 호의 어느 하나에 해당하는 경우를 말한다.,제237조제1항,0.95,정의|사유|환매|집합투자재산|형평성|환매연기,2026-04-30
대통령령으로 정하는 사유,정의함,LOGICAL,"집합투자재산의 처분이 불가능하여 사실상 환매에 응할 수 없는 경우로서 다음 각 목의 어느 하나에 해당하는 경우 가. 뚜렷한 거래부진 등의 사유로 집합투자재산을 처분할 수 없는 경우 나. 증권시장이나 해외 증권시장의 폐쇄ㆍ휴장 또는 거래정지, 그 밖에 이에 준하는 사유로 집합투자재산을 처분할 수 없는 경우 다. 천재지변, 그 밖에 이에 준하는 사유가 발생한 경우",제237조제1항,0.95,정의|사유|환매|집합투자재산|형평성|환매연기,2026-04-30
대통령령으로 정하는 사유,정의함,LOGICAL,투자자 간의 형평성을 해칠 염려가 있는 경우로서 다음 각 목의 어느 하나에 해당하는 경우 가. 부도발생 등으로 인하여 집합투자재산을 처분하여 환매에 응하는 경우에 다른 투자자의 이익을 해칠 염려가 있는 경우 나. 집합투자재산에 속하는 자산의 시가가 없어서 환매청구에 응하는 경우에 다른 투자자의 이익을 해칠 염려가 있는 경우 다. 대량의 환매청구에 응하는 것이 투자자 간의 형평성을 해칠 염려가 있는 경우,제237조제1항,0.95,정의|사유|환매|집합투자재산|형평성|환매연기,2026-04-30
대통령령으로 정하는 사유,정의함,LOGICAL,환매를 청구받거나 요구받은 투자매매업자 또는 투자중개업자ㆍ집합투자업자ㆍ신탁업자ㆍ투자회사등이 해산등 으로 인하여 집합투자증권을 환매할 수 없는 경우,제237조제1항,0.95,정의|사유|환매|집합투자재산|형평성|환매연기,2026-04-30
대통령령으로 정하는 사유,정의함,LOGICAL,교차판매 집합투자기구의 집합투자증권에 대한 투자자의 환매청구 금액이 환매청구일 현재 해당 교차판매 집합투자기구의 집합투자재산 순자산가치의 100분의 10을 초과하는 경우,제237조제1항,0.95,정의|사유|환매|집합투자재산|형평성|환매연기,2026-04-30
대통령령으로 정하는 사유,정의함,LOGICAL,그 밖에 제1호부터 제3호까지 및 제3호의2의 경우에 준하는 경우로서 금융위원회가 환매연기가 필요하다고 인 정한 경우,제237조제1항,0.95,정의|사유|환매|집합투자재산|형평성|환매연기,2026-04-30
환매연기총회 의결사항,정의함,LOGICAL,법,257,0.6,환매연기총회 의결사항|법,2026-04-30
합투자증권,제외함,ACTION,환매대금 지급시기와 지급방법,제256조제3호의2,0.95,환매연기|합투자증권,2026-04-30
합투자증권,요구함,ACTION,환매연기기간과 환매를 재개할 때의 환매대금의 지급시기 및 지급방법,제256조제3호의2,0.85,환매연기|합투자증권,2026-04-30
자산의 처리방법 ②,정의함,LOGICAL,법,제237조제5항,0.95,자산의 처리방법|법,2026-04-30
대통령령으로 정하는 사항,정의함,LOGICAL,환매가격,제237조제3항제1호나목,0.95,정의|대통령령|환매가격,2026-04-30
대통령령으로 정하는 사항,정의함,LOGICAL,일부환매의 경우에는 그 뜻과 일부환매의 규모,제237조제3항제1호나목,0.95,정의|대통령령|일부환매|규모,2026-04-30
대통령령으로 정하는 사항,정의함,LOGICAL,환매를 재개하는 경우에 환매가격 및 환매대금의 지급시기 및 일부환매의 경우에 그 뜻과 일부환매의 규모,제237조제3항제2호라목,0.95,정의|대통령령으로 정하는 사항,2026-04-30
투자신탁,환매연기사유가 해소되면,LOGICAL,환매연기 해소,제258조,0.85,투자신탁|환매연기사유|해소,2026-04-30
환매연기사유,해소된다,LOGICAL,해소된 상태,제258조,0.9,환매연기사유|해소,2026-04-30
집합투자자총회,요구함,ACTION,환매,제237조제4항,0.9,환매|집합투자자총회,2026-04-30
"투자신탁, 투자익명조합의 집합투자업자, 투자회사 등",허용함,ACTION,환매,제237조제4항,0.85,환매|환매연기|집합투자자총회,2026-04-30
환매,예외로함,LOGICAL,집합투자자총회 개최,제237조제4항,0.8,환매|집합투자자총회|예외,2026-04-30
금융위원회,정하고 고시하는,ACTION,환매대금 지급시기 및 지급방법 등,제256조제3호의2,0.95,환매대금 지급시기 및 지급방법|교차판매협약 고려,2026-04-30
환매대금 지급시기 및 지급방법 등,준용함,STRUCTURE,제256조제3호의2,제256조제3호의2,0.9,제256조제3호의2,2026-04-30
투자신탁이나 투자익명조합의 집합투자업자 또는 투자회사등,요구함,ACTION,집합투자증권을 일부환매하거나 환매연기를 위한 집합투자자총회에서 일부환매를 결의한 경우,제259조,0.9,일부환매|집합투자증권|집합투자자총회,2026-04-30
정상자산,정의함,LOGICAL,나머지 자산,제237조제7항,0.95,정상자산 정의|나머지 자산,2026-04-30
투자신탁이나 투자익명조합의 집합투자업자 또는 투자회사등,분리하여야 한다,ACTION,정상자산,제237조제7항,0.95,정상자산 분리|환매연기 원인 자산,2026-04-30
투자신탁이나 투자익명조합의 집합투자업자 또는 투자회사등,정상자산에 대한 기준가격을 계산하여야 한다,ACTION,정상자산에 대한 기준가격,제237조제7항,0.9,정상자산 기준가격 계산,2026-04-30
투자신탁이나 투자익명조합의 집합투자업자 또는 투자회사등,환매대금을 지급하여야 한다,ACTION,환매대금,제237조제7항,0.9,환매대금 지급,2026-04-30
집합투자기구,허용함,ACTION,집합투자증권을 계속하여 발행·판매·환매,제237조제6항,0.95,집합투자기구|집합투자증권|발행·판매·환매,2026-04-30
금융위원회,정한다,ACTION,일부환매의 방법 및 절차 등에 관한 필요한 사항,제237조제6항,0.95,금융위원회|일부환매|방법 및 절차|정하여 고시한다,2026-04-30
집합투자재산의 평가방법,정의함,LOGICAL,제260조,260,0.7,집합투자재산의 평가방법 정의,2026-04-30
대통령령으로 정하는 방법,정의함,LOGICAL,증권시장(해외 증권 시장을 포함한다)에서 거래된 최종시가(해외 증권의 경우 전날의 최종시가) 또는 장내파생상품이 거래되는 파생상품 시장(해외 파생상품시장을 포함한다)에서 공표하는 가격(해외 파생상품의 경우 전날의 가격),제238조제1항,0.95,정의,2026-04-30
대통령령으로 정하는 방법,예외로함,LOGICAL,다음 각 호의 경우에는 해당 호에서 정하는 가격으로 평가할 수 있다.,제238조제1항,0.9,예외,2026-04-30
법,준용함,STRUCTURE,제249조의12제1항,제249조의12제1항,0.95,준용,2026-04-30
공정가액,정의함,LOGICAL,대통령령으로 정하는 공정가액,제238조제1항,0.92,공정가액 정의|대통령령,2026-04-30
공정가액,근거함,STRUCTURE,대통령령,제238조제1항,0.88,정의 근거|대통령령,2026-04-30
집합투자업자,요구함,ACTION,장부가격에 따라 평가한 기준가격과 제1항 및 제2항에 따라 평가한 기준가격의 차이를 수시로 확인하여야 한다,제238조제1항,0.95,집합투자재산 평가|차이 확인,2026-04-30
집합투자업자,요구함,ACTION,차이가 금융위원회가 정하여 고시하는 비율을 초과하거나 초과할 염려가 있는 경우 필요한 조치를 취하여야 한다,제238조제1항,0.9,집합투자재산 평가|비율 초과|필요 조치,2026-04-30
장부가격,정의함,LOGICAL,금융위원회가 정하여 고시하는 장부가격,제238조제1항,0.9,장부가격 정의,2026-04-30
금융위원회,정함,STRUCTURE,비율,제238조제1항,0.9,비율 정의,2026-04-30
금융위원회,정함,STRUCTURE,장부가격,제238조제1항,0.9,장부가격 정의,2026-04-30
금융위원회,고시함,STRUCTURE,세부사항,제238조제1항,0.85,세부사항 고시,2026-04-30
집합투자업자,포함해야 한다,ACTION,집합투자재산의 평가업무 담당 임원,제261조,0.95,집합투자재산평가위원회 구성|포함,2026-04-30
집합투자업자,포함해야 한다,ACTION,집합투자재산의 운용업무 담당 임원,제261조,0.95,집합투자재산평가위원회 구성|포함,2026-04-30
집합투자업자,포함해야 한다,ACTION,준법감시인,제261조,0.95,집합투자재산평가위원회 구성|포함,2026-04-30
집합투자업자,포함해야 한다,ACTION,금융위원회가 인정한 자(공정한 평가를 위하여 필요),제261조,0.95,집합투자재산평가위원회 구성|포함,2026-04-30
집합투자업자,결정함,ACTION,집합투자재산평가기준의 적용 여부 등 집합투자재산평가에 관한 사항,제238조제3항,0.95,집합투자업자|집합투자재산평가기준,2026-04-30
집합투자재산평가기준,정의함,LOGICAL,집합투자재산평가기준(이하 ‘집합투자재산평가기준’이라 한다),제238조제3항,0.9,집합투자재산평가기준,2026-04-30
집합투자재산평가기준,준용함,STRUCTURE,제238조제3항,제238조제3항,0.9,집합투자재산평가기준|제238조제3항,2026-04-30
집합투자업겸영은행,보고하여야 한다,ACTION,집합투자재산운용위원회,제250조제1항,0.95,보고|집합투자업겸영은행|집합투자재산운용위원회,2026-04-30
집합투자재산운용위원회,정의함,LOGICAL,제2조,제2조,0.9,정의함|집합투자재산운용위원회|제2조,2026-04-30
대통령령으로 정하는 사항,정의함,LOGICAL,금융위원회가 정하여 고시하는 부도채권 등 부실화된 자산 등의 분류 및 평가와 관련하여 적용할 세부기준에 관한 사항,제238조제3항제4호,0.9,정의함|대통령령으로 정하는 사항,2026-04-30
대통령령으로 정하는 사항,정의함,LOGICAL,집합투자재산 평가오류의 수정에 관한 사항,제238조제3항제4호,0.9,정의함|대통령령으로 정하는 사항,2026-04-30
대통령령으로 정하는 사항,정의함,LOGICAL,집합투자재산에 속한 자산의 종류별 평가기준에 관한 사항,제238조제3항제4호,0.9,정의함|대통령령으로 정하는 사항,2026-04-30
평가방법,정함,LOGICAL,미수금 및 미지급금 등의 평가방법에 관한 사항,제192조제4항,0.95,평가방법|미수금 및 미지급금,2026-04-30
기준가격의 계산과 공고,정의함,LOGICAL,법,262,0.6,기준가격의 계산과 공고|법,2026-04-30
자산총액,정의함,LOGICAL,재무상태표상에 계상된 자산총액,제238조제7항,0.95,자산총액|재무상태표,2026-04-30
계산방법,정의함,LOGICAL,부채총액을 뺀 금액을 그 공고ㆍ게시일 전날의 집합투자증권 총수로 나누어 계산하는 방법,제238조제1항,0.95,계산방법|부채총액|집합투자증권 총수,2026-04-30
계산방법,참조함,STRUCTURE,제238조제1항,제238조제1항,0.9,제238조제1항,2026-04-30
투자신탁,요구함,ACTION,계산방법,제238조제1항,0.85,투자신탁|계산방법,2026-04-30
집합투자업자,요구함,ACTION,기준가격을 지체 없이 변경,제261조제3항제2호,0.95,기준가격 변경|평가오류 수정,2026-04-30
집합투자업자,요구함,ACTION,변경된 기준가격을 다시 공고ㆍ게시,제261조제3항제2호,0.95,기준가격 변경|평가오류 수정,2026-04-30
집합투자기구,정의함,LOGICAL,집합투자기구로서 국내 증권시장에서 거래되는 지분증권에 투자하는 경우,제229조제1호,0.92,집합투자기구 정의|지분증권 투자,2026-04-30
집합투자기구,투자,ACTION,지분증권,제229조제1호,0.88,집합투자기구|지분증권,2026-04-30
증권 투자,정의함,LOGICAL,"집합투자기구가 다음 각 목의 어느 하나에 해당하는 증권에 투자하는 경우: 1) 해외 증권시장에서 거래되는 지분증권, 2) 해외 증권시장에서 거래되는 지분증권에 투자하는 집합투자기구의 집합투자증권",229조제1호,0.95,집합투자기구|증권|투자,2026-04-30
증권 투자,참조함,STRUCTURE,제229조제1호,229조제1호,0.98,제229조제1호,2026-04-30
투자신탁이나 투자익명조합의 집합투자업자 또는 투자회사,요구함,ACTION,준법감시인과 신탁업자의 확인을 받아 기준가격을 변경한다,제229조제5호,0.95,기준가격 변경 절차|준법감시인 확인|신탁업자 확인,2026-04-30
투자신탁이나 투자익명조합의 집합투자업자 또는 투자회사,요구함,ACTION,금융위원회에 기준가격 변경 사실을 보고한다,제229조제5호,0.95,기준가격 변경 보고|금융위원회 보고,2026-04-30
금융위원회,정하여 고시함,STRUCTURE,기준가격 변경 절차 및 보고 세부사항,제229조제5호,0.9,기준가격 변경 절차|보고 세부사항|정리,2026-04-30
회계처리기준 제정의 위탁,정의함,LOGICAL,회계처리기준 제정,263,0.7,회계처리기준|제정|위탁,2026-04-30
대통령령으로 정하는 자,정의함,LOGICAL,한국회계기준원,제240조제2항,0.99,대통령령으로 정하는 자|한국회계기준원,2026-04-30
회계감사 적용면제,정의함,LOGICAL,회계감사 적용면제,제264조,0.9,회계감사 적용면제,2026-04-30
회계감사 적용면제,예외로함,LOGICAL,회계감사,제264조,0.8,회계감사 적용면제|회계감사,2026-04-30
대통령령으로 정하는 경우,정의함,LOGICAL,회계기간의 말 일과 같은 항 각 호의 어느 하나에 해당하는 날을 기준으로 다음 각 호의 어느 하나에 해당하는 경우를 말한다.,제240조제3항,0.95,대통령령으로 정하는 경우|회계기간|자산총액|300억원|500억원,2026-04-30
대통령령으로 정하는 경우,정의함,LOGICAL,자산총액이 300억원 이하인 경우,제240조제3항,0.95,자산총액|300억원 이하,2026-04-30
대통령령으로 정하는 경우,정의함,LOGICAL,자산총액이 300억원 초과 500억원 이하인 경우,제240조제3항,0.95,자산총액|300억원 초과|500억원 이하,2026-04-30
발행자,금지함,ACTION,집합투자증권을 추가로 발행하지,제240조제3항,0.95,집합투자증권 추가 발행 금지|발행자,2026-04-30
회계감사인,정의함,LOGICAL,회계감사인의 선임 등,제265조,0.6,회계감사인|선임,2026-04-30
집합투자업자,요구함,ACTION,감사(위원회)의 동의,제240조제4항,0.95,감사인 선임|감사동의,2026-04-30
금융위원회,정한다,ACTION,회계감사기준,제240조제4항,0.9,회계감사기준|정의,2026-04-30
회계감사인,준용함,LOGICAL,법 및 「주식회사 등의 외부감사에 관한 법률」,제240조제4항,0.85,회계감사인 권한|외부감사법,2026-04-30
투자회사,요구함,ACTION,감독이사의 동의,제240조제4항,0.9,감독이사 동의|감사인 선임,2026-04-30
회계감사인,요구함,ACTION,회계감사보고서,제21조 4항,0.95,회계감사인|회계감사보고서,2026-04-30
회계감사인,제출해야 한다,ACTION,투자신탁 및 투자익명조합의 집합투자업자 또는 투자회사 등,제21조 4항,0.95,회계감사인|투자신탁|투자익명조합|집합투자업자|투자회사,2026-04-30
회계감사보고서,포함함,LOGICAL,"재무상태표, 손익계산서, 기준가격계산서, 집합투자업자 및 그 이해관계인(법... )",제21조 4항,0.9,회계감사보고서|재무상태표|손익계산서|기준가격계산서|집합투자업자,2026-04-30
투자신탁 및 투자익명조합의 집합투자업자 또는 투자회사,제출함,ACTION,"회계감사보고서(금융위원회, 협회, 투자매매업자, 투자중개업자, 신탁업자)",제84조제1항,0.95,제출|회계감사보고서,2026-04-30
투자신탁 및 투자익명조합의 집합투자업자 또는 투자회사,제출받음,ACTION,회계감사보고서,제84조제1항,0.95,제출받음|회계감사보고서,2026-04-30
투자신탁 및 투자익명조합의 집합투자업자 또는 투자회사,열람허용함,ACTION,투자자,제84조제1항,0.95,열람|회계감사보고서,2026-04-30
집합투자기구,부담함,ACTION,회계감사비용,제84조제1항,0.95,비용|회계감사비용,2026-04-30
회계감사인 등의 손해배상책임,정의함,LOGICAL,정의,제265조의2,0.95,회계감사인|손해배상책임,2026-04-30
회계감사인과 집합투자업자,연대하여 배상할 책임이 있다,ACTION,손해,제241조제3항,0.95,연대 책임|손해배상 책임,2026-04-30
회계감사인과 집합투자업자,책임이 있는 경우,LOGICAL,손해배상 청구일이 속하는 달의 직전 12개월간 소득인정액 합산금액이 1억5천만원 이하인 경우,제241조제3항,0.9,연대 책임|소득인정액|조건,2026-04-30
이익금의 분배,정의함,LOGICAL,법,266,0.7,이익금의 분배|법,2026-04-30
집합투자기구,정의함,LOGICAL,대통령령으로 정하는 집합투자기구,제242조제1항,0.9,집합투자기구 정의|대통령령 정하는 집합투자기구,2026-04-30
단기금융집합투자기구,제외함,ACTION,제 241조에 따른 단기금융집합투자기구,241,0.9,단기금융집합투자기구|제 241조에 따른 단기금융집합투자기구,2026-04-30
단기금융집합투자기구,정의함,LOGICAL,제 241조에 따른 단기금융집합투자기구를 제외한다,241,0.8,단기금융집합투자기구|제 241조에 따른 단기금융집합투자기구,2026-04-30
제267조,삭제함,STRUCTURE,제6장 집합투자재산의 보관 및 관리,267,0.95,삭제|제6장,2026-04-30
증권의 예탁 등,정의함,LOGICAL,법,268,0.5,증권의 예탁 등|법,2026-04-30
대통령령으로 정하는 것,정의함,LOGICAL,법제처 170 국가법령정보센터 자본시장과 금융투자업에 관한 법률 시행령,246조제3항,0.95,대통령령으로 정하는 것|정의,2026-04-30
대통령령으로 정하는 것,정의함,LOGICAL,금융위원회가 정하여 고시하는 것,246조제3항,0.95,대통령령으로 정하는 것|정의,2026-04-30
대통령령으로 정하는 경우,정의함,LOGICAL,대통령령에 의해 정해지는 경우,제246조제3항,0.95,대통령령으로 정하는 경우|대통령령,2026-04-30
대통령령으로 정하는 경우,근거함,STRUCTURE,대통령령,제246조제3항,0.9,대통령령으로 정하는 경우|대통령령,2026-04-30
결제,이행해야 함,ACTION,증권의 인수·인도와 대금의 지급·수령을 동시에 결제하는 방법,제246조제4항,0.95,결제|증권 인수·인도|대금 지급·수령,2026-04-30
집합투자업자,금지함,ACTION,금융기관에 예치한 총금액 또는 단기대출한 총금액의 10%를 초과할 수 없음,제246조제5항,0.95,금융기관 예치 및 단기대출 한도|10% 초과 금지|집합투자재산,2026-04-30
금융기관 예치 및 단기대출 한도,정의함,LOGICAL,집합투자업자가 금융기관에 예치한 총금액 또는 단기대출한 총금액의 10%를 초과할 수 없음,제246조제5항,0.95,금융기관 예치 및 단기대출 한도,2026-04-30
제246조제5항,참조함,STRUCTURE,제246조제3항,제246조제5항,0.95,대통령령으로 정하는 경우 정의,2026-04-30
전담중개업무 제공자,거래,ACTION,일반사모집합투자기구 등,제5조제1항제3호,0.95,전담중개업무|일반사모집합투자기구,2026-04-30
신탁업자,거래함,ACTION,금전차입 거래,83-1,0.95,신탁업자|금전차입 거래,2026-04-30
금전차입 거래,한정함,LOGICAL,신탁업자의 고유재산,83-1,0.95,금전차입 거래|고유재산,2026-04-30
신탁업자,거래함,ACTION,고유재산,83-1,0.9,신탁업자|고유재산,2026-04-30
거래,정의함,LOGICAL,제85조제5호의3에서 정하는 거래,85,0.95,거래|정의,2026-04-30
신탁업자,요구함,ACTION,감시의무,269,0.9,감시의무,2026-04-30
감시의무,근거함,STRUCTURE,법,269,0.8,법,2026-04-30
지시 내용 확인,요구함,ACTION,지시 내용이 금융위원회가 정하여 고시하는 기준을 위반하는지 여부를 확인,제247조제1항 및 제2항,0.9,지시 내용 확인|규정 위반 여부 확인,2026-04-30
제80조,참조함,STRUCTURE,제2조,80,0.1,제2조,2026-04-30
신탁업자,요구함,ACTION,집합투자재산 보관·관리,85,0.95,신탁업자|집합투자재산 보관·관리,2026-04-30
집합투자규약,정의함,LOGICAL,투자대상자산별 투자한도,85,0.9,집합투자규약|투자대상자산별 투자한도,2026-04-30
금융위원회,정하고 고시함,ACTION,필요한 사항,85,0.85,금융위원회|필요한 사항,2026-04-30
신탁업자나 투자회사의 감독이사,요구함,ACTION,법,85,0.8,신탁업자나 투자회사의 감독이사|법,2026-04-30
집합투자재산 보관·관리하는 신탁업자,제외함,STRUCTURE,위반 여부 확인 불가능한 사항,85,0.85,집합투자재산 보관·관리하는 신탁업자|위반 여부 확인 불가능한 사항,2026-04-30
투자매매업자·투자중개업자,요구함,ACTION,공시(게시) of 집합투자업자의 지시내용 및 법령·규약·설명서 위반사항,제247조 제3항,0.95,게시|공시|지시내용|법령 위반사항,2026-04-30
이의신청자,제출함,ACTION,이의신청,제247조제4항,0.95,이의신청,2026-04-30
이의신청자,참조함,STRUCTURE,제247조제4항,제247조제4항,0.99,제247조제4항,2026-04-30
이의신청자,간주함,LOGICAL,이의신청 내용 및 금융위원회 결정내용,제247조제4항,0.9,이의신청 내용|금융위원회 결정내용,2026-04-30
대통령령으로 정하는 기준,정의함,LOGICAL,다음 각 호의 기준,제247조제4항,0.95,정의|대통령령 기준,2026-04-30
대통령령으로 정하는 기준,정의함,LOGICAL,집합투자업자가 금융위원회에 이의신청을 한 날부터 30일 이내에 그 지시내용이 법령·집합투자규약 또는 투자 설명서 등을 위반하였는지를 결정할 것 (부득이한 사정 시 60일 이내 결정),제247조제4항,0.9,30일 이내 결정|위반 여부 결정|60일 이내 결정,2026-04-30
대통령령으로 정하는 기준,정의함,LOGICAL,위반사항을 시정하기 위한 방법과 시기 등을 결정하여 집합투자업자에게 통지할 것,제247조제4항,0.9,시정 방법 결정|통지,2026-04-30
신탁업자,요구함,ACTION,집합투자재산 명세서와 보관·관리 중인 집합투자재산의 내역이 일치하는지 여부,제95조제2항제1호,0.95,집합투자재산 명세서|보관·관리 중인 집합투자재산의 내역,2026-04-30
집합투자증권의 추가발행,요구함,ACTION,기존 투자자의 이익을 해칠 염려가 없음을 확인,제242조제1항제2호,0.9,추가발행|이익 해칠 염려|확인,2026-04-30
자산보관ㆍ관리보고서,정의함,LOGICAL,법,270,0.85,자산보관ㆍ관리보고서|법,2026-04-30
대통령령으로 정하는 경우,정의함,LOGICAL,투자자가 자산보관ㆍ관리보고서를 받기를 거부한다는 의사를 서면으로 표시한 경우,제248조제1항,0.95,대통령령으로 정하는 경우|투자자 거부 의사 서면 표시,2026-04-30
대통령령으로 정하는 경우,정의함,LOGICAL,신탁업자가 금융위원회가 정하여 고시하는 방법에 따라 다음 각 목의 어느 하나에 해당하는 집합투자기구의 자산보관ㆍ관리보고서를 공시하는 경우,제248조제1항,0.95,대통령령으로 정하는 경우|신탁업자 공시 자산보관ㆍ관리보고서,2026-04-30
집합투자증권 평가금액,정의함,LOGICAL,투자자가 소유하고 있는 집합투자증권의 평가금액이 10만원 이하인 경우로서 집합투자규약에서 자산보관ㆍ관리 보고서를 교부하지 아니한다고 정하고 있는 경우,제230조제3항,0.95,집합투자증권|평가금액|상장지수집합투자기구|자산보관ㆍ관리 보고서|10만원 이하,2026-04-30
신탁업자,교부,ACTION,자산보관ㆍ관리보고서,제84조제1항,0.95,자산보관ㆍ관리보고서 교부,2026-04-30
신탁업자,예외로함,LOGICAL,전자우편 주소가 없는 경우,제84조제1항,0.85,전자우편 주소가 없음,2026-04-30
제89조제2항제1호 및 제3호,갈음할 수 있다,LOGICAL,공시,Unknown,0.9,제89조제2항제1호 및 제3호|공시,2026-04-30
투자자,따라야 한다,ACTION,우편발송,Unknown,0.9,투자자|우편발송,2026-04-30
신탁업자,부담한다,ACTION,비용,Unknown,0.9,신탁업자|비용,2026-04-30
금융위원회,정하여 고시한다,ACTION,"자산보관ㆍ관리보고서의 서식과 작성방법, 그 밖에 필요한 사항",Unknown,0.9,"금융위원회|자산보관ㆍ관리보고서의 서식과 작성방법, 그 밖에 필요한 사항",2026-04-30
투자자,정의함,LOGICAL,일반사모집합투자기구의 투자자,제271조,0.9,투자자 정의|일반사모집합투자기구,2026-04-30
투자자,정의함,LOGICAL,대통령령으로 정하는 투자자,제249조의2제1호,0.95,투자자 정의|대통령령 정의,2026-04-30
대통령령으로 정하는 투자자,포함함,LOGICAL,국가,제249조의2제1호,0.9,대통령령 정의|국가,2026-04-30
대통령령으로 정하는 투자자,포함함,LOGICAL,한국은행,제249조의2제1호,0.9,대통령령 정의|한국은행,2026-04-30
주권상장법인,정의함,LOGICAL,자,제10조제2항,0.95,주권상장법인|자,2026-04-30
자,정의함,LOGICAL,제10조제3항제1호부터 제8호까지 및 제13호부터 제18호까지의 어느 하나에 해당하는 자,제10조제3항,0.95,자|정의,2026-04-30
대통령령으로 정하는 금액,정의함,LOGICAL,각 호의 구분에 따른 금액,제249조의2제2호,0.95,대통령령으로 정하는 금액|각 호의 구분에 따른 금액,2026-04-30
투자자,요구함,ACTION,투자 금액 제한,제249조의7제1항,0.95,투자 금액 제한,2026-04-30
투자 금액 제한,예외로함,LOGICAL,3억원,제249조의7제1항,0.9,제1호|200% net assets,2026-04-30
투자 금액 제한,예외로함,LOGICAL,5억원,제249조의7제1항,0.9,제1호 외,2026-04-30
등록의 요건,참조함,STRUCTURE,법,제271조의2,0.7,등록의 요건|법,2026-04-30
대통령령으로 정하는 금융회사,정의함,LOGICAL,"한국산업은행, 중소기업은행, 한국수출입은행, 수협은행, 농협은행, 기타 금융회사",제249조의3제2항제1호가목,0.95,정의|금융회사,2026-04-30
일반 사모집합투자업 등록,요구함,ACTION,등록이 직권말소되지 않도록,제20조의2,0.85,일반 사모집합투자업 등록|직권말소,2026-04-30
제2호에 해당하는 자,요구함,ACTION,임원 또는 대주주가 아니도록,제20조의2,0.8,제2호에 해당하는 자|임원|대주주,2026-04-30
대통령령으로 정하는 금액,정의함,LOGICAL,10억원,제249조의3제2항제2호,0.95,대통령령으로 정하는 금액|10억원,2026-04-30
대주주,요구함,ACTION,요건을 갖출 것,제12조제2항제6호가목,0.85,요건|조건,2026-04-30
대주주,예외로함,LOGICAL,라목은 제외한다,제12조제2항제6호가목,0.8,예외|라목 제외,2026-04-30
금융위원회,완화,ACTION,제5항 각 호의 요건,제20조의2,0.95,요건 완화|제5항 요건,2026-04-30
자,등록하려는,ACTION,일반 사모집합투자업,제8조제9항,0.95,일반 사모집합투자업 등록|자,2026-04-30
일반 사모집합투자업자,합병ㆍ분할하거나 분할합병하는,ACTION,다른 회사,제8조제9항,0.85,합병|분할|분할합병,2026-04-30
경영건전성기준 등 대통령령으로 정하는 건전한 재무상태,정의함,LOGICAL,정의된 내용,제249조의3제2항제6호,0.95,경영건전성기준|대통령령|건전한 재무상태,2026-04-30
경영건전성기준 등 대통령령으로 정하는 건전한 재무상태,상위조항,STRUCTURE,제249조의3제2항제6호,제249조의3제2항제6호,0.9,경영건전성기준|대통령령|건전한 재무상태,2026-04-30
사항,정의함,LOGICAL,제16조제8항제1호 에 따른 사항,제16조제8항제1호,0.95,정의|사항,2026-04-30
건전한 사회적 신용,정의함,LOGICAL,다음 각 호의 요건,제249조의3제2항제6호,0.95,건전한 사회적 신용|요건,2026-04-30
건전한 사회적 신용,참조함,STRUCTURE,제2항제2호 및 제3호의 요건,제249조의3제2항제6호,0.9,건전한 사회적 신용|제2항제2호 및 제3호의 요건,2026-04-30
요건,참조함,STRUCTURE,제16조제8항제2호의 요건 ⑨,제16조제8항제2호의 요건 ⑨,0.9,요건|제16조제8항제2호,2026-04-30
체계,적합,ACTION,기준,제249조의3제2항제7호,0.95,이해상충 방지 체계|기준|법,2026-04-30
체계,정의함,LOGICAL,이해상충 방지 체계,제249조의3제2항제7호,0.9,이해상충 방지 체계,2026-04-30
이해상충,갖출,ACTION,적절한 내부통제기준,제44조,0.95,이해상충|내부통제기준,2026-04-30
적절한 체계,갖출,ACTION,정보의 교류를 차단할 수 있는,제45조제1항 및 제2항,0.95,정보의 교류 차단|적절한 체계,2026-04-30
외국 집합투자업자,본다,LOGICAL,하나의 일반 사모집합투자업자,제45조제1항 및 제2항,0.9,외국 집합투자업자|일반 사모집합투자업자,2026-04-30
외국 집합투자업자,제출해야 한다,ACTION,관련 자료,제45조제1항 및 제2항,0.9,외국 집합투자업자|관련 자료,2026-04-30
필요한 구체적인 기준,정하여 고시한,LOGICAL,금융위원회,제45조제1항 및 제2항,0.85,필요한 구체적인 기준|금융위원회,2026-04-30
제271조의3,상위조항,STRUCTURE,제271조,제271조의3,0.9,등록유지요건의 완화 등,2026-04-30
완화된 요건,정의함,LOGICAL,다음 각 호의 구분에 따른 요건,제249조의3제8항,0.95,완화된 요건|대통령령으로 정하는|구분,2026-04-30
일반 사모집합투자 업자,요구함,ACTION,별표 3의 해당 등록업무 단위 최저자기자본의 100분의 70 이상을 유지,제249조의3제2항제2호,0.95,최저자기자본|70% 유지,2026-04-30
유지요건,정의함,LOGICAL,매 월말을 기준으로 적용,제249조의3제2항제2호,0.9,유지요건|월말 기준,2026-04-30
일반 사모집합투자 업자,간주함,LOGICAL,유지요건에 적합한 것으로 본다 (6개월간),제249조의3제2항제2호,0.85,유지요건 미달|6개월 예외,2026-04-30
대주주,요구함,ACTION,요건을 유지할 것,제249조의3제2항제5호,0.95,요건 유지|대주주,2026-04-30
대주주,예외로함,LOGICAL,별표 2 제1호부터 제3호까지 또는 제5호(라목은 제외),제249조의3제2항제5호,0.85,대주주|별표 2,2026-04-30
요건,변형함,LOGICAL,"""최근 5년간"" → ""최대주주가 최근 5년간"", ""벌금형"" → ""5억원의 벌금형""",제249조의3제2항제5호,0.8,요건|변형,2026-04-30
최대주주,정의함,LOGICAL,외국 집합투자업자,제249조의3제2항제5호,0.95,최대주주 정의|외국 집합투자업자,2026-04-30
외국 집합투자업자,요구함,ACTION,이 호 나목의 요건,제249조의3제2항제5호,0.9,요건 유지|외국 집합투자업자,2026-04-30
등록,참조함,STRUCTURE,법,제271조의4,0.8,등록|법,2026-04-30
확인,요구함,ACTION,법인 등기사항증명서,제36조제1항,0.9,확인|법인 등기사항증명서,2026-04-30
금융위원회,확인,ACTION,일반 사모집합투자업 등록의 신청내용에 관한 사실 여부,제36조제1항,0.85,금융위원회|일반 사모집합투자업 등록|신청내용,2026-04-30
금융위원회,요구함,ACTION,등록요건 충족 여부 검토,제249조의3,0.95,등록요건 검토,2026-04-30
제249조의3,참조함,STRUCTURE,제249조의3제2항,제249조의3,0.95,제249조의3제2항,2026-04-30
일반사모집합투자기구의 투자권유,정의함,LOGICAL,제271조의5,제271조의5,0.95,일반사모집합투자기구의 투자권유|정의,2026-04-30
대통령령으로 정하는 사항,정의함,LOGICAL,"집합투자기구, 집합투자업자, 신탁업자 및 일반사무관리회사의 명칭",제249조의4제2항,0.95,정의함|대통령령으로 정하는 사항,2026-04-30
대통령령으로 정하는 사항,정의함,LOGICAL,"투자목적, 투자전략, 투자방침 및 투자대상자산",제249조의4제2항,0.95,정의함|대통령령으로 정하는 사항,2026-04-30
대통령령으로 정하는 사항,정의함,LOGICAL,집합투자재산의 운용에 따른 위험도 및 위험요소,제249조의4제2항,0.95,정의함|대통령령으로 정하는 사항,2026-04-30
대통령령으로 정하는 사항,정의함,LOGICAL,집합투자증권의 환매,제249조의4제2항,0.95,정의함|대통령령으로 정하는 사항,2026-04-30
대통령령으로 정하는 사항,정의함,LOGICAL,그 밖에 제1호부터 제4호까지의 사항에 준하는 것으로서 투자자 보호를 위해 금융위원회가 정하여 고시하는 사 항,제249조의4제2항,0.95,정의함|대통령령으로 정하는 사항,2026-04-30
대통령령으로 정하는 경우,정의함,LOGICAL,착오·오기 또는 누락임이 명백한 사항을 변경하는 경우,제249조의4제2항,0.95,대통령령으로 정하는 경우|정의,2026-04-30
대통령령으로 정하는 경우,정의함,LOGICAL,단순한 자구수정이나 명칭을 변경하는 경우,제249조의4제2항,0.95,대통령령으로 정하는 경우|정의,2026-04-30
대통령령으로 정하는 경우,정의함,LOGICAL,법령의 제정·개정에 따라 변경하는 경우,제249조의4제2항,0.95,대통령령으로 정하는 경우|정의,2026-04-30
대통령령으로 정하는 경우,정의함,LOGICAL,그 밖에 제1호부터 제3호까지의 경우에 준하는 것으로서 금융위원회가 정하여 고시하는 사항을 변경하는 경우,제249조의4제2항,0.95,대통령령으로 정하는 경우|정의,2026-04-30
대통령령으로 정하는 경우,정의함,LOGICAL,금융위원회가 정하여 고시하는 사항을 변경하는 경우,제249조의4제2항,0.95,대통령령으로 정하는 경우|정의,2026-04-30
핵심상품설명서 부합 여부,정의함,LOGICAL,핵심상품설명서가 그 일반 사모집합투자기구의 집합투자규약과 부합하는지 여부 등 대통령령으로 정하는 사항,제249조의4제3항,0.95,핵심상품설명서 부합 여부|대통령령으로 정하는 사항,2026-04-30
금융위원회,정함,ACTION,핵심상품설명서 검증 항목,제249조의4제2항,0.95,핵심상품설명서 검증|정함,2026-04-30
대통령령으로 정하는 자,정의함,LOGICAL,대통령령으로 정하는 자,제249조의4제4항,0.95,정의함|대통령령으로 정하는 자,2026-04-30
대통령령으로 정하는 방법,정의함,LOGICAL,"서면 교부, 우편(전자우편을 포함한다), 휴대전화 문자메시지나 이에 준하는 전자적 의사표시",제249조의4제4항,0.95,정의|대통령령으로 정하는 방법,2026-04-30
대통령령으로 정하는 중요한 사항,정의함,LOGICAL,각 호의 사항,제249조의4제4항,0.9,정의|대통령령으로 정하는 중요한 사항,2026-04-30
대통령령으로 정하는 중요한 사항,정의함,LOGICAL,제1항제1호의 사항,제249조의4제4항,0.9,정의|대통령령으로 정하는 중요한 사항,2026-04-30
대통령령으로 정하는 중요한 사항,정의함,LOGICAL,제1항제2호의 사항 중 집합투자기구의 투자전략 및 투자대상자산에 관한 사항,제249조의4제4항,0.9,정의|대통령령으로 정하는 중요한 사항,2026-04-30
대통령령으로 정하는 중요한 사항,정의함,LOGICAL,제1항제3호의 사항,제249조의4제4항,0.9,정의|대통령령으로 정하는 중요한 사항,2026-04-30
대통령령으로 정하는 중요한 사항,정의함,LOGICAL,그 밖에 투자자의 투자판단에 영향을 미칠 수 있는 중요한 사항으로서 금융위원회가 정하여 고시하는 사항,제249조의4제4항,0.9,정의|대통령령으로 정하는 중요한 사항,2026-04-30
일반투자자를 대상으로 일반사모집합투자기구의 집합투자증권을 판매한 자,확인해야 한다,ACTION,해당 집합투자증권을 발행한 집합투자업자의 운용행위가 핵심상품설명서에 부합하는지 여부,제249조의4제5항,0.95,확인|운용행위 부합 여부,2026-04-30
일반투자자를 대상으로 일반사모집합투자기구의 집합투자증권을 판매한 자,분석ㆍ평가,ACTION,자산 운용보고서,제249조의4제5항,0.9,분석|평가|자산 운용보고서,2026-04-30
제249조의4제5항,참조함,STRUCTURE,이 조항,제249조의4제5항,0.9,제249조의4제5항|참조,2026-04-30
교부 요청,응하다,ACTION,자산운용보고서,제249조의4제5항,0.9,교부 요청|응하다|자산운용보고서,2026-04-30
집합투자업자,보고 및 통보,ACTION,금융위원회 및 투자자,제249조의4제6항,0.95,보고 및 통보|집합투자업자 의무,2026-04-30
집합투자업자,통보방법,STRUCTURE,제5항제2호 및 제3호,제249조의4제6항,0.9,통보방법|제5항제2호 및 제3호,2026-04-30
보고 및 통보,내용,LOGICAL,"핵심상품설명서 부합하지 않는 사항 및 이유, 운용행위 철회·변경·시정 요구 일시·기간·내용, 집합투자증권 판매자 철회·변경·시정 요구 처리 결과",제249조의4제6항,0.85,보고 내용|핵심상품설명서|운용행위|집합투자증권,2026-04-30
대통령령으로 정한 기준,정의함,LOGICAL,집합투자업자의 운용행위가 핵심상품설명서에 부합하는지 여부,제249조의4제7항,0.95,대통령령으로 정한 기준|정의,2026-04-30
대통령령으로 정한 기준,정의함,LOGICAL,집합투자증권을 판매한 자가 집합투자업자에게 통지한 운용행위의 철회·변경 또는 시정 요구가 관련 절차 및 요건을 갖추었는지 여부,제249조의4제7항,0.95,대통령령으로 정한 기준|정의,2026-04-30
대통령령으로 정한 기준,정의함,LOGICAL,집합투자업자의 운용행위가 금융관계법령에 위반되는지 여부,제249조의4제7항,0.95,대통령령으로 정한 기준|정의,2026-04-30
금융위원회,정하여 고시한다,ACTION,"핵심상품설명서의 작성·검증, 집합투자업자의 운용행위 확인·조치 및 이의신청의 절차·방법 등에 관하여 필요한 세부사항",제249조의4제7항,0.9,금융위원회|정의,2026-04-30
일반사모집합투자기구,금지함,ACTION,투자광고,제271조의6,0.95,일반사모집합투자기구|투자광고,2026-04-30
일반사모집합투자기구,허용함,ACTION,투자광고,제249조의7제1항,0.95,투자광고|허용|조건,2026-04-30
대통령령으로 정하는 금액,정의함,LOGICAL,다음 각 호 의 구분에 따른 금액,제249조의5제1항,0.95,정의|금액,2026-04-30
일반사모집합투자기구,금액제한,LOGICAL,자산총액에서 부채총액을 뺀 가액의 100분의 200 이하,제249조의7제1항,0.9,자산총액|부채총액|200%|제한,2026-04-30
일반사모집합투자기구,금액제한,LOGICAL,3억원 (1호),제249조의7제1항,0.9,1호|3억원|금액제한,2026-04-30
일반사모집합투자기구,금액제한,LOGICAL,5억원 (1호 외),제249조의7제1항,0.9,1호 외|5억원|금액제한,2026-04-30
일반사모집합투자기구,요구함,ACTION,설정ㆍ설립 요건,제271조의7,0.7,설정|설립 요건,2026-04-30
대통령령으로 정하는 요건,정의함,LOGICAL,다음 각 호의 구분에 따른 요건,제249조의6제1항제4호,0.95,대통령령으로 정하는 요건|다음 각 호의 구분에 따른 요건,2026-04-30
투자회사의 경우,정의함,LOGICAL,감독이사가 「금융회사의 지배구조에 관한 법률」을 준수해야 함,제249조의6제1항제4호,0.9,투자회사의 경우|감독이사|금융회사의 지배구조에 관한 법률,2026-04-30
감독이사,요구함,ACTION,금융회사의 지배구조에 관한 법률을 준수,제249조의6제1항제4호,0.9,감독이사|금융회사의 지배구조에 관한 법률,2026-04-30
설립 당시의 자본금,이상일 것,ACTION,1억원 이상 및 금융위원회가 정하여 고시하는 금액 이상,Unknown,0.95,자본금|1억원|금융위원회 고시 금액,2026-04-30
설립 당시의 자본금 또는 출자금,이상일 것,ACTION,1억원 이상 및 금융위원회가 정하여 고시하는 금액 이상,Unknown,0.95,자본금|출자금|1억원|금융위원회 고시 금액,2026-04-30
제5조제1항 각 호의 어느 하나에 해당하지 아니할 것,제한함,STRUCTURE,감독이 사를 선임하는 경우,Unknown,0.9,제5조제1항|감독|사 선임,2026-04-30
변경보고의 적용 제외,예외로함,LOGICAL,변경보고,제271조의8,0.9,변경보고의 적용 제외|예외,2026-04-30
제271조의8,상위조항,STRUCTURE,제271조,제271조의8,0.95,제271조의8|제271조,2026-04-30
대통령령으로 정하는 경우,정의함,LOGICAL,법 및 이 영의 개정이나 금융위원회의 명령에 따라 보고한 사항을 변경하는 경우,제249조의6제4항,0.95,대통령령으로 정하는 경우|법 및 이 영의 개정|금융위원회 명령|보고한 사항 변경,2026-04-30
대통령령으로 정하는 경우,정의함,LOGICAL,보고한 사항의 단순한 자구수정 등 금융위원회가 정하여 고시하는 경미한 사항을 변경하는 경우,제249조의6제4항,0.95,대통령령으로 정하는 경우|자구수정|경미한 사항|금융위원회 고시,2026-04-30
보고,정의함,LOGICAL,보고의 방법 및 절차 등,제271조의9,0.85,보고|방법 및 절차,2026-04-30
일반사모집합투자기구의 집합투자업자,요구함,ACTION,보고서 제출,Unknown,0.95,집합투자업자|보고서|제출,2026-04-30
보고서,포함함,LOGICAL,각 호의 사항,Unknown,0.9,보고서|각 호의 사항,2026-04-30
각 호의 사항,포함함,LOGICAL,"1. 집합투자기구의 명칭, 2. 투자목적ㆍ투자방침 및 투자전략에 관한 사항, 3. 투자위험요소에 관한 사항, 4. 집합투자업자에 관한 사항, 5. 집합투자재산의 운용에 관한 사항, 6. 신탁업자에 관한 사항, 7. 종합금융투자사업자에 관한 사항, 8. 그 밖에 투자자를 보호하기 위하여 필요한 사항",Unknown,0.85,각 호의 사항|집합투자기구의 명칭|투자목적|투자위험요소|집합투자업자|집합투자재산|신탁업자|종합금융투자사업자|투자자 보호,2026-04-30
일반사모집합투자기구의 집합투자업자,준용함,STRUCTURE,제249조의6제2항,제249조의6제2항,0.9,집합투자업자|제249조의6제2항,2026-04-30
제249조의6제2항,참조함,STRUCTURE,제249조의6제4항,제249조의6제2항,0.85,참조|정의,2026-04-30
일반사모집합투자기구,정의함,LOGICAL,집합투자재산을 운용하는 일반사모집합투자기구,249조의7제5항,0.95,일반사모집합투자기구 정의|집합투자재산 운용,2026-04-30
일반사모집합투자기구,운용한다,ACTION,집합투자재산,249조의7제5항,0.9,일반사모집합투자기구 운용|집합투자재산,2026-04-30
상호출자 제한기업집단,정의함,LOGICAL,계열회사가 일반사모집합투자기구의 집합투자증권 총수의 100분의 30 이상으로서 금융위원회가 정하는 비율 이상을 투자하는 경우,제19조제1항,0.9,상호출자 제한기업집단 정의|계열회사 투자 비율,2026-04-30
계열회사,투자함,ACTION,일반사모집합투자기구의 집합투자증권 총수의 100분의 30 이상,제19조제1항,0.85,계열회사 투자|투자 비율,2026-04-30
일반사모집합투자기구를 설정ㆍ설립한 집합투자업자 또는 투자회사등의 특수관계인,투자함,ACTION,일반사모집합투자기구의 집합투자증권 총수의 100분의 30 이상,제19조제1항,0.85,특수관계인 투자|투자 비율,2026-04-30
투자신탁 또는 투자익명조합의 집합투자업자,투자함,ACTION,일반사모집합투자기구의 집합투자증권 총수의 100분의 30 이상,제19조제1항,0.8,투자신탁 투자|투자 비율,2026-04-30
투자회사등,투자함,ACTION,일반사모집합투자기구의 집합투자증권 총수의 100분의 30 이상,제19조제1항,0.8,투자회사 투자|투자 비율,2026-04-30
신탁업자,투자함,ACTION,일반사모집합투자기구의 집합투자증권 총수의 100분의 30 이상,제19조제1항,0.8,신탁업자 투자|투자 비율,2026-04-30
투자자,요구함,ACTION,법인 등기사항증명서 확인,제36조제1항,0.95,법인 등기사항증명서 확인,2026-04-30
법인 등기사항증명서 확인,통하여,STRUCTURE,행정정보의 공동이용,제36조제1항,0.9,법인 등기사항증명서 확인|행정정보의 공동이용,2026-04-30
변경보고,구조,STRUCTURE,제249조의6제4항에 따른,249조의6제4항,0.95,변경보고|제249조의6제4항,2026-04-30
변경보고,요구함,ACTION,변경사유 및 변경내용 기재,249조의6제4항,0.95,변경사유|변경내용|기재,2026-04-30
변경보고,요구함,ACTION,증명 서류 첨부,249조의6제4항,0.95,증명 서류|첨부,2026-04-30
보고서,확인하여야 한다,ACTION,사실 여부,제249조의6,0.95,보고서|사실 여부,2026-04-30
보고서의 서식과 작성방법 등에 관하여 필요한 사항,정하여 고시한다,ACTION,금융위원회,제249조의6,0.95,보고서 서식|작성방법|필요한 사항,2026-04-30
일반사모집합투자기구의 집합투자재산 운용방법,정의함,LOGICAL,법,제271조의10,0.7,일반사모집합투자기구의 집합투자재산 운용방법|법,2026-04-30
대통령령으로 정하는 비율,정의함,LOGICAL,100분의 400,제249조의7제1항,0.99,대통령령으로 정하는 비율|정의,2026-04-30
실질적인 차입금의 총액,정의함,LOGICAL,다음 각 호의 금액을 합산한 금액,제249조의7제1항제4호,0.95,실질적인 차입금의 총액|합산,2026-04-30
실질적인 차입금의 총액,정의함,LOGICAL,증권을 환매조건부매도하는 경우 그 매도금액,제249조의7제1항제4호,0.9,증권을 환매조건부매도|매도금액,2026-04-30
실질적인 차입금의 총액,정의함,LOGICAL,증권을 차입하여 매도하는 경우 그 매도금액,제249조의7제1항제4호,0.9,증권을 차입하여 매도|매도금액,2026-04-30
대통령령으로 정하는 부동산,정의함,LOGICAL,부동산,제249조의7제2항제1호,0.99,대통령령으로 정하는 부동산|부동산,2026-04-30
선착순 공급 주택,정의함,LOGICAL,제54조에 따른 사업주체가 같은 조에 따라 공급하는 주택으로서 입주자모집공고에 따른 입주자의 계약일이 지난 주택단지에서 분양계약이 체결되지 아니하여 선착순의 방법으로 공급하는 주택,54,0.95,선착순 공급 주택 정의,2026-04-30
선착순 공급 주택,정의함,LOGICAL,집합투자규약에서 정하는 기간,54,0.9,집합투자규약 기간 정의,2026-04-30
선착순 공급 주택,참조함,STRUCTURE,제54조,54,0.9,제54조 참조,2026-04-30
선착순 공급 주택,참조함,STRUCTURE,집합투자규약,54,0.9,집합투자규약 참조,2026-04-30
대통령령으로 정하는 경우,정의함,LOGICAL,일반사모집합투자기구가 합병ㆍ해지 또는 해산되는 경우,제249조의7제2항제1호,0.95,대통령령으로 정하는 경우|정의,2026-04-30
대통령령으로 정하는 경우,정의함,LOGICAL,부동산개발사업을 하기 위하여 토지를 취득 한 후 관련 법령의 제정ㆍ개정 또는 폐지 등으로 인하여 사업성이 뚜렷하게 떨어져서 부동산개발사업을 수행하는 것이 곤란하다고 객관적으로 증명되어 그 토지의 처분이 불가피한 경우,제249조의7제2항제2호,0.95,대통령령으로 정하는 경우|부동산개발사업|토지의 처분이 불가피한 경우,2026-04-30
그 밖에 대통령령으로 정하는 자,정의함,LOGICAL,중소기업창업 지원법 시행령,제249조의7제2항제3호,0.95,정의|대통령령,2026-04-30
업종을 영위하는 자,정의함,LOGICAL,자,제4조,0.95,업종을 영위하는 자|자,2026-04-30
대부업 등의 등록 및 금융이용자 보호에 관한 법률,참조함,STRUCTURE,제249조의7제2항제3호,제249조의7,0.95,대부업 등의 등록 및 금융이용자 보호에 관한 법률|제249조의7제2항제3호,2026-04-30
대부업자 등 대통령령으로 정하는 자,정의함,LOGICAL,대부업자,제3조,0.95,대부업자,2026-04-30
대부업자 등 대통령령으로 정하는 자,정의함,LOGICAL,온라인투자연계금융업자,제3조,0.95,온라인투자연계금융업자,2026-04-30
자,정의함,LOGICAL,각 호에 해당하는 자,제10조제2항,0.95,자|제10조제2항,2026-04-30
자,참조함,STRUCTURE,제10조제2항,제10조제2항,0.9,제10조제2항,2026-04-30
주권상장법인,요구함,ACTION,자료 제출,"제10조제3항제1호부터 제6호까지, 제6호의2, 제7호부터 제14호까지 또는 제18호에 해당하는 자 3",0.95,주권상장법인|자료 제출,2026-04-30
주권상장법인,요구함,ACTION,금융위원회에 기준 충족 증명 자료 제출,"제10조제3항제1호부터 제6호까지, 제6호의2, 제7호부터 제14호까지 또는 제18호에 해당하는 자 3",0.9,금융위원회|자료 제출|기준 충족,2026-04-30
주권상장법인,요구함,ACTION,금융투자상품 잔고 100억원 이상 (외부감사 주식회사의 경우 50억원),"제10조제3항제1호부터 제6호까지, 제6호의2, 제7호부터 제14호까지 또는 제18호에 해당하는 자 3",0.85,금융투자상품 잔고|100억원|외부감사,2026-04-30
주권상장법인,요구함,ACTION,자료 제출 후 2년 이내 유효,"제10조제3항제1호부터 제6호까지, 제6호의2, 제7호부터 제14호까지 또는 제18호에 해당하는 자 3",0.8,자료 제출|2년|유효기간,2026-04-30
대통령령으로 정하는 경우,정의함,LOGICAL,국내외 부동산의 취득ㆍ개발ㆍ임대ㆍ운영ㆍ관리ㆍ개량 및 이에 준하는 사업을 하거나 해당 사업에 투자하는 경우,제249조의7제2항제4호,0.95,대통령령으로 정하는 경우|국내외 부동산 사업,2026-04-30
제80조제1항제5호다목,참조함,STRUCTURE,특별자산(이와 유사한 외국자산을 포함한다),제80조제1항제5호다목,0.95,제80조제1항제5호다목|특별자산,2026-04-30
투자자,요구함,ACTION,특별자산(이와 유사한 외국자산을 포함한다)의 취득ㆍ신설ㆍ증설ㆍ개량ㆍ운영 및 이에 준하는 사업,제80조제1항제5호다목,0.9,투자자|특별자산|사업,2026-04-30
투자자,요구함,ACTION,해당 사업에 투자,제80조제1항제5호다목,0.85,투자자|사업,2026-04-30
특별자산,정의함,LOGICAL,특별자산(이와 유사한 외국자산을 포함한다),제80조제1항제5호다목,0.8,특별자산,2026-04-30
외국 투자대상자산의 취득을 목적으로 설립된 외국법인 등 대통령령으로 정하는 법인,정의함,LOGICAL,외국 투자대상자산의 취득을 목적으로 설립된 외국법인(「주식회사 등의 외부감사에 관한 법률 시 행령」),제249조의7제2항제5호,0.95,정의|외국 투자대상자산|외국법인,2026-04-30
외국법인,정의함,LOGICAL,종속회사에 상당하는 외국회사를 포함하고 국내에 투자하거나 소유하고 있는 자산을 합한 금액이 총자산의 30% 미만인 외국법인,제3조제1항,0.95,외국법인|종속회사|국내 투자|총자산의 30% 미만,2026-04-30
일반사모집합투자기구,요구함,ACTION,보고(항 각 호의 사항),제249조의7제3항,0.95,보고|항 각 호의 사항,2026-04-30
일반사모집합투자기구,요구함,ACTION,보고(1개월 이내),제249조의7제3항,0.9,보고|1개월 이내,2026-04-30
금융위원회,정함,STRUCTURE,서식 및 절차,제249조의7제3항,0.9,서식 및 절차|금융위원회,2026-04-30
대통령령으로 정하는 사항,정의함,LOGICAL,제2항 각 호의 실질적인 차입금 현황,제249조의7제3항제4호,0.95,정의|대통령령으로 정하는 사항,2026-04-30
금융위원회,정하는,ACTION,고시하는 사항,제249조의7제1항,0.95,비율 현황|금전대여 현황|위험요인 및 관리방안,2026-04-30
비율 현황,산정한,ACTION,제249조의7제1항,제249조의7제1항,0.9,비율 현황,2026-04-30
대통령령으로 정한 사유,정의함,LOGICAL,다음 각 호의 어느 하나에 해당하는 경우,제249조의7제4항,0.95,대통령령으로 정한 사유|정의,2026-04-30
각 호 외의 부분 본문,초과한 경우,LOGICAL,한도,249.1,0.95,한도 초과|법적 강제성,2026-04-30
제249조의7제1항,참조함,STRUCTURE,법,249.1,0.9,법적 강제성|참조,2026-04-30
부실자산,발생,LOGICAL,부실자산이 발생한 경우,제89조제1항제3호,0.9,부실자산 발생,2026-04-30
환매연기 또는 환매재개 결정,있음,LOGICAL,결정이 있는 경우,제89조제1항제3호,0.85,환매연기|환매재개,2026-04-30
환매금지형 집합투자기구,만기 변경 또는 만기상환 거부 결정이 있는 경우,LOGICAL,결정이 있는 경우,제89조제1항제3호,0.85,환매금지형 집합투자기구|만기 변경|만기상환 거부,2026-04-30
제89조제1항제3호,근거함,STRUCTURE,법,제89조제1항제3호,0.95,법,2026-04-30
대통령령으로 정하는 회사,정의함,LOGICAL,자산유동화에 관한 법률에 따른 유동화전문회사,제249조의7제5항,0.95,정의|대통령령|회사,2026-04-30
대통령령으로 정하는 회사,정의함,LOGICAL,부동산투자회사법에 따른 부동산투자회사,제249조의7제5항,0.95,정의|대통령령|회사,2026-04-30
대통령령으로 정하는 회사,정의함,LOGICAL,선박투자회사법에 따른 선박투자회사,제249조의7제5항,0.95,정의|대통령령|회사,2026-04-30
대통령령으로 정하는 회사,정의함,LOGICAL,문화산업진흥 기본법에 따른 문화산업전문회사,제249조의7제5항,0.95,정의|대통령령|회사,2026-04-30
대통령령으로 정하는 회사,정의함,LOGICAL,제11항에 따른 외국법인,제249조의7제5항,0.95,정의|대통령령|회사,2026-04-30
대통령령으로 정하는 회사,정의함,LOGICAL,그 밖에 제1호부터 제5호까지의 회사에 준하는 것으로서 금융위원회가 정하여 고시하는 회사,제249조의7제5항,0.95,정의|대통령령|회사,2026-04-30
대통령령으로 정하는 방법,정의함,LOGICAL,지분증권 또는 주권 관련 사채권의 공동 취득ㆍ처분,제249조의7제5항,0.95,정의|대통령령으로 정하는 방법,2026-04-30
대통령령으로 정하는 방법,정의함,LOGICAL,지분증권 또는 주권 관련 사채권의 상호 양도ㆍ양수,제249조의7제5항,0.95,정의|대통령령으로 정하는 방법,2026-04-30
대통령령으로 정하는 방법,정의함,LOGICAL,집합투자재산의 운용에 대한 의결권(의결권의 행사를 지시할 수 있는 권한을 포함한다)의 공동 행사,제249조의7제5항,0.95,정의|대통령령으로 정하는 방법,2026-04-30
대통령령으로 정하는 투자,정의함,LOGICAL,"투자계약을 통해 임원의 임면, 조직변경 또는 신규투자 등 주요 경영사항에 대해 권한을 행사할 수 있는 투자",제249조의7제5항제2호,0.95,대통령령으로 정하는 투자|투자계약|임원|주요 경영사항,2026-04-30
대통령령으로 정하는 투자,정의함,LOGICAL,투자를 통해 투자대상회사의 최대주주가 되는 투자(의결권 있는 발행주식총수 또는 출자총액의 100분의 10 미만 을 보유하는 경우로 한정한다),제249조의7제5항제2호,0.95,대통령령으로 정하는 투자|투자대상회사의 최대주주|의결권 있는 발행주식총수|출자총액의 100분의 10 미만,2026-04-30
금융위원회,정하여 고시한다,ACTION,일반사모집합투자기구 집합투자재산의 운용 및 금융위원회 보고의 절차ㆍ방법 등에 관한 세부사항,제249조의7제5항제2호,0.9,금융위원회|일반사모집합투자기구|집합투자재산|운용|보고|절차|방법,2026-04-30
다른 사모집합투자기구에 투자하는 집합투자기구,정의함,LOGICAL,사모집합투자기구에 해당하지 않는 집합투자기구,제249조의8제2항,0.95,다른 사모집합투자기구에 투자하는 집합투자기구|사모집합투자기구에 해당하지 않는 집합투자기구,2026-04-30
다른 사모집합투자기구에 투자하는 집합투자기구,정의함,LOGICAL,일반투자자를 대상으로 하는 일반사모집합투자기구,제249조의8제2항,0.95,다른 사모집합투자기구에 투자하는 집합투자기구|일반투자자를 대상으로 하는 일반사모집합투자기구,2026-04-30
대통령령으로 정하는 방법,정의함,LOGICAL,다음 각 호의 요건을 모두 충족하는 것,제249조의8제4항,0.95,요건 충족,2026-04-30
대통령령으로 정하는 방법,정의함,LOGICAL,다른 투자자 전원의 동의를 받을 것,제249조의8제4항,0.9,요건1,2026-04-30
다른 투자자 전원의 동의를 받을 것,예외로함,LOGICAL,주식백지신탁계약을 체결할 목적으로 설정된 투자신탁,제249조의8제4항,0.85,공직자윤리법 예외,2026-04-30
납부,참조함,STRUCTURE,제238조제1항,Unknown,0.9,납부|제238조제1항,2026-04-30
납부,정의함,LOGICAL,집합투자재산평가위원회가 정한 가격으로 납부할 것,Unknown,0.8,납부|집합투자재산평가위원회,2026-04-30
대통령령으로 정하는 것,정의함,LOGICAL,다음 각 호의 어느 하나에 해당하는 것,제249조의8제9항,0.95,정의|대통령령으로 정하는 것,2026-04-30
행위 2,근거함,STRUCTURE,제68조제5항제3호 또는 제10호,제68조제5항제3호,0.9,행위 2|제68조제5항제3호|제10호,2026-04-30
종합금융투자사업자,요구함,ACTION,집합투자증권을 판매,제68조제5항제13호,0.9,집합투자증권 판매|종합금융투자사업자,2026-04-30
집합투자증권 판매,정의함,LOGICAL,종합금융투자사업자에게 집합투자증권을 판매하는 행위,제68조제5항제13호,0.85,집합투자증권 판매|종합금융투자사업자,2026-04-30
집합투자증권 판매,참조함,STRUCTURE,제68조제5항제13호,제68조제5항제13호,0.8,집합투자증권 판매|제68조제5항제13호,2026-04-30
출자,예외로함,LOGICAL,집합투자증권 매수,제6조의3제3항제7호,0.92,출자|매수|집합투자증권,2026-04-30
법,정의함,LOGICAL,일반사모집합투자기구,제271조의12,0.6,일반사모집합투자기구에 대한 조치|법,2026-04-30
대통령령으로 정하는 법령,정의함,LOGICAL,정의,제249조의9제1항제4호,0.95,대통령령으로 정하는 법령|정의,2026-04-30
법령,정의함,LOGICAL,각 호의 법령,제373조제2항,0.95,법령|각 호의 법령,2026-04-30
제249조의9제1항제4호,정의함,LOGICAL,사회적 신용을 훼손하는 등 대통령령으로 정하는 경우,제249조의9제1항제4호,0.95,정의|사회적 신용 훼손,2026-04-30
사회적 신용을 훼손하는 등 대통령령으로 정하는 경우,참조함,STRUCTURE,제249조의9제1항제4호,제249조의9제1항제4호,0.9,참조|제249조의9제1항제4호,2026-04-30
해당 경우,정의함,LOGICAL,제373조제3항 각 호의 어느 하나에 해당하는 경우,제373조제3항,0.95,해당 경우|제373조제3항 각 호,2026-04-30
대통령령으로 정하는 경우,정의함,LOGICAL,업무와 관련하여 부정한 방법으로 타인으로부터 금전등을 받거나 타인에게 줄 금전등을 취득한 경우,제364조제1항제8호,0.95,정의|대통령령으로 정하는 경우,2026-04-30
피고인,보정하지 않다,ACTION,해당 조건 (1개월 이내),제253조제2항제1호,0.9,보정|업무정지|조건,2026-04-30
피고인,업무를 하다,ACTION,업무정지 기간 중,제253조제2항제1호,0.9,업무정지|업무,2026-04-30
피고인,계속하거나 반복하는,ACTION,같거나 비슷한 위법행위,제253조제2항제1호,0.9,위법행위|비슷한 위법행위,2026-04-30
피고인,처벌대상임,SANCTION,제253조제2항제1호에 따른 업무정지,제253조제2항제1호,0.9,업무정지|제253조제2항제1호,2026-04-30
대통령령으로 정하는 조치,정의함,LOGICAL,경영이나 업무방법의 개선요구나 개선권고,제249조의9제2항제7호,0.95,대통령령으로 정하는 조치 정의,2026-04-30
대통령령으로 정하는 조치,정의함,LOGICAL,변상 요구,제249조의9제2항제7호,0.95,대통령령으로 정하는 조치 정의,2026-04-30
대통령령으로 정하는 조치,정의함,LOGICAL,"그 밖에 금융위원회가 법 및 이 영, 그 밖의 관련 법령에 따라 취할 수 있는 조치",제249조의9제2항제7호,0.95,대통령령으로 정하는 조치 정의,2026-04-30
대통령령으로 정하는 조치,정의함,LOGICAL,제4항제3호부터 제5호까지의 조치,제249조의9제3항,0.95,대통령령으로 정하는 조치|제4항제3호부터 제5호까지의 조치,2026-04-30
대통령령으로 정하는 경우,정의함,LOGICAL,"별표 6 제1호부터 제9호까지, 제13호, 제16호 또는 제20호의 어느 하나에 해당하는 경우",제249조의9제3항제2호,0.95,대통령령으로 정하는 경우|정의,2026-04-30
기관전용사모집합투자기구,정의함,LOGICAL,법,제271조의13,0.9,기관전용사모집합투자기구|법,2026-04-30
보고서 제출,요구함,ACTION,금융위원회,제249조의10제4항,0.95,보고서 제출|제출|금융위원회,2026-04-30
보고서 제출,요구함,ACTION,보고서,제249조의10제4항,0.9,보고서 제출|제출|보고서,2026-04-30
보고서 제출,근거함,STRUCTURE,제249조의10제4항,제249조의10제4항,0.9,보고서 제출|제249조의10제4항,2026-04-30
보고서,첨부해야 한다,ACTION,서류,제249조의10제2항,0.95,보고서|서류|첨부,2026-04-30
보고서,제1항에 따른,STRUCTURE,제1항,제249조의10제2항,0.9,제1항,2026-04-30
업무집행사원,요구함,ACTION,서류,제249조의10,0.95,업무집행사원 서류,2026-04-30
업무집행사원,요구함,ACTION,최근 사업연도말 재무제표,제249조의10,0.95,업무집행사원 서류,2026-04-30
업무집행사원,요구함,ACTION,대주주의 성명·주민등록번호·소유주식수 등 대주주의 내역,제249조의10,0.95,업무집행사원 서류,2026-04-30
업무집행사원,요구함,ACTION,업무위탁계약서 사본,제249조의10,0.95,업무집행사원 서류,2026-04-30
업무집행사원,요구함,ACTION,금융시장의 안정 또는 건전한 거래질서 유지를 위해 필요한 기타 서류,제249조의10,0.95,업무집행사원 서류,2026-04-30
금융위원회,수신함,ACTION,제1항에 따른 보고서,제249조의10,0.9,제1항에 따른 보고서,2026-04-30
금융위원회,적용함,ACTION,전자정부법,제249조의10,0.9,전자정부법,2026-04-30
법인 등기사항증명서 확인,참조함,STRUCTURE,제36조제1항,제36조제1항,0.95,법인 등기사항증명서 확인|제36조제1항,2026-04-30
사실여부 확인,요구함,ACTION,사실여부,제249조의10제4항,0.95,사실여부 확인|보고의 내용,2026-04-30
제249조의10제4항,근거함,STRUCTURE,사실여부 확인,제249조의10제4항,0.9,제249조의10제4항|사실여부 확인,2026-04-30
기관전용사모집합투자기구,정의함,LOGICAL,집합투자재산을 운용하는 기관전용사모집합투자기구,제 249조의7제5항,0.95,정의|기관전용사모집합투자기구|집합투자재산 운용,2026-04-30
대통령령으로 정하는 경우,정의함,LOGICAL,다음 각 호의 어느 하나에 해당하는 사항이 변경 된 경우,제249조의10제6항,0.95,대통령령으로 정하는 경우|정의,2026-04-30
기관전용사모집합투자기구,요구함,ACTION,금융위원회,제249조의10,0.95,제6항 각 호의 사항이 변경된 경우|다음 달 10일 이내,2026-04-30
금융위원회,정하여 고시한다,ACTION,보고서 서식과 작성방법 등에 관한 사항,제249조의10,0.9,보고서 서식과 작성방법|필요한 사항,2026-04-30
제271조의14(사원 및 출자) ①,근거함,STRUCTURE,법,제271조의14,0.6,법,2026-04-30
지분 취득,정의함,LOGICAL,다른 사모집합투자기구가 그 기관전용 사모집합투자기구의 집합투자증권 발행총수의 100분의 10 이상을 취득하는 경우,제249조의11제2항,0.95,지분 취득|집합투자증권|100분의 10 이상|다른 사모집합투자기구,2026-04-30
지분 취득,정의함,LOGICAL,그 기관전용사모집합투자기구를 운용하는 업무집행사원이 둘 이상의 다른 기관전용사모집합투자기구를 함께 운용하는 경우로서 해당 둘 이상의 다른 기관전용사모집합투자기구가 그 기관전용사모집합투자기구의 집합투자증권 발행총수의 100분의 30 이상을 취득하는 경우,제249조의11제2항,0.9,지분 취득|100분의 30 이상|여러 기관전용사모집합투자기구|운용,2026-04-30
지분 취득,예외로함,LOGICAL,금융위원회가 정하여 고시하는 경우의 취득(여유자금의 효율적 운용을 위한 취득),제249조의11제2항,0.85,지분 취득|예외|금융위원회|고시,2026-04-30
자,정의함,LOGICAL,각 호의 어느 하나에 해당하는 자 2.,제10조제1항,0.95,자|각 호의 어느 하나에 해당하는 자 2,2026-04-30
고시자,정하고 고시함,LOGICAL,자,제10조제3항제12호,0.95,정하고 고시함|고시자 정의,2026-04-30
업무집행사원,정의함,LOGICAL,대통령령으로 정하는 업무집행사원의 업무,제249조의11제4항,0.95,업무집행사원|대통령령으로 정하는 업무집행사원의 업무,2026-04-30
각 목의 업무,정의함,LOGICAL,각 목의 업무,제271조의20제4항제6호,0.9,정의|각 목의 업무,2026-04-30
투자자,예외로함,LOGICAL,국가,제249조의11제6항제1호,0.9,국가|투자자,2026-04-30
투자자,예외로함,LOGICAL,한국은행,제249조의11제6항제1호,0.9,한국은행|투자자,2026-04-30
투자자,예외로함,LOGICAL,주권상장법인,제249조의11제6항제1호,0.9,주권상장법인|투자자,2026-04-30
자,정의함,LOGICAL,각 호의 자 5,제10조제2항,0.95,자|각 호의 자 5,2026-04-30
집합투자기구,정의함,LOGICAL,기관전용사모집합투자기구,제10조제3항,0.9,집합투자기구 정의|기관전용사모집합투자기구,2026-04-30
집합투자기구,정의함,LOGICAL,일반사모집합투자기구,제10조제3항,0.9,집합투자기구 정의|일반사모집합투자기구,2026-04-30
일반사모집합투자기구,정의함,LOGICAL,기관전용사모집합투자기구의 유한책임사원이 집합투자증권 전부를 보유하는,제10조제3항,0.8,일반사모집합투자기구 정의,2026-04-30
투자운용전문인력,정의함,LOGICAL,기관전용사모집합투자기구의 업무집행사원의 모회사,제249조의15제1항제3호,0.95,투자운용전문인력|기관전용사모집합투자기구의 업무집행사원|모회사,2026-04-30
모회사,정의함,LOGICAL,제342조의2제1항에 따른 모회사,제342조의2제1항,0.95,정의|모회사,2026-04-30
모회사,참조함,STRUCTURE,제342조의2제1항,제342조의2제1항,0.9,참조|제342조의2제1항,2026-04-30
재단법인,출연한,ACTION,출연금액,제10조제2항,0.95,출연금액|재단법인,2026-04-30
재단법인,요구함,ACTION,다음 각 목의 기준,제10조제2항,0.9,다음 각 목의 기준|재단법인,2026-04-30
재단법인,요구함,ACTION,월말 평균잔고 기준 500억원 이상 보유,제10조제2항,0.85,금융투자상품|보유|재단법인,2026-04-30
대통령령으로 정하는 비율,정의함,LOGICAL,100분의 30 이상으로서 금융위원회가 정하여 고시 하는 비율,제249조의11제8항,0.95,대통령령으로 정하는 비율 정의|금융위원회 고시 비율,2026-04-30
해당 유한책임사원 관련 정보 및 기관전용사모집합투자기구의 투자 구조 등 대통령령으로 정하는 사항,정의함,LOGICAL,"사원의 연혁, 목적, 영업실태 등 사원의 개황, 대표자 및 임원에 관한 사항(사원이 법인인 경우로 한정한다) 및 재무제표(연결재무제표를 작성하는 기업의 경우에는 연결재무제표를 포함한다)",제249조의11제8항,0.95,정의|대통령령으로 정하는 사항,2026-04-30
해당 유한책임사원 관련 정보 및 기관전용사모집합투자기구의 투자 구조 등 대통령령으로 정하는 사항,정의함,LOGICAL,사원별 출자 금액,제249조의11제8항,0.95,정의|대통령령으로 정하는 사항,2026-04-30
기관전용사모집합투자기구,요구함,ACTION,투자대상기업 개황,제271조의20제4항제6호,0.95,투자대상기업 개황|제공,2026-04-30
투자대상기업 개황,정의함,LOGICAL,"기업의 연혁ㆍ목적ㆍ영업실태, 대표자 및 임원에 관한 사항 및 재무제표(연결재무제표 포함)",제271조의20제4항제6호,0.9,투자대상기업 개황|기업 연혁|재무제표,2026-04-30
금융위원회,정하여 고시함,ACTION,금융시장의 안정 또는 건전한 거래질서를 유지하기 위하여 필요한 사항,제271조의20제4항제6호,0.9,금융위원회|정하여 고시함|금융시장 안정,2026-04-30
금융회사,허용함,ACTION,출자총액의 30% 이하,제249조의11제8항,0.9,출자총액|30%,2026-04-30
금융회사,허용함,ACTION,출자총액의 30% 초과 가능 (외국법령에 따라 설립된 회사인 경우),제249조의11제8항,0.8,외국법령에 따라 설립된 회사|30% 초과 가능,2026-04-30
사원,허용함,ACTION,출자하기로 약정하는 방식,제249조의11제8항,0.8,사원|출자하기로 약정|업무집행사원,2026-04-30
금융위원회,정하여 고시한다,ACTION,사원의 출자 방법과 절차,제249조의11제8항,0.9,금융위원회|출자 방법과 절차|고시,2026-04-30
대통령령으로 정하는 기간,정의함,LOGICAL,3영업일,제249조의11제8항,0.9,대통령령으로 정하는 기간|3영업일|출자지분|제6항 비율,2026-04-30
제271조의15,삭제됨,STRUCTURE,법령,제271조의15,1.0,삭제|제271조의15,2026-04-30
기관전용사모집합투자기구 집합투자재산의 운용방법,정의함,LOGICAL,법,제271조의16,0.85,기관전용사모집합투자기구|집합투자재산|운용방법,2026-04-30
기관전용사모집합투자기구,보고의 기준일,LOGICAL,6월 30일 및 12월 31일 (총액 ≥ 100억원),제249조의12제2항,0.9,보고의 기준일|총액 ≥ 100억원,2026-04-30
기관전용사모집합투자기구,보고의 기준일,LOGICAL,12월 31일 (총액 < 100억원),제249조의12제2항,0.9,보고의 기준일|총액 < 100억원,2026-04-30
각 호의 사항,요구함,ACTION,금융위원회,제249조의12제2항,0.95,보고,2026-04-30
실질적인 차입금 현황,정의함,LOGICAL,법,제271조의10제2항,0.95,실질적인 차입금 현황|법,2026-04-30
삭제,정의함,LOGICAL,제271조의17,제271조의17,0.9,삭제|제271조의17,2026-04-30
제271조의18,삭제함,STRUCTURE,삭제,제271조의18,1.0,제271조의18|삭제,2026-04-30
투자목적회사,정의함,LOGICAL,법,제271조의19,0.9,투자목적회사|법,2026-04-30
신용공여,정의함,LOGICAL,한 금융기관,제34조제2항,0.95,신용공여|금융기관,2026-04-30
신용공여,제34조제2항에 따른,STRUCTURE,제34조제2항,제34조제2항,0.9,신용공여|제34조제2항,2026-04-30
검사대상기관,정의함,LOGICAL,출자전환 등을 한 자 2. 다음 각 목의 요건을 모두 충족하는 자 가. 다음의 어느 하나에 해당하는 자가 아닐 것 1) 국가 2) 한국은행 3),제38조,0.9,정의,2026-04-30
검사대상기관,예외로함,LOGICAL,"국가, 한국은행, ...",제38조,0.85,예외,2026-04-30
검사대상기관,참조함,STRUCTURE,제38조,제38조,0.9,제38조 참조,2026-04-30
자 4),정의함,LOGICAL,제10조제2항제1호부터 제17호까지의 규정에 해당하는 자,제10조제2항제1호부터 제17호까지,0.7,자 4)|제10조제2항제1호부터 제17호까지의 규정,2026-04-30
제10조제3항제1호,정의함,LOGICAL,자 4),제10조제3항제1호,0.5,자 4),2026-04-30
투자목적회사,요구함,ACTION,그 회사의 재산을 운용 위탁해야 한다,제10조제3항제18호,0.95,운용 위탁|투자목적회사|재산,2026-04-30
운용 위탁,정의함,LOGICAL,투자목적회사의 재산 운용을 위탁해야 한다,제10조제3항제18호,0.9,운용 위탁|투자목적회사|재산,2026-04-30
투자목적회사,운용해야 한다,ACTION,재산,제249조의7,0.95,재산 운용|투자목적회사,2026-04-30
재산 운용,정의함,LOGICAL,"제249조의7제1항, 제2항, 제4항-제7항에 따른 방법",제249조의7,0.9,재산 운용|방법,2026-04-30
제249조의7,참조함,STRUCTURE,"제249조의7제1항, 제2항, 제4항-제7항",제249조의7,0.9,참조|방법,2026-04-30
재산 평가,요구함,ACTION,재산,238,0.95,재산 평가|평가,2026-04-30
재산 평가,근거함,STRUCTURE,제238조제1항,238,0.9,제238조제1항|근거,2026-04-30
방법,할 수 있다,ACTION,행위,제260조제1항제1호,0.95,방법|할 수 있다,2026-04-30
방법,참조함,STRUCTURE,제260조제1항제1호,제260조제1항제1호,0.9,방법|제260조제1항제1호,2026-04-30
업무집행사원,참조함,STRUCTURE,법,제271조의20,0.6,업무집행사원|법,2026-04-30
대통령령으로 정하는 법령,정의함,LOGICAL,법령 목록,제249조의14제2항,0.95,정의|법령 목록,2026-04-30
업무집행사원,요구함,ACTION,기관전용사모집합투자기구의 집합투자재산을 운용,제249조의14제2항,0.9,업무집행사원|운용|방법,2026-04-30
신기술사업금융업자,예외로함,LOGICAL,업무집행사원,제249조의14제2항,0.85,신기술사업금융업자|예외,2026-04-30
업무집행사원,참조함,STRUCTURE,제1항제1호부터 제14호까지에 따른 법률,제249조의14제2항,0.8,업무집행사원|참조,2026-04-30
투자,정의함,LOGICAL,각 호의 방법으로 하는 투자,제249조의7제5항,0.95,투자|정의|각 호의 방법으로 하는 투자,2026-04-30
투자,정의함,LOGICAL,다른 회사의 의결권 있는 발행주식과 주권 관련 사채권의 전환권ㆍ신주인수권 등의 행사로 취득할 수 있는 의결권 있는 발행주식(금융위원회가 정하여 고시하는 기준 및 방법에 따라 산정한 발행주식을 말한다)의 합계가 그 회사의 의결권 있는 발행주식 총수의 100분의 10 이상이 되는 투자,제249조의7제5항,0.9,투자|정의|10% 이상 의결권 있는 발행주식,2026-04-30
투자,정의함,LOGICAL,장내파생상품 또는 장외파생상품에 대한 투자로서 다음의 어느 하나에 해당하는 투자,제249조의7제5항,0.9,투자|정의|파생상품 투자,2026-04-30
투자,정의함,LOGICAL,투자대상기업(기관전용사모집합투자기구 또는 기관전용사모집합투자기구가 주주 또는 사원인 투자목적회사가 가목 또는 나목의 방법으로 투자한 기업을 말한다. 이하 이 조에서 같다)이 발행한 증권에 대한 투자위험을 회피하기 위한 투자,제249조의7제5항,0.85,투자|정의|위험 회피 투자,2026-04-30
투자,정의함,LOGICAL,환율 변동에 따른 위험을 회피하기 위한 투자,제249조의7제5항,0.85,투자|정의|환율 위험 회피,2026-04-30
투자,정의함,LOGICAL,「사회기반시설에 대한 민간투자법」에 따른 사회기반시설투융자회사가 발행한 증권에 대한 투자,제249조의7제5항,0.9,투자|정의|사회기반시설 투자,2026-04-30
투자,정의함,LOGICAL,투자목적회사의 지분증권에 대한 투자,제249조의7제5항,0.9,투자|정의|지분증권 투자,2026-04-30
투자,정의함,LOGICAL,그 밖에 가목부터 마목까지의 투자에 준하는 것으로서 금융위원회가 정하여 고시하는 투자,제249조의7제5항,0.9,투자|정의|금융위원회 고시 투자,2026-04-30
단기대출,예치,ACTION,금융회사,제83조제4항,0.95,단기대출|예치|금융회사,2026-04-30
금융회사,제한을 받는다,ACTION,가액의 100분의 30 이내,제79조제2항제5호,0.95,가액의 100분의 30 이내|제한,2026-04-30
기관전용사모집합투자기구의 사원,요구함,ACTION,증권을 제외한 증권에 투자할 것,제4조제1항,0.95,투자 제한|증권 제외,2026-04-30
기관전용사모집합투자기구의 사원,요구함,ACTION,"출자한 금액의 50% 이상을 2년 이내에 가목, 나목, 라목, 마목 방법으로 운용할 것",제4조제1항,0.95,투자 제한|가목|나목|라목|마목|2년 이내|50%,2026-04-30
기관전용사모집합투자기구의 사원,요구함,ACTION,"가목 또는 나목 투자를 할 경우, 투자대상기업이 발행한 지분증권 또는 주권 관련 사채권을 취득한 날부터 6개월 이상 보유할 것",제4조제1항,0.9,보유 기간|6개월|가목|나목,2026-04-30
기관전용사모집합투자기구의 사원,요구함,ACTION,"다른 회사의 지분증권을 최초 취득한 날부터 6개월이 경과할 때까지, 제1호가목 또는 나목에 부합하지 않는 경우, 이미 취득한 그 다른 회사의 지분증권을 다른 자에게 6개월 이내에 처분하고 금융위원회에 지체 없이 보고할 것",제4조제1항,0.85,처분|,2026-04-30
기관전용사모집합투자기구,운용할 수 있다,ACTION,집합투자재산,249,0.95,운용|집합투자재산|기관전용사모집합투자기구,2026-04-30
금융위원회,정하여 고시함,ACTION,요건,제249조의7제5항,0.9,정하여 고시함|요건,2026-04-30
"투자목적, 투자전략, 운용방법 및 투자대상자산의 종류",갖출 것,ACTION,금융위원회가 정하여 고시하는 요건,제249조의7제5항,0.9,갖출 것|투자목적|투자전략|운용방법|투자대상자산의 종류,2026-04-30
각 호의 방법,운용할 것,ACTION,운용,제249조의7제5항,0.9,운용할 것|각 호의 방법,2026-04-30
대통령령으로 정하는 행위,정의함,LOGICAL,정관을 위반하여 기관전용사모합집투자기구의 집합투자재산을 운용하는 행위,제249조의14제6항제4호,0.95,정의함|대통령령으로 정하는 행위,2026-04-30
대통령령으로 정하는 행위,정의함,LOGICAL,기관전용사모합집투자기구의 집합투자재산을 운용할 때 정당한 이유 없이 일반적인 거래조건을 벗어나는 불공정한 조건으로 거래하는 행위,제249조의14제6항제4호,0.95,정의함|대통령령으로 정하는 행위,2026-04-30
대통령령으로 정하는 행위,정의함,LOGICAL,기관전용사모합집투자기구의 집합투자재산에 관한 정보를 업무집행사원의 고유재산 운용에 이용하는 행위,제249조의14제6항제4호,0.95,정의함|대통령령으로 정하는 행위,2026-04-30
대통령령으로 정하는 행위,정의함,LOGICAL,특정 기관전용사모합집투자기구나 투자목적회사의 이익을 해치면서 자기 또는 제3자의 이익을 도모하는 행위,제249조의14제6항제4호,0.95,정의함|대통령령으로 정하는 행위,2026-04-30
제249조의11,상위조항,STRUCTURE,제249조,제249조의11,0.95,제249조의11|제249조,2026-04-30
제3자 위탁,정의함,LOGICAL,업무를 제3자에게 위탁하는 행위,제249조의18,0.95,제3자 위탁|업무,2026-04-30
제3자 위탁,금지함,ACTION,업무를 제3자에게 위탁하는 행위,제249조의18,0.9,제3자 위탁|업무,2026-04-30
제3자 위탁,예외로함,LOGICAL,다음 각 호의 어느 하나에 해당하는 경우,제249조의18,0.85,제3자 위탁|예외,2026-04-30
업무,위탁함,ACTION,제3자,제249조의18,0.9,업무|제3자,2026-04-30
기관전용사모집합투자기구,금지함,ACTION,계좌 개설 및 매매거래,제249조의7제5항,0.95,계좌 개설|매매거래,2026-04-30
기관전용사모집합투자기구,금지함,ACTION,장내파생상품 거래,제249조의7제5항,0.95,장내파생상품 거래,2026-04-30
기관전용사모집합투자기구,금지함,ACTION,투자운용전문인력이 아닌 자가 운용업무 수행,제249조의7제5항,0.95,투자운용전문인력|운용업무,2026-04-30
기관전용사모집합투자기구,금지함,ACTION,그 밖에 투자자의 보호나 건전한 거래질서를 해칠 염려가 있는 행위,제249조의7제5항,0.95,투자자 보호|건전한 거래질서,2026-04-30
기관전용사모집합투자기구,금지함,ACTION,집합투자재산 운용,제249조의7제5항,0.9,집합투자재산 운용,2026-04-30
대통령령으로 정하는 기간,정의함,LOGICAL,6개월,제249조의14제8항,0.95,대통령령으로 정하는 기간|6개월,2026-04-30
금융위원회,정하여 고시한다,ACTION,필요한 세부사항,제249조의14제8항,0.9,금융위원회|정하여 고시|업무집행사원|집합투자재산 운용|업무수행 절차|세부사항,2026-04-30
제249조의14제8항,참조함,STRUCTURE,제1항부터 제5항까지,제249조의14제8항,0.85,제249조의14제8항|제1항부터 제5항까지,2026-04-30
등록의 요건,근거함,STRUCTURE,법,제271조의21,0.7,등록의 요건|법,2026-04-30
자기자본을 산정하는 기준일,정의함,LOGICAL,등록 신청일,제249조의15제1항제1호,0.95,자기자본을 산정하는 기준일|정의,2026-04-30
합자회사의 업무집행사원 등 대통령령으로 정하는 자,정의함,LOGICAL,합자회사의 업무집행사원,제249조의15제1항제2호,0.95,합자회사의 업무집행사원,2026-04-30
합자회사의 업무집행사원 등 대통령령으로 정하는 자,정의함,LOGICAL,유한책임회사의 업무집행자,제249조의15제1항제2호,0.95,유한책임회사의 업무집행자,2026-04-30
합자회사의 업무집행사원 등 대통령령으로 정하는 자,정의함,LOGICAL,유한회사의 이사,제249조의15제1항제2호,0.95,유한회사의 이사,2026-04-30
합자회사의 업무집행사원 등 대통령령으로 정하는 자,정의함,LOGICAL,합명회사의 업무집행사원,제249조의15제1항제2호,0.95,합명회사의 업무집행사원,2026-04-30
투자운용전문인력,정의함,LOGICAL,사람,제249조의15제1항제3호,0.95,투자운용전문인력|사람|금융기관|금융위원회|집합투자재산|운용업무|경력|교육|전문성|기관전용사모집합투자기구,2026-04-30
대통령령으로 정하는 수,정의함,LOGICAL,2명,제249조의15제1항제3호,0.99,대통령령으로 정하는 수|정의,2026-04-30
대통령령으로 정하는 건전한 재무상태와 사회적 신용,정의함,LOGICAL,다음 각 호의 구분에 따른 사항,제249조의15제1항제5호,0.95,정의|건전한 재무상태와 사회적 신용,2026-04-30
건전한 재무상태,정의함,LOGICAL,재무건전성에 관한 기준으로서 금융위원회가 정하여 고시하는 기준을 충족할 것,제249조의15제1항제5호,0.9,건전한 재무상태|재무건전성 기준,2026-04-30
검사대상기관,요구함,ACTION,형사처벌을 받지 않다,제38조,0.95,사회적 신용|형사처벌,2026-04-30
사회적 신용,정의함,LOGICAL,제38조,제38조,0.9,사회적 신용,2026-04-30
양벌 규정에 따라 처벌을 받은 경우,제외함,ACTION,해당 법률,448조,0.9,양벌 규정|처벌,2026-04-30
부실금융기관 지정자 또는 영업 허가·인가·등록 취소자,제외함,ACTION,해당 법률,448조,0.9,부실금융기관|영업 허가 취소,2026-04-30
직무정지의 조치를 받은 사람,요구함,ACTION,해당 조건을 보정,제249조의21제3항제1호나목,0.95,보정|1개월 이내,2026-04-30
직무정지의 조치를 받은 사람,금지함,ACTION,해당 조건을 보정하지 않음,제249조의21제3항제1호나목,0.9,보정|보정하지 않음|1개월 이내,2026-04-30
투자권유자문인력 또는 투자운용인력,정의함,LOGICAL,투자운용전문인력,제22조제1항,0.97,투자권유자문인력|투자운용인력|투자운용전문인력,2026-04-30
재무제표와 그 부속명세서,정의함,LOGICAL,재무제표,제22조제1항,0.97,재무제표와 그 부속명세서|재무제표,2026-04-30
제22조제1항,준용함,STRUCTURE,제22조제2항,제22조제1항,0.9,준용|제22조제2항,2026-04-30
제22조제1항,준용함,STRUCTURE,제22조제3항 및 제4항,제22조제1항,0.9,준용|제22조제3항|제22조제4항,2026-04-30
업무집행사원,허용함,ACTION,등록 취소 신청,제249조의15제1항,0.95,등록 취소 신청|업무집행사원,2026-04-30
등록 취소 신청,근거함,STRUCTURE,제249조의15제1항,제249조의15제1항,0.9,등록 취소 신청|제249조의15제1항,2026-04-30
금융위 원회,정함,ACTION,고시하는 절차,제249조의15제1항,0.85,금융위 원회|고시하는 절차,2026-04-30
경미한 사항,정의함,LOGICAL,"투자운용전문인력의 소속, 직위 및 담당 업무",제249조의15제8항,0.99,"경미한 사항|투자운용전문인력의 소속, 직위 및 담당 업무",2026-04-30
대통령령으로 정하는 사항,정의함,LOGICAL,정의된 내용,제249조의15제10항,0.9,정의|대통령령으로 정하는 사항,2026-04-30
금융위원회,정하고 고시한다,ACTION,"업무집행사원등록의 신청과 검토, 등록신청서의 서식과 작성방법 등에 관한 필요한 사항",제271조의13,0.95,금융위원회|정하고 고시한다|필요한 사항,2026-04-30
업무집행사원등록,정의함,LOGICAL,제1항제2호ㆍ제5호 및 같은 조 제2항제2호가목의 사항,제271조의13,0.85,업무집행사원등록|정의함|제1항제2호ㆍ제5호,2026-04-30
이해관계인과의 거래 제한,정의함,LOGICAL,법에 의해 규정된 거래 제한,제271조의22,0.7,이해관계인과의 거래 제한|법,2026-04-30
이해관계인과의 거래 제한,참조함,STRUCTURE,법,제271조의22,0.8,이해관계인과의 거래 제한|법,2026-04-30
이해관계인,정의함,LOGICAL,다음 각 호의 어느 하나에 해당하는 자,제249조의16제1항,0.95,이해관계인|정의|대통령령|업무집행사원|임직원|배우자|대주주|계열회사|집합투자재산|기관전용사모집합투자기구|투자대상기업|투자목적회사,2026-04-30
이해관계인,정의함,LOGICAL,업무집행사원의 임직원과 그 배우자,제249조의16제1항,0.95,이해관계인|정의|업무집행사원|임직원|배우자,2026-04-30
이해관계인,정의함,LOGICAL,업무집행사원의 대주주와 그 배우자,제249조의16제1항,0.95,이해관계인|정의|업무집행사원|대주주|배우자,2026-04-30
이해관계인,정의함,LOGICAL,업무집행사원의 계열회사로서 다음 각 목의 회사를 제외한 계열회사,제249조의16제1항,0.9,이해관계인|정의|업무집행사원|계열회사|집합투자재산|기관전용사모집합투자기구|투자대상기업|투자목적회사,2026-04-30
기관전용사모집합투자기구,요구함,ACTION,다른 기관전용사모집합투자기구와 그 업무집행사원 및 그 밖에 금융시장의 안정 또는 건전한 거래질서를 해칠 우려가 없는 회사로서 금융위원회가 정하여 고시하는 회사,제271조의10제16항,0.9,공동 운용|투자 대상기업|투자목적회사|다른 기관전용사모집합투자기구|업무집행사원|금융위원회가 정하여 고시하는 회사,2026-04-30
기관전용사모집합투자기구,요구함,ACTION,투자 대상기업 및 투자목적회사,제271조의10제16항,0.85,공동 운용|투자 대상기업|투자목적회사,2026-04-30
대통령으로 정하는 투자대상자산,정의함,LOGICAL,제249조의16제4항,제249조의16제4항,0.9,정의|대통령으로 정하는 투자대상자산,2026-04-30
각 호의 어느 하나에 해당하는 투자대상자산,정의함,LOGICAL,투자대상자산,제86조제3항,0.95,각 호의 어느 하나에 해당하는 투자대상자산|투자대상자산,2026-04-30
기관전용사모집합투자기구,시가평가를 하다,ACTION,증권,제249조의16제4항,0.95,시가평가|집합투자재산|증권,2026-04-30
제260조,준용함,STRUCTURE,제260조제1항 및 제2항,제260조,0.95,제260조|제1항|제2항,2026-04-30
대통령령으로 정하는 자,정의함,LOGICAL,그 기관전용사모집합투자기구 출자총액의 100분의 30 이상의 출자지분을 보유한 유한책임사원,제249조의16제4항제2호,0.97,대통령령으로 정하는 자|유한책임사원|출자지분|기관전용사모집합투자기구,2026-04-30
상호출자제한기업집단 계열 기관전용사모집합투자기구 등에 대한 제한,정의함,LOGICAL,법,제271조의23,0.85,제한|법,2026-04-30
대통령령으로 정하는 비율,정의함,LOGICAL,100분의 75,제249조의18제2항,0.99,대통령령으로 정하는 비율|100분의 75,2026-04-30
대통령령으로 정하는 방법,정의함,LOGICAL,서면으로서 금융위원회가 정하여 고시하는 승인신청서를 제출하는 방법,제249조의18제2항,0.95,대통령령으로 정하는 방법|정의|서면|금융위원회|승인신청서,2026-04-30
대통령령으로 정하는 방법,정의함,LOGICAL,"지분증권 가격의 급격한 변동 등 경제여건의 변화, 투자대상기업이 하는 사업의 현저한 손실, 제1호 및 제2호에 준하는 사유로서 해당 기관전용사모집합투자기구가 투자대상기업의 지분증권을 처분하는 것이 곤란한 사유",제249조의18제2항,0.9,지분증권 가격|경제여건|투자대상기업|사업 손실|기관전용사모집합투자기구|지분증권 처분 곤란,2026-04-30
지주회사 규제의 특례,정의함,LOGICAL,법,제271조의24,0.9,지주회사 규제의 특례|법,2026-04-30
대통령령으로 정하는 방법,정의함,LOGICAL,금융위원회가 정하 여 고시하는 서식에 따라 관련 증거자료를 첨부하는 방법,제249조의19제2항,0.95,대통령령으로 정하는 방법|정의,2026-04-30
1개 이상의 금융기관,정의함,LOGICAL,금융지주회사법,제249조의19제3항,0.99,대통령령으로 정하는 1개 이상의 금융기관|금융지주회사법,2026-04-30
금융기관,정의함,LOGICAL,1개 이상의 금융기관,제2조제1항 제1호,0.95,금융기관 정의,2026-04-30
금융기관,참조함,STRUCTURE,금융지주회사법,제2조제1항 제1호,0.9,금융지주회사법 참조,2026-04-30
금융기관,예외로함,LOGICAL,금융지주회사법,제2조제1항 제1호,0.85,다만|예외,2026-04-30
제45조의2,상위조항,STRUCTURE,제45조,제45조의2,0.9,제45조의2|제45조,2026-04-30
사 모집합투자기구,정의함,LOGICAL,기관전용사모집합투자기구의 무한책임사원 또는 일반사모집합투자기구의 집합투자업자 중 상호출자제한 기업집단 계열회사 또는 금융지주회사가 아닌 자를 포함한다,제45조의4,0.95,사 모집합투자기구 정의|포함,2026-04-30
사 모집합투자기구 및 투자목적회사,준용하지 않는다,ACTION,제45조의4까지의 규정,제45조의4,0.9,준용|제45조의4 규정,2026-04-30
기관전용사모집합투자기구,근거함,STRUCTURE,법,제271조의25,0.8,기관전용사모집합투자기구|법,2026-04-30
제249조의20제4항,정의함,LOGICAL,대통령령으로 정하는 사항,제249조의20제4항,0.95,정의|대통령령으로 정하는 사항,2026-04-30
대통령령으로 정하는 사항,정의함,LOGICAL,기관전용사모집합투자기구의 유한책임사원,제249조의20제4항,0.9,정의|기관전용사모집합투자기구의 유한책임사원,2026-04-30
공시대상기업집단,정의함,LOGICAL,제26조제1항에 따른 정의: 각 호 외의 부분에 따른 공시대상기업집단을 말한다. 이하 같다)에 속하지 않는 유한책임사원으로 한정한다.,제26조제1항,0.9,공시대상기업집단 정의,2026-04-30
기관전용 사모집합투자기구,정의함,LOGICAL,공시대상기업집단의 계열회사 전체,제249조의20제4항,0.95,정하는|공시대상기업집단,2026-04-30
기관전용사모집합투자기구,정의함,LOGICAL,자산총액(금융업 또는 보험업을 영위하는 회사의 경우 자본총액 또는 자본금 중 큰 금액으로 한다)에 대한 금융업 또는 보험업을 영위하는 회사의 자본총액 또는 자본금 중 큰 금액의 합계액의 비율이 100분의 75 이상인 기관전용사모집합투자기구,제249조의18제2항,0.95,정의|기관전용사모집합투자기구|자산총액|자본총액|자본금|비율|75%,2026-04-30
기관전용사모집합투자기구,준용함,STRUCTURE,법,제271조의26,0.6,기관전용사모집합투자기구,2026-04-30
대통령령으로 정하는 경우,정의함,LOGICAL,별표 10 제3호에 해당하는 경우,제249조의21제1항제4호,0.9,대통령령으로 정하는 경우|정의,2026-04-30
위반자,위반함,ACTION,미공개중요정보 이용행위 금지 의무,제174조,0.95,미공개중요정보 이용행위 금지 의무|위반,2026-04-30
미공개중요정보 이용행위 금지 의무,정의함,STRUCTURE,제174조에 따른,제174조,0.9,미공개중요정보 이용행위 금지 의무|제174조,2026-04-30
시세조종행위 등의 금지 의무,제176조에 따른,STRUCTURE,제176조,제176조,0.85,시세조종행위|금지 의무|제176조,2026-04-30
시세조종행위 등의 금지 의무,위반함,ACTION,3. 별표 10 제5호에 해당하는 경우,제176조,0.8,시세조종행위|금지 의무|위반|별표 10 제5호,2026-04-30
부정거래행위,위반,ACTION,금지 의무,제178조,0.95,부정거래행위|금지 의무,2026-04-30
대통령령으로 정하는 법령,정의함,LOGICAL,정의된 개념,제249조의21제1항제5호,0.95,대통령령으로 정하는 법령,2026-04-30
사회적 신용을 훼손하는 등 대통령령으로 정하는 경우,정의함,LOGICAL,제249조의21제1항제5호,제249조의21제1항제5호,0.95,정의|제249조의21제1항제5호,2026-04-30
각 호 의 어느 하나에 해당하는 경우,정의함,LOGICAL,제373조제3항,제373조제3항,0.95,정의|각 호 의 어느 하나에 해당하는 경우,2026-04-30
기관전용사모집합투자기구,조치받음,STRUCTURE,업무정지 (제249조의21제2항제1호),제249조의21제2항제1호,0.95,업무정지|조치,2026-04-30
기관전용사모집합투자기구,보정하지 않음,ACTION,해당 조건 (1개월 이내),제249조의21제2항제1호,0.9,보정|조건|업무정지,2026-04-30
기관전용사모집합투자기구,업무를 함,ACTION,업무정지 기간 중,제249조의21제2항제1호,0.9,업무|업무정지,2026-04-30
기관전용사모집합투자기구,위반함,ACTION,준수해야 하는 의무 (같거나 비슷한 의무) (계속적·반복적),제249조의21제2항제1호,0.85,위반|의무|계속적|반복적,2026-04-30
기관전용사모집합투자기구,법적 제재,SANCTION,"법, 이 영 또는 관련 법령",제249조의21제2항제1호,0.8,법|제재,2026-04-30
업무집행사원,취소함,ACTION,등록,제249조의15제7항,0.95,업무집행사원 등록 취소,2026-04-30
업무집행사원 등록 취소,근거함,STRUCTURE,제249조의15제7항,제249조의15제7항,0.9,업무집행사원 등록 취소|제249조의15제7항,2026-04-30
대통령령으로 정하는 조치,정의함,LOGICAL,업무방법의 개선요구나 개선권고,제249조의21제2항제7호,0.95,정의|대통령령으로 정하는 조치,2026-04-30
대통령령으로 정하는 조치,정의함,LOGICAL,제5항 각 호의 어느 하나에 해당하는 조치,제249조의21제3항제1호마목,0.95,정의|대통령령으로 정하는 조치,2026-04-30
대통령령으로 정하는 조치,정의함,LOGICAL,다음 각 호의 어느 하나에 해당하는 조치를 말한다. 1. 주의 2. 제5항제3호부터 제5호까지의 규정에 따른 조치 ⑧ 법,제249조의21제3항제2호,0.95,정의|대통령령으로 정하는 조치,2026-04-30
대통령령으로 정하는 조치,정의함,LOGICAL,경고,제249조의21제3항제3호바목,0.95,대통령령으로 정하는 조치|경고,2026-04-30
대통령령으로 정하는 조치,정의함,LOGICAL,제5항제3호부터 제5호까지의 규정에 따른 조치,제249조의21제3항제3호바목,0.95,대통령령으로 정하는 조치|제5항제3호부터 제5호까지의 규정에 따른 조치,2026-04-30
대통령령으로 정하는 조치,정의함,LOGICAL,법 별표 6 제27호에서 '대통령령으로 정하는 경우'란 이 영 별표 10 각 호의 어느 하나에 해당하는 경우,제249조의21제3항제3호바목,0.95,대통령령으로 정하는 조치|법 별표 6 제27호에서 '대통령령으로 정하는 경우'란 이 영 별표 10 각 호의 어느 하나에 해당하는 경우,2026-04-30
기업재무안정 사모집합투자기구,정의함,LOGICAL,법,제271조의27,0.7,기업재무안정 사모집합투자기구|법,2026-04-30
금융기관,정의함,LOGICAL,대통령령으로 정하는 금융기관,제249조의22제1항제4호,0.95,금융기관 정의|대통령령 정의,2026-04-30
금융기관,정의함,LOGICAL,투자회사,제10조제2항,0.95,금융기관 정의|투자회사,2026-04-30
금융기관,정의함,LOGICAL,사모집합투자기구,제10조제2항,0.95,금융기관 정의|사모집합투자기구,2026-04-30
금융기관,정의함,LOGICAL,투자목적회사,제10조제2항,0.95,금융기관 정의|투자목적회사,2026-04-30
금융기관,정의함,LOGICAL,한국자산관리공사,제10조제2항,0.95,금융기관 정의|한국자산관리공사,2026-04-30
금융기관,정의함,LOGICAL,기술보증기금,제10조제2항,0.95,금융기관 정의|기술보증기금,2026-04-30
금융기관,정의함,LOGICAL,한국무역보험공사,제10조제2항,0.95,금융기관 정의|한국무역보험공사,2026-04-30
금융기관,정의함,LOGICAL,신용보증기금,제10조제2항,0.95,금융기관 정의|신용보증기금,2026-04-30
금융기관,정의함,LOGICAL,예금보험공사 및 정리금융회사,제10조제2항,0.95,금융기관 정의|예금보험공사|정리금융회사,2026-04-30
금융기관,정의함,LOGICAL,유동화전문회사,제10조제2항,0.95,금융기관 정의|유동화전문회사,2026-04-30
금융기관,정의함,LOGICAL,외국 금융기관(제1호부터 제7호까지에 준하는 외국 금융기관),제10조제2항,0.95,금융기관 정의|외국 금융기관,2026-04-30
금융기관,예외로함,LOGICAL,"제9호, 제11호, 제12호의 금융기관",제10조제2항,0.9,금융기관 정의|제9호|제11호|제12호,2026-04-30
재무구조개선을 위한 약정,정의함,LOGICAL,채권금융기관이 개별적으로 또는 공동으로 해당기업에 재무구조 개선을 위하여 체결한 약정,제249조의22제1항제4호,0.95,재무구조개선을 위한 약정|채권금융기관|해당기업,2026-04-30
기업,정의함,LOGICAL,법인(그 계열회사를 포함한다)의 합병ㆍ전환ㆍ정리 등 대통령령으로 정하는 바에 따라 구조조정 또는 재무구조개선 등을 하려는 기업,제249조의22제1항제5호,0.95,기업 정의|법인|구조조정|재무구조개선,2026-04-30
재무제표,정의함,LOGICAL,재무제표,제2조제2호,0.9,재무제표,2026-04-30
재무제표,요구함,ACTION,제2조제2호에 따른 재무제표,제2조제2호,0.9,재무제표|제2조제2호에 따른 재무제표,2026-04-30
기업,적용받는다,ACTION,기업 재무제표 기준,제2조제7호,0.95,기업|기업 재무제표 기준,2026-04-30
기업 재무제표 기준,정의함,LOGICAL,한정의견 이상의 감사의견을 받은 경우에만 적용된다,제2조제7호,0.95,기업 재무제표 기준|한정의견|감사의견,2026-04-30
한정의견,정의함,LOGICAL,감사인의 감사 결과 적정의견을 표명할 수는 없지만 부적정의견이나 의견표명을 거절할 정도에 이르지 아니하는 경우에 표명하는 감사의견,제2조제7호,0.95,한정의견|감사의견,2026-04-30
대통령령으로 정하는 기간,정의함,LOGICAL,2년,제249조의22제2항,0.95,대통령령으로 정하는 기간|2년,2026-04-30
남은 재산 운용,허용함,ACTION,증권에 대한 투자,제249조의22제2항,0.95,남은 재산 운용|증권에 대한 투자,2026-04-30
남은 재산 운용,허용함,ACTION,증권에 대한 투자위험을 회피하기 위한 장내파생상품 또는 장외파생상품에 대한 투자,제249조의22제2항,0.95,남은 재산 운용|장내파생상품|장외파생상품,2026-04-30
남은 재산 운용,허용함,ACTION,재무구조개선기업의 인수ㆍ합병에 드는 자금의 대여 또는 지급의 보증,제249조의22제2항,0.95,남은 재산 운용|재무구조개선기업|인수|합병|대여|보증,2026-04-30
남은 재산 운용,허용함,ACTION,법,제249조의22제2항,0.8,남은 재산 운용|법,2026-04-30
단기대출 5,참조함,STRUCTURE,제83조제4항,제83조제4항,0.95,단기대출|제83조제4항,2026-04-30
금융회사,요구함,ACTION,양도성 예금증서,제79조제2항제5호,0.95,양도성 예금증서 투자,2026-04-30
어음(기업어음증권은 제외한다),규정함,STRUCTURE,법 ⑦,제79조제2항제5호,0.95,투자|법 ⑦,2026-04-30
대통령령으로 정하는 방법,정의함,LOGICAL,제6항 각 호의 방법,제249조의22제3항,0.95,대통령령으로 정하는 방법|정의,2026-04-30
대통령령으로 정하는 방법,정의함,LOGICAL,다른 투자목적회사의 지분증권에 대한 투자,제249조의22제3항,0.95,대통령령으로 정하는 방법|정의,2026-04-30
출자비율,이어야,ACTION,100분의 50 이상,제249조의22제3항,0.95,출자비율|100분의 50 이상,2026-04-30
출자비율,준용함,STRUCTURE,제249조의22제3항,제249조의22제3항,0.95,출자비율|제249조의22제3항,2026-04-30
대통령령으로 정하는 경우,정의함,LOGICAL,투자대상기업의 영업이 정지된 경우,제249조의22제6항,0.95,대통령령으로 정하는 경우|투자대상기업의 영업이 정지된 경우,2026-04-30
대통령령으로 정하는 경우,정의함,LOGICAL,투자대상기업이 3개월 이상 조업을 중단한 경우,제249조의22제6항,0.95,대통령령으로 정하는 경우|투자대상기업이 3개월 이상 조업을 중단한 경우,2026-04-30
대통령령으로 정하는 경우,정의함,LOGICAL,투자대상기업의 주식에 대한 공개매수에 응하는 경우,제249조의22제6항,0.95,대통령령으로 정하는 경우|투자대상기업의 주식에 대한 공개매수에 응하는 경우,2026-04-30
대통령령으로 정하는 경우,정의함,LOGICAL,기업재무안정 사모집합투자기구의 존립기간 만료 등 해산사유가 발생한 경우,제249조의22제6항,0.95,대통령령으로 정하는 경우|기업재무안정 사모집합투자기구의 존립기간 만료 등 해산사유가 발생한 경우,2026-04-30
대통령령으로 정하는 경우,정의함,LOGICAL,"투자대상기업의 합병 등으로 인하여 투자자 보호, 금융시장의 안정 또는 건전한 거래질서를 해칠 우려가 있는 경우",제249조의22제6항,0.95,"대통령령으로 정하는 경우|투자대상기업의 합병 등으로 인하여 투자자 보호, 금융시장의 안정 또는 건전한 거래질서를 해칠 우려가 있는 경우",2026-04-30
창업ㆍ벤처전문 사모집합투자기구,정의함,LOGICAL,법,제271조의28,0.6,특례|법,2026-04-30
대통령령으로 정 하는 기업,정의함,LOGICAL,사회적기업 육성법,제249조의23제1항제6호,0.99,대통령령으로 정 하는 기업|사회적기업 육성법,2026-04-30
사회적기업,정의함,LOGICAL,제2조제1호에 따른 사회적기업,제2조제1호,0.95,정의,2026-04-30
사회적기업,상위조항,STRUCTURE,제2조,제2조제1호,0.9,상위조항,2026-04-30
연장,허용함,ACTION,1년 범위에서 기간을 연장할 수 있다,Unknown,0.85,연장|금융위원회 승인|1년,2026-04-30
대통령령으로 정하는 방법,정의함,LOGICAL,다음 각 호의 어느 하나에 해당하는 방법,제249조의23제2항제3호,0.95,대통령령으로 정하는 방법|다음 각 호의 어느 하나에 해당하는 방법,2026-04-30
창업ㆍ벤처기업등,매매,ACTION,채무자인 대출 채권 등 채권 및 수반되는 담보권 및 그 밖의 권리,제249조의23제1항,0.95,매매|채권|담보권,2026-04-30
창업ㆍ벤처기업등,투자,ACTION,"개발 또는 제작하며, 다른 사업과 회계의 독립성을 유지하는 방식으로 운영되는 사업",제249조의23제1항,0.9,투자|사업,2026-04-30
법,요구함,ACTION,지식재산권 및 이의 사용ㆍ실시를 위한 권리,제3조제3호,0.95,지식재산권 매입|법,2026-04-30
창업ㆍ벤처전문 사모집합투자기구,운용할 수 있다,ACTION,남은 재산,제249조의23제1항,0.95,운용|남은 재산,2026-04-30
남은 재산,운용방법,LOGICAL,증권에 대한 투자,제249조의23제1항,0.9,남은 재산|증권에 대한 투자,2026-04-30
금융기관,투자,ACTION,양도성 예금증서,제79조제2항제5호,0.95,양도성 예금증서 투자,2026-04-30
어음 투자 및 금전 대여,허용함,ACTION,어음(기업어음증권 제외),제79조제2항제5호,0.9,어음 투자|금전 대여,2026-04-30
어음 투자 및 금전 대여,허용함,ACTION,창업ㆍ벤처기업등에 대한 금전의 대여,제79조제2항제5호,0.9,어음 투자|금전 대여,2026-04-30
대통령령으로 정하는 방법,정의함,LOGICAL,다음 각 호의 방법,제249조의23제3항,0.95,대통령령으로 정하는 방법|다음 각 호의 방법,2026-04-30
대통령령으로 정하는 방법,정의함,LOGICAL,제5항 각 호의 방법,제249조의23제3항,0.95,대통령령으로 정하는 방법|제5항 각 호의 방법,2026-04-30
출자비율,정의함,LOGICAL,50% 이상,제249조의23제3항,0.95,출자비율|50% 이상,2026-04-30
대통령령으로 정하는 사항,정의함,LOGICAL,"창업ㆍ벤처전문 사모집합투자기구에 대한 출자 관련 사항 및 그 밖에 투자자 보호, 금융시장의 안정 또는 건전한 거래질서의 유지를 위하여 필요한 사항으로서 금융위원회가 정하여 고시하는 사항",제249조의23제5항,0.95,정의|대통령령으로 정하는 사항,2026-04-30
은행,정의함,LOGICAL,법,272,0.6,은행|법,2026-04-30
집합투자재산운용위원회,수행,ACTION,집합투자업에 관한 사업계획과 예산의 수립,제250조제2항,0.95,집합투자재산운용위원회|사업계획|예산,2026-04-30
집합투자재산운용위원회,수행,ACTION,투자신탁재산의 운용에 관한 전략의 수립,제250조제2항,0.95,집합투자재산운용위원회|투자신탁재산|전략,2026-04-30
집합투자재산운용위원회,수행,ACTION,다음 각 목의 사항에 관한 심의,제250조제2항,0.95,집합투자재산운용위원회|심의,2026-04-30
집합투자재산운용위원회,예외로함,LOGICAL,제1호부터 제3호까지의 사항 외의 운영 등에 관한 사항,제250조제2항,0.9,집합투자재산운용위원회|예외|운영,2026-04-30
금융위원회,정하여 고시한다,ACTION,집합투자재산운용위원회의 운영 등에 관한 사항 (제1호부터 제3호까지의 사항 외),제250조제2항,0.95,금융위원회|정하여 고시한다|운영,2026-04-30
수익증권매수청구권,결정,ACTION,수익증권 매수,제190조제3항,0.9,수익증권매수청구권|수익증권 매수,2026-04-30
집합투자재산평가위원회,선임과 해임,ACTION,위원,제190조제3항,0.8,집합투자재산평가위원회|위원,2026-04-30
집합투자재산평가위원회,제정과 변경,ACTION,집합투자재산평가기준,제190조제3항,0.8,집합투자재산평가위원회|집합투자재산평가기준,2026-04-30
투자신탁,합병,ACTION,합병,제190조제3항,0.7,투자신탁|합병,2026-04-30
대통령령으로 정하는 자,정의함,LOGICAL,상법,제251조제3항,0.99,대통령령으로 정하는 자|상법,2026-04-30
이해상충방지체계,갖추다,ACTION,다음 각 호의 사항을 포함한 이해상충방지체계,제250조제7항,0.9,이해상충방지체계|갖추다,2026-04-30
이해상충방지체계,포함한다,LOGICAL,독립된 부서로 구분되어 업무처리와 보고가 독립적으로 이루어질 것,제250조제7항,0.8,이해상충방지체계|독립된 부서|업무처리|보고,2026-04-30
업무 담당자,기록·유지,ACTION,회의 또는 통신에 관한 사항,제250조제7항,0.95,내부통제기준|업무 담당자|회의 또는 통신|기록·유지,2026-04-30
업무 담당자,확인을 받다,ACTION,준법감시인,제250조제7항,0.95,업무 담당자|준법감시인|확인,2026-04-30
내부통제기준,정하는 방 법 및 절차에 따라,STRUCTURE,업무 담당자 기록·유지,제250조제7항,0.9,내부통제기준|정하는 방 법 및 절차|기록·유지,2026-04-30
직원 파견,금지함,ACTION,직원,제250조제7항,0.95,직원 파견|직원,2026-04-30
당사자,금지함,ACTION,업무 겸직,제250조제7항,0.95,업무 겸직 금지,2026-04-30
사무실,요구함,ACTION,출입문을 달리하는 등 정보공유를 막을 수 있을 정도로 공간적으로 분리될 것,제250조제7항,0.9,공간적 분리|정보공유 차단,2026-04-30
업무,정의함,LOGICAL,집합투자재산의 보관·관리업무,제250조제7항,0.8,집합투자재산 보관·관리업무,2026-04-30
업무,예외로함,LOGICAL,집합투자재산의 보관·관리업무,제250조제7항,0.8,집합투자재산 보관·관리업무,2026-04-30
전산자료,정의함,LOGICAL,독립적으로 저장·관리·열람될 것,제250조제7항,0.95,전산자료|독립 저장·관리·열람,2026-04-30
전산자료,예외로함,LOGICAL,금융위원회가 정하여 고시하는 이해상충 방지 사항,제250조제7항,0.9,전산자료|이해상충 방지|금융위원회 고시,2026-04-30
대통령령으로 정하는 업무,정의함,LOGICAL,은행법,제250조제7항,0.99,대통령령으로 정하는 업무|은행법,2026-04-30
업무 2,정의함,LOGICAL,은행법,제27조제2항제3호,0.95,업무 2|은행법,2026-04-30
업무 2,상위조항,STRUCTURE,제27조제2항제3호,제27조제2항제3호,0.9,업무 2|제27조제2항제3호,2026-04-30
부수업무,정의함,LOGICAL,제27조의2,제27조의2,0.95,부수업무 정의,2026-04-30
업무,정의함,LOGICAL,법,제336조제2항제1호,0.95,업무 정의|법,2026-04-30
제28조제1항제2호,참조함,STRUCTURE,업무,제28조제1항제2호,0.9,제28조제1항제2호|업무,2026-04-30
업무,정의함,LOGICAL,업무와 직접적으로 관련이 없는 업무로서 금융위원회가 정하여 고시하는 업무,제250조제7항제2호부터 제4호까지,0.95,업무|정의,2026-04-30
업무,참조함,STRUCTURE,은행법 시행령,제18조의2제2항제16호,0.9,업무|은행법 시행령,2026-04-30
법,중,LOGICAL,"업무(제12호, 제14호, 제19호, 제4항제10호에 따른 업무, 제5항제8호에 따른 업무 제외)",제18조의2,0.9,업무|제12호|제14호|제19호|제4항제10호|제5항제8호,2026-04-30
법,제외함,LOGICAL,업무(제5항제8호에 따른 업무),제18조의2,0.85,업무|제5항제8호,2026-04-30
업무,정의함,LOGICAL,"업무 (정해진 업무가 아닌, 금융위원회가 정하고 고시하는 업무)",제250조,0.95,정해진 업무가 아닌|금융위원회가 정하고 고시하는,2026-04-30
금융위원회,정하고 고시함,ACTION,"업무 (정해진 업무가 아닌, 금융위원회가 정하고 고시하는 업무)",제250조,0.9,정해진 업무가 아닌|금융위원회가 정하고 고시하는,2026-04-30
대통령령으로 정하는 업무,정의함,LOGICAL,제1호부터 제3호까지의 업무(이하 이 항에서 ‘투자자문업등’이라 한다)로서 신탁업(집합투자재산의 보관·관리 업무는 제외함)을 함께 영위하는 경우로서 투자자문업등·신탁업(집합투자재산의 보관·관리업무는 제외함)과 법,제250조제7항제1호,0.95,대통령령으로 정하는 업무|정의함,2026-04-30
금융위원회,정하는,ACTION,이해상충방지체계,제250조,0.95,이해상충방지체계 정의,2026-04-30
이해상충방지체계,포함함,LOGICAL,임 직원의 겸직 및 전산설비의 공동사용 금지,제250조,0.85,겸직 금지|전산설비 공동사용 금지,2026-04-30
금융위원회,고시하는,ACTION,이해상충방지체계,제250조,0.9,고시|정의,2026-04-30
투자자문업 또는 투자일임업,규정,ACTION,은행법 시행령,제18조의2제2항제7호ㆍ제18호,0.95,투자자문업|투자일임업|은행법 시행령,2026-04-30
제18조의2제2항제7호ㆍ제18호,준용함,STRUCTURE,은행법 시행령,제18조의2제2항제7호ㆍ제18호,0.9,제18조의2제2항제7호ㆍ제18호|은행법 시행령,2026-04-30
집합투자증권에 대한 투자매매업 또는 투자중개업,정의함,LOGICAL,제18조의2제2항제9호ㆍ제10호에 따른 정의,제18조의2제2항제9호ㆍ제10호,0.95,집합투자증권에 대한 투자매매업 또는 투자중개업 정의|제18조의2제2항제9호ㆍ제10호에 따른,2026-04-30
집합투자증권에 대한 투자매매업 또는 투자중개업,참조함,STRUCTURE,제18조의2제2항제9호ㆍ제10호,제18조의2제2항제9호ㆍ제10호,0.9,정의에 대한 근거|제18조의2제2항제9호ㆍ제10호,2026-04-30
은행법 시행령,정의함,LOGICAL,환매조건부매도 및 환매조건부매수의 업무,제18조의2제2항제13호,0.95,환매조건부매도|환매조건부매수,2026-04-30
제18조의2제2항제13호,상위조항,STRUCTURE,제18조의2제2항,제18조의2제2항제13호,0.9,상위조항,2026-04-30
퇴직연금사업자,준용함,STRUCTURE,은행법 시행령,제18조의2제2항제15호,0.95,퇴직연금사업자|은행법 시행령,2026-04-30
신탁업,근거함,STRUCTURE,제18조의2제2항제17호,제18조의2제2항제17호,0.95,담보부사채에 관한 신탁업|제18조의2제2항제17호,2026-04-30
신탁업,정의함,LOGICAL,은행법 시행령,제18조의2제2항제17호,0.9,담보부사채에 관한 신탁업|은행법 시행령,2026-04-30
유동화전문회사,수탁업무,ACTION,유동화자산 관리 및 채권추심업무,제18조의2제4항제1호,0.95,수탁업무|유동화자산 관리|채권추심업무,2026-04-30
금융위원회,정하고 고시,ACTION,업무,제18조의2제4항제10호,0.95,이해상충|정하고 고시,2026-04-30
보험회사,참조함,STRUCTURE,법,273,0.6,보험회사|법,2026-04-30
대통령령으로 정하는 방법,정의함,LOGICAL,보험 회사가 투자신탁재산을 다음 각 호의 어느 하나에 해당하는 방법으로 운용하는 것,제251조제3항,0.95,대통령령으로 정하는 방법|보험 회사|투자신탁재산|운용,2026-04-30
대통령령으로 정하는 방법,정의함,LOGICAL,운용과 운용지시업무 전체를 다른 집합투자업자에게 위탁하는 방법,제251조제3항,0.95,대통령령으로 정하는 방법|운용|운용지시업무|위탁|집합투자업자,2026-04-30
대통령령으로 정하는 방법,정의함,LOGICAL,투자신탁재산 전체를 투자일임으로 운용하는 방법,제251조제3항,0.95,대통령령으로 정하는 방법|투자신탁재산|투자일임|운용,2026-04-30
대통령령으로 정하는 방법,정의함,LOGICAL,투자신탁재산 전체를 다른 집합투자증권에 운용하는 방법,제251조제3항,0.95,대통령령으로 정하는 방법|투자신탁재산|집합투자증권|운용,2026-04-30
자,정의함,LOGICAL,보험회사는 법,제401조의2제1항,0.9,자|보험회사는 법,2026-04-30
자,간주함,LOGICAL,각 호의 어느 하나에 해당하는 자,제401조의2제1항,0.8,자|각 호의 어느 하나에 해당하는 자,2026-04-30
이해상충방지체계,갖추다,ACTION,다음 각 호의 사항,제251조제3항,0.9,이해상충방지체계|갖추다|다음 각 호의 사항,2026-04-30
이해상충방지체계,갖추다,ACTION,독립된 부서로 구분되어 업무처리와 보고가 독립적으로 이루어질 것,제251조제3항,0.85,이해상충방지체계|갖추다|독립된 부서,2026-04-30
업무 담당자,기록ㆍ유지한다,ACTION,회의 또는 통신에 관한 사항,제251조제3항,0.95,내부통제기준|회의 또는 통신,2026-04-30
업무 담당자,확인을 받는다,ACTION,준법감시인,제251조제3항,0.95,내부통제기준|준법감시인,2026-04-30
내부통제기준,정하는,LOGICAL,방 법 및 절차,제251조제3항,0.9,내부통제기준|방 법 및 절차,2026-04-30
직원 파견 금지,금지함,ACTION,직원 파견,제251조제3항,0.95,직원 파견 금지|직원 파견,2026-04-30
업무 겸직 금지 및 사무실 분리,요구함,ACTION,해당 업무를 겸직하지 않음,제251조제3항제2호부터 제4호까지,0.95,업무 겸직 금지,2026-04-30
업무 겸직 금지 및 사무실 분리,요구함,ACTION,사무실이 공간적으로 분리될 것,제251조제3항제2호부터 제4호까지,0.95,사무실 분리,2026-04-30
제3호,정의함,LOGICAL,집합투자재산의 보관·관리업무만 해당한다,제251조제3항제2호부터 제4호까지,0.9,제3호 정의,2026-04-30
전산자료,요구함,ACTION,독립적으로 저장·관리·열람될 것,제251조제3항,0.95,전산자료|독립적 저장·관리·열람,2026-04-30
금융위원회,고시함,ACTION,이해상충 방지에 필요한 사항,제251조제3항,0.9,금융위원회|고시|이해상충 방지,2026-04-30
대통령령으로 정하는 업무,정의함,LOGICAL,다음 각 호의 어느 하나에 해당하는 업무,제251조제3항,0.95,대통령령으로 정하는 업무|다음 각 호의 어느 하나에 해당하는 업무,2026-04-30
대통령령으로 정하는 업무,정의함,LOGICAL,보험업법 시행령,제251조제3항,0.9,대통령령으로 정하는 업무|보험업법 시행령,2026-04-30
업무,정의함,LOGICAL,"제16조제1항제4호, 같은 조 제2항제7호, 같은 조 제3항에 따른 업무 및 같은 영",16,0.85,업무 정의|제16조 항목,2026-04-30
법제처,요구함,ACTION,부수업무,제16조의2제 1항,0.9,부수업무|법제처,2026-04-30
업무와 직접적으로 관련되지 아니한 업무,정의함,LOGICAL,법,제251조,0.9,업무와 직접적으로 관련되지 아니한 업무|법,2026-04-30
대통령령으로 정하는 방법,정의함,LOGICAL,제1항 각 호의 어느 하나에 해당하는 방법,제251조제5항,0.95,대통령령으로 정하는 방법|제1항 각 호의 어느 하나에 해당하는 방법,2026-04-30
투자자문업등,정의함,LOGICAL,제4호부터 제6호까지의 업무,제251조제3항제1호,0.9,투자자문업등|제4호부터 제6호까지의 업무,2026-04-30
이해상충방지체계,정의함,LOGICAL,금융위원회가 정하여 고시하는 체계,제251조제3항제2호부터 제4호까지,0.95,이해상충방지체계|정하는,2026-04-30
유동화자산 관리,정의함,LOGICAL,관리업무,제16조제1항제1호,0.95,유동화자산 관리|관리업무,2026-04-30
유동화자산 관리,참조함,STRUCTURE,제16조제1항제1호,제16조제1항제1호,0.9,유동화자산 관리|제16조제1항제1호,2026-04-30
유동화자산 관리,근거함,STRUCTURE,보험업법 시행령,제16조제1항제1호,0.85,유동화자산 관리|보험업법 시행령,2026-04-30
보험업법 시행령,요구함,ACTION,유동화자산,제16조제1항제2호,0.9,유동화자산 관리,2026-04-30
유동화자산 관리,정의함,LOGICAL,유동화자산의 관리업무,제16조제1항제2호,0.8,유동화자산 관리,2026-04-30
채권유동화자산,요구함,ACTION,관리업무,제16조제1항제3호,0.95,채권유동화자산|관리업무,2026-04-30
제16조제1항제3호,참조함,STRUCTURE,보험업법 시행령,제16조제1항제3호,0.9,제16조제1항제3호|보험업법 시행령,2026-04-30
투자자문업,참조함,STRUCTURE,보험업법 시행령,제16조제2항제2호,0.9,투자자문업|보험업법 시행령,2026-04-30
제16조제2항제2호,상위조항,STRUCTURE,제16조제2항,제16조제2항제2호,0.8,제16조제2항제2호|제16조제2항,2026-04-30
투자일임업,정의함,LOGICAL,보험업법 시행령,제16조제2항제3호,0.95,투자일임업 정의|보험업법 시행령,2026-04-30
집합투자증권에 대한 투자매매업 또는 투자중개업,정의함,LOGICAL,제16조제2항제5호ㆍ제6호,제16조제2항제5호ㆍ제6호,0.95,집합투자증권에 대한 투자매매업 또는 투자중개업|제16조제2항제5호ㆍ제6호,2026-04-30
집합투자증권에 대한 투자매매업 또는 투자중개업,참조함,STRUCTURE,보험업법 시행령,제16조제2항제5호ㆍ제6호,0.9,집합투자증권에 대한 투자매매업 또는 투자중개업|보험업법 시행령,2026-04-30
퇴직연금사업자,요구함,ACTION,감독ㆍ검사,제16조제2항제8호,0.95,퇴직연금사업자|감독ㆍ검사,2026-04-30
대통령령으로 정하는 사항,정의함,LOGICAL,집합투자증권의 환매에 관한 사항,제252조제1항제3호,0.95,정의|대통령령으로 정하는 사항,2026-04-30
대통령령으로 정하는 사항,정의함,LOGICAL,집합투자재산의 평가와 회계에 관한 사항,제252조제1항제3호,0.95,정의|대통령령으로 정하는 사항,2026-04-30
대통령령으로 정하는 사항,정의함,LOGICAL,집합투자기구의 해산과 합병에 관한 사항,제252조제1항제3호,0.95,정의|대통령령으로 정하는 사항,2026-04-30
업무,참조함,STRUCTURE,제184조제6항,제184조제6항,0.9,업무|제184조제6항,2026-04-30
법,정의함,LOGICAL,투자회사등에 대한 조치,제275조,0.6,투자회사등에 대한 조치|법,2026-04-30
대통령령으로 정하는 경우,정의함,LOGICAL,법 별표 2 제2호에 해당하는 경우,제253조제1항제7호,0.95,대통령령으로 정하는 경우|법 별표 2 제2호,2026-04-30
제81조제1항,참조함,STRUCTURE,법,81,0.9,제81조제1항|법,2026-04-30
집합투자재산을 운용한 경우,해당함,LOGICAL,법 별표 2 제4호,제84조제1항,0.9,집합투자재산 운용|제84조제1항 위반,2026-04-30
집합투자재산을 운용한 경우,위반함,ACTION,제84조제1항,제84조제1항,0.9,집합투자재산 운용|제84조제1항 위반,2026-04-30
위반,위반하여,ACTION,해당 행위,85,0.85,위반|해당 행위,2026-04-30
위반,해당함,LOGICAL,법 별표 2 제6호,85,0.75,위반|법 별표 2 제6호,2026-04-30
제87조,참조함,STRUCTURE,제5항(법),제87조,0.6,제87조|제5항,2026-04-30
의결권자,행사,ACTION,의결권,제186조제2항,0.95,의결권자|의결권 행사|위반,2026-04-30
의결권자,금지함,ACTION,의결권 행사,제186조제2항,0.95,의결권자|의결권 행사|위반,2026-04-30
제186조제2항,준용함,STRUCTURE,다)까지의 규정,제186조제2항,0.85,제186조제2항|준용|다)까지의 규정,2026-04-30
미공개중요정보 이용행위 금지 의무,정의함,LOGICAL,제174조,제174조,0.9,미공개중요정보 이용행위 금지 의무|제174조,2026-04-30
미공개중요정보 이용행위 금지 의무,위반,ACTION,5. 별표 6 제4호에 해당하는 경우,제174조,0.9,위반|5. 별표 6 제4호,2026-04-30
시세조종행위,위반,ACTION,금지 의무,제176조,0.95,시세조종행위|금지 의무,2026-04-30
금지 의무,제176조에 따른,STRUCTURE,제176조,제176조,0.85,금지 의무|제176조,2026-04-30
시세조종행위,위반한 경우,LOGICAL,별표 6 제5호,제176조,0.7,시세조종행위|별표 6 제5호,2026-04-30
부정거래행위 등의 금지 의무,위반,ACTION,법,178,0.9,부정거래행위|금지 의무|법,2026-04-30
대통령령으로 정하는 금융관련 법령 등,정의함,LOGICAL,정의된 내용,제253조제1항제8호,0.9,정의|대통령령|금융관련 법령,2026-04-30
법령,정의함,LOGICAL,법,제373조제2항,0.95,법령|법,2026-04-30
대통령령으로 정하는 경우,정의함,LOGICAL,정의 내용,제323조의20제1항제7호,0.9,대통령령으로 정하는 경우|정의,2026-04-30
대통령령으로 정하는 경우,참조함,STRUCTURE,제253조제1항제8호,253조제1항제8호,0.9,대통령령으로 정하는 경우,2026-04-30
해당하는 경우,정의함,LOGICAL,각 호의 어느 하나에 해당하는 경우,제373조제3항,0.95,해당하는 경우|각 호,2026-04-30
대통령령으로 정하는 경우,정의함,LOGICAL,등록을 한 날부터 6개월 이내에 집합투자재산의 운용을 시작하지 아니한 경우,제253조제1항제9호,0.9,등록을 한 날부터 6개월 이내에 집합투자재산의 운용을 시작하지 아니한 경우|정의,2026-04-30
업무정지의 조치를 받은 사람,보정하지 않다,ACTION,해당 조건,제253조제2항제1호,0.9,업무정지|보정기간|위법행위,2026-04-30
대통령령으로 정하는 조치,정의함,LOGICAL,제5항제3호부터 제5호까지의 조치,제253조제3항,0.95,대통령령으로 정하는 조치|제5항제3호부터 제5호까지의 조치,2026-04-30
대통령령으로 정하는 경우,정의함,LOGICAL,별표 6 각 호의 어느 하나에 해당하는 경우,제253조제3항제5호,0.99,대통령령으로 정하는 경우|별표 6 각 호의 어느 하나에 해당하는 경우,2026-04-30
등록취소,정의함,LOGICAL,법,제275조의2,0.8,등록취소|법,2026-04-30
대통령령으로 정하는 경우,정의함,LOGICAL,"교차판매 집합투자기구로 등록된 이후 투자한 투자자(특수관계인 제외)가 없으며, 해당 투자신탁이나 투자익 명조합의 집합투자업자 또는 투자회사등이 교차판매 집합투자기구의 등록취소를 신청한 경우",제253조제4항제5호,0.95,정의|조건,2026-04-30
대통령령으로 정하는 경우,참조함,STRUCTURE,제253조제4항제5호,제253조제4항제5호,0.9,참조|조항,2026-04-30
교차판매 집합투자기구,요구함,ACTION,외국 정부에 등록취소 사실을 통지,제253조제4항,0.95,등록취소 사실 통지|외국 정부에 통지,2026-04-30
교차판매 집합투자기구,참조함,STRUCTURE,제253조제4항,제253조제4항,0.9,제253조제4항,2026-04-30
법,정의함,LOGICAL,일반사무관리회사의 등록 요건,276,0.9,법|일반사무관리회사의 등록 요건,2026-04-30
집합투자재산의 계산 업무,정의함,LOGICAL,집합투자재산의 계산 업무 (제238조제6항 기준가격 산정용),제238조제6항,0.95,집합투자재산의 계산 업무|기준가격 산정|제238조제6항,2026-04-30
집합투자재산의 계산 업무,참조함,STRUCTURE,제238조제6항,제238조제6항,0.9,제238조제6항|집합투자재산의 계산 업무,2026-04-30
대통령령으로 정하는 금융기관,정의함,LOGICAL,금융기관,제254조제2항제1호다목,0.99,대통령령으로 정하는 금융기관|금융기관,2026-04-30
금융 기관,정의함,LOGICAL,제16조제1항제1호부터 제5호까지의 금융 기관,제16조제1항,0.95,정의|금융 기관,2026-04-30
대통령령으로 정하는 금액,정의함,LOGICAL,20억원,제254조,0.99,대통령령으로 정하는 금액|20억원,2026-04-30
전문인력,정의함,LOGICAL,집합투자 재산의 계산전문인력,제254조제2항제3호,0.95,전문인력|집합투자 재산의 계산전문인력,2026-04-30
검사대상기관,정의함,LOGICAL,외국 금융투자업자,38,0.95,검사대상기관 정의|외국 금융투자업자,2026-04-30
검사대상기관,정의함,LOGICAL,국가재정법,38,0.95,검사대상기관 정의|국가재정법,2026-04-30
검사대상기관,상위조항,STRUCTURE,제38조,38,0.9,검사대상기관 정의|제38조,2026-04-30
기금관리주체,정의함,LOGICAL,같은 법,제9조제4항,0.95,기금관리주체 정의|같은 법,2026-04-30
기금관리주체,참조함,STRUCTURE,제9조제4항,제9조제4항,0.9,제9조제4항에 따른,2026-04-30
연금관리공단,위탁받다,ACTION,기금의 관리·운용,제77조제1항,0.9,연금관리공단|기금의 관리·운용,2026-04-30
물적 설비,정의함,LOGICAL,"전산설비, 업무공간 및 사무장비",제254조제2항제4호,0.95,물적 설비 정의|전산설비|업무공간|사무장비,2026-04-30
물적 설비,정의함,LOGICAL,보완설비,제254조제2항제4호,0.95,물적 설비 정의|보완설비,2026-04-30
이해상충방지체계,정의함,LOGICAL,일반사무관리회사의 업무와 그 외의 업무 간에 독립된 부서로 구분되어 업무처리와 보고가 독립적으로 이루어질 것,제254조제2항제6호,0.95,이해상충방지체계 정의|독립된 부서,2026-04-30
이해상충방지체계,정의함,LOGICAL,일반사무관리회사의 업무와 그 외의 업무 간에 직원의 겸직이나 파견을 금지할 것,제254조제2항제6호,0.95,이해상충방지체계 정의|직원 겸직 금지,2026-04-30
이해상충방지체계,정의함,LOGICAL,일반사무관리회사의 업무와 그 외의 업무를 하는 사무실이 정보공유를 막을 수 있을 정도로 공간적으로 분리될 것,제254조제2항제6호,0.95,이해상충방지체계 정의|공간적 분리,2026-04-30
이해상충방지체계,정의함,LOGICAL,일반사무관리회사의 업무와 그 외의 업무에 관한 전산자료가 공유될 수 없도록 독립되어 저장ㆍ관리ㆍ열람될 것,제254조제2항제6호,0.95,이해상충방지체계 정의|전산자료 독립 저장,2026-04-30
대통령령으로 정하는 금융업,정의함,LOGICAL,금융업,제254조제2항제6호,0.95,정의|금융업,2026-04-30
대통령령으로 정하는 완화된 요건,정의함,LOGICAL,최저자기자본의 100분의 70 이상,제254조제8항,0.95,완화된 요건|최저자기자본,2026-04-30
법,정의함,LOGICAL,등록의 방법 및 절차,제277조,0.85,등록|방법 및 절차,2026-04-30
등록신청서,기재,ACTION,기재사항,제254조제3항,0.95,등록신청서|기재사항,2026-04-30
전문인력,정의함,LOGICAL,전문인력에 관한 사항 6,제276조제4항,0.9,전문인력|정의,2026-04-30
전문인력,참조함,STRUCTURE,제276조제4항,제276조제4항,0.8,전문인력|제276조제4항,2026-04-30
물적 설비,준용함,STRUCTURE,제276조제5항,제276조제5항,0.95,물적 설비|제276조제5항,2026-04-30
등록신청서,첨부해야 한다,ACTION,정관,제276조제6항,0.95,정관|서류 첨부,2026-04-30
등록신청서,첨부해야 한다,ACTION,주주의 성명서 및 소유주식수 기재 서류,제276조제6항,0.95,주주의 성명서|서류 첨부,2026-04-30
등록신청서,첨부해야 한다,ACTION,최근 3개 사업연도 재무제표 및 부속명세서,제276조제6항,0.95,재무제표|서류 첨부,2026-04-30
등록신청서,첨부해야 한다,ACTION,임원 이력서 및 경력증명서,제276조제6항,0.95,임원 이력서|서류 첨부,2026-04-30
등록신청서,첨부해야 한다,ACTION,전문인력 및 물적 설비 현황 서류,제276조제6항,0.95,전문인력 서류|서류 첨부,2026-04-30
금융위원회,수신함,ACTION,신청서,제276조제6항,0.9,금융위원회|신청서,2026-04-30
법인 등기사항증명서,확인해야 한다,ACTION,행정정보의 공동이용,제36조제1항,0.9,법인 등기사항증명서|행정정보의 공동이용,2026-04-30
등록의 신청내용,확인해야 한다,ACTION,사실 여부,제254조제1항,0.85,등록의 신청내용|사실 여부|확인,2026-04-30
등록요건,검토해야 한다,ACTION,충족 여부,제254조제1항,0.85,등록요건|충족 여부|검토,2026-04-30
제254조제1항,참조함,STRUCTURE,제254조제2항,제254조제1항,0.95,제254조제1항|제254조제2항|참조,2026-04-30
일반사무관리회사에 대한 감독,정의함,LOGICAL,감독,제278조,0.85,일반사무관리회사|감독,2026-04-30
대통령령으로 정하는 사항,정의함,LOGICAL,이해상충방지에 관한 사항,제256조제1항제4호,0.95,정의|대통령령으로 정하는 사항,2026-04-30
대통령령으로 정하는 사항,정의함,LOGICAL,업무수탁에 관한 사항,제256조제1항제4호,0.95,정의|대통령령으로 정하는 사항,2026-04-30
대통령령으로 정하는 사항,정의함,LOGICAL,협회에 가입하지 아니한 일반사무관리회사에 대하여 협회가 건전한 영업질서의 유지와 투자자를 보호하기 위하여 행하는 자율규제에 준하는 내부기준을 제정하도록 하는 것에 관한 사항,제256조제1항제4호,0.95,정의|대통령령으로 정하는 사항,2026-04-30
일반사무관리회사,준용함,LOGICAL,법,제279조,0.6,일반사무관리회사|법,2026-04-30
대통령령으로 정하는 조치,정의함,LOGICAL,"지점, 그 밖의 영업소의 폐쇄 또는 그 업무의 전부나 일부의 정지",제257조제2항제7호,0.95,정의|대통령령|조치,2026-04-30
대통령령으로 정하는 조치,정의함,LOGICAL,경영이나 업무방법의 개선요구 또는 개선권고,제257조제2항제7호,0.95,정의|대통령령|조치,2026-04-30
대통령령으로 정하는 조치,참조함,STRUCTURE,제257조제2항제7호,제257조제2항제7호,0.9,참조|정의,2026-04-30
대통령령으로 정하는 조치,정의함,LOGICAL,제1항제4호부터 제6호까지의 조치,제257조,0.95,정의|대통령령으로 정하는 조치,2026-04-30
대통령령으로 정하는 경우,정의함,LOGICAL,이 영 별표 7 각 호의 어느 하나에 해당하는 경우,제257조,0.9,정의|대통령령으로 정하는 경우,2026-04-30
집합투자기구평가회사,요구함,ACTION,등록 요건,제280조,0.8,등록 요건|집합투자기구평가회사,2026-04-30
전문 인력,정의함,LOGICAL,대통령령으로 정하는 기준의 전문 인력,제258조제2항제4호,0.99,전문 인력 정의|대통령령 기준,2026-04-30
집합투자기구 평가전문인력,정의함,LOGICAL,"3명 이상의 집합투자기구 평가전문인력으로서, 기관 또는 집합투자기구평가회사에서 증권·집합투자기구 등의 평가·분석업무나 기업금융업무에 2년 이상 종사한 경력이 있는 인력",제276조제4항제1호~제3호,0.95,집합투자기구 평가전문인력|정의|경력|평가·분석업무|기업금융업무,2026-04-30
집합투자기구평가체계,정의함,LOGICAL,다음 각 호의 사항에 대한 집합투자 기구평가체계: 1. 평가대상 집합투자기구에 관한 사항; 2. 집합투자기구의 유형 분류 기준 및 유형별 기준지표에 관한 사항; 3. 수익률과 위험지표의 계산에 관한 사항; 4. 집합투자기구의 등급 결정에 관한 사항; 5. 자료제공과 공시 등에 관한 사항,제258조제2항제7호,0.95,집합투자기구평가체계 정의|대통령령 정하는,2026-04-30
이해상충방지체계,정의함,LOGICAL,집합투자기구평가회사의 업무와 그 외의 업무 간에 독립된 부서로 구분되어 업무처리와 보고가 독립적으로 이루어질 것,제258조제1항제8호,0.95,이해상충방지체계 정의|독립된 부서|업무처리와 보고의 독립성,2026-04-30
이해상충방지체계,정의함,LOGICAL,집합투자기구평가회사의 업무와 그 외의 업무 간에 직원의 겸직과 파견을 금지할 것,제258조제1항제8호,0.95,이해상충방지체계 정의|직원 겸직 금지|파견 금지,2026-04-30
이해상충방지체계,정의함,LOGICAL,집합투자기구평가회사의 업무와 그 외의 업무를 하는 사무실이 정보공유를 막을 수 있을 정도로 공간적으로 분리될 것,제258조제1항제8호,0.95,이해상충방지체계 정의|공간적 분리|정보공유 차단,2026-04-30
이해상충방지체계,정의함,LOGICAL,집합투자기구평가회사의 업무와 그 외의 업무에 관한 전산자료가 공유될 수 없도록 독립되어 저장·관리·열람될 것,제258조제1항제8호,0.95,이해상충방지체계 정의|전산자료 독립 저장|관리·열람 차단,2026-04-30
대통령령으로 정하는 금융업,정의함,LOGICAL,은행업,제263조제2항제8호,0.99,정의|금융업,2026-04-30
대통령령으로 정하는 금융업,정의함,LOGICAL,보험업,제263조제2항제8호,0.99,정의|금융업,2026-04-30
대통령령으로 정하는 금융업,정의함,LOGICAL,금융투자업,제263조제2항제8호,0.99,정의|금융업,2026-04-30
대통령령으로 정하는 금융업,정의함,LOGICAL,종합금융회사 업무,제263조제2항제8호,0.99,정의|금융업,2026-04-30
대통령령으로 정하는 금융업,참조함,STRUCTURE,제258조제2항제8호,제258조제2항제8호,0.9,참조|제258조제2항제8호,2026-04-30
완화된 요건,정의함,LOGICAL,최저자기자본의 100분의 70 이상,제258조제8항,0.97,완화된 요건|최저자기자본의 100분의 70 이상,2026-04-30
등록,정의함,LOGICAL,법,281,0.9,등록|법,2026-04-30
등록신청서,요구함,ACTION,각 호의 사항,제258조제3항,0.95,등록신청서|각 호의 사항,2026-04-30
등록신청서,기재,ACTION,상호,제258조제3항,0.95,등록신청서|상호,2026-04-30
등록신청서,기재,ACTION,본점의 소재지,제258조제3항,0.95,등록신청서|본점의 소재지,2026-04-30
등록신청서,기재,ACTION,자기자본 등 재무에 관한 사항,제258조제3항,0.95,등록신청서|자기자본 등 재무에 관한 사항,2026-04-30
등록신청서,기재,ACTION,임원에 관한 사항,제258조제3항,0.95,등록신청서|임원에 관한 사항,2026-04-30
물적 설비,참조함,STRUCTURE,제280조제3항,제280조제3항,0.9,물적 설비|제280조제3항에 따른,2026-04-30
등록신청서,요구함,ACTION,정관,제285조제6항,0.99,등록신청서|정관,2026-04-30
등록신청서,요구함,ACTION,주주의 성명 또는 명칭과 그 소유주식수를 기재한 서류,제285조제6항,0.99,등록신청서|주주성명서,2026-04-30
등록신청서,요구함,ACTION,최근 3개 사업연도의 재무제표와 그 부속명세서,제285조제6항,0.99,등록신청서|재무제표,2026-04-30
등록신청서,요구함,ACTION,임원의 이력서와 경력증명서,제285조제6항,0.99,등록신청서|임원이력서,2026-04-30
등록신청서,요구함,ACTION,전문인력과 물적 설비의 현황을 확인할 수 있는 서류,제280조제5항,0.95,등록신청서|전문인력 서류 첨부,2026-04-30
등록신청서,요구함,ACTION,서류,제285조제6항,0.99,등록신청서|서류,2026-04-30
서류,확인할 수 있는,LOGICAL,집합투자기구평가체계,제280조제5항,0.85,집합투자기구평가체계|서류,2026-04-30
금융위원회,요구함,ACTION,법인 등기사항증명서,제36조제1항,0.95,법인 등기사항증명서|행정정보의 공동이용,2026-04-30
등록요건,검토,ACTION,충족 여부,제258조,0.95,등록요건|검토|충족 여부,2026-04-30
등록의 신청내용,확인,ACTION,사실여부,제258조,0.9,등록의 신청내용|확인|사실여부,2026-04-30
영업행위준칙,정의함,LOGICAL,법,제282조,0.4,영업행위준칙|법,2026-04-30
집합투자기구평가회사,공시,ACTION,평가기준,제259조제2항,0.95,공시|평가기준,2026-04-30
집합투자기구평가회사,공시하거나 제공,ACTION,비교기준,제259조제2항,0.9,공시|비교기준,2026-04-30
집합투자기구평가회사,수정공시하거나 제공,ACTION,수정내용,제259조제2항,0.9,수정|공시,2026-04-30
집합투자재산의 명세,제공할 수 있다,ACTION,집합투자기구평가회사,제259조제2항,0.8,제공|집합투자재산의 명세,2026-04-30
집합투자기구평가회사,요구함,ACTION,감독,제283조,0.9,집합투자기구평가회사|감독,2026-04-30
대통령령으로 정하는 사항,정의함,LOGICAL,협회에 가입하지 아니한 집합투자기구평가회사에 대하여 협회가 건전한 영업질서의 유지와 투자자를 보호하기 위하여 행하는 자율규제에 준하는 내부기준을 제정하도록 하는 것에 관한 사항,제261조제1항제4호,0.95,대통령령으로 정하는 사항|협회에 가입하지 아니한 집합투자기구평가회사에 대하여 협회가 건전한 영업질서의 유지와 투자자를 보호하기 위하여 행하는 자율규제에 준하는 내부기준을 제정하도록 하는 것에 관한 사항,2026-04-30
집합투자기구평가회사에 대한 조치,정의함,LOGICAL,법,284,0.6,집합투자기구평가회사에 대한 조치|법,2026-04-30
대통령령으로 정하는 조치,정의함,LOGICAL,제262조제2항제7호에 정의된 조치,제262조제2항제7호,0.95,대통령령으로 정하는 조치|제262조제2항제7호|정의,2026-04-30
대통령령으로 정하는 조치 및 경우,정의함,LOGICAL,제1항제4호부터 제6호까지의 조치,제262조제3항제6호,0.95,대통령령으로 정하는 조치|정의,2026-04-30
대통령령으로 정하는 조치 및 경우,정의함,LOGICAL,이 영 별표 8 각 호의 어느 하나에 해당하는 경우,제262조제3항제6호,0.95,대통령령으로 정하는 경우|정의,2026-04-30
법,정의함,LOGICAL,채권평가회사의 등록 요건 등,제285조,0.6,법|채권평가회사|등록요건,2026-04-30
대통령령으로 정하는 금액,정의함,LOGICAL,30억원,제263조제2항제2호,0.99,대통령령으로 정하는 금액|30억원,2026-04-30
대통령령으로 정하는 기준의 전문인력,정의함,LOGICAL,다음 각 호의 어느 하나에 해당하는 사람 3명 이상을 포함하여 금융투자상품의 평가ㆍ분석업무에 상근하는 10명 이상의 집합투자재산 평가전문인력,제263조제2항제4호,0.95,정의|전문인력,2026-04-30
물적 설비,정의함,LOGICAL,"채권평가회사의 업무를 하기에 필요한 전산설비, 업무공간 및 사무장비와 정전·화재 등 사고 발생 시 업무 연속성을 유지하기 위하여 필요한 보완설비",제263조제2항제5호,0.95,물적 설비 정의|전산설비|업무공간|사무장비|보완설비,2026-04-30
대통령령으로 정하는 채권 등의 가격평가체계,정의함,LOGICAL,가격평가체계,제263조제2항제7호,0.98,정의|가격평가체계,2026-04-30
대통령령으로 정하는 채권 등의 가격평가체계,포함함,LOGICAL,평가대상 채권 등에 관한 사항,제263조제2항제7호,0.95,포함|항목,2026-04-30
대통령령으로 정하는 채권 등의 가격평가체계,포함함,LOGICAL,채권 등의 분류기준에 관한 사항,제263조제2항제7호,0.95,포함|항목,2026-04-30
대통령령으로 정하는 채권 등의 가격평가체계,포함함,LOGICAL,수익률 계산방법,제263조제2항제7호,0.95,포함|항목,2026-04-30
대통령령으로 정하는 채권 등의 가격평가체계,포함함,LOGICAL,자료제공과 공시 등에 관한 사항,제263조제2항제7호,0.95,포함|항목,2026-04-30
이해상충방지체계,정하는,LOGICAL,업무와 그 외의 업무 간에 독립된 부서로 구분되어 업무처리와 보고가 독립적으로 이루어질 것,제263조제2항제8호,0.95,이해상충방지체계 정의|독립부서,2026-04-30
이해상충방지체계,정하는,LOGICAL,업무와 그 외의 업무 간에 직원의 겸직과 파견을 금지할 것,제263조제2항제8호,0.95,이해상충방지체계 정의|직원 겸직 금지,2026-04-30
이해상충방지체계,정하는,LOGICAL,업무와 그 외의 업무를 하는 사무실이 정보공유를 막을 수 있을 정도로 공간적으로 분리될 것,제263조제2항제8호,0.95,이해상충방지체계 정의|공간적 분리,2026-04-30
이해상충방지체계,정하는,LOGICAL,업무와 그 외의 업무에 관한 전산자료가 공유될 수 없도록 독립되어 저장ㆍ관리ㆍ열람될 것,제263조제2항제8호,0.95,이해상충방지체계 정의|전산자료 독립 저장,2026-04-30
제263조제2항제8호,정의함,LOGICAL,이해상충방지체계,제263조제2항제8호,0.9,제263조제2항제8호|이해상충방지체계 정의,2026-04-30
유지요건,적용함,ACTION,매 회계연도말,제263조제8항,0.9,유지요건|회계연도말,2026-04-30
채권평가회사,간주함,LOGICAL,유지요건,제263조제8항,0.9,채권평가회사|유지요건|회계연도말,2026-04-30
전문인력,정의함,LOGICAL,제285조제3항에 따른 전문인력에 관한 사항 6,제285조제3항,0.9,전문인력|제285조제3항,2026-04-30
전문인력,참조함,STRUCTURE,제285조제3항,제285조제3항,0.8,전문인력|제285조제3항,2026-04-30
물적 설비에 관한 사항,정의함,LOGICAL,제285조제4항,제285조제4항,0.9,물적 설비에 관한 사항|제285조제4항,2026-04-30
제285조제4항,참조함,STRUCTURE,물적 설비,제285조제4항,0.9,제285조제4항|물적 설비,2026-04-30
등록신청서,요구함,ACTION,전문인력과 물적 설비 등의 현황을 확인할 수 있는 서류,제285조제6항,0.99,등록신청서|전문인력·물적설비 서류,2026-04-30
업무준칙,정의함,LOGICAL,법,287,0.85,업무준칙 정의|법,2026-04-30
대통령령으로 정하는 사항,정의함,LOGICAL,보편타당하고 공정한 기준에 따라 채권 등 자산의 가격평가업무를 일관성이 유지되도록 하기 위한 사항,제264조제1항,0.95,정의|대통령령|정하는 사항,2026-04-30
대통령령으로 정하는 사항,정의함,LOGICAL,미공개정보의 이용을 금지하기 위한 사항,제264조제1항,0.95,정의|대통령령|정하는 사항,2026-04-30
대통령령으로 정하는 사항,정의함,LOGICAL,채권 등 자산의 가격평가업무를 위하여 얻은 정보를 다른 업무를 하는 데에 이용하지 아니하도록 하기 위한 사항,제264조제1항,0.95,정의|대통령령|정하는 사항,2026-04-30
채권평가회사,요구함,ACTION,평가기준,제264조제2항,0.95,공시|평가기준,2026-04-30
채권평가회사,요구함,ACTION,수정내용,제264조제2항,0.95,공시|수정내용,2026-04-30
집합투자업자,제공할 수 있다,ACTION,집합투자재산의 명세,제264조제2항,0.9,제공|집합투자재산의 명세,2026-04-30
채권평가회사에 대한 감독,정의함,LOGICAL,채권평가회사,288,0.8,supervision|bond appraisal company,2026-04-30
대통령령으로 정하는 사항,정의함,LOGICAL,협회에 가입하지 아니한 채권평가회사에 대하여 협회가 건전한 영업질서의 유지와 투자자를 보호하기 위하여 행 하는 자율규제에 준하는 내부기준을 제정하도록 하는 것에 관한 사항,제266조제1항제4호,0.95,대통령령으로 정하는 사항|정의,2026-04-30
채권평가회사,참조함,STRUCTURE,법,289,0.7,채권평가회사|법,2026-04-30
삭제,정의함,LOGICAL,제290조가 삭제됨,제290조,0.95,삭제|제290조,2026-04-30
제291조,삭제함,ACTION,삭제,291,1.0,삭제,2026-04-30
제292조,삭제됨,STRUCTURE,삭제된 조항,292,0.95,삭제|제292조,2026-04-30
삭제,삭제,STRUCTURE,제293조,293,0.95,삭제,2026-04-30
삭제,삭제함,STRUCTURE,제294조,294,0.95,삭제,2026-04-30
삭제,정의함,LOGICAL,제295조가 삭제됨,제295조,0.95,삭제,2026-04-30
삭제,정의함,LOGICAL,제296조,296,0.95,삭제|제296조,2026-04-30
법령,삭제함,ACTION,제297조의2,제297조의2,0.95,삭제|법령,2026-04-30
제298조,삭제됨,STRUCTURE,2014.12.9,298,1.0,삭제|제거,2026-04-30
제299조,삭제함,STRUCTURE,삭제됨,299,0.95,삭제|제299조,2026-04-30
삭제,삭제함,ACTION,제300조,300,0.95,삭제|제300조,2026-04-30
삭제,정의함,LOGICAL,제300조의2,제300조의2,0.95,삭제|제300조의2 삭제,2026-04-30
외국 집합투자업자,정의함,LOGICAL,적격 요건,제301조,0.7,외국 집합투자업자|적격 요건,2026-04-30
외국 집합투자업자,충족해야 한다,ACTION,운용자산규모가 1조원 이상,제279조제2항,0.95,외국 집합투자업자 적격 요건|운용자산규모,2026-04-30
외국 집합투자업자,예외로함,LOGICAL,위탁받은 외국 집합투자업자의 운용자산규모가 1조원 이상이어야 한다,제279조제2항,0.95,외국 집합투자업자 적격 요건|위탁받은 외국 집합투자업자,2026-04-30
운용자산규모,정의함,LOGICAL,금융위원회가 정하여 고시하는 방법에 따라 계산한 것,제279조제2항,0.95,운용자산규모|금융위원회,2026-04-30
외국 집합투자업자 적격 요건,정의함,LOGICAL,운용자산규모가 1조원 이상,제279조제2항,0.95,외국 집합투자업자 적격 요건|운용자산규모,2026-04-30
외국 집합투자업자 적격 요건,참조함,STRUCTURE,제279조제2항,제279조제2항,0.95,외국 집합투자업자 적격 요건,2026-04-30
집합투자업 인가업무 단위,요구함,ACTION,최저자기자본 이상,229,0.95,최저자기자본,2026-04-30
집합투자업 인가업무 단위,금지함,ACTION,최근 3년간 업무정지 이상 행정처분 또는 벌금형 이상 형사처벌을 받은 사실,229,0.9,업무정지|벌금형|형사처벌,2026-04-30
집합투자업 인가업무 단위,요구함,ACTION,연락책임자를 국내에 둠,229,0.9,연락책임자|국내,2026-04-30
외국 집합투자증권,요구함,ACTION,"OECD 회원국(속령 제외), 홍콩·싱가포르 또는 총리령으로 정한 국가의 법률에 따라 발행되었거나 발행 예정",229,0.9,OECD|홍콩|싱가포르|총리령,2026-04-30
외국 집합투자증권,요구함,ACTION,보수·수수료 등 투자자가 부담하는 비용이 명확히 규정되고 국제관례에 비추어 지나치게 높은 금액으로 설정되지 않음,229,0.9,보수|수수료|국제관례,2026-04-30
외국 집합투자증권,요구함,ACTION,투자자의 요구에 따라 직접적·간접적으로 환매 등의 방법으로 투자금액 회수가 가능함,229,0.9,환매|투자금액 회수,2026-04-30
외국 집합투자증권,요구함,ACTION,금융위원회가 정하여 고시하는 요건을 충족함,229,0.9,금융위원회|고시요건,2026-04-30
어느 하나에 해당하는 자,정의함,LOGICAL,제10조제2항제1호부터 제17호까지의 어느 하나에 해당하는 자 4.,제10조제2항제1호,0.95,정의|어느 하나에 해당하는 자,2026-04-30
자,판매,ACTION,외국집합투자증권,제10조제3항,0.95,자|외국집합투자증권|판매,2026-04-30
자,요구함,ACTION,외국집합투자증권 판매 요건,제10조제3항,0.9,외국집합투자증권|판매|요건,2026-04-30
제279조제2항제1호,근거함,STRUCTURE,제279조제2항제1호에 따라,제279조제2항제1호,0.9,제279조제2항제1호|제279조제2항제1호에 따라,2026-04-30
외국 집합투자증권 판매,준용함,STRUCTURE,법,제7조제4항제6호의2,0.85,외국 집합투자증권 판매|법 적용,2026-04-30
제280조제1항 적용 금지,정의함,LOGICAL,제280조제1항을 적용하지 않는다.,제280조제1항,0.95,제280조제1항 적용 금지|제280조제1항을 적용하지 않는다.,2026-04-30
제280조제1항 적용 금지,금지함,ACTION,제280조제1항,제280조제1항,0.95,제280조제1항 적용 금지|제280조제1항,2026-04-30
외국 투자신탁 및 외국 투자익명조합의 외국 집합투자업자 또는 외국 투자회사,판매하려는,ACTION,외국 교차판매 집합투자기구의 집합투자증권,제279조제1항,0.95,외국 교차판매 집합투자기구의 집합투자증권|판매하려는,2026-04-30
외국 투자신탁 및 외국 투자익명조합의 외국 집합투자업자 또는 외국 투자회사,요건을 갖추어야 한다,ACTION,다음 각 호의 요건,제279조제1항,0.9,요건|갖추어야 한다,2026-04-30
제279조제1항,적용되는 조항,STRUCTURE,외국 교차판매 집합투자기구의 집합투자증권 판매,제279조제1항,0.85,제279조제1항|적용,2026-04-30
외국 집합투자기구,갖출,ACTION,요건,제211조의2제2항,0.95,요건|갖출,2026-04-30
외국 집합투자기구,제출함,ACTION,교차판매 집합투자기구 고유등록번호,제211조의2제2항,0.9,고유등록번호|제출,2026-04-30
금융위원회,확인함,ACTION,교차판매 집합투자기구 등록 사실,제211조의2제2항,0.85,확인|등록 사실,2026-04-30
외국 집합투자기구,갖출,ACTION,제1항제1호라목의 요건,제211조의2제2항,0.9,제1항제1호라목|요건,2026-04-30
외국 투자신탁이나 외국 투자익명조합의 외국 집합투자업자 또는 외국 투자회사등,적용할 수 있다,ACTION,외국 집합투자업자 적격 요건 및 외국 집합투자증권 판매적격 요건,제279조제2항제2호,0.95,적용|적격 요건,2026-04-30
제279조제2항제2호,참조함,STRUCTURE,제1항,제279조제2항제2호,0.9,제1항|각 호,2026-04-30
자국(自國),금지함,ACTION,등록 거부 및 판매 제한 조치,제182조의2제1항,0.95,등록 거부|판매 제한|정당한 사유 없음,2026-04-30
제182조의2제1항,참조함,STRUCTURE,금융위원회에 등록된 교차판매 집합투자기구,제182조의2제1항,0.9,금융위원회 등록|교차판매 집합투자기구,2026-04-30
열람,정의함,LOGICAL,장부·서류,302,0.6,열람|장부·서류,2026-04-30
대통령령으로 정하는 장부ㆍ서류,정의함,LOGICAL,집합투자재산 명세서에 상당하는 서류,제280조제3항,0.95,정의|장부ㆍ서류,2026-04-30
대통령령으로 정하는 장부ㆍ서류,정의함,LOGICAL,집합투자증권 기준가격대장에 상당하는 서류,제280조제3항,0.95,정의|장부ㆍ서류,2026-04-30
대통령령으로 정하는 장부ㆍ서류,정의함,LOGICAL,재무제표와 그 부속명세서,제280조제3항,0.95,정의|장부ㆍ서류,2026-04-30
대통령령으로 정하는 장부ㆍ서류,정의함,LOGICAL,집합투자재산 운용내역서에 상당하는 서류,제280조제3항,0.95,정의|장부ㆍ서류,2026-04-30
정당한 사유,정의함,LOGICAL,다음 각 호의 어느 하나에 해당하는 경우,제280조제3항,0.95,정의|정당한 사유,2026-04-30
"외국 투자신탁 및 외국 투자익명조합의 외국 집합투자업자, 외국 투자회사 등 또는 외국 집합투자증권을 판매한 투자매매업자 또는 투자중개업자",금지함,ACTION,열람이나 교부가 불가능,제280조제3항,0.9,금지|열람|교부,2026-04-30
"외국 투자신탁 및 외국 투자익명조합의 외국 집합투자업자, 외국 투자회사 등 또는 외국 집합투자증권을 판매한 투자매매업자 또는 투자중개업자",요구함,ACTION,서면을 투자자에게 교부,제280조제3항,0.9,요구|서면|투자자,2026-04-30
대통령령으로 정하는 경우,정의함,LOGICAL,외화자산에 투자하는 경우로서 기준가격을 매일 공고ㆍ게시하기 곤란한 경우,제280조제4항,0.95,정의|대통령령|사례,2026-04-30
대통령령으로 정하는 경우,정의함,LOGICAL,환매금지형집합투자기구에 상당하는 외국 환매금지형집합투자기구의 경우,제280조제4항,0.95,정의|대통령령|사례,2026-04-30
대통령령으로 정하는 경우,정의함,LOGICAL,외국집합투자기구가 설정ㆍ설립된 국가의 법령에 따라 기준가격을 매일 공고ㆍ게시하지 아니할 수 있도록 허용 되어 있는 경우,제280조제4항,0.95,정의|대통령령|사례,2026-04-30
외국집합투자증권,금지함,ACTION,국내에서 판매하거나 판매를 위한 광고,제279조 제1항,0.95,등록되기 전|외국집합투자증권|국내에서 판매|판매를 위한 광고,2026-04-30
금융소비자 보호,참조함,STRUCTURE,제87조제4항제3호,제87조,0.95,금융소비자 보호|제87조제4항제3호,2026-04-30
금융소비자 보호,참조함,STRUCTURE,제87조제4항제4호,제87조,0.95,금융소비자 보호|제87조제4항제4호,2026-04-30
금융소비자 보호,참조함,STRUCTURE,금융소비자 보호에 관한 법률,제87조,0.95,금융소비자 보호|금융소비자 보호에 관한 법률,2026-04-30
준용,준용함,ACTION,제22조제4항제2호나목,제22조제4항제2호나목,0.95,준용|제22조제4항제2호나목,2026-04-30
집합투자업자,정의함,LOGICAL,외국 집합투자업자,제87조제4항제3호,0.95,정의,2026-04-30
집합투자기구,정의함,LOGICAL,외국 집합투자기구,제87조제4항제3호,0.95,정의,2026-04-30
집합투자증권,정의함,LOGICAL,외국 집합투자증권,제87조제4항제3호,0.95,정의,2026-04-30
대통령령으로 정하는 투자성 상품,정의함,LOGICAL,외국 집합투자증권,제87조제4항제3호,0.95,정의,2026-04-30
해당 투자성 상품,정의함,LOGICAL,외국 집합투자증권,제87조제4항제3호,0.95,정의,2026-04-30
자산운용보고서,준용함,STRUCTURE,제280조제2항,제280조제2항,0.95,자산운용보고서|제280조제2항,2026-04-30
자산운용보고서,준용함,STRUCTURE,법,제280조제2항,0.9,자산운용보고서|법,2026-04-30
투자매매업자 또는 투자중개업자,요구함,ACTION,자산운용보고서,88,0.9,자산운용보고서|작성|제공,2026-04-30
투자매매업자 또는 투자중개업자,요구함,ACTION,외국 집합투자증권,88,0.9,외국 집합투자증권|판매,2026-04-30
등록취소,정의함,LOGICAL,외국 집합투자기구의 등록취소,304,0.7,등록취소|외국 집합투자기구,2026-04-30
대통령령으로 정하는 경우,정의함,LOGICAL,외국 집합투자기구가 해지되거나 해산한 경우 및 법에 따른 경우,제282조제1항제7호,0.95,대통령령으로 정하는 경우|외국 집합투자기구|해지|해산|법,2026-04-30
법,준용함,LOGICAL,제281조제2항,281,0.9,준용|법|제281조제2항,2026-04-30
외국 집합투자업자 또는 외국 투자회사 등,신청,ACTION,외국 집합투자기구의 등록취소,제419조제1항,0.95,등록취소 신청|외국 집합투자업자,2026-04-30
전환,허용함,ACTION,외국 집합투자증권의 국내판매 대상이 전문 투자자 및 일반 투자자에게도 판매 가능하도록 확대,제301조제2항,0.9,전환|판매 대상 확대,2026-04-30
전환,근거함,STRUCTURE,제6편 금융투자업관계기관 제1장 한국금융투자협회,제301조제2항,0.8,전환|제6편 금융투자업관계기관 제1장 한국금융투자협회,2026-04-30
법,정의함,LOGICAL,설립등기,제305조,0.7,설립등기|법,2026-04-30
협회,기재,ACTION,사항,제283조제3항,0.98,협회|설립등기|기재|사항,2026-04-30
협회,첨부,ACTION,서류,제283조제3항,0.98,협회|설립등기|첨부|서류,2026-04-30
설립등기,요구함,ACTION,기재,제283조제3항,0.95,설립등기|기재,2026-04-30
설립등기,요구함,ACTION,첨부,제283조제3항,0.95,설립등기|첨부,2026-04-30
정관승인서,요구함,ACTION,사본,제3조,0.8,정관승인서|사본,2026-04-30
정관승인서,참조함,STRUCTURE,제3조,제3조,0.9,정관승인서|제3조,2026-04-30
합병승인서의 사본,정의함,LOGICAL,제3조,제3조,0.95,합병승인서의 사본,2026-04-30
합병계약서,참조함,STRUCTURE,제3조,제3조,0.9,제3조에 따른|합병계약서,2026-04-30
합병계약서,준용함,STRUCTURE,법,제3조,0.7,5. 법,2026-04-30
합병대상협회,정의함,LOGICAL,합병 전 합병대상협회(법,제3조,0.95,합병대상협회|정의,2026-04-30
합병대상협회,정의함,LOGICAL,합병대상협회,제3조제1항,0.95,합병대상협회 정의,2026-04-30
합병대상협회,참조함,STRUCTURE,제3조제1항,제3조제1항,0.9,제3조제1항 참조,2026-04-30
서면 7,증명함,ACTION,"그 자에 대하여 변제, 담보의 제공 또는 신탁을 하였다는 사실 또는 그 자가 합병으로 인하여 손해를 입을 염려가 없다는 것",제3조제6항,0.9,서면|증명,2026-04-30
서면 8,증명함,ACTION,합병 전 합병대상협회에 현존하는 순자산액,제3조제6항,0.9,서면|증명,2026-04-30
서면,증명함,ACTION,협회의 임원이 취임을 승낙하였다는 것,제3조제6항,0.9,서면|증명,2026-04-30
회원,정의함,LOGICAL,제306조(회원) 법,306,0.7,회원|법,2026-04-30
대통령령으로 정하는 자,정의함,LOGICAL,일반사무관리회사,제285조제1항,0.99,대통령령으로 정하는 자|일반사무관리회사,2026-04-30
대통령령으로 정하는 자,정의함,LOGICAL,집합투자기구평가회사,제285조제1항,0.99,대통령령으로 정하는 자|집합투자기구평가회사,2026-04-30
대통령령으로 정하는 자,정의함,LOGICAL,채권평가회사,제285조제1항,0.99,대통령령으로 정하는 자|채권평가회사,2026-04-30
대통령령으로 정하는 자,정의함,LOGICAL,신용평가회사,제285조제1항,0.99,대통령령으로 정하는 자|신용평가회사,2026-04-30
대통령령으로 정하는 자,정의함,LOGICAL,협회 정관에서 회원으로 정하는 자,제285조제1항,0.99,대통령령으로 정하는 자|협회 정관에서 회원으로 정하는 자,2026-04-30
대통령령으로 정하는 주요직무 종사자,정의함,LOGICAL,투자권유자문 관리인력(투자권유자문인력 관리업무를 수행하는 자),제286조제1항제3호라목,0.95,정의|대통령령|주요직무 종사자,2026-04-30
집합투자재산 계산전문인력,이어야 한다,ACTION,3인,제276조제4항,0.95,집합투자재산 계산전문인력|3인,2026-04-30
집합투자기구,요구함,ACTION,평가전문인력,제280조제2항,0.8,집합투자기구|평가전문인력|제280조제2항,2026-04-30
집합투자재산 평가전문인력,정의함,LOGICAL,제285조제3항에 따른 집합투자재산 평가전문인력 5.,제285조제3항,0.9,집합투자재산 평가전문인력|제285조제3항,2026-04-30
대통령령으로 정하는 업무,정의함,LOGICAL,금융투자업자의 임직원 및 제1항에 따른 주요직무 종사자의 징계기록 유지와 관리에 관한 업무,제286조제1항제10호,0.95,정의|대통령령|업무,2026-04-30
대통령령으로 정하는 업무,정의함,LOGICAL,금융투자업자의 법,제286조제1항제10호,0.85,정의|대통령령|업무,2026-04-30
업무,정의함,LOGICAL,영업용순자본 및 같은 항에 따른 총위험 액의 비교공시,제30조제1항,0.95,업무|정의|영업용순자본|총위험액|비교공시,2026-04-30
업무,정의함,LOGICAL,채무증권의 매매거래에 대한 정보 관리 및 공시,제30조제1항,0.95,업무|정의|채무증권|매매거래|정보관리|공시,2026-04-30
업무,정의함,LOGICAL,금융투자업자 임직원의 직무 및 윤리 교육,제30조제1항,0.95,업무|정의|금융투자업자|임직원|직무|윤리교육,2026-04-30
업무,정의함,LOGICAL,투자광고의 자율심의,제30조제1항,0.95,업무|정의|투자광고|자율심의,2026-04-30
업무,정의함,LOGICAL,증권시장에 상장되지 않은 지분증권의 장외매매거래,제30조제1항,0.95,업무|정의|지분증권|장외매매거래,2026-04-30
업무,정의함,LOGICAL,그 밖에 정관에서 정하는 업무,제30조제1항,0.95,업무|정의|정관|업무,2026-04-30
조직,정의함,LOGICAL,법,제308조,0.95,조직|법,2026-04-30
금융투자업,준수,ACTION,구분 및 운영,제287조제1항제3호,0.95,구분 및 운영|준수,2026-04-30
금융투자업,준수,ACTION,금융투자업의 종류에 따른 구분,제287조제1항제3호,0.9,금융투자업의 종류에 따른 구분|준수,2026-04-30
금융투자업,준수,ACTION,투자매매업ㆍ투자중개업의 경우 금융투자상품의 범위에 따른 구분,제287조제1항제3호,0.9,투자매매업ㆍ투자중개업의 경우 금융투자상품의 범위에 따른 구분|준수,2026-04-30
대통령령으로 정하는 사항,정의함,LOGICAL,자산에 관한 사항,제287조제1항제10호,0.95,정의|자산에 관한 사항,2026-04-30
대통령령으로 정하는 사항,정의함,LOGICAL,임원에 관한 사항,제287조제1항제10호,0.95,정의|임원에 관한 사항,2026-04-30
대통령령으로 정하는 사항,정의함,LOGICAL,총회와 이사회에 관한 사항,제287조제1항제10호,0.95,정의|총회와 이사회에 관한 사항,2026-04-30
대통령령으로 정하는 사항,정의함,LOGICAL,회계에 관한 사항,제287조제1항제10호,0.95,정의|회계에 관한 사항,2026-04-30
대통령령으로 정하는 사항,정의함,LOGICAL,업무위탁에 관한 사항,제287조제1항제10호,0.95,정의|업무위탁에 관한 사항,2026-04-30
신탁업자,정의함,LOGICAL,업무의 위탁,제103조제1항제4호부터 제6호까지,0.95,신탁업자|업무의 위탁,2026-04-30
신탁업자,위탁,ACTION,업무,제103조제1항제4호부터 제6호까지,0.9,신탁업자|업무,2026-04-30
사항,정의함,LOGICAL,"제287조제1항제1호ㆍ제2호, 제5호부터 제8호까지 및 제2항제2호ㆍ제3호ㆍ제5호",제287조,0.95,정의|항목,2026-04-30
사항,예외로함,LOGICAL,법령 개정에 따른 변경 내용 또는 단순 자구수정 등 경미한 내용,제287조,0.9,예외|경미한 내용,2026-04-30
협회에 대한 조치,정의함,LOGICAL,법,제309조,0.6,협회에 대한 조치|법,2026-04-30
대통령령으로 정하는 조치,정의함,LOGICAL,제1항제3호부터 제5호까지의 조치,제293조,0.95,대통령령으로 정하는 조치 정의,2026-04-30
대통령령으로 정하는 경우,정의함,LOGICAL,이 영 별표 11의 각 호의 어느 하나에 해당하는 경우,제293조,0.95,대통령령으로 정하는 경우 정의,2026-04-30
제293조제2항제6호,참조함,STRUCTURE,제293조제3항제7호,제293조,0.9,같은 조 참조,2026-04-30
대통령령으로 정하는 것,정의함,LOGICAL,원화로 표시된 양도성 예금증서,제294조제1항,0.95,정의|대통령령으로 정하는 것,2026-04-30
설립등기,정의함,LOGICAL,법,311,0.9,설립등기|법,2026-04-30
예탁결제원,기재하여야 한다,ACTION,"설립등기 항목: 목적, 명칭, 주된 사무소와 지원의 소재지, 자본금, 임원의 성명과 주소, 공고의 방법",제294조제3항,0.95,설립등기|기재,2026-04-30
예탁결제원,첨부하여야 한다,ACTION,정관 및 정관인가서의 사본,제294조제3항,0.95,설립등기|첨부,2026-04-30
특별한 이해관계,정의함,LOGICAL,법,제321조,0.95,특별한 이해관계|법,2026-04-30
특별한 이해관계,정의함,LOGICAL,채무보증,제301조제5항,0.95,정의|특별한 이해관계|채무보증,2026-04-30
특별한 이해관계,정의함,LOGICAL,담보제공,제301조제5항,0.95,정의|특별한 이해관계|담보제공,2026-04-30
특별한 이해관계,정의함,LOGICAL,정상적인 거래활동을 수행하는 과정에서 필요한 행위에 해 당하는 것으로 볼 수 없는 이해관계,제301조제5항,0.95,정의|특별한 이해관계|정상적인 거래활동,2026-04-30
정상적인 거래활동,정의함,LOGICAL,거래 상대방의 사업내용과 관련되거나 사업목적 달성에 수반되는 행위로서 거래조건 등에 비추어 사회통념상 일반적인 거래활동으로 인정될 수 있는 경우,제301조제5항,0.95,정의|정상적인 거래활동|거래 상대방의 사업내용|사업목적 달성,2026-04-30
예탁결제원,참조함,STRUCTURE,법,제313조,0.6,예탁결제원|법,2026-04-30
대통령령으로 정하는 조치,정의함,LOGICAL,제1항제3호부터 제5호까 지의 조치,제307조,0.95,정의|대통령령으로 정하는 조치,2026-04-30
대통령령으로 정하는 경우,정의함,LOGICAL,이 영 별표 12의 각 호의 어느 하나에 해당하는 경우,제307조,0.95,정의|대통령령으로 정하는 경우,2026-04-30
법,제한함,ACTION,투자자예탁 증권등의 반환,314,0.9,반환제한|투자자예탁 증권,2026-04-30
대통령령으로 정하는 사유,정의함,LOGICAL,예탁자에 대한 인가ㆍ허가ㆍ등록 등의 취소 또는 업무의 정지,제312조제3항,0.95,대통령령으로 정하는 사유|정의,2026-04-30
대통령령으로 정하는 사유,정의함,LOGICAL,예탁자의 파산ㆍ해산 또는 제1호에 준하는 경우,제312조제3항,0.95,대통령령으로 정하는 사유|정의,2026-04-30
예탁증권등 부족에 대한 보전,예외로함,LOGICAL,제315조 삭제,315,0.95,삭제|제315조,2026-04-30
예탁결제원 및 예탁자,연대함,ACTION,법,제313조제1항,0.95,연대|법,2026-04-30
예탁결제원 및 예탁자,근거함,STRUCTURE,제313조제1항,제313조제1항,0.9,제313조제1항,2026-04-30
예탁증권등,요구함,ACTION,부족분 보전,제309조제3항제2호,0.95,부족분 보전|예탁증권등,2026-04-30
예탁증권등,참조함,STRUCTURE,제309조제3항제2호,제309조제3항제2호,0.9,제309조제3항제2호,2026-04-30
발행인의 통지사항,정의함,LOGICAL,법,316,0.9,발행인의 통지사항,2026-04-30
증권등,요구함,ACTION,종류 및 발행 회차,제294조제1항,0.9,증권등|종류 및 발행 회차,2026-04-30
증권등,요구함,ACTION,권리의 종류ㆍ발생사유ㆍ내용 및 그 행사일정,제294조제1항,0.9,증권등|권리의 종류ㆍ발생사유ㆍ내용 및 그 행사일정,2026-04-30
증권등,요구함,ACTION,발행조건이 변경된 경우에는 그 내역,제294조제1항,0.9,증권등|발행조건이 변경된 경우에는 그 내역,2026-04-30
주식수,합산함,ACTION,배정명세,제316조제3항,0.85,배정명세|합산,2026-04-30
예탁결제원,요청함,ACTION,사 항,제316조제3항,0.6,예탁결제원|요청,2026-04-30
제317조,삭제함,ACTION,2013. 8. 27.,제317조,0.95,삭제|제거|삭제일자,2026-04-30
예탁결제원,수령한 경우,ACTION,주권,제317조의2,0.9,주권 수령 후 1년|예탁결제원 명의의 주권,2026-04-30
주권,수령일부터 1년이 지난,LOGICAL,법,제317조의2,0.8,주권 수령 후 1년,2026-04-30
장외매매거래 매각,정의함,LOGICAL,협회를 통한 매각 방법,제286조제1항제5호,0.95,장외매매거래 매각|협회 매각 방법,2026-04-30
협회,매각,ACTION,현금,제286조제1항제5호,0.9,장외매매거래 매각|현금,2026-04-30
주식,매각,ACTION,증권시장 등,제286조제1항제5호,0.85,장외매매거래 매각|증권시장 매각,2026-04-30
제318조,삭제됨,STRUCTURE,제318조,318,0.95,삭제,2026-04-30
청산업 인가업무 단위,정의함,LOGICAL,청산업 인가업무 단위,제318조의2,0.9,정의,2026-04-30
대통령령으로 정하는 업무 단위,정의함,LOGICAL,청산대상업자를 대상 으로 한,제323조의3제1항,0.95,대통령령으로 정하는 업무 단위|청산대상업자,2026-04-30
대통령령으로 정하는 업무 단위,대상 으로 한,LOGICAL,청산대상업자,제323조의3제1항,0.9,대통령령으로 정하는 업무 단위|청산대상업자,2026-04-30
업무 단위,정의함,LOGICAL,각 호의 구분에 따른 업무 단위,제14조의2제2항,0.95,업무 단위 정의|구분에 따른 업무 단위,2026-04-30
금융투자상품거래청산업인가 요건,정의함,LOGICAL,법,제318조의3,0.8,금융투자상품거래청산업인가 요건|법,2026-04-30
거래,하는,ACTION,업무 단위,제14조의2제2항제1호,0.9,거래|업무 단위,2026-04-30
제14조의2제2항제1호,상위조항,STRUCTURE,제14조의2제2항,제14조의2제2항제1호,0.8,제14조의2제2항제1호|제14조의2제2항,2026-04-30
각 목,거래를 업무 단위로 하는 경우,LOGICAL,2백억원 3.,제14조의2제2항제2호,0.7,거래|업무 단위,2026-04-30
거래,요구함,ACTION,2백억원,제14조의2제2항제3호,0.9,업무 단위 거래|금액 제한,2026-04-30
제14조의2제2항제3호,참조함,STRUCTURE,법,제14조의2제2항제3호,0.8,법적 근거,2026-04-30
사업계획,적합,ACTION,요건,제323조의3제2항제3호,0.95,사업계획 요건,2026-04-30
"인력과 전산설비, 그 밖의 물적 설비",적합하여야 한다,ACTION,요건,제323조의3제2항제4호,0.95,요건|적합,2026-04-30
인력과 전산요원 등 필요한 인력,갖출 것,ACTION,적절한 인력,제323조의3제2항제4호,0.9,갖출 것|인력,2026-04-30
전산설비 등의 물적 설비,갖출 것,ACTION,"각 목의 전산설비와 통신수단, 사무실 등 충분한 업무공간과 사무장비, 보안설비, 보완설비",제323조의3제2항제4호,0.85,갖출 것|전산설비|물적 설비,2026-04-30
대주주,준용한다,STRUCTURE,별표 2,제323조의3제2항제7호,0.95,대주주의 요건|별표 2,2026-04-30
금융위원회,완화하고 고시할 수 있다,ACTION,그 요건,제323조의10제2항제 2호,0.95,요건 완화|고시|금융위원회,2026-04-30
사회적 신용,정의함,LOGICAL,대통령령으로 정하는 사회적 신용,제323조의3제2항제8호,0.95,정의|대통령령,2026-04-30
제16조제8항제2호,정의함,LOGICAL,요건,제16조제8항제2호,0.95,요건|정의,2026-04-30
이해상충방지체계,요구함,ACTION,이해상충을 관리,제323조의3제2항제9호,0.95,이해상충방지체계|이해상충,2026-04-30
이해상충방지체계,요구함,ACTION,이해상충 발생 가능성 파악ㆍ평가,제323조의3제2항제9호,0.9,이해상충방지체계|이해상충,2026-04-30
이해상충방지체계,준용함,STRUCTURE,금융투자상품거래청산회사의 내부통제기준,제323조의3제2항제9호,0.9,이해상충방지체계|내부통제기준,2026-04-30
금융투자상품거래청산업인가,정의함,LOGICAL,법,제318조의4,0.95,금융투자상품거래청산업인가의 방법 및 절차|법,2026-04-30
인증신청서,참조함,STRUCTURE,제323조의4제1항,제323조의4제1항,0.95,인증신청서 제출|제323조의4제1항,2026-04-30
인증신청서,요구함,ACTION,항목,제323조의4제1항,0.95,인증신청서 제출|항목,2026-04-30
인증신청서,요구함,ACTION,상호,제323조의4제1항,0.9,인증신청서 제출|상호,2026-04-30
인증신청서,요구함,ACTION,"본점과 지점, 그 밖의 영업소의 소재지",제323조의4제1항,0.9,인증신청서 제출|소재지,2026-04-30
인증신청서,요구함,ACTION,임원에 관한 사항,제323조의4제1항,0.9,인증신청서 제출|임원,2026-04-30
인증신청서,요구함,ACTION,경영하려는 인가업무 단위,제323조의4제1항,0.9,인증신청서 제출|인가업무 단위,2026-04-30
인정업무 단위,정의함,LOGICAL,금융투자상품거래청산업 인가업무 단위,제318조의2,0.99,인정업무 단위|정의,2026-04-30
인증신청인,요구함,ACTION,서류,제323조의10제2항제2호,0.9,주주 소유주식수|인증신청인,2026-04-30
자,요구함,ACTION,서류 12,제323조의3제2항제7호,0.95,이해상충방지체계|서류 12,2026-04-30
자,요구함,ACTION,서류 13,제323조의3제2항제7호,0.95,이해상충방지체계|서류 13,2026-04-30
자,요구함,ACTION,서류 ③,제323조의3제2항제7호,0.95,이해상충방지체계|서류 ③,2026-04-30
예비인가 신청자,허용함,ACTION,제1항의 인가신청서의 기재사항 중 일부를 적지 않음,제323조의5,0.95,예비인가 신청서|기재사항,2026-04-30
예비인가 신청자,허용함,ACTION,제2항의 첨부서류 중 그 첨부서류의 제출을 생략,제323조의5,0.95,예비인가 신청서|첨부서류,2026-04-30
예비인가 신청자,참조함,STRUCTURE,제1항의 인가신청서의 기재사항,제323조의5,0.95,예비인가 신청서|기재사항,2026-04-30
예비인가 신청자,참조함,STRUCTURE,제2항의 첨부서류,제323조의5,0.95,예비인가 신청서|첨부서류,2026-04-30
금융위원회,요구함,ACTION,법인 등기사항증명서 확인,제36조제1항,0.95,법인 등기사항증명서 확인|행정정보의 공동이용,2026-04-30
금융위원회,요구함,ACTION,금융투자상품거래청산업인가 신청내용 사실 여부 확인,제36조제1항,0.9,신청내용 사실 여부 확인,2026-04-30
금융위원회,요구함,ACTION,인가요건 충족 여부 심사,제323조의3,0.95,심사|인가요건,2026-04-30
금융위원회,허용함,ACTION,실지조사,제323조의3,0.95,실지조사|면담|이해관계자,2026-04-30
금융위원회,허용함,ACTION,공청회 개최,제323조의3,0.95,공청회|중대한 영향,2026-04-30
심사,정의함,LOGICAL,인가요건 충족 여부를 판단하는 절차,제323조의3,0.85,심사|인가요건,2026-04-30
금융투자상품거래청산업인가를 받은 자,요구함,ACTION,영업을 시작,제323조의4제2항,0.95,영업 시작,2026-04-30
금융투자상품거래청산업인가를 받은 자,허용함,ACTION,영업을 시작,제323조의4제2항,0.9,조건|기한,2026-04-30
금융위원회,요구함,ACTION,조건 이행 여부 확인,제323조의4제2항,0.95,조건,2026-04-30
금융위원회,정하여 고시한다,ACTION,"신청과 심사, 인가신청서 서식 및 작성방법 등에 관한 필요한 사항",제323조의4제2항,0.9,정의|고시,2026-04-30
자,신청,ACTION,예비인가,제323조의5제1항,0.9,예비인가|신청,2026-04-30
제323조의5제1항,근거함,STRUCTURE,예비인가 신청,제323조의5제1항,0.8,예비인가|신청,2026-04-30
예비인가신청서,제출,ACTION,금융위원회,제318조의4제1항,0.95,예비인가신청서|제출|금융위원회,2026-04-30
예비인가신청서,첨부,ACTION,서류,제318조의4제1항,0.92,예비인가신청서|첨부|서류|정관|청산업무규정안|의사록|이력서|경력증명서|인가업무 단위 종류|재무제표|사업계획서|인력·물적 설비 현황|예비인가신청일,2026-04-30
예비인가신청인,소유함,ACTION,주식의 1/100 이상,제323조의10제2항제2호,0.85,주식소유|소유비율,2026-04-30
예비인가신청인,제공해야 함,ACTION,주주의 성명 및 소유주식수 적은 서류,제323조의10제2항제2호,0.9,서류제출|주식소유증명,2026-04-30
심사 방법 및 절차,정의함,LOGICAL,예비인가의 심사 방법 및 절차,제323조의5제1항,0.9,심사 방법 및 절차|예비인가,2026-04-30
규정 준용,준용함,ACTION,제318조의4제4항부터 제7항까지 의 규정,제318조의4,0.9,규정 준용|제318조의4제4항부터 제7항까지 의 규정,2026-04-30
금융투자상품거래청산업인가,정의함,LOGICAL,예비인가,제318조의4,0.9,금융투자상품거래청산업인가|예비인가,2026-04-30
예비인가를 받은 자,요구함,ACTION,예비인가의 내용 및 조건을 이행,제323조의5제2항,0.95,예비인가|이행,2026-04-30
본인가 신청자,요구함,ACTION,본인가,제323조의3,0.95,본인가 신청|본인가,2026-04-30
본인가 신청자,허용함,ACTION,본인가 신청,제323조의3,0.9,본인가 신청|금융위원회가 정한 기한,2026-04-30
특별한 이해관계,정의함,LOGICAL,제318조의6,제318조의6,0.9,특별한 이해관계,2026-04-30
특별한 이해관계,정의함,LOGICAL,"채무보증, 담보제공, 정상적인 거래활동",제323조의9제3항,0.95,특별한 이해관계 정의|정의,2026-04-30
금융투자업관계기관,정의함,LOGICAL,금융투자업관계기관,제318조의7,0.6,금융투자업관계기관 정의,2026-04-30
대통령령으로 정하는 금융투자업관계기관,정의함,LOGICAL,예탁결제원 및 증권금융회사,제323조의10제2항제2호,0.99,금융투자업관계기관|정의,2026-04-30
손해배상공동기금,정의함,LOGICAL,법,제318조의8,0.8,손해배상공동기금 정의,2026-04-30
손해배상공동기금,정한다,ACTION,총적립규모,제323조의14제1항,0.95,손해배상공동기금|총적립규모,2026-04-30
손해배상공동기금,정한다,ACTION,청산대상업자별 적립률,제323조의14제1항,0.95,손해배상공동기금|청산대상업자별 적립률,2026-04-30
손해배상공동기금,정한다,ACTION,청산대상업자별 적립방법,제323조의14제1항,0.95,손해배상공동기금|청산대상업자별 적립방법,2026-04-30
청산업무규정,정의함,LOGICAL,제323조의11에 따른 청산업무규정,제323조의11,0.95,청산업무규정 정의|제323조의11,2026-04-30
청산업무규정,참조함,STRUCTURE,제323조의11,제323조의11,0.9,청산업무규정|제323조의11,2026-04-30
채무를 불이행한 청산대상업자,사용,ACTION,손해배상공동기금,제323조의14제1항,0.95,손해배상공동기금|청산대상업자,2026-04-30
청산대상업자 외의 청산대상업자,사용,ACTION,손해배상공동기금,제323조의14제1항,0.9,손해배상공동기금|청산대상업자,2026-04-30
금융투자상품거래청산회사의 재산,사용,ACTION,손해배상공동기금,제323조의14제1항,0.85,손해배상공동기금|금융투자상품거래청산회사의 재산,2026-04-30
구상권 행사로 추심된 금액,배분함,ACTION,손해배상공동기금과 금융투자상품거래 청산회사의 재산,제323조의14제4항,0.95,구상권 행사|배분|손해배상공동기금|금융투자상품거래 청산회사의 재산,2026-04-30
구상권 행사로 추심된 금액,우선배분함,ACTION,그 청산대상업자의 재산,제323조의14제4항,0.9,구상권 행사|우선배분|청산대상업자,2026-04-30
구상권 행사로 추심된 금액,배분함,ACTION,다음 각 호의 순서와 방법에 따라,제323조의14제4항,0.85,구상권 행사|배분|순서와 방법,2026-04-30
Unknown,정의함,LOGICAL,Unknown,Unknown,0.5,Unknown,2026-04-30
정의,정의함,LOGICAL,청산대상업자,제363조제1항,0.95,정의|회원|청산대상업자,2026-04-30
정의,정의함,LOGICAL,청산업무규정,제363조제1항,0.95,정의|회원관리규정|청산업무규정,2026-04-30
보관ㆍ관리대상 거래정보,정의함,LOGICAL,보관ㆍ관리대상 거래정보 등,제318조의9,0.85,보관ㆍ관리대상 거래정보|정의,2026-04-30
대통령령으로 정하는 거래정보,정의함,LOGICAL,법,제323조의16제1항,0.99,정의|거래정보,2026-04-30
청산대상거래,정의함,LOGICAL,제9조제 25항,제9조제 25항,0.9,청산대상거래 정의,2026-04-30
청산대상거래,상위조항,STRUCTURE,제9조,제9조제 25항,0.8,청산대상거래 상위조항,2026-04-30
청산의무거래,제외함,ACTION,제166조의3,166조의3,0.8,제166조의3에 따른 청산의무거래,2026-04-30
거래정보,보관·관리,ACTION,10년 동안,제323조의16제1항,0.95,거래정보 보관·관리,2026-04-30
금융투자상품거래청산회사,보고함,ACTION,금융위원회,제323조의16제3항,0.95,보고|월간|서식 및 절차,2026-04-30
제323조의16제3항,근거함,STRUCTURE,금융투자상품거래청산회사의 보고 의무,제323조의16제3항,0.9,근거|규정,2026-04-30
총리령,정하는,ACTION,청산대상거래 및 그 거래대상이 되는 금융투자상품에 관한 사항,제9조제25항,0.95,청산대상거래|총리령|정하는,2026-04-30
총리령,정하는,ACTION,청산대상업자의 채무의 이행 등에 관한 사항,제9조제25항,0.95,청산대상거래|총리령|정하는,2026-04-30
총리령,정하는,ACTION,청산증거금 및 손해배상공동기금의 관리ㆍ운용 현황,제9조제25항,0.95,청산대상거래|총리령|정하는,2026-04-30
총리령,정하는,ACTION,그 밖에 국제적으로 인정되는 감독기준 등을 고려하여 정하는 사항,제9조제25항,0.95,청산대상거래|총리령|정하는,2026-04-30
금융투자상품거래청산회사,보고,ACTION,금융위원회,제323조의16제3항,0.95,보고,2026-04-30
금융투자상품거래청산회사,제323조의16제3항에 따라,STRUCTURE,제323조의16제3항,제323조의16제3항,0.9,제323조의16제3항에 따라,2026-04-30
주식소유의 제한,정의함,LOGICAL,주식소유에 대한 제한 규정,제318조의10,0.7,주식소유|제한,2026-04-30
비금융회사,정의함,LOGICAL,금융업이 아닌 업종을 영위하는 회사,제2조제1항제1호,0.95,비금융회사|금융업이 아닌 업종을 영위하는 회사,2026-04-30
금융투자상품거래청산회사,정의함,LOGICAL,제318조의11,제318조의11,0.6,금융투자상품거래청산회사|제318조의11,2026-04-30
대통령령으로 정하는 경우,정의함,LOGICAL,법 별표 8의2 제5호,제323조의20제1항제6호,0.95,대통령령으로 정하는 경우|법 별표 8의2 제5호,2026-04-30
대통령령으로 정하는 금융 관련 법령 등,정의함,LOGICAL,금융 관련 법령 등,제323조의20제1항제7호,0.95,정의|대통령령|금융 관련 법령,2026-04-30
대통령령으로 정하는 경우,참조함,STRUCTURE,제323조의20제1항제7호,제323조의20제1항제8호,0.9,참조,2026-04-30
경우,정의함,LOGICAL,제373조제3항 각 호의 어느 하나에 해당하는 경우,제373조제3항,0.95,경우|제373조제3항,2026-04-30
대통령령으로 정하는 경우,정의함,LOGICAL,다음 각 호의 어느 하나에 해당하는 경우를 말한다,제323조의20제1항제8호,0.95,대통령령으로 정하는 경우|정의,2026-04-30
대통령령으로 정하는 경우,간주함,LOGICAL,인증을 받은 날부터 6개월 이내에 영업을 시작하지 아니하거나 영업을 시작한 후 정당한 사유 없이 인가받은 업무를 6개월 이상 계속해서 하지 아니한 경우,제323조의20제1항제8호,0.9,영업 시작|인증|업무,2026-04-30
대통령령으로 정하는 경우,간주함,LOGICAL,업무와 관련하여 부정한 방법으로 타인으로부터 금전등을 받거나 타인에게 줄 금전등을 취득한 경우,제323조의20제1항제8호,0.9,부정한 방법|금전 등,2026-04-30
대통령령으로 정하는 경우,간주함,LOGICAL,법,제323조의20제1항제8호,0.5,법,2026-04-30
업무정지,보정하지 않음,ACTION,1개월 이내,제323조의20제2항제1호,0.92,업무정지|보정|시간,2026-04-30
업무정지,보정하지 않음,ACTION,같거나 비슷한 위법행위 계속 또는 반복,제323조의20제2항제1호,0.85,업무정지|보정|위법행위,2026-04-30
대통령령으로 정하는 조치,정의함,LOGICAL,"지점, 그 밖의 영업소의 폐쇄나 그 업무의 전부 또는 일부의 정지",제323조의20제2항제7호,0.95,대통령령으로 정하는 조치 정의,2026-04-30
대통령령으로 정하는 조치,정의함,LOGICAL,다른 법률을 위반한 경우에는 관련 기관 또는 수사기관에의 통보,제323조의20제2항제7호,0.95,대통령령으로 정하는 조치 정의,2026-04-30
대통령령으로 정하는 조치,근거함,STRUCTURE,제323조의20제2항제7호,제323조의20제2항제7호,0.9,대통령령으로 정하는 조치 정의,2026-04-30
대통령령으로 정하는 조치,정의함,LOGICAL,법을 위반한 경우 고발 또는 수사기관에의 통보,제323조의20제3항제6호 및 제4항제7호,0.95,대통령령으로 정하는 조치|법 위반|고발|수사기관 통보,2026-04-30
대통령령으로 정하는 조치,정의함,LOGICAL,다른 법률을 위반한 경우 관련 기관 또는 수사기관에의 통보,제323조의20제3항제6호 및 제4항제7호,0.95,대통령령으로 정하는 조치|다른 법률 위반|관련 기관 통보|수사기관 통보,2026-04-30
대통령령으로 정하는 조치,정의함,LOGICAL,"금융위원회가 법 및 이 영, 그 밖의 관련 법령에 따라 취할 수 있는 조치",제323조의20제3항제6호 및 제4항제7호,0.95,대통령령으로 정하는 조치|금융위원회 조치|법령에 따른 조치,2026-04-30
무인가 증권금융업무 금지의 예외,정의함,LOGICAL,무인가 증권금융업무 금지의 예외,제318조의12,0.7,무인가 증권금융업무 금지의 예외,2026-04-30
무인가 증권금융업무 금지의 예외,예외로함,LOGICAL,무인가 증권금융업무 금지,제318조의12,0.6,무인가 증권금융업무 금지|무인가 증권금융업무 금지의 예외,2026-04-30
대통령령으로 정하는 경우,정의함,LOGICAL,금융관련법령에 따라 법,제323조의21,0.9,대통령령으로 정하는 경우|금융관련법령에 따라 법,2026-04-30
업무를 영위하는 경우,정의함,LOGICAL,제326조제1항제1호 또는 제3호에 해당하는 업무를 영위하는 경우,326,0.9,업무를 영위하는 경우|제326조제1항제1호 또는 제3호에 해당하는 업무,2026-04-30
업무를 영위하는 경우,참조함,STRUCTURE,제326조제1항제1호 또는 제3호,326,0.95,제326조제1항제1호|제326조제1항제3호,2026-04-30
대통령령으로 정하는 금액,정의함,LOGICAL,500억원,제324조제2항제2호,0.99,대통령령으로 정하는 금액|500억원,2026-04-30
대통령령,정하는,ACTION,완화된 요건,제324조제9항,0.95,대통령령|완화된 요건,2026-04-30
증권금융 회사,요구함,ACTION,최저자기본을 100분의 70 이상 유지,제324조제2항제2호,0.92,최저자기본|70% 이상|유지,2026-04-30
최저자기본,참조함,STRUCTURE,제1항,제324조제2항제2호,0.88,최저자기본|제1항,2026-04-30
유지요건,적용함,STRUCTURE,매 회계연도말을 기준으로,제324조제2항제2호,0.85,유지요건|회계연도말,2026-04-30
요건,적용함,ACTION,제324조제2항제6호에 따른 요건,324,0.85,요건|제324조제2항제6호,2026-04-30
요건,유지할 것,ACTION,요건,제19조,0.95,요건|유지,2026-04-30
제16조 항목,구성함,STRUCTURE,제16조제4항,제16조,0.9,제16조 항목|제16조제4항,2026-04-30
제16조 항목,구성함,STRUCTURE,제16조제5항,제16조,0.9,제16조 항목|제16조제5항,2026-04-30
제16조 항목,구성함,STRUCTURE,제16조제6항,제16조,0.9,제16조 항목|제16조제6항,2026-04-30
제6항,제외함,LOGICAL,제1호,제16조,0.8,제6항|제1호,2026-04-30
제16조 항목,구성함,STRUCTURE,제16조제9항제1호,제16조,0.9,제16조 항목|제16조제9항제1호,2026-04-30
제16조 항목,구성함,STRUCTURE,제16조제11항,제16조,0.9,제16조 항목|제16조제11항,2026-04-30
제17조,준용함,STRUCTURE,"제1항제4호, 제2항제5호 및 제3항",17,0.99,준용,2026-04-30
제17조,제외함,LOGICAL,"제1항제4호, 제2항제5호 및 제3항",17,0.99,제외,2026-04-30
대통령령으로 정하는 업무,정의함,LOGICAL,환매조건부매매,제326조제2항제1호가목,0.95,대통령령으로 정하는 업무|환매조건부매매,2026-04-30
대통령령으로 정하는 업무,정의함,LOGICAL,환매조건부매매의 중개ㆍ주선 또는 대리업무,제326조제2항제1호가목,0.95,대통령령으로 정하는 업무|환매조건부매매의 중개ㆍ주선 또는 대리업무,2026-04-30
대통령령으로 정하는 업무,정의함,LOGICAL,집합투자증권을 대상으로 하는 투자매매업ㆍ투자중개업,제326조제2항제1호가목,0.95,대통령령으로 정하는 업무|집합투자증권을 대상으로 하는 투자매매업ㆍ투자중개업,2026-04-30
특별한 이해관계,정의함,LOGICAL,정상적인 거래활동,제327조제3항,0.95,특별한 이해관계 정의,2026-04-30
증권금융회사,사채를 발행한다,ACTION,사채,322,0.95,사채 발행|응모총액 미달,2026-04-30
증권금융회사,매출의 방법으로 사채를 발행할 수 있다,ACTION,사채,322,0.9,매출의 방법|사채 발행,2026-04-30
증권금융회사,사채청약서를 작성하지 아니할 수 있다,ACTION,사채청약서,322,0.9,매출의 방법|사채청약서,2026-04-30
증권금융회사,기재하여야 한다,ACTION,사채의 상호,322,0.9,사채 기재사항|상호,2026-04-30
증권금융회사,기재하여야 한다,ACTION,사채의 액면금액,322,0.9,사채 기재사항|액면금액,2026-04-30
증권금융회사,기재하여야 한다,ACTION,사채의 이자율,322,0.9,사채 기재사항|이자율,2026-04-30
증권금융회사,기재하여야 한다,ACTION,사채의 이자지급 방법 및 기한,322,0.9,사채 기재사항|이자지급 방법|이자지급 기한,2026-04-30
증권금융회사,기재하여야 한다,ACTION,사채의 상환 방법 및 기한,322,0.9,사채 기재사항|상환 방법|상환 기한,2026-04-30
증권금융회사,기재하여야 한다,ACTION,사채의 번호,322,0.9,사채 기재사항|번호,2026-04-30
증권금융회사,할인의 방법에 의할 수 있다,ACTION,사채,322,0.9,할인|사채 발행,2026-04-30
사채발행액 적용,포함하지 아니할 수 있다,ACTION,할인발행차금,제329조,0.95,사채발행액 적용|할인발행차금,2026-04-30
업무 폐지,참조함,STRUCTURE,제323조,323,0.8,업무 폐지|승인,2026-04-30
금융위원회,승인,ACTION,증권금융회사의 업무폐지 또는 해산,제332조제1항,0.95,업무폐지|해산|승인,2026-04-30
규정 준용,준용한다,ACTION,규정,제370조제2항부터 제6항까지,0.95,규정 준용|규정,2026-04-30
증권금융회사,정의함,LOGICAL,법,324,0.6,증권금융회사|법,2026-04-30
대통령령으로 정하는 경우,참조함,STRUCTURE,별표 13 제3호,제335조제1항제6호,0.9,대통령령으로 정하는 경우|별표 13 제3호,2026-04-30
미공개중요정보 이용행위 금지 의무,위반,ACTION,법제처 214 국가법령정보센터 자본시장과 금융투자업에 관한 법률 시행령 2. 별표 13 제4호에 해당하는 경우,174,0.9,미공개중요정보 이용행위 금지 의무|위반|법제처 214 국가법령정보센터 자본시장과 금융투자업에 관한 법률 시행령 2. 별표 13 제4호,2026-04-30
시세조종행위,준용함,STRUCTURE,제176조,제176조,0.9,시세조종행위|제176조,2026-04-30
시세조종행위,해당,LOGICAL,별표 13 제5호,제176조,0.7,시세조종행위|별표 13 제5호,2026-04-30
부정거래행위,위반한,ACTION,금지 의무,제178조,0.95,부정거래행위|금지 의무,2026-04-30
대통령령으로 정하는 경우,정의함,LOGICAL,대통령령으로 정하는 경우,제359조제1항제7호,1.0,대통령령으로 정하는 경우,2026-04-30
대통령령으로 정하는 경우,참조함,STRUCTURE,대통령령,제335조제1항제7호,0.8,참조|대통령령,2026-04-30
해당하는 경우,정의함,LOGICAL,제373조제3항 각 호의 어느 하나에 해당하는 경우,제373조제3항,0.95,해당하는 경우|제373조제3항,2026-04-30
해당하는 경우,참조함,STRUCTURE,제373조제3항,제373조제3항,0.9,해당하는 경우|제373조제3항,2026-04-30
대통령령으로 정하는 경우,정의함,LOGICAL,인가를 받은 날부터 6개월 이내에 영업을 시작하지 아니하거나 영업을 시작한 후 정당한 사유 없이 인가 받은 업무를 6개월 이상 계속해서 하지 아니한 경우,제364조제1항제8호,0.95,정의|대통령령으로 정하는 경우,2026-04-30
업무정지의 조치를 받은자,보정하지 않다,ACTION,조건,제335조제2항제1호,0.95,보정|업무정지,2026-04-30
대통령령으로 정하는 조치,정의함,LOGICAL,다른 법률을 위반한 경우에는 관련기관 또는 수사기관에의 통보,제335조제2항제7호,0.95,정의|대통령령으로 정하는 조치,2026-04-30
대통령령으로 정하는 조치,정의함,LOGICAL,"그 밖에 금융위원회가 법 및 이 영, 그 밖의 관련법령에 따라 취할 수 있는 조치",제335조제2항제7호,0.95,정의|대통령령으로 정하는 조치,2026-04-30
대통령령으로 정하는 조치,정의함,LOGICAL,제5항제4호부터 제6호까 지의 조치,제335조제3항제6호,0.95,대통령령으로 정하는 조치|제5항제4호부터 제6호까 지의 조치,2026-04-30
대통령령으로 정하는 조치,참조함,STRUCTURE,제4항제7호,제335조제3항제6호,0.9,대통령령으로 정하는 조치|제4항제7호,2026-04-30
무인가 신용평가 금지의 예외,예외로함,LOGICAL,무인가 신용평가 금지,324조의2,0.85,무인가 신용평가 금지|예외,2026-04-30
대통령령으로 정하는 경우,정의함,LOGICAL,기업신용조회회사가 영위하는 기업 및 법인에 대한 기업신용등급제공업무 및 기술신용평가업무로서 다음 각 호의 요건을 모두 충족하는 경우,제335조의2,0.95,대통령령으로 정하는 경우|기업신용조회회사의 업무|요건 충족,2026-04-30
영업조직에 준하는 부서,요구함,ACTION,내부통제기준,제335조의8제2항제1호,0.95,분리|내부통제기준,2026-04-30
인가요건,정의함,LOGICAL,법,제324조의3,0.7,인가요건|법,2026-04-30
대통령령으로 정하는 금융기관,정의함,LOGICAL,다음 각 호에 해당하는 금융기관,제335조의3제2항제1호나목,0.95,정의|금융기관|대통령령,2026-04-30
자,정의함,LOGICAL,허가를 받거나 등록을 한 자,제3조제3항제1호,0.95,자|허가를 받거나 등록을 한 자,2026-04-30
자,포함함,LOGICAL,기술보증기금,제3조제3항제1호,0.9,기술보증기금,2026-04-30
자,포함함,LOGICAL,신용보증기금,제3조제3항제1호,0.9,신용보증기금,2026-04-30
자,포함함,LOGICAL,지역신용보증재단과 그 중앙회,제3조제3항제1호,0.9,지역신용보증재단|중앙회,2026-04-30
자,포함함,LOGICAL,한국무역보험공사,제3조제3항제1호,0.9,한국무역보험공사,2026-04-30
자,포함함,LOGICAL,예금보험공사 및 정리금융회사,제3조제3항제1호,0.9,예금보험공사|정리금융회사,2026-04-30
자,포함함,LOGICAL,외국에서 제1호부터 제20호까지의 금융기관과 유사한 금융업을 경영하는 금융기관,제3조제3항제1호,0.85,외국 금융기관|유사한 금융업,2026-04-30
자,포함함,LOGICAL,외국 법령에 따라 설립되어 외국에서 「신용정보의 이용 및 보호에 관한 법률」에 따른 신용정보업 및 채권추심 업 중 어느 하나에 해당하는 업무를 수행하는 자,제3조제3항제1호,0.85,신용정보업|채권추심업,2026-04-30
대통령령으로 정하는 금액,정의함,LOGICAL,50억원,제335조의3제2항제2호,0.99,대통령령으로 정하는 금액|50억원,2026-04-30
사업계획,준용함,STRUCTURE,제335조의3제2항제3호,제335조의3제2항제3호,0.98,사업계획|제335조의3제2항제3호,2026-04-30
사업계획,적합하여야 한다,ACTION,수지전망이 타당하고 실현 가능성이 있을 것,제335조의3제2항제3호,0.97,사업계획|수지전망|실현 가능성,2026-04-30
사업계획,적합하여야 한다,ACTION,조직구조 및 관리ㆍ운용체계가 이해상충 및 불공정행위의 방지 등에 적합할 것,제335조의3제2항제3호,0.96,사업계획|조직구조|관리ㆍ운용체계|이해상충|불공정행위,2026-04-30
사업계획,적합하여야 한다,ACTION,"법령을 위반하지 아니하고, 건전한 신용평가업무의 영위를 해칠 염려가 없을 것",제335조의3제2항제3호,0.96,사업계획|법령|신용평가업무,2026-04-30
인력 및 전산설비,갖출,ACTION,20명 이상의 상시고용 신용평가 전문인력,제335조의3제2항제4호,0.95,인력 및 전산설비|상시고용 신용평가 전문인력,2026-04-30
인력 및 전산설비,적합함,LOGICAL,요건,제335조의3제2항제4호,0.9,인력 및 전산설비|요건,2026-04-30
증권,정의함,LOGICAL,유동화증권이 아닌 증권,제2조제4호,0.95,증권 정의|유동화증권 제외,2026-04-30
증권,참조함,STRUCTURE,통계법,제2조제4호,0.85,업종|통계법,2026-04-30
업종,정의함,LOGICAL,한국표준산업분류 대분류 업종,제22조,0.95,업종|한국표준산업분류 대분류 업종,2026-04-30
업종,참조함,STRUCTURE,제22조 제1항,제22조,0.9,업종|제22조 제1항,2026-04-30
유동화증권 평가,정의함,LOGICAL,공인회계사 5명 이상과 증권 분석ㆍ평가업무 경력자 5명 이상의 상시고용 신용평가 전문인력,제2조제4호,0.9,유동화증권 평가|인력 요건,2026-04-30
신용평가,요구함,ACTION,전산설비 및 자료 관리체제,제335조의11제2항,0.9,신용평가|전산설비 및 자료 관리체제,2026-04-30
금융위원회,정하여 고시함,ACTION,전산설비 및 자료 관리체제,제335조의11제2항,0.85,금융위원회|전산설비 및 자료 관리체제,2026-04-30
제335조의11제2항,참조함,STRUCTURE,전산설비 및 자료 관리체제,제335조의11제2항,0.95,제335조의11제2항|전산설비 및 자료 관리체제,2026-04-30
대주주,정의함,LOGICAL,"""이 장에서 ‘대주주’라 한다""",제335조의3제2항제6호,0.92,대주주 요건,2026-04-30
대주주,요구함,ACTION,별표 13의2의 요건,제335조의3제2항제6호,0.97,대주주 요건|별표 13의2,2026-04-30
이해상충 방지 체계,관리,ACTION,이해상충,제335조의3제2항제7호,0.95,이해상충 방지 체계|이해상충,2026-04-30
이해상충 방지 체계,파악·평가,ACTION,이해상충 발생 가능성,제335조의3제2항제7호,0.9,이해상충 방지 체계|이해상충 발생 가능성,2026-04-30
이해상충 방지 체계,준용함,STRUCTURE,신용평가회사의 내부통제기준,제335조의3제2항제7호,0.9,이해상충 방지 체계|내부통제기준,2026-04-30
금융위원회,정하여 고시한다,ACTION,인가요건에 관한 구체적 기준,제335조의3제2항제7호,0.9,금융위원회|인가요건에 관한 구체적 기준,2026-04-30
신용평가회사 인가의 방법 및 절차,정의함,LOGICAL,법,324조의4,0.7,신용평가회사 인가의 방법 및 절차|법,2026-04-30
기업,제출,ACTION,인가신청서,제335조의4제1항,0.95,기업|인가신청서|제출,2026-04-30
인가신청서,정의함,LOGICAL,"상호, 본점과 지점, 그 밖의 영업소의 소재지, 임원에 관한 사항, 자기자본 등 재무에 관한 사항, 사업계획에 관한 사항, 인력과 전산설비 등의 물적 설비에 관한 사항, 대주주에 관한 사항, 이해상충방지체계에 관한 사항, 그 밖에 인가요건의 심사에 필요한 사항",제335조의4제1항,0.9,인가신청서|정의,2026-04-30
인가신청서,첨부해야 할 서류,ACTION,"정관, 발기인총회, 창립주주총회 또는 이사회의 의사록 등 설립이나 인가신청의 의사결정을 증명하는 서류, 본점과 지점, 그 밖의 영업소의 위치와 명칭을 적은 서류, 임원의 이력서와 경력증명서, 최근 3개 사업연도의 재무제표와 그 부속명세서, 업무개시 후 3개 사업연도의 사업계획서(추정재무제표를 포함한다) 및 예상수지계산서, 인력 및 물적 설비 등의 현황을 확인할 수 있는 서류, 인가신청일 현재 발행주식총수의 100분의 1 이상을 소유한 주주의 성명 또는 명칭과 그 소유주식수를 적은 서류, 대주주가 법",제335조의4제1항,0.9,인가신청서|서류첨부,2026-04-30
인가신청서,제출,ACTION,금융위원회,제335조의4제1항,0.9,인가신청서|제출|금융위원회,2026-04-30
서류,예시,LOGICAL,서류 10,제335조의3제2항제6호,0.9,예시|서류,2026-04-30
서류,예시,LOGICAL,서류 11,제335조의3제2항제6호,0.9,예시|서류,2026-04-30
서류,예시,LOGICAL,서류 ③,제335조의3제2항제6호,0.9,예시|서류,2026-04-30
예비인가 신청자,생략할 수 있다,ACTION,제1항의 인가신청서의 기재사항 중 일부,제335조의5,0.9,예비인가 신청|제1항 인가신청서,2026-04-30
예비인가 신청자,생략할 수 있다,ACTION,제2항의 첨부서류 중 그 첨부 서류의 제출,제335조의5,0.9,예비인가 신청|제2항 첨부서류,2026-04-30
금융위원회,확인함,ACTION,신용평가업인가 신청내용,제36조제1항,0.9,신용평가업인가 신청내용 확인,2026-04-30
행정정보의 공동이용,통하여,STRUCTURE,법인 등기사항증명서 확인,제36조제1항,0.9,행정정보의 공동이용|법인 등기사항증명서 확인,2026-04-30
금융위원회,요구함,ACTION,신용평가업 인가의 심사,제335조의3제2항,0.95,신용평가업 인가|심사,2026-04-30
금융위원회,허용함,ACTION,통보 및 소명,제335조의3제2항,0.9,통보|소명|신용평가업 인가,2026-04-30
금융위원회,참조함,STRUCTURE,제5항,제335조의3제2항,0.8,제5항,2026-04-30
금융위원회,참조함,STRUCTURE,제7항,제335조의3제2항,0.8,제7항,2026-04-30
신용평가업인가를 받은 자,요구함,ACTION,영업을 시작하여야 한다,제335조의4제2항,0.95,영업 시작|신용평가업인가,2026-04-30
신용평가업인가를 받은 자,허용함,ACTION,영업을 시작할 수 있다,제335조의4제2항,0.9,영업 시작|신용평가업인가|금융위원회|기한,2026-04-30
금융위원회,요구함,ACTION,신용평가업인가에 조건을 붙인 경우 그 이행 여부를 확인하여야 한다,제335조의4제2항,0.9,금융위원회|신용평가업인가|조건|이행 여부 확인,2026-04-30
금융위원회,요구함,ACTION,"신용평가업인가의 신청과 심사, 인가신청서의 서식과 작성방법 등 필요한 사항을 정하여 고시한다",제335조의4제2항,0.9,금융위원회|신용평가업인가|정하여 고시,2026-04-30
자,요구함,ACTION,예비인가 신청,제335조의5제1항,0.8,예비인가|신청,2026-04-30
예비인가신청서,첨부해야 한다,ACTION,정관이나 정관안(이에 준하는 것),제324조의4제1항,0.95,예비인가신청서|정관|정관안,2026-04-30
예비인가신청서,첨부해야 한다,ACTION,"발기인총회, 창립주주총회 또는 이사회의 의사록 등 설립이나 인가신청의 의사결정을 증명하는 서류",제324조의4제1항,0.95,예비인가신청서|의사록,2026-04-30
예비인가신청서,첨부해야 한다,ACTION,임원(임원으로 선임이 예정된 자를 포함한다)의 이력서와 경력증명서,제324조의4제1항,0.95,예비인가신청서|이력서|경력증명서,2026-04-30
예비인가신청서,첨부해야 한다,ACTION,"최근 3개 사업연도의 재무제표와 그 부속명세서(설립 중인 법인은 제외하며, 설립일부터 3개 사업연도가 지나지 아니한 법인의 경우에는 설립일부터 최근 사업연도까지의 재무제표와 그 부속명세서를 말한다)",제324조의4제1항,0.95,예비인가신청서|재무제표|부속명세서,2026-04-30
예비인가신청서,첨부해야 한다,ACTION,업무개시 후 3개 사업연도의 사업계획서(추정재무제표를 포함한다) 및 예상수지계산서,제324조의4제1항,0.95,예비인가신청서|사업계획서|예상수지계산서,2026-04-30
예비인가신청서,첨부해야 한다,ACTION,"인력 및 물적 설비 등(채용, 구매 등이 예정된 인력 및 물적 설비 등을 포함한다)의 현황을 확인할 수 있는 서류",제324조의4제1항,0.95,예비인가신청서|인력|물적설비,2026-04-30
예비인가신청서,첨부해야 한다,ACTION,예비인가신청일 현재 발행주식총수의 100분의 1 이상을 소유한 주주의 성명이나 명칭과 그 소유주식수를 적은 서류,제324조의4제1항,0.95,예비인가신청서|주주|소유주식수,2026-04-30
예비인가,심사함,ACTION,방법 및 절차,제335조의5제1항,0.9,예비인가 심사 방법 및 절차,2026-04-30
예비인가 심사 방법 및 절차,정의함,LOGICAL,심사 방법 및 절차,제335조의5제1항,0.8,예비인가 심사 방법 및 절차,2026-04-30
신용평가업인가,정의함,LOGICAL,예비인가,제324조의4,0.95,신용평가업인가|예비인가,2026-04-30
신용평가업인가,준용함,STRUCTURE,제324조의4제4항부터 제9항까지,제324조의4,0.9,신용평가업인가|제324조의4제4항부터 제9항까지,2026-04-30
예비인가를 받은 자,이행함,ACTION,예비인가의 내용 및 조건,제335조의5제2항,0.95,예비인가|이행|6개월 이내,2026-04-30
신용평가내부통제기준,정의함,LOGICAL,법,제324조의6,0.95,신용평가내부통제기준|법,2026-04-30
대통령령으로 정하는 사항,정의함,LOGICAL,신용평가 관련 자료의 기록 및 보관에 관한 사항,제335조의8제2항제5호,0.95,대통령령으로 정하는 사항|정의,2026-04-30
대통령령으로 정하는 사항,정의함,LOGICAL,신용평가의 적정성을 검토하기 위한 내부절차 마련에 관한 사항,제335조의8제2항제5호,0.95,대통령령으로 정하는 사항|정의,2026-04-30
대통령령으로 정하는 사항,정의함,LOGICAL,임직원의 신용평가내부통제기준(법,제335조의8제2항제5호,0.9,대통령령으로 정하는 사항|정의,2026-04-30
대통령령으로 정하는 사항,정의함,LOGICAL,다음 각 호 의 사항,제335조의8제2항제5호,0.85,대통령령으로 정하는 사항|정의,2026-04-30
신용평가내부통제기준,정의함,LOGICAL,신용평가내부통제기준,제335조의8제2항,0.97,신용평가내부통제기준,2026-04-30
신용평가회사,요구함,ACTION,이사회의 결의,제335조의8제2항,0.95,신용평가내부통제기준|이사회의 결의,2026-04-30
대통령령으로 정하는 법인,정의함,LOGICAL,최근 사업연도말을 기준으로 자산총액이 100억원 미만인 법인,제335조의8제3항,0.99,정의|대통령령|법인|자산총액|사업연도말,2026-04-30
부수업무,정의함,LOGICAL,법,제324조의7,0.9,부수업무|법,2026-04-30
대통령령으로 정하는 금융기관,정의함,LOGICAL,제335조의10제2항제1호 및 제2호에서 정의된 내용,제335조의10제2항제1호 및 제2호,0.95,정의|대통령령으로 정하는 금융기관,2026-04-30
대통령령으로 정하는 금융기관,참조함,STRUCTURE,제335조의10제2항제1호 및 제2호,제335조의10제2항제1호 및 제2호,0.9,참조|대통령령으로 정하는 금융기관,2026-04-30
금융기관,정의함,LOGICAL,각 호의 어느 하나에 해당하는 금융기관,제10조 제2항,0.95,금융기관 정의|각 호의 어느 하나에 해당하는 금융기관,2026-04-30
대통령령으로 정하는 업무,정의함,LOGICAL,"사업성 평가, 가치평가 및 기업진단 업무",제335조의10제2항제3호,0.95,정의|사업성 평가|가치평가|기업진단 업무,2026-04-30
대통령령으로 정하는 업무,정의함,LOGICAL,신용평가모형과 위험관리모형의 개발 및 제공 업무,제335조의10제2항제3호,0.95,정의|신용평가모형|위험관리모형|개발|제공 업무,2026-04-30
대통령령으로 정하는 업무,정의함,LOGICAL,그 밖에 금융위원회가 정하여 고시하는 업무,제335조의10제2항제3호,0.95,정의|금융위원회|고시 업무,2026-04-30
신용평가회사의 행위규칙,정의함,LOGICAL,법,제324조의8,0.9,신용평가회사의 행위규칙|법,2026-04-30
대통령령으로 정하는 자,정의함,LOGICAL,제3항 각 호 의 어느 하나에 해당하는 자,제335조의11제3항제3호,0.99,대통령령으로 정하는 자|제3항 각 호,2026-04-30
대통령령으로 정하는 자,정의함,LOGICAL,해당 신용평가회사에 100분의 5 이상 출자한 법인,제335조의11제7항제1호,0.95,대통령령으로 정하는 자|신용평가회사|출자|계열회사|이해상충|금융위원회,2026-04-30
대통령령으로 정하는 자,정의함,LOGICAL,해당 신용평가회사가 100분의 5 이상 출자한 법인,제335조의11제7항제1호,0.95,대통령령으로 정하는 자|신용평가회사|출자|계열회사|이해상충|금융위원회,2026-04-30
대통령령으로 정하는 자,정의함,LOGICAL,해당 신용평가회사와 계열회사의 관계에 있는 법인,제335조의11제7항제1호,0.95,대통령령으로 정하는 자|신용평가회사|출자|계열회사|이해상충|금융위원회,2026-04-30
대통령령으로 정하는 자,정의함,LOGICAL,해당 신용평가회사와 제1호부터 제3호까지의 관계에 있는 법인이 100분의 40 이상 출자한 법인,제335조의11제7항제1호,0.95,대통령령으로 정하는 자|신용평가회사|출자|계열회사|이해상충|금융위원회,2026-04-30
대통령령으로 정하는 자,정의함,LOGICAL,그 밖에 신용평가업무와 관련하여 이해상충의 소지가 있는 자로서 금융위원회가 정하여 고시하는 자,제335조의11제7항제1호,0.95,대통령령으로 정하는 자|신용평가회사|출자|계열회사|이해상충|금융위원회,2026-04-30
대통령령으로 정하는 행위,정의함,LOGICAL,"신용평가 과정에서 다른 신용평가회사와 면담, 협의 또는 자료의 제공 등의 방법을 통하여 신용평가대상의 신용 등급에 영향을 미치는 정보를 교환하는 행위",제335조의11제7항제3호,0.95,"대통령령으로 정하는 행위|신용평가 과정에서 다른 신용평가회사와 면담, 협의 또는 자료의 제공 등의 방법을 통하여 신용평가대상의 신용 등급에 영향을 미치는 정보를 교환하는 행위",2026-04-30
대통령령으로 정하는 행위,정의함,LOGICAL,신용평가와 관련하여 금융위원회가 정하여 고시하는 기준을 위반하여 신용평가의 요청인 및 그의 이해관계자에 게 재산상의 이익을 제공하거나 이들로부터 재산상의 이익을 제공받는 행위,제335조의11제7항제3호,0.95,대통령령으로 정하는 행위|신용평가와 관련하여 금융위원회가 정하여 고시하는 기준을 위반하여 신용평가의 요청인 및 그의 이해관계자에 게 재산상의 이익을 제공하거나 이들로부터 재산상의 이익을 제공받는 행위,2026-04-30
금지 또는 제한 회피 행위,정의함,LOGICAL,제335조의11제7항제1호 또는 제2호에 따른 금지 또는 제한을 회피할 목적으로 하는 행위,제335조의11제7항제1호,0.95,금지 또는 제한 회피 행위|제335조의11제7항제1호,2026-04-30
신용평가회사,금지함,ACTION,신용평가회사와 제3항 각 호의 관계에 있는 자에 대하여 신용평가회사 간에 교차하여 신용평가를 하는 행위,제335조의11제7항제1호,0.95,금지 또는 제한 회피 행위|교차신용평가,2026-04-30
신용평가회사,금지함,ACTION,신용평가회사의 계열회사의 상품이나 서비스의 구매와 관련하여 연계거래를 하는 행위,제335조의11제7항제1호,0.95,금지 또는 제한 회피 행위|연계거래,2026-04-30
신용평가회사,금지함,ACTION,신용평가계약을 체결하기 전에 특정 신용등급이 부여될 가능성 또는 예상되는 신용등급(신용등급의 범위를 포함 한다)에 대한 정보를 요청인 또는 그의 이해관계자에게 제공하는 행위,제335조의11제7항제1호,0.95,금지 또는 제한 회피 행위|신용등급 정보 제공,2026-04-30
신용평가회사,금지함,ACTION,신용평가계약의 체결을 유인하기 위하여 신용등급을 이용하는 행위,제335조의11제7항제1호,0.95,금지 또는 제한 회피 행위|신용등급 이용,2026-04-30
신용평가회사,금지함,ACTION,그 밖에 투자자 보호나 신용평가의 독립성ㆍ공정성을 해칠 염려가 있는 행위로서 금융위원회가 정하여 고시하는 행위,제335조의11제7항제1호,0.95,금지 또는 제한 회피 행위|투자자 보호|신용평가 독립성,2026-04-30
신용평가서 제출,정의함,LOGICAL,제324조의9,324조의9,0.7,신용평가서 제출|제324조의9,2026-04-30
대통령령으로 정하는 경우,정의함,LOGICAL,같은 항 제1호 또는 제2호에 따라 제출한 신용평가서의 신용등급이 변동되는 경우,제335조의12제2항제3호,0.95,대통령령으로 정하는 경우|신용평가서 신용등급 변동,2026-04-30
대통령령으로 정하는 서류,정의함,LOGICAL,법,제335조의12제4항,0.95,대통령령으로 정하는 서류|법,2026-04-30
신용평가방법,참조함,STRUCTURE,서류,제335조의12제1항,0.85,신용평가방법|서류,2026-04-30
신용평가서,참조함,STRUCTURE,제335조의12제2항,제335조의12제2항,0.85,신용평가서|제335조의12제2항,2026-04-30
서류,참조함,STRUCTURE,제335조의12제3항,제335조의12제3항,0.95,서류|제335조의12제3항,2026-04-30
제출시기,정의함,LOGICAL,제2항제1호의 서류: 제정 또는 개정일부터 10일 이내,제335조의12제3항,0.85,제출시기|제2항제1호의 서류|제정 또는 개정일부터 10일 이내,2026-04-30
제출시기,정의함,LOGICAL,제2항제2호의 서류: 신용평가의 종료일부터 10일 이내,제335조의12제3항,0.85,제출시기|제2항제2호의 서류|신용평가의 종료일부터 10일 이내,2026-04-30
제출시기,정의함,LOGICAL,제2항제3호의 서류: 서류별로 금융위원회가 정하여 고시하는 기간 이내,제335조의12제3항,0.85,제출시기|제2항제3호의 서류|서류별로 금융위원회가 정하여 고시하는 기간 이내,2026-04-30
법,정의함,LOGICAL,신용평가회사에 대한 조치,제324조의10,0.7,신용평가회사에 대한 조치 정의,2026-04-30
대통령령으로 정하는 경우,참조함,STRUCTURE,법 별표 9의2 제5호,제335조의15제1항제6호,0.9,참조|법 별표 9의2 제5호,2026-04-30
신용평가,위반함,ACTION,제335조의11제1항,제335조의11제1항,0.9,신용평가|제335조의11제1항,2026-04-30
신용평가,위반함,ACTION,법 별표 9의2 제6호,제335조의11제1항,0.9,신용평가|법 별표 9의2 제6호,2026-04-30
신용평가서 작성,참조함,STRUCTURE,제335조의11제3항,제335조의11제3항,0.9,신용평가서 작성|제335조의11제3항,2026-04-30
신용평가서 작성,처벌대상임,SANCTION,법 별표 9의2 제9호,제335조의11제3항,0.9,신용평가서 작성|법 별표 9의2 제9호,2026-04-30
신용평가회사와 특수한 관계에 있는 자,위반함,ACTION,제335조의11제7항제1호,제335조의11제7항제1호,0.95,위반|신용평가회사와 특수한 관계에 있는 자,2026-04-30
신용평가회사와 특수한 관계에 있는 자,신용평가를 수행함,ACTION,신용평가,제335조의11제7항제1호,0.92,신용평가|신용평가회사와 특수한 관계에 있는 자,2026-04-30
신용평가회사와 특수한 관계에 있는 자,해당함,LOGICAL,법 별표 9의2 제12호,제335조의11제7항제1호,0.85,법 별표 9의2 제12호|신용평가회사와 특수한 관계에 있는 자,2026-04-30
대통령령으로 정하는 금융관련 법령 등,정의함,LOGICAL,형법,제335조의15제1항제7호,0.99,정의|금융관련 법령,2026-04-30
대통령령으로 정하는 금융관련 법령 등,정의함,LOGICAL,특정경제범죄 가중처벌 등에 관한 법률,제335조의15제1항제7호,0.99,정의|금융관련 법령,2026-04-30
대통령령으로 정하는 경우,예시로함,LOGICAL,별표 21 제2호가목에 해당하는 경우,제335조의15제1항제7호,0.9,대통령령으로 정하는 경우|별표 21 제2호가목에 해당하는 경우,2026-04-30
별표 21 제2호가목에 해당하는 경우,정의함,LOGICAL,형법,제335조의15제1항제7호,0.9,별표 21 제2호가목에 해당하는 경우|형법,2026-04-30
형법,정의함,LOGICAL,제217조까지를 위반한 경우 2. 별표 21 제2호나목에 해당하는 경우,217,0.9,형법|제217조까지를 위반한 경우|별표 21 제2호나목,2026-04-30
제223조,참조함,STRUCTURE,같은 법,223,0.6,제223조|같은 법,2026-04-30
제214조,참조함,STRUCTURE,제2조,214,0.6,제2조의 규정에 따라,2026-04-30
형법,금지함,ACTION,제217조,제217조,0.8,형법|제217조,2026-04-30
제355조,정의함,LOGICAL,내용 없음,355,0.5,제355조,2026-04-30
제356조,참조함,STRUCTURE,제355조,356,0.2,제356조,2026-04-30
위반자,위반함,ACTION,제357조제1항,제357조제1항,0.95,제357조제1항 위반,2026-04-30
제357조제1항 위반,예외로함,LOGICAL,형법,제357조제1항,0.9,별표 21 제2호바목,2026-04-30
제357조제1항 위반,참조함,STRUCTURE,별표 21 제2호바목,제357조제1항,0.85,제357조제1항 위반,2026-04-30
제359조,정의함,LOGICAL,같은 법,제359조,0.2,제359조|같은 법,2026-04-30
제355조,정의함,LOGICAL,없음,제355조,0.5,제355조,2026-04-30
제357조제1항,위반한 경우에만 적용함,LOGICAL,해당 규정,제357조제1항,0.9,위반|조건부 적용,2026-04-30
제357조제1항,참조함,STRUCTURE,별표 21 제3호가목,제357조제1항,0.95,참조,2026-04-30
제357조제1항,참조함,STRUCTURE,특정경제범죄 가중처벌 등에 관한 법률,제357조제1항,0.95,참조,2026-04-30
형법,정의함,LOGICAL,형법,제3조제1항,0.9,형법,2026-04-30
위반,위반함,ACTION,특정경제범죄 가중처벌 등에 관한 법률,제356조,0.8,위반|특정경제범죄 가중처벌 등에 관한 법률,2026-04-30
위반자,위반함,ACTION,제5조,제5조,0.95,제5조 위반,2026-04-30
위반자,처벌대상임,SANCTION,특정경제범죄 가중처벌 등에 관한 법률,제5조,0.9,제5조 위반|특정경제범죄 가중처벌 등에 관한 법률,2026-04-30
특정경제범죄 가중처벌 등에 관한 법률,위반한 경우,ACTION,제8조를 위반한,제8조,0.95,제8조 위반|법 적용,2026-04-30
특정경제범죄 가중처벌 등에 관한 법률,해당,LOGICAL,별표 21 제3호마목,제8조,0.95,별표 21 제3호마목|법 적용 대상,2026-04-30
업무정지의 조치를 받은 자,요구함,ACTION,해당 조건을 보정,제335조의15제2항제1호,0.95,보정|업무정지,2026-04-30
업무정지의 조치를 받은 자,제한시간,STRUCTURE,1개월 이내,제335조의15제2항제1호,0.9,보정|업무정지|기간,2026-04-30
업무정지의 조치를 받은 자,처벌대상임,SANCTION,2의2,제335조의15제2항제1호,0.9,보정|업무정지|처벌,2026-04-30
업무,금지함,ACTION,부정한 방법으로 타인으로부터 금전등을 받거나 타인에게 줄 금전등을 취득한 경우,제324조의8제4항,0.95,위법행위|부정한 방법|금전등,2026-04-30
업무,금지함,ACTION,신용평가의 과정에서 계약을 위반하거나 이행하지 아니하여 시장 질서를 어지럽힌 경우,제324조의8제4항,0.95,위법행위|신용평가|계약 위반|시장 질서,2026-04-30
업무,금지함,ACTION,같거나 비슷한 위법행위를 계속하거나 반복하는 경우,제324조의8제4항,0.95,위법행위|계속|반복,2026-04-30
대통령령으로 정하는 조치,정의함,LOGICAL,법 별표 9의2 제14호에서 ‘대통령령으로 정하는 경우’란 이 영 별표 13의3 각 호의 어느 하나에 해당하는 경우를 말한다,제335조의15제3항제6호,0.95,대통령령으로 정하는 조치|정의,2026-04-30
종합금융회사,정의함,LOGICAL,법,제325조,0.7,종합금융회사|법,2026-04-30
대통령령으로 정하는 업무,정의함,LOGICAL,어음관리계좌,제336조제1항제8호,0.9,정의|대통령령으로 정하는 업무,2026-04-30
계좌,정의함,LOGICAL,종합금융회사가 개설하는 계좌,제336조제1항제1호,0.95,계좌|종합금융회사|개설,2026-04-30
계좌,목적함,LOGICAL,"어음 등에 투자하여 운용하고, 그 결과 발생한 수익을 고객에게 지급",제336조제1항제1호,0.85,계좌|어음|수익|고객,2026-04-30
종합금융회사,권한을가짐,ACTION,계좌 개설,제336조제1항제1호,0.8,종합금융회사|계좌|개설,2026-04-30
계좌,참조함,STRUCTURE,제336조제1항제1호,제336조제1항제1호,0.9,계좌|제336조제1항제1호,2026-04-30
공개시장조작대상증권,금지함,ACTION,매매 및 그 중개ㆍ주선 또는 대리,제68조,0.95,공개시장조작대상증권|매매 및 그 중개ㆍ주선 또는 대리,2026-04-30
업무용 부동산의 임대 업무,정의함,LOGICAL,법,제347조제4항,0.95,업무용 부동산의 임대 업무|법,2026-04-30
업무용 부동산의 임대 업무,제347조제4항에 따른,STRUCTURE,제347조제4항,제347조제4항,0.9,업무용 부동산의 임대 업무|제347조제4항,2026-04-30
대통령령으로 정하는 업무,정의함,LOGICAL,장내파생상품을 대상으로 하는 투자매매업 또는 투자중개업(제2항제3호에 해당되는 것은 제외한다),제336조제2항제6호,0.95,정의|대통령령으로 정하는 업무,2026-04-30
대통령령으로 정하는 업무,정의함,LOGICAL,신용정보의 이용 및 보호에 관한 법률에 따른 신용정보 업무,제336조제2항제6호,0.95,정의|대통령령으로 정하는 업무,2026-04-30
대통령령으로 정하는 업무,정의함,LOGICAL,자산유동화에 관한 법률에 따른 유동화자산관리 업무,제336조제2항제6호,0.95,정의|대통령령으로 정하는 업무,2026-04-30
대통령령으로 정하는 업무,정의함,LOGICAL,투자자문업,제336조제2항제6호,0.95,정의|대통령령으로 정하는 업무,2026-04-30
대통령령으로 정하는 업무,정의함,LOGICAL,전자금융거래법에 따른 전자자금이체업무(같은 법,제336조제2항제6호,0.9,정의|대통령령으로 정하는 업무,2026-04-30
대통령령으로 정하는 업무,예외로함,LOGICAL,제2항제3호에 해당되는 것,제336조제2항제6호,0.9,예외|대통령령으로 정하는 업무,2026-04-30
참가기관,되다,ACTION,결제중계시스템,제2조제6호,0.95,참가기관|결제중계시스템,2026-04-30
대표참가기관을 경유하는 방식의 전자자금이체업무,제외함,ACTION,제15조제2항제2호,제15조제2항제2호,0.95,대표참가기관|전자자금이체업무|제외,2026-04-30
표지어음,정의함,LOGICAL,발행,326,0.6,표지어음|발행,2026-04-30
종합금융회사,허용함,ACTION,표지어음,제336조제3항,0.95,표지어음 발행|통합|분할,2026-04-30
종합금융회사,요구함,ACTION,원어음등의 소유잔액과 최종만기일 범위에서 발행,제336조제3항,0.9,발행근거|원어음등,2026-04-30
종합금융회사,금지함,ACTION,"원어음등을 매도, 담보제공, 어음관리계좌에 편입",제336조제3항,0.9,매도|담보제공|편입,2026-04-30
표지어음,정의함,LOGICAL,새로운 어음,제336조제3항,0.85,표지어음 정의,2026-04-30
종합금융회사,요구함,ACTION,적격업체,제327조,0.95,적격업체 선정|어음 할인·매매·중개·인수·보증,2026-04-30
검사대상기관,정의함,LOGICAL,어음업무를 하는 검사대상기관,Unknown,0.95,제38조|검사대상기관 정의,2026-04-30
적격업체,선정하지 아니할 수 있다,ACTION,보증한 어음,Unknown,0.9,조건부|보증한 어음|적격업체,2026-04-30
금융위원회,정하고 고시한다,ACTION,적격업체의 선정방법 및 할인한도 등,Unknown,0.9,정책 결정|고시,2026-04-30
종합금융회사,금지함,ACTION,보증행위,328,0.95,보증행위|무담보어음 매도,2026-04-30
보증행위,예외로함,LOGICAL,중소기업기본법,328,0.9,보증행위|중소기업기본법,2026-04-30
중소기업,할 수 있다,ACTION,지급의 보증,Unknown,0.9,중소기업|지급의 보증|어음|보증,2026-04-30
종합금융회사,충족하여야 한다,ACTION,무담보어음의 요건,Unknown,0.9,종합금융회사|무담보어음|요건|매도,2026-04-30
무담보어음,신용평가를 받은 것,LOGICAL,둘 이상의 신용평가회사,Unknown,0.8,무담보어음|신용평가|신용평가회사,2026-04-30
무담보어음,최저 신용평가등급이,LOGICAL,금융위원회가 정하여 고시하는 평가등급 이상,Unknown,0.8,무담보어음|신용평가등급|금융위원회,2026-04-30
종합금융회사,할 수 있다,ACTION,무보증어음에 대한 매매의 중개ㆍ주선 또는 대리,Unknown,0.9,종합금융회사|무보증어음|중개|주선|대리,2026-04-30
금융위원회,정하여 고시한다,ACTION,신용평가 기준 및 기타 무담보어음 신용평가에 관한 사항,Unknown,0.9,금융위원회|신용평가|고시,2026-04-30
종합금융회사,요구함,ACTION,수탁기간을 1년 이내로 설정,제329조,0.95,수탁기간|1년 이내,2026-04-30
수탁기간,정의함,LOGICAL,1년 이내,제329조,0.9,수탁기간|1년 이내,2026-04-30
자산 운용,허용함,ACTION,할인어음,제346조,0.95,자산 운용|할인어음|운용할 수 있다,2026-04-30
자산 운용,허용함,ACTION,선적전 무역어음,제346조,0.95,자산 운용|선적전 무역어음|운용할 수 있다,2026-04-30
자산 운용,허용함,ACTION,팩토링어음ㆍ채권,제346조,0.95,자산 운용|팩토링어음ㆍ채권|운용할 수 있다,2026-04-30
자산 운용,허용함,ACTION,금융기관(「금융위원회의 설치 등에 관한 법률」),제346조,0.95,자산 운용|금융기관|운용할 수 있다,2026-04-30
자산 운용,예외로함,LOGICAL,지급준비자산,제346조,0.95,자산 운용|지급준비자산|제346조,2026-04-30
종합금융회사,금지함,ACTION,주식 취득을 위한 대출,330,0.95,금지|대출|주식 취득,2026-04-30
종합금융회사,금지함,ACTION,대출 (부채성 자본조달수단 지원),330,0.95,금지|대출|부채성 자본조달수단,2026-04-30
종합금융회사,금지함,ACTION,지급보증서 발급,330,0.95,금지|지급보증서 발급,2026-04-30
종합금융회사,요구함,ACTION,"어음 소유액, 팩토링금융, 어음지급보증 및 중장기대출 합계액의 25% 이상이 중소기업 대상",330,0.9,요구|중소기업|대출|팩토링금융|어음,2026-04-30
금융위원회,권한을가짐,ACTION,고시를 정할 수 있다,330,0.9,권한|고시,2026-04-30
영업행위 규칙,정의함,LOGICAL,제330조,330,0.85,정의|영업행위 규칙,2026-04-30
금융위원회,인정함,ACTION,지점등,제331조,0.7,지점등의 인가,2026-04-30
제337조,정의함,LOGICAL,지점등(법,337,0.6,제337조|지점등(법,2026-04-30
지점등,정의함,LOGICAL,제337조에 따른 지점등,337,0.95,정의|지점등,2026-04-30
지점등,요구함,ACTION,요건 심사,337,0.9,설치인가|요건,2026-04-30
법,준용함,LOGICAL,제350조,350,0.9,준용|법,2026-04-30
종합금융회사,충족,ACTION,경영건전성기준,제31조,0.99,경영건전성기준|충족,2026-04-30
종합금융회사,충족,ACTION,최근 2개 사업연도 중 1개 사업연도 이상 당기순이익 발생,제31조,0.95,당기순이익|사업연도|충족,2026-04-30
종합금융회사,충족,ACTION,최근 2년 동안 금융위원회로부터 기관경고 이상에 해당하는 조치 미수신,제31조,0.95,기관경고|조치|미수신,2026-04-30
종합금융회사,예외로함,LOGICAL,지점등의 설치인가를 받으려는 종합금융회사 (본점과 지점이 없는 광역시나 도에 소재하는 경우),제31조,0.9,지점등의 설치인가|예외|본점과 지점이 없는 광역시나 도,2026-04-30
금융위원회,정하여 고시한다,ACTION,"지점등의 인가의 신청과 심사, 서식과 작성방법 등에 관한 구체적인 사항",제31조,0.95,지점등의 인가|정하여 고시한다,2026-04-30
종합금융회사,요구함,ACTION,한도에 적합하도록 조정,제340조제2항,0.95,한도|채권 발행,2026-04-30
종합금융회사,허용함,ACTION,채권을 매출의 방법으로 발행,제340조제2항,0.9,매출의 방법|채권 발행,2026-04-30
종합금융회사,허용함,ACTION,채권청약서를 작성하지 아니할 수 있다,제340조제2항,0.9,채권청약서|매출의 방법,2026-04-30
종합금융회사,요구함,ACTION,"채권에 상호, 액면금액, 이자율, 이자지급 방법 및 기한, 채권상환 방법 및 기한, 채권 번호를 기재하여야 한다",제340조제2항,0.9,채권|기재사항,2026-04-30
종합금융회사,허용함,ACTION,할인의 방법으로 채권을 발행,제340조제2항,0.9,할인|채권 발행,2026-04-30
제340조제2항,참조함,STRUCTURE,제340조제1항,제340조제2항,0.8,제1항|제2항,2026-04-30
채권발행액을 적용할 때,허용함,ACTION,할인발행차금,340,0.9,채권발행액|할인발행차금,2026-04-30
집합투자업에 대한 특례,정의함,LOGICAL,법,제333조,0.6,집합투자업에 대한 특례|법,2026-04-30
자,참조함,STRUCTURE,제401조의2제1항,제401조의2제1항,0.9,자|제401조의2제1항,2026-04-30
업무 담당자,요구함,ACTION,기록,제341조제2항,0.95,기록 유지,2026-04-30
업무 담당자,요구함,ACTION,준법감시인의 확인,제341조제2항,0.95,준법감시인 확인,2026-04-30
금융위원회,요구함,ACTION,직원,제341조제2항,0.95,직원 파견|금융위원회,2026-04-30
직원,금지함,ACTION,업무를 다른 업무로 전보하지 않다,제341조,0.95,전보|업무|직원,2026-04-30
제341조,참조함,STRUCTURE,제341조 제2항제2호,제341조,0.9,전보|제341조 제2항제2호,2026-04-30
업무 겸직 금지,금지함,ACTION,업무 겸직,제341조제2항제2호,0.9,업무 겸직|제341조제2항제2호,2026-04-30
사무실,요구함,ACTION,공간적으로 분리될 것,제341조제2항제2호,0.85,사무실 분리|정보공유 차단,2026-04-30
전산자료,금지함,ACTION,공유,제341조제2항,0.95,전산자료 공유 금지,2026-04-30
전산자료,요구함,ACTION,독립 저장·관리·열람,제341조제2항,0.9,독립 저장·관리·열람,2026-04-30
금융위원회,정하여 고시하는,STRUCTURE,이해상충 방지에 필요한 사항,제341조제2항,0.85,이해상충 방지,2026-04-30
업무 2. 법,정의함,LOGICAL,업무와 직접적으로 관련이 없는 업무로서 금융위원회가 정하여 고시하는 업무,제341조제2항제2호,0.95,업무 2. 법|정의,2026-04-30
업무,참조함,STRUCTURE,제336조제2항제1호,제336조제2항제1호,0.9,업무 참조|제336조제2항제1호,2026-04-30
업무 4,따르다,ACTION,법,제336조제2항제5호,0.95,업무|법,2026-04-30
업무,참조함,STRUCTURE,법,제336조제2항제6호,0.9,업무|법,2026-04-30
신용공여한도,정의함,LOGICAL,법,제334조,0.6,신용공여한도|법,2026-04-30
대통령령으로 정하는 한도,정의함,LOGICAL,종합금융회사의 자기자본의 100분의 15,제342조제2항,0.99,한도|자기자본|종합금융회사,2026-04-30
법인등,정의함,LOGICAL,국가ㆍ지방자치단체 또는 법률에 따라 직접 설립된 법인등으로서 금융위원회가 정하여 고시하는 법인등,제342조제5항제1호,0.95,법인등 정의|정의,2026-04-30
신용공여,정의함,LOGICAL,제342조제1항,제342조제1항,0.95,신용공여|제342조제1항,2026-04-30
종합금융회사,허용함,ACTION,"신용공여(다른 금융기관에 대출, 영업상 여유자금, 자금중개회사를 통하여, 3영업일 이내)",제342조제1항,0.9,종합금융회사|신용공여|다른 금융기관,2026-04-30
종합금융회사,허용함,ACTION,신용공여(회생절차 진행 중인 회사에 대하여 추가로),제342조제1항,0.85,종합금융회사|신용공여|회생절차,2026-04-30
종합금융회사,허용함,ACTION,신용공여(양수한 자에 대하여 추가로),제342조제1항,0.85,종합금융회사|신용공여|양수한 자,2026-04-30
종합금융회사의 신용공여 초과 사유,정의함,LOGICAL,"다음 각 목의 어느 하나에 해당하는 경우: 가. 해당 종합금융회사의 자기자본이 감소된 경우, 나. 신용공여를 받은 기업 간의 합병이나 영업의 양도·양수 등으로 동일차주 구성에 변동이 있는 경우, 다. 환율 변동에 따른 원화환산액이 증가한 경우, 라. 그 밖에 급격한 경제여건의 변화 등 불가피한 사유로 인하여 해당 종합금융회사의 귀책사유 없이 신용공여한 도를 초과하였다고 금융위원회가 인정하는 경우",제342조제5항제2호,0.95,정의|종합금융회사의 신용공여 초과 사유,2026-04-30
금융위원회,인정함,ACTION,종합금융회사의 신용공여 초과 사유,제342조제5항제2호,0.9,인정|금융위원회|종합금융회사의 신용공여 초과 사유,2026-04-30
종합금융회사,요구함,ACTION,금융위원회,제342조,0.95,신용공여한도 초과|확인신청 및 제출,2026-04-30
제342조,참조함,STRUCTURE,제2항제1호,제342조,0.9,제2항제1호,2026-04-30
제342조,참조함,STRUCTURE,제2항제2호,제342조,0.9,제2항제2호,2026-04-30
신용공여한도 초과,정의함,LOGICAL,제342조,제342조,0.9,신용공여한도 초과,2026-04-30
부득이한 사유,정의함,LOGICAL,다음 각 호의 어느 하나에 해당하는 경우로서 한도초과 상태의 해소가 해당 종합금융회사의 자산건전성을 해치는 경우,제342조제6항,0.95,부득이한 사유|한도초과 상태|자산건전성,2026-04-30
부득이한 사유,정의함,LOGICAL,이미 제공한 신용공여의 기한이 도래하지 아니하여 기간 이내에 회수가 곤란한 경우,제342조제6항,0.9,신용공여|기한|회수 곤란,2026-04-30
부득이한 사유,정의함,LOGICAL,해당 신용공여를 회수하면 신용공여를 받은 자의 경영안정을 크게 해칠 염려가 있는 경우,제342조제6항,0.9,신용공여|회수|경영안정,2026-04-30
자기자본의 범위,정의함,LOGICAL,제335조,335,0.95,자기자본의 범위 정의,2026-04-30
자기자본,정의함,LOGICAL,기본자본과 보완자본으로 구분되는 자본,제342조제1항,0.95,자기자본|기본자본|보완자본,2026-04-30
기본자본,정의함,LOGICAL,자본금·적립금 등 종합금융회사의 실질순자산으로서 영구적 성격을 지닌 것,제342조제1항,0.9,기본자본|자본금|적립금|실질순자산|영구적 성격,2026-04-30
보완자본,정의함,LOGICAL,후순위채권 등 제1호에 준하는 성격의 자본으로서 종합금융회사의 영업활동에서 발생하는 손실을 보전할 수 있는 것,제342조제1항,0.9,보완자본|후순위채권|손실 보전,2026-04-30
자기주식 등 실질적으로 자본충실에 기여하지 아니하는 것,예외로함,LOGICAL,기본자본 및 보완자본에 포함시키지 아니할 것,제342조제1항,0.85,자기주식|자본충실|기본자본|보완자본,2026-04-30
금융위원회,정하고 고시한다,ACTION,자기자본 기준,제342조제1항,0.95,금융위원회|정하고 고시한다|자기자본 기준,2026-04-30
신용공여의 범위,정의함,LOGICAL,법,336,0.5,신용공여의 범위,2026-04-30
신용공여,정의함,LOGICAL,"대출, 어음의 할인, 지급보증, 자금지원적 성격의 증권의 매입, 어음의 매입, 지급보증에 따른 대지급금의 지급, 시설대여, 그 밖에 거래상대방의 지급불능시 이로 인하여 종합금융회사에 손실을 초래할 수 있는 거래, 종합금융회사가 직접적으로 제1호부터 제7호까지의 규정에 해당하는 거래를 한 것은 아니나, 실질적으로 그에 해당하는 결과를 가져올 수 있는 거래",제342조제1항,0.95,신용공여 정의|대출|어음의 할인|지급보증|자금지원적 성격의 증권의 매입|어음의 매입|지급보증에 따른 대지급금의 지급|시설대여|거래상대방의 지급불능시 손실 초래 거래|종합금융회사의 실질적 결과 거래,2026-04-30
금융위 원회,권한을가짐,ACTION,신용공여의 구체적인 범위 정의 및 고시,제342조제1항,0.9,금융위 원회|정의 및 고시|신용공여 범위,2026-04-30
동일차주 및 관계인,정의함,LOGICAL,범위,337,0.6,동일차주 및 관계인|범위,2026-04-30
동일차주,정한다,LOGICAL,같은 개인ㆍ법인과 다음 각 호의 관계에 있는 자,제342조제1항,0.95,동일차주 정의|구체적 범위,2026-04-30
지급불능,인정함,ACTION,다른 개인이나 법인,제4조제1항,0.85,지급불능|인정,2026-04-30
관계인,정의함,LOGICAL,해당 종합금융회사의 임원,제342조제2항,0.97,관계인|임원,2026-04-30
관계인,정의함,LOGICAL,해당 종합금융회사의 자회사(그 종합금융회사가 의결권 있는 발행주식의 100분의 15 이상을 소유한 회사),제342조제2항,0.97,관계인|자회사,2026-04-30
관계인,정의함,LOGICAL,해당 종합금융회사의 임원의 특수관계인,제342조제2항,0.97,관계인|특수관계인,2026-04-30
관계인,정의함,LOGICAL,해당 종합금융회사의 자회사와 제1항 각 호의 어느 하나의 관계에 있는 자,제342조제2항,0.97,관계인|관계에 있는 자,2026-04-30
대주주와의 거래,금지함,ACTION,제338조,제338조,0.9,대주주와의 거래|제한,2026-04-30
대통령령으로 정하는 한도,정의함,LOGICAL,자기자본의 15% 또는 대주주(특수관계인 포함)가 보유한 의결권 있는 주식 수를 해당 종합금융회사의 의결권 있는 발행주식 총수로 나눈 비율에 해당 종합금융회사의 자본을 곱한 금액 중 적은 금액,제343조제1항,0.95,한도 정의|자기자본 비율|주식 비율,2026-04-30
대통령령으로 정하는 금액,정의함,LOGICAL,금융위원회가 정하여 고시하는 단일 거래금액이 자기자본의 1만분의 10에 해당하는 금액이나 10억원 중 적은 금액,제343조제2항,0.95,금융위원회|자기자본|단일 거래금액|10억원,2026-04-30
대통령령으로 정하는 금액,참조함,STRUCTURE,전단 및 제3항,제343조제2항,0.9,전단|제3항,2026-04-30
제2조에 따른 약관,참조함,STRUCTURE,제2조,제2조,0.9,제2조에 따른 약관|제2조,2026-04-30
대통령령으로 정하는 거래,정의함,LOGICAL,사채권 취득 거래,제343조제2항,0.95,대통령령으로 정하는 거래|사채권 취득 거래,2026-04-30
신용공여자,요구함,ACTION,신용공여 보고 항목,제343조제3항,0.95,신용공여자|신용공여 보고 항목,2026-04-30
신용공여 보고,정의함,LOGICAL,"분기 말 현재 신용공여의 규모, 분기 중 신용공여의 증감 금액, 신용공여의 거래조건, 그 밖에 금융위원회가 정하여 고시하는 사항",제343조제3항,0.9,신용공여 보고|신용공여 보고 항목,2026-04-30
제343조제3항,근거함,STRUCTURE,신용공여 보고,제343조제3항,0.85,제343조제3항|신용공여 보고,2026-04-30
신용공여 보고 항목,포함함,LOGICAL,"분기 말 현재 신용공여의 규모, 분기 중 신용공여의 증감 금액, 신용공여의 거래조건, 그 밖에 금융위원회가 정하여 고시하는 사항",제343조제3항,0.88,신용공여 보고 항목|신용공여 보고,2026-04-30
대주주,요구함,ACTION,분기 말 현재 취득 규모,제343조제3항,0.95,주식 취득|보고|분기,2026-04-30
대주주,요구함,ACTION,분기 중 증감 내역,제343조제3항,0.95,주식 취득|보고|분기,2026-04-30
대주주,요구함,ACTION,취득가격 또는 처분가격,제343조제3항,0.95,주식 취득|보고|가격,2026-04-30
대주주,요구함,ACTION,그 밖에 금융위원회가 정하여 고시하는 사항,제343조제3항,0.95,주식 취득|보고|금융위원회,2026-04-30
대통령령으로 정하는 경우,정의함,LOGICAL,대주주가 다음 각 호의 어느 하나에 해당 되는 경우,제343조제9항,0.95,대통령령으로 정하는 경우|대주주가 ... 경우,2026-04-30
대통령령으로 정하는 조치,정의함,LOGICAL,다음 각 호의 어느 하나에 해당하는 금융투자상품의 신규취득 금지,제343조제9항제3호,0.95,대통령령으로 정하는 조치|금융투자상품 신규취득 금지,2026-04-30
증권의 투자한도,정의함,LOGICAL,법,제339조,0.9,증권의 투자한도 정의|법에 의한 정의,2026-04-30
대통령령으로 정하는 경우,정의함,LOGICAL,다음 각 호의 어느 하나에 해 당하는 경우,제344조제1항,0.95,대통령령으로 정하는 경우|다음 각 호의 어느 하나에 해 당하는 경우,2026-04-30
투자 매매업·투자중개업,소유,ACTION,증권,제336조제1항제1호ㆍ제3호,0.95,증권 소유|투자 매매업·투자중개업,2026-04-30
투자 매매업·투자중개업,소유,ACTION,국가가 원리금의 지급을 보증한 채권,제336조제1항제1호ㆍ제3호,0.9,정부보증채권|증권 소유,2026-04-30
투자 매매업·투자중개업,소유,ACTION,주주권·담보권 등의 행사로 증권,제336조제1항제1호ㆍ제3호,0.9,주주권 행사|담보권 행사|증권 소유,2026-04-30
투자 매매업·투자중개업,소유,ACTION,남은 만기 3년 이내의 사채권,제336조제1항제1호ㆍ제3호,0.9,사채권|3년 이내 만기|증권 소유,2026-04-30
투자 매매업·투자중개업,소유,ACTION,전환사채 권을 포함한 주식,제336조제1항제1호ㆍ제3호,0.9,전환사채|주식|증권 소유,2026-04-30
투자 매매업·투자중개업,소유,ACTION,유동화증권,제336조제1항제1호ㆍ제3호,0.9,유동화증권|증권 소유,2026-04-30
투자 매매업·투자중개업,소유,ACTION,집합투자증권,제336조제1항제1호ㆍ제3호,0.9,집합투자증권|증권 소유,2026-04-30
투자 매매업·투자중개업,예외로함,LOGICAL,소유기간이 1년을 초과하는 경우,제336조제1항제1호ㆍ제3호,0.9,소유기간|예외,2026-04-30
제336조제1항제1호ㆍ제3호,참조함,STRUCTURE,제336조제2항제2호ㆍ제3호,제336조제1항제1호ㆍ제3호,0.9,참조|같은 조,2026-04-30
대통령령으로 정하는 방법,정의함,LOGICAL,다음 각 호의 증권에 대하여 따로 투자한도를 정하는 방법,제344조제2항,0.95,정의|대통령령으로 정하는 방법|투자한도|증권,2026-04-30
대통령령으로 정하는 방법,정의함,LOGICAL,같은 회사의 발행주식(그 주식과 관련된 증권예탁증권을 포함한다),제344조제2항,0.9,정의|대통령령으로 정하는 방법|발행주식|증권예탁증권,2026-04-30
대통령령으로 정하는 방법,정의함,LOGICAL,종합금융회사의 대주주와 그 특수관계인이 발행한 주식(그 주식과 관련된 증권예탁증권을 포함한다),제344조제2항,0.9,정의|대통령령으로 정하는 방법|종합금융회사|대주주|특수관계인|발행주식|증권예탁증권,2026-04-30
대통령령으로 정하는 방법,정의함,LOGICAL,종합금융회사의 대주주와 그 특수관계인이 매도하는 비상장증권(그 증권과 관련된 증권예탁증권을 포함한다),제344조제2항,0.9,정의|대통령령으로 정하는 방법|종합금융회사|대주주|특수관계인|비상장증권|증권예탁증권,2026-04-30
대통령령으로 정하는 방법,정의함,LOGICAL,"파생결합증권, 그 밖에 금융위원회가 정하여 고시하는 증권",제344조제2항,0.9,정의|대통령령으로 정하는 방법|파생결합증권|금융위원회|증권,2026-04-30
자금지원 관련 금지행위,정의함,LOGICAL,금지행위,340,0.8,자금지원 관련 금지행위|금지행위,2026-04-30
자금지원 관련 금지행위,근거함,STRUCTURE,제340조,340,0.9,자금지원 관련 금지행위|제340조,2026-04-30
제342조,정의함,LOGICAL,Unknown,342,0.4,제342조,2026-04-30
회피 행위,정의함,LOGICAL,"한도를 회피하기 위한 목적으로 장외파생상품거래, 신탁계약, 연계거래 등을 이용하는 행위",제344조,0.95,회피 행위 정의|한도 회피 목적,2026-04-30
종합금융회사,요구함,ACTION,지급준비자산의 보유,제341조,0.85,지급준비자산의 보유|법에 따른 의무,2026-04-30
금융기관,보유하여야 한다,ACTION,지급준비자산,제346조,0.95,지급준비자산|금액의 합계액의 100분의 5에 상당하는 금액 이상,2026-04-30
제1항에 따른 지급준비자산,이어야 한다,LOGICAL,"현금, 국채증권ㆍ지방채증권 또는 특수채증권, 국가가 원리금의 지급을 보증한 채권",제346조,0.9,현금|국채증권ㆍ지방채증권 또는 특수채증권|국가가 원리금의 지급을 보증한 채권|타인을 위하여 담보로 제공되지 아니한 것,2026-04-30
지급준비자산의 계산방법에 관한 사항,정하여 고시한다,ACTION,금융위원회,제346조,0.9,지급준비자산의 계산방법에 관한 사항|금융위원회,2026-04-30
종합금융회사,제한함,ACTION,부동산 취득,342,0.7,부동산의 취득제한,2026-04-30
업무용 부동산이 아닌 부동산,정의함,LOGICAL,제347조제3항,제347조제3항,0.9,업무용 부동산이 아닌 부동산|제347조제3항,2026-04-30
업무용 부동산이 아닌 부동산,참조함,STRUCTURE,제347조제3항,제347조제3항,0.8,제347조제3항,2026-04-30
취득자,요구함,ACTION,부동산 처분,제347조제1항,0.95,부동산 매각|취득자|처분,2026-04-30
취득자,요구함,ACTION,부동산 매각 의뢰,제347조제1항,0.95,부동산 매각|취득자|의뢰,2026-04-30
취득자,예외로함,LOGICAL,처분 및 매각의뢰,제347조제1항,0.9,불가피한 사유|금융위원회 고시,2026-04-30
업무용 부동산의 범위,정의함,LOGICAL,법인세법 시행령,제347조제1항,0.95,업무용 부동산의 범위|법인세법 시행령,2026-04-30
부동산 외의 부동산,정의함,LOGICAL,제49조제1항제1호에 따른,제49조제1항제1호,0.85,부동산 외의 부동산 정의,2026-04-30
삭제,정의함,LOGICAL,제343조,제343조,0.9,삭제|제343조,2026-04-30
종합금융회사에 대한 조치,정의함,LOGICAL,법,제344조,0.9,종합금융회사에 대한 조치|법,2026-04-30
대통령령으로 정하는 경우,정의함,LOGICAL,법 별표 10 제10호에 해당하는 경우,제354조제1항제4호,0.9,대통령령으로 정하는 경우|법 별표 10 제10호에 해당하는 경우,2026-04-30
신용공여,위반함,ACTION,제343조제1항,343,0.95,신용공여|제343조제1항,2026-04-30
신용공여,예외로함,LOGICAL,법 별표 10 제21호에 해당하는 경우,343,0.85,신용공여|법 별표 10 제21호,2026-04-30
제350조,정의함,LOGICAL,준용하는 법,350,0.9,준용하는 법 정의,2026-04-30
제35조,금지함,ACTION,같은 조 각 호의 어느 하나에 해당하는 행위,제35조,0.95,제35조 위반|같은 조 각 호의 행위,2026-04-30
위반자,처벌대상임,SANCTION,제35조,제35조,0.9,제35조 위반|위반자,2026-04-30
제35조,준용함,STRUCTURE,별표 14 제3호,제35조,0.9,제35조 위반|별표 14 제3호,2026-04-30
미공개중요정보 이용행위 금지 의무,위반함,ACTION,법,제174조,0.9,미공개중요정보 이용행위 금지 의무|위반,2026-04-30
미공개중요정보 이용행위 금지 의무,위반한 경우,STRUCTURE,4. 별표 14 제4호에 해당하는 경우,제174조,0.85,미공개중요정보 이용행위 금지 의무|별표 14 제4호,2026-04-30
미공개중요정보 이용행위 금지 의무,제174조에 따른,STRUCTURE,법,제174조,0.8,미공개중요정보 이용행위 금지 의무|제174조,2026-04-30
금지 의무,위반함,ACTION,시세조종행위,제176조,0.95,시세조종행위|금지 의무,2026-04-30
제176조,근거함,STRUCTURE,금지 의무,제176조,0.9,금지 의무|제176조,2026-04-30
금지 의무,제178조에 따른,STRUCTURE,제178조,제178조,0.9,금지 의무|제178조,2026-04-30
대통령령으로 정하는 금융관련 법령 등,정의함,LOGICAL,대통령령으로 정하는 금융관련 법령 등,제354조제1항제5호,0.9,정의,2026-04-30
대통령령으로 정하는 금융관련 법령 등,상위조항,STRUCTURE,제354조제1항제5호,제354조제1항제5호,0.95,상위조항,2026-04-30
대통령령으로 정하는 경우,정의함,LOGICAL,정의된 개념,제354조제1항제5호,0.9,대통령령으로 정하는 경우|정의,2026-04-30
제354조제1항제5호,참조함,STRUCTURE,대통령령으로 정하는 경우,제354조제1항제5호,0.8,제354조제1항제5호|대통령령으로 정하는 경우,2026-04-30
해당 경우,정의함,LOGICAL,각 호의 어느 하나에 해당하는 경우,제373조제3항,0.99,해당 경우|각 호의 어느 하나에 해당하는 경우,2026-04-30
업무정지의 조치를 받은 사람,금지함,ACTION,조건을 보정하지 않다,제354조제2항제1호,0.95,보정|업무정지|조건|1개월,2026-04-30
자금중개회사의 인가,정의함,LOGICAL,법,제345조,0.7,자금중개회사의 인가|법,2026-04-30
대통령령으로 정하는 금융기관 등,정의함,LOGICAL,각 호,제355조제1항,0.95,대통령령으로 정하는 금융기관 등|정의,2026-04-30
제10조제2항,참조함,STRUCTURE,"제10조제2항제1호부터 제7호까지, 제9호부터 제11호까지, 제13호ㆍ제14호ㆍ제16호 및 제17호의 자 2.",제10조,0.6,제10조제2항|항목 목록,2026-04-30
자,정의함,LOGICAL,그 밖에 제1호 및 제2호에 준하는 자로서 금융위원회가 정하여 고시하는 자 ② 법,제10조제3항제2호 및 제4호의2의 자 3,0.95,자|정하여 고시하는,2026-04-30
금융위원회,정하여 고시함,ACTION,자 ② 법,제10조제3항제2호 및 제4호의2의 자 3,0.9,정하여 고시하는,2026-04-30
대통령령으로 정하는 완화된 요건,정의함,LOGICAL,다음 각 호의 요건을 말한다. 1. 법,제355조제9항,0.95,완화된 요건|정의,2026-04-30
자금중개 회사,요구함,ACTION,최저자기본의 100분의 70 이상 유지,제355조제2항제2호,0.95,최저자기본|유지요건,2026-04-30
최저자기본,정의함,LOGICAL,최저자기본의 100분의 70 이상 유지 요건,제355조제2항제2호,0.9,최저자기본|유지요건,2026-04-30
요건,정의함,LOGICAL,제355조제2항제6호,제355조제2항제6호,0.9,요건|정의,2026-04-30
요건,적용함,ACTION,요건,제355조제2항제6호,0.8,요건|적용,2026-04-30
자금중개회사,요구함,ACTION,요건 (가목부터 다목까지),제19조,0.95,요건|유지,2026-04-30
제16조,참조함,STRUCTURE,"제16조제4항, 제5항, 제6항, 제11항",Unknown,0.3,제16조,2026-04-30
제17조 준용,준용한다,ACTION,제17조,17,0.95,제17조 준용|제17조,2026-04-30
제17조 준용,제외한다,ACTION,"제 1항제4호ㆍ제9호, 제2항제5호ㆍ제11호 및 제3항",17,0.9,"제17조 준용|제 1항제4호ㆍ제9호, 제2항제5호ㆍ제11호 및 제3항",2026-04-30
자금중개회사의 행위규제,정의함,LOGICAL,법,제346조,0.6,자금중개회사의 행위규제|법,2026-04-30
대통령으로 정하는 다른 영리법인,정의함,LOGICAL,다른 영리법인,제357조제4항,0.85,정의|영리법인,2026-04-30
승인의 심사 기준 및 그 절차,정의함,LOGICAL,금융회사의 지배구조에 관한 법률 시행령,제357조제4항,0.95,승인의 심사 기준 및 그 절차|금융회사의 지배구조에 관한 법률 시행령,2026-04-30
규정 준용,준용함,ACTION,제11조제 4항부터 제6항까지의 규정,11,0.95,규정 준용|제11조제 4항부터 제6항까지의 규정,2026-04-30
자금중개회사,참조함,STRUCTURE,법,제347조,0.7,자금중개회사|법,2026-04-30
대통령령으로 정하는 경우,정의함,LOGICAL,법 별표 11 제1호에 해당하는 경우,제359조제1항제6호,0.9,대통령령으로 정하는 경우|정의,2026-04-30
금융투자업,위반함,ACTION,제357조제1항,제357조제1항,0.9,금융투자업|제357조제1항,2026-04-30
미공개중요정보 이용행위 금지 의무,위반,ACTION,3. 별표 15 제4호에 해당하는 경우로서 법,제174조,0.9,미공개중요정보 이용행위 금지 의무|위반|별표 15 제4호,2026-04-30
금지 의무,근거함,STRUCTURE,제176조,제176조,0.9,금지 의무|제176조,2026-04-30
대통령령으로 정하는 금융관련 법령 등,정의함,LOGICAL,정의,제359조제1항제7호,0.95,정의,2026-04-30
제359조제1항제7호,상위조항,STRUCTURE,제359조,제359조제1항제7호,0.85,상위조항,2026-04-30
제373조제3항,정의함,LOGICAL,각 호의 어느 하나에 해당하는 경우,제373조제3항,0.95,정의,2026-04-30
보정,예외로함,LOGICAL,보정하지 아니한 경우,제359조제2항제1호,0.8,보정|업무정지|조건,2026-04-30
대통령령으로 정하는 조치,정의함,LOGICAL,제5항제4호부터 제6호까지의 조치,제359조제3항제6호,0.95,대통령령으로 정하는 조치|제5항제4호부터 제6호까지의 조치,2026-04-30
단기금융회사의 업무,정의함,LOGICAL,법,348,0.6,단기금융회사의 업무|법,2026-04-30
대통령령으로 정하는 업무,정의함,LOGICAL,어음을 담보로 한 대출업무,제360조제1항,0.95,대통령령으로 정하는 업무|어음을 담보로 한 대출업무,2026-04-30
대통령령으로 정하는 금융기관,정의함,LOGICAL,금융산업의 구조개선에 관한 법률,제360조제2항제1호,0.95,대통령령으로 정하는 금융기관|금융산업의 구조개선에 관한 법률,2026-04-30
종합금융회사를 흡수합병하는 금융기관,정의함,LOGICAL,금융산업의 구조개선에 관한 법률,제2조제1호,0.95,종합금융회사를 흡수합병하는 금융기관|금융산업의 구조개선에 관한 법률,2026-04-30
종합금융회사를 흡수합병하는 금융기관,참조함,STRUCTURE,제2조제1호,제2조제1호,0.9,종합금융회사를 흡수합병하는 금융기관|제2조제1호,2026-04-30
종합금융회사,전환,ACTION,다른 금융기관,제3조,0.95,전환|종합금융회사|다른 금융기관,2026-04-30
대통령령으로 정하는 금액,정의함,LOGICAL,300억원,제360조제2항제2호,0.95,대통령령으로 정하는 금액|300억원,2026-04-30
건전한 재무상태와 사회적 신용,정의함,LOGICAL,대통령령으로 정하는,제360조제2항제6호,0.95,건전한 재무상태와 사회적 신용 정의|대통령령으로 정하는,2026-04-30
금융기관,따르다,ACTION,해당 호에서 정한 기준,제16조제8항,0.95,건전한 재무상태|기준,2026-04-30
건전한 재무상태,준용함,STRUCTURE,해당 호에서 정한 기준,제16조제8항,0.9,건전한 재무상태|기준,2026-04-30
금융기관,정하는,ACTION,경영건전성 기준,제34조,0.95,경영건전성 기준|정하는,2026-04-30
금융기관,준용함,STRUCTURE,소관 법령에서 정하는 경영건전성 기준,제34조,0.9,소관 법령에서 정하는 경영건전성 기준|준용함,2026-04-30
경영 지도기준,참조함,STRUCTURE,제34조,제34조,0.9,경영 지도기준|제34조,2026-04-30
완화된 요건,정의함,LOGICAL,다음 각 호의 요건,제360조제9항,0.95,완화된 요건|정의,2026-04-30
단기금융회사,요구함,ACTION,자기자본의 70% 이상을 유지,제360조제2항제2호,0.95,자기자본 유지요건|70% 이상,2026-04-30
단기금융회사,예외로함,LOGICAL,다음 회계연도말까지는 유지요건에 적합한 것으로 본다,제360조제2항제2호,0.9,유지요건 미달|예외,2026-04-30
제360조제2항제2호,준용함,STRUCTURE,제4항에 따른 자기자본의 70% 이상,제360조제2항제2호,0.85,제4항|자기자본,2026-04-30
요건,적용함,ACTION,제360조제2항제5호에 따른 요건,제360조제2항제5호,0.8,요건|제360조제2항제5호에 따른 요건,2026-04-30
단기금융회사의 인가요건,준용함,STRUCTURE,제19조제2항,제19조제2항,0.95,단기금융회사의 인가요건|제19조제2항,2026-04-30
제16조,참조함,STRUCTURE,제16조제4항ㆍ제5항ㆍ제6항ㆍ제11항,제16조,0.4,제16조|제16조제4항ㆍ제5항ㆍ제6항ㆍ제11항,2026-04-30
본 법령,준용한다,ACTION,제17조,제17조,0.95,준용,2026-04-30
제17조,예외로함,LOGICAL,"제1항제4호ㆍ제9호, 제2항제5호ㆍ제11호 및 제3항",제17조,0.9,예외|제1항제4호|제1항제9호|제2항제5호|제2항제11호|제3항,2026-04-30
단기금융회사,정의함,LOGICAL,법,349,0.3,단기금융회사|법,2026-04-30
대통령령으로 정하는 경우,포함함,LOGICAL,별표 16 제3호에 해당하는 경우,제364조제1항제6호,0.9,포함|정의,2026-04-30
미공개중요정보 이용행위 금지 의무,위반한 경우,LOGICAL,2. 별표 16 제4호에 해당하는 경우로서 법,제174조,0.95,미공개중요정보 이용행위 금지 의무|위반|별표 16 제4호,2026-04-30
시세조종행위,금지 의무를 위반함,ACTION,법,제176조,0.9,시세조종행위|금지 의무|법,2026-04-30
제178조,금지함,ACTION,부정거래행위,제178조,0.9,부정거래행위|금지 의무,2026-04-30
부정거래행위,참조함,STRUCTURE,제178조,제178조,0.8,부정거래행위|제178조,2026-04-30
대통령령으로 정하는 금융관련 법령 등,참조함,STRUCTURE,제364조제1항제7호,제364조제1항제7호,0.9,참조|제364조제1항제7호,2026-04-30
대통령령으로 정하는 경우,정의함,LOGICAL,정의된 내용,제364조,0.9,대통령령으로 정하는 경우,2026-04-30
경우,정의함,LOGICAL,각 호의 어느 하나에 해당하는 경우,제373조제3항,0.95,경우|각 호의 어느 하나에 해당하는 경우,2026-04-30
같거나 비슷한 위법행위를 계속하거나 반복하는 경우,근거함,STRUCTURE,업무정지의 조치를 받은 날부터 1개월 이내에 해당 조건을 보정하지 아니한 경우,제364조제2항제1호,0.92,업무정지|보정|위법행위,2026-04-30
같거나 비슷한 위법행위를 계속하거나 반복하는 경우,가중함,SANCTION,법제처 230 국가법령정보센터 자본시장과 금융투자업에 관한 법률 시행령 ⑤ 법,제364조제2항제1호,0.88,업무정지|보정|위법행위,2026-04-30
대통령령으로 정하는 조치,참조함,STRUCTURE,제5항제4호부터 제6호까지,제364조제3항제6호,0.9,참조|제5항제4호|제6호,2026-04-30
대통령령으로 정하는 이해상충방지체계,정의함,LOGICAL,증권의 명의개서를 대행하는 업무와 그 외의 업무 간에 독립된 부서로 구분되어 업무처리와 보고가 독립적으로 이루어질 것,제365조제2항제3호,0.95,이해상충방지체계|정의,2026-04-30
대통령령으로 정하는 이해상충방지체계,정의함,LOGICAL,증권의 명의개서를 대행하는 업무와 그 외의 업무를 하는 사무실이 정보공유를 막을 수 있을 정도로 공간적으로 분리될 것,제365조제2항제3호,0.95,이해상충방지체계|정의,2026-04-30
대통령령으로 정하는 이해상충방지체계,정의함,LOGICAL,증권의 명의개서를 대행하는 업무와 그 외의 업무에 관한 전산자료가 공유될 수 없도록 독립되어 열람될 것,제365조제2항제3호,0.95,이해상충방지체계|정의,2026-04-30
등록절차,정의함,LOGICAL,법,351,0.7,등록절차|법,2026-04-30
등록신청서 기재사항,요구함,ACTION,등록신청서에 기재,제365조제3항,0.95,등록신청서 기재사항|기재,2026-04-30
등록신청서 기재사항,구성함,STRUCTURE,"회사 상호, 소재지, 자본금, 임원, 업무 수행 방법",제365조제3항,0.9,등록신청서 기재사항|구성,2026-04-30
물적 설비,참조함,STRUCTURE,제350조제1항,350,0.85,물적 설비|제350조제1항,2026-04-30
신청서,첨부해야함,ACTION,서류,제350조제2항,0.9,이해상충방지체계|등록검토,2026-04-30
금융위원회,정의함,LOGICAL,이해상충방지체계에 관한 사항,제350조제2항,0.85,이해상충방지체계,2026-04-30
제350조제2항,참조함,STRUCTURE,이해상충방지체계,제350조제2항,0.95,이해상충방지체계,2026-04-30
법인 등기사항증명서 확인,근거함,STRUCTURE,행정정보의 공동이용,36조제1항,0.9,법인 등기사항증명서 확인|행정정보 공동이용,2026-04-30
법인 등기사항증명서 확인,요구함,ACTION,정관,36조제1항,0.9,법인 등기사항증명서 확인|정관,2026-04-30
법인 등기사항증명서 확인,요구함,ACTION,주주의 성명 또는 명칭과 그 소유주식수,36조제1항,0.9,법인 등기사항증명서 확인|주주 성명,2026-04-30
법인 등기사항증명서 확인,요구함,ACTION,최근 3개 사업연도 재무제표와 부속명세서,36조제1항,0.9,법인 등기사항증명서 확인|재무제표,2026-04-30
법인 등기사항증명서 확인,요구함,ACTION,물적 설비 현황 서류,36조제1항,0.9,법인 등기사항증명서 확인|물적 설비,2026-04-30
이해상충방지체계,확인할 수 있는,LOGICAL,서류,제350조제2항,0.9,이해상충방지체계|서류,2026-04-30
등록의 신청내용에 관한 사실 여부,확인함,ACTION,등록의 신청내용에 관한 사실 여부,제365조제3항,0.95,등록의 신청내용에 관한 사실 여부,2026-04-30
등록요건,검토해야 한다,ACTION,제365조제2항에 따른 등록요건 충족 여부,Unknown,0.85,등록요건|검토,2026-04-30
명의개서대행회사,준용함,LOGICAL,법,352,0.5,명의개서대행회사|법,2026-04-30
대통령령으로 정하는 경우,정의함,LOGICAL,별표 17 제3호에 해당하는 경우,제369조제1항제5호,0.95,대통령령으로 정하는 경우|별표 17 제3호에 해당하는 경우,2026-04-30
미공개중요정보 이용행위 금지 의무,위반한,ACTION,법,제174조,0.7,미공개중요정보 이용행위 금지 의무|위반,2026-04-30
미공개중요정보 이용행위 금지 의무,위반한 경우,STRUCTURE,별표 17 제4호,제174조,0.8,미공개중요정보 이용행위 금지 의무|별표 17 제4호,2026-04-30
시세조종행위,위반함,ACTION,금지 의무,제176조,0.95,시세조종행위|금지 의무,2026-04-30
시세조종행위,제176조에 따른,STRUCTURE,제176조,제176조,0.9,시세조종행위|제176조,2026-04-30
시세조종행위,해당하는 경우,LOGICAL,별표 17 제5호,제176조,0.85,시세조종행위|별표 17 제5호,2026-04-30
부정거래행위,위반함,ACTION,금지 의무,제178조,0.95,부정거래행위|금지 의무,2026-04-30
대통령령으로 정하는 금융관련 법령 등,정의함,LOGICAL,정의된 개념,제369조제1항제6호,0.95,정의|대통령령|금융관련 법령,2026-04-30
제369조제1항제6호,정의함,LOGICAL,대통령령으로 정하는 경우,제369조제1항제6호,0.95,대통령령으로 정하는 경우|정의,2026-04-30
대통령령으로 정하는 경우,정의함,LOGICAL,등록을 한 날부터 6개월 이내에 영업을 시작하지 아니하거나 영업을 시작한 후 정당한 사유 없이 등록한 업무를 6개월 이상 계속해서 하지 아니한 경우,제369조제1항제7호,0.95,대통령령으로 정하는 경우|등록을 한 날부터 6개월 이내에 영업을 시작하지 아니하거나 영업을 시작한 후 정당한 사유 없이 등록한 업무를 6개월 이상 계속해서 하지 아니한 경우,2026-04-30
제369조제1항제7호,상위조항,STRUCTURE,제369조,제369조제1항제7호,0.9,제369조제1항제7호|제369조,2026-04-30
업무정지의 조치를 받은 사람,보정해야 함,ACTION,해당 조건,제369조제2항제1호,0.9,업무정지|보정|1개월 이내,2026-04-30
업무정지의 조치를 받은 사람,보정하지 않음,ACTION,해당 조건,제369조제2항제1호,0.9,업무정지|보정|1개월 이내,2026-04-30
업무정지의 조치를 받은 사람,계속하거나 반복하는 경우,LOGICAL,같거나 비슷한 위법행위,제369조제2항제1호,0.85,위법행위|계속|반복,2026-04-30
업무정지의 조치를 받은 사람,처벌대상임,SANCTION,⑤ 법,제369조제2항제1호,0.8,처벌|법,2026-04-30
업무정지의 조치를 받은 사람,참조함,STRUCTURE,제369조제2항제1호,제369조제2항제1호,0.95,제369조제2항제1호,2026-04-30
설립,정의함,LOGICAL,법,353,0.9,설립|법,2026-04-30
대통령령으로 정하는 자,정의함,LOGICAL,투자권유대행인,제370조제1항,0.95,대통령령으로 정하는 자|투자권유대행인,2026-04-30
대통령령으로 정하는 자,정의함,LOGICAL,주요직무 종사자,제370조제1항,0.95,대통령령으로 정하는 자|주요직무 종사자,2026-04-30
대통령령으로 정하는 자,정의함,LOGICAL,금융투자 관계 단체 설립의 허가를 받으려는 자,제370조제1항,0.9,대통령령으로 정하는 자|금융투자 관계 단체 설립의 허가를 받으려는 자,2026-04-30
신청서,제출하여야 한다,ACTION,금융위원회,제370조제3항,0.95,신청서|제출|금융위원회,2026-04-30
신청서,첨부하여야 한다,ACTION,서류,제370조제3항,0.95,신청서|첨부|서류,2026-04-30
신청서,기재함,ACTION,명칭,제370조제3항,0.9,신청서|기재|명칭,2026-04-30
신청서,기재함,ACTION,설립목적,제370조제3항,0.9,신청서|기재|설립목적,2026-04-30
신청서,기재함,ACTION,사무소의 소재지,제370조제3항,0.9,신청서|기재|사무소의 소재지,2026-04-30
신청서,기재함,ACTION,재산상황과 수지 전망에 관한 사항,제370조제3항,0.9,신청서|기재|재산상황|수지 전망,2026-04-30
신청서,기재함,ACTION,발기인과 임원에 관한 사항,제370조제3항,0.9,신청서|기재|발기인|임원,2026-04-30
발기인,요구함,ACTION,주민등록표 초본,제36조,0.95,주민등록표 초본 확인|행정정보의 공동이용,2026-04-30
신청인,요구함,ACTION,주민등록표 초본,제36조,0.9,확인에 동의하지 않음|첨부,2026-04-30
시세조종행위,금지함,ACTION,금지 의무,제176조,0.95,시세조종행위|금지 의무,2026-04-30
시세조종행위,위반,ACTION,법,제176조,0.85,시세조종행위|법,2026-04-30
행위자,위반,ACTION,금지 의무,178,0.95,부정거래행위|금지 의무,2026-04-30
금지 의무,준용함,STRUCTURE,제178조,178,0.9,금지 의무|제178조,2026-04-30
준용하는 법,정의함,LOGICAL,제371조,371,0.95,정의|준용,2026-04-30
검사 거부·방해·기피,금지함,ACTION,검사,제419조제1항,0.95,검사 거부·방해·기피|검사,2026-04-30
준용법,준용함,STRUCTURE,법,제371조,0.9,준용법|법,2026-04-30
거래소,금지함,ACTION,불응,제419조제5항,0.95,불응|보고 요구,2026-04-30
거래소,불응,ACTION,보고 요구,제419조제5항,0.9,불응|보고 요구,2026-04-30
무허가 시장개설행위 금지의 예외,예외로함,LOGICAL,무허가 시장개설행위 금지,제354조의2,0.9,무허가 시장개설행위 금지|예외,2026-04-30
투자매매업자 또는 투자중개업자,요구함,ACTION,신주인수권증서 매매,제176조의8제4항제2호,0.9,신주인수권증서 매매|투자매매업자|투자중개업자,2026-04-30
채권중개전문회사,중개,ACTION,채무증권 매매,제179조,0.95,채권중개전문회사|채무증권 매매,2026-04-30
금융투자상품 장외매매,정의함,LOGICAL,금융투자상품의 장외매매 또는 그 중개ㆍ주선이나 대리업무를 하는 경우,제77조의6제1항제1호,0.85,금융투자상품 장외매매|제77조의6제1항제1호,2026-04-30
제77조의6제1항제1호,참조함,STRUCTURE,금융투자상품 장외매매,제77조의6제1항제1호,0.9,제77조의6제1항제1호|금융투자상품 장외매매,2026-04-30
업무,수행함,ACTION,지분증권 장외매매거래에 관한 업무,제307조제2항제5호의2,0.9,지분증권 장외매매거래|업무,2026-04-30
제307조제2항제5호의2,참조함,STRUCTURE,제307조,제307조제2항제5호의2,0.95,제307조,2026-04-30
지분증권,정의함,LOGICAL,주권을 제외한 지분증권,제373조의2제1항제1호,0.9,정의|지분증권|주권 제외,2026-04-30
투자중개업자,업무를 수행,ACTION,장외매매거래,제178조의2,0.95,장외매매거래|지분증권|수익증권,2026-04-30
거래소허가,정의함,LOGICAL,거래소허가의 요건 등,제354조의3,0.6,거래소허가|요건,2026-04-30
대통령령으로 정하는 시장개설 단위,정의함,LOGICAL,별표 17의2에 따른 시장개설 단위,제373조의2제1항,0.95,정의|시장개설 단위,2026-04-30
대통령령으로 정하는 것,정의함,LOGICAL,"채무증권, 지분증권(주권을 제외한 지분증권), 수익증권, 파생결합증권, 증권예탁증권",제373조의2제1항제1호,0.95,정의|대통령령으로 정하는 것|증권,2026-04-30
대통령령으로 정하는 금액,정의함,LOGICAL,별표 17의2에 따른 시장개설 단위별 최저자기자본 금액,제373조의2제2항제2호,0.99,대통령령으로 정하는 금액|시장개설 단위별 최저자기자본 금액,2026-04-30
사업계획,적합하여야 한다,ACTION,금융투자상품의 공정한 가격 형성 및 그 거래의 안정성ㆍ효율성을 도모하기에 적합할 것,제373조의2제2항제3호,0.95,사업계획|요건,2026-04-30
사업계획,적합하여야 한다,ACTION,위험관리와 금융사고 예방 등을 위한 적절한 내부통제장치가 마련되어 있을 것,제373조의2제2항제3호,0.95,사업계획|요건,2026-04-30
사업계획,적합하여야 한다,ACTION,투자자 보호에 적절한 업무방법을 갖출 것,제373조의2제2항제3호,0.95,사업계획|요건,2026-04-30
사업계획,적합하여야 한다,ACTION,"법령을 위반하지 아니하고, 건전한 금융거래질서를 해칠 염려가 없을 것",제373조의2제2항제3호,0.95,사업계획|요건,2026-04-30
사업계획,적합하여야 한다,ACTION,영위하려는 업무나 영업소의 소재지 등이 「금융중심지의 조성과 발전에 관한 법률」,제373조의2제2항제3호,0.95,사업계획|요건,2026-04-30
제5조제1항,준용함,STRUCTURE,기본계획,제5조제1항,0.9,기본계획|금융중 심지의 조성과 발전에 관한 기본계획,2026-04-30
제5조제1항,요구함,ACTION,기본계획에 부합할 것,제5조제1항,0.85,부합|기본계획,2026-04-30
기본계획,정의함,LOGICAL,금융중 심지의 조성과 발전에 관한 기본계획,제5조제1항,0.8,기본계획|정의,2026-04-30
"인력과 전산설비, 그 밖의 물적 설비",적합함,ACTION,요건,제373조의2제2항제4호,0.95,요건|인력과 전산설비|물적 설비,2026-04-30
"인력과 전산설비, 그 밖의 물적 설비",갖추어야 함,ACTION,전산요원 등 필요한 인력,제373조의2제2항제4호,0.9,전산요원|인력,2026-04-30
"인력과 전산설비, 그 밖의 물적 설비",갖추어야 함,ACTION,전산설비와 통신수단,제373조의2제2항제4호,0.9,전산설비|통신수단,2026-04-30
"인력과 전산설비, 그 밖의 물적 설비",갖추어야 함,ACTION,사무실 등 충분한 업무공간과 사무장비,제373조의2제2항제4호,0.9,사무실|업무공간|사무장비,2026-04-30
"인력과 전산설비, 그 밖의 물적 설비",갖추어야 함,ACTION,보안설비,제373조의2제2항제4호,0.9,보안설비,2026-04-30
"인력과 전산설비, 그 밖의 물적 설비",갖추어야 함,ACTION,보완설비,제373조의2제2항제4호,0.9,보완설비,2026-04-30
대주주 요건,준용,ACTION,별표 2,제373조의2제2항제7호,0.95,대주주 요건|별표 2,2026-04-30
대주주,정의함,LOGICAL,대주주(이하 이 편에서 “대주주”라 한다),제373조의2제2항제7호,0.9,대주주 정의,2026-04-30
요건,정의함,LOGICAL,제16조제8항제2호의 요건,제16조제8항제2호,0.95,요건|제16조제8항제2호,2026-04-30
이해상충방지체계,요구함,ACTION,내부통제기준 마련,제373조의2제2항제9호,0.95,이해상충방지체계|내부통제기준,2026-04-30
이해상충방지체계,요구함,ACTION,정보교류 차단 체계 갖추기,제373조의2제2항제9호,0.95,이해상충방지체계|정보교류 차단 체계,2026-04-30
지정거래소,수행함,ACTION,업무,제402조,0.9,업무|지정거래소,2026-04-30
지정거래소,수행함,ACTION,제402조제1항제1호부터 제3호까지의 업무,제402조,0.85,업무|지정거래소|제402조제1항제1호부터 제3호까지,2026-04-30
업무를 수행하는 경우,정의함,LOGICAL,제78조제3항ㆍ제4항에 따른 업무,제78조제3항ㆍ제4항,0.9,업무를 수행하는 경우|제78조제3항ㆍ제4항에 따른 업무,2026-04-30
업무를 수행하는 경우,참조함,STRUCTURE,제78조제3항ㆍ제4항,제78조제3항ㆍ제4항,0.95,업무를 수행하는 경우|제78조제3항ㆍ제4항,2026-04-30
금융위원회,정하여 고시한다,ACTION,허가요건에 관한 기준,378.1,0.95,허가요건|기준,2026-04-30
허가요건,정의함,LOGICAL,금융위원회가 정하여 고시한 기준,378.1,0.9,허가요건|기준,2026-04-30
거래소허가의 방법 및 절차,정의함,LOGICAL,법,제354조의4,0.85,거래소허가의 방법 및 절차|법,2026-04-30
허가신청서,적다,ACTION,상호,제373조의3제1항,0.95,허가신청서|상호,2026-04-30
허가신청서,적다,ACTION,"본점과 지점, 그 밖의 영업소의 소재지",제373조의3제1항,0.95,"허가신청서|본점과 지점, 그 밖의 영업소의 소재지",2026-04-30
허가신청서,적다,ACTION,임원에 관한 사항,제373조의3제1항,0.95,허가신청서|임원에 관한 사항,2026-04-30
허가신청서,적다,ACTION,영위하려는 시장개설 단위(법…),제373조의3제1항,0.9,허가신청서|영위하려는 시장개설 단위(법… ),2026-04-30
허가신청서,제출함,ACTION,금융위원회,제373조의3제1항,0.95,허가신청서|금융위원회,2026-04-30
허가신청서,첨부하여야 한다,ACTION,서류,제373조의2제1항,0.95,허가신청서|서류,2026-04-30
금융위원회,정하는,ACTION,서류 11 (요건을 갖추었음을 확인할 수 있는 서류),제373조의2제2항제7호,0.95,서류|정하는|금융위원회,2026-04-30
금융위원회,정하는,ACTION,서류 12 (이해상충방지체계를 갖추었는지를 확인할 수 있는 서류),제373조의2제2항제7호,0.95,서류|정하는|금융위원회,2026-04-30
금융위원회,정하는,ACTION,서류 ③ (허가요건의 심사에 필요한 서류),제373조의2제2항제7호,0.95,서류|정하는|금융위원회,2026-04-30
예비허가 신청자,허용함,ACTION,허가신청서의 기재사항 중 일부를 적지 않음,제373조의4,0.9,예비허가 신청서|제1항,2026-04-30
예비허가 신청자,허용함,ACTION,제2항 첨부서류 중 일부를 제출 생략,제373조의4,0.9,예비허가 신청서|제2항,2026-04-30
예비허가 신청자,작성함,ACTION,참조하라는 뜻을 적는 문구,제373조의4,0.8,예비허가 신청서|제1항,2026-04-30
금융위원회,확인함,ACTION,거래소허가 신청내용,제36조제1항,0.9,거래소허가 신청내용|확인,2026-04-30
금융위원회,요구함,ACTION,허가요건 충족 여부 심사,Unknown,0.95,허가요건|심사,2026-04-30
금융위원회,허용함,ACTION,통보 및 소명 요구,Unknown,0.9,통보|소명,2026-04-30
거래소허가를 받은 자,시작하여야,ACTION,영업,제373조의3제2항,0.98,영업 시작|6개월 이내,2026-04-30
거래소허가를 받은 자,시작할 수 있다,ACTION,영업,제373조의3제2항,0.9,영업 시작|기한 연장,2026-04-30
금융위원회,확인해야,ACTION,조건 이행 여부,제373조의3제2항,0.95,조건 이행 여부|확인,2026-04-30
예비허가,정의함,LOGICAL,법,제354조의5,0.6,예비허가 정의|법,2026-04-30
자,요구함,ACTION,예비허가 신청,제373조의4제1항,0.9,예비허가 신청,2026-04-30
예비허가 신청,참조함,STRUCTURE,제373조의4제1항,제373조의4제1항,0.8,예비허가 신청,2026-04-30
금융위원회,정하는,ACTION,서류 11,제373조의2제2항제7호,0.95,서류 11|정하는,2026-04-30
예비허가,정의함,LOGICAL,심사 방법 및 절차,제373조의4제1항,0.95,예비허가의 심사 방법 및 절차 정의,2026-04-30
예비허가,준용함,STRUCTURE,제373조의4제1항,제373조의4제1항,0.9,준용,2026-04-30
본 법령,준용,ACTION,제354조의4제4항부터 제9항까지,제354조의4,0.95,준용|제354조의4제4항부터 제9항까지,2026-04-30
거래소허가,정의함,LOGICAL,예비허가,제354조의4,0.9,거래소허가|예비허가,2026-04-30
예비허가를 받은 자,이행,ACTION,예비허가의 내용 및 조건,제373조의4제2항,0.95,예비허가|이행,2026-04-30
예비허가를 받은 자,제373조의4제2항에 따라,STRUCTURE,예비허가의 내용 및 조건을 이행,제373조의4제2항,0.95,예비허가|이행,2026-04-30
거래소의 책무,정의함,LOGICAL,제354조의6,제354조의6,0.9,거래소의 책무|법,2026-04-30
상장법인의 신고·공시 업무,정의함,LOGICAL,상장법인의 신고·공시 업무,제377조제1항제7호,0.95,정의|상장법인|신고·공시,2026-04-30
상장법인의 신고·공시 업무,참조함,STRUCTURE,제377조제1항제7호,제377조제1항제7호,0.9,참조|제377조제1항제7호,2026-04-30
이상거래,정의함,LOGICAL,제355조에 규정된 내용,355,0.95,이상거래|정의,2026-04-30
대통령령으로 정하는 이상거래,정의함,LOGICAL,증권시장(다자간매매체결회사에서의 증권의 매매거래를 포함한다. 이하 이 조에서 같다)이나 파생상품시장에서 법,제377조제1항제8호,0.95,이상거래|대통령령|증권시장|파생상품시장,2026-04-30
Unknown,정의함,LOGICAL,제176조,Unknown,0.5,핵심 개념,2026-04-30
178조의2,정의함,LOGICAL,제178조,제 178조의2,0.6,178조의2,2026-04-30
위반할 염려가 있는 거래 또는 행위,정의함,LOGICAL,다음 각 호의 어느 하나에 해당하는 경우,제180조,0.9,위반할 염려가 있는 거래 또는 행위|다음 각 호의 어느 하나에 해당하는 경우,2026-04-30
법,발견된,LOGICAL,제404조에 따른 이상거래의 심리 또는 감리,404,0.9,이상거래|심리|감리|제404조,2026-04-30
제404조에 따른 이상거래의 심리 또는 감리,참조함,STRUCTURE,제404조,404,0.95,제404조,2026-04-30
제147조,정의함,LOGICAL,제147조,147,0.0,,2026-04-30
Unknown,정의함,LOGICAL,제172조,제172조,0.5,Unknown,2026-04-30
이상거래,정의함,LOGICAL,거래 또는 행위,제173조 의2제2항,0.95,가격 변동|공시·풍문·보도|공정한 거래질서 해칠 염려,2026-04-30
임원,정의함,LOGICAL,법,356,0.6,임원|법,2026-04-30
대통령령으로 정하는 경우,정의함,LOGICAL,직무수행능력ㆍ전문성ㆍ경력 등을 종합적으로 고려하여 적격성을 검토한 결과 그 직무를 수행하는 데에 부적합하다고 인정되는 경우,제380조제4항,0.95,대통령령으로 정하는 경우|부적합한 경우,2026-04-30
대통령령으로 정하는 자,정의함,LOGICAL,최대주주 또는 그 특수관계인의 계산으로 주식을 소유하는 자,제380조제5항,0.95,대통령령으로 정하는 자|정의,2026-04-30
대통령령으로 정하는 자,정의함,LOGICAL,최대주주 또는 그 특수관계인에게 의결권을 위임한 자,제380조제5항,0.95,대통령령으로 정하는 자|정의,2026-04-30
제357조,정의함,LOGICAL,없음,제357조,0.0,제357조,2026-04-30
감사위원회,정의함,LOGICAL,법,제357조의2,0.8,감사위원회|법,2026-04-30
대통령령으로 정하는 회계 또는 재무전문가,정의함,LOGICAL,금융회사의 지배구조에 관한 법률 시행령,제384조제2항제2호,0.95,정의|대통령령|회계 또는 재무전문가,2026-04-30
사람,정의함,LOGICAL,각 호의 어느 하나에 해당하는 사람,제16조제1항,0.95,사람|각 호의 어느 하나에 해당하는 사람,2026-04-30
대통령령으로 정하는 사람,정의함,LOGICAL,금융회사의 지배구조에 관한 법률,제384조제3항제3호,0.9,대통령령으로 정하는 사람|금융회사의 지배구조에 관한 법률,2026-04-30
사람,정의함,LOGICAL,사람,제6조제1항,0.95,사람,2026-04-30
이사후보추천위원회 위원,정의함,LOGICAL,이사후보추천위원회 위원,제358조,1.0,이사후보추천위원회 위원,2026-04-30
주권상장법인,정의함,LOGICAL,거래소가 개설·운영하는 증권시장 중 금융위원회가 정하여 고시하는 증권시장별로 주권상장법인을 구성원으로 하여 각각 설립 된 단체의 추천을 받은 주권상장법인,제385조제2항제3호,0.95,정의|주권상장법인|증권시장|금융위원회|거래소|추천,2026-04-30
주권상장법인,참조함,STRUCTURE,증권시장별 주권상장법인,제385조제2항제3호,0.9,참조|주권상장법인|증권시장별 주권상장법인,2026-04-30
회원의 구분,정의함,LOGICAL,법,제359조,0.6,정의|회원의 구분,2026-04-30
대통령령으로 정하는 회원,정의함,LOGICAL,증권회원,제387조제2항제3호,0.95,대통령령으로 정하는 회원|증권회원,2026-04-30
대통령령으로 정하는 회원,정의함,LOGICAL,파생상품회원,제387조제2항제3호,0.95,대통령령으로 정하는 회원|파생상품회원,2026-04-30
대통령령으로 정하는 회원,정의함,LOGICAL,증권시장 내의 일부 시장이나 일부 종목에 대하여 결제나 매매에 참가하는 회원,제387조제2항제3호,0.95,대통령령으로 정하는 회원|증권시장 내의 일부 시장이나 일부 종목에 대하여 결제나 매매에 참가하는 회원,2026-04-30
대통령령으로 정하는 회원,정의함,LOGICAL,파생상품시장 내의 일부 시장이나 일부 품목에 대하여 결제 또는 매매에 참가하는 회원,제387조제2항제3호,0.95,대통령령으로 정하는 회원|파생상품시장 내의 일부 시장이나 일부 품목에 대하여 결제 또는 매매에 참가하는 회원,2026-04-30
대통령령으로 정하는 회원,정의함,LOGICAL,그 밖에 법,제387조제2항제3호,0.9,대통령령으로 정하는 회원|그 밖에 법,2026-04-30
회원,정의함,LOGICAL,회원관리규정에 따라 정하는 회원,제387조제1항,0.95,정의함|회원관리규정,2026-04-30
그 밖에 대통령령으로 정하는 증권,정의함,LOGICAL,사채권,391조제1항,0.95,정의|증권,2026-04-30
그 밖에 대통령령으로 정하는 증권,정의함,LOGICAL,파생결합증권,391조제1항,0.95,정의|증권,2026-04-30
그 밖에 대통령령으로 정하는 증권,정의함,LOGICAL,증권예탁증권,391조제1항,0.95,정의|증권,2026-04-30
그 밖에 대통령령으로 정하는 증권,정의함,LOGICAL,그 밖에 법,391조제1항,0.95,정의|증권,2026-04-30
증권,정의함,LOGICAL,공시규정으로 정하는 증권,제391조제1항,0.95,정의|공시규정,2026-04-30
증권,참조함,STRUCTURE,제391조제1항,제391조제1항,0.9,제391조제1항|참조,2026-04-30
거래소,제공,ACTION,정보,제361조,0.95,정보제공,2026-04-30
행정기관,요청함,ACTION,정보,제392조제2항,0.95,정보 제공 요청|행정기관,2026-04-30
요청서,포함함,LOGICAL,사유,제392조제2항,0.9,요청서|사유,2026-04-30
행정기관,요청방법,STRUCTURE,문서(전자문서 포함) 또는 팩스,제392조제2항,0.85,문서|팩스,2026-04-30
기관,지정함,ACTION,어음교환 소,31,0.9,기관 지정|어음교환 소,2026-04-30
행정기관 및 관계 기관,소유하고 있는,LOGICAL,해당 정보,제391조제2항제1호/제3호,0.95,소유|해당 정보,2026-04-30
행정기관 및 관계 기관,요구함,ACTION,신고 또는 확인 요구사항,제391조제2항제1호/제3호,0.95,신고|확인|요구사항,2026-04-30
거래소,배상한다,ACTION,손해,제399조제2항,0.95,손해배상,2026-04-30
거래소,사용한다,ACTION,공동기금,제399조제2항,0.95,공동기금,2026-04-30
거래소,회계처리한다,ACTION,공동기금과 다른 재산,제399조제2항,0.95,회계처리,2026-04-30
거래소,환급한다,ACTION,탈퇴회원의 공동기금,제399조제2항,0.95,환급,2026-04-30
거래소,운용한다,ACTION,공동기금,제399조제2항,0.95,운용,2026-04-30
손해배상,정의함,LOGICAL,위약으로 인하여 발생하는 손해를 배상,제399조제2항,0.95,손해배상,2026-04-30
거래소,요구함,ACTION,공동기금 원본에 산입,69,0.95,공동기금|원본|산입,2026-04-30
거래소,허용함,ACTION,구상권 행사,제363조,0.9,구상권|행사,2026-04-30
구상권 행사로 추심된 금액,배분함,ACTION,손해배상공동기금과 거래소의 재산,제399조제3항,0.95,구상권 행사|추심된 금액|배분|손해배상공동기금|거래소의 재산,2026-04-30
회원,요구함,ACTION,공동기금과 거래소의 재산에 배분,제362조제2항제3호,0.95,우선 배분|배분,2026-04-30
배분,우선함,LOGICAL,공동기금과 거래소의 재산,제362조제2항제3호,0.9,우선 배분,2026-04-30
금액,요구함,ACTION,배분,제362조제2항제2호,0.9,배분|사용된 금액,2026-04-30
남은 금액,배분,ACTION,거래소의 재산,제362조제2항제2호,0.9,남은 금액|배분|거래소의 재산,2026-04-30
배분,참조함,STRUCTURE,제1호 및 제2호,제362조제2항제2호,0.8,제1호|제2호|배분,2026-04-30
비용 배분,요구함,ACTION,비용,제362조제2항제1호,0.95,비용 배분|비용,2026-04-30
비용 배분,참조함,STRUCTURE,회원관리규정,제362조제2항제1호,0.92,비용 배분|회원관리규정,2026-04-30
비용 배분,근거함,STRUCTURE,제362조제2항제1호,제362조제2항제1호,0.9,비용 배분|제362조제2항제1호,2026-04-30
시세의 공표,정의함,LOGICAL,법,제364조,0.6,시세의 공표|법,2026-04-30
대통령령으로 정하는 방법,정의함,LOGICAL,전산설비에 의하거나 증권 및 장내파생상품의 시세 등 증권시장과 파생상품시장의 정보를 주로 취급하는 간행물에 게재하는 방법,제401조,0.95,정의|대통령령|방법,2026-04-30
시세 공표와 그 정보의 효율적 관리,허용함,ACTION,세부사항,제401조,0.95,시세 공표|세부사항,2026-04-30
시세,정의함,LOGICAL,대통령령으로 정하는 시세,제401조제3호,0.99,시세|정의,2026-04-30
대용가격,정의함,LOGICAL,제192조제3항에 따른 대용가격,제192조제3항,0.95,대용가격 정의|제192조제3항에 따른 대용가격,2026-04-30
대용가격,참조함,STRUCTURE,제192조제3항,제192조제3항,0.9,대용가격 정의|제192조제3항 참조,2026-04-30
시장감시위원장,정의함,LOGICAL,자격 등,제365조,0.95,시장감시위원장|자격,2026-04-30
자,정의함,LOGICAL,금융 경험과 지식,제402조제4항,0.95,금융 경험과 지식|자,2026-04-30
자,갖추고,ACTION,금융 경험과 지식,제402조제4항,0.9,금융 경험과 지식|자,2026-04-30
자,요구함,ACTION,15년 이상 근무한 경력,제38조,0.95,경력 요건|검사대상기관,2026-04-30
자,요구함,ACTION,고위공무원단에 속하거나 2급 이상의 공무원 직에 있었던 경력,제38조,0.9,경력 요건|고위공무원단|2급 이상의 공무원,2026-04-30
자,요구함,ACTION,15년 이상 부교수 이상 직에 있었던 경력,제38조,0.9,경력 요건|부교수|연구기관,2026-04-30
자,요구함,ACTION,제1호부터 제3호까지의 자에 준하는 경험과 지식,제38조,0.85,경력 요건|경험과 지식,2026-04-30
경력 요건,정의함,LOGICAL,검사대상기관에서 15년 이상 근무한 경력 등,제38조,0.9,경력 요건|검사대상기관,2026-04-30
제38조,참조함,STRUCTURE,검사대상기관,제38조,0.9,제38조|검사대상기관,2026-04-30
대통령령으로 정하는 경우,정의함,LOGICAL,법 별표 14 제23호에 해당하는 경우,제402조제8항제2호,0.95,대통령령으로 정하는 경우|법 별표 14 제23호에 해당하는 경우,2026-04-30
보고 또는 자료 제출명령 위반,위반함,ACTION,보고 또는 자료 제출명령,제426조제1항,0.95,보고 또는 자료 제출명령|위반,2026-04-30
보고 또는 자료 제출명령 위반,해당함,LOGICAL,법 별표 14 제24호,제426조제1항,0.85,법 별표 14 제24호|위반,2026-04-30
요구,요구에 따르지 아니한 경우,LOGICAL,법 별표 14 제25호에 해당하는 경우,제426조제2항,0.85,요구에 따르지 아니한 경우|법 별표 14 제25호,2026-04-30
조치 미이행,정의함,LOGICAL,법 별표 14 제26호에 해당하는 경우,426,0.95,조치 미이행|법 별표 14 제26호,2026-04-30
조치 미이행,참조함,STRUCTURE,제426조제3항,426,0.9,조치 미이행|제426조제3항,2026-04-30
제426조제4항,참조함,STRUCTURE,자료제출요구에 따르지 아니한 경우,제426조제4항,0.95,제426조제4항|자료제출요구,2026-04-30
자료제출요구에 따르지 아니한 경우,정의함,LOGICAL,법 별표 14 제28호에 해당하는 경우,제426조제4항,0.9,자료제출요구|법 별표 14 제28호,2026-04-30
심문 및 압수ㆍ수색에 따르지 아니한 경우,참조함,STRUCTURE,제427조제1항에 따른 심문이나 압수ㆍ수색,427,0.8,심문 및 압수ㆍ수색에 따르지 아니한 경우|제427조제1항,2026-04-30
심문 및 압수ㆍ수색에 따르지 아니한 경우,정의함,LOGICAL,6. 별표 18 제5호에 해당하는 경우로서 법,427,0.9,심문 및 압수ㆍ수색에 따르지 아니한 경우|별표 18 제5호,2026-04-30
주식 소유,정의함,LOGICAL,제167조제1항을 위반하여 주식을 소유한 경우 7. 별표 18 제6호에 해당하는 경우로서 법,제167조제1항,0.95,주식 소유|제167조제1항 위반,2026-04-30
주식 소유,참조함,STRUCTURE,제167조제1항,제167조제1항,0.85,제167조제1항,2026-04-30
위반,위반하여,ACTION,의결권 행사,제167조제3항,0.9,위반|의결권 행사,2026-04-30
위반,위반하여,ACTION,시정명령 위반,제167조제3항,0.9,위반|시정명령 위반,2026-04-30
위반,참조함,STRUCTURE,별표 18 제8호,제167조제3항,0.8,위반|별표 18 제8호,2026-04-30
미공개중요정보 이용행위 금지 의무,위반,ACTION,9. 별표 18 제9호에 해당하는 경우로서 법,제174조,0.9,미공개중요정보 이용행위 금지 의무|위반|별표 18 제9호,2026-04-30
시세조종행위,간주함,LOGICAL,별표 18 제10호,제176조,0.85,시세조종행위|별표 18 제10호,2026-04-30
부정거래행위,위반,ACTION,제178조에 따른 금지 의무,제178조,0.9,부정거래행위|제178조에 따른 금지 의무,2026-04-30
부정거래행위,위반,ACTION,별표 18 제11호,제178조,0.85,부정거래행위|별표 18 제11호,2026-04-30
공매도자,위반함,ACTION,제180조,180,0.95,공매도|제180조 위반,2026-04-30
공매도자,위반함,ACTION,12. 별표 18 제13호,180,0.85,공매도|12. 별표 18 제13호,2026-04-30
제406조제1항 위반,정의함,LOGICAL,13. 별표 18 제14호에 해당하는 경우,제406조제1항,0.9,위반|거래소 주식 소유,2026-04-30
의결권 행사,위반함,ACTION,제406조제3항,제406조제3항,0.9,의결권 행사|제406조제3항 위반,2026-04-30
의결권 행사,해당,LOGICAL,별표 18 제15호,제406조제3항,0.8,별표 18 제15호|의결권 행사,2026-04-30
위반자,금지함,ACTION,처분명령,제406조제4항,0.95,처분명령 위반|위반자,2026-04-30
처분명령 위반,예외로함,LOGICAL,별표 18 제17호,제406조제4항,0.8,별표 18 제17호|처분명령 위반,2026-04-30
규정 위반,위반함,ACTION,"회원관리규정, 증권시장업무규정, 파생상품시 장업무규정, 상장규정, 공시규정, 시장감시규정, 분쟁조정규정, 그 밖의 업무에 관한 규정",제412조제1항,0.9,규정 위반|위반,2026-04-30
제412조제1항,위함,STRUCTURE,규정 위반,제412조제1항,0.95,제412조제1항|규정 위반,2026-04-30
규정 위반,예외로함,LOGICAL,별표 18 제23호 항목 16,제412조제1항,0.85,규정 위반|별표 18 제23호,2026-04-30
요구 불이행,정의함,LOGICAL,별표 18 제24호에 해당하는 경우,384조제7항,0.95,요구 불이행|별표 18 제24호,2026-04-30
요구 불이행,정의함,LOGICAL,별표 18 제25호에 해당하는 경우,384조제7항,0.95,요구 불이행|별표 18 제25호,2026-04-30
요구 불이행,정의함,LOGICAL,별표 21 제1호부터 제3호까지의 규정 각 호의 어느 하나에 해당하는 경우,384조제7항,0.95,요구 불이행|별표 21 제1호~제3호,2026-04-30
요구 불이행,근거함,STRUCTURE,법제처 239 국가법령정보센터 자본시장과 금융투자업에 관한 법률 시행령 17,384조제7항,0.9,요구 불이행|법제처 239,2026-04-30
주식소유의 제한,정의함,LOGICAL,제366조,366,0.9,주식소유의 제한|제366조,2026-04-30
대통령령으로 정하는 경우,정의함,LOGICAL,거래소 주주인 법인이 거래소 주주인 다른 법인을 합병하거나 합병할 목적으로 인수하는 경우로서 거래소 발행주식총수의 100분의 5를 초과한 주식에 대하여 의결권을 행사하지 아니할 것을 조건으로 금융위원회가 인정하는 경우,제406조제1항제4호,0.95,대통령령으로 정하는 경우|정의,2026-04-30
대통령령으로 정하는 특수관계에 있는 자,정의함,LOGICAL,특수관계인 및 ...,제406조제2항제2호,0.95,정의|특수관계인,2026-04-30
공동보유자,참조함,STRUCTURE,제141조제2항,제141조제2항,0.9,제141조제2항 참조,2026-04-30
준용,준용함,ACTION,제141조제3항,제141조제3항,0.95,준용|제141조제3항,2026-04-30
대통령령으로 정하는 경우,정의함,LOGICAL,정의가 제공되지 않음,제406조제2항제3호,0.9,대통령령으로 정하는 경우|정의,2026-04-30
법,조치함,ACTION,거래소,제367조,0.6,거래소에 대한 조치|법,2026-04-30
대통령령으로 정하는 경우,정의함,LOGICAL,법 별표 14 제1호의2에 해당하는 경우,제411조제1항제6호,0.9,정의|법 별표 14 제1호의2,2026-04-30
정관,금지함,ACTION,정관 변경,제376조제2항,0.95,정관 변경|제376조제2항에 따른 승인,2026-04-30
정관,요구함,ACTION,제376조제2항에 따른 승인,제376조제2항,0.9,정관|제376조제2항에 따른 승인,2026-04-30
정관 변경,준용함,LOGICAL,법 별표 14 제12호,제376조제2항,0.85,정관 변경|법 별표 14 제12호,2026-04-30
제394조제2항,위반하여,ACTION,공동기금을 구분하여 적립하지 아니한 경우,제394조제2항,0.95,제394조제2항|공동기금|적립|위반,2026-04-30
공동기금,적립하지 않음,ACTION,구분,제394조제2항,0.85,공동기금|적립|구분|위반,2026-04-30
법 별표 14 제21호,예외로함,LOGICAL,제394조제2항,제394조제2항,0.8,법 별표 14 제21호|제394조제2항|예외,2026-04-30
조치 이행,예외로함,LOGICAL,제413조에 따른 조치,제413조,0.85,조치 이행|제413조에 따른 조치,2026-04-30
조치 이행,예외로함,LOGICAL,법 별표 14 제30호,제413조,0.7,조치 이행|법 별표 14 제30호,2026-04-30
조치 이행,예외로함,LOGICAL,영 별표 18 제8호,제413조,0.7,조치 이행|영 별표 18 제8호,2026-04-30
미공개중요정보 이용행위 금지 의무,위반한 경우,LOGICAL,법 별표 14 제30호에 해당하는 경우 중 이 영 별표 18 제9호에 해당하는 경우,제174조,0.9,미공개중요정보 이용행위 금지 의무|위반|법 별표 14 제30호,2026-04-30
시세조종 행위,위반함,ACTION,금지 의무,제176조,0.95,시세조종 행위|금지 의무,2026-04-30
시세조종 행위 등의 금지 의무,준용함,STRUCTURE,제176조,제176조,0.9,시세조종 행위|금지 의무|제176조,2026-04-30
대통령령으로 정하는 금융관련 법령 등,상위조항,STRUCTURE,제411조제1항제7호,제411조제1항제7호,0.9,제411조제1항제7호|상위조항,2026-04-30
대통령령으로 정하는 경우,정의함,LOGICAL,허가를 받은 날부터 6개월 이내에 영업을 시작하지 아니하거나 업무를 시작한 후 정당한 사유 없이 허가 받은 업무를 중단하는 경우,제411조제1항제8호,0.9,대통령령으로 정하는 경우|허가|영업|업무|중단,2026-04-30
보정,이 경우,LOGICAL,업무와 관련하여 부정한 방법으로 타인으로부터 금전등을 받거나 타인에게 줄 금전등을 취득한 경우,제411조제2항제1호,0.95,보정|업무정지|보정기간,2026-04-30
보정,이 경우,LOGICAL,같거나 비슷한 위법행위를 계속하거나 반복하는 경우,제411조제2항제1호,0.95,보정|업무정지|보정기간,2026-04-30
대통령령으로 정하는 조치,참조함,STRUCTURE,대통령령으로 정하는 경우 (별표 14 제30호),제411조,0.9,별표 14|대통령령으로 정하는 경우,2026-04-30
시장효율화위원회,정의함,LOGICAL,법,368,0.6,시장효율화위원회 정의|법,2026-04-30
대통령령으로 정하는 기관,정의함,LOGICAL,한국거래소,제414조제2항,0.95,정의|대통령령으로 정하는 기관,2026-04-30
대통령령으로 정하는 기관,정의함,LOGICAL,증권시장 또는 파생상품시장을 운영하기 위한 전산시스템의 개발ㆍ운영 등을 한국거래소로부터 위탁받은 법인 으로서 한국거래소가 출자한 법인,제414조제2항,0.95,정의|대통령령으로 정하는 기관,2026-04-30
대통령령으로 정하는 기관,정의함,LOGICAL,전자등록기관,제414조제2항,0.95,정의|대통령령으로 정하는 기관,2026-04-30
대통령령으로 정하는 기관,정의함,LOGICAL,다자간매매체결회사,제414조제2항,0.95,정의|대통령령으로 정하는 기관,2026-04-30
전산에 대한 투자,정의함,LOGICAL,투자,제414조제2항,0.95,전산에 대한 투자|투자,2026-04-30
전산에 대한 투자,정의함,LOGICAL,전산시스템과 그 부대설비의 개발에 소요되는 비용이 100억원 이상인 투자를 하고자 하는 경우,제414조제2항,0.95,전산에 대한 투자|전산시스템|비용|100억원,2026-04-30
위원회,구성한다,ACTION,위원,제414조제1항,0.95,위원회 구성|위원,2026-04-30
위원회 위원장,선출한다,ACTION,위원,제414조제1항,0.9,위원회 위원장|위원,2026-04-30
위원회,의결을 거쳐 정한다,ACTION,필요한 사항,제414조제1항,0.85,위원회 운영|의결|정의,2026-04-30
위원회 구성,정의함,LOGICAL,위원회는 7인 이내의 위원으로 구성된다,제414조제1항,0.9,위원회 구성|위원,2026-04-30
조치명령,정의함,LOGICAL,금융투자업자에 대한 조치명령,369,0.7,조치명령|금융투자업자,2026-04-30
제16조제9항,상위조항,STRUCTURE,제16조,제16조제9항,0.5,제16조,2026-04-30
금융투자업자,요구함,ACTION,신고ㆍ보고,제21조제8항,0.95,신고ㆍ보고|감독상 필요,2026-04-30
나목,정의함,LOGICAL,나목 또는 법,제12조제2항제1호,0.9,나목|법,2026-04-30
금융투자업,요구함,ACTION,신고ㆍ보고 등에 관한 사항 4. 법,제18조제2항제1호,0.95,신고ㆍ보고|금융투자업,2026-04-30
금융업무에 관한 사항,포함함,STRUCTURE,기업어음증권의 매매나 중개업무에 관한 사항,Unknown,0.9,금융업무에 관한 사항|기업어음증권의 매매나 중개업무에 관한 사항,2026-04-30
금융업무에 관한 사항,포함함,STRUCTURE,금융투자업자가 취급하는 상품의 운영에 관한 사항,Unknown,0.9,금융업무에 관한 사항|금융투자업자가 취급하는 상품의 운영에 관한 사항,2026-04-30
금융업무에 관한 사항,포함함,STRUCTURE,"금융투자업자의 영업, 재무 및 위험에 관한 사항",Unknown,0.9,"금융업무에 관한 사항|금융투자업자의 영업, 재무 및 위험에 관한 사항",2026-04-30
금융업무에 관한 사항,포함함,STRUCTURE,금융투자업자의 업무내용의 보고에 관한 사항,Unknown,0.9,금융업무에 관한 사항|금융투자업자의 업무내용의 보고에 관한 사항,2026-04-30
금융업무에 관한 사항,포함함,STRUCTURE,협회에 가입하지 아니한 금융투자업자에 대하여 협회가 건전한 영업질서의 유지와 투자자를 보호하기 위하여 행 하는 자율규제에 준하는 내부기준을 제정하도록 하는 것에 관한 사항,Unknown,0.9,금융업무에 관한 사항|협회에 가입하지 아니한 금융투자업자에 대하여 협회가 건전한 영업질서의 유지와 투자자를 보호하기 위하여 행 하는 자율규제에 준하는 내부기준을 제정하도록 하는 것에 관한 사항,2026-04-30
금융업무에 관한 사항,포함함,STRUCTURE,파생상품을 취급하는 금융투자업자에 대한 일정 수준 이상의 파생상품을 거래한 자 또는 미결제약정을 보유한 자에 관한 정보의 제출에 관한 사항,Unknown,0.9,금융업무에 관한 사항|파생상품을 취급하는 금융투자업자에 대한 일정 수준 이상의 파생상품을 거래한 자 또는 미결제약정을 보유한 자에 관한 정보의 제출에 관한 사항,2026-04-30
금융업무에 관한 사항,포함함,STRUCTURE,"집합투자기구(투자신탁은 제외한다)의 청산업무와 관련한 재산의 공탁, 그 밖에 필요한 사항",Unknown,0.9,"금융업무에 관한 사항|집합투자기구(투자신탁은 제외한다)의 청산업무와 관련한 재산의 공탁, 그 밖에 필요한 사항",2026-04-30
금융위원회,발부,ACTION,조치명령,제416조,0.95,조치명령|발부,2026-04-30
조치명령,요구함,ACTION,"기준(1,2,3)",제416조,0.9,조치명령|기준|충족,2026-04-30
조치명령,요구함,ACTION,유효기간 설정,제416조제1항,0.95,조치명령|유효기간 설정,2026-04-30
유효기간 설정,정의함,LOGICAL,1년 이내의 범위에서 그 목적 달성에 필요한 최소한의 기간,제416조제1항,0.85,유효기간 설정|1년 이내의 범위,2026-04-30
금융위원회,허용함,ACTION,유효기간 연장,제416조제1항,0.9,금융위원회|유효기간 연장,2026-04-30
유효기간 연장,정의함,LOGICAL,1년 이내의 범위,제416조제1항,0.8,유효기간 연장|1년 이내의 범위,2026-04-30
대통령령으로 정하는 행위,정의함,LOGICAL,주식 금액 또는 주식 수의 감소에 따른 자본금의 실질적 감소,제417조제1항제8호,0.99,대통령령으로 정하는 행위|자본금의 실질적 감소,2026-04-30
승인,심사하여야 한다,ACTION,기준,제417조제1항,0.95,심사|기준,2026-04-30
제30조,참조함,STRUCTURE,재무건전성,제30조,0.9,제30조에 따른 재무건전성,2026-04-30
제30조,참조함,STRUCTURE,법,제30조,0.9,제30조에 따른 법,2026-04-30
경영건전성,충족할 것,ACTION,제31조에 따른 경영건전성에 관한 기준,제31조,0.95,경영건전성|제31조에 따른 기준,2026-04-30
경영건전성,참조함,STRUCTURE,제31조,제31조,0.9,제31조에 따른 기준,2026-04-30
투자자,금지함,ACTION,투자자 보호에 지장을 초래하지 않다,제417조제1항제3호,0.95,투자자 보호,2026-04-30
투자자,금지함,ACTION,금융시장의 안전성을 해치지 않다,제417조제1항제3호,0.9,금융시장 안전성,2026-04-30
투자자,금지함,ACTION,건전한 금융거래질서를 해치지 않다,제417조제1항제3호,0.9,건전한 금융거래질서,2026-04-30
투자자,금지함,ACTION,"내용과 절차가 금융관련법령, 상법 및 독점규제 및 공정거래에 관한 법률에 비추어 흠이 없을 것",제417조제1항제3호,0.85,법령 준수,2026-04-30
금융투자업자,요구함,ACTION,기준,제417조제1항,0.95,기준 충족|금융위원회 고시 기준,2026-04-30
기준,정의함,LOGICAL,금융위원회가 정하여 고시하는 기준,제417조제1항,0.9,정의|금융위원회 고시 기준,2026-04-30
금융위원회,정하여 고시함,ACTION,기준,제417조제1항,0.9,정의|금융위원회 고시 기준,2026-04-30
금융투자업자,요구함,ACTION,보고사항,제371조,0.8,보고사항|법,2026-04-30
그 사실,요구함,ACTION,금융위원회,418,0.95,보고|지체 없이,2026-04-30
금융위원회,허용함,ACTION,보고기한을 달리 정하여 고시,418,0.95,보고기한|중요도에 따라|고시,2026-04-30
대통령령으로 정하는 중요한 사항,정의함,LOGICAL,사업목적에 관한 사항,제418조제2호,0.95,정의|대통령령|중요한 사항|사업목적에 관한 사항,2026-04-30
대통령령으로 정하는 중요한 사항,정의함,LOGICAL,"주주총회, 이사회, 그 밖에 회사의 지배구조에 관한 사항",제418조제2호,0.95,"정의|대통령령|중요한 사항|주주총회, 이사회, 그 밖에 회사의 지배구조에 관한 사항",2026-04-30
대통령령으로 정하는 중요한 사항,정의함,LOGICAL,회사가 발행하는 주식에 관한 사항,제418조제2호,0.95,정의|대통령령|중요한 사항|회사가 발행하는 주식에 관한 사항,2026-04-30
대통령령으로 정하는 중요한 사항,정의함,LOGICAL,그 밖에 투자자의 보호와 관련된 것으로 금융위원회가 정하여 고시하는 사항,제418조제2호,0.95,정의|대통령령|중요한 사항|그 밖에 투자자의 보호와 관련된 것으로 금융위원회가 정하여 고시하는 사항,2026-04-30
대통령령으로 정하는 경우,정의함,LOGICAL,자본금이 증가한 경우,제418조제13호,0.95,대통령령으로 정하는 경우|자본금이 증가한 경우,2026-04-30
대통령령으로 정하는 경우,정의함,LOGICAL,법 제10편,제418조제13호,0.95,대통령령으로 정하는 경우|법 제10편,2026-04-30
금융투자업자,처벌을 받다,ACTION,제448조,제448조,0.95,제448조|금융투자업자|처벌,2026-04-30
금융투자업자,처벌을 받다,ACTION,소송의 당사자,제448조,0.85,소송의 당사자|중대한 영향,2026-04-30
금융투자업자,처벌을 받다,ACTION,파산 신청,제448조,0.85,파산 신청|해산 사유,2026-04-30
금융투자업자,처벌을 받다,ACTION,회생절차 개시신청,제448조,0.85,회생절차 개시신청|회생절차 개시결정,2026-04-30
금융투자업자,처벌을 받다,ACTION,조세체납처분,제448조,0.85,조세체납처분|조세법 위반,2026-04-30
금융감독원장,위탁함,ACTION,검사업무,제372조,0.8,검사업무의 위탁|법령에 따른,2026-04-30
검사업무,허용함,ACTION,협회,제419조제8항,0.95,검사업무|협회,2026-04-30
검사업무,한정함,LOGICAL,주요직무 종사자와 투자권유대행인의 영업행위에 관한 사항,제419조제8항,0.85,검사업무|주요직무 종사자와 투자권유대행인의 영업행위에 관한 사항,2026-04-30
검사업무,한정함,LOGICAL,증권의 인수업무에 관한 사항,제419조제8항,0.85,검사업무|증권의 인수업무에 관한 사항,2026-04-30
협회,준수해야 한다,ACTION,검사업무의 방법 및 절차 등에 관하여 금융감독원 장이 정하는 기준,제286조제1항제1호,0.95,검사업무|준수,2026-04-30
협회,보고해야 한다,ACTION,금융감독원장,제286조제1항제1호,0.95,검사업무|보고,2026-04-30
제286조제1항제1호,참조함,STRUCTURE,제1항,제286조제1항제1호,0.8,참조,2026-04-30
제10조,참조함,STRUCTURE,제2조,10,0.2,제10조|제2조,2026-04-30
제16조까지의 규정,준용함,LOGICAL,검사업 무위탁,16,0.95,준용|검사업 무위탁,2026-04-30
금융투자업자,정의함,LOGICAL,조치,373,0.6,금융투자업자|조치,2026-04-30
대통령령으로 정하는 경우,정의함,LOGICAL,법 별표 1 제1호에 해당하는 경우,제420조제1항제6호,0.9,대통령령으로 정하는 경우|정의,2026-04-30
금융투자업을 한 경우,받지 않다,ACTION,금융투자업인가(변경인가 포함),제11조,0.9,제11조 위반|금융투자업인가,2026-04-30
제11조 위반,근거함,STRUCTURE,자본시장과 금융투자업에 관한 법률 시행령 1의2. 법 별표 1 제15호,제11조,0.85,제11조|법제처 243 국가법령정보센터,2026-04-30
금융투자업을 한 경우,위반함,ACTION,제11조,제11조,0.9,제11조 위반|금융투자업,2026-04-30
대주주와의 거래 제한,위반함,ACTION,제34조제1항(제3호는 제외한다) 또는 제34조제2항,제34조제1항,0.9,대주주와의 거래 제한|제34조제1항|제34조제2항,2026-04-30
대주주와의 거래 제한,위반함,ACTION,법 별표 1 제23호에 해당하는 경우,제34조제1항,0.9,대주주와의 거래 제한|법 별표 1 제23호,2026-04-30
행위자,위반함,ACTION,제35조,제35조,0.95,제35조 위반,2026-04-30
행위자,위반함,ACTION,같은 조 각 호의 어느 하나에 해당하는 행위,제35조,0.92,제35조 위반|같은 조 각 호의 어느 하나에 해당하는 행위,2026-04-30
행위자,처벌대상임,SANCTION,법 별표 1 제78호에 해당하는 경우,제35조,0.9,제35조 위반|법 별표 1 제78호,2026-04-30
제70조 위반,위반행위,ACTION,금융투자상품 매매,제70조,0.9,제70조 위반|금융투자상품 매매,2026-04-30
제70조 위반,위반에 해당,STRUCTURE,법 별표 1 제79호,제70조,0.85,제70조 위반|법 별표 1 제79호,2026-04-30
위반자,위반함,ACTION,행위,제71조,0.95,위반|행위,2026-04-30
위반자,처벌대상임,SANCTION,제5조-2,제71조,0.9,위반|제5조-2,2026-04-30
제71조,예외로함,LOGICAL,제7호,제71조,0.85,제7호|제71조,2026-04-30
업무기준 준수,정의함,LOGICAL,제78조제1항에 따른 업무기준을 준수하지 아니한 경우,제78조제1항,0.85,업무기준 준수|제78조제1항,2026-04-30
업무기준 준수,정의함,LOGICAL,5의3. 법 별표 1 제88호의5에 해당하는 경우,제78조제1항,0.9,업무기준 준수|5의3|법 별표 1 제88호의5,2026-04-30
위반,정의함,LOGICAL,법 별표 1 제90호에 해당하는 경우로서 법,제78조제7항,0.9,위반|조치|법,2026-04-30
운용자,금지함,ACTION,집합투자재산,제84조제1항,0.95,제84조제1항|운용자|집합투자재산,2026-04-30
운용자,간주함,LOGICAL,법 별표 1 제92호,제84조제1항,0.9,제84조제1항 위반|법 별표 1 제92호,2026-04-30
운용자,참조함,STRUCTURE,제84조제1항,제84조제1항,0.9,제84조제1항,2026-04-30
위반,정의함,LOGICAL,같은 조 각 호의 어느 하나에 해당하는 행위,85,0.85,위반|행위,2026-04-30
위반,금지함,ACTION,제85조(제8호는 제외한다),85,0.9,위반|제85조,2026-04-30
의결권 행사,위반함,ACTION,제87조제2항부터 제5항까지의 규정,87,0.9,의결권 행사|규정 위반,2026-04-30
경우,예외로함,LOGICAL,법 별표 1 제113호,87,0.8,경우|법 별표 1 제113호,2026-04-30
제98조제1항,상위조항,STRUCTURE,제98조,제98조제1항,0.5,제98조,2026-04-30
위반,금지함,ACTION,제98조제2항(제10호는 제외한다),98-2,0.9,위반|제98조제2항,2026-04-30
제98조제2항,예외로함,LOGICAL,제10호,98-2,0.8,제98조제2항|제10호,2026-04-30
위반,간주함,LOGICAL,법 별표 1 제125호에 해당하는 경우,98-2,0.8,위반|법 별표 1 제125호,2026-04-30
위반자,금지함,ACTION,제108조,108,0.92,위반|제108조,2026-04-30
제108조,예외로함,LOGICAL,제9호,108,0.88,제108조|제9호,2026-04-30
제108조,준용함,STRUCTURE,법 별표 1 제130호,108,0.85,제108조|법 별표 1 제130호,2026-04-30
의결권,위반함,ACTION,제112조제2항부터 제5항까지의 규정,112,0.9,의결권 행사|위반,2026-04-30
의결권,행사함,ACTION,의결권,112,0.8,의결권 행사,2026-04-30
법 별표 1 제139호,정의함,LOGICAL,공고나 서류 중 중요사항에 관하여 거짓의 기재 또는 표시가 있거나 중요사항이 기재 또는 표시되지 아니한 경우,112,0.85,공고|서류|거짓 기재|중요사항,2026-04-30
법 별표 1 제140호,정의함,LOGICAL,서류를 제출하지 아니한 경우,112,0.85,서류 제출|불이행,2026-04-30
법 별표 1 제141호,정의함,LOGICAL,법,112,0.7,법,2026-04-30
위반자,위반함,ACTION,제119조제3항ㆍ제4항 및 제7항,제119조,0.95,위반|제119조제3항ㆍ제4항 및 제7항,2026-04-30
위반자,위반함,ACTION,증권을 모집하거나 매출한 경우,제119조,0.9,증권 모집|위반,2026-04-30
위반자,위반함,ACTION,법 별표 1 제153호에 해당하는 경우,제119조,0.9,법 별표 1 제153호|위반,2026-04-30
제134조제1항,구조,STRUCTURE,법,제134조제1항,0.5,제134조제1항|법,2026-04-30
제136조제5항,정의함,LOGICAL,공고,제136조제5항,0.9,공고,2026-04-30
제136조제5항,위반,ACTION,공고를 하지 아니 한 경우,제136조제5항,0.9,공고|위반,2026-04-30
보고서류,정의함,LOGICAL,제147조에 따른 보고서류 또는 법,147,0.95,보고서류|제147조에 따른 보고서류 또는 법,2026-04-30
보고서류,참조함,STRUCTURE,제147조,147,0.9,제147조에 따른,2026-04-30
정정보고서,참조함,STRUCTURE,제151조제2항,제151조제2항,0.95,정정보고서|제151조제2항,2026-04-30
거짓의 기재 또는 표시,간주함,LOGICAL,중요한 사항이 기재 또는 표시되지 아니한 경우,157,0.85,거짓의 기재 또는 표시|중요한 사항,2026-04-30
위임장 용지,정의함,LOGICAL,제154조에 따른 위임장 용지와 참고서류 또는 법,제154조,0.85,위임장 용지,2026-04-30
정정서류,요구함,ACTION,의결권 위임 관련 중요사항,156,0.95,의결권 위임 관련 중요사항,2026-04-30
정정서류,금지함,ACTION,거짓의 기재 또는 표시,156,0.95,거짓의 기재 또는 표시,2026-04-30
정정서류,금지함,ACTION,의결권 위임 관련 중요사항이 기재 또는 표시되지 아니한 경우,156,0.95,의결권 위임 관련 중요사항,2026-04-30
의결권 위임 관련 중요사항,정의함,LOGICAL,이 호에서 ‘의결권 위임 관련 중요사항’이라 한다,156,0.9,의결권 위임 관련 중요사항,2026-04-30
미공개중요정보 이용행위 금지 의무 위반,위반,ACTION,법 별표 1 제175호에 해당하는 경우로서 법,제174조,0.85,미공개중요정보 이용행위 금지|위반|법 별표 1 제175호,2026-04-30
시세조종행위,위반함,ACTION,시세조종행위 금지 의무,제176조,0.9,시세조종행위|금지 의무,2026-04-30
제178조,참조함,STRUCTURE,부정거래행위 등의 금지 의무,제178조,0.95,제178조|부정거래행위 금지,2026-04-30
부정거래행위 등의 금지 의무,위반,ACTION,법 별표 1 제261호에 해당하는 경우,제178조,0.85,부정거래행위 금지|법 별표 1 제261호,2026-04-30
제250조제1항,참조함,STRUCTURE,법,제250조제1항,0.8,제250조제1항|법,2026-04-30
집합투자업,위반함,ACTION,제251조제1항,제251조제1항,0.95,제251조제1항 위반|집합투자업,2026-04-30
제251조제1항,준용함,STRUCTURE,법 별표 1 제273호,제251조제1항,0.8,법 별표 1 제273호|제251조제1항,2026-04-30
투자매매업자 또는 투자중개업자,판매함,ACTION,외국 집합투자증권,제280조제1항,0.95,외국 집합투자증권 판매,2026-04-30
투자매매업자 또는 투자중개업자,위반함,ACTION,제280조제1항,제280조제1항,0.9,제280조제1항 위반,2026-04-30
금융투자 상품시장 개설/운영,금지함,ACTION,제373조 위반,제373조,0.9,금융투자 상품시장 개설/운영|제373조 위반,2026-04-30
제373조 위반 및 거래소허가 미취득,처벌대상임,SANCTION,법 별표 1 제293호에 해당,제373조,0.85,제373조 위반|법 별표 1 제293호,2026-04-30
Unknown,참조함,STRUCTURE,제324조제1항,Unknown,0.6,법|제324조제1항,2026-04-30
제355조제1항,상위조항,STRUCTURE,제355조,제355조제1항,0.5,제355조제1항,2026-04-30
해당 업무를 수행하는 행위,금지함,ACTION,인증을 받지 않은 상태,제360조제1항,0.9,위반,2026-04-30
제360조제1항,참조함,STRUCTURE,제360조,제360조제1항,0.8,,2026-04-30
대통령령으로 정하는 금융관련 법령 등,정의함,LOGICAL,금융실명거래 및 비밀보장에 관한 법률,제420조제1항제7호,0.95,정의|법령,2026-04-30
대통령령으로 정하는 경우,정의함,LOGICAL,다음 각 호의 어느 하나에 해당하는 경우를 말한다.,제420조제1항제7호,0.98,대통령령으로 정하는 경우|정의,2026-04-30
대통령령으로 정하는 경우,참조함,STRUCTURE,별표 21 제1호나목에 해당하는 경우로서 「금융실명거래 및 비밀보장에 관한 법률」,제420조제1항제7호,0.9,별표 21 제1호나목|금융실명거래 및 비밀보장에 관한 법률,2026-04-30
해당자,위반함,ACTION,제4조제1항,제4조제1항,0.95,제4조제1항|위반,2026-04-30
해당자,제공·누설,ACTION,거래정보,제4조제1항,0.95,거래정보 제공·누설,2026-04-30
해당자,요구한,ACTION,거래정보,제4조제1항,0.9,거래정보 요구,2026-04-30
해당자,해당함,LOGICAL,별표 21 제1호다목,제4조제1항,0.9,별표 21 제1호다목,2026-04-30
제4조제1항,근거함,STRUCTURE,금융실명거래 및 비밀보장에 관한 법률,제4조제1항,0.9,금융실명거래 및 비밀보장에 관한 법률,2026-04-30
제4조제3항,위반함,ACTION,거래 정보 제공 요구를 거부하지 아니한 경우,제4조제3항,0.9,제4조제3항|거래 정보 제공 요구|거부하지 아니한,2026-04-30
거래 정보 제공 요구를 거부하지 아니한 경우,간주함,LOGICAL,3. 별표 21 제1호라목에 해당하는 경우,제4조제3항,0.9,거래 정보 제공 요구|거부하지 아니한|별표 21 제1호라목,2026-04-30
알게 된 거래정보등을 타인에게 제공ㆍ누설하거나 그 목적 외의 용도로 이용한 경우,정의함,LOGICAL,별표 21 제1호마목에 해당하는 경우,Unknown,0.9,제4조제4항 본문을 위반하여 알게 된 거래정보등|타인에게 제공ㆍ누설|목적 외의 용도로 이용|별표 21 제1호마목,2026-04-30
제4조제5항 위반,제공·누설,ACTION,거래 정보,제4조제5항,0.95,제4조제5항 위반|거래 정보 제공·누설,2026-04-30
제4조제5항 위반,형법에 따라 처벌됨,SANCTION,형법,제4조제5항,0.9,제4조제5항 위반|형법,2026-04-30
제214조,구조,STRUCTURE,제214조,제214조,0.0,제214조,2026-04-30
규정 위반,위반한 경우,LOGICAL,형법,제217조,0.9,규정 위반|제217조까지의 규정|형법 적용,2026-04-30
제223조,참조함,STRUCTURE,제214조,223,0.9,제214조|참조,2026-04-30
제217조까지의 규정,위반함,ACTION,제217조까지의 규정,217,0.8,제217조까지의 규정,2026-04-30
제217조까지의 규정,참조함,STRUCTURE,형법,217,0.7,형법,2026-04-30
제357조제1항,처벌대상임,SANCTION,형법,제357조제1항,0.85,형법,2026-04-30
제357조제1항,위반함,ACTION,9. 별표 21 제3호가목에 해당하는 경우,제357조제1항,0.9,위반|특정경제범죄 가중처벌 등에 관한 법률,2026-04-30
제3조제1항,참조함,STRUCTURE,형법,제3조제1항,0.8,형법,2026-04-30
제355조,정의함,LOGICAL,제355조,355,0.5,제355조,2026-04-30
위반자,처벌대상임,SANCTION,가중처벌,제356조,0.95,가중처벌|위반자|별표 21 제3호나목,2026-04-30
가중처벌,준용함,LOGICAL,별표 21 제3호나목,제356조,0.9,가중처벌|별표 21 제3호나목,2026-04-30
위반자,위반,ACTION,제356조와 관련된 경우,제356조,0.85,위반자|제356조,2026-04-30
위반,가중처벌,SANCTION,특정경제범죄 가중처벌 등에 관한 법률,제5조,0.95,가중처벌|특정경제범죄 가중처벌 등에 관한 법률,2026-04-30
제7조 위반,정의함,LOGICAL,제7조를 위반하는 행위,제7조,0.9,제7조 위반|제7조,2026-04-30
제7조 위반,위반한 경우,LOGICAL,12. 별표 21 제3호라목에 해당하는 경우,제7조,0.85,제7조 위반|12. 별표 21 제3호라목,2026-04-30
제7조 위반,근거함,STRUCTURE,특정경제범죄 가중처벌 등에 관한 법률,제7조,0.95,제7조 위반|특정경제범죄 가중처벌 등에 관한 법률,2026-04-30
가중처벌,정의함,LOGICAL,제8조를 위반한 경우 13. 별표 21 제3호마목에 해당하는 경우로서 「특정경제범죄 가중처벌 등에 관한 법률」,제13조,0.95,가중처벌 정의,2026-04-30
가중처벌,참조함,STRUCTURE,13. 별표 21 제3호마목,제13조,0.9,가중처벌 참조|별표 21 제3호,2026-04-30
가중처벌,근거함,STRUCTURE,특정경제범죄 가중처벌 등에 관한 법률,제13조,0.9,가중처벌 법적 근거,2026-04-30
위반,위반한 경우,LOGICAL,제9조제3항,제9조제3항,0.9,위반|제9조제3항,2026-04-30
대통령령으로 정하는 경우,정의함,LOGICAL,인증을 받거나 등록을 한 날로부터 6개월 이내에 정당한 사유 없이 영업을 시작하지 아니하거나 영업을 시작한 후 정당한 사유 없이 인가 받거나 등록한 업무를 6개월 이상 계속해서 하지 아니한 경우,Unknown,0.9,대통령령으로 정하는 경우|영업을 시작하지 아니하거나 영업을 시작한 후 정당한 사유 없이 인가 받거나 등록한 업무를 6개월 이상 계속해서 하지 아니한 경우,2026-04-30
영업,정의함,LOGICAL,"투자매매업자 또는 투자중개업자: 계약 체결, 청약 권유, 청약 승낙",Unknown,0.9,영업|투자매매업자 또는 투자중개업자|계약 체결|청약 권유|청약 승낙,2026-04-30
영업,정의함,LOGICAL,집합투자업자: 집합투자재산 운용,Unknown,0.9,영업|집합투자업자|집합투자재산 운용,2026-04-30
영업,정의함,LOGICAL,투자자문업자: 투자자문계약 체결 후 투자자문에 응하는 행위,Unknown,0.9,영업|투자자문업자|투자자문계약 체결|투자자문에 응하는 행위,2026-04-30
영업,정의함,LOGICAL,투자일임업자: 투자일임계약 체결 후 투자일임재산 운용,Unknown,0.9,영업|투자일임업자|투자일임계약 체결|투자일임재산 운용,2026-04-30
영업,정의함,LOGICAL,신탁업자: 신탁계약 체결 후 신탁재산 관리·처분·운용·개발,Unknown,0.9,영업|신탁업자|신탁계약 체결|신탁재산 관리·처분·운용·개발,2026-04-30
영업,정의함,LOGICAL,업무와 관련하여 부정한 방법으로 타인으로부터 금전등을 받거나 타인에게 줄 금전등을 취득한 경우,Unknown,0.9,영업|부정한 방법으로 금전등을 받거나 줄 금전등을 취득한 경우,2026-04-30
보정,정의함,LOGICAL,해당 조건을 보정하지 아니한 경우,제420조제3항제1호,0.85,보정|조건|업무정지|1개월,2026-04-30
해당 조건,보정하지 아니한 경우,LOGICAL,"4. 증권시장(다자간매매체결회사에서의 거래를 포함한다) 및 파생상품시장에서의 매매, 그 밖의 거래에 관하여 계약을 위반하거나 결제를 이행하지 아니한 경우",제420조제3항제1호,0.9,보정|업무정지|1개월|계약위반|결제미이행,2026-04-30
해당 조건,보정하지 아니한 경우,LOGICAL,5. 같거나 비슷한 위법행위를 계속하거나 반복하는 경우,제420조제3항제1호,0.9,보정|위법행위|반복,2026-04-30
대통령령으로 정하는 조치,정의함,LOGICAL,"지점, 그 밖의 영업소의 폐쇄 또는 그 업무의 전부나 일부의 정지; 경영이나 업무방법의 개선요구나 개선권고; 변상 요구; 법을 위반한 경우에는 고발 또는 수사기관에의 통보; 다른 법률을 위반한 경우에는 관련 기관이나 수사기관에의 통보; 그 밖에 금융위원회가 법 및 이 영, 그 밖의 관련 법령에 따라 취할 수 있는 조치",제420조제3항제7호,0.95,정의|대통령령|조치,2026-04-30
대통령령으로 정하는 경우,정의함,LOGICAL,이 영 별표 5의 각 호의 어느 하나에 해당하는 경우,제420조제3항제7호,0.95,정의|대통령령|경우,2026-04-30
임직원에 대한 조치,정의함,LOGICAL,법,374,0.6,임직원에 대한 조치|법,2026-04-30
제422조,참조함,STRUCTURE,법 별표 1 제312호,제422조,0.9,제422조|법 별표 1 제312호,2026-04-30
금융위원회,요구함,ACTION,자료제출,제375조,0.95,자료제출 요구,2026-04-30
제172조,참조함,STRUCTURE,제171조,172,0.2,제172조|제171조,2026-04-30
제174조까지,참조함,STRUCTURE,제174조,Unknown,0.7,제174조까지,2026-04-30
주식의 발행 및 배정,정의함,LOGICAL,주식의 발행 및 배정에 관한 규정,176,0.6,주식의 발행 및 배정|최저발행가격,2026-04-30
제178조,정의함,LOGICAL,내용 없음,제178조,0.3,제178조,2026-04-30
제178조 의2,참조함,STRUCTURE,제178조,제178조 의2,0.6,제178조 의2|제178조,2026-04-30
제180조,구조,STRUCTURE,제180조 및,제180조,0.0,Incomplete Article,2026-04-30
제180조의2,상위조항,STRUCTURE,제180조,제180조의2,0.9,제180조의2,2026-04-30
증권선물위원회,정의함,LOGICAL,제180조의6까지의 규정을 위반한 사항,제180조의6,0.95,정의|규정 위반,2026-04-30
Unknown,정의함,LOGICAL,제376조,Unknown,0.0,Unknown,2026-04-30
자료 제출,요구함,ACTION,"금융투자업자, 금융투자업관계기관 또는 거래소",제377조,0.95,자료 제출|금융투자업자|금융투자업관계기관|거래소,2026-04-30
서면,정의함,LOGICAL,"사용목적, 조사대상 금융투자상품의 종류, 종목ㆍ품목, 거래유형 및 거래기간",제426조제4항,0.95,서면|제426조제4항,2026-04-30
서면,준용함,STRUCTURE,제426조제4항에 따라,제426조제4항,0.95,서면|제426조제4항,2026-04-30
조사결과에 따른 조치,정의함,LOGICAL,법,376,0.7,조사결과에 따른 조치|법,2026-04-30
제420조제1항ㆍ제3항,참조함,STRUCTURE,법,제420조제1항ㆍ제3항,0.8,제420조제1항ㆍ제3항|법,2026-04-30
거래소,요구함,ACTION,조치,제422조,0.9,조치,2026-04-30
거래소,준용함,STRUCTURE,법,제422조,0.8,법,2026-04-30
협회,조치,ACTION,법,제411조,0.95,조치|법,2026-04-30
예탁결제원,적용함,ACTION,법,제293조제1항부터 제3항까지,0.9,예탁결제원|법,2026-04-30
증권금융회사,조치,ACTION,법,제307조,0.9,증권금융회사|법,2026-04-30
증권금융회사,조치,STRUCTURE,제307조제1항부터 제3항까지의 규정,제307조,0.8,증권금융회사|제307조제1항부터 제3항까지의 규정,2026-04-30
종합금융회사,요구함,ACTION,법,제335조,0.85,종합금융회사의 경우|법,2026-04-30
자금중개회사,조치,ACTION,법,제354조,0.9,자금중개회사|법,2026-04-30
단기금융회사,요구함,ACTION,제359조제1항부터 제4항까지의 규정,제359조,0.95,단기금융회사|조치,2026-04-30
제359조,참조함,STRUCTURE,제359조제1항부터 제4항까지의 규정,제359조,0.9,제359조|제359조제1항부터 제4항까지의 규정,2026-04-30
명의개서대행회사,정의함,LOGICAL,정의 내용,제364조,0.9,정의|명칭,2026-04-30
등록을 한 자,정의함,LOGICAL,등록을 한 자,제365조제1항,0.95,등록을 한 자|등록을 한,2026-04-30
등록을 한 자,근거함,STRUCTURE,제365조제1항,제365조제1항,0.9,제365조제1항,2026-04-30
금융투자 관계 단체,요구함,ACTION,법,제369조,0.6,금융투자 관계 단체|법,2026-05-01
금융위원회,허용함,ACTION,경고,제372조제1항,0.95,조치|경고,2026-05-01
금융위원회,허용함,ACTION,주의,제372조제1항,0.95,조치|주의,2026-05-01
금융위원회,허용함,ACTION,고발 또는 수사기관에의 통보,제372조제1항,0.95,조치|고발|통보,2026-05-01
금융위원회,허용함,ACTION,관련 기관이나 수사기관에의 통보,제372조제1항,0.95,조치|통보,2026-05-01
금융위원회,허용함,ACTION,기타 조치,제372조제1항,0.9,조치|기타,2026-05-01
대통령령으로 정하는 경우,정의함,LOGICAL,이 영 별표 19 각 호의 어느 하 나에 해당하는 경우,제426조제5항,0.95,대통령령으로 정하는 경우|이 영 별표 19 각 호의 어느 하 나에 해당하는 경우,2026-05-01
금융위원회,공표함,ACTION,조사실적·처리결과 등,제377조,0.85,공표|조사실적·처리결과,2026-05-01
금융위원회,권한을가짐,ACTION,지급정지,제377조의2,0.8,지급정지|법에 따른 권한,2026-05-01
제426조의2제1항,참조함,STRUCTURE,지급정지의 요구,제426조의2제1항,0.95,지급정지의 요구,2026-05-01
그 사실,허용함,ACTION,수사기 관에 통보,제426조의2제1항,0.9,지급정지의 요구|통보|수사기 관,2026-05-01
금융회사,정의함,LOGICAL,법,제426조의2제1항,0.95,금융회사 정의|법적 개념,2026-05-01
제426조의2제1항,상위조항,STRUCTURE,제426조의2,제426조의2제1항,0.9,상위조항 관계,2026-05-01
금융회사,요구함,ACTION,전산 원장,제426조의2제4항,0.95,전산 원장 기재|지급정지 조치,2026-05-01
금융회사,지급정지 조치,ACTION,금융위원회로부터 요구받은 계좌,제426조의2제4항,0.9,지급정지 조치|계좌,2026-05-01
계좌의 명의인,요구함,ACTION,공개사항,제426조의2제4항,0.95,지급정지|공개|계좌의 명의인,2026-05-01
계좌의 명의인,요구함,ACTION,"지급정지의 기간, 사유 및 금액 등에 관한 사항",제426조의2제4항,0.95,지급정지|기간|사유|금액,2026-05-01
계좌의 명의인,요구함,ACTION,지급정지된 계좌의 종류 등 지급정지된 계좌에 관한 사항,제426조의2제4항,0.95,지급정지|계좌 종류,2026-05-01
계좌의 명의인,요구함,ACTION,제6항 및 제7항에 따른 지급정지 해제 신청의 기간 및 방법,제426조의2제4항,0.95,지급정지|해제 신청|기간|방법,2026-05-01
계좌의 명의인,요구함,ACTION,공개기간 14일 이상,제426조의2제4항,0.95,지급정지|공개기간|14일,2026-05-01
제426조의2제4항,상위조항,STRUCTURE,제426조의2,제426조의2제4항,0.9,제426조의2제4항|제426조의2,2026-05-01
수사기관,요청함,ACTION,지급정지 요구 조치,제426조의2제2항,0.95,지급정지 요구 조치|요청,2026-05-01
수사기관,철회함,ACTION,요청,제426조의2제2항,0.95,요청 철회|수사기관,2026-05-01
수사기관,근거함,STRUCTURE,제426조의2제2항,제426조의2제2항,0.9,제426조의2제2항,2026-05-01
계좌,정지,ACTION,지급정지 조치,제426조의2제4항,0.9,지급정지,2026-05-01
금융위원회,인정,ACTION,지급정지 조치,제246조제1항,0.9,압류금지채권|지급정지 조치,2026-05-01
압류금지채권,금원이 이체된 경우,LOGICAL,지급정지 조치,제246조제1항,0.8,지급정지 조치,2026-05-01
지급정지 해제,정의함,LOGICAL,지급정지 조치의 일부나 전부를 해제하는 행위,제426조의2제7항,0.9,지급정지 해제|지급정지 조치,2026-05-01
금융회사,요구함,ACTION,지급정지 조치를 한 금융회사,제426조의2제7항,0.85,금융회사|지급정지 조치,2026-05-01
해제를 요구받은 금융회사,해제해야 한다,ACTION,지급정지 조치,제426조의2제7항,0.9,해제를 요구받은 금융회사|지급정지 조치,2026-05-01
"계좌의 명의인(법인인 경우에는 법인의 대표자), 압류채권자, 가압류채권자, 가처분채권자, 질권자 또는 이해관계인",보고,ACTION,금융위원회,제426조의2제4항,0.95,지급정지 조치|60일 이내|보고,2026-05-01
신청자,허용함,ACTION,지급정지 해제 신청,제426조의2제7항,0.95,지급정지 해제|신청,2026-05-01
신청자,요구함,ACTION,금융위원회,제426조의2제7항,0.9,신청서|금융위원회,2026-05-01
거래 및 임원선임 제한,정의함,LOGICAL,불공정거래행위자,제377조의3,0.6,거래 및 임원선임 제한|불공정거래행위자,2026-05-01
거래제한대상자,정의함,LOGICAL,거래가 제한되는 자,제426조의3제1항제1호,0.92,거래제한대상자|거래가 제한되는 자,2026-05-01
거래제한대상자,요구함,ACTION,자료를 금융투자업자에게 제출,제426조의3제1항제1호,0.95,거래제한대상자|제출|자료|금융투자업자,2026-05-01
거래제한대상자,요구함,ACTION,거래,제426조의3제1항제1호,0.85,보유|제한명령 이전,2026-05-01
거래제한대상자,근거함,STRUCTURE,제426조의3제1항제1호,제426조의3제1항제1호,0.95,제426조의3제1항제1호,2026-05-01
보유,정의함,LOGICAL,제133조제3항에 따른 보유,제133조제3항,0.92,보유|제133조제3항에 따른 보유,2026-05-01
금융투자상품 취득,허용함,ACTION,상속 또는 주식배당에 따라,198,0.95,상속|주식배당,2026-05-01
금융투자상품 취득,허용함,ACTION,합병,198,0.95,합병,2026-05-01
금융투자상품 취득,허용함,ACTION,분할 또는 분할합병,198,0.95,분할|분할합병,2026-05-01
금융투자상품 취득,허용함,ACTION,주식의 포괄적 교환 또는 포괄적 이전,198,0.95,주식의 포괄적 교환|주식의 포괄적 이전,2026-05-01
양수ㆍ양도,정의함,LOGICAL,상속세 및 증여세법,제171조제2항,0.95,양수ㆍ양도|상속세 및 증여세법,2026-05-01
제71조제1항,규정함,STRUCTURE,금융투자상품 매수·매도,71-1,0.95,제71조제1항|금융투자상품 매수·매도,2026-05-01
금융투자상품,매도,ACTION,연부연납 세액의 재원,71-1,0.9,금융투자상품 매수·매도|연부연납 세액,2026-05-01
사모집합투자기구 외의 집합투자기구가 발행한 집합투자증권,매수·매도,ACTION,연부연납 세액의 재원,71-1,0.85,집합투자증권 매수·매도|연부연납 세액,2026-05-01
"전환사채권, 신주인수권부사채권, 이익참가부사채권, 지분증권, 교환사채권",매수·매도,ACTION,연부연납 세액의 재원,71-1,0.8,채무증권 매수·매도|연부연납 세액,2026-05-01
거래,해당,LOGICAL,금융위원회가 정하여 고시하는 거래,71-1,0.75,특정 불공정거래 행위와 관련성이 없는 거래|금융위원회 고시,2026-05-01
대통령령으로 정하는 법인,정의함,LOGICAL,금융회사의 지배구조에 관한 법률,제426조의3제1항제2호,0.99,대통령령으로 정하는 법인|금융회사의 지배구조에 관한 법률,2026-05-01
금융회사,정의함,LOGICAL,금융회사를 말한다,제2조제 1호,0.95,정의|금융회사,2026-05-01
제한명령,요구함,ACTION,각 호의 기준,제426조의3제1항,0.95,제한명령|기준,2026-05-01
위반행위,요구함,ACTION,제한명령의 내용 및 법,제426조의3제1항,0.9,위반행위|제한명령|법,2026-05-01
제한기간,정할 것,ACTION,제한기간,제426조,0.9,제한기간|정할 것,2026-05-01
제173조의2제2항,상위조항,STRUCTURE,제173조의2,제173조의2제2항,0.5,제173조의2제2항,2026-05-01
공시 제외 사항,정의함,LOGICAL,제174조,제174조,0.95,공시 제외 사항 정의,2026-05-01
제178조,구조,STRUCTURE,제178조,제178조,0.5,제178조,2026-05-01
제178조의2를 위반한 경우,정의함,LOGICAL,위반 정도,제178조의2,0.8,위반 정도|제178조의2를 위반한 경우,2026-05-01
판단,정의함,LOGICAL,제 379조제2항제1호다목1)부터 4)까지의 사항을 종합적으로 고려하여 판단할 것,제 379조제2항제1호다목1),0.9,판단|종합적으로 고려|사항,2026-05-01
위반 정도,정의함,LOGICAL,제180조 위반에 대한 위반 정도,180,0.7,위반 정도|제180조 위반,2026-05-01
종합적으로 고려,정의함,LOGICAL,판단,제379조,0.9,종합적으로 고려|판단,2026-05-01
종합적으로 고려,준용함,LOGICAL,사항,제379조,0.85,종합적으로 고려|사항,2026-05-01
제180조의4를 위반한 경우,정의함,LOGICAL,위반 정도,제180조의4,0.85,위반한 경우|위반 정도,2026-05-01
금융위원회,판단할 것,ACTION,제379조제2항제1호마목1)부터 4)까지의 사항,제379조제2항제1호,0.9,종합적으로 고려|판단,2026-05-01
금융위원회,감면할 것,ACTION,제한기간,제379조제2항제1호,0.95,위반행위 중요하지 않음|지체 없이 시정|투자자 피해 배상|우려 적음,2026-05-01
제한명령,명시해야 한다,ACTION,제한명령의 내용 및 제한기간,제426조의3제1항,0.95,제한명령|명시,2026-05-01
제한명령,통지해야 한다,ACTION,제한명령의 대상자,제426조의3제1항,0.95,제한명령|통지,2026-05-01
제한명령,참조함,STRUCTURE,제426조의3제1항,제426조의3제1항,0.9,제한명령|제426조의3제1항,2026-05-01
제173조의2제2항,참조함,STRUCTURE,제173조의2제2항,Unknown,0.6,제173조의2제2항,2026-05-01
제176조,구조,구조,제176조,제176조,0.0,제176조,2026-05-01
제178조,상위조항,STRUCTURE,제178조 및,제178조,0.5,제178조,2026-05-01
제한명령,요구함,ACTION,검찰총장에게 수사·처분결과를 확인한 후 통지,제 180조,0.95,제한명령|검찰총장|수사·처분결과|통지,2026-05-01
제한명령,예외로함,LOGICAL,다음 각 호의 경우,제 180조,0.9,제한명령|예외|다음 각 호의 경우,2026-05-01
제한명령,요구함,ACTION,검찰총장에게 통지,제 180조,0.95,제한명령|검찰총장|통지,2026-05-01
금융위원회,검찰총장에게 통보한,ACTION,검찰총장,제376조제1항제11호다목,0.9,통보|협의,2026-05-01
검찰총장,제한명령을 하는,ACTION,금융위원회,제376조제1항제11호다목,0.9,제한명령|협의,2026-05-01
검찰총장,협의한,ACTION,제한명령을 하는,제376조제1항제11호다목,0.8,협의|제한명령,2026-05-01
검찰총장,요청함,ACTION,제한명령,제376조,0.95,제한명령|수사ㆍ처분결과 확인,2026-05-01
제376조제1항제11호다목,상위조항,STRUCTURE,제376조,제376조,0.9,제한명령|수사ㆍ처분결과 확인,2026-05-01
제한명령 요청,예외로함,LOGICAL,기소중지 등 수사ㆍ처분결과 확인이 지연되는 합리적 사유가 있는 경우,제376조,0.85,제한명령 요청|기소중지|수사ㆍ처분결과 지연,2026-05-01
임원선임ㆍ재임제한대상자,정의함,LOGICAL,임원으로서의 선임ㆍ재임이 제한되는 자,제426조의3제1항제2호,0.95,임원선임ㆍ재임제한대상자 정의|임원 선임 재임 제한,2026-05-01
임원선임ㆍ재임제한대상자,제426조의3제1항제2호에 따른,STRUCTURE,임원으로서의 선임ㆍ재임이 제한되는 자,제426조의3제1항제2호,0.9,제426조의3제1항제2호|임원 선임 재임 제한,2026-05-01
주권상장법인등,정의함,LOGICAL,제426조의3제1항제2호에 따른 주권상장법인등,제426조의3제1항제2호,0.95,주권상장법인등|정의,2026-05-01
임원,요구함,ACTION,주권상장법인등에게 통지,제387조의2,0.95,통지|임원|주권상장법인등,2026-05-01
제387조의2,정의함,LOGICAL,주권상장법인등,제387조의2,0.9,정의|주권상장법인등,2026-05-01
금융투자업관계기관,통보받다,ACTION,정보,제426조의3제3항,0.95,거래제한 조치|통보,2026-05-01
거래제한 조치,준용함,STRUCTURE,제426조의3제3항,제426조의3제3항,0.85,거래제한 조치|제426조의3제3항,2026-05-01
거래소,허용함,ACTION,금융위원회,제426조의3제4항,0.95,통보|제426조의3제4항 위반 혐의,2026-05-01
제426조의3제4항 위반 혐의,참조함,STRUCTURE,제426조의3제4항,제426조의3제4항,0.9,위반 혐의|제426조의3제4항,2026-05-01
조치,요구함,ACTION,통지,제426조의3제7항,0.95,통지|조치,2026-05-01
거래제한대상자,통지,ACTION,제한명령을 위반하여 취득한 금융투자상품 및 그 처분기간에 관한 사항,제426조의3제7항제1호,0.95,통지|제한명령 위반|금융투자상품,2026-05-01
거래제한대상자,통지,ACTION,그 밖에 금융위원회가 정하여 고시하는 사항,제426조의3제7항제1호,0.95,통지|금융위원회 고시,2026-05-01
주권상장법인등,통지,ACTION,각 목의 사항,제426조의3제7항제2호,0.95,통지|각 목의 사항,2026-05-01
임원선임ㆍ재임제한대상자,간주함,LOGICAL,주권상장법인등에게 각 목의 사항을 통지,제426조의3제7항제2호,0.85,임원선임ㆍ재임제한대상자|통지,2026-05-01
금융위원회,권한을가짐,ACTION,전산시스템 구축·운영,제426조의3제7항제2호,0.9,금융위원회|전산시스템|구축·운영,2026-05-01
금융위원회,정하여 고시하는,STRUCTURE,제한명령 절차·기준 및 거래제한대상자 통보 방법·절차 등,제426조의3제7항제2호,0.85,금융위원회|정하여 고시하는|제한명령 절차·기준,2026-05-01
조사공무원,정의함,LOGICAL,법,378,0.9,조사공무원|정의,2026-05-01
대통령령으로 정하는 자,정의함,LOGICAL,검찰총장이 지명하는 자,제427조제1항,0.95,대통령령으로 정하는 자|검찰총장이 지명하는 자,2026-05-01
검찰총장,지명함,ACTION,대통령령으로 정하는 자,제427조제1항,0.9,검찰총장|지명|대통령령으로 정하는 자,2026-05-01
증권선물위원회 위원장,제청함,ACTION,검찰총장,제427조제1항,0.9,증권선물위원회 위원장|제청|검찰총장,2026-05-01
검찰총장이 지명하는 자,포함함,STRUCTURE,금융위원회 소속 공무원,제427조제1항,0.85,검찰총장이 지명하는 자|금융위원회 소속 공무원,2026-05-01
법,정의함,LOGICAL,과징금,제379조,0.7,과징금|부과기준,2026-05-01
준위,정의함,LOGICAL,별표 19의2와 같다,제349조제3항,0.95,준위|정의,2026-05-01
제428조제3항ㆍ제4항,참조함,STRUCTURE,제428조제1항 및 제2항,제428조제3항ㆍ제4항,0.7,과징금 부과기준,2026-05-01
제428조제3항ㆍ제4항,상위조항,STRUCTURE,제428조,제428조제3항ㆍ제4항,0.9,,2026-05-01
제429조의2,참조함,STRUCTURE,제429조,제429조의2,0.6,제429조의2|제429조,2026-05-01
과징금 부과,준용함,STRUCTURE,각 호의 기준,제429조의3,0.95,과징금 부과 기준|각 호의 기준,2026-05-01
교류차단대상정보,이용함,ACTION,경위,제50조제1항,0.7,교류차단대상정보|이용|경위,2026-05-01
교류차단대상정보,참조함,STRUCTURE,제50조제1항,제50조제1항,0.9,교류차단대상정보|제50조제1항,2026-05-01
위반행위,해당함,LOGICAL,제2호가목,제50조제1항,0.6,위반행위|제2호가목,2026-05-01
제429조,규정함,STRUCTURE,위반행위,제429조,0.95,위반행위,2026-05-01
위반 내용,구분함,LOGICAL,계량적 위반 사항,제429조,0.9,계량적 위반 사항,2026-05-01
위반 내용,구분함,LOGICAL,비계량적 위반 사항,제429조,0.9,비계량적 위반 사항,2026-05-01
위반행위,판단함,ACTION,위반 정도,제429조,0.9,위반 정도,2026-05-01
위반행위,고려함,LOGICAL,당기순이익 또는 자기자본 등에 미치는 영향,제429조,0.85,당기순이익|자기자본,2026-05-01
위반행위,고려함,LOGICAL,제2호 각 목의 어느 하나에 해당하는지 여부,제429조,0.85,제2호 각 목,2026-05-01
위반행위,판단할 것,ACTION,위반 정도,제429조의2,0.95,위반행위|위반 정도,2026-05-01
위반행위,고려할 것,ACTION,위반행위와 관련된 거래로 얻은 이익(미실현 이익 포함) 및 회피한 손실액,제429조의2,0.9,위반행위|이익|손실액,2026-05-01
시세에 영향을 미칠 수 있는 정보,정의함,LOGICAL,"미공개중요정보, 미공개 정보 또는 법",제173조의2제2항,0.95,시세에 영향을 미칠 수 있는 정보|미공개중요정보|미공개 정보|법,2026-05-01
정보,요구함,ACTION,경위,제178조의2제1항제2호,0.9,정보 생산|경위,2026-05-01
제176조,정의함,LOGICAL,제176조,제176조,0.5,제176조,2026-05-01
위반행위,예외로함,LOGICAL,제178조의2제2항,제178조의2제2항,0.85,위반행위|제외,2026-05-01
위반행위,간주함,LOGICAL,시세 또는 가격,제178조의2제2항,0.75,위반행위|시세|가격,2026-05-01
위반행위,간주함,LOGICAL,제2호가목,제178조의2제2항,0.75,위반행위|제2호가목,2026-05-01
제429조의3제1항,정의함,STRUCTURE,위반행위,제429조의3제1항,0.95,제429조의3제1항|위반행위,2026-05-01
위반행위,간주함,LOGICAL,공매도 주문금액,제429조의3제1항,0.9,위반행위|공매도 주문금액,2026-05-01
위반행위,간주함,LOGICAL,위반행위가 제2호가목에 해당하는지 여부,제429조의3제1항,0.9,위반행위|제2호가목,2026-05-01
제428조제3항,상위조항,STRUCTURE,제428조,제428조제3항,0.85,제428조제3항,2026-05-01
제429조,부과,ACTION,과징금,제429조,0.95,과징금 부과,2026-05-01
위반행위,관계가 있는,LOGICAL,불공정거래행위,제429조,0.85,불공정거래행위|위반행위 관계,2026-05-01
제428조제3항,정의함,LOGICAL,과징금 부과,제428조제3항,0.6,과징금 부과 정의,2026-05-01
제428조제3항,참조함,STRUCTURE,제429조의3제2항,제428조제3항,0.7,과징금 부과 참조,2026-05-01
제429조,과징금 부과,ACTION,과징금,429조,0.8,과징금 부과,2026-05-01
위반행위,감면할 것,ACTION,과징금,제429조의3,0.95,과징금 감면|위반행위,2026-05-01
과징금,준용함,STRUCTURE,제429조,제429조,0.85,과징금|제429조,2026-05-01
과징금,계산하여 결정함,ACTION,법정최고액,제429조,0.9,과징금|법정최고액,2026-05-01
제119조,참조함,STRUCTURE,법,제119조,0.5,제119조|법,2026-05-01
제134조에 따른 신고서,예외로함,LOGICAL,제출하지 않음,134,0.9,제출하지 않음,2026-05-01
제134조에 따른 신고서,기준으로 한다,LOGICAL,실제 모집·매출가액이나 공개매 수총액,134,0.95,기준|제출하지 않음,2026-05-01
산정된 금액,정의함,LOGICAL,다음 각 호에 따라 산정된 금액,제429조제4항,0.95,산정된 금액|정의|대통령령으로 정하는 방법,2026-05-01
산정된 금액,예외로함,LOGICAL,1천억원 미만인 경우에는 1천억원으로 한다,제429조제4항,0.9,산정된 금액|예외|1천억원 미만|1천억원,2026-05-01
금액 산출,정의함,LOGICAL,발행주식총수 × 최종가격,제429조제4항제1호,0.95,금액 산출|발행주식총수|최종가격,2026-05-01
금액,산출함,ACTION,발행주식총수 × 최종가격,제429조제4항제1호,0.9,금액 산출|발행주식총수|최종가격,2026-05-01
금액 산출,정의함,LOGICAL,보고일의 다음 영업일에 증권시장에서 형성된 해당 법인 주식의 최종가격에 발행 주식총수를 곱하여 산출한 금액,제429조제4항제2호,0.95,금액 산출|최종가격|발행 주식총수|곱하기|산출,2026-05-01
금액 산출,근거함,STRUCTURE,법,제429조제4항제2호,0.9,법|근거,2026-05-01
중요한 사항,정의함,LOGICAL,대통령령으로 정하는,제429조제4항제2호,0.95,정의|대통령령,2026-05-01
사 항,정의함,LOGICAL,각 호의 어느 하나에 해당하는 사 항,제157조,0.95,사 항|정의,2026-05-01
산정된 금액,정의함,LOGICAL,"각 호의 구분에 따른 날에 증권시장에서 형성된 해당 주권상장법인 주식의 최종가격(그 최종가격이 없을 때에는 그 날의 다음 날 이후 증권시장에서 최초로 형성된 해당 주권상장법인 주식의 최종가격)을 발행주식총수와 곱하여 산정된 금액. 다만, 산정된 금액이 1천억원 미만인 경우 해당 주권상장법인이 발행한 주식의 시가총액은 1천억원으로 한다.",제429조제5항,0.95,산정된 금액 정의|금액 산정 방식,2026-05-01
산정된 금액,예외로함,LOGICAL,산정된 금액이 1천억원 미만인 경우 해당 주권상장법인이 발행한 주식의 시가총액은 1천억원으로 한다.,제429조제5항,0.9,금액 예외|시가총액 최소값,2026-05-01
거래계획 보고일,정의함,LOGICAL,다음 영업일,제429조,0.9,거래계획 보고일|다음 영업일,2026-05-01
거래기간 개시일 전 30일이 되는 날의 다음 영업일,정의함,LOGICAL,거래기간 개시일 전 30일이 되는 날의 다음 영업일,제429조제5항제2호,0.95,정의|거래기간 개시일 전 30일이 되는 날의 다음 영업일,2026-05-01
거래기간 개시일 전 30일이 되는 날의 다음 영업일,참조함,STRUCTURE,제429조제5항제2호,제429조제5항제2호,0.9,참조|제429조제5항제2호,2026-05-01
제429조제5항제5호,구분함,ACTION,날 가,제429조제5항제5호,0.9,날 가|구분,2026-05-01
사유,다음 영업일에 보고한다,ACTION,철회보고서,제200조의3,0.85,사유|철회보고서|다음 영업일,2026-05-01
철회보고서 보고기간 종료일,다음 영업일,LOGICAL,다음 영업일,제200조의3,0.8,철회보고서 보고기간 종료일|다음 영업일,2026-05-01
거래계획 보고일의 다음 영업일,정의함,LOGICAL,법,제200조의3제7항,0.95,거래계획 보고일의 다음 영업일|법,2026-05-01
거래계획 보고일의 다음 영업일,예외로함,LOGICAL,각 호에 따른 사유가 없는 경우,제200조의3제7항,0.85,거래계획 보고일의 다음 영업일|각 호에 따른 사유가 없는 경우,2026-05-01
중요한 사항,정의함,LOGICAL,대통령령으로 정하는 중요한 사항,제429조제5항제1호,0.95,정의|대통령령,2026-05-01
금융위원회,정하고 고시한다,ACTION,과징금 부과 등에 필요한 세부사항,제200조의3제3항제1호부터 제6호까지,0.97,과징금|부과|세부사항,2026-05-01
과징금 감면 대상자,정의함,LOGICAL,과징금 감면 대상자,제379조의2,0.8,과징금 감면 대상자 정의,2026-05-01
과징금 감경 면제 대상자,정의함,LOGICAL,범위와 기준ㆍ정도,제448조의2제2항,0.9,과징금 감경 면제|범위와 기준ㆍ정도,2026-05-01
과징금 감경 면제 대상자,근거함,STRUCTURE,제448조의2제2항,제448조의2제2항,0.95,과징금 감경 면제|제448조의2제2항,2026-05-01
과징금을 부과받은 자,허용함,ACTION,과징금 감경/면제,제429조의2제1항,0.95,과징금 감경/면제|조건 충족,2026-05-01
제173조의2제2항,상위조항,STRUCTURE,제173조,제173조의2제2항,0.9,sub-article|parent article,2026-05-01
위반한 행위,정의함,LOGICAL,제178조를 위반한 행위,178,0.95,위반한 행위|제178조,2026-05-01
자진신고등을 한 자,감경할 수 있다,ACTION,과징금,380,0.9,과징금 감경|자진신고등,2026-05-01
자진신고등을 한 자,감경할 수 있다,ACTION,과징금 (50% 범위),380,0.9,과징금 감경|자진신고등|50% 범위,2026-05-01
자진신고등을 한 자,감경하거나 면제할 수 있다,ACTION,과징금,380,0.9,과징금 감경|면제|자진신고등,2026-05-01
자진신고등을 한 자,감경하거나 면제하지 않는다,ACTION,과징금,380,0.8,과징금 감경|면제|자진신고등|예외,2026-05-01
과징금부과처분,정의함,LOGICAL,제429조의2제1항에 따른 과징금부과처분,429조의2제1항,0.95,과징금부과처분|제429조의2제1항,2026-05-01
과징금부과처분,받다,ACTION,법,429조의2제1항,0.6,과징금부과처분|받다,2026-05-01
제443조,정의함,LOGICAL,Unknown,443,0.0,제443조,2026-05-01
미공개중요정보 이용행위등을 한 자,자진신고,ACTION,증권선물위원회,제 445조제22호의2,0.9,미공개중요정보 이용행위|자진신고|증권선물위원회,2026-05-01
제 445조제22호의2에 따른 처벌을 받은 자,다시,ACTION,미공개중요정보 이용행위등을 한,제 445조제22호의2,0.8,과징금부과처분|벌금|형|5년 이내|다시|미공개중요정보 이용행위,2026-05-01
형의 감면,참조함,STRUCTURE,제448조의2제 1항,제448조의2제 1항,0.9,형의 감면|제448조의2제 1항,2026-05-01
검찰총장,통보,ACTION,자진신고,제376조,0.9,과징금 감경 면제|자진신고,2026-05-01
금융위원회,정하여 고시한다,ACTION,과징금의 감경 또는 면제의 기준ㆍ정도와 그 방법 및 절차 등에 관하여 필요한 세부사항,제376조,0.8,과징금 감경 면제|세부사항,2026-05-01
검찰총장,통보해야 한다,ACTION,법제처 252 국가법령정보센터 자본시장과 금융투자업에 관한 법률 시행령,제376조,0.7,과징금 감경 면제|통보,2026-05-01
금융위원회,요구함,ACTION,서면 통지,380,0.95,과징금 부과|통지,2026-05-01
과징금 부과,정의함,LOGICAL,과징금 부과 절차,380,0.85,과징금 부과|절차,2026-05-01
과징금 부과,준용함,STRUCTURE,금융위원회가 정하여 고시하는 방법,380,0.9,과징금 부과|고시 방법,2026-05-01
과징금,통지해야 한다,ACTION,검찰총장,제429조의2제1항,0.95,과징금|검찰총장|통지,2026-05-01
과징금,정의함,LOGICAL,제429조의2제1항에 따른 과징금,제429조의2제1항,0.9,과징금|제429조의2제1항,2026-05-01
검찰총장,부과,ACTION,과징금,제376조제1항제11호다목,0.9,과징금 부과|검찰총장,2026-05-01
검찰총장,통보받음,ACTION,과징금 부과,제376조제1항제11호다목,0.8,통보|과징금 부과,2026-05-01
제376조제1항제11호다목,참조함,STRUCTURE,검찰총장에게 통보한 후 과징금을 부과하는 것으로 협의한 경우,제376조제1항제11호다목,0.9,제376조제1항제11호다목|과징금 부과 절차,2026-05-01
금융위원회,근거함,STRUCTURE,행정기본법,381,0.9,행정기본법,2026-05-01
금융위원회,허용함,ACTION,과징금의 납부기한 연기 및 분할 납부,381,0.8,과징금|납부기한 연기|분할 납부,2026-05-01
단서,정의함,LOGICAL,법,29,0.8,단서|법,2026-05-01
과징금 납부기한 연기,금지함,ACTION,1년,433,0.95,과징금 납부기한 연기|1년,2026-05-01
단서,참조함,STRUCTURE,법,제29조,0.9,단서|법,2026-05-01
법,준용함,STRUCTURE,단서,제29조,0.8,법|단서,2026-05-01
과징금 분할 납부,요구함,ACTION,납부기한 간격은 6개월 이내,제433조제1항,0.95,과징금 분할 납부|납부기한 간격|6개월 이내,2026-05-01
과징금 분할 납부,요구함,ACTION,분할 납부 횟수는 3회 이내,제433조제1항,0.95,과징금 분할 납부|분할 납부 횟수|3회 이내,2026-05-01
금융위원회,정하여 고시한다,ACTION,납부기한 연기 또는 분할 납부 신청서 등에 관한 필요한 사항,제433조제1항,0.9,금융위원회|정시 고시|납부기한 연기|분할 납부 신청서,2026-05-01
가산금,정의함,LOGICAL,가산금,382,0.5,가산금,2026-05-01
가산금,정의함,LOGICAL,대통령령으로 정하는 가산금,제434조제1항,0.99,가산금 정의,2026-05-01
가산금,정의함,LOGICAL,체납된 과징금액에 연 100분의 6을 적용하여 계산한 금액,제434조제1항,0.95,가산금 계산방법,2026-05-01
가산금,정의함,LOGICAL,가산금을 징수하는 기간은 60개월을 초과하지 못한다,제434조제1항,0.95,가산금 징수기간 제한,2026-05-01
금융위원회,위탁함,ACTION,체납처분,제383조,0.8,체납처분의 위탁|법에 따른,2026-05-01
국세청장,요구함,ACTION,서면 통보,제434조제3항,0.95,체납처분 업무 위탁|서면 통보,2026-05-01
국세청장,권한을가짐,ACTION,체납처분 업무 위탁,제434조제3항,0.9,국세청장|체납처분 업무 위탁,2026-05-01
제434조제3항,준용함,STRUCTURE,제434조제1항,제434조제3항,0.8,제1항|제3항,2026-05-01
체납처분 업무 위탁,요구함,ACTION,서면 첨부 서류,제434조제3항,0.9,체납처분 업무 위탁|서면 첨부 서류,2026-05-01
제383조의2,정의함,LOGICAL,환급가산금의 이율,383조의2,0.85,환급가산금 이율 정의|법률 조항,2026-05-01
가산금 이율,정의함,LOGICAL,금융위원회가 정하여 고시하는 이율(정기예금 이자율을 고려하여),제434조의3,0.95,가산금 이율 정의|금융위원회 고시|정기예금 이자율 고려,2026-05-01
금융위원회,정하고 고시하는,ACTION,이율,제434조의3,0.9,금융위원회|이율|정하고 고시,2026-05-01
결손처분,정의함,LOGICAL,법,제383조의3,0.9,정의|법,2026-05-01
불가피한 사유로 환수가 불가능하다고 인정되는 경우,정의함,LOGICAL,금융위원회가 정하여 고시하는 경우,제251조에 따라 면책된 경우 2.,0.95,불가피한 사유|환수 불가능|금융위원회 고시,2026-05-01
위법행위의 신고,정의함,LOGICAL,법,384,0.6,위법행위의 신고|법,2026-05-01
불공정거래행위등,정의함,LOGICAL,금융위원회가 법의 위반행위 또는 위반행위의 강요나 제의를 받은 사실,제435조제1항,0.95,불공정거래행위등|금융위원회|법의 위반행위|위반행위의 강요|제의,2026-05-01
불공정거래행위등,정의함,STRUCTURE,제435조제1항에 따라 정의됨,제435조제1항,0.9,불공정거래행위등|제435조제1항,2026-05-01
제172조,상위조항,STRUCTURE,제171조,172,0.0,제172조,2026-05-01
제174조,정의함,LOGICAL,공시 제외 사항,제174조,0.95,정의|공시 제외 사항,2026-05-01
제176조,정의함,LOGICAL,내용 없음,176,0.1,제176조,2026-05-01
제178조,상위조항,STRUCTURE,제176조,제178조,0.3,제178조,2026-05-01
제178조의2,상위조항,STRUCTURE,제178조,제178조의2,0.8,제178조의2|제178조,2026-05-01
제180조,구조,STRUCTURE,제179조,제180조,0.1,제180조,2026-05-01
금융위원회,권고할 수 있다,ACTION,소속기관의 장 또는 관계기관의 장에게 적절한 조치를 취할 것,Unknown,0.9,제38조에 따른 검사대상기관이 아닌 경우,2026-05-01
금융위원회,포상금 지급할 수 있다,ACTION,신고자등,Unknown,0.95,접수된 신고 또는 제보가 불공정거래행위등의 적발이나 그에 따른 조치에 도움이 되었다고 인정하는 경우|30억원의 범위,2026-05-01
협의를 요하지 아니하는 정보교환,정의함,LOGICAL,법,386,0.9,정의|협의 필요 없음,2026-05-01
대통령령으로 정하는 경우,정의함,LOGICAL,증권시장ㆍ파생상품시장의 제도와 현황 등에 관한 일상적인 정보를 교환하는 경우,제437조제4항,0.95,정의|대통령령으로 정하는 경우,2026-05-01
대통령령으로 정하는 경우,정의함,LOGICAL,"거래소가 법 및 이 영, 그 밖의 관련 법령이나 규정 등에 따라 취득한 기록, 그 밖의 정보 등으로서 그 공시가 의 무화되어 있는 경우",제437조제4항,0.95,정의|대통령령으로 정하는 경우,2026-05-01
대통령령으로 정하는 경우,정의함,LOGICAL,"거래소가 법 및 이 영, 그 밖의 관련 법령이나 규정 등에 따라 취한 조치결과에 관한 정보를 교환하는 경우",제437조제4항,0.95,정의|대통령령으로 정하는 경우,2026-05-01
정보 교환,금지함,ACTION,미리 금융위원회와 협의하여 교환한 정보와 같거나 비슷한 정보를 교환하는 경우,제437조제4항,0.95,정보 교환|같거나 비슷한 정보,2026-05-01
정보 교환,참조함,STRUCTURE,제437조제4항,제437조제4항,0.9,제437조제4항,2026-05-01
금융위원회,위임하거나 위탁할 수 있다,ACTION,권한의 위임 또는 업무의 위탁,제387조,0.7,권한의 위임 또는 업무의 위탁,2026-05-01
증권선물위원회,위임한다,ACTION,법 제3편을 위반한 행위에 대한 조사 권한,제438조제2항,0.95,권한 위임|조사 권한,2026-05-01
증권선물위원회,위임한다,ACTION,제1호의 위반행위에 대한 법 또는 이 영에 의한 조치 권한,제438조제2항,0.95,권한 위임|조치 권한,2026-05-01
증권선물위원회,제외한다,ACTION,부과금액이 5억원을 초과하는 과징금의 부과,제438조제2항,0.9,제외|과징금 부과,2026-05-01
증권선물위원회,제외한다,ACTION,1개월 이상의 업무의 전부 정지,제438조제2항,0.9,제외|업무 정지,2026-05-01
증권선물위원회,제외한다,ACTION,"지점, 그 밖의 영업소의 폐쇄",제438조제2항,0.9,제외|영업소 폐쇄,2026-05-01
제429조의2,정의함,LOGICAL,제429조의2의 내용,제429조의2,0.5,제429조의2|정의,2026-05-01
과징금,정의함,LOGICAL,제429조의3,제429조의3,0.95,과징금|제429조의3에 따른 정의,2026-05-01
금융위원회,부과,ACTION,과징금,제429조의3,0.95,과징금|제429조의3에 따른 부과,2026-05-01
업무,위탁함,ACTION,거래소 또는 협회,제438조제3항,0.95,업무 위탁,2026-05-01
금융위원회,정의함,LOGICAL,장내파생상품 거래규모의 제한에 관한 업무,제416조제1항제7호,0.95,업무|정의,2026-05-01
금융위원회,정의함,LOGICAL,그 밖에 가목에 준하는 권한으로서 금융위원회가 정하여 고시하는 업무,제416조제1항제7호,0.9,업무|정의,2026-05-01
보고의 접수,요구함,ACTION,보고,제56조제1항,0.85,보고의 접수|보고,2026-05-01
보고의 접수,요구함,ACTION,제7항에 해당하는지 검토,제56조제1항,0.85,보고의 접수|제7항 검토,2026-05-01
자료 제출 접수,요구함,ACTION,관련 자료 제출,제10조제3항제16호ㆍ제17호,0.95,자료 제출 접수|관련 자료 제출,2026-05-01
관련 자료 제출,포함함,LOGICAL,외국인,제10조제3항제16호ㆍ제17호,0.9,관련 자료 제출|외국인,2026-05-01
자료 접수,수행함,ACTION,자료,제271조의10제9항제3호가목,0.95,자료 접수|자료,2026-05-01
자료 접수,근거함,STRUCTURE,제271조의10제9항제3호가목,제271조의10제9항제3호가목,0.9,자료 접수|제271조의10제9항제3호가목,2026-05-01
금융위원회,정하여 고시하는,ACTION,업무,제271조의14,0.95,정하여 고시하는|업무,2026-05-01
자료의 접수,정의함,LOGICAL,제271조의14제4항제3호가목,제271조의14,0.9,자료의 접수|정의함,2026-05-01
자료의 접수,정의함,LOGICAL,같은 조 제5항제3호가목,제271조의14,0.85,자료의 접수|정의함,2026-05-01
자료의 접수,정의함,LOGICAL,같은 항 제4호가목,제271조의14,0.85,자료의 접수|정의함,2026-05-01
업무,준용함,STRUCTURE,가목부터 라목까지의 규정,제271조의14,0.8,업무|준용함,2026-05-01
금융위원회,요구함,ACTION,자료의 접수,제271조의14,0.9,금융위원회|요구함|자료의 접수,2026-05-01
민감정보 및 개인식별번호의 처리,정의함,LOGICAL,금융위원회,제387조의2,0.5,민감정보|개인식별번호,2026-05-01
위탁받은 자,정의함,LOGICAL,금융위원회의 사무를 위탁받은 자,제387조,0.92,위탁받은 자 정의|금융위원회 사무 위탁,2026-05-01
위탁받은 자,정의함,LOGICAL,증권선물위원회,제387조,0.92,위탁받은 자 정의|증권선물위원회,2026-05-01
증권선물 위원회,포함함,ACTION,위탁받은 자,제387조제3항,0.95,사무 수행|위탁,2026-05-01
범죄경력자료에 해당하는 정보,정의함,LOGICAL,신용정보의 이용 및 보호에 관한 법률,제18조제2호,0.95,범죄경력자료에 해당하는 정보|신용정보의 이용 및 보호에 관한 법률,2026-05-01
개인식별번호,정의함,LOGICAL,제2조제1호의 2가목2)의 정보,제2조제1호의 2가목2),0.95,개인식별번호|정의,2026-05-01
개인식별번호 포함 자료,허용함,ACTION,자료 처리,제2조제1호의 2가목2),0.9,개인식별번호 포함 자료|자료 처리,2026-05-01
개인식별번호 포함 자료,준용함,LOGICAL,개인정보 보호법 시행령,제2조제1호의 2가목2),0.85,개인식별번호 포함 자료|개인정보 보호법 시행령,2026-05-01
정보,제외함,ACTION,범죄경력자료,제18조제2호,0.9,범죄경력자료|제외,2026-05-01
제13조,정의함,LOGICAL,Unknown,Unknown,0.0,제13조,2026-05-01
제14조,구조,STRUCTURE,제14조,제14조,0.0,제14조,2026-05-01
제117조의4,근거함,STRUCTURE,제117조,제117조의4,0.7,하위조항|상위조항,2026-05-01
금융투자업,요구함,ACTION,"인가, 예비인가 및 등록",제249조의3,0.95,인가|예비인가|등록,2026-05-01
법,지정 및 변경 통보,ACTION,파생상품업무책임자,제28조의2,0.95,파생상품업무책임자 지정 및 변경 통보,2026-05-01
제28조의2,구조,STRUCTURE,파생상품업무책임자 지정 및 변경 통보,제28조의2,0.9,파생상품업무책임자 지정 및 변경 통보,2026-05-01
업무보고서 및 공시서류,제출함,ACTION,제33조에 따른 사무,제33조,0.8,업무보고서 및 공시서류 제출|제33조에 따른 사무,2026-05-01
제34조,정의함,LOGICAL,제34조,34,0.0,제34조,2026-05-01
자료제출 명령,참조함,STRUCTURE,제36조,제36조,0.95,자료제출 명령|제36조,2026-05-01
법,요구함,ACTION,자료,제36조,0.85,자료제출 명령|제36조,2026-05-01
제43조,정의함,LOGICAL,없음,43,0.5,제43조|없음,2026-05-01
제53조,정의함,LOGICAL,제53조의 내용,53,0.3,제53조|정의,2026-05-01
Unknown,정의함,LOGICAL,제253조,Unknown,0.5,핵심 개념|정의,2026-05-01
제257조,정의함,LOGICAL,제257조,제257조,0.0,제257조,2026-05-01
제262조,상위조항,STRUCTURE,제261조,제262조,0.1,제262조|제261조,2026-05-01
제267조,참조함,STRUCTURE,제257조,제267조,0.3,제267조,2026-05-01
법,정의함,LOGICAL,제307조,307,0.4,법,2026-05-01
제323조의20,상위조항,STRUCTURE,제323조,제323조의20,0.6,sub-article|parent article,2026-05-01
제335조,구조,STRUCTURE,제335조,제335조,0.1,제335조,2026-05-01
제 354조,구조,STRUCTURE,제 354조,354,0.0,,2026-05-01
제359조,구조,STRUCTURE,제359조,제359조,0.0,,2026-05-01
제364조,정의함,LOGICAL,없음,제364조,0.1,제364조|없음,2026-05-01
제369조,정의함,LOGICAL,Regulation,369,0.8,Regulation,2026-05-01
조치 및 처분,참조함,STRUCTURE,제372조,제372조,0.9,조치 및 처분|제372조,2026-05-01
사무,요구함,ACTION,투자권유대행인 등록,제8조의2,0.9,투자권유대행인 등록|제51조에 따른,2026-05-01
제8조의2,참조함,STRUCTURE,제51조,제8조의2,0.95,제51조에 따른,2026-05-01
종합금융투자사업자 지정,참조함,STRUCTURE,제77조의2,제77조의2,0.95,종합금융투자사업자 지정|제77조의2,2026-05-01
집합투자재산에 관한 보고,정의함,LOGICAL,제90조,90,0.9,집합투자재산에 관한 보고,2026-05-01
집합투자재산에 관한 보고,근거함,STRUCTURE,제90조,90,0.8,집합투자재산에 관한 보고,2026-05-01
유사투자자문업의 신고,준용함,STRUCTURE,제101조,제101조,0.9,제101조에 따른|유사투자자문업의 신고,2026-05-01
제119조,참조함,STRUCTURE,제2조,119,0.6,제2조 참조,2026-05-01
증권신고서 제출,요구함,ACTION,증권신고서 및 정정신고서,122,0.95,증권신고서 제출|정정신고서,2026-05-01
"자료제출 요구, 조사 및 조치",요구함,ACTION,자료제출,132,0.95,자료제출 요구|조사 및 조치,2026-05-01
"자료제출 요구, 조사 및 조치",근거함,STRUCTURE,제132조,132,0.9,제132조에 따른,2026-05-01
제136조,참조함,STRUCTURE,제2조,Unknown,0.6,제2조의 정의,2026-05-01
제139조,정의함,LOGICAL,공개매수의 적용대상 증권,제139조,0.95,공개매수|적용대상 증권,2026-05-01
"공개매수신고서, 정정신고서, 공개매수설명서, 공개 매수에 관한 의견표명 문서, 철회신고서 및 공개매수결과보고서",제출,ACTION,사무 13의2,13-2,0.95,공개매수신고서|제출,2026-05-01
주식등 처분명령,근거함,STRUCTURE,제145조,제145조,0.9,주식등 처분명령|제145조,2026-05-01
자료제출 및 조사,정의함,LOGICAL,제146조에 따른 자료제출 및 조사 등에 관한 사무,제146조,0.9,자료제출 및 조사|제146조,2026-05-01
자료제출 및 조사,요구함,ACTION,자료,제146조,0.8,자료제출 및 조사|자료,2026-05-01
제147조,참조함,STRUCTURE,제145조,147,0.0,제145조 참조,2026-05-01
제147조,참조함,STRUCTURE,제146조,147,0.0,제146조 참조,2026-05-01
대량보유 보고,정의함,LOGICAL,주식등의 대량보유,151,0.95,대량보유 보고|주식등의 대량보유,2026-05-01
대량보유 보고,요구함,ACTION,"위반 주식등의 처분명령, 조사 및 정정 보고",151,0.9,대량보유 보고|위반 주식등의 처분명령|조사 및 정정 보고,2026-05-01
제153조,참조함,STRUCTURE,제153조 및,제153조,0.2,제153조 및,2026-05-01
"위임장 용지, 참고서류 및 의견표명 서면",제출을 요구함,ACTION,사무,155,0.95,제출|법,2026-05-01
제155조에 따른,참조함,STRUCTURE,제155조,155,0.9,제155조|법,2026-05-01
송부,정의함,LOGICAL,송부,156,0.8,송부,2026-05-01
법,요구함,ACTION,정정,제164조,0.95,정정요구,2026-05-01
법,요구함,ACTION,자료제출,제164조,0.95,자료제출 요구,2026-05-01
Unknown,참조함,STRUCTURE,제160조,Unknown,0.6,Unknown|제160조,2026-05-01
보고서 제출,요구함,ACTION,"사업보고서, 반기보고서, 분기보고서 및 주요사항보고서",제161조,0.95,보고서 제출|제161조에 따른,2026-05-01
보고서 제출,참조함,STRUCTURE,제161조,제161조,0.9,제161조에 따른,2026-05-01
신고,수행,ACTION,주식매수선택권 부여 등의 신고에 관한 사무,제165조의17,0.95,주식매수선택권 부여|신고,2026-05-01
공공적 법인,요구함,ACTION,소유한도 초과 승인 및 시정,제167조,0.95,소유한도 초과 승인 및 시정|공공적 법인,2026-05-01
"자료제출, 보고 및 조치",정의함,LOGICAL,사무 21의2,169,0.85,자료제출|보고|조치,2026-05-01
사무 21의2,상위조항,STRUCTURE,제169조,169,0.9,사무|제169조,2026-05-01
"자료제출, 보고 및 조치",참조함,STRUCTURE,제169조,169,0.8,자료제출|보고|조치,2026-05-01
단기매매차익 발생사실의 통보,요구함,ACTION,단기매매차익 발생사실,제172조제3항,0.9,단기매매차익 발생사실의 통보|단기매매차익 발생사실,2026-05-01
단기매매차익 발생사실의 통보,참조함,STRUCTURE,제172조제3항,제172조제3항,0.95,제172조제3항,2026-05-01
임원 등의 특정증권등 소유상황 보고,정의함,LOGICAL,제173조에 따른 사무 23. 법,제173조,0.9,임원|특정증권|소유상황 보고,2026-05-01
제173조,준용함,STRUCTURE,임원 등의 특정증권등 소유상황 보고,제173조,0.8,제173조|임원|특정증권|소유상황 보고,2026-05-01
장내파생상품,요구함,ACTION,대량보유 보고,제173조의2,0.9,장내파생상품|대량보유 보고,2026-05-01
장내파생상품의 대량보유 보고,준용함,STRUCTURE,제173조의2,제173조의2,0.85,장내파생상품의 대량보유 보고|제173조의2,2026-05-01
장내파생상품의 대량보유 보고,정의함,LOGICAL,사무 23의2,제173조의2,0.8,장내파생상품의 대량보유 보고|사무 23의2,2026-05-01
제180조의2,정의함,LOGICAL,투자대상자산,제180조의2,0.3,제6조의2,2026-05-01
공매도 순보유잔고,참조함,STRUCTURE,제180조의3,제23조의3,0.95,공매도 순보유잔고|제180조의3,2026-05-01
투자회사의 등록,정의함,LOGICAL,제182조에 따른 투자회사의 등록에 관한 사무 24. 법,제182조,0.95,투자회사의 등록|정의,2026-05-01
투자회사의 등록,근거함,STRUCTURE,제182조,제182조,0.9,근거|제182조,2026-05-01
투자회사,요구함,ACTION,해산 보고,제202조,0.95,해산 보고|투자회사,2026-05-01
투자합자조합,요구함,ACTION,해산 보고,제221조에 따른 투자합자조합의 해산 보고에 관한 사무 25의2,0.95,해산 보고,2026-05-01
해산 보고,상위조항,STRUCTURE,제221조,제221조에 따른 투자합자조합의 해산 보고에 관한 사무 25의2,0.9,제221조,2026-05-01
기관전용사모집합투자기구,요구함,ACTION,보고,제25의3조,0.9,보고|기관전용사모집합투자기구,2026-05-01
기관전용사모집합투자기구의 보고에 관한 사무,참조함,STRUCTURE,제249조의10,제25의3조,0.95,제249조의10|기관전용사모집합투자기구의 보고에 관한 사무,2026-05-01
기관전용사모집합투자기구,구조,STRUCTURE,사무,제25의3조,0.85,기관전용사모집합투자기구|사무,2026-05-01
기관전용사모집합투자기구,등록,ACTION,업무집행사원,제249조의15,0.95,등록|업무집행사원,2026-05-01
일반사무관리회사,요구함,ACTION,등록,254,0.95,일반사무관리회사 등록,2026-05-01
집합투자기구평가회사,등록을 요구함,ACTION,등록,258,0.95,등록|집합투자기구평가회사,2026-05-01
제258조,근거함,STRUCTURE,집합투자기구평가회사의 등록,258,0.9,제258조|등록,2026-05-01
채권평가회사,요구함,ACTION,등록,263,0.95,등록|사무,2026-05-01
제263조,근거함,STRUCTURE,자본시장과 금융투자업에 관한 법률 시행령 29,263,0.9,법|제263조,2026-05-01
제263조,준용함,STRUCTURE,자본시장과 금융투자업에 관한 법률 시행령 29의2,263,0.85,법|제263조,2026-05-01
제323조의4,참조함,STRUCTURE,제323조,제323조의4,0.6,제323조의4|제323조,2026-05-01
금융투자상품거래청산업,요구함,ACTION,인증 및 예비인가,29-4,0.9,인증|예비인가,2026-05-01
제29조의4,준용함,STRUCTURE,제323조의5,29-4,0.95,제323조의5에 따른,2026-05-01
거래정보의 보고,정의함,LOGICAL,제323조의16,제323조의16,0.9,거래정보의 보고|제323조의16,2026-05-01
증권금융업무의 인가에 관한 사무 30의2,근거함,STRUCTURE,제324조,제324조에 따른 증권금융업무의 인가에 관한 사무 30의2,0.9,제324조에 따른|증권금융업무의 인가,2026-05-01
증권금융업무의 인가에 관한 사무 30의2,근거함,STRUCTURE,법,제324조에 따른 증권금융업무의 인가에 관한 사무 30의2,0.8,법,2026-05-01
증권금융업무의 인가,정의함,LOGICAL,증권금융업무,제324조에 따른 증권금융업무의 인가에 관한 사무 30의2,0.7,증권금융업무의 인가|증권금융업무,2026-05-01
제335조의4,상위조항,STRUCTURE,제335조,335조의4,0.7,제335조의4|제335조,2026-05-01
신용평가회사,요구함,ACTION,인가 및 예비인가,제335조의5,0.95,신용평가회사의 인가 및 예비인가,2026-05-01
신용평가회사,근거함,STRUCTURE,법,제335조의5,0.85,법,2026-05-01
보고 및 자료제출 명령,참조함,STRUCTURE,제343조에 따른 사무 32. 법,343,0.85,보고 및 자료제출 명령|사무 32. 법,2026-05-01
제349조,정의함,LOGICAL,없음,349,0.0,제349조,2026-05-01
제428조,구조,STRUCTURE,법령,제428조,0.5,법령,2026-05-01
사무,부과,ACTION,과징금,제429조의2,0.9,과징금 부과|사무,2026-05-01
과징금 부과에 관한 사무,근거함,STRUCTURE,제429조의2,제429조의2,0.8,제429조의2|과징금 부과에 관한 사무,2026-05-01
자금중개회사의 인가,정의함,LOGICAL,제355조에 따른 절차,355,0.85,자금중개회사의 인가|제355조에 따른 절차,2026-05-01
단기금융업무 인가,준용함,STRUCTURE,제360조,360,0.9,단기금융업무 인가|제360조,2026-05-01
사무,권한을가짐,ACTION,단기금융업무 인가,360,0.8,사무|단기금융업무 인가,2026-05-01
명의개서대행회사,요구함,ACTION,등록,제35의2조,0.95,명의개서대행회사 등록|제365조에 따른,2026-05-01
명의개서대행회사,참조함,STRUCTURE,제365조,제35의2조,0.85,제365조에 따른,2026-05-01
제373조의3,상위조항,STRUCTURE,제373조,제373조의3,0.6,sub-article,2026-05-01
거래소,준용함,STRUCTURE,제373조의4,제373조의4,0.9,허가 및 예비허가에 관한 사무,2026-05-01
제410조,정의함,LOGICAL,정의 없음,410,0.2,제410조|정의 없음,2026-05-01
거래소 보고,정의함,LOGICAL,사무,제411조,0.92,거래소 보고|사무,2026-05-01
금융투자업자 승인 사무,정의함,LOGICAL,금융투자업자에 대한 승인에 관한 사무,417,0.9,금융투자업자 승인 사무|금융투자업자에 대한 승인에 관한 사무,2026-05-01
금융투자업자,요구함,ACTION,보고에 관한 사무,418,0.92,보고|사무|제418조,2026-05-01
조치에 관한 사무,정의함,LOGICAL,제422조에 따른 조치에 관한 사무,제422조,0.95,정의|조치에 관한 사무,2026-05-01
조치에 관한 사무,근거함,STRUCTURE,제422조,제422조,0.9,근거|제422조,2026-05-01
"자료제출 요구, 조사, 조치 및 공표에 관한 사무",정의함,LOGICAL,사무,"제426조에 따른 자료제출 요구, 조사, 조치 및 공표에 관한 사무 40의2",0.95,자료제출 요구|조사|조치|공표,2026-05-01
"자료제출 요구, 조사, 조치 및 공표에 관한 사무",준용함,STRUCTURE,제426조,"제426조에 따른 자료제출 요구, 조사, 조치 및 공표에 관한 사무 40의2",0.85,제426조,2026-05-01
제426조의3 제한명령,관할함,STRUCTURE,사무,제40의4,0.9,제426조의3 제한명령|사무,2026-05-01
위법행위 신고ㆍ제보,접수,ACTION,위법행위 신고ㆍ제보,제40조의5,0.95,위법행위 신고ㆍ제보,2026-05-01
위법행위 신고ㆍ제보,제435조에 따른,STRUCTURE,제435조,제40조의5,0.95,위법행위 신고ㆍ제보|제435조,2026-05-01
위원 및 소속 공무원,요구함,ACTION,금융투자상품 매매명세 확인,제441조제1호 및 제2호,0.95,매매명세 확인|위원 및 소속 공무원,2026-05-01
제441조제1호 및 제2호,참조함,STRUCTURE,사무 40의6,제441조제1호 및 제2호,0.9,사무 40의6|제441조제1호 및 제2호,2026-05-01
자료 접수,근거함,STRUCTURE,제10조제3항제16호,제10조제3항제16호,0.95,자료 접수|제10조제3항제16호,2026-05-01
자료 접수,요구함,ACTION,관련 자료,제10조제3항제16호,0.95,자료 접수|관련 자료,2026-05-01
금융감독원장,요구함,ACTION,외국인 매매거래 계좌 개설 및 보고,제188조,0.9,외국인 매매거래 계좌|개설 및 보고,2026-05-01
외국인 매매거래 계좌,참조함,STRUCTURE,제188조,제188조,0.95,외국인 매매거래 계좌|제188조,2026-05-01
금융감독원장,권한을가짐,ACTION,외국인 매매거래 계좌 개설 및 보고,제188조,0.85,외국인 매매거래 계좌|개설 및 보고,2026-05-01
위탁받은 자,처리할 수 있다,ACTION,개인정보가 포함된 자료,제372조,0.95,불가피한 경우|개인정보 처리|제1항 각 호 외의 부분에 따른,2026-05-01
자료제출 요구 및 조사,정의함,LOGICAL,제131조에 따른 자료제출 요구 및 조사에 관한 사무 2. 법,131,0.9,자료제출 요구 및 조사|제131조에 따른 자료제출 요구 및 조사에 관한 사무 2. 법,2026-05-01
자료제출 및 조사,정의함,LOGICAL,제146조에 따른 자료제출 및 조사 등에 관한 사무 3. 법,제146조,0.95,정의|자료제출 및 조사,2026-05-01
제158조,정의함,LOGICAL,제158조 및,158,0.3,제158조,2026-05-01
법,요구함,ACTION,조사 및 조치,제164조,0.85,조사 및 조치|법,2026-05-01
거래소,보고 및 검사,ACTION,사무,제410조,0.9,보고 및 검사|사무,2026-05-01
거래소,제410조에 따른,STRUCTURE,보고 및 검사,제410조,0.9,제410조에 따른|보고 및 검사,2026-05-01
제43조,정의함,LOGICAL,정의 없음,제43조,0.5,정의 없음,2026-05-01
Unknown,참조함,STRUCTURE,제53조,Unknown,0.5,핵심 개념|제53조,2026-05-01
제252조,정의함,LOGICAL,제252조,252,0.0,제252조,2026-05-01
제256조,참조함,STRUCTURE,제43조,제256조,0.15,제256조,2026-05-01
제256조,참조함,STRUCTURE,제252조,제256조,0.15,제256조,2026-05-01
제261조,상위조항,STRUCTURE,제260조,제261조,0.2,제260조,2026-05-01
제281조,상위조항,STRUCTURE,제280조,281,0.1,제281조,2026-05-01
제334조,상위조항,STRUCTURE,제333조,Unknown,0.0,Unknown,2026-05-01
상장회사는,지닌다,ACTION,공시의무,제358조,0.9,공시의무,2026-05-01
제368조,정의함,LOGICAL,regulation,Unknown,0.6,제368조|regulation,2026-05-01
검사,정의함,LOGICAL,제371조,제371조,0.8,검사|제371조,2026-05-01
검사,준용함,STRUCTURE,제371조,제371조,0.7,검사|제371조,2026-05-01
사무,참조함,STRUCTURE,제426조,426,0.9,사무|제426조에 따른 조사,2026-05-01
협회,허용함,ACTION,개인정보가 포함된 자료,제441조제3호,0.95,개인정보 처리|불가피한 경우|사무 수행,2026-05-01
협회,수행함,ACTION,사무,제441조제3호,0.85,사무 수행|불가피한 경우,2026-05-01
투자권유대행인 등록,정의함,LOGICAL,사무,51조,0.8,투자권유대행인 등록|사무,2026-05-01
사무,요구함,ACTION,집합투자재산,제90조,0.9,보고|집합투자재산,2026-05-01
업무 4. 법,정의함,LOGICAL,법,제286조,0.95,업무 4. 법 정의|법,2026-05-01
업무 4. 법,참조함,STRUCTURE,"제286조제1항제3호, 제7호, 제8호 및 제10호",제286조,0.9,업무 4. 법 정의|참조,2026-05-01
업무 4. 법,정의함,LOGICAL,제286조,제286조,0.95,업무 4. 법 정의,2026-05-01
사전심의업무,준용함,STRUCTURE,제288조의2,제288조의2,0.9,사전심의업무|제288조의2,2026-05-01
사전심의업무,정의함,LOGICAL,사무 5. 법,제288조의2,0.9,사전심의업무|사무 5. 법,2026-05-01
분쟁의 자율조정,정의함,LOGICAL,사무 6. 법,288,0.9,분쟁의 자율조정|사무 6. 법,2026-05-01
분쟁의 자율조정,참조함,STRUCTURE,제288조,288,0.8,분쟁의 자율조정|제288조,2026-05-01
임직원,확인,ACTION,매매명세,제289조,0.97,매매명세 확인|임직원,2026-05-01
법제처,제공함,ACTION,중앙기록관리기관,제118조의21제1항,0.95,자료제공|법제처|중앙기록관리기관,2026-05-01
시장감시위원회,수행,ACTION,사무,제402조,0.92,시장감시위원회 사무|불가피한 경우,2026-05-01
시장감시위원회,준용함,STRUCTURE,개인정보 보호법,제402조,0.85,불가피한 경우|개인정보 보호법,2026-05-01
가명처리된 개인정보,정의함,LOGICAL,자료,제2조제1호의2,0.95,가명처리된 개인정보|자료,2026-05-01
가명처리된 개인정보,허용함,ACTION,자료를 처리할 수 있다,제2조제1호의2,0.9,가명처리된 개인정보|자료,2026-05-01
공개매수신고서 제출,준용함,STRUCTURE,제134조,134,0.9,공개매수신고서 제출|제134조,2026-05-01
보고,정의함,LOGICAL,주식등의 대량보유 등의 보고,147,0.85,보고|주식등의 대량보유,2026-05-01
보고,참조함,STRUCTURE,제147조,147,0.9,보고|제147조,2026-05-01
위임장 용지 및 참고서류 제출,준용함,STRUCTURE,제153조,153,0.9,위임장 용지 및 참고서류 제출|제153조,2026-05-01
제159조,정의함,LOGICAL,내용 없음,159,0.9,내용 없음,2026-05-01
제160조,근거함,STRUCTURE,제159조,제160조,0.3,제160조|제159조,2026-05-01
보고서,제출,ACTION,사무,제161조,0.9,보고서 제출|제161조,2026-05-01
주식매수선택권 부여,신고,ACTION,사무 6. 법,제165조의17,0.95,주식매수선택권 부여|신고,2026-05-01
임원 등의 특정증권등 소유상황 보고,참조함,STRUCTURE,제173조,173,0.9,임원|특정증권|소유상황 보고,2026-05-01
대량보유 보고,정의함,LOGICAL,제173조의2에 따른 장내파생상품의 대량보유 보고 등에 관한 사무 7의2,제173조의2,0.9,대량보유 보고|장내파생상품,2026-05-01
업무,요구함,ACTION,이상거래 심리 및 회원 조사·감리,제377조제1항제13호에 따른 업무 중 이상거래의 심리 및 회원의 조사·감리에 관한 사무 7의3,0.9,이상거래 심리 및 회원 조사·감리,2026-05-01
이상거래 심리 및 회원 조사·감리,참조함,STRUCTURE,제377조제1항제13호,제377조제1항제13호에 따른 업무 중 이상거래의 심리 및 회원의 조사·감리에 관한 사무 7의3,0.95,제377조제1항제13호,2026-05-01
이상거래 심리 및 회원 조사·감리,정의함,LOGICAL,업무 중,제377조제1항제13호에 따른 업무 중 이상거래의 심리 및 회원의 조사·감리에 관한 사무 7의3,0.85,업무,2026-05-01
시장감시,참조함,STRUCTURE,제402조제1항제1호에 따른 시장감시에 관한 사무 8. 법,제402조제1항제1호에 따른 시장감시에 관한 사무 8. 법,0.95,시장감시|제402조제1항제1호에 따른 시장감시에 관한 사무 8. 법,2026-05-01
시장감시,구성함,STRUCTURE,사무,제402조제1항제1호에 따른 시장감시에 관한 사무 8. 법,0.9,시장감시|사무,2026-05-01
이상거래의 심리,정의함,LOGICAL,사무 9,제404조,0.95,이상거래의 심리|사무 9,2026-05-01
분쟁의 자율조정,정의함,LOGICAL,제405조에 따른 분쟁의 자율조정에 관한 사무 10. 법,제405조,0.95,분쟁의 자율조정|제405조에 따른 분쟁의 자율조정에 관한 사무 10. 법,2026-05-01
제405조,참조함,STRUCTURE,분쟁의 자율조정,제405조,0.9,제405조|분쟁의 자율조정,2026-05-01
예탁결제원,허용함,ACTION,개인식별번호가 포함된 자료,제426조의3,0.9,불가피한 경우|개인식별번호가 포함된 자료를 처리할 수 있다,2026-05-01
계좌 간 대체에 관한 사무,삭제함,ACTION,제296조제1항제2호,Unknown,0.6,계좌 간 대체|삭제,2026-05-01
사무,요구함,ACTION,매매명세 확인,제304조에 따른 임직원의 금융투자상품의 매매명세 확인에 관한 사무 2의3,0.95,매매명세 확인|임직원 금융투자상품,2026-05-01
예탁결제원,정의함,LOGICAL,제309조에 따른 예탁결제원에의 예탁 등에 관한 사무 3. 법,제309조,0.95,예탁결제원|정의,2026-05-01
예탁결제원,상위조항,STRUCTURE,제309조,제309조,0.9,제309조|상위조항,2026-05-01
예탁증권등의 권리 행사,에 따른,STRUCTURE,제314조,제314조,0.95,예탁증권등의 권리 행사|제314조,2026-05-01
실질주주의 권리 행사,정의함,LOGICAL,제315조에 따른 실질주주의 권리 행사에 관한 사무 5. 법,315,0.95,실질주주의 권리 행사|정의,2026-05-01
실질주주명부,정의함,LOGICAL,제316조에 따른 실질주주명부의 작성 등에 관한 사무 6. 법,316,0.95,실질주주명부|정의,2026-05-01
금융투자상품거래청산회사,허용함,ACTION,개인식별번호가 포함된 자료를 처리할 수 있다,제318조,0.95,불가피한 경우|개인식별번호 처리,2026-05-01
금융투자상품거래청산회사,수행할 수 있다,ACTION,제318조에 따른 실질주주증명서 발행에 관한 사무,제318조,0.9,실질주주증명서 발행|사무,2026-05-01
거래정보의 보관·관리·보고,요구함,ACTION,거래정보,제323조의16,0.9,거래정보의 보관·관리·보고|거래정보,2026-05-01
증권금융회사,허용함,ACTION,개인식별번호가 포함된 자료,제323조의17,0.95,개인식별번호|불가피한 경우,2026-05-01
중복청약 여부 확인,요구함,ACTION,중복청약 여부,제68조제5항제4호의2가목,0.95,중복청약 여부 확인|중복청약 여부,2026-05-01
신용평가회사,허용함,ACTION,개인식별번호가 포함된 자료,제74조제5항,0.95,개인식별번호 포함 자료 처리|불가피한 경우,2026-05-01
임직원,요구함,ACTION,매매명세 확인,제335조의14제1항,0.95,매매명세 확인,2026-05-01
명의개서대행회사,확인함,ACTION,재산상의 이익 제공ㆍ수령 행위,제324조의8제4항제2호,0.95,재산상의 이익 제공ㆍ수령 행위의 확인|명의개서대행회사,2026-05-01
임직원,허용함,ACTION,개인식별번호가 포함된 자료,제367조,0.95,개인식별번호 포함 자료 처리|불가피한 경우|매매명세 확인,2026-05-01
금융투자업자,허용함,ACTION,개인식별번호가 포함된 자료,제367조,0.9,개인식별번호 포함 자료 처리|불가피한 경우|사무 수행,2026-05-01
임직원,요구함,ACTION,금융투자상품 매매명세 확인,제63조제3항,0.9,매매명세 확인|임직원,2026-05-01
투자자예탁금 지급,참조함,STRUCTURE,제74조제5항,제74조제5항,0.95,투자자예탁금 지급|제74조제5항,2026-05-01
통보,요구함,ACTION,거래제한 조치,제426조의3제3항 및 제4항,0.95,통보|거래제한 조치,2026-05-01
통보,참조함,STRUCTURE,제426조의3제3항 및 제4항,제426조의3제3항 및 제4항,0.9,통보|제426조의3제3항 및 제4항,2026-05-01
제68조제5항제3호,구조,STRUCTURE,제68조제5항,제68조제5항제3호,0.5,제68조제5항,2026-05-01
제87조제4항제3호,상위조항,STRUCTURE,제87조,제87조제4항제3호,0.5,구조,2026-05-01
재산상의 이익 제공·수령 행위의 확인,정의함,LOGICAL,사무 5,제109조제3항제4호,0.95,재산상의 이익 제공·수령 행위의 확인|사무 5,2026-05-01
재산상의 이익 제공·수령 행위의 확인,참조함,STRUCTURE,제109조제3항제4호,제109조제3항제4호,0.95,재산상의 이익 제공·수령 행위의 확인|제109조제3항제4호,2026-05-01
중복청약 여부의 확인,참조함,STRUCTURE,제68조제5항제4호의2가목,제68조제5항제4호의2가목,0.95,중복청약 여부의 확인|제68조제5항제4호의2가목,2026-05-01
중복청약 여부의 확인,요구함,ACTION,사무 6,제68조제5항제4호의2가목,0.95,중복청약 여부의 확인|사무 6,2026-05-01
임직원,요구함,ACTION,징계기록 유지와 관리,제307조제2항제1호,0.95,징계기록 관리|법적 강제성,2026-05-01
징계기록 관리,참조함,STRUCTURE,제307조제2항제1호,제307조제2항제1호,0.9,징계기록 관리|제307조제2항제1호,2026-05-01
신탁업자,요구함,ACTION,자료의 접수 및 확인,제377조의3제1항,0.9,신탁업자|자료의 접수 및 확인,2026-05-01
자료의 접수 및 확인,참조함,STRUCTURE,제377조의3제1항,제377조의3제1항,0.8,제377조의3제1항|자료의 접수 및 확인,2026-05-01
신탁법,적용함,ACTION,각 호의 재산,제103조제1항,0.9,신탁법|각 호의 재산,2026-05-01
개인식별번호,예외로함,LOGICAL,자료 처리,제2조,0.9,불가피한 경우|개인식별번호가 포함된 자료,2026-05-01
주요직무 종사자 소속자,허용함,ACTION,개인식별번호 포함 자료 처리,제286조제1항제3호,0.95,개인식별번호 포함 자료 처리|불가피한 경우,2026-05-01
개인식별번호 포함 자료 처리,참조함,STRUCTURE,제286조제1항제3호,제286조제1항제3호,0.9,제286조제1항제3호에 따른,2026-05-01
사무 2,정의함,LOGICAL,등록에 필요한 사무 2,제286조제1항제3호,0.95,사무 2|등록에 필요한 사무 2,2026-05-01
사무 2,참조함,STRUCTURE,제286조제1항제3호,제286조제1항제3호,0.9,사무 2|제286조제1항제3호,2026-05-01
주요직무 종사자,요구함,ACTION,징계기록 유지와 관리,제307조제2항제1호,0.95,징계기록 유지와 관리,2026-05-01
징계기록 유지와 관리,요구함,ACTION,사무 ⑬ 법,제307조제2항제1호,0.9,사무 ⑬ 법,2026-05-01
회원,정의함,LOGICAL,법,제387조제2항,0.7,회원|법,2026-05-01
시장감시규정의 준수,정의함,LOGICAL,제403조,403,0.9,시장감시규정의 준수|제403조,2026-05-01
시장감시규정의 준수,근거함,STRUCTURE,제403조,403,0.9,시장감시규정의 준수|제403조,2026-05-01
온라인소액투자중개업자,허용함,ACTION,개인식별번호가 포함된 자료,제355조,0.95,불가피한 경우|이상거래 방지·관리 사무,2026-05-01
제355조,정의함,LOGICAL,개인식별번호 포함 자료 처리,제355조,0.9,개인식별번호 포함 자료 처리,2026-05-01
증권,준수,ACTION,발행한도,제117조의7제9항,0.95,발행한도 준수,2026-05-01
증권,준수,ACTION,투자자 투자한도,제117조의7제9항,0.95,투자자 투자한도 준수,2026-05-01
중앙기록관리기관,허용함,ACTION,개인식별번호가 포함된 자료를 처리,제117조의13제1항,0.95,개인식별번호 포함 자료 처리|불가피한 경우,2026-05-01
온라인소액증권발행인과 투자자,취득,ACTION,자료,제117조의13제1항,0.9,자료의 취득 사무|온라인소액증권발행인과 투자자,2026-05-01
증권의 발행한도와 투자자의 투자한도,관리함,ACTION,제117조의13제2항에 따른 사무,제117조의13제2항,0.75,발행한도|투자한도,2026-05-01
증권의 발행한도와 투자자의 투자한도,참조함,STRUCTURE,제117조의13제2항,제117조의13제2항,0.9,제117조의13제2항,2026-05-01
자료 보관·관리,정의함,LOGICAL,사무 4. 법,제117조의13제3항,0.9,자료 보관·관리|사무 4. 법,2026-05-01
자료 보관·관리,참조함,STRUCTURE,제117조의13제3항,제117조의13제3항,0.8,자료 보관·관리|제117조의13제3항,2026-05-01
청약증거금 관리기관,처리할 수 있다,ACTION,개인식별번호가 포함된 자료,제117조의13제4항,0.95,자료제공|불가피한 경우,2026-05-01
청약증거금 관리기관,참조함,STRUCTURE,제117조의13제4항,제117조의13제4항,0.9,제117조의13제4항에 따른,2026-05-01
청약증거금의 우선 지급,요구함,ACTION,지급,제118조의13제2항,0.9,청약증거금의 우선 지급|지급,2026-05-01
전자등록기관,처리할 수 있다,ACTION,개인식별번호가 포함된 자료,제118조의14제3항,0.95,개인식별번호 처리|불가피한 경우,2026-05-01
전자등록기관,불가피한 경우에,LOGICAL,개인식별번호가 포함된 자료를 처리할 수 있다,제118조의14제3항,0.9,불가피한 경우|개인식별번호 처리,2026-05-01
법,요구함,ACTION,수익자명부 작성,제189조제7항,0.95,수익자명부|작성,2026-05-01
증권예탁증권,발행 및 관리,ACTION,전기통신금융사기 피해 방지 및 피해금 환급에 관한 특별법,제298조제2항,0.95,증권예탁증권의 발행 및 관리|전기통신금융사기 피해 방지 및 피해금 환급에 관한 특별법,2026-05-01
금융회사,허용함,ACTION,개인식별번호가 포함된 자료,제2조제1호,0.95,개인식별번호|불가피한 경우,2026-05-01
지급정지 조치,관련함,STRUCTURE,제426조의2제4항 및 제5항,제426조의2,0.9,지급정지 조치|제426조의2제4항 및 제5항,2026-05-01
지급정지 조치,관련함,STRUCTURE,통지ㆍ공개에 관한 사무,제426조의2,0.85,지급정지 조치|통지ㆍ공개에 관한 사무,2026-05-01
전산 원장,기재함,ACTION,지급정지 조치 사실,제377조의2제2항,0.95,전산 원장 기재|지급정지 조치,2026-05-01
금융투자업관계기관,요구함,ACTION,지급정지 조치,제377조의2제5항,0.9,지급정지 조치 해제|법적 강제성,2026-05-01
제426조의3제3항,참조함,STRUCTURE,이 영,제426조의3제3항,0.7,제426조의3제3항|이 영,2026-05-01
주권상장법인등,허용함,ACTION,개인식별번호가 포함된 자료를 처리,제377조의3제6항,0.95,개인식별번호|자료|처리,2026-05-01
주권상장법인등,근거함,STRUCTURE,제377조의3제6항,제377조의3제6항,0.9,제377조의3제6항|거래제한 조치|통보,2026-05-01
불가피한 경우,예외로함,LOGICAL,개인식별번호가 포함된 자료를 처리,제377조의3제6항,0.85,불가피한 경우|개인식별번호|자료,2026-05-01
분담요율,정의함,LOGICAL,법,388,0.6,분담요율|법,2026-05-01
금융위원회,정하고 고시한다,ACTION,분담요율,제442조제1항,0.95,분담요율|정하고 고시함,2026-05-01
분담요율,정의함,LOGICAL,주권 발행 시 1만분의 2,제442조제1항,0.9,주권 발행|분담요율,2026-05-01
분담요율,정의함,LOGICAL,제1호 외 증권 발행 시 1천분의 1 (일괄신고서: 1만분의 4),제442조제1항,0.9,제1호 외 증권|분담요율,2026-05-01
분담요율,기준함,LOGICAL,변경된 발행가액총액,제442조제1항,0.85,발행가액총액|분담요율,2026-05-01
분담요율,범위함,LOGICAL,각 호에서 정하는 비율,제442조제1항,0.8,비율|분담요율,2026-05-01
금융위원회의 설치 등에 관한 법률 시행령,규정함,ACTION,제442조제1항에 따른 분담금의 한도 및 한도를 초과하여 징수한 분담금의 반환,제442조제1항,0.9,분담금 반환|제442조제1항,2026-05-01
제442조제1항,근거함,STRUCTURE,금융위원회의 설치 등에 관한 법률 시행령,제442조제1항,0.8,제442조제1항|금융위원회의 설치 등에 관한 법률 시행령,2026-05-01
금융위원회,정하여 고시한다,ACTION,분담금의 징수 방법 및 반환 등에 관하여 필요한 사항,제12조,0.95,분담금|징수 방법|반환,2026-05-01
제12조,준용함,STRUCTURE,제12조제3항 및 제4항,제12조,0.9,제12조제3항|제12조제4항,2026-05-01
부당이득액의 산정,정의함,LOGICAL,법,제388조의2,0.8,부당이득액 산정|법,2026-05-01
법,정의함,LOGICAL,제442조의2,제442조의2,0.9,법|제442조의2,2026-05-01
제429조의2,상위조항,STRUCTURE,제429조,제429조의2,0.95,제429조의2|제429조,2026-05-01
위반행위와 관련된 거래,얻다,ACTION,이익,제429조의3,0.9,위반행위와 관련된 거래로 얻은 이익,2026-05-01
위반행위와 관련된 거래,얻다,ACTION,회피한 손실액,제429조의3,0.9,회피한 손실액,2026-05-01
제429조의3,참조함,STRUCTURE,위반행위와 관련된 거래로 얻은 이익 또는 이로 인하여 회피한 손실액,제429조의3,0.8,위반행위와 관련된 거래로 얻은 이익|회피한 손실액,2026-05-01
부당이득 액,정의함,LOGICAL,총수입에서 그 거래를 위한 총비용을 공제한 차액,제443조,0.95,부당이득 액 정의|산정 대상,2026-05-01
부당이득 액,준용함,STRUCTURE,별표 20의2,제443조,0.9,산정방식|별표 20의2,2026-05-01
제388조의3,이동함,ACTION,2024-01-09,제388조의3,0.8,이동|제시일자,2026-05-01
금융위원회,요구함,ACTION,각 호의 사항에 대한 타당성 검토 및 개선 조치,388조의3,0.95,규제 재검토|타당성 검토|개선 조치,2026-05-01
종합금융투자사업자,정의함,LOGICAL,지정요건,제77조의3제1항,0.9,지정요건,2026-05-01
종합금융투자사업자,요구함,ACTION,지정요건,제77조의3제1항,0.8,지정요건,2026-05-01
제77조의3제1항,시행일,STRUCTURE,2026년 1월 1일,제77조의3제1항,0.9,시행일,2026-05-01
종합금융투자사업자,요구함,ACTION,준수사항,"제77조의6제3항제1호, 제3호 및 제10호부터 제12호까지",0.95,준수사항,2026-05-01
집합투자업자,제한,ACTION,집합투자재산 자산운용한도,제80조,0.9,집합투자재산 자산운용한도 제한 예외,2026-05-01
제84조,참조함,STRUCTURE,제80조,84,0.4,제80조 참조,2026-05-01
이해관계인,정의함,LOGICAL,"집합투자업자의 거래행위 제한의 대상이 되는 이해관계인의 범위, 거래제 한의 예외 및 계열회사 증권의 취득제한 등",제86조,0.95,이해관계인 정의|집합투자업자 거래제한 대상,2026-05-01
집합투자업자,허용함,ACTION,성과보수,88,0.9,집합투자업자|성과보수,2026-05-01
신탁업자,규정함,STRUCTURE,신탁업무 방법,제104조,0.8,신탁업무 방법|신탁업자,2026-05-01
신탁업자,제한함,ACTION,자기주식,제106조제5항제1호라목,0.95,자기주식 취득ㆍ처분 제한,2026-05-01
신탁업자,요구함,ACTION,여유자금 운용,제107조,0.95,여유자금 운용|신탁업자,2026-05-01
증권신고서 기재사항,정정,ACTION,정정,130,0.95,증권신고서 기재사항|정정,2026-05-01
Unknown,참조함,STRUCTURE,제153조,Unknown,0.5,Unknown,2026-05-01
주식등의 대량보유자,보고함,ACTION,대량보유,제12조의2,0.95,대량보유|보고,2026-05-01
주식등의 대량보유자,보고함,ACTION,특례 및 중 요한 사항의 변경보고,제12조의2,0.9,특례|중요사항|변경보고,2026-05-01
제12조의2,근거함,STRUCTURE,제155조,제12조의2,0.99,제155조,2026-05-01
제12조의2,시행일,STRUCTURE,2014-01-01,제12조의2,0.99,시행일,2026-05-01
자기주식보고서 작성 의무,정의함,LOGICAL,자기주식보고서,제176조의2제6항,0.9,자기주식보고서 작성 의무|자기주식보고서,2026-05-01
자기주식보고서 작성 의무,근거함,STRUCTURE,제176조의2제6항,제176조의2제6항,0.95,자기주식보고서 작성 의무|제176조의2제6항,2026-05-01
이사회,의무함,ACTION,이사회 의견서,제176조의5제6항,0.95,이사회 의견서 작성|합병에 대한 이사회 의견서 작성 의무,2026-05-01
자기주식,제한함,ACTION,신주배정,제176조의5제7항,0.95,신주배정 제한,2026-05-01
제176조의5제7항,근거함,STRUCTURE,신주배정 제한,제176조의5제7항,0.9,신주배정 제한,2026-05-01
회계감사 대상법인,정의함,LOGICAL,2014년 1월 1일 15,제189조,0.95,회계감사 대상법인|정의,2026-05-01
정보 공개,요구함,ACTION,정보,201,0.95,정보 공개|제201조에 따른,2026-05-01
단기금융집합투자기구,정의함,LOGICAL,투자대상 상품 및 운용방법,241,0.95,단기금융집합투자기구|투자대상 상품 및 운용방법,2026-05-01
집합투자증권의 환매가격 및 수수료,정의함,LOGICAL,항목 19,255,0.9,집합투자증권의 환매가격 및 수수료 정의|항목 19,2026-05-01
집합투자증권의 환매가격 및 수수료,예외로함,LOGICAL,항목 18,255,0.85,집합투자증권의 환매가격 및 수수료 정의|항목 18|삭제,2026-05-01
적격 요건,정의함,LOGICAL,외국 집합투자업자 및 외국 집합투자증권의 적격 요건,제301조,0.9,외국 집합투자업자|외국 집합투자증권,2026-05-01
증권금융회사의 업무범위,정의함,LOGICAL,2014년 1월 1일 21,제320조,0.85,정의|업무범위,2026-05-01
종합금융회사,규정,ACTION,영업행위,제330조,0.95,영업행위 규칙,2026-05-01
영업행위 규칙,준용함,STRUCTURE,제330조,제330조,0.9,제330조에 따른,2026-05-01
종합금융회사,요구함,ACTION,채권,332,0.95,채권 발행방법|종합금융회사,2026-05-01
종합금융회사,근거함,STRUCTURE,채권 발행방법,332,0.9,제332조에 따른|채권 발행방법,2026-05-01
종합금융회사,정함,ACTION,신용공여한도,제334조,0.95,신용공여한도|종합금융회사,2026-05-01
종합금융회사,요구함,ACTION,투자한도 25,제339조,0.95,투자한도|증권,2026-05-01
투자한도,정의함,LOGICAL,2016년 1월 1일 25,제339조,0.9,투자한도,2026-05-01
금융위원회,검토함,ACTION,타당성,제370조,0.95,타당성 검토|2년마다 검토,2026-05-01
금융투자업,지정,ACTION,2015년 1월 1일 2,제15조,0.9,인증업무 단위,2026-05-01
금융투자업,준용함,STRUCTURE,제15조,제15조,0.8,제15조에 따른,2026-05-01
인증업무 단위,정의함,LOGICAL,금융투자업의 인가업무 단위,제15조,0.8,인증업무 단위,2026-05-01
투자자문업 또는 투자일임업의 등록업무 단위,정의함,LOGICAL,등록업무 단위,20,0.95,등록업무 단위|투자자문업|투자일임업,2026-05-01
투자자문업 또는 투자일임업의 등록업무 단위,제20조에 따른,STRUCTURE,제20조,20,0.9,제20조,2026-05-01
금융투자업자,차단,ACTION,정보교류,50,0.95,정보교류 차단,2026-05-01
제50조,규정함,STRUCTURE,금융투자업자의 정보교류 차단,50,0.9,제50조에 따른,2026-05-01
제77조,참조함,STRUCTURE,판매수수료 및 판매보수에 관한 사항,제77조,0.9,제77조에 따른 판매수수료 및 판매보수,2026-05-01
공시,정의함,LOGICAL,의결권 행사의 공시,91,0.9,공시|의결권 행사의 공시,2026-05-01
공시,준용함,STRUCTURE,제91조,91,0.95,공시|제91조에 따른 의결권 행사의 공시,2026-05-01
채권중개전문회사를 통한 장외거래,정의함,LOGICAL,장외거래,제179조,0.95,채권중개전문회사를 통한 장외거래|장외거래,2026-05-01
채권중개전문회사,수행함,ACTION,장외거래,제179조,0.9,채권중개전문회사|장외거래,2026-05-01
집합투자기구,요구함,ACTION,등록요건,제209조,0.95,등록요건|집합투자기구,2026-05-01
등록요건,정의함,STRUCTURE,제209조,제209조,0.9,등록요건|제209조,2026-05-01
해지사유,정의함,LOGICAL,제223조에 따른 승인이 면제되는 투자신탁의 해지사유,제223조,0.95,해지사유 정의|투자신탁 면제,2026-05-01
적격투자자 범위,정의함,LOGICAL,2015년 1월 1일 16의2,제271조,0.95,적격투자자 범위|정의,2026-05-01
일반사모집합투자기구의 적격투자자 범위,상위조항,STRUCTURE,제271조,제271조,0.9,제271조|상위조항,2026-05-01
기관전용사모집합투자기구,정의함,LOGICAL,보고서의 기재사항 및 첨부서류,제271조의13,0.95,기관전용사모집합투자기구 보고서|기재사항 및 첨부서류,2026-05-01
기관전용사모집합투자기구의 유한책임사원 기준,정의함,LOGICAL,2022년 1월 1일 16의4,제271조의14제5항제4호,0.95,정의|기준,2026-05-01
업무집행사원,요구함,ACTION,등록취소 요건,제271조의21제6항,0.95,등록취소 요건|업무집행사원,2026-05-01
등록취소 요건,참조함,STRUCTURE,제271조의21제6항,제271조의21제6항,0.9,등록취소 요건|제271조의21제6항,2026-05-01
일반사무관리회사,요구함,ACTION,등록 요건,제276조,0.95,등록 요건|일반사무관리회사,2026-05-01
집합투자기구평가회사,요구함,ACTION,등록,제280조,0.95,등록 요건,2026-05-01
채권평가회사,요구함,ACTION,등록 요건,제285조,0.8,등록 요건|채권평가회사,2026-05-01
종합금융회사,요구함,ACTION,표지어음,제326조,0.95,표지어음 발행|종합금융회사,2026-05-01
종합금융회사의 적격업체 선정,정의함,LOGICAL,종합금융회사의 적격업체 선정,제327조,0.9,종합금융회사|적격업체,2026-05-01
종합금융회사,취급함,ACTION,무담보어음,제328조,0.95,무담보어음,2026-05-01
종합금융회사,제328조에 따라,STRUCTURE,무담보어음 취급,제328조,0.9,제328조,2026-05-01
종합금융회사,수탁,ACTION,어음관리계좌,제329조,0.95,어음관리계좌 수탁|종합금융회사,2026-05-01
종합금융회사,보유,ACTION,지급준비자산,제341조,0.95,지급준비자산 보유|종합금융회사,2026-05-01
지급준비자산 보유,근거함,STRUCTURE,제341조,제341조,0.9,지급준비자산 보유|제341조,2026-05-01
자금중개회사,규제함,ACTION,행위,346,0.9,자금중개회사의 행위규제|법적 강제성: MANDATORY,2026-05-01
제346조,예외로함,LOGICAL,삭제(2021-03-02),346,0.8,삭제|삭제일자,2026-05-01
벌칙,정의함,LOGICAL,제388조의2,388조의2,0.9,벌칙|제388조의2,2026-05-01
벌칙,참조함,STRUCTURE,제10편 벌칙,388조의2,0.9,벌칙|제10편,2026-05-01
중요한 사항,정의함,LOGICAL,법,389,0.8,중요한 사항|법,2026-05-01
해 당하는 사항,정의함,LOGICAL,각 호의 어느 하나에 해 당하는 사항,제157조,0.9,정의|해당 항목,2026-05-01
과태료,부과기준,LOGICAL,제390조,제390조,0.7,과태료|부과기준,2026-05-01
과태료 부과기준,정의함,LOGICAL,별표 22,제449조,0.95,과태료 부과기준|별표 22,2026-05-01
과태료 부과기준,근거함,STRUCTURE,제449조제1항부터 제3항까지의 규정,제449조,0.9,과태료 부과기준|제449조제1항부터 제3항까지의 규정,2026-05-01
개정규정,시행,ACTION,2026년 1월 2일,제119조제2항제4호,0.95,개정규정|시행,2026-05-01
개정규정,근거함,STRUCTURE,제119조제2항제4호,제119조제2항제4호,0.9,개정규정|제119조제2항제4호,2026-05-01
